movie_id,person_id,role,billing,character
1,14843,cast,1,Guido Anselmi
1,1471,cast,2,Luisa Anselmi
1,4235,cast,3,Claudia
1,20549,cast,4,Carla
1,20085,cast,5,Rossella
1,2056,cast,6,Gloria Morin
1,14585,cast,7,Madeleine - l'attrice francese
1,3410,cast,8,La signora misteriosa
1,6093,cast,9,La Saraghina
1,8358,cast,10,Pace - il produttore
1,15116,cast,11,Conocchia - il direttore di produzione
1,3002,cast,12,Bruno - il secondo segretario di produzione
1,3511,cast,13,Cesarino - l'ispettore di produzione
1,10489,cast,14,Carini - il critico cinematografico
1,15123,cast,15,Mario Mezzabotta
1,24263,cast,16,Jacqueline Bonbon
1,9254,cast,17,Il partner della telepata
1,16535,cast,18,L'agente di Claudia
1,16856,cast,19,Nadine - la Hostess
1,7928,cast,20,La nonna di Guido
1,7037,director,1,
1,7037,writer,1,
1,6618,writer,2,
1,23028,writer,3,
1,3001,writer,4,
2,8763,cast,1,Patrick Verona
2,12221,cast,2,Kat Stratford
2,11981,cast,3,Cameron James
2,13458,cast,4,Bianca Stratford
2,5060,cast,5,Michael Eckman
2,1149,cast,6,Joey Donner
2,21863,cast,7,Mandella
2,7583,cast,8,Chastity
2,13498,cast,9,Walter Stratford
2,4889,cast,10,Mr. Morgan
2,827,cast,11,Ms. Perky
2,5067,cast,12,Mr. Chapin
2,8298,cast,13,Scruvy
2,13368,cast,14,Bogey Lowenstein
2,22225,cast,15,Derek
2,3144,cast,16,Trevor
2,6681,cast,17,Audio Visual Guy
2,18759,cast,18,Beautiful Jock
2,5348,cast,19,Coffee Kid
2,22605,cast,20,Coffee Kid
2,8043,director,1,
2,12509,writer,1,
2,13195,writer,2,
2,23845,writer,3,
3,19824,cast,1,Pongo
3,2370,cast,2,"Cruella De Vil, Miss Birdwell"
3,9596,cast,3,"Colonel, Jasper, Mechanic"
3,15332,cast,4,"Nanny, Queenie, Lucy"
3,2228,cast,5,"Roger Radcliffe, Man"
3,3408,cast,6,Perdita
3,5005,cast,7,"Sgt. Tibbs, Scottie"
3,7493,cast,8,"Horace, Inspector Graves"
3,14085,cast,9,Anita Radcliffe-Dearly
3,22651,cast,10,"Quizmaster, Collie"
3,23025,cast,11,"Towser, Percival Fauncewater"
3,7871,cast,12,Danny
3,18898,cast,13,"Television Announcer, Labrador"
3,21959,cast,14,"Cadpig, Countess"
3,18747,cast,15,Princess
3,15160,cast,16,Duchess
3,16340,cast,17,Patch
3,2008,cast,18,Rolly
3,16508,cast,19,Lucky
3,20537,cast,20,Penny
3,4323,director,1,
3,8528,director,2,
3,23913,director,3,
3,2472,writer,1,
3,5654,writer,2,
4,8896,cast,1,Juror 8
4,13706,cast,2,Juror 3
4,15338,cast,3,Juror 1
4,11418,cast,4,Juror 2
4,6238,cast,5,Juror 4
4,9672,cast,6,Juror 5
4,6171,cast,7,Juror 6
4,9718,cast,8,Juror 7
4,12012,cast,9,Juror 9
4,6024,cast,10,Juror 10
4,7897,cast,11,Juror 11
4,19735,cast,12,Juror 12
4,20155,cast,13,Judge
4,22681,cast,14,Stenographer
4,9991,cast,15,Guard
4,2536,cast,16,Court Clerk
4,11633,cast,17,The Accused
4,23559,cast,18,Man Waiting for Elevator
4,21216,director,1,
4,19086,writer,1,
5,3833,cast,1,Solomon Northup
5,16111,cast,2,Robert
5,16062,cast,3,Edwin Epps
5,2755,cast,4,Bass
5,5970,cast,5,Uncle Abram
5,5569,cast,6,Overseer
5,3018,cast,7,Judge Turner
5,1812,cast,8,Anna
5,12840,cast,9,Anne Northup
5,18765,cast,10,Margaret Northup
5,3149,cast,11,Alonzo Northup
5,22819,cast,12,Mr. Moon
5,20701,cast,13,Brown
5,22113,cast,14,Hamilton
5,4029,cast,15,Burch
5,2416,cast,16,Radburn
5,16590,cast,17,Randall
5,3875,cast,18,Clemens
5,4499,cast,19,John
5,124,cast,20,Eliza
5,21687,director,1,
5,11613,writer,1,
5,21363,writer,2,
6,9954,cast,1,Aron Ralston
6,906,cast,2,Megan
6,12596,cast,3,Kristi
6,20768,cast,4,Aron's Friend
6,13251,cast,5,Aron Age 5
6,22953,cast,6,Aron's Dad
6,11505,cast,7,Brion
6,12578,cast,8,Aron's Mom
6,1983,cast,9,Sonja Age 10
6,17777,cast,10,Aron Age 15
6,4266,cast,11,Rana
6,7062,cast,12,Blue John
6,14146,cast,13,Sonja
6,18367,cast,14,Boy on Sofa
6,18641,cast,15,Eric Meijer
6,19033,cast,16,Monique Meijer
6,10609,cast,17,Andy Meijer
6,17453,cast,18,Dan
6,23982,cast,19,Helicopter Co-Pilot
6,22273,cast,20,Helicopter Pilot
6,4798,director,1,
6,1722,writer,1,
6,4798,writer,2,
6,21254,writer,3,
7,16785,cast,1,
7,16785,director,1,
7,16785,writer,1,
8,12765,cast,1,Dr. Dave Bowman
8,7658,cast,2,Dr. Frank Poole
8,23853,cast,3,Dr. Heywood R. Floyd
8,4753,cast,4,Moon-Watcher
8,13829,cast,5,Dr. Andrei Smyslov
8,14916,cast,6,Elena
8,19516,cast,7,Dr. Ralph Halvorsen
8,20794,cast,8,Dr. Bill Michaels
8,5904,cast,9,HAL 9000
8,7393,cast,10,Mission Controller
8,2490,cast,11,Astronaut
8,6026,cast,12,Aries-1B Lunar Shuttle Captain
8,8156,cast,13,Aries-1B Co-Pilot
8,390,cast,14,Poole's Father
8,1303,cast,15,Poole's Mother
8,6231,cast,16,Aries-1B Stewardess
8,18218,cast,17,Stewardess
8,8767,cast,18,Stewardess
8,16415,cast,19,Martin Amer
8,11307,cast,20,Ape
8,21496,director,1,
8,21496,writer,1,
8,1745,writer,2,
9,20790,cast,1,Paul Rivers
9,2239,cast,2,Jack Jordan
9,16932,cast,3,Cristina Peck
9,4813,cast,4,Michael
9,3282,cast,5,Cathy
9,4174,cast,6,Laura
9,17205,cast,7,Boy
9,3726,cast,8,Mary Rivers
9,11623,cast,9,Gynecologist
9,6083,cast,10,Reverend John
9,14328,cast,11,Fat Man
9,1478,cast,12,Basketball Guy
9,15882,cast,13,Marianne Jordan
9,14809,cast,14,Freddy
9,22236,cast,15,Gina
9,22956,cast,16,Guard
9,22842,cast,17,Guard #2
9,23596,cast,18,Inmate #1
9,12790,cast,19,Inmate #2
9,4261,cast,20,Claudia
9,511,director,1,
9,8370,writer,1,
10,21660,cast,1,Tony Wilson
10,13770,cast,2,Alan Erasmus
10,11669,cast,3,Charles
10,18077,cast,4,Paul Ryder
10,21136,cast,5,Lindsay
10,15359,cast,6,Howard Devoto
10,15270,cast,7,Johnny Rotten
10,17708,cast,8,Rob Gretton
10,11642,cast,9,Bernard Sumner
10,18847,cast,10,Hooky (Peter Hook)
10,4907,cast,11,John the Postman
10,1206,cast,12,Martin Hannett
10,4801,cast,13,Shaun Ryder
10,17289,cast,14,Actor at Granada
10,19944,cast,15,Derek Ryder
10,19019,cast,16,Vini
10,18369,cast,17,Don Tonay
10,15193,cast,18,Punter
10,16928,cast,19,Twitchy Girl
10,20779,cast,20,Ian Curtis
10,16232,director,1,
10,7315,writer,1,
11,3,cast,1,"Ranchhoddas Shamaldas Chanchad (Rancho), Phunsukh Wangdu"
11,14598,cast,2,Farhan Qureshi
11,16680,cast,3,Mona
11,20970,cast,4,Raju Rastogi
11,12492,cast,5,Pia Sahastrabuddhe
11,2699,cast,6,Viru Sahastrabudhhe
11,17603,cast,7,Chatur Ramalingam
11,9609,cast,8,Ranchoddas Chanchad
11,17762,cast,9,Farhan's Father
11,17585,cast,10,Suhas Tandon
11,18830,cast,11,Millimeter
11,894,cast,12,Raju's Mother
11,7004,cast,13,Farhan's Mother
11,16791,cast,14,Raju's Father
11,3529,cast,15,Raju's Sister
11,703,cast,16,Joy Lobo
11,1798,cast,17,Shamaldas Chanchad
11,5954,cast,18,Centimeter
11,21153,cast,19,Chhote
11,18700,cast,20,Air Hostess
11,18844,director,1,
11,51,writer,1,
11,18844,writer,2,
11,23332,writer,3,
11,3786,writer,4,
12,20203,cast,1,Ben Wade
12,3955,cast,2,Dan Evans
12,2190,cast,3,Charlie Prince
12,14168,cast,4,William Evans
12,4607,cast,5,Grayson Butterfield
12,18335,cast,6,Byron McElroy
12,23389,cast,7,Emma Nelson
12,421,cast,8,Doc Potter
12,14363,cast,9,Marshal Weathers
12,8347,cast,10,Alice Evans
12,13771,cast,11,Glen Hollander
12,19438,cast,12,Campos
12,11729,cast,13,Darden
12,21011,cast,14,Jackson
12,17817,cast,15,Jorgensen
12,18889,cast,16,Kinter
12,5464,cast,17,Nez
12,10053,cast,18,Nez
12,2857,cast,19,Sutherland
12,10278,cast,20,Tighe
12,10008,director,1,
12,8521,writer,1,
12,15998,writer,2,
12,5443,writer,3,
12,6466,writer,4,
13,6104,cast,1,Self
13,11099,cast,2,Self
13,18505,cast,3,Self
13,20431,cast,4,Self
13,1434,cast,5,Self
13,11135,cast,6,Self
13,20431,director,1,
14,558,cast,1,Lionel
14,15592,cast,2,Joséphine
14,17260,cast,3,Gabrielle
14,8315,cast,4,Noé
14,12296,cast,5,René
14,117,cast,6,La patronne du bar
14,10372,cast,7,Ruben
14,9404,cast,8,La tante allemande
14,15115,cast,9,Le collègue
14,21545,cast,10,Le prof
14,15490,cast,11,Lina
14,6738,cast,12,Blanchard
14,14687,cast,13,
14,10424,cast,14,
14,8122,cast,15,
14,23407,cast,16,
14,5638,cast,17,Martial
14,14493,cast,18,
14,22845,cast,19,
14,109,cast,20,
14,4166,director,1,
14,4166,writer,1,
14,10482,writer,2,
15,15778,cast,1,Self - Mother of Denise McNair
15,23532,cast,2,Self - Special Correspondent CBS News
15,3908,cast,3,Self - Father of Denise McNair
15,7443,cast,4,Self - Pres. of the Alabama Christian Movement for Human Rights
15,8826,cast,5,Self - Denise's Aunt
15,18746,cast,6,Self - Neighbor of Denise McNair
15,1754,cast,7,Self - Defense Attorney for Bob Chambliss
15,9124,cast,8,Self - New York Times Editor
15,8611,cast,9,Self - Denise's Uncle
15,3329,cast,10,Self - Denise's Childhood Friend
15,23564,cast,11,Self - Carole's Aunt
15,5539,cast,12,Self - Carole's Sister
15,3365,cast,13,Self - Carole's Childhood Friend
15,845,cast,14,Self - Mother of Carole Robertson
15,23947,cast,15,Self - Former Executive Director of SCLC
15,7141,cast,16,Self - School Teacher
15,8448,cast,17,Self - School Teacher
15,5843,cast,18,Self - Neighbor of Cynthia Wesley
15,7942,cast,19,Self - Cynthia's Childhood Neighbor
15,7502,cast,20,Self - Cynthia's Childhood Friend
15,21455,director,1,
16,1015,cast,1,Otilia Mihartescu
16,13560,cast,2,Gabita Dragut
16,23453,cast,3,Viorel Bebe
16,659,cast,4,Adi Radu
16,14482,cast,5,Gina Radu
16,127,cast,6,Dr. Radu
16,13977,cast,7,Unireal Hotel Receptionist
16,22087,cast,8,Night Receptionist
16,22217,cast,9,Unireal Hotel Receptionist
16,3502,cast,10,Tineretului Hotel Receptionist
16,5874,cast,11,Benzanirul
16,6862,cast,12,Viorel Bebe's Mother
16,9419,cast,13,Dr. Rusu
16,4512,cast,14,Marie-Jeanne Rusu
16,15129,cast,15,Adela Racoviceanu
16,6515,cast,16,Dr. Racoviceanu
16,7922,cast,17,Mrs. Aldea
16,7753,cast,18,Dr. Aldea
16,14573,cast,19,Dora
16,3406,cast,20,Mihaela
16,4511,director,1,
16,4511,writer,1,
17,2959,cast,1,Self
17,9768,cast,2,Self
17,21971,cast,3,Self
17,1124,cast,4,Self
17,11340,cast,5,Self
17,21903,cast,6,Self
17,3623,cast,7,Self
17,17158,cast,8,Self
17,17081,cast,9,Self
17,14521,cast,10,Self
17,18045,cast,11,Self
17,21872,cast,12,Self
17,22883,cast,13,Self
17,15965,cast,14,"Narrator, Interviewer"
17,18310,cast,15,Self (age 7)
17,15965,director,1,
18,3730,cast,1,Kate Mercer
18,22653,cast,2,Geoff Mercer
18,7958,cast,3,Lena
18,5660,cast,4,Sally
18,5169,cast,5,George
18,20409,cast,6,Chris The Postman
18,19247,cast,7,Mr Watkins
18,8555,cast,8,Travel Agent
18,3162,cast,9,Café Waitress
18,20168,cast,10,Jake
18,15337,cast,11,Smoking Chef
18,18782,cast,12,Waitress
18,662,cast,13,Katya
18,16303,cast,14,Niece
18,17954,cast,15,Brewery Security
18,18311,cast,16,Jarrolds Shopper
18,13029,cast,17,Waiter
18,10033,cast,18,Street Charity Fundraiser
18,639,cast,19,Woman in Café
18,15761,cast,20,Maître d'
18,1145,director,1,
18,1145,writer,1,
18,4976,writer,2,
19,2479,director,1,
19,23037,director,2,
20,24389,cast,1,Summer
20,11981,cast,2,Tom
20,7758,cast,3,McKenzie
20,3837,cast,4,Rachel
20,15648,cast,5,Paul
20,4205,cast,6,Vance
20,17834,cast,7,Millie
20,18784,cast,8,Alison
20,16531,cast,9,Autumn - Girl at Interview
20,3689,cast,10,Millie's New Husband
20,9283,cast,11,Douche
20,4876,cast,12,Bus Driver
20,23129,cast,13,Employee #1
20,24261,cast,14,New Secretary
20,17273,cast,15,Partygoer
20,16966,cast,16,Another Partygoer
20,14658,cast,17,Rhoda
20,4883,cast,18,Usher
20,8320,cast,19,Minister
20,15992,cast,20,Man
20,14815,director,1,
20,20732,writer,1,
20,16076,writer,2,
21,11981,cast,1,Adam
21,20897,cast,2,Kyle
21,1350,cast,3,Katherine
21,3035,cast,4,Rachael
21,1289,cast,5,Diane
21,20856,cast,6,Richard - Alzheimer Dad
21,1120,cast,7,Dr. Ross
21,15610,cast,8,Mitch
21,18491,cast,9,Alan
21,5808,cast,10,Dr. Walderson
21,21806,cast,11,Susan
21,24048,cast,12,Dr. Lee
21,20643,cast,13,Jenny
21,18370,cast,14,Phil
21,10837,cast,15,Jackie
21,4697,cast,16,Dr. Phillips
21,17695,cast,17,Bernie
21,13532,cast,18,Claire
21,15689,cast,19,Ted
21,14452,cast,20,Agabelle Loogenburgen
21,11816,director,1,
21,23710,writer,1,
22,22883,cast,1,Self
22,9768,cast,2,Self
22,14521,cast,3,Self
22,17158,cast,4,Self
22,17081,cast,5,Self
22,3623,cast,6,Self
22,21903,cast,7,Self
22,11340,cast,8,Self
22,2959,cast,9,Self
22,18310,cast,10,Self
22,21872,cast,11,Self
22,1124,cast,12,Self
22,21971,cast,13,Self
22,18045,cast,14,Self
22,15965,director,1,
23,20203,cast,1,John Nash
23,6038,cast,2,Parcher
23,10637,cast,3,Alicia Nash
23,4092,cast,4,Dr. Rosen
23,17969,cast,5,Charles
23,84,cast,6,Sol
23,12045,cast,7,Hansen
23,1535,cast,8,Bender
23,10258,cast,9,Ainsley
23,12146,cast,10,Helinger
23,1909,cast,11,Thomas King
23,23448,cast,12,Marcee
23,10892,cast,13,Bar Co-Ed
23,23315,cast,14,Professor Horner
23,22095,cast,15,Becky
23,22404,cast,16,Captain
23,10802,cast,17,General
23,12944,cast,18,Analyst
23,17869,cast,19,MIT Student
23,11332,cast,20,Photographer
23,19954,director,1,
23,321,writer,1,
23,21962,writer,2,
24,23061,cast,1,Dorothea
24,6357,cast,2,Greta
24,10012,cast,3,Jason
24,21063,cast,4,Man in Car
24,16894,cast,5,Elsa
24,12740,cast,6,Simon
24,8188,cast,7,Jan
24,24282,cast,8,Max
24,10180,cast,9,May
24,7901,cast,10,Ray
24,2881,cast,11,Sir Walter
24,16889,cast,12,Mavis
24,4141,cast,13,Greek Chorus #1
24,12199,cast,14,"Greek Chorus #2, Laura"
24,10170,cast,15,Jordan
24,882,cast,16,Greek Chorus #3
24,11811,cast,17,Mariano
24,13202,cast,18,Pat
24,6845,cast,19,Darren
24,11204,cast,20,Alec
24,17919,director,1,
24,17919,writer,1,
25,23061,cast,1,Dorothea
25,23597,cast,2,Musician #1
25,2164,cast,3,Musician #2
25,18482,cast,4,Musician #3
25,10012,cast,5,Jason
25,16409,cast,6,Musician #4
25,16894,cast,7,Elsa
25,6357,cast,8,Greta
25,12740,cast,9,Simon
25,11811,cast,10,Mariano
25,6701,cast,11,Julie
25,2881,cast,12,Sir Walter
25,24282,cast,13,Max
25,10180,cast,14,May
25,7901,cast,15,Ray
25,16889,cast,16,Mavis
25,3878,cast,17,Trooper Jaymes
25,16500,cast,18,Sam
25,22975,cast,19,Karl
25,8188,cast,20,Jan
25,17919,director,1,
25,17919,writer,1,
26,19561,cast,1,Lorenzo
26,3750,cast,2,Sonny
26,13989,cast,3,Calogero (Age 17)
26,7219,cast,4,Calogero (Age 9)
26,22112,cast,5,Jane
26,12644,cast,6,Rosina
26,4264,cast,7,Jimmy Whispers
26,689,cast,8,Bobby Bars
26,7366,cast,9,Danny K.O.
26,11205,cast,10,Carmine
26,19557,cast,11,Tony Toupee
26,6084,cast,12,Eddie Mush
26,7435,cast,13,JoJo the Whale
26,4917,cast,14,Frankie Coffeecake
26,11968,cast,15,Slick (Age 17)
26,14426,cast,16,Aldo (Age 17)
26,14295,cast,17,Crazy Mario (Age 17)
26,5677,cast,18,Ralphie (Age 17)
26,17870,cast,19,Slick (Age 9)
26,18076,cast,20,Crazy Mario (Age 9)
26,19561,director,1,
26,3750,writer,1,
27,13046,cast,1,Hopper
27,5000,cast,2,Flik
27,12211,cast,3,Atta
27,8751,cast,4,Dot
27,18576,cast,5,Queen
27,19305,cast,6,Molt
27,5039,cast,7,Slim
27,11208,cast,8,Heimlich
27,5371,cast,9,Francis
27,11808,cast,10,Manny
27,14590,cast,11,Gypsy
27,2712,cast,12,Rosie
27,16137,cast,13,"Tuck, Roll"
27,11608,cast,14,P.T. Flea
27,2751,cast,15,Dim
27,19825,cast,16,Mr. Soil
27,6116,cast,17,Dr. Flora
27,589,cast,18,Thorny
27,5113,cast,19,Cornelius
27,19833,cast,20,Harry Mosquito
27,11502,director,1,
27,1171,director,2,
27,11502,writer,1,
27,1171,writer,2,
27,11208,writer,3,
27,5732,writer,4,
27,2654,writer,5,
28,6677,cast,1,"Thomas Colpeper, JP"
28,21036,cast,2,Alison Smith
28,5419,cast,3,Sergeant Peter Gibbs
28,11662,cast,4,Sergeant Bob Johnson
28,6792,cast,5,"Narrator (non-US versions), Seven-Sisters Soldier, Village Idiot"
28,3634,cast,6,Thomas Duckett
28,8745,cast,7,Woodcock
28,7859,cast,8,Ned Horton
28,6205,cast,9,Jim Horton
28,7463,cast,10,Prudence Honeywood
28,2367,cast,11,Fee Baker
28,6348,cast,12,Organist
28,8723,cast,13,Sergt. Roczinsky
28,13830,cast,14,Leslie
28,10065,cast,15,Terry
28,5186,cast,16,David
28,2279,cast,17,P.C. Ovenden
28,1515,cast,18,Sergt. Bassett
28,15698,cast,19,Miss Grainger
28,23500,cast,20,Man A.R.P. Worker
28,16169,director,1,
28,6506,director,2,
28,16169,writer,1,
28,6506,writer,2,
29,18278,cast,1,Ralphie Parker
29,15871,cast,2,Mother Parker
29,4870,cast,3,The Old Man Parker
29,20736,cast,4,Flick
29,10494,cast,5,Ralphie as an Adult
29,9280,cast,6,Randy Parker
29,22196,cast,7,Miss Shields
29,19027,cast,8,Schwartz
29,24290,cast,9,Scut Farkus
29,24022,cast,10,Grover Dill
29,10558,cast,11,Santa Claus
29,4356,cast,12,Ming the Merciless
29,18030,cast,13,Flash Gordon
29,13871,cast,14,Christmas Tree Man
29,10933,cast,15,Freight Man
29,17944,cast,16,Head Elf
29,5925,cast,17,Male Elf
29,5181,cast,18,Kid with Goggles
29,5968,cast,19,Black Bart
29,8808,cast,20,Wicked Witch
29,2617,director,1,
29,10494,writer,1,
29,13744,writer,2,
29,2617,writer,3,
30,598,cast,1,Interrogator
30,20147,cast,2,Willy Wist
30,8548,cast,3,Self - Witness
30,14334,cast,4,Self - Witness
30,12359,cast,5,Self - Witness
30,788,cast,6,Self - Witness
30,21184,cast,7,Self - Witness
30,10209,cast,8,Adam Czerniakow
30,6341,cast,9,Dr. Emanuel Ringelblum
30,624,cast,10,"Chaim Kaplan, Ben Shem"
30,15901,cast,11,"Abraham Lewin, Hersh Waser"
30,3745,cast,12,Rachel Auerbach
30,7937,cast,13,Jonas Turkow
30,1934,cast,14,Auerswald
30,19982,cast,15,Narrator
30,23996,director,1,
30,23996,writer,1,
31,11373,cast,1,Archie
31,10101,cast,2,Wanda
31,13023,cast,3,Otto
31,16155,cast,4,Ken
31,14947,cast,5,Wendy
31,22679,cast,6,George
31,17847,cast,7,Mrs. Coady
31,7768,cast,8,Judge
31,4549,cast,9,Portia
31,15196,cast,10,Customer in Jeweler's Shop
31,17124,cast,11,Manager of Jeweler's Shop
31,18366,cast,12,Inspector Marvin
31,12853,cast,13,Bartlett
31,325,cast,14,Warder
31,19884,cast,15,Locksmith
31,19867,cast,16,Davidson
31,14151,cast,17,Sir John
31,16165,cast,18,Percival
31,12592,cast,19,Magistrate
31,19630,cast,20,Copper
31,3598,director,1,
31,11373,director,2,
31,11373,writer,1,
31,3598,writer,2,
32,4297,cast,1,Joe
32,8021,cast,2,Ramón Rojo
32,15017,cast,3,Marisol
32,23911,cast,4,John Baxter
32,21222,cast,5,Esteban Rojo
32,11971,cast,6,Piripero
32,1595,cast,7,"Don Benito Rojo, Don Miguel Rojo"
32,11905,cast,8,Silvanito
32,14921,cast,9,Consuelo Baxter
32,4742,cast,10,Julián
32,2242,cast,11,Rubio
32,15114,cast,12,Chico
32,3007,cast,13,Antonio Baxter
32,489,cast,14,Rojo Gang Member
32,18810,cast,15,Juan De Dios
32,14434,cast,16,Baxter Gunman #2
32,7304,cast,17,Baxter Gang Member
32,11906,cast,18,Rojo Gang Member
32,12118,cast,19,Cavalry Captain
32,849,cast,20,Rojo Gang Member
32,20878,director,1,
32,172,writer,1,
32,15228,writer,2,
32,23284,writer,3,
32,20878,writer,4,
32,9831,writer,5,
32,311,writer,6,
32,7077,writer,7,
32,20299,writer,8,
32,5940,writer,9,
32,22811,writer,10,
33,11511,cast,1,John
33,18057,cast,2,Paul
33,7831,cast,3,George
33,19436,cast,4,Ringo
33,23685,cast,5,Grandfather
33,17459,cast,6,Norm
33,11482,cast,7,Shake
33,23314,cast,8,T.V. Director
33,1368,cast,9,Millie
33,5463,cast,10,Police Inspector
33,19371,cast,11,Man on Train
33,6198,cast,12,Hotel Waiter
33,19790,cast,13,T.V. Floor Manager
33,14065,cast,14,T.V. Choreographer
33,773,cast,15,Secretary
33,5044,cast,16,Young Boy
33,13912,cast,17,Casino Patron
33,22813,cast,18,Sound Man
33,2906,cast,19,Lead Makeup Woman
33,19862,cast,20,Policeman Following Ringo
33,19314,director,1,
33,848,writer,1,
34,23334,cast,1,Tom Stall
34,14951,cast,2,Edie Stall
34,6038,cast,3,Carl Fogarty
34,23801,cast,4,Richie Cusack
34,1831,cast,5,Jack Stall
34,18383,cast,6,Sheriff Sam Carney
34,21610,cast,7,Leland
34,8289,cast,8,Billy
34,13376,cast,9,Bobby
34,21818,cast,10,Judy Danvers
34,7997,cast,11,Mick
34,5279,cast,12,Charlotte
34,8784,cast,13,Sarah Stall
34,237,cast,14,Charlie Roarke
34,2454,cast,15,Frank Mulligan
34,16307,cast,16,Jenny Wyeth
34,9270,cast,17,Ruben
34,19026,cast,18,Pat
34,16743,cast,19,Bobby's Buddy
34,15329,cast,20,Shoe Saleswoman
34,4980,director,1,
34,11689,writer,1,
34,23351,writer,2,
34,12048,writer,3,
35,22684,cast,1,Jimmy Dugan
35,7709,cast,2,Dottie Hinson - Catcher
35,14226,cast,3,Kit Keller - Pitcher
35,14607,cast,4,Mae Mordabito - Center Fielder
35,20071,cast,5,Doris Murphy - Third Base
35,15820,cast,6,Marla Hooch - Second Base
35,22944,cast,7,Betty Horn - Left Fielder-Pitcher
35,2566,cast,8,Evelyn Gardner - Right Fielder
35,1295,cast,9,Shirley Baker - Left Fielder
35,1425,cast,10,Helen Haley - First Base
35,7468,cast,11,Ellen Sue Gotlander - Shortstop-Pitcher
35,19134,cast,12,"LF, C Alice Gaspers"
35,19786,cast,13,'Beans' Babbitt - Shortstop
35,17937,cast,14,Marbleann Wilkenson - Second Base
35,12810,cast,15,Beverly Dixon - Outfielder
35,17071,cast,16,Neezer Dalton - Outfielder
35,4399,cast,17,Connie Calhoun - Outfielder
35,12635,cast,18,'Mumbles' Brockman - Outfielder
35,20983,cast,19,Vivian Ernst - Second Base
35,18149,cast,20,Miss Cuthbert
35,18221,director,1,
35,13142,writer,1,
35,12816,writer,2,
35,14325,writer,3,
35,1968,writer,4,
36,10159,cast,1,Tammy
36,23709,cast,2,David
36,5180,cast,3,Bill
36,3494,cast,4,Venida
36,23338,cast,5,Factory Worker
36,4890,cast,6,Narcedalia
36,976,cast,7,Female Accountant
36,1333,cast,8,Patti
36,2502,cast,9,Hadley
36,15320,cast,10,"VFW Band, Unseen Singer"
36,10592,cast,11,"VFW Band, Jeffrey"
36,17899,cast,12,VFW Band
36,1824,cast,13,Bethany
36,5598,cast,14,Neighbor
36,5354,cast,15,Factory Worker
36,10901,cast,16,VFW Patron
36,22144,cast,17,Office Worker
36,22940,cast,18,VFW Patron
36,2350,cast,19,Jogger
36,17441,cast,20,Mourner
36,1269,director,1,
36,1269,writer,1,
37,13962,cast,1,Sara Crewe
37,6300,cast,2,Miss Minchin
37,13934,cast,3,"Capt. Crewe, Prince Rama"
37,20224,cast,4,Amelia Minchin
37,1768,cast,5,Charles Randolph
37,23190,cast,6,Becky
37,6780,cast,7,Ram Dass
37,8766,cast,8,Ermengarde
37,22145,cast,9,Lavinia
37,4843,cast,10,Jesse
37,18773,cast,11,Betsy
37,638,cast,12,Gertrude
37,3151,cast,13,Jane
37,13571,cast,14,Rosemary
37,12839,cast,15,Lottie
37,12436,cast,16,Ruth
37,771,cast,17,Princess Sita
37,22524,cast,18,Frances (milkman)
37,14187,cast,19,Monsieur Dufarge
37,23377,cast,20,Mr. Barrow
37,677,director,1,
37,7194,writer,1,
37,19309,writer,2,
37,6383,writer,3,
38,12488,cast,1,Naveen Gavaskar
38,11803,cast,2,Jay Kurundkar
38,21828,cast,3,Arundhathi Gavaskar
38,24305,cast,4,Megha Gavaskar
38,8592,cast,5,Archit Gavaskar
38,18412,cast,6,Paul
38,20661,cast,7,Billie
38,20762,cast,8,Neel
38,10246,cast,9,Polly Parton Drag Queen
38,12781,cast,10,Head Nurse
38,5497,cast,11,Wedding Planner
38,5480,cast,12,Pandit
38,18254,cast,13,Cranky Doctor
38,1991,cast,14,Ancient Grandmother
38,20896,cast,15,Manish's Dad
38,23059,cast,16,Bro
38,20273,cast,17,Manish's Groomsman
38,20323,cast,18,Manish
38,9920,cast,19,Wedding Guest
38,20067,director,1,
38,6679,writer,1,
38,14600,writer,2,
39,2394,cast,1,L.'s Letters Reader
39,18167,director,1,
39,18167,writer,1,
39,8996,writer,2,
40,8769,cast,1,Nancy Thompson
40,11718,cast,2,Glen Lantz
40,19584,cast,3,Fred Krueger
40,11634,cast,4,Lt. Donald Thompson
40,20002,cast,5,Marge Thompson
40,888,cast,6,Tina Gray
40,12109,cast,7,Rod Lane
40,3620,cast,8,Dr. King
40,12016,cast,9,Sgt. Parker
40,14005,cast,10,Teacher
40,11228,cast,11,Sgt. Garcia
40,16507,cast,12,Nurse
40,9707,cast,13,Minister
40,6030,cast,14,Mr. Lantz
40,20572,cast,15,Mrs. Lantz
40,4929,cast,16,Foreman
40,10564,cast,17,Coroner
40,5807,cast,18,Tina's Mom
40,20990,cast,19,Cop #1
40,3325,cast,20,Cop #2
40,23658,director,1,
40,23658,writer,1,
41,8769,cast,1,Nancy Thompson
41,19584,cast,2,Freddy Krueger
41,4502,cast,3,Neil Gordon
41,17833,cast,4,Kristen Parker
41,12885,cast,5,Kincaid
41,19839,cast,6,Joey
41,10661,cast,7,Taryn
41,2762,cast,8,Phillip
41,9428,cast,9,Will
41,13588,cast,10,Max
41,18213,cast,11,Jennifer
41,11634,cast,12,Lt. Thompson
41,18727,cast,13,Dr. Elizabeth Simms
41,4258,cast,14,Lorenzo
41,2946,cast,15,Elaine Parker
41,13289,cast,16,Little Girl
41,20390,cast,17,Nurse #1
41,20130,cast,18,Nurse #2
41,16890,cast,19,Nun
41,21460,cast,20,Marcie
41,4124,director,1,
41,23658,writer,1,
41,2998,writer,2,
41,7317,writer,3,
41,4124,writer,4,
42,23072,cast,1,Oscar Restrepo
42,19030,cast,2,Yurlady
42,8372,cast,3,Efrain
42,14924,cast,4,Teresita
42,9187,cast,5,Javier
42,9201,cast,6,Alonso
42,23444,cast,7,TV Presenter
42,1003,cast,8,Feminist Poet
42,7551,cast,9,JB
42,17109,cast,10,Indigenous Poet
42,10298,cast,11,William
42,20597,cast,12,Karen
42,779,cast,13,Daniela
42,6593,cast,14,Maicol
42,22085,cast,15,Doris Rodriguez
42,8987,cast,16,Damaris
42,3340,cast,17,Extra
42,6910,cast,18,Yurlady's Mother
42,23874,cast,19,Carlos
42,14431,cast,20,The Mayor
42,21275,director,1,
42,21275,writer,1,
43,21999,cast,1,Malik El Djebena
43,17277,cast,2,César Luciani
43,115,cast,3,Ryad
43,19055,cast,4,Jordi
43,8960,cast,5,Reyeb
43,10462,cast,6,Vettori
43,8066,cast,7,Prof
43,18623,cast,8,Sampierro
43,1554,cast,9,Pilicci
43,7173,cast,10,Antaro
43,10396,cast,11,Santi
43,7474,cast,12,Chef de détention
43,13750,cast,13,Djamila
43,18770,cast,14,L'avocat de Malik
43,21331,cast,15,Lattrache
43,20860,cast,16,Le juge d'application des peines
43,8949,cast,17,Le procureur
43,21998,cast,18,Hassan
43,16636,cast,19,Tarik
43,12523,cast,20,Musulman couloir
43,9776,director,1,
43,22392,writer,1,
43,9776,writer,2,
43,32,writer,3,
43,17247,writer,4,
44,13078,cast,1,Benji Kaplan
44,10803,cast,2,David Kaplan
44,17534,cast,3,Flight Attendant
44,1997,cast,4,Abe
44,9862,cast,5,Receptionist
44,23714,cast,6,James
44,4748,cast,7,Mark
44,14143,cast,8,Diane
44,13351,cast,9,Eloge
44,10643,cast,10,Marcia
44,6461,cast,11,Priya
44,18656,cast,12,Conductor
44,13327,cast,13,Pianist
44,14881,cast,14,Older Man
44,9863,cast,15,Son
44,10803,director,1,
44,10803,writer,1,
45,18168,cast,1,Nader
45,13751,cast,2,Simin
45,20654,cast,3,Razieh
45,20928,cast,4,Hojjat
45,20657,cast,5,Termeh
45,1967,cast,6,Interrogator (Bazpors)
45,698,cast,7,Nader's Father (Pedar- Nader)
45,13155,cast,8,Somayeh
45,21130,cast,9,Simin's Mother (Madar-e Simin)
45,15921,cast,10,Miss Ghahrayi
45,16646,cast,11,Creditor
45,21129,cast,12,Woman in the Bus
45,8526,cast,13,Creditor
45,16640,cast,14,Judge
45,20466,cast,15,Interrogator's Office Manager
45,702,cast,16,Soldier
45,16870,cast,17,School Teacher
45,20124,cast,18,Police Officer
45,20920,cast,19,Accused Man
45,8527,cast,20,Soldier
45,1808,director,1,
45,1808,writer,1,
46,16205,cast,1,Larry Gopnik
46,19305,cast,2,Uncle Arthur
46,20655,cast,3,Judith Gopnik
46,7446,cast,4,Sy Ableman
46,17,cast,5,Danny Gopnik
46,10835,cast,6,Sarah Gopnik
46,18283,cast,7,Mr. Brandt
46,2815,cast,8,Mitch Brandt
46,5050,cast,9,Clive Park
46,2248,cast,10,Danny's Reefer Buddy
46,9712,cast,11,Boy on Bus
46,1162,cast,12,Cursing Boy on Bus
46,11746,cast,13,Mike Fagle
46,1645,cast,14,Arlen Finkle
46,405,cast,15,Rabbi Marshak
46,971,cast,16,Mrs. Samsky
46,7900,cast,17,Rabbi Nachtner
46,16210,cast,18,Dr. Sussman
46,12615,cast,19,Friend at the Picnic
46,21691,cast,20,Clive's Father
46,6822,director,1,
46,11236,director,2,
46,11236,writer,1,
46,6822,writer,2,
47,2471,cast,1,Hank
47,2508,cast,2,Jacob
47,2907,cast,3,Sarah
47,2816,cast,4,Lou
47,9717,cast,5,Tom Butler
47,3758,cast,6,Carl
47,2152,cast,7,Nancy Chambers
47,7642,cast,8,Baxter
47,2621,cast,9,FBI Agent Renkins
47,18435,cast,10,FBI Agent Freemont
47,22646,cast,11,Dwight Stephanson
47,11590,cast,12,Mr. Schmitt
47,15051,cast,13,News Reporter
47,18055,cast,14,Anchorman
47,11087,cast,15,Anchorwoman
47,10895,cast,16,Hospital Nurse
47,23592,cast,17,Bartender
47,22520,cast,18,Drinker
47,22262,cast,19,Dead Pilot
47,10321,cast,20,Bearded Man
47,20446,director,1,
47,20705,writer,1,
48,4355,cast,1,George
48,12246,cast,2,Charley
48,15647,cast,3,Jim
48,17160,cast,4,Kenny
48,11749,cast,5,Carlos
48,18145,cast,6,Alva
48,20274,cast,7,Jennifer Strunk
48,8097,cast,8,Mrs. Strunk
48,22198,cast,9,Mr. Strunk
48,17981,cast,10,Christopher Strunk
48,11,cast,11,Tom Strunk
48,760,cast,12,Lois
48,12957,cast,13,Blonde Secretary
48,10631,cast,14,Other Secretary #1
48,743,cast,15,Other Secretary #2
48,13718,cast,16,Grant
48,100,cast,17,Myron
48,15282,cast,18,Maria
48,19424,cast,19,Young Boy
48,6356,cast,20,Young Woman
48,22674,director,1,
48,4061,writer,1,
48,22674,writer,2,
48,5151,writer,3,
49,13398,cast,1,Ally
49,2760,cast,2,Jack
49,20427,cast,3,Bobby
49,8297,cast,4,Phil (Jack's Driver)
49,1135,cast,5,Lorenzo
49,18827,cast,6,Rez Gavron
49,1534,cast,7,Ramon
49,4902,cast,8,George 'Noodles' Stone
49,492,cast,9,Alec Baldwin
49,15287,cast,10,Marlon Williams
49,2772,cast,11,Brandi Carlile
49,19970,cast,12,Carl
49,2100,cast,13,Little Feet
49,16036,cast,14,Matty
49,16082,cast,15,Wolfie
49,19037,cast,16,Gail
49,5447,cast,17,Etta James
49,23719,cast,18,Emerald
49,5423,cast,19,Donte
49,12057,cast,20,Sooki
49,2760,director,1,
49,6684,writer,1,
49,2760,writer,2,
49,23701,writer,3,
49,16772,writer,4,
50,12181,cast,1,Vicki Lester
50,10013,cast,2,Norman Maine
50,9638,cast,3,Matt Libby
50,3581,cast,4,Oliver Niles
50,22787,cast,5,Danny McGuire
50,14413,cast,6,Lola Lavery
50,871,cast,7,Susan Ettinger
50,9472,cast,8,Graves
50,8760,cast,9,Libby's Secretary
50,9898,cast,10,Glenn Williams
50,11293,cast,11,Academy Awards Attendee
50,13623,cast,12,Guitarist
50,13799,cast,13,Usher
50,20151,cast,14,Mr. Ettinger
50,4933,cast,15,Soundman
50,18471,cast,16,Agent #3
50,16859,cast,17,Esther - Age 6
50,8003,cast,18,Racetrack Spectator
50,9623,cast,19,Father
50,19282,cast,20,Malibu Party Guest
50,7809,director,1,
50,16772,writer,1,
50,5864,writer,2,
50,382,writer,3,
50,19542,writer,4,
50,23728,writer,5,
51,23449,cast,1,Blanche
51,15284,cast,2,Stanley
51,13112,cast,3,Stella
51,12540,cast,4,Mitch
51,20155,cast,5,Steve
51,17189,cast,6,Pablo
51,18187,cast,7,Eunice
51,23941,cast,8,A Collector
51,19275,cast,9,A Doctor
51,1296,cast,10,The Matron
51,6146,cast,11,The Mexican Woman
51,16339,cast,12,A Sailor
51,9872,cast,13,Extra
51,9436,cast,14,Extra
51,15847,cast,15,Foreman
51,11153,cast,16,Extra
51,23519,cast,17,Club Patron
51,4581,cast,18,Minor Role
51,23660,cast,19,Extra
51,11162,cast,20,Worker
51,6334,director,1,
51,22213,writer,1,
51,17654,writer,2,
52,15893,cast,1,Gaspard
52,879,cast,2,Margot
52,8446,cast,3,Solène
52,1894,cast,4,Léna
52,244,cast,5,Le terre-neuvas
52,366,cast,6,L'oncle Alan
52,6920,cast,7,La tante Maiwen
52,24251,cast,8,L'accordéoniste
52,7242,cast,9,Le cousin
52,6683,director,1,
52,6683,writer,1,
53,19986,cast,1,Sydney Carton
53,6375,cast,2,Lucie Manette
53,6144,cast,3,Miss Pross
53,19085,cast,4,C.J. Stryver
53,2116,cast,5,Marquis St. Evrémonde
53,2596,cast,6,Madame Therese De Farge
53,8883,cast,7,Dr. Manette
53,5790,cast,8,Charles Darnay
53,23528,cast,9,Barsad
53,7519,cast,10,Gaspard
53,8762,cast,11,Gabelle
53,16597,cast,12,Ernest De Farge
53,4218,cast,13,Jarvis Lorry Jr.
53,2506,cast,14,Jerry Cruncher
53,9491,cast,15,Seamstress
53,14390,cast,16,The Vengeance
53,23029,cast,17,Woodcutter
53,7025,cast,18,Lucie as a Child
53,6268,cast,19,Mrs. Cruncher
53,6233,cast,20,Judge in 'Old Bailey'
53,9642,director,1,
53,19745,director,2,
53,3607,writer,1,
53,23938,writer,2,
53,21334,writer,3,
53,22395,writer,4,
53,14536,writer,5,
53,14593,writer,6,
53,14539,writer,7,
54,14003,cast,1,Soo-mi Bae - Janghwa
54,24210,cast,2,Heo Eun-joo - Stepmother
54,13119,cast,3,Moo-hyeon Bae - Father
54,16726,cast,4,Bae Soo-yeon
54,17772,cast,5,Mrs. Bae - Soo-mi's and Soo-yeon's Mother
54,8016,cast,6,Sun-kyu
54,20905,cast,7,Mi-hee
54,4576,cast,8,Soo-mi's Doctor
54,17351,cast,9,Director Hwang
54,9377,cast,10,Mr. Jang
54,24062,cast,11,Middle-Aged Woman
54,185,cast,12,"Closet Ghost, Nurse 1"
54,20850,cast,13,Nurse 2
54,21370,cast,14,Young Soo-mi
54,20842,cast,15,Young Soo-yeon
54,6869,cast,16,"Soo-yeon, Mother Stunts"
54,9229,cast,17,"Soo-yeon, Mother Stunts"
54,21371,cast,18,Mr. Jang
54,10535,director,1,
54,10535,writer,1,
55,1885,cast,1,Mathilde
55,7685,cast,2,Manech
55,11144,cast,3,Elodie Gordes
55,5691,cast,4,Sylvain
55,3548,cast,5,Bénédicte
55,1052,cast,6,Pierre-Marie Rouvières
55,22466,cast,7,Germain Pire
55,15135,cast,8,Tina Lombardi
55,5681,cast,9,Ange Bassignano
55,10469,cast,10,Benjamin Gordes
55,4321,cast,11,Benoît Notre-Dame
55,10465,cast,12,Esperanza
55,5369,cast,13,Six-Soux
55,10735,cast,14,Bastoche
55,447,cast,15,Célestin Poux
55,10459,cast,16,Le facteur
55,6345,cast,17,La femme allemande
55,12258,cast,18,Véronique Passavant
55,16276,cast,19,P'tit Louis
55,23100,cast,20,Le curé
55,10471,director,1,
55,20814,writer,1,
55,10471,writer,2,
55,8367,writer,3,
56,7714,cast,1,Mabel Longhetti
56,18329,cast,2,Nick Longhetti
56,7432,cast,3,George Mortensen
56,13399,cast,4,Martha Mortensen
56,12616,cast,5,Margaret Longhetti
56,15657,cast,6,Angelo Longhetti
56,15642,cast,7,Tony Longhetti
56,3992,cast,8,Maria Longhetti
56,7817,cast,9,Garson Cross
56,15117,cast,10,Harold Jensen
56,6089,cast,11,Dr. Zepp
56,1258,cast,12,Vito Grimaldi
56,3636,cast,13,Eddie
56,9986,cast,14,Bowman
56,11420,cast,15,Clancy
56,23353,cast,16,Gino
56,4281,cast,17,Aldo
56,7369,cast,18,Adolph
56,9165,cast,19,Willie Johnson
56,13814,cast,20,Billy Tidrow
56,11367,director,1,
56,11367,writer,1,
57,5391,cast,1,Samet
57,15931,cast,2,Nuray
57,16812,cast,3,Kenan
57,6019,cast,4,Sevim
57,6644,cast,5,Tolga
57,24207,cast,6,Veteriner Vahit
57,16794,cast,7,Feyyaz
57,17610,cast,8,Bekir
57,24072,cast,9,Milli Egitim Müdürü
57,3500,cast,10,Nail
57,6607,cast,11,Sergeant
57,6342,cast,12,Assistant Principal Saime
57,6370,cast,13,Firdevs
57,16882,cast,14,Kevser
57,7067,cast,15,Guidance Counselor Atakan
57,6950,cast,16,Halime
57,20815,cast,17,Soldier Erdi
57,23034,cast,18,Petty Officer
57,67,cast,19,Ranger
57,23122,cast,20,Ranger with the Sleigh
57,17477,director,1,
57,295,writer,1,
57,6017,writer,2,
57,17477,writer,3,
58,22114,cast,1,Elly
58,8200,cast,2,Sepideh
58,20928,cast,3,Ahmad
58,15921,cast,4,Shohreh
58,14746,cast,5,Amir
58,18168,cast,6,Peyman
58,18902,cast,7,Naazi
58,222,cast,8,Manoochehr
58,20307,cast,9,Alireza
58,16462,cast,10,Manouchehr's brother
58,20352,cast,11,Mehran
58,15597,cast,12,Arash
58,58,cast,13,Hamed
58,6244,cast,14,Mohamad
58,15565,cast,15,Alireza
58,16632,cast,16,Pilot
58,7008,cast,17,Farshid
58,941,cast,18,Arvin Sahandi
58,1955,cast,19,Ali
58,13072,cast,20,Hamed
58,1808,director,1,
58,1808,writer,1,
59,10831,cast,1,Narrator
59,22124,cast,2,Flying Woman
59,1032,cast,3,Flying Man
59,2337,cast,4,Mannen på parkbanken
59,9397,cast,5,
59,10113,cast,6,Man in the Stairs
59,4404,cast,7,Sverker Ohlsson
59,7143,cast,8,Restaurant Guest
59,10126,cast,9,Waiter
59,13309,cast,10,
59,13512,cast,11,The Man in The Song
59,15385,cast,12,The Priest
59,17339,cast,13,
59,23342,cast,14,
59,17569,cast,15,Young Woman
59,2236,cast,16,Psychiatrist
59,6715,cast,17,Street Musician
59,1414,cast,18,Grandmother
59,12527,cast,19,Mother
59,599,cast,20,
59,20099,director,1,
59,20099,writer,1,
60,9692,cast,1,Warren Schmidt
60,9078,cast,2,Jeannie Schmidt
60,5457,cast,3,Randall Hertzel
60,12658,cast,4,Roberta Hertzel
60,12338,cast,5,Helen Schmidt
60,9107,cast,6,Larry Hertzel
60,8669,cast,7,John Rusk
60,4400,cast,8,Vicki Rusk
60,13761,cast,9,Ray Nichols
60,15260,cast,10,Duncan Hertzel
60,3776,cast,11,Saundra
60,18487,cast,12,Minister in Denver
60,15635,cast,13,Gary Nordin - Warren's Replacement
60,10005,cast,14,Randall's Best Man
60,10886,cast,15,Bridesmaid Reading St. Paul
60,23219,cast,16,Man Mourning Helen
60,12167,cast,17,Woman Mourning Helen
60,15092,cast,18,Neighbor Lady
60,19637,cast,19,Priest in Omaha
60,15879,cast,20,Dairy Queen Employee
60,620,director,1,
60,14266,writer,1,
60,620,writer,2,
60,10963,writer,3,
61,21449,cast,1,Adam Bonner
61,12612,cast,2,Amanda Bonner
61,12183,cast,3,Doris Attinger
61,22668,cast,4,Warren Attinger
61,5203,cast,5,Kip Lurie
61,10406,cast,6,Beryl Caighn
61,9080,cast,7,Olympia La Pere
61,6906,cast,8,Grace
61,4196,cast,9,Judge Reiser
61,6508,cast,10,Jules Frikke
61,18693,cast,11,Mrs. McGrath
61,23718,cast,12,Judge Marcasson
61,6389,cast,13,Dr. Margaret Brodeigh
61,6167,cast,14,Kip's neighbor
61,2706,cast,15,Woman in Courtroom
61,3575,cast,16,Young District Attorney
61,8643,cast,17,Commuter
61,11970,cast,18,Mr. Bonner - Adam's Father
61,14594,cast,19,Mrs. Bonner - Adam's Mother
61,8628,cast,20,Court Attendant
61,7809,director,1,
61,20231,writer,1,
61,7628,writer,2,
62,17237,cast,1,"Charlie Kaufman, Donald Kaufman"
62,15933,cast,2,Susan Orlean
62,3879,cast,3,John Laroche
62,22473,cast,4,Valerie Thomas
62,10333,cast,5,Matthew Osceola
62,14120,cast,6,Russell
62,19903,cast,7,Randy
62,10904,cast,8,Ranger Tony
62,3186,cast,9,Amelia Kavan
62,5887,cast,10,Augustus Margary
62,21627,cast,11,Ranger Steve Neely
62,7645,cast,12,Buster Baxley
62,18362,cast,13,Defense Attorney
62,8326,cast,14,Prosecutor
62,4538,cast,15,Orlean's Husband
62,205,cast,16,Orlean Dinner Guest
62,18003,cast,17,Orlean Dinner Guest
62,18035,cast,18,Orlean Dinner Guest
62,14101,cast,19,Orlean Dinner Guest
62,23644,cast,20,Orlean Dinner Guest
62,21454,director,1,
62,21868,writer,1,
62,3712,writer,2,
63,8350,cast,1,Paul Hackett
63,20040,cast,2,Marcy
63,23244,cast,3,June
63,22779,cast,4,Pepe
63,14022,cast,5,Kiki
63,22241,cast,6,Julie
63,11452,cast,7,Tom the Bartender
63,3752,cast,8,Neil
63,3431,cast,9,Gail
63,5559,cast,10,Waiter
63,23708,cast,11,Horst
63,19682,cast,12,Street Pickup
63,2937,cast,13,Lloyd
63,19806,cast,14,Coffee Shop Cashier
63,13465,cast,15,Taxi Driver
63,23285,cast,16,Diner Cashier
63,16809,cast,17,Subway Attendant
63,11577,cast,18,Transit Cop
63,4207,cast,19,Neighbor #1
63,23287,cast,20,Neighbor #2
63,15383,director,1,
63,12001,writer,1,
64,1629,cast,1,"Takashi Mochizuki, counselor"
64,6730,cast,2,"Shiori Satonaka, trainee counselor"
64,21895,cast,3,"Satoru Kawashima, counselor"
64,22021,cast,4,"Takuro Sugie, counselor"
64,13382,cast,5,"Kyoko Watanabe, Ichiro's Wife"
64,12750,cast,6,"Kennosuke Nakamura, boss"
64,22041,cast,7,"Ichiro Watanabe, who cannot choose his favourite experience"
64,22906,cast,8,"Gisuke Shoda, who talks about sex"
64,24233,cast,9,"Yusuke Iseya, who refuses to choose his experience"
64,20696,cast,10,"Kana Yoshino, talks about Disneyland"
64,12716,cast,11,"Nobuko Amano, who talks about her affair with a married man"
64,13267,cast,12,"Kenji Yamamoto, who wants to forget his past"
64,9028,cast,13,"Kiyo Nishimura, old lady who loves cherry blossoms"
64,20326,cast,14,Ichiro
64,17032,cast,15,Kyoko Watanabe as a young woman
64,22798,cast,16,Receptionist
64,21995,cast,17,Dining Hall Worker
64,24035,cast,18,
64,305,cast,19,Security Guard
64,16620,cast,20,Dining Hall Worker
64,9006,director,1,
64,9006,writer,1,
65,19759,cast,1,Self
65,7239,cast,2,Self
65,1589,cast,3,Self
65,7237,cast,4,Self
65,14764,cast,5,Self
65,1116,cast,6,Self
65,465,director,1,
65,465,writer,1,
66,8840,cast,1,
66,2989,cast,2,Self
66,23039,cast,3,Navy Officer
66,17069,cast,4,Self - Doctor
66,18124,director,1,
66,22885,director,2,
67,18065,cast,1,Calum
67,7404,cast,2,Sophie
67,3493,cast,3,Adult Sophie
67,20386,cast,4,Belinda
67,1952,cast,5,Teen Girl 1
67,21411,cast,6,Teen Girl 2
67,2950,cast,7,Michael
67,21453,cast,8,Olly
67,8685,cast,9,Toby
67,7314,cast,10,Ocean Park Father
67,20145,cast,11,Laura
67,6827,cast,12,Scott
67,17611,cast,13,Onur
67,3112,cast,14,Carpet Salesman
67,12707,cast,15,Jane
67,11658,cast,16,Resort Entertainer
67,23058,cast,17,Ocean Park Hotel Tour Rep
67,13077,cast,18,Alex
67,17292,cast,19,Turk Hotel Receptionist
67,20626,cast,20,Adult Sophie's Partner
67,3734,director,1,
67,3734,writer,1,
68,8507,cast,1,David
68,12150,cast,2,Gigolo Joe
68,7198,cast,3,Monica Swinton
68,20450,cast,4,Henry Swinton
68,9860,cast,5,Martin Swinton
68,23801,cast,6,Prof. Hobby
68,12873,cast,7,Syatyoo-Sama
68,4205,cast,8,Supernerd
68,13047,cast,9,Supernerd
68,22677,cast,10,Supernerd
68,6856,cast,11,Supernerd
68,1623,cast,12,Female Colleague
68,15635,cast,13,Executive
68,20312,cast,14,Sheila
68,22347,cast,15,Todd
68,10709,cast,16,Kid
68,5603,cast,17,Kid
68,1202,cast,18,Kid
68,4535,cast,19,Kid
68,1823,cast,20,Gigolo Jane
68,21733,director,1,
68,2839,writer,1,
68,9290,writer,2,
68,21733,writer,3,
69,19620,cast,1,Ted Striker
69,12263,cast,2,Elaine Dickinson
69,13885,cast,3,Dr. Rumack
69,12491,cast,4,Roger Murdock
69,14155,cast,5,Steve McCroskey
69,18345,cast,6,Captain Clarence Oveur
69,14234,cast,7,Randy
69,19715,cast,8,Captain Rex Kramer
69,21624,cast,9,Johnny Henshaw-Jacobs
69,17665,cast,10,Otto
69,10900,cast,11,Religious Zealot #6
69,7292,cast,12,Victor Basta
69,11783,cast,13,Gunderson
69,4482,cast,14,Paul Carey
69,2011,cast,15,Jive Lady
69,13687,cast,16,Mrs. Hammen
69,12089,cast,17,Mrs. Davis
69,14612,cast,18,Security Lady
69,22171,cast,19,Airport Steward
69,10804,cast,20,Man from India
69,10900,director,1,
69,5220,director,2,
69,10781,director,3,
69,10900,writer,1,
69,5220,writer,2,
69,10781,writer,3,
69,8513,writer,4,
69,11348,writer,5,
69,1752,writer,6,
70,20747,cast,1,Aladdin
70,19797,cast,2,"Genie, Peddler"
70,14029,cast,3,Princess Jasmine
70,11801,cast,4,Jafar
70,7395,cast,5,"Abu, Cave of Wonders, Rajah"
70,8052,cast,6,Iago
70,5906,cast,7,Sultan
70,3697,cast,8,"Gazeem, Melon Merchant, Nut Merchant"
70,9619,cast,9,Additional Voices
70,4426,cast,10,"Prince Achmed, Necklace Merchant"
70,18513,cast,11,Additional Voices
70,10917,cast,12,"Razoul, Farouk"
70,10638,cast,13,Additional Voices
70,5271,cast,14,Harem Girl
70,2971,cast,15,Additional Voices
70,10758,cast,16,Additional Voices
70,23239,cast,17,Portly Agrabah Woman
70,21062,cast,18,Additional Voices
70,16347,cast,19,Additional Voices
70,17910,cast,20,Additional Voices
70,19943,director,1,
70,11569,director,2,
70,19943,writer,1,
70,11569,writer,2,
70,22175,writer,3,
70,22272,writer,4,
70,1561,writer,5,
70,17865,writer,6,
70,2884,writer,7,
70,3929,writer,8,
70,5147,writer,9,
70,19046,writer,10,
70,13027,writer,11,
70,13182,writer,12,
71,11943,cast,1,Rogelio
71,11878,cast,2,Quimet
71,1363,cast,3,Dolors
71,440,cast,4,Roger
71,23964,cast,5,Mariona
71,252,cast,6,Iris
71,16717,cast,7,Nati
71,3238,cast,8,Cisco
71,11249,cast,9,Pere
71,9484,cast,10,Pau
71,2330,cast,11,Glòria
71,1573,cast,12,Tieta Pepita
71,6468,cast,13,Teia
71,5639,cast,14,Boubou
71,9752,cast,15,Joaquim Pinyol
71,17672,cast,16,Temporer 1
71,696,cast,17,Temporer 2
71,66,cast,18,Núria
71,9434,cast,19,Gal·la
71,17478,cast,20,Paradista Plaça
71,3236,director,1,
71,3236,writer,1,
71,1706,writer,2,
72,12645,cast,1,Alice
72,6057,cast,2,Mad Hatter
72,19287,cast,3,Caterpillar
72,21634,cast,4,Cheshire Cat
72,10748,cast,5,March Hare
72,23245,cast,6,Queen of Hearts
72,9596,cast,7,"Walrus, Carpenter, Dee"
72,2484,cast,8,"White Rabbit, Dodo"
72,8764,cast,9,Alice's Sister
72,11986,cast,10,Doorknob
72,13482,cast,11,"Bill, Card Painter"
72,18747,cast,12,Bird in the Tree
72,5617,cast,13,King of Hearts
72,5842,cast,14,The Rose
72,10007,cast,15,Dormouse
72,22332,cast,16,Card Painters
72,5703,cast,17,Other Cards
72,14514,cast,18,Lily of the Vally
72,12850,cast,19,Card Painter
72,14387,cast,20,"Daisy, Tulip"
72,4323,director,1,
72,23682,director,2,
72,8528,director,3,
72,9669,director,4,
72,13914,writer,1,
72,23901,writer,2,
72,22191,writer,3,
72,2472,writer,4,
72,5557,writer,5,
72,490,writer,6,
72,11690,writer,7,
72,22721,writer,8,
72,5329,writer,9,
72,5555,writer,10,
72,11186,writer,11,
72,16496,writer,12,
72,23766,writer,13,
72,11210,writer,14,
73,21228,cast,1,Ripley
73,22734,cast,2,Dallas
73,11471,cast,3,Kane
73,23255,cast,4,Lambert
73,8664,cast,5,Brett
73,9263,cast,6,Ash
73,24023,cast,7,Parker
73,2697,cast,8,Alien
73,8813,cast,9,Mother
73,6087,cast,10,Alien
73,19425,director,1,
73,4658,writer,1,
73,19999,writer,2,
74,21228,cast,1,Ripley
74,15989,cast,2,Corporal Hicks
74,3376,cast,3,Newt
74,18080,cast,4,Burke
74,13433,cast,5,Bishop
74,2471,cast,6,Private Hudson
74,23797,cast,7,Lieutenant Gorman
74,10624,cast,8,Private Vasquez
74,345,cast,9,Sergeant Apone
74,15244,cast,10,Private Drake
74,19204,cast,11,Private Frost
74,4346,cast,12,Corporal Ferro
74,4736,cast,13,Private Spunkmeyer
74,4550,cast,14,Corporal Dietrich
74,22571,cast,15,Private Crowe
74,22976,cast,16,Private Wierzbowski
74,18056,cast,17,Van Leuwen
74,23158,cast,18,ECA Rep
74,413,cast,19,Insurance Man
74,714,cast,20,Med Tech
74,9907,director,1,
74,9907,writer,1,
74,5013,writer,2,
74,23540,writer,3,
74,4658,writer,4,
74,19999,writer,5,
75,2355,cast,1,Margo Channing
75,1388,cast,2,Eve Harrington
75,7883,cast,3,Addison DeWitt
75,3486,cast,4,Karen Richards
75,7665,cast,5,Bill Simpson
75,9169,cast,6,Lloyd Richards
75,8334,cast,7,Max Fabian
75,2006,cast,8,Phoebe
75,15091,cast,9,Miss Casswell
75,22346,cast,10,Birdie
75,23539,cast,11,Aged Actor
75,18933,cast,12,Girl
75,4489,cast,13,Leading Man
75,13754,cast,14,Doorman
75,2058,cast,15,Autograph Seeker
75,6078,cast,16,Stage Manager
75,23831,cast,17,Clerk
75,4228,cast,18,Pianist
75,6844,cast,19,Frenchman
75,8825,cast,20,Reporter
75,11989,director,1,
75,11989,writer,1,
75,15487,writer,2,
76,3476,cast,1,Manuela
76,15145,cast,2,Huma Rojo
76,3169,cast,3,Nina
76,1575,cast,4,Agrado
76,18210,cast,5,Hermana Rosa
76,20027,cast,6,Madre de Rosa
76,7078,cast,7,Padre de Rosa
76,7080,cast,8,Doctor en 'Un tranvía llamado Deseo'
76,22806,cast,9,Lola
76,3269,cast,10,Mario
76,6469,cast,11,Esteban
76,14766,cast,12,Doctor 1
76,11919,cast,13,Doctor 2
76,12125,cast,14,Ginecólogo
76,3290,cast,15,
76,14709,cast,16,Malena
76,23994,cast,17,Yael
76,3284,cast,18,Carmen
76,17946,cast,19,Farmacéutico
76,12127,cast,20,
76,18175,director,1,
76,18175,writer,1,
77,12706,cast,1,Young Mack
77,3875,cast,2,Isaiah
77,10336,cast,3,Young Josie
77,21028,cast,4,Evelyn
77,2281,cast,5,Girl with Umbrella
77,18717,cast,6,Young Wood
77,3557,cast,7,Mack
77,19084,cast,8,Wood
77,16704,cast,9,Ebony
77,13096,cast,10,Jay
77,18248,cast,11,Wood's Friend #1
77,3537,cast,12,Wood's Friend #2
77,22155,cast,13,Kissing Teenage Girl
77,13436,cast,14,Kissing Teenage Boy
77,13403,cast,15,Tia
77,10203,cast,16,Grandma Betty
77,16770,cast,17,Josie
77,16926,cast,18,Newborn Lily #1
77,16828,cast,19,Toddler Mack
77,151,cast,20,Newborn Lily #2
77,18965,director,1,
77,18965,writer,1,
78,19690,cast,1,Our Man
78,10350,director,1,
78,10350,writer,1,
79,1165,cast,1,Adam
79,18065,cast,2,Harry
79,3383,cast,3,Young Adam
79,10090,cast,4,Dad
79,4169,cast,5,Mum
79,923,cast,6,Waitress
79,3137,cast,7,Teen
79,14013,cast,8,Gay Bar Goer
79,9644,cast,9,Teen
79,3968,cast,10,Shopper
79,17544,cast,11,Lover
79,9217,cast,12,Taxi Driver
79,8354,cast,13,Club goer
79,9699,cast,14,Dancer
79,8437,cast,15,Shopper
79,4872,cast,16,Passerby
79,24284,cast,17,Teen
79,20796,cast,18,Dad on train
79,3341,cast,19,Lover
79,1145,director,1,
79,1145,writer,1,
79,22002,writer,2,
80,13909,cast,1,Paul
80,14296,cast,2,Kat
80,11706,cast,3,Himmelstoss
80,1716,cast,4,Kantorek
80,2173,cast,5,Kemmerich
80,20723,cast,6,Leer
80,17680,cast,7,Peter
80,23554,cast,8,Behn
80,23740,cast,9,Albert
80,20206,cast,10,Mueller
80,19211,cast,11,Westhus
80,8604,cast,12,Detering
80,21330,cast,13,Tjaden
80,7543,cast,14,Bertinck
80,2341,cast,15,Paul's Mother
80,6132,cast,16,Herr Meyer
80,15741,cast,17,German Student's Father
80,24307,cast,18,Frau Bäumer - Silent Version Trailer only
80,6771,cast,19,2nd Medic Orderly
80,15134,cast,20,Anna Bäumer
80,13920,director,1,
80,6708,writer,1,
80,15780,writer,2,
80,7780,writer,3,
80,5326,writer,4,
80,3105,writer,5,
80,23517,writer,6,
80,13920,writer,7,
81,20366,cast,1,Self
81,16644,cast,2,Self
81,16849,cast,3,Self
81,21004,director,1,
82,16888,cast,1,Self - Artist and Founder of P.A.I.N.
82,5196,cast,2,"Self - Editor-in-Chief, Artforum"
82,15826,cast,3,Self - Member of P.A.I.N.
82,15095,cast,4,Self - Artist and Member of P.A.I.N.
82,17396,cast,5,Self - Designer and Member of P.A.I.N.
82,17911,cast,6,Self - Investigative Journalist
82,8662,cast,7,Self - Member of P.A.I.N.
82,19718,cast,8,Self - Urban Survivors Union
82,668,cast,9,Self - Truth Pharm
82,4881,cast,10,"Self - Author, Playwright"
82,1384,cast,11,Self - Psychiatrist and member of P.A.I.N.
82,16425,cast,12,"Self - Lawyer and member of P.A.I.N., Ad Hoc Committee for Accountability"
82,5149,cast,13,Self - Former Purdue Board Member
82,22362,cast,14,Self - Former Purdue Board Member
82,19571,cast,15,Self - Judge
82,19354,cast,16,Self - Former President of Purdue
82,4934,cast,17,Self - Photographer and Friend of Nan
82,2958,cast,18,Self - Actor
82,13818,cast,19,Self - Conductor
82,2868,cast,20,Self - Nan's Boyfriend
82,13555,director,1,
83,12473,cast,1,Prabha
83,5634,cast,2,Anu
83,3789,cast,3,Parvaty
83,9130,cast,4,Shiaz
83,1957,cast,5,Dr. Manoj
83,1017,cast,6,Drowned Man
83,14321,cast,7,Dr. Supriya
83,14599,cast,8,Kaki
83,21192,cast,9,Young Woman
83,22567,cast,10,Nurse Shanet
83,1637,cast,11,Nurse 1
83,21302,cast,12,Nurse 2
83,1618,cast,13,Nurse 3
83,12564,cast,14,Young Nurse
83,17298,cast,15,Male Nurse
83,2557,cast,16,Advocate Desai
83,21335,cast,17,Union Leader
83,20334,cast,18,Teenager at the Shack
83,20579,cast,19,Father
83,20930,cast,20,Lady in Doctor's House
83,18167,director,1,
83,18167,writer,1,
83,8996,writer,2,
83,16940,writer,3,
83,19785,writer,4,
84,2518,cast,1,Russell Hammond
84,17886,cast,2,William Miller
84,12590,cast,3,Penny Lane
84,7197,cast,4,Elaine Miller
84,10262,cast,5,Jeff Bebe
84,24389,cast,6,Anita Miller
84,15964,cast,7,Young William
84,1364,cast,8,Polexia Aphrodisia
84,6984,cast,9,Sapphire
84,17360,cast,10,Dick Roswell
84,11417,cast,11,Ed Vallencourt
84,15221,cast,12,Larry Fellows
84,18525,cast,13,Lester Bangs
84,14139,cast,14,Leslie
84,10984,cast,15,Dennis Hope
84,17572,cast,16,Beth from Denver
84,2403,cast,17,Estrella Starr
84,735,cast,18,Mrs. Deegan
84,11020,cast,19,Roadie Scully
84,7653,cast,20,Roadie Gregg
84,3141,director,1,
84,3141,writer,1,
85,6074,cast,1,Lemmy Caution
85,1347,cast,2,Natacha von Braun
85,293,cast,3,Henri Dickson
85,23154,cast,4,2nd Seductress Third Class
85,10418,cast,5,Prof. Jeckell
85,16252,cast,6,von Braun's Assistant
85,10358,cast,7,Prof. Heckell
85,3947,cast,8,1st Seductress Third Class
85,10472,cast,9,Breakfast Waiter
85,13521,cast,10,Chief Engineer
85,9123,cast,11,Léonard von Braun
85,10423,director,1,
85,10423,writer,1,
85,17996,writer,2,
86,6957,cast,1,Antonio Salieri
86,22695,cast,2,Wolfgang Amadeus Mozart
86,6379,cast,3,Constanze Mozart
86,20109,cast,4,Leopold Mozart
86,21258,cast,5,Emanuel Schikaneder
86,4006,cast,6,Katerina Cavalieri
86,10597,cast,7,Emperor Joseph II
86,3642,cast,8,Count Orsini-Rosenberg
86,12924,cast,9,Michael Schlumberg (2002 Director's Cut)
86,12932,cast,10,Parody Commendatore
86,14116,cast,11,Papagena
86,2014,cast,12,Frau Weber
86,15347,cast,13,Young Salieri
86,19828,cast,14,Count Von Strack
86,16464,cast,15,Karl Mozart
86,18316,cast,16,Francesco Salieri
86,19272,cast,17,Father Vogler
86,17893,cast,18,Kappelmeister Bonno
86,17164,cast,19,Archbishop Colloredo
86,18517,cast,20,Salieri's Servant
86,16494,director,1,
86,18420,writer,1,
86,24310,writer,2,
87,1640,cast,1,Self
87,9915,cast,2,Self
87,608,cast,3,Self - Choir Director
87,4448,cast,4,Self - Guitar
87,12938,cast,5,Self - Organ
87,18696,cast,6,Self - Percussion
87,2304,cast,7,Self - Drums
87,4123,cast,8,Self - Bass
87,3997,cast,9,Self - The Southern California Community Choir
87,842,cast,10,Self - The Southern California Community Choir
87,14403,cast,11,Self - The Southern California Community Choir
87,9870,cast,12,Self - The Southern California Community Choir
87,6846,cast,13,Self - The Southern California Community Choir
87,21973,cast,14,Themselves - The Southern California Community Choir
87,15428,cast,15,Self - The Southern California Community Choir
87,14927,cast,16,Self - The Southern California Community Choir
87,3656,cast,17,Self - The Southern California Community Choir
87,6811,cast,18,Self - The Southern California Community Choir
87,17497,cast,19,Self - The Southern California Community Choir
87,21488,cast,20,Self - The Southern California Community Choir
87,389,director,1,
87,21943,director,2,
88,1885,cast,1,Amélie Poulain
88,15588,cast,2,Nino Quincampoix
88,20165,cast,3,Raphaël Poulain
88,14202,cast,4,Amandine Poulain
88,20859,cast,5,Raymond Dufayel
88,9868,cast,6,Lucien
88,4320,cast,7,Gina
88,4173,cast,8,Madame Suzanne - la patronne du café
88,9503,cast,9,Georgette
88,5691,cast,10,Joseph
88,1795,cast,11,Hipolito
88,24106,cast,12,Madeleine Wallace
88,23100,cast,13,Collignon
88,15713,cast,14,Dominique Bretodeau
88,16271,cast,15,Mr. Collignon
88,1102,cast,16,Mrs. Collignon
88,4224,cast,17,Eva
88,1697,cast,18,Philomène
88,22466,cast,19,L'homme dans la photo
88,13007,cast,20,Bretodeau enfant
88,10471,director,1,
88,8367,writer,1,
88,10471,writer,2,
89,13046,cast,1,Lester Burnham
89,1437,cast,2,Carolyn Burnham
89,22452,cast,3,Jane Burnham
89,23656,cast,4,Ricky Fitts
89,15899,cast,5,Angela Hayes
89,18341,cast,6,Buddy Kane
89,827,cast,7,Barbara Fitts
89,3879,cast,8,Colonel Fitts
89,20706,cast,9,Jim Olmeyer
89,20450,cast,10,Jim Berkley
89,2077,cast,11,Brad
89,1626,cast,12,Sale House Woman #1
89,11372,cast,13,Sale House Man #1
89,7169,cast,14,Sale House Man #2
89,21797,cast,15,Sale House Woman #2
89,12946,cast,16,Sale House Man #3
89,2806,cast,17,Sale House Women #4
89,14083,cast,18,Sale House Women #4
89,768,cast,19,Spartanette #1
89,13282,cast,20,Spartanette #2
89,20441,director,1,
89,376,writer,1,
90,22308,cast,1,Self
90,15240,cast,2,Self
90,7091,cast,3,Self
90,4672,cast,4,Self - CNN Anchor
90,18683,director,1,
91,12356,cast,1,"Self - Vice President, Fuyao"
91,19501,cast,2,Self - Furnace Off-Loader
91,21061,cast,3,"Self - U.S. Senator, Ohio"
91,4900,cast,4,"Self - Vice President, Fuyao Glass America"
91,5240,cast,5,Self
91,14224,cast,6,Self
91,1905,cast,7,Self - Tempering Backlight Production Supervisor
91,11385,cast,8,Self - Fuyao Safety Director
91,11436,cast,9,"Self - President, Fuyao Glass America"
91,19472,cast,10,Self - Furnace Supervisor
91,4552,cast,11,Self - Lamination Specialist
91,23918,cast,12,Self - Furance Engineer
91,22526,cast,13,Self - Furnance Technician
91,2368,cast,14,Self
91,10891,cast,15,Self - Forklift Operator
91,10550,cast,16,"Self - President, Fuyao Glass America"
91,4533,cast,17,Self
91,21696,cast,18,Self
91,21015,cast,19,Self - Glass Inspector
91,19048,cast,20,Self - Fuyao Attorney
91,21713,director,1,
91,12218,director,2,
92,5433,cast,1,Frank Lucas
92,20203,cast,2,Richie Roberts
92,3833,cast,3,Huey Lucas
92,12032,cast,4,Detective Trupo
92,14503,cast,5,Eva
92,22183,cast,6,Lou Toback
92,19879,cast,7,Nate
92,11450,cast,8,Freddie Spearman
92,20301,cast,9,Moses Jones
92,24208,cast,10,Alfonse Abruzzo
92,14694,cast,11,Jimmy Zee
92,20141,cast,12,Mama Lucas
92,20135,cast,13,Doc
92,3231,cast,14,Laurie Roberts
92,21322,cast,15,Michael Roberts
92,11575,cast,16,Javier J. Rivera
92,4528,cast,17,Nicky Barnes
92,1680,cast,18,Dominic Cattano
92,12631,cast,19,Mrs. Dominic Cattano
92,11201,cast,20,Charlie Williams
92,19425,director,1,
92,21740,writer,1,
92,15216,writer,2,
93,19261,cast,1,Curt
93,19954,cast,2,Steve
93,18049,cast,3,John
93,3655,cast,4,Terry
93,4148,cast,5,Laurie
93,3175,cast,6,Debbie
93,14567,cast,7,Carol
93,23916,cast,8,Disc Jockey
93,2606,cast,9,Joe
93,14767,cast,10,Carlos
93,2141,cast,11,Ants
93,8631,cast,12,Bob Falfa
93,10906,cast,13,Holstein
93,10131,cast,14,Budda
93,5301,cast,15,Wendy
93,14527,cast,16,Bobbie
93,22228,cast,17,Mr. Wolfe
93,12638,cast,18,Peg
93,23041,cast,19,Eddie
93,20708,cast,20,Mr. Gordon
93,7849,director,1,
93,7849,writer,1,
93,8180,writer,2,
93,23722,writer,3,
94,6200,cast,1,Derek
94,6185,cast,2,Danny
94,2381,cast,3,Doris
94,10653,cast,4,Davina
94,6832,cast,5,Seth
94,6984,cast,6,Stacey
94,1919,cast,7,Sweeney
94,6455,cast,8,Murray
94,21469,cast,9,Cameron
94,23838,cast,10,Dennis
94,8440,cast,11,Lamont
94,11172,cast,12,Rasmussen
94,10244,cast,13,Little Henry
94,1583,cast,14,Lawrence
94,590,cast,15,Mitch McCormick
94,12955,cast,16,Chris
94,8134,cast,17,Jason
94,16299,cast,18,Lizzy
94,11799,cast,19,Jerome
94,4076,cast,20,Daryl Dawson
94,22851,director,1,
94,5091,writer,1,
95,3955,cast,1,Irving Rosenfeld
95,952,cast,2,Sydney Prosser
95,2760,cast,3,Richie DiMaso
95,10652,cast,4,Rosalyn Rosenfeld
95,10717,cast,5,Mayor Carmine Polito
95,14273,cast,6,Stoddard Thorsen
95,9667,cast,7,Pete Musane
95,16163,cast,8,"Paco Hernandez, Sheik Abdullah"
95,21022,cast,9,Carl Elway
95,546,cast,10,Anthony Amado
95,6362,cast,11,Dolly Polito
95,18024,cast,12,Alfonse Simone
95,20350,cast,13,Irv's Sheik Plant
95,15673,cast,14,Dominic Polito
95,22432,cast,15,Francis Polito
95,156,cast,16,Julius
95,1551,cast,17,Senator Horton Mitchell
95,4372,cast,18,Brenda
95,21667,cast,19,Agent Schmidt
95,4099,cast,20,Agent Stock
95,5107,director,1,
95,6695,writer,1,
95,5107,writer,2,
96,3955,cast,1,Patrick Bateman
96,12391,cast,2,Timothy Bryce
96,12045,cast,3,Craig McDermott
96,2480,cast,4,David Van Patten
96,3843,cast,5,Jean
96,19063,cast,6,Evelyn Williams
96,20477,cast,7,Courtney Rawlinson
96,15627,cast,8,Luis Carruthers
96,10216,cast,9,Paul Allen
96,23724,cast,10,Donald Kimball
96,3186,cast,11,Christie
96,8375,cast,12,Elizabeth
96,21573,cast,13,Harold Carnes
96,16699,cast,14,Daisy
96,19064,cast,15,Homeless Man
96,2581,cast,16,Waiter #1
96,15039,cast,17,Victoria
96,12806,cast,18,Bargirl
96,17842,cast,19,Mrs. Wolfe
96,13284,cast,20,Sabrina
96,15458,director,1,
96,2825,writer,1,
96,15458,writer,2,
96,8375,writer,3,
97,18008,cast,1,Harvey Pekar
97,20966,cast,2,Interviewer
97,8726,cast,3,Real Harvey
97,3863,cast,4,Superman
97,11261,cast,5,Batman
97,12043,cast,6,Robin
97,3140,cast,7,Green Lantern
97,4762,cast,8,Young Harvey
97,15449,cast,9,Housewife
97,13487,cast,10,Throat Doctor
97,23451,cast,11,Lana
97,2013,cast,12,Nurse
97,5998,cast,13,Mr. Boats
97,4812,cast,14,Marty
97,3966,cast,15,Robert Crumb
97,6329,cast,16,Pahls
97,21957,cast,17,Old Jewish Lady
97,19032,cast,18,Cashier
97,17182,cast,19,Mattress Guy #1
97,815,cast,20,Mattress Guy #2
97,20966,director,1,
97,19687,director,2,
97,8726,writer,1,
97,12088,writer,2,
97,20966,writer,3,
97,19687,writer,4,
98,6536,cast,1,El Chivo
98,7588,cast,2,Octavio
98,8239,cast,3,Valeria
98,850,cast,4,Daniel
98,23187,cast,5,Susana
98,11889,cast,6,Luis
98,14863,cast,7,Ramiro
98,19850,cast,8,Gustavo
98,9199,cast,9,Jorge
98,7977,cast,10,Mauricio
98,20025,cast,11,Tía Luisa (Aunt Luisa)
98,5951,cast,12,Mama Susana (Susana's Mother)
98,169,cast,13,Mama Octavio (Octavio's Mother)
98,11932,cast,14,Leonardo
98,14319,cast,15,Maru
98,13529,cast,16,Julieta
98,19188,cast,17,Andrés Salgado
98,8413,cast,18,Jarocho
98,4579,cast,19,Alvaro
98,8411,cast,20,El Chispas
98,511,director,1,
98,8370,writer,1,
99,10420,cast,1,Georges
99,6599,cast,2,Anne
99,9500,cast,3,Eva
99,650,cast,4,Alexandre
99,23847,cast,5,Geoff
99,18886,cast,6,Concierge's Husband
99,19443,cast,7,Concierge
99,3333,cast,8,Nurse #1
99,5616,cast,9,Nurse #2
99,13603,cast,10,Police Officer #1
99,10448,cast,11,Police Officer #2
99,21907,cast,12,Neighbour
99,4619,cast,13,Paramedic #1
99,23498,cast,14,Paramedic #2
99,16080,director,1,
99,16080,writer,1,
100,988,cast,1,Self
100,16594,cast,2,Self
100,15246,cast,3,Self
100,20201,cast,4,Self
100,13577,cast,5,Self
100,12298,cast,6,Self
100,17216,cast,7,Self
100,23054,cast,8,Self
100,8431,cast,9,Self
100,3932,cast,10,Self
100,17192,cast,11,Self
100,9246,cast,12,Self
100,7627,cast,13,Self
100,11838,cast,14,Self
100,10196,cast,15,Self
100,20415,cast,16,Self
100,2682,cast,17,Self
100,20363,cast,18,Self
100,24031,cast,19,Self
100,22499,cast,20,Self
100,1839,director,1,
101,3832,cast,1,Shuhei Hirayama
101,21089,cast,2,Michiko Hirayama
101,12752,cast,3,Koichi Hirayama
101,15078,cast,4,Akiko Hirayama
101,22284,cast,5,Yutaka Miura
101,17429,cast,6,Fusako Taguchi
101,21105,cast,7,Kazuo Hirayama
101,17371,cast,8,Shuzo Kawai
101,6250,cast,9,Sakuma - The 'Gourd'
101,13347,cast,10,Nobuko
101,13383,cast,11,'Kaoru' no Madame
101,16325,cast,12,"Tamako, gosai"
101,20292,cast,13,Shin Horie
101,22930,cast,14,'Wakamatsu' no Okami
101,21116,cast,15,"Youko Sasaki, hisho"
101,15537,cast,16,Dousousei Watanabe
101,7525,cast,17,Suikyaku A
101,24322,cast,18,
101,15599,cast,19,
101,9034,cast,20,
101,24037,director,1,
101,13237,writer,1,
101,24037,writer,2,
102,3194,cast,1,Jenny
102,18416,cast,2,David
102,688,cast,3,Jack
102,17576,cast,4,Miss Stubbs
102,3186,cast,5,Marjorie
102,23817,cast,6,Small Boy
102,4402,cast,7,Small Boy
102,15638,cast,8,Graham
102,875,cast,9,Hattie
102,6444,cast,10,Tina
102,5672,cast,11,Danny
102,20039,cast,12,Helen
102,17214,cast,13,Auctioneer
102,12586,cast,14,Latin Teacher
102,2161,cast,15,Small Girl
102,6588,cast,16,Headmistress
102,14448,cast,17,Rachman
102,17523,cast,18,Shakespeare Girl
102,3041,cast,19,Shakespeare Girl
102,1826,cast,20,Petrol Attendant
102,14191,director,1,
102,14513,writer,1,
102,17195,writer,2,
103,24181,cast,1,Yu Cheng
103,24183,cast,2,Wei Bu
103,23111,cast,3,Huang Ling
103,24356,cast,4,Wang Jin
103,23974,cast,5,Dean
103,8585,cast,6,Figurant
103,11011,cast,7,Dean's wife
103,15954,cast,8,Cheng's friend's Mother
103,23979,cast,9,White dog's female owner
103,23612,cast,10,Jin's son-in-law
103,24083,cast,11,Jin's granddaughter
103,2556,cast,12,Scapler
103,4835,cast,13,Jin's daughter
103,18744,cast,14,White dog's male owner
103,21899,cast,15,Bu's mother
103,24336,cast,16,Li Kai
103,10882,cast,17,Bu's uncle
103,21189,cast,18,Cheng's mother
103,3550,cast,19,Cheng's friend
103,23566,cast,20,Ling's mother
103,2607,director,1,
103,2607,writer,1,
104,20546,cast,1,Sandra Voyter
104,21927,cast,2,Maître Vincent Renzi
104,16492,cast,3,Daniel
104,1562,cast,4,Avocat général
104,20520,cast,5,Samuel Maleski
104,10615,cast,6,Marge Berger
104,20304,cast,7,Maître Nour Boudaoud
104,3161,cast,8,Zoé Solidor
104,1428,cast,9,Présidente du tribunal
104,21418,cast,10,Monica
104,15935,cast,11,Snoop - le chien
104,12282,cast,12,Légiste
104,18616,cast,13,Juge Janvier
104,20690,cast,14,"Gendarme, Sandra"
104,9348,cast,15,"Gendarme, Samuel"
104,23356,cast,16,Procureur
104,3469,cast,17,Juge Bollène
104,17117,cast,18,Journaliste BFM
104,1556,cast,19,Expert Balard
104,1415,cast,20,Experte Bogaert
104,12398,director,1,
104,12398,writer,1,
104,1755,writer,2,
105,10063,cast,1,Paul Biegler
105,13721,cast,2,Laura Manion
105,2191,cast,3,Lt. Frederick Manion
105,1771,cast,4,Parnell Emmett McCarthy
105,6900,cast,5,Maida Rutledge
105,12651,cast,6,Mary Pilant
105,7796,cast,7,Claude Dancer
105,17635,cast,8,Dr. Matthew Smith
105,20192,cast,9,George Lemon
105,16807,cast,10,Alphonse Paquette
105,2953,cast,11,Dist. Atty. Mitch Lodwick
105,12876,cast,12,Det. Sgt. James Durgo
105,11600,cast,13,Deputy Sheriff Sulo
105,9116,cast,14,Dr. Dompierre
105,600,cast,15,Dr. W. Gregory Harcourt
105,17068,cast,16,Dr. Raschid
105,10980,cast,17,Clarence Madigan
105,20125,cast,18,Sheriff Battisfore
105,11986,cast,19,Lloyd Burke
105,5743,cast,20,Duane 'Duke' Miller
105,17669,director,1,
105,23630,writer,1,
105,11392,writer,2,
106,13615,cast,1,Self - Narrator
106,9473,cast,2,Self
106,5477,cast,3,
106,15284,cast,4,Self
106,2619,cast,5,Self
106,20398,cast,6,Self
106,3176,cast,7,Self
106,5799,cast,8,Self
106,2624,cast,9,Self
106,17803,cast,10,Self
106,7441,cast,11,
106,4909,cast,12,Self
106,10154,cast,13,
106,5407,cast,14,Self
106,11415,cast,15,Self
106,19585,cast,16,Self
106,10562,cast,17,Self
106,7974,cast,18,Self
106,22152,cast,19,
106,15091,cast,20,Self
106,19180,director,1,
106,19180,writer,1,
106,10051,writer,2,
107,9956,cast,1,Joshua 'J' Cody
107,8433,cast,2,Detective Senior Sgt Nathan Leckie
107,11238,cast,3,Barry 'Baz' Brown
107,3036,cast,4,Paramedic #1
107,18096,cast,5,Paramedic #2
107,9725,cast,6,Janine 'Smurf' Cody
107,14466,cast,7,Darren Cody
107,21814,cast,8,Craig Cody
107,16576,cast,9,Catherine Brown
107,1480,cast,10,Armed Robbery Detective
107,12390,cast,11,Detective Randall Roache
107,16219,cast,12,Hood #1
107,3942,cast,13,Hood #2
107,13563,cast,14,Nicky Henry
107,20629,cast,15,Waitress
107,14366,cast,16,Cashier
107,2206,cast,17,Andrew 'Pope' Cody
107,1310,cast,18,Shopper
107,21870,cast,19,Alicia Henry
107,4257,cast,20,Gus Emery
107,5095,director,1,
107,5095,writer,1,
108,23931,cast,1,Alvy Singer
108,5531,cast,2,Annie Hall
108,22872,cast,3,Rob
108,3319,cast,4,Allison
108,18094,cast,5,Tony Lacey
108,21043,cast,6,Pam
108,10183,cast,7,Robin
108,4373,cast,8,Mom Hall
108,4102,cast,9,Duane Hall
108,5784,cast,10,Dad Hall
108,8817,cast,11,Grammy Hall
108,16731,cast,12,Alvy's Dad
108,11081,cast,13,Alvy's Mom
108,11828,cast,14,Alvy - Age 9
108,20246,cast,15,Alvy's Aunt
108,15380,cast,16,Alvy's Uncle
108,9227,cast,17,Joey Nichols
108,18952,cast,18,Aunt Tessie Moskowitz
108,20207,cast,19,Man in Theatre Line
108,15308,cast,20,Marshall McLuhan
108,23931,director,1,
108,23931,writer,1,
108,15302,writer,2,
109,5185,cast,1,Michael Stone
109,10648,cast,2,Lisa Hesselman
109,22719,cast,3,Everyone else
109,5944,director,1,
109,3712,director,2,
109,3712,writer,1,
110,16442,cast,1,Ani
110,18114,cast,2,Nick
110,14050,cast,3,Diamond
110,6562,cast,4,Nikki
110,14485,cast,5,Lulu
110,23376,cast,6,Jimmy
110,2933,cast,7,Dawn
110,21409,cast,8,Jenny
110,15198,cast,9,Ivan
110,1564,cast,10,Tom
110,6418,cast,11,Vera
110,20078,cast,12,Mansion Day Guard
110,24383,cast,13,Rachel
110,23454,cast,14,Aleks
110,14992,cast,15,Dasha
110,9571,cast,16,Crystal
110,12561,cast,17,Toros
110,23118,cast,18,Garnik
110,16736,cast,19,Sunny
110,17047,cast,20,Vlad
110,20765,director,1,
110,20765,writer,1,
111,10910,cast,1,Tom
111,20244,cast,2,Gerri
111,13866,cast,3,Mary
111,17548,cast,4,Joe
111,18452,cast,5,Ken
111,4961,cast,6,Ronnie
111,15382,cast,7,Carl
111,12534,cast,8,Katie
111,16280,cast,9,Tanya
111,18476,cast,10,Jack
111,9365,cast,11,Janet
111,21779,cast,12,Tom's Colleague
111,6259,cast,13,Mourner
111,15465,cast,14,Mourner
111,2215,cast,15,Mourner
111,5034,cast,16,Vicar
111,1971,cast,17,Mr. Gupta
111,15902,cast,18,Mr. Gupta's Friend
111,18864,cast,19,Drill Worker
111,6142,cast,20,Allotment Lady
111,16411,director,1,
111,16411,writer,1,
112,15386,cast,1,Captain Willard
112,15284,cast,2,Colonel Kurtz
112,19573,cast,3,Lt. Colonel Kilgore
112,7473,cast,4,Chef
112,20416,cast,5,Lance
112,13588,cast,6,Clean
112,450,cast,7,Chief
112,8631,cast,8,Colonel
112,5407,cast,9,Photo Journalist
112,7705,cast,10,General
112,10780,cast,11,Civilian
112,20716,cast,12,Colby
112,2604,cast,13,MP Sergeant #1
112,9989,cast,14,Kilgore's Gunner
112,12970,cast,15,Mike from San Diego
112,19959,cast,16,Injured Soldier
112,22704,cast,17,Supply Sergeant
112,4556,cast,18,Playmate of the Year
112,4372,cast,19,Playmate
112,14017,cast,20,Playmate
112,7226,director,1,
112,11559,writer,1,
112,7226,writer,2,
112,16084,writer,3,
112,11964,writer,4,
113,15386,cast,1,Capt. Benjamin L. Willard
113,15284,cast,2,Col. Walter E. Kurtz
113,19573,cast,3,Lt. Col. Bill Kilgore
113,7473,cast,4,EN3 Jay 'Chef' Hicks
113,20416,cast,5,GM3 Lance B. Johnson
113,13588,cast,6,GM3 Tyrone 'Clean' Miller
113,450,cast,7,CPO George Phillips
113,8631,cast,8,Colonel Lucas
113,5407,cast,9,Photojournalist
113,7705,cast,10,General R. Corman
113,10780,cast,11,"Jerry, Civilian"
113,20716,cast,12,Lt. Richard M. Colby
113,2604,cast,13,MP Sergeant #1
113,9989,cast,14,Kilgore's Gunner
113,12970,cast,15,Mike from San Diego
113,19959,cast,16,Injured Soldier
113,22704,cast,17,Supply Sergeant
113,4556,cast,18,Playmate of the Year
113,4372,cast,19,"Playmate, Miss May"
113,14017,cast,20,Playmate
113,7226,director,1,
113,11559,writer,1,
113,7226,writer,2,
113,16084,writer,3,
113,11964,writer,4,
115,7978,cast,1,Middle Eye
115,18939,cast,2,Zero Wolf
115,4604,cast,3,Seven
115,20161,cast,4,Jaguar Paw
115,11787,cast,5,Blunted
115,16758,cast,6,Flint Sky
115,3263,cast,7,Turtles Run
115,927,cast,8,Curl Nose
115,9531,cast,9,Smoke Frog
115,9534,cast,10,Cocoa Leaf
115,9489,cast,11,Mother in Law
115,6793,cast,12,Old Story Teller
115,15797,cast,13,Young Woman
115,9295,cast,14,Sky Flower
115,14209,cast,15,Village Girl
115,9543,cast,16,Wife
115,20697,cast,17,Eldest Daughter
115,9001,cast,18,Fish Hunter
115,18229,cast,19,First Temple Sacrifice
115,19844,cast,20,Snake Ink
115,15852,director,1,
115,15852,writer,1,
115,7001,writer,2,
116,17076,cast,1,Self - Mission Commander
116,16382,cast,2,Self - Command Module Pilot
116,3083,cast,3,Self - Lunar Module Pilot
116,5324,cast,4,Self - Director of Flight Crew Operations
116,4289,cast,5,Self - Flight Director Green Team
116,2987,cast,6,Self - Capsule Commuicator (CAPCOM) Green Team
116,8458,cast,7,Self - Flight Dynamics Officer (FIDO) Green Team
116,3610,cast,8,Self - Capsule Communicator (CAPCOM) White Team
116,7729,cast,9,Self - Flight Director White Team
116,2408,cast,10,Self - Backup Command Module Pilot
116,10942,cast,11,Self - Backup Commander
116,11415,cast,12,Self - President of the United States of America
116,10172,cast,13,Self
116,17852,cast,14,Self
116,1187,cast,15,Self
116,11061,cast,16,Self
116,23532,cast,17,Self
116,14508,cast,18,Self
116,8186,cast,19,Self
116,11094,cast,20,Self - Aerospace Engineer in Firing Room
116,22608,director,1,
117,22684,cast,1,Jim Lovell
117,2471,cast,2,Fred Haise
117,12990,cast,3,Jack Swigert
117,7674,cast,4,Ken Mattingly
117,6038,cast,5,Gene Kranz
117,12638,cast,6,Marilyn Lovell
117,15466,cast,7,Barbara Lovell
117,6541,cast,8,Susan Lovell
117,16456,cast,9,Jeffrey Lovell
117,15747,cast,10,Jay Lovell
117,10499,cast,11,Blanch Lovell
117,22944,cast,12,Mary Haise
117,4929,cast,13,Pete Conrad
117,16286,cast,14,Jane Conrad
117,3884,cast,15,Deke Slayton
117,11219,cast,16,NASA Director
117,23954,cast,17,Henry Hurt
117,14807,cast,18,Glynn Lunney
117,2204,cast,19,John Young
117,4298,cast,20,EECOM White
117,19954,director,1,
117,10942,writer,1,
117,10598,writer,2,
117,23757,writer,3,
117,350,writer,4,
118,9235,cast,1,Nina
118,12441,cast,2,David
118,15908,cast,3,Head Doctor
118,20129,cast,4,Nana
118,1008,cast,5,Mzia
118,4953,cast,6,Mzia's Husband
118,20560,cast,7,Young Father
118,22921,cast,8,Pregnant Young Mother
118,2160,cast,9,Picked-up Worker
118,17295,cast,10,
118,17344,cast,11,
118,22206,cast,12,
118,531,cast,13,
118,17345,cast,14,
118,6322,cast,15,
118,647,cast,16,
118,5244,director,1,
118,5244,writer,1,
119,15135,cast,1,Avril
119,14783,cast,2,Julius
119,18547,cast,3,Darwin
119,10488,cast,4,Pops
119,2737,cast,5,Pizoni
119,17584,cast,6,Paul
119,14554,cast,7,Annette
119,2268,cast,8,Rodrigue
119,1394,cast,9,Chimène
119,3967,director,1,
119,7244,director,2,
119,7244,writer,1,
119,2246,writer,2,
119,9808,writer,3,
119,15182,writer,4,
119,18153,writer,5,
120,21377,cast,1,Clara
120,14620,cast,2,Ana Paula
120,9433,cast,3,Roberval
120,9200,cast,4,Diego
120,24391,cast,5,Ladjane
120,3234,cast,6,Cleide
120,7089,cast,7,Geraldo
120,3049,cast,8,Antonio
120,18123,cast,9,Fátima
120,2018,cast,10,Clara em 1980
120,4751,cast,11,"Adalberto, Rodrigo"
120,18183,cast,12,Tomás
120,7986,cast,13,Martin
120,12201,cast,14,Julia
120,22309,cast,15,Tia Lucia
120,11091,cast,16,uma jovem Tia Lucia
120,22138,cast,17,Augusto
120,1679,cast,18,Letícia
120,1089,cast,19,Juvenita
120,14476,cast,20,Ronaldo
120,13227,director,1,
120,13227,writer,1,
121,2172,cast,1,Tony Mendez
121,3023,cast,2,Jack O'Donnell
121,11440,cast,3,John Chambers
121,375,cast,4,Lester Siegel
121,23295,cast,5,Ken Taylor
121,22122,cast,6,Bob Anders
121,4261,cast,7,Cora Lijek
121,20701,cast,8,Joe Stafford
121,20016,cast,9,Lee Schatz
121,4043,cast,10,Mark Lijek
121,12965,cast,11,Kathy Stafford
121,13369,cast,12,Hamilton Jordan
121,3909,cast,13,Malinov
121,24317,cast,14,Robert Pender
121,22580,cast,15,Bates
121,12800,cast,16,Adam Engell
121,2630,cast,17,Cyrus Vance
121,19305,cast,18,Max Klein
121,19254,cast,19,OSS Officer Nicholls
121,17604,cast,20,Reza Borhani
121,2172,director,1,
121,3935,writer,1,
121,22863,writer,2,
121,12070,writer,3,
122,2965,cast,1,Ash
122,6502,cast,2,Sheila
122,14875,cast,3,Arthur
122,9243,cast,4,Wiseman
122,19281,cast,5,Duke Henry
122,16051,cast,6,Gold Tooth
122,22544,cast,7,Blacksmith
122,2907,cast,8,Linda
122,17859,cast,9,Possessed Witch
122,22187,cast,10,Cowardly Warrior
122,5323,cast,11,Tiny Ash #1
122,2996,cast,12,Tiny Ash #2
122,20605,cast,13,Old Woman
122,21146,cast,14,Pit Deadite #1
122,2512,cast,15,Pit Deadite #2
122,16861,cast,16,Winged Deadite
122,2463,cast,17,Deadite Captain
122,16243,cast,18,Henry's Man
122,1189,cast,19,Lieutenant #1
122,19527,cast,20,Lieutenant #2
122,20446,director,1,
122,20446,writer,1,
122,9558,writer,2,
123,14057,cast,1,Philippe Gerbier
123,18066,cast,2,Luc Jardie
123,10467,cast,3,Jean François Jardie
123,21293,cast,4,Mathilde
123,4220,cast,5,Claude Ullmann dit 'Le Masque'
123,17986,cast,6,Felix Lepercq
123,3957,cast,7,Guillaume Vermersch dit 'Le Bison'
123,20861,cast,8,The hairdresser
123,1048,cast,9,Colonel Passy
123,360,cast,10,Legrain
123,368,cast,11,Commander of the camp
123,367,cast,12,Paul Dounat
123,10439,cast,13,Baron de Ferte Talloire
123,460,cast,14,Gendarm
123,5380,cast,15,Gestapo's doctor
123,7920,cast,16,Colonel Jarret du Plessis
123,14864,cast,17,Octave Bonnafous
123,9140,cast,18,"Aubert, Pharmacien"
123,4364,cast,19,Dispatcher
123,1544,cast,20,R.A.F. Major
123,10476,director,1,
123,11987,writer,1,
123,10476,writer,2,
124,10015,cast,1,Arthur
124,10910,cast,2,Santa
124,2467,cast,3,Grandsanta
124,9168,cast,4,Steve
124,9365,cast,5,Mrs Santa
124,1814,cast,6,Bryony
124,14816,cast,7,Peter
124,13549,cast,8,North Pole Computer
124,6879,cast,9,Chief De Silva
124,18895,cast,10,Gwen
124,16155,cast,11,Ernie Clicker
124,20582,cast,12,Lead Elf
124,19490,cast,13,Lead Elf
124,11074,cast,14,Lead Elf
124,19174,cast,15,Lead Elf
124,10155,cast,16,Lead Elf
124,9239,cast,17,Lead Elf
124,1206,cast,18,Lead Elf
124,5676,cast,19,Lead Elf
124,18272,cast,20,Elf
124,20642,director,1,
124,2075,director,2,
124,18272,writer,1,
124,20642,writer,2,
125,9692,cast,1,Melvin Udall
125,8814,cast,2,Carol Connelly
125,8300,cast,3,Simon Bishop
125,4528,cast,4,Frank Sachs
125,21314,cast,5,Vincent
125,21137,cast,6,Beverly
125,24047,cast,7,Jackie
125,14487,cast,8,Nora
125,10897,cast,9,Verdell
125,22525,cast,10,Supporting Dog
125,2541,cast,11,Supporting Dog
125,2400,cast,12,Neighbor Woman
125,20077,cast,13,Carl
125,2282,cast,14,Caterer
125,9827,cast,15,Partygoer
125,13618,cast,16,Partygoer
125,740,cast,17,Partygoer
125,2856,cast,18,Handyman
125,13297,cast,19,Mother at Table
125,1459,cast,20,Daughter at Table
125,9994,director,1,
125,15170,writer,1,
125,9994,writer,2,
126,22100,cast,1,Qiao
126,6990,cast,2,Bin
126,24335,cast,3,Karamay Train Passenger
126,3396,cast,4,Lin Jiayan
126,23976,cast,5,Doctor
126,24077,cast,6,Lin Jiadong
126,24071,cast,7,Fengjie Restaurant Patron #1
126,10874,cast,8,Boat Passenger
126,24069,cast,9,Fengjie Restaurant Patron #2
126,24359,cast,10,Fengjie Policeman
126,23988,cast,11,Li Xuan
126,12470,cast,12,
126,10876,cast,13,
126,16514,cast,14,Er Yong
126,23650,cast,15,
126,24331,director,1,
126,24331,writer,1,
127,1912,cast,1,Ethan Bishop
127,4884,cast,2,Napoleon Wilson
127,13622,cast,3,Leigh
127,15395,cast,4,Lawson
127,22821,cast,5,Wells
127,3600,cast,6,Starker
127,16908,cast,7,Julie
127,18289,cast,8,Ice Cream Man
127,11476,cast,9,Warden
127,14812,cast,10,Patrolman Tramer
127,399,cast,11,Patrolman Baxter
127,8889,cast,12,Chaney
127,13129,cast,13,Kathy
127,7322,cast,14,White Warlord
127,8049,cast,15,Chicano Warlord
127,18336,cast,16,Caudell
127,347,cast,17,Oriental Warlord
127,9983,cast,18,Black Warlord
127,8083,cast,19,Bus Driver
127,4280,cast,20,First Guard
127,11358,director,1,
127,11358,writer,1,
128,16990,cast,1,Atanarjuat
128,21956,cast,2,Atuat
128,18354,cast,3,Oki
128,14417,cast,4,Puja
128,14589,cast,5,Panikpak
128,18160,cast,6,"Qulitalik, A shaman"
128,6851,cast,7,"Sauri, the chief"
128,17715,cast,8,Amaqjuaq
128,17070,cast,9,Uluriaq
128,64,cast,10,Tungajuaq
128,1619,cast,11,Kumaglak
128,15491,cast,12,Niriuniq
128,14473,cast,13,Pittiulak
128,591,cast,14,Pakak
128,6675,cast,15,Young Sauri
128,21616,cast,16,Young Tulimaq
128,18666,cast,17,Young Pittaluk
128,15426,cast,18,Young Panikpak
128,3714,cast,19,Young Qulitalik
128,1873,cast,20,Sauri's wife
128,24276,director,1,
128,17956,writer,1,
128,17444,writer,2,
128,24276,writer,3,
128,8948,writer,4,
128,18160,writer,5,
129,14636,cast,1,Self - Gymnast
129,8089,cast,2,Self - Maggie's Mom
129,11571,cast,3,Self - Maggie's Dad
129,21647,cast,4,"Self - Investigations Editor, The Indianapolis Star"
129,15144,cast,5,"Self - Investigations Reporter, The Indianapolis Star"
129,15168,cast,6,"Self - Investigations Reporter, The Indianapolis Star"
129,18774,cast,7,Self - Former Gymnast
129,10825,cast,8,Self - USA Rhythmic Gymnastics Champion
129,10092,cast,9,Self - USA Olympic Team 2000
129,11527,cast,10,"Self - Attorney, Manly Stewart & Finaldi"
129,22490,cast,11,"Self - Investigations Reporter, The Indianapolis Star"
129,10665,cast,12,"Self - USA National Gymnastics Champion 1986, Author, Chalked Up"
129,8010,cast,13,Self - Karolyi Choreographer 1974-2002
129,22933,cast,14,Self - USA Olympic Team 1984
129,16405,cast,15,"Self - Former President, USA Gymnastics 1983-1994"
129,1086,cast,16,Self - Michigan State University Police
129,1238,cast,17,"Self - Assistant Attorney General, State of Michigan"
129,21692,cast,18,"Self - President, USA Gymnastics"
129,10766,cast,19,"Self - U.S. Senator, Kansas"
129,19227,cast,20,"Self - U.S. Senator, Connecticut"
129,2703,director,1,
129,11761,director,2,
130,14723,cast,1,Ada
130,867,cast,2,Issa
130,22945,cast,3,Souleiman
130,17271,cast,4,Dior
130,935,cast,5,Fanta
130,15000,cast,6,Mariama
130,4463,cast,7,Thérèse
130,9300,cast,8,Commissaire Sy
130,5538,cast,9,M. Ndiaye
130,43,cast,10,Cheikh
130,1965,cast,11,Omar
130,1627,cast,12,Mère Ada
130,23991,cast,13,Grand-mère Ada
130,1964,cast,14,Père Ada
130,1849,cast,15,Mère Souleimane
130,13069,cast,16,Mère Mariama
130,20919,cast,17,Mme N'Diaye
130,17050,cast,18,Copine Mariama
130,14724,cast,19,Mère Omar
130,17597,cast,20,Père Omar
130,15592,director,1,
130,15592,writer,1,
130,17583,writer,2,
131,1182,cast,1,Serhiy
131,14123,cast,2,Katya
131,23218,cast,3,Ivan
131,13998,cast,4,Ketrin
131,18524,cast,5,Foreign Representative
131,9328,cast,6,Forensic Examiner
131,20886,cast,7,Forensic Examiner
131,20887,cast,8,Head of the Group of Engineers
131,23429,cast,9,Aidman
131,12609,cast,10,Translator
131,17524,cast,11,Border Guard
131,9324,cast,12,Director of ATP
131,12560,cast,13,Nurse
131,21482,cast,14,Driver of the Water Carrier
131,8484,cast,15,A driver of a jeep
131,23144,director,1,
131,23144,writer,1,
132,12768,cast,1,Cecilia Tallis
132,10015,cast,2,Robbie Turner
132,2798,cast,3,Grace Turner
132,20592,cast,4,"Briony Tallis, aged 13"
132,243,cast,5,Singing Housemaid
132,12222,cast,6,Betty
132,8627,cast,7,Emily Tallis
132,12357,cast,8,Lola Quincey
132,7058,cast,9,Pierrot Quincey
132,3717,cast,10,Jackson Quincey
132,672,cast,11,Danny Hardman
132,17896,cast,12,Leon Tallis
132,2232,cast,13,Paul Marshall
132,18452,cast,14,Police Inspector
132,13670,cast,15,Police Constable
132,18392,cast,16,Police Sergeant
132,4743,cast,17,Tommy Nettle
132,17407,cast,18,Frank Mace
132,16276,cast,19,Frenchman
132,14061,cast,20,Frenchman
132,11230,director,1,
132,9273,writer,1,
132,4056,writer,2,
133,1756,cast,1,Self - Former Attica Prisoner
133,3275,cast,2,Self - Former Attica Prisoner
133,23068,cast,3,Self - Former Attica Prisoner
133,7802,cast,4,Self - Former Attica Prisoner
133,4963,cast,5,Self - Former Attica Prisoner
133,4755,cast,6,Self - Former Attica Prisoner
133,13632,cast,7,Self - Former Attica Prisoner
133,11190,cast,8,Self - Lawyer
133,5308,cast,9,Self - Daughter of Guard William Quinn
133,13919,cast,10,Self - Observer Committee
133,695,cast,11,Self - Former Attica Prisoner
133,356,cast,12,Self - Former Attica Prisoner
133,11480,cast,13,Self - Reporter
133,21747,cast,14,Self - Reporter
133,8939,cast,15,Self - Observer Committee
133,9879,cast,16,Self - Former Attica Prisoner
133,1325,cast,17,Self - Wife of Hostage Carl Valone
133,15510,cast,18,Self - Daughter of Hostage Carl Valone
133,5737,cast,19,Self - Son of Hostage Al Mitzel
133,9836,cast,20,Self - Son of Hostage Carl Valone
133,22938,director,1,
133,21499,director,2,
133,21499,writer,1,
134,1433,cast,1,Marie
134,23538,cast,2,Jacques
134,7267,cast,3,Gérard
134,10378,cast,4,Arnold
134,18539,cast,5,Marie's Father
134,18621,cast,6,Merchant
134,17006,cast,7,Marie's Mother
134,15035,cast,8,Baker's Wife
134,10412,cast,9,The Priest
134,8434,cast,10,
134,10484,cast,11,Notary
134,8417,cast,12,Veterinarian
134,16829,cast,13,Nurse
134,9807,cast,14,Police Officer
134,7276,cast,15,Baker
134,8864,cast,16,
134,8070,cast,17,
134,5690,cast,18,
134,22892,cast,19,Louis
134,19129,cast,20,
134,19528,director,1,
134,19528,writer,1,
135,7683,cast,1,Julien Quentin
135,18946,cast,2,Jean Bonnet
135,7216,cast,3,Mme Quentin
135,21480,cast,4,François Quentin
135,18551,cast,5,Père Jean
135,7259,cast,6,Père Michel
135,7271,cast,7,Joseph
135,18334,cast,8,Muller
135,17786,cast,9,Boulanger
135,2270,cast,10,Ciron
135,19312,cast,11,Sagard
135,23959,cast,12,Babinot
135,1709,cast,13,Negus
135,10491,cast,14,Laviron
135,14340,cast,15,Moreau
135,4719,cast,16,Tinchaut
135,14818,cast,17,Guibourg
135,922,cast,18,Florent
135,9443,cast,19,"Mlle Davenne, piano teacher"
135,10454,cast,20,Père Hippolyte
135,14288,director,1,
135,14288,writer,1,
136,19561,cast,1,Leonard Lowe
136,19797,cast,2,Dr. Malcolm Sayer
136,12266,cast,3,Eleanor Costello
136,20238,cast,4,Mrs. Lowe
136,11452,cast,5,Dr. Kaufman
136,18208,cast,6,Paula
136,725,cast,7,Lucy
136,12169,cast,8,Rose
136,2106,cast,9,Bert
136,7855,cast,10,Frank
136,1422,cast,11,Miriam
136,19316,cast,12,Sidney
136,13540,cast,13,Lolly
136,5493,cast,14,Rolando
136,10342,cast,15,Frances
136,13659,cast,16,Magda
136,24231,cast,17,Joseph
136,21730,cast,18,Luis
136,8179,cast,19,Dottie
136,8450,cast,20,Desmond
136,18221,director,1,
136,17558,writer,1,
136,21740,writer,2,
137,12254,cast,1,Fiona Anderson
137,16147,cast,2,Aubrey
137,8221,cast,3,Grant Anderson
137,21463,cast,4,Young Fiona
137,17596,cast,5,Marian
137,5262,cast,6,Veronica
137,4187,cast,7,Phoebe Hart
137,22412,cast,8,William Hart
137,467,cast,9,Dr. Fischer
137,8249,cast,10,Nurse Betty
137,13973,cast,11,Theresa
137,1156,cast,12,Liam
137,23639,cast,13,Madeleine Montpellier
137,12186,cast,14,Mrs. Albright
137,22686,cast,15,Michael
137,3362,cast,16,Eliza
137,15864,cast,17,Singing Nurse
137,13293,cast,18,Kristy
137,10816,cast,19,Mrs. Jenkins
137,10188,cast,20,Rebecca Albright
137,20633,director,1,
137,20633,writer,1,
137,737,writer,2,
138,6976,cast,1,Yvan de Wiel
138,21554,cast,2,Inès de Wiel
138,3294,cast,3,"Veuve, viuda Lacrosteguy"
138,12133,cast,4,Augusto Padel-Camón
138,9320,cast,5,Anibal Farrell
138,17704,cast,6,"Mrg, Mons. Tatoski"
138,12130,cast,7,Dekerman
138,652,cast,8,"Ambassadeur, Embajador Frydmer"
138,24243,cast,9,Guy Lombier
138,216,cast,10,Leopolda
138,6440,cast,11,"Magdalena Padel-Camón, Alicia Domecq"
138,8069,cast,12,Decôme
138,365,cast,13,René Keys
138,17700,cast,14,Chauffeur Ambassade
138,18816,cast,15,"Concierge, Conserje Hotel"
138,18962,cast,16,Guido
138,5384,cast,17,Anita
138,9415,cast,18,Bibi Morris
138,7036,cast,19,Fils Padel-Camón
138,18814,cast,20,Fils Padel-Camón
138,1092,director,1,
138,1092,writer,1,
138,15022,writer,2,
139,9921,cast,1,Farmer Hoggett
139,14624,cast,2,Esme Hoggett
139,4003,cast,3,Babe
139,16571,cast,4,Fly
139,4819,cast,5,Ferdinand
139,9189,cast,6,Rex
139,16568,cast,7,Maa
139,20219,cast,8,Cat
139,6914,cast,9,Old Ewe
139,16053,cast,10,Horse
139,3574,cast,11,Cow
139,18052,cast,12,Rooster
139,20047,cast,13,Narrator
139,24369,cast,14,Daughter
139,18011,cast,15,Son-in-Law
139,23488,cast,16,Grandson
139,2929,cast,17,Granddaughter
139,15421,cast,18,Valda
139,10177,cast,19,Country Woman
139,17733,cast,20,Country Woman
139,3914,director,1,
139,7862,writer,1,
139,3914,writer,2,
139,5558,writer,3,
140,2755,cast,1,Richard
140,3409,cast,2,Susan
140,7588,cast,3,Santiago
140,16633,cast,4,Anwar
140,18452,cast,5,Tom
140,8627,cast,6,Lilly
140,22971,cast,7,Douglas
140,15692,cast,8,Elyse
140,7907,cast,9,Robert
140,4243,cast,10,Jane
140,1065,cast,11,Walter
140,16130,cast,12,James
140,5456,cast,13,Barth
140,23645,cast,14,Tourist
140,8907,cast,15,Tourist
140,14016,cast,16,Tourist
140,10432,cast,17,Tourist
140,759,cast,18,Tourist
140,13981,cast,19,Tourist
140,14531,cast,20,Tourist
140,511,director,1,
140,8370,writer,1,
140,511,writer,2,
141,1476,cast,1,Baby
141,11739,cast,2,Griff
141,11745,cast,3,Buddy
141,6277,cast,4,Darling
141,15957,cast,5,Barista
141,13999,cast,6,Debora
141,16735,cast,7,Street Preacher
141,13046,cast,8,Doc
141,16762,cast,9,Morse Diggs
141,4156,cast,10,Joseph
141,21320,cast,11,Baby's Mom
141,13435,cast,12,Baby's Dad
141,9150,cast,13,Young Baby
141,23445,cast,14,Diner Waitress
141,8503,cast,15,Cook
141,7123,cast,16,Eddie
141,13444,cast,17,JD
141,10096,cast,18,Bats
141,4254,cast,19,Marine
141,2921,cast,20,Young Mother
141,6112,director,1,
141,6112,writer,1,
142,16100,cast,1,Marty McFly
142,4070,cast,2,Dr. Emmett Brown
142,13666,cast,3,Lorraine Baines
142,4507,cast,4,George McFly
142,22754,cast,5,Biff Tannen
142,4241,cast,6,Jennifer Parker
142,14807,cast,7,Dave McFly
142,23633,cast,8,Linda McFly
142,7814,cast,9,Sam Baines
142,7196,cast,10,Stella Baines
142,10069,cast,11,Mr. Strickland
142,11020,cast,12,Skinhead
142,3394,cast,13,3-D
142,2546,cast,14,Match
142,8704,cast,15,Marvin Berry
142,5768,cast,16,Goldie Wilson
142,14090,cast,17,Babs
142,4508,cast,18,Betty
142,6478,cast,19,Clocktower Lady
142,23704,cast,20,Pa Peabody
142,19746,director,1,
142,19746,writer,1,
142,2628,writer,2,
143,16100,cast,1,"Marty McFly, Marty McFly Junior, Marlene McFly"
143,4070,cast,2,Doctor Emmett Brown
143,13666,cast,3,Lorraine
143,22754,cast,4,"Biff Tannen, Griff"
143,6363,cast,5,Jennifer
143,10069,cast,6,Strickland
143,10608,cast,7,George McFly
143,3394,cast,8,3-D
143,2546,cast,9,Match
143,11020,cast,10,Skinhead
143,3620,cast,11,Terry
143,6018,cast,12,'Michael Jackson' Video Waiter
143,10323,cast,13,'Ronald Reagan' Video Waiter
143,3625,cast,14,'Ayatollah Khomeini' Video Waiter
143,19415,cast,15,Data
143,4860,cast,16,Spike
143,10281,cast,17,Whitey
143,6344,cast,18,Video Game Boy
143,11670,cast,19,Video Game Boy
143,22351,cast,20,Hoverboard Girl
143,19746,director,1,
143,19746,writer,1,
143,2628,writer,2,
144,16100,cast,1,"Marty McFly, Seamus McFly"
144,4070,cast,2,Doctor Emmett Brown
144,15495,cast,3,Clara Clayton
144,22754,cast,4,"Buford 'Mad Dog' Tannen, Biff Tannen"
144,13666,cast,5,"Maggie McFly, Lorraine McFly"
144,6363,cast,6,Jennifer
144,15602,cast,7,Bartender
144,19263,cast,8,Barbwire Salesman
144,17795,cast,9,Saloon Old Timers
144,8655,cast,10,Saloon Old Timers
144,5939,cast,11,Saloon Old Timers
144,10069,cast,12,Marshal Strickland
144,14807,cast,13,Dave McFly
144,23633,cast,14,Linda McFly
144,10608,cast,15,George McFly
144,4105,cast,16,"Buford Tannen's Gang, Needles' Gang"
144,20795,cast,17,Buford Tannen's Gang
144,16437,cast,18,Buford Tannen's Gang
144,9161,cast,19,Mayor
144,3078,cast,20,Colt Gun Salesman
144,19746,director,1,
144,19746,writer,1,
144,2628,writer,2,
145,7588,cast,1,"Ángel, Juan, Zahara"
145,7045,cast,2,Enrique Goded
145,10297,cast,3,Paquito
145,4730,cast,4,Padre Manolo
145,14163,cast,5,Sr. Berenguer
145,7238,cast,6,Padre José
145,7235,cast,7,Ignacio
145,12119,cast,8,Martín
145,16846,cast,9,Ignacio
145,18961,cast,10,Enrique
145,471,cast,11,Enrique Serrano
145,18459,cast,12,Madre
145,20536,cast,13,Transformista
145,19761,cast,14,Camarero
145,212,cast,15,Limpiador Piscina
145,18175,cast,16,Limpiador Piscina
145,19591,cast,17,Man in public
145,14441,cast,18,Motero ochentero
145,18686,cast,19,Niño
145,17948,cast,20,Niño
145,18175,director,1,
145,18175,writer,1,
146,15386,cast,1,Kit
146,21304,cast,2,Holly
146,23583,cast,3,Father
146,18887,cast,4,Cato
146,422,cast,5,Deputy
146,7657,cast,6,Sheriff
146,11362,cast,7,Rich Man
146,3026,cast,8,Boy
146,7595,cast,9,Girl
146,3619,cast,10,Clerk
146,9119,cast,11,Boss
146,11701,cast,12,Trooper
146,5752,cast,13,Maid
146,2179,cast,14,Gas Attendant
146,6537,cast,15,Boy Under Lamppost
146,13931,cast,16,Chinese Kid
146,22247,cast,17,Caller at Rich Man's House
146,3716,cast,18,Boy Under Lamppost
146,22247,director,1,
146,22247,writer,1,
147,8589,cast,1,Adolescent Bambi
147,21471,cast,2,Young Flower
147,2685,cast,3,
147,18273,cast,4,Young Thumper
147,22344,cast,5,"Girl Bunny, Quail Mother, Female Pheasant"
147,5666,cast,6,
147,10175,cast,7,
147,10515,cast,8,
147,15136,cast,9,Birds
147,22484,cast,10,"Adolescent Thumper, Adolescent Flower"
147,5811,cast,11,Young Bambi
147,20425,cast,12,Adult Thumper
147,1303,cast,13,Adult Faline
147,6081,cast,14,Chipmunk
147,21634,cast,15,Adult Flower
147,9666,cast,16,Additional Voices
147,3163,cast,17,Young Faline
147,15471,cast,18,"Aunt Ena, Mrs. Possum"
147,14904,cast,19,Thumper's Mother
147,4198,cast,20,Bullfrog
147,9874,director,1,
147,20503,director,2,
147,5019,director,3,
147,8264,director,4,
147,17466,director,5,
147,1749,director,6,
147,4323,director,7,
147,18089,director,8,
147,2478,director,9,
147,7057,writer,1,
147,18236,writer,2,
147,13499,writer,3,
147,23252,writer,4,
147,2293,writer,5,
147,20121,writer,6,
147,4161,writer,7,
147,11221,writer,8,
147,14263,writer,9,
148,1347,cast,1,Odile
148,4213,cast,2,Arthur
148,4780,cast,3,English Teacher
148,14298,cast,4,Madame Victoria
148,3546,cast,5,Arthur's Aunt
148,20483,cast,6,Franz
148,7921,cast,7,Legionary
148,6757,cast,8,Arthur's Uncle
148,10382,cast,9,L'élève buveur d'alcool
148,16252,cast,10,Le portier
148,14282,cast,11,
148,4219,cast,12,Pupil
148,16290,cast,13,Student in English Class
148,10423,cast,14,Narrator
148,10423,director,1,
148,5662,writer,1,
148,10423,writer,2,
149,17329,cast,1,Barbara
149,20001,cast,2,André
149,18837,cast,3,Klaus Schütz
149,3993,cast,4,Assistenzärztin Schulze
149,4236,cast,5,Stationsschwester Schlösser
149,18445,cast,6,Medizinstudent
149,3337,cast,7,Medizinstudentin
149,5393,cast,8,Angelo
149,20024,cast,9,Hausmeisterin Bungert
149,10236,cast,10,Stella
149,18186,cast,11,Kellner im Ausflugslokal
149,6359,cast,12,Junge Kellnerin
149,15266,cast,13,Jörg
149,18276,cast,14,Gerhard
149,22438,cast,15,Rentner am Auto
149,1208,cast,16,Mitarbeiterin Schütz
149,22388,cast,17,Klavierstimmer
149,21885,cast,18,Steffi
149,10204,cast,19,Mario
149,748,cast,20,Angie
149,3977,director,1,
149,3977,writer,1,
149,8712,writer,2,
150,20268,cast,1,Barry Lyndon
150,15143,cast,2,Lady Honoria Lyndon
150,17901,cast,3,The Chevalier du Balibari
150,8591,cast,4,Capt. Potzdorf
150,21712,cast,5,Lord Ludd
150,7701,cast,6,Nora Brady
150,15049,cast,7,Barry's Mother
150,5512,cast,8,Lischen - German Girl
150,16808,cast,9,Rev. Samuel Runt
150,7353,cast,10,Sir Charles Lyndon
150,1062,cast,11,Lord Gustavus Adolphus Wendover
150,1772,cast,12,Capt. Feeny - the Highwayman
150,8193,cast,13,Capt. Grogan
150,13829,cast,14,Capt. John Quin
150,18527,cast,15,Graham
150,13813,cast,16,Lord Bullingdon
150,11326,cast,17,Recruiting Soldier
150,19866,cast,18,King George III
150,2511,cast,19,Mick - Nora's Brother
150,11790,cast,20,Lt. Jonathan Fakenham
150,21496,director,1,
150,21496,writer,1,
150,23814,writer,2,
151,11678,cast,1,Barton Fink
151,11440,cast,2,Charlie Meadows
151,12179,cast,3,Audrey Taylor
151,16122,cast,4,Jack Lipnick
151,11525,cast,5,W.P. Mayhew
151,22875,cast,6,Ben Geisler
151,11756,cast,7,Lou Breeze
151,21653,cast,8,Chet
151,5201,cast,9,Garland Stanford
151,19342,cast,10,Detective Mastrionotti
151,4083,cast,11,Detective Deutsch
151,9360,cast,12,Derek
151,15810,cast,13,Poppy Carnahan
151,13429,cast,14,Richard St. Claire
151,8651,cast,15,Pete
151,1507,cast,16,Maitre D'
151,9650,cast,17,Stagehand
151,15750,cast,18,Clapper Boy
151,19517,cast,19,Referee
151,4886,cast,20,Wrestler
151,11236,director,1,
151,6822,director,2,
151,11236,writer,1,
151,6822,writer,2,
152,16109,cast,1,"Batman, Bruce Wayne"
152,9692,cast,2,"Joker, Jack Napier"
152,13095,cast,3,Vicki Vale
152,19744,cast,4,Alexander Knox
152,17808,cast,5,Commissioner Gordon
152,2521,cast,6,Harvey Dent
152,16073,cast,7,Alfred
152,9698,cast,8,Grissom
152,10754,cast,9,Alicia
152,22937,cast,10,Bob the Goon
152,13732,cast,11,Mayor
152,23796,cast,12,Eckhardt
152,19364,cast,13,Goon
152,3205,cast,14,Goon
152,14551,cast,15,Goon
152,7844,cast,16,Goon
152,22229,cast,17,Goon
152,18529,cast,18,Goon
152,11653,cast,19,Accountant
152,6222,cast,20,Rotelli
152,22480,director,1,
152,2636,writer,1,
152,20432,writer,2,
152,23586,writer,3,
153,13003,cast,1,Batman
153,4675,cast,2,Andrea Beaumont
153,8706,cast,3,Arthur Reeves
153,21469,cast,4,"Phantasm, Carl Beaumont"
153,47,cast,5,Salvatore Valestra
153,5559,cast,6,Chuckie Sol
153,11580,cast,7,Buzz Bronski
153,6236,cast,8,Alfred
153,2631,cast,9,Commissioner Gordon
153,19547,cast,10,Detective Bullock
153,15208,cast,11,The Joker
153,10146,cast,12,Additional Voices
153,17813,cast,13,Additional Voices
153,23247,cast,14,Additional Voices
153,6035,cast,15,Additional Voices
153,18407,cast,16,Additional Voices
153,10542,cast,17,Additional Voices
153,3637,cast,18,Additional Voices
153,22379,cast,19,Additional Voices
153,15081,cast,20,Additional Voices
153,12989,director,1,
153,2743,director,2,
153,7362,director,3,
153,4660,director,4,
153,6678,director,5,
153,2997,director,6,
153,381,writer,1,
153,17991,writer,2,
153,15378,writer,3,
153,16173,writer,4,
153,2636,writer,5,
153,2434,writer,6,
154,16109,cast,1,"Batman, Bruce Wayne"
154,4805,cast,2,Penguin
154,16310,cast,3,"Catwoman, Selina"
154,4102,cast,4,Max Shreck
154,16073,cast,5,Alfred
154,16147,cast,6,Mayor
154,4509,cast,7,Ice Princess
154,1126,cast,8,Chip
154,17808,cast,9,Commissioner Gordon
154,23377,cast,10,Organ Grinder
154,21707,cast,11,Josh
154,10119,cast,12,Jen
154,11657,cast,13,Sword Swallower
154,19413,cast,14,Tattooed Strongman
154,1349,cast,15,Poodle Lady
154,8335,cast,16,Acrobat Thug One
154,6726,cast,17,Knifethrower Dame
154,22948,cast,18,Fat Clown
154,5887,cast,19,Thin Clown
154,2791,cast,20,Terrifying Clown #1
154,22480,director,1,
154,2636,writer,1,
154,4769,writer,2,
154,20432,writer,3,
155,518,cast,1,Grigory Vakulinchuk
155,23457,cast,2,Commander Golikov
155,8351,cast,3,Chief Officer Giliarovsky
155,9548,cast,4,Young Sailor Flogged While Sleeping
155,16444,cast,5,Militant Sailor
155,525,cast,6,Petty Officer
155,17337,cast,7,Woman With Pince-nez
155,13255,cast,8,Student Agitator
155,18729,cast,9,Mother Carrying Wounded Boy
155,1,cast,10,Wounded Boy
155,2138,cast,11,Woman With Baby Carriage
155,4789,cast,12,Sailor
155,9420,cast,13,Student
155,12203,cast,14,Woman with Food for Sailors
155,20864,cast,15,Odessa Citizen
155,1175,cast,16,Recruit
155,13264,cast,17,Legless Veteran
155,15416,cast,18,Officer
155,18730,cast,19,Old Man
155,19150,cast,20,Woman on the Steps
155,20864,director,1,
155,17322,writer,1,
155,20864,writer,2,
155,8351,writer,3,
155,17312,writer,4,
155,20870,writer,5,
156,18765,cast,1,Hushpuppy
156,5970,cast,2,Wink
156,13908,cast,3,Jean Battiste
156,14326,cast,4,Walrus
156,17732,cast,5,Little Jo
156,8088,cast,6,Miss Bathsheba
156,904,cast,7,LZA
156,11857,cast,8,Joy Strong
156,17151,cast,9,Boy with Bell
156,11958,cast,10,Winston
156,8892,cast,11,Peter T
156,12445,cast,12,T-Lou
156,18514,cast,13,Dr. Maloney
156,8561,cast,14,Open Arms Babysitter
156,10992,cast,15,Sgt. Major
156,12079,cast,16,The Cook
156,12899,cast,17,Baby Hushpuppy
156,15082,cast,18,Cabaret Singer
156,20096,cast,19,Barge Girl
156,10329,cast,20,Hospital Patient
156,2238,director,1,
156,14402,writer,1,
156,2238,writer,2,
157,5369,cast,1,Galoup
157,16273,cast,2,Commander Bruno Forestier
157,8315,cast,3,Gilles Sentain
157,19243,cast,4,Legionnaire
157,17239,cast,5,Legionnaire
157,132,cast,6,Legionnaire
157,16330,cast,7,Legionnaire
157,4652,cast,8,Legionnaire
157,8137,cast,9,Legionnaire
157,8026,cast,10,Legionnaire
157,14813,cast,11,Legionnaire
157,22451,cast,12,Legionnaire
157,10505,cast,13,Legionnaire
157,2308,cast,14,Legionnaire
157,5610,cast,15,Legionnaire
157,5637,cast,16,Legionnaire
157,35,cast,17,Legionnaire
157,15316,cast,18,Young Woman
157,14318,cast,19,
157,708,cast,20,
157,4166,director,1,
157,4166,writer,1,
157,10482,writer,2,
157,8938,writer,3,
158,17714,cast,1,Belle
158,19493,cast,2,Beast
158,10798,cast,3,Lefou
158,19153,cast,4,Maurice
158,1227,cast,5,Mrs. Potts
158,10769,cast,6,Lumiere
158,2764,cast,7,Chip
158,5110,cast,8,"Cogsworth, Narrator"
158,19376,cast,9,Gaston
158,11029,cast,10,Wardrobe
158,15467,cast,11,Bimbette
158,2850,cast,12,Stove
158,853,cast,13,Bookseller
158,22850,cast,14,Monsieur D'Arque
158,499,cast,15,Baker
158,13160,cast,16,Featherduster
158,8500,cast,17,Philippe
158,12610,cast,18,Bimbette
158,7395,cast,19,Footstool
158,9619,cast,20,"Tom - Gaston's Gang, Bartender"
158,7677,director,1,
158,13187,director,2,
158,14038,writer,1,
158,2799,writer,2,
158,3929,writer,3,
158,3071,writer,4,
158,7582,writer,5,
158,11630,writer,6,
158,10519,writer,7,
158,19641,writer,8,
158,12811,writer,9,
158,22664,writer,10,
158,11208,writer,11,
158,3000,writer,12,
159,10428,cast,1,"La Bête, Le Prince, Avenant"
159,12026,cast,2,Belle
159,16461,cast,3,Félicie
159,16919,cast,4,Adélaïde
159,16245,cast,5,Ludovic
159,18938,cast,6,Merchant
159,14817,cast,7,Belle's Father
159,10193,cast,8,La Belle
159,11496,cast,9,"The Father, The usurer"
159,9798,cast,10,
159,1004,cast,11,Félicie
159,8519,cast,12,Adélaïde
159,8333,cast,13,"La Bête, Avenant, Ardent, The port official"
159,24338,cast,14,Ludovic
159,17379,cast,15,Footman
159,10385,cast,16,Voice of Magic
159,3974,cast,17,Footman
159,8072,cast,18,Footman
159,10385,director,1,
159,19124,director,2,
159,10385,writer,1,
159,10519,writer,2,
160,492,cast,1,Adam
160,7709,cast,2,Barbara
160,16109,cast,3,Betelgeuse
160,1455,cast,4,Jane Butterfield
160,15723,cast,5,Ernie
160,9186,cast,6,Old Bill
160,18791,cast,7,Little Jane
160,3431,cast,8,Delia
160,9589,cast,9,Moving Man #1
160,15197,cast,10,Moving Man #2
160,10597,cast,11,Charles
160,23897,cast,12,Lydia
160,8169,cast,13,Otho
160,17829,cast,14,Receptionist
160,4146,cast,15,3-Fingered Typist
160,5911,cast,16,Char Man
160,3292,cast,17,Messenger
160,21247,cast,18,Janitor
160,21963,cast,19,Juno
160,19606,cast,20,Maxie Dean
160,22480,director,1,
160,16134,writer,1,
160,23586,writer,2,
160,13508,writer,3,
161,6824,cast,1,Jesse
161,12257,cast,2,Celine
161,20759,cast,3,Hank
161,1650,cast,4,Anna
161,10659,cast,5,Ella
161,3729,cast,6,Nina
161,23963,cast,7,Natalia
161,23549,cast,8,Patrick
161,24070,cast,9,Achilleas
161,1857,cast,10,Ariadni
161,17746,cast,11,Stefanos
161,6622,cast,12,Child
161,14755,cast,13,Child
161,1474,cast,14,Child
161,24166,cast,15,Hotel Clerk
161,20851,cast,16,Hotel Clerk
161,22299,cast,17,Air Stewardess
161,11647,cast,18,Airport Traveller in Opening Scene
161,19318,director,1,
161,19318,writer,1,
161,12257,writer,2,
161,6824,writer,3,
161,13122,writer,4,
162,10295,cast,1,Reinaldo Arenas
162,11718,cast,2,"Bon Bon, Lieutenant Victor"
162,17518,cast,3,Reinaldo's Mother
162,8111,cast,4,Young Reinaldo
162,14186,cast,5,Reinaldo's Grandmother
162,2119,cast,6,Reinaldo's Father
162,3291,cast,7,Teacher
162,4545,cast,8,Smallest School Child
162,17593,cast,9,Smallest School Child
162,23432,cast,10,Teenage Reinaldo
162,18176,cast,11,Reinaldo's Grandfather
162,5587,cast,12,Carlos
162,13933,cast,13,Lolin
162,20790,cast,14,Cuco Sanchez
162,10785,cast,15,Professor
162,1625,cast,16,Translator
162,6941,cast,17,Pretty Blonde Student
162,17858,cast,18,María Teresa Freye de Andrade
162,16230,cast,19,Heberto Zorilla Ochoa
162,8775,cast,20,Virgilio Piñera
162,12239,director,1,
162,4530,writer,1,
162,13658,writer,2,
162,12239,writer,3,
162,19160,writer,4,
162,10132,writer,5,
163,6824,cast,1,Jesse
163,12257,cast,2,Céline
163,1077,cast,3,Wife on Train
163,8567,cast,4,Husband on Train
163,12537,cast,5,Guy on Bridge
163,22303,cast,6,Guy on Bridge
163,6770,cast,7,Palm Reader
163,5678,cast,8,Street Poet
163,8755,cast,9,Bartender
163,8586,cast,10,Guitarist in Club
163,2404,cast,11,Belly Dancer
163,13358,cast,12,Percussionist
163,8583,cast,13,Cafe Patron
163,13961,cast,14,Cafe Patron
163,18360,cast,15,Cafe Patron
163,17670,cast,16,Cafe Patron
163,9142,cast,17,Cafe Patron
163,2789,cast,18,Cafe Patron
163,4419,cast,19,Cafe Patron
163,11647,cast,20,Cafe Patron
163,19318,director,1,
163,19318,writer,1,
163,13122,writer,2,
164,6824,cast,1,Jesse
164,12257,cast,2,Celine
164,23250,cast,3,Bookstore Manager
164,14310,cast,4,Journalist #1
164,19845,cast,5,Journalist #2
164,15009,cast,6,Waitress
164,5499,cast,7,Philippe
164,5366,cast,8,Boat Attendant
164,445,cast,9,Man at Grill
164,15058,cast,10,Woman in Courtyard
164,19318,director,1,
164,19318,writer,1,
164,12257,writer,2,
164,6824,writer,3,
164,13122,writer,4,
165,18525,cast,1,Andy
165,6824,cast,2,Hank
165,448,cast,3,Charles
165,15146,cast,4,Gina
165,514,cast,5,Chris
165,16192,cast,6,Dex
165,980,cast,7,Martha
165,20625,cast,8,Danielle
165,2858,cast,9,Bobby
165,20062,cast,10,Nanette
165,2575,cast,11,Justin
165,1661,cast,12,Katherine
165,13838,cast,13,William
165,13735,cast,14,Jake
165,4626,cast,15,Doctor
165,156,cast,16,Security Guard
165,17887,cast,17,Priest
165,739,cast,18,Receptionist
165,16971,cast,19,Secretary
165,12783,cast,20,Attendant
165,21216,director,1,
165,12826,writer,1,
166,13950,director,1,
166,21968,writer,1,
166,23618,writer,2,
166,3825,writer,3,
166,13950,writer,4,
167,11391,cast,1,Craig Schwartz
167,3142,cast,2,Lotte Schwartz
167,3426,cast,3,Maxine Lund
167,11526,cast,4,John Horatio Malkovich
167,17063,cast,5,Derek Mantini
167,6696,cast,6,Father at Puppet Show
167,14604,cast,7,Daughter at Puppet Show
167,17493,cast,8,Woman in Elevator
167,15468,cast,9,Floris
167,17635,cast,10,Dr. Lester
167,13219,cast,11,Wendy
167,19082,cast,12,Don
167,3089,cast,13,Captain Mertin
167,12176,cast,14,Tiny Woman
167,12996,cast,15,Cab Driver
167,23877,cast,16,Guy in Restaurant
167,23480,cast,17,First J.M. Inc. Customer
167,3716,cast,18,Charlie
167,7944,cast,19,Sad Man in Line
167,2453,cast,20,Mr. Hiroshi
167,21454,director,1,
167,3712,writer,1,
168,3736,cast,1,Judah Ben-Hur
168,9664,cast,2,Quintus Arrius
168,21574,cast,3,Messala
168,8746,cast,4,Esther
168,9164,cast,5,Sheik Ilderim
168,15330,cast,6,Miriam
168,3446,cast,7,Tirzah
168,20435,cast,8,Simonides
168,7100,cast,9,"Balthasar, Narrator"
168,7389,cast,10,Pontius Pilate
168,22227,cast,11,Drusus
168,7879,cast,12,Tiberius Caesar
168,1062,cast,13,Sextus
168,23092,cast,14,Officer Spectator at the Chariot Race
168,3240,cast,15,Soldier
168,1687,cast,16,Witness at the Birth of Jesus
168,1737,cast,17,Galley Guard
168,17106,cast,18,Oarsman
168,7170,cast,19,Soldier
168,3003,cast,20,Roman Officer
168,23869,director,1,
168,13910,writer,1,
168,12547,writer,2,
168,8226,writer,3,
168,15780,writer,4,
168,21334,writer,5,
168,4050,writer,6,
169,6085,cast,1,Axel Foley
169,12151,cast,2,Det. Billy Rosewood
169,11308,cast,3,Sgt. Taggart
169,14087,cast,4,Jenny Summers
169,20012,cast,5,Lt. Bogomil
169,21712,cast,6,Victor Maitland
169,10046,cast,7,Mikey Tandino
169,11783,cast,8,Zack
169,21586,cast,9,Chief Hubbard
169,8054,cast,10,Inspector Todd
169,1735,cast,11,Det. Foster
169,11233,cast,12,Det. McCabe
169,2937,cast,13,Serge
169,18080,cast,14,Jeffrey
169,16011,cast,15,Casey
169,7363,cast,16,Cigarette Buyer
169,7719,cast,17,Truck Driver
169,16075,cast,18,Hotel Manager
169,720,cast,19,Hotel Clerk
169,18518,cast,20,Donny
169,15343,director,1,
169,4750,writer,1,
169,4793,writer,2,
170,19797,cast,1,Andrew
170,6502,cast,2,"Little Miss, Portia"
170,20443,cast,3,Sir
170,17555,cast,4,Rupert Burns
170,13083,cast,5,Galatea
170,23639,cast,6,Ma'am
170,8518,cast,7,Little Miss - 7 Yrs. Old
170,14052,cast,8,Miss - 9 Yrs. Old
170,1226,cast,9,Miss
170,11555,cast,10,Bill Feingold
170,2765,cast,11,Lloyd
170,9323,cast,12,Lloyd - 10 Yrs. Old
170,11158,cast,13,Robot Delivery Man
170,2835,cast,14,Robot Delivery Man
170,21619,cast,15,Dennis Mansky
170,20746,cast,16,Motorcycle Punk
170,18761,cast,17,Frank
170,13320,cast,18,Monica
170,10322,cast,19,Charles
170,7810,cast,20,Male President
170,3877,director,1,
170,9479,writer,1,
170,19711,writer,2,
170,17163,writer,3,
171,6943,cast,1,Ed Bloom (young)
171,448,cast,2,Ed Bloom (senior)
171,2518,cast,3,Will Bloom
171,10830,cast,4,Sandra Bloom (senior)
171,8838,cast,5,Jenny (young & senior) & The Witch
171,770,cast,6,Sandra Bloom (young)
171,19611,cast,7,Dr. Bennett (senior)
171,15135,cast,8,Josephine
171,15664,cast,9,Karl the Giant
171,4987,cast,10,Don Price (age 18-22)
171,16585,cast,11,Mildred
171,14259,cast,12,Beamen
171,74,cast,13,Ping
171,1672,cast,14,Jing
171,21653,cast,15,Norther Winslow
171,4805,cast,16,Amos Calloway
171,5312,cast,17,Mr. Soggybottom
171,18247,cast,18,Ed Bloom (age 10)
171,8480,cast,19,Jenny (age 8)
171,8283,cast,20,Will Bloom (age 6-8)
171,22480,director,1,
171,4768,writer,1,
171,11309,writer,2,
172,18785,director,1,
172,18785,writer,1,
173,10090,cast,1,Billy
173,12277,cast,2,Mrs. Wilkinson
173,10409,cast,3,Grandma
173,10094,cast,4,Tony
173,7656,cast,5,Dad
173,21784,cast,6,Michael
173,16390,cast,7,George Watson
173,2525,cast,8,Mr Braithwaite
173,17228,cast,9,Debbie
173,3322,cast,10,Librarian
173,11209,cast,11,Gary Poulson
173,4362,cast,12,Mr. Wilkinson
173,10194,cast,13,Billy's Mum
173,22966,cast,14,PC Jeff Peverly
173,3705,cast,15,Sheila Briggs
173,5429,cast,16,Miner
173,5412,cast,17,NCB Official
173,15653,cast,18,Simon
173,21604,cast,19,Ballet Doctor
173,18083,cast,20,Tutor in medical
173,21581,director,1,
173,13699,writer,1,
174,16109,cast,1,Riggan
174,24271,cast,2,Jake
174,6200,cast,3,Mike
174,1088,cast,4,Laura
174,6586,cast,5,Sam
174,12933,cast,6,Korean Grocer
174,9866,cast,7,Stagehand (Daniel)
174,16932,cast,8,Lesley
174,10720,cast,9,Ralph
174,12621,cast,10,Costume Assistant
174,4613,cast,11,Gabriel
174,12746,cast,12,Han
174,310,cast,13,Translator
174,16971,cast,14,Clara
174,15930,cast,15,Annie
174,16196,cast,16,Larry
174,4206,cast,17,Sydney
174,980,cast,18,Sylvia
174,23870,cast,19,Bartender (Tommy)
174,14042,cast,20,Tabitha
174,511,director,1,
174,511,writer,1,
174,17240,writer,2,
174,602,writer,3,
174,1688,writer,4,
174,19006,writer,5,
175,3309,cast,1,Úrsula
175,11899,cast,2,Rapayet
175,16963,cast,3,Zaida
175,10867,cast,4,Moisés
175,8339,cast,5,Leonídas
175,11934,cast,6,Peregrino
175,12115,cast,7,Aníbal
175,16364,cast,8,The Pupil
175,20874,cast,9,Singing Shepherd
175,1842,cast,10,Indira
175,11927,cast,11,Miguel Dionisio
175,24015,cast,12,Leonidas as a Child
175,23307,cast,13,Isidoro
175,11132,cast,14,Gabriel
175,11884,cast,15,Sigifredo
175,7985,cast,16,Minister
175,14451,cast,17,Victoria
175,15920,cast,18,Herminia
175,7561,cast,19,Corporal Ramírez
175,16962,cast,20,Victoria as a Child
175,4514,director,1,
175,4154,director,2,
175,14955,writer,1,
175,9810,writer,2,
175,4514,writer,3,
175,4154,writer,4,
176,16377,cast,1,Self
176,3580,cast,2,Self
176,3881,cast,3,"Self, Copper Company Owner"
176,15448,cast,4,Self
176,6,cast,5,"Self, A.S. Embry"
176,1452,cast,6,Self
176,5885,cast,7,Self
176,5551,cast,8,Self
176,19279,cast,9,Self
176,19290,cast,10,"Self, Copper Company Owner"
176,13620,cast,11,"Self, Photographer, Miner"
176,15855,cast,12,"Self, Edward Cook"
176,21695,cast,13,"Self, Archie Cook"
176,21802,cast,14,Self
176,2154,cast,15,Self
176,7088,cast,16,"Self, Striking Miner"
176,10078,cast,17,"Self, John C. Greenway"
176,2955,cast,18,Self
176,18999,cast,19,Self
176,22074,cast,20,Self
176,19609,director,1,
176,3580,writer,1,
176,20251,writer,2,
176,3881,writer,3,
176,19609,writer,4,
177,16062,cast,1,George Woodhouse
177,8401,cast,2,Philip Meacham
177,3409,cast,3,Kathryn St. Jean
177,22644,cast,4,Freddie Smalls
177,15142,cast,5,Clarissa Dubose
177,19067,cast,6,Col. James Stokes
177,16933,cast,7,Dr. Zoe Vaughan
177,12422,cast,8,Anna Ko
177,15339,cast,9,Security Guard
177,18591,cast,10,Arthur Stieglitz
177,15827,cast,11,Zoe's Receptionist
177,17960,cast,12,Kathryn's Driver
177,2985,cast,13,The Major
177,17632,cast,14,Andrei Kulikov
177,4717,cast,15,Vadim Pavlichuk
177,4690,cast,16,Analyst #1
177,19061,cast,17,Analyst #2
177,908,cast,18,Angela Childs
177,576,cast,19,Mr. Green
177,21823,cast,20,Glam Girl
177,21732,director,1,
177,5057,writer,1,
178,12040,cast,1,Eversmann
178,6943,cast,2,Grimes
178,22733,cast,3,McKnight
178,6646,cast,4,Hoot
178,23781,cast,5,Sanderson
178,6946,cast,6,Nelson
178,20456,cast,7,Garrison
178,7553,cast,8,Kurth
178,13100,cast,9,Wex
178,9156,cast,10,Schmid
178,19948,cast,11,Durant
178,9413,cast,12,Beales
178,22683,cast,13,Yurek
178,3709,cast,14,Smith
178,4812,cast,15,Pilla
178,10259,cast,16,Steele
178,24317,cast,17,Harrell
178,8166,cast,18,Matthews
178,10716,cast,19,Wolcott
178,2814,cast,20,Kowalewski
178,19425,director,1,
178,15178,writer,1,
178,12881,writer,2,
179,13062,director,1,
180,5282,cast,1,Sister Clodagh
180,4996,cast,2,Mr. Dean
180,7129,cast,3,Sister Philippa
180,10674,cast,4,Sister Honey
180,12160,cast,5,Sister Briony
180,12627,cast,6,Sister Ruth
180,6792,cast,7,The Old General
180,20315,cast,8,The Young General
180,10495,cast,9,Kanchi
180,15784,cast,10,Angu Ayah
180,6092,cast,11,Joseph Anthony
180,20998,cast,12,Con
180,16914,cast,13,Mother Dorothea
180,13924,cast,14,Phuba
180,11072,cast,15,Girl in Classroom
180,15781,cast,16,Clodagh's Father in Flashback
180,22808,cast,17,Indian Woman
180,14914,cast,18,Clodagh's Grandmother in Flashback
180,8806,cast,19,Clodagh's Mother in Flashback
180,16169,director,1,
180,6506,director,2,
180,20174,writer,1,
180,16169,writer,2,
180,6506,writer,3,
181,3527,cast,1,"T'Challa, Black Panther"
181,15971,cast,2,Erik Killmonger
181,14488,cast,3,Nakia
181,4687,cast,4,Okoye
181,15357,cast,5,Everett K. Ross
181,4733,cast,6,W'Kabi
181,13899,cast,7,Shuri
181,23899,cast,8,M'Baku
181,21636,cast,9,N'Jobu
181,1219,cast,10,Ramonda
181,7165,cast,11,Zuri
181,1206,cast,12,Ulysses Klaue
181,7134,cast,13,Ayo
181,11483,cast,14,T'Chaka
181,5065,cast,15,Limbani
181,16844,cast,16,Linda
181,9486,cast,17,River Tribe Elder
181,4394,cast,18,Mining Tribe Elder
181,5866,cast,19,Merchant Tribe Elder
181,4826,cast,20,Border Tribe Elder
181,20252,director,1,
181,20252,writer,1,
181,11211,writer,2,
181,21477,writer,3,
181,9670,writer,4,
182,16977,cast,1,"Nina Sayers, The Swan Queen"
182,16460,cast,2,"Lily, The Black Swan"
182,23355,cast,3,"Thomas Leroy, The Gentleman"
182,23897,cast,4,"Beth Macintyre, The Dying Swan"
182,2031,cast,5,"Erica Sayers, The Queen"
182,2247,cast,6,"David, The Prince"
182,13334,cast,7,"Veronica, Little Swan"
182,13308,cast,8,"Galina, Little Swan"
182,10184,cast,9,"Madeline, Little Swan"
182,20812,cast,10,"Andrew, Suitor"
182,22596,cast,11,"Tom, Suitor"
182,20884,cast,12,"Sergio, Rothbart"
182,15229,cast,13,"Mr. Fithian, Patron"
182,22561,cast,14,"Mrs. Fithian, Patron"
182,61,cast,15,"Mr. Stein, Patron"
182,3722,cast,16,"Mrs. Stein, Patron"
182,14849,cast,17,Costumer Georgina
182,20999,cast,18,Stage Manager Sebastian
182,3888,cast,19,Sexy Waiter Scott
182,5286,cast,20,Administrator Susie
182,4867,director,1,
182,15213,writer,1,
182,1114,writer,2,
182,11477,writer,3,
183,2809,cast,1,Adam
183,746,cast,2,Eve
183,4102,cast,3,Calvin
183,21304,cast,4,Helen
183,5000,cast,5,Troy
183,11266,cast,6,Soda Jerk
183,4600,cast,7,Mom
183,8753,cast,8,Adam age 3½
183,5909,cast,9,Adam age 11
183,20275,cast,10,Adam age 8
183,5751,cast,11,Jerry
183,20744,cast,12,Young Psycho
183,22180,cast,13,Navy Pilot
183,19155,cast,14,Dave
183,4553,cast,15,Betty
183,8692,cast,16,Bob
183,23627,cast,17,Ruth
183,19278,cast,18,Guest
183,21646,cast,19,Harold
183,1320,cast,20,Woman Guest #1
183,9179,director,1,
183,2449,writer,1,
183,9179,writer,2,
184,18220,cast,1,
184,21005,cast,2,
184,2836,cast,3,Fannie Lou Hamer
184,863,cast,4,
184,24390,cast,5,
184,1528,cast,6,Mr. Abara (Rum Tycoon)
184,18363,cast,7,W.E.B Dubois
184,22878,cast,8,Sana
184,4412,cast,9,Front Desk Attendant
184,22983,cast,10,
184,17377,cast,11,
184,16672,cast,12,The Chairman
184,864,cast,13,
184,12467,cast,14,
184,9081,cast,15,
184,23907,cast,16,
184,10728,cast,17,
184,1018,cast,18,
184,266,cast,19,
184,11672,cast,20,
184,12425,director,1,
184,17612,writer,1,
184,21024,writer,2,
184,13286,writer,3,
184,14580,writer,4,
185,11438,cast,1,Ray
185,7197,cast,2,Abby
185,4651,cast,3,Julian Marty
185,14537,cast,4,Private Detective
185,20489,cast,5,Meurice
185,5285,cast,6,Debra
185,18949,cast,7,Landlady
185,23179,cast,8,Man from Lubbock
185,20837,cast,9,Mr. Garcia
185,23767,cast,10,Old Cracker
185,14203,cast,11,Strip Bar Exhorter
185,2640,cast,12,Strip Bar Senator
185,20958,cast,13,Stripper
185,16904,cast,14,Girl on Overlook
185,23830,cast,15,Radio Evangelist
185,9048,cast,16,Helene Trend
185,2101,cast,17,Marty's Vomiting
185,11236,director,1,
185,6822,director,2,
185,11236,writer,1,
185,6822,writer,2,
186,10024,cast,1,Ivan Cooper
186,22510,cast,2,Maj. Gen. Ford
186,17154,cast,3,Brig. Maclellan
186,803,cast,4,Kevin McCorry
186,7968,cast,5,Eamonn McCann
186,15480,cast,6,Bernadette Devlin
186,3286,cast,7,Bridget Bond
186,4101,cast,8,Maj. Steele
186,9974,cast,9,Col. Tugwell
186,5303,cast,10,Gerry Donaghy
186,6097,cast,11,Gerry's Girl
186,11117,cast,12,Mary Donaghy
186,16389,cast,13,Soldier 027
186,7995,cast,14,Para F
186,10284,cast,15,Para G
186,12895,cast,16,Para H
186,3032,cast,17,Para E
186,21273,cast,18,Col. Wilford
186,19170,cast,19,Maj. Loden
186,11722,cast,20,Jim
186,18013,director,1,
186,18013,writer,1,
187,11677,cast,1,Jack
187,16896,cast,2,Sally
187,11513,cast,3,Burke
187,5401,cast,4,Manny Karp
187,18281,cast,5,Sam
187,4532,cast,6,Donahue
187,11301,cast,7,Detective Mackey
187,11546,cast,8,Lawrence Henry
187,5280,cast,9,Hooker
187,9597,cast,10,Detective at Hospital
187,16586,cast,11,Coed Lover
187,19904,cast,12,Coed Lover
187,14225,cast,13,Sue
187,4147,cast,14,Dancing Coed
187,16587,cast,15,Dancing Coed
187,14878,cast,16,Ecstatic Coed
187,1307,cast,17,Studious Coed
187,5246,cast,18,Campus Guard
187,11380,cast,19,Maniac
187,1635,cast,20,Mixer
187,2852,director,1,
187,2852,writer,1,
187,2459,writer,2,
188,6951,cast,1,Sasha
188,6117,cast,2,Jeremy
188,9459,cast,3,Mother
188,103,cast,4,Father
188,13942,cast,5,Henry
188,18716,cast,6,Felix
188,991,cast,7,Adult Sasha
188,14418,cast,8,Emma
188,10529,cast,9,Becky
188,7924,cast,10,Ashley
188,15669,cast,11,Psychologist
188,12449,cast,12,Paul
188,12833,cast,13,Police Officer
188,826,cast,14,90s Family Support Worker
188,2379,cast,15,Social Worker
188,14096,cast,16,Social Worker
188,2831,cast,17,Social Worker
188,5469,cast,18,Social Worker
188,20496,cast,19,Social Worker
188,4763,cast,20,Social Worker
188,21427,director,1,
188,21427,writer,1,
189,13665,cast,1,Emma
189,118,cast,2,Adèle
189,20368,cast,3,Samir
189,1897,cast,4,Père Adèle
189,3434,cast,5,Mère Adèle
189,2250,cast,6,Antoine
189,16681,cast,7,Lise
189,832,cast,8,Béatrice
189,10693,cast,9,Thomas
189,1416,cast,10,Mère Emma
189,2273,cast,11,Beau Père Emma
189,20534,cast,12,Valentin
189,6997,cast,13,Amélie
189,14618,cast,14,Laetitia
189,20487,cast,15,Samir
189,22696,cast,16,Pierre
189,14758,cast,17,Manon
189,18751,cast,18,Eli
189,18270,cast,19,Peter
189,23904,cast,20,Wisdom
189,39,director,1,
189,39,writer,1,
189,8012,writer,2,
189,12188,writer,3,
190,20087,cast,1,Jean Newman
190,12963,cast,2,Vivian Highton
190,14408,cast,3,Lois Jackson
190,14498,cast,4,Siobhan Murphy
190,2153,cast,5,Jill
190,13379,cast,6,Lisa
190,15794,cast,7,Mindy Singh
190,6432,cast,8,Carol Ridley
190,956,cast,9,Debbie
190,21466,cast,10,Ace
190,9583,cast,11,Abi
190,12603,cast,12,Joni
190,13407,cast,13,Paula
190,7007,cast,14,Michelle
190,5322,cast,15,Dave
190,7696,cast,16,Baldock
190,6548,cast,17,Mrs. Lea
190,1616,cast,18,Sasha
190,20745,cast,19,Tim
190,5494,cast,20,Sammy
190,7927,director,1,
190,7927,writer,1,
191,9495,cast,1,Dorothy Vallens
191,13373,cast,2,Jeffrey Beaumont
191,5407,cast,3,Frank Booth
191,13537,cast,4,Sandy Williams
191,9083,cast,5,Mrs. Williams
191,5257,cast,6,Ben
191,7815,cast,7,Detective Williams
191,18727,cast,8,Mrs. Beaumont
191,7185,cast,9,Aunt Barbara
191,9662,cast,10,Mr. Beaumont
191,12887,cast,11,Mike
191,2749,cast,12,Raymond
191,9691,cast,13,Paul
191,9594,cast,14,Hunter
191,5552,cast,15,Don Vallens
191,7450,cast,16,Yellow Man
191,18521,cast,17,Dr. Gynde
191,13834,cast,18,Double Ed
191,16769,cast,19,Double Ed
191,20829,cast,20,Nurse Cindy
191,5077,director,1,
191,5077,writer,1,
192,23801,cast,1,Ned Racine
192,12641,cast,2,Matty Walker
192,19245,cast,3,Edmund Walker
192,22173,cast,4,Peter Lowenstein
192,9605,cast,5,Det. Oscar Grace
192,16343,cast,6,Teddy Lewis
192,13147,cast,7,Mary Ann
192,10153,cast,8,Stella
192,13442,cast,9,Roz Kraft
192,3328,cast,10,Heather Kraft
192,16182,cast,11,Miles Hardin
192,13495,cast,12,Judge Costanza
192,5283,cast,13,Beverly
192,14520,cast,14,Angela
192,22380,cast,15,Michael Glenn
192,20245,cast,16,Mrs. Singer
192,5535,cast,17,Glenda
192,19726,cast,18,Prison Trustee
192,15817,cast,19,Nurse
192,20239,cast,20,Betty The Housekeeper
192,13644,director,1,
192,13644,writer,1,
193,23572,cast,1,Clyde Barrow
193,7030,cast,2,Bonnie Parker
193,16101,cast,3,C.W. Moss
193,7725,cast,4,Buck Barrow
193,6805,cast,5,Blanche
193,5431,cast,6,Frank Hamer
193,5939,cast,7,Ivan Moss
193,6899,cast,8,Velma Davis
193,7742,cast,9,Eugene Grizzard
193,15319,cast,10,Bank Customer
193,8638,cast,11,Bonnie's Uncle
193,17679,cast,12,Policeman
193,7618,cast,13,Cop
193,14545,cast,14,Bonnie's Mother
193,17875,cast,15,Bank Teller
193,7191,cast,16,Bonnie's Aunt
193,20330,cast,17,Bank Customer
193,7624,cast,18,Billy
193,4324,cast,19,Deputy
193,20196,cast,20,Bank Guard
193,1773,director,1,
193,5106,writer,1,
193,19521,writer,2,
193,19725,writer,3,
194,15264,cast,1,"Eddie Adams, Dirk Diggler"
194,12246,cast,2,Amber Waves
194,3076,cast,3,Jack Horner
194,14439,cast,4,Maurice t.t. Rodriguez
194,19422,cast,5,Hot Traxx Waiter
194,11350,cast,6,Reed Rothchild
194,17253,cast,7,Becky Barnett
194,5712,cast,8,Buck Swope
194,8768,cast,9,Rollergirl
194,23790,cast,10,Little Bill
194,20497,cast,11,Hot Traxx Chef
194,17328,cast,12,Little Bill's Wife
194,2746,cast,13,Big Stud
194,11100,cast,14,Dirk's Mother
194,13643,cast,15,Dirk's Father
194,16203,cast,16,Stereo Customer
194,21492,cast,17,Buck's Manager
194,17840,cast,18,Teacher
194,12427,cast,19,"High School, College Kid"
194,13567,cast,20,Sheryl Lynn
194,18103,director,1,
194,18103,writer,1,
195,20316,cast,1,Borat
195,12857,cast,2,Azamat
195,14424,cast,3,Luenell
195,3779,cast,4,Bear
195,3696,cast,5,Bear
195,9343,cast,6,Self
195,17724,cast,7,Self - Autograph Signing
195,2615,cast,8,Self - Former Georgia Congressman
195,11952,cast,9,Self - Bed-and-Breakfast Owner
195,3331,cast,10,Self - Feminist
195,16596,cast,11,Prime Minister of Kazakhstan
195,11140,cast,12,Kazakh women - '06 Toronto Int'l Film Festival Premiere
195,396,cast,13,Self - 2-Time Republican Presidential Candidate
195,1063,cast,14,Pride Dancer
195,10479,cast,15,Kazakh Swimmer
195,3829,cast,16,Self - U.S. Congressman
195,2680,cast,17,Self - General Manager of Imperial Rodeo
195,23439,cast,18,Pamela Anderson Fan
195,10060,cast,19,Self - Chief Justice of State Supreme Court
195,14035,cast,20,Self - Feminist
195,13470,director,1,
195,20316,writer,1,
195,1513,writer,2,
195,18272,writer,3,
195,4656,writer,4,
195,22618,writer,5,
196,22656,cast,1,Ron Kovic
196,3024,cast,2,Young Ron
196,19012,cast,3,Mr. Kovic
196,3349,cast,4,Mrs. Kovic
196,12036,cast,5,Tommy Kovic
196,20893,cast,6,Young Tommy
196,10103,cast,7,Jimmy Kovic
196,20793,cast,8,Young Jimmy
196,1392,cast,9,Susanne Kovic
196,10632,cast,10,Young Susanne
196,20475,cast,11,Patty Kovic
196,6729,cast,12,Young Patty
196,873,cast,13,Baby Patty
196,13017,cast,14,Jackie Kovic
196,11438,cast,15,Marine Major
196,5202,cast,16,Lieutenant
196,10256,cast,17,Martinez
196,16019,cast,18,Wilson
196,17950,cast,19,Platoon
196,2406,cast,20,Platoon
196,17561,director,1,
196,19957,writer,1,
196,17561,writer,2,
197,14475,cast,1,Anthony Adams
197,17686,cast,2,Dignan
197,17065,cast,3,Dr. Nichols
197,21021,cast,4,Grace
197,8509,cast,5,Bernice
197,19669,cast,6,Bob Mapplethorpe
197,1174,cast,7,Future Man
197,2896,cast,8,H. Clay Murchison
197,10633,cast,9,Stacy Sinclair
197,22209,cast,10,Temple
197,5625,cast,11,Bookstore Employee
197,4877,cast,12,Bookstore Manager
197,21582,cast,13,Rob
197,14481,cast,14,Inez
197,12268,cast,15,Wife in Motelroom
197,5739,cast,16,Husband in Motelroom
197,1336,cast,17,Carmen
197,5815,cast,18,Rocky
197,15873,cast,19,Anita
197,19345,cast,20,Man in Bar
197,23655,director,1,
197,17686,writer,1,
197,23655,writer,2,
198,16143,cast,1,Self - Narrator
198,3736,cast,2,Self
198,15089,cast,3,Self
198,20396,cast,4,Self - President of Chile
198,16379,cast,5,"Self - Mayor of Sarnia, Ontario, Canada"
198,1738,cast,6,"Self - County Prosecutor: Flint, Michigan"
198,7794,cast,7,Self
198,7898,cast,8,Self
198,16005,cast,9,Self - Police Detective
198,19234,cast,10,Self - Columbine Victim
198,5547,cast,11,Self
198,2423,cast,12,Self
198,21661,cast,13,Self - Deputy Sheriff
198,17128,cast,14,Self - President of South Vietnam
198,16392,cast,15,Self - Shopper in Mall
198,11182,cast,16,Self - Superintendent of Schools
198,5428,cast,17,Self - Home Security Consultant
198,2082,cast,18,Self - Author of 'The Culture of Fear'
198,5553,cast,19,Self - Former Producer of 'Cops'
198,10706,cast,20,Self - Suspended for Wearing Kilt
198,16143,director,1,
198,16143,writer,1,
199,6420,cast,1,Mason
199,17833,cast,2,Olivia
199,6824,cast,3,Dad
199,6343,cast,4,Tommy
199,14201,cast,5,Samantha
199,21715,cast,6,Ted
199,2711,cast,7,Teacher
199,21942,cast,8,Elementary School Girl
199,13952,cast,9,Grandma
199,14862,cast,10,Professor Bill Welbrock
199,10099,cast,11,Mindy
199,1172,cast,12,Randy
199,20939,cast,13,Neighborhood Friend #1
199,22285,cast,14,Neighborhood Friend #2
199,20272,cast,15,Paul
199,20962,cast,16,Book Trivia Judge
199,15201,cast,17,Book Release Emcee
199,3715,cast,18,Jimmy
199,3094,cast,19,Barber
199,9049,cast,20,Mason's 4th Grade Teacher
199,19318,director,1,
199,19318,writer,1,
200,8986,cast,1,Brandon Teena
200,3843,cast,2,Lana Tisdel
200,18416,cast,3,John Lotter
200,2814,cast,4,Tom Nissen
200,744,cast,5,Candace
200,769,cast,6,Kate
200,10522,cast,7,Lana's Mom
200,19469,cast,8,Brian
200,15624,cast,9,Lonny
200,3788,cast,10,Nicole
200,19685,cast,11,Trucker
200,12052,cast,12,Kwik Stop Cashier
200,4486,cast,13,Trucker in Kwik Stop
200,21566,cast,14,April
200,10757,cast,15,Judge
200,14252,cast,16,Sheriff
200,14108,cast,17,Pam
200,9743,cast,18,Sam Phillips
200,11980,cast,19,Tom
200,16214,cast,20,Nerdy Teen
200,13151,director,1,
200,13151,writer,1,
200,1191,writer,2,
201,4528,cast,1,Tre Styles
201,13588,cast,2,Furious Styles
201,9149,cast,3,S.A.T. Man
201,14152,cast,4,Knucklehead #2
201,1219,cast,5,Reva Styles
201,16618,cast,6,Female Club Member
201,13923,cast,7,Mad Dog
201,12911,cast,8,Little Chris
201,17256,cast,9,Brandi - Age 10
201,3457,cast,10,Sheryl
201,16759,cast,11,Ricky Baker
201,4862,cast,12,Keisha
201,11383,cast,13,Lewis Crump
201,9301,cast,14,Doughboy
201,16845,cast,15,Trina
201,21847,cast,16,Mrs. Olaf
201,10849,cast,17,Officer Coffey
201,23063,cast,18,Mrs. Baker
201,5305,cast,19,Dooky
201,19074,cast,20,Chris
201,11644,director,1,
201,11644,writer,1,
202,11832,cast,1,Sam Lowry
202,13106,cast,2,Jill Layton
202,19561,cast,3,Harry Tuttle
202,12618,cast,4,Mrs. Ida Lowry
202,9263,cast,5,Mr. Kurtzmann
202,2633,cast,6,Spoor
202,16155,cast,7,Jack Lint
202,9285,cast,8,Mr. Warrenn
202,18438,cast,9,Mr. Helpmann
202,10910,cast,10,Dr. Jaffe
202,2032,cast,11,Mrs. Terrain
202,3659,cast,12,Lime
202,5460,cast,13,Dowser
202,12655,cast,14,Shirley
202,3028,cast,15,Spiro
202,21035,cast,16,Mrs. Buttle
202,11422,cast,17,"T.V. Interviewer, Salesman"
202,18974,cast,18,Technician
202,2879,cast,19,Mr. Buttle
202,21278,cast,20,Boy Buttle
202,22260,director,1,
202,22260,writer,1,
202,22737,writer,2,
202,3659,writer,3,
202,3567,writer,4,
203,13355,cast,1,Jeff Taylor
203,12111,cast,2,Red Barr
203,12638,cast,3,Amy Taylor
203,15806,cast,4,Earl
203,9694,cast,5,Billy
203,19155,cast,6,Sheriff Boyd
203,19454,cast,7,Al
203,16656,cast,8,Arleen
203,13130,cast,9,Deputy Len Carver
203,22424,cast,10,Calhoun
203,9684,cast,11,Bartender
203,23354,cast,12,Deke
203,8807,cast,13,Flo
203,1029,cast,14,Barfly
203,7726,cast,15,Tow Truck Driver
203,21704,cast,16,Cowboy In Bank
203,19410,cast,17,Truck Stop Trucker
203,785,cast,18,Spanish Girl
203,19412,cast,19,Producer
203,11827,director,1,
203,11827,writer,1,
203,20442,writer,2,
204,1883,cast,1,Holly Golightly
204,7872,cast,2,Paul Varjak
204,17854,cast,3,2E Failenson
204,3053,cast,4,Doc Golightly
204,15338,cast,5,O.J. Berman
204,11915,cast,6,José da Silva Pereira
204,11539,cast,7,Tiffany's Salesman
204,5870,cast,8,Mag Wildwood
204,21485,cast,9,Rusty Trawler
204,6485,cast,10,Librarian
204,415,cast,11,Sally Tomato
204,2385,cast,12,Nightclub Stripper
204,4228,cast,13,Sid Arbuck
204,17618,cast,14,Cat
204,16342,cast,15,Mr. Yunioshi
204,5701,cast,16,Bartender
204,326,cast,17,Spieler at Stripjoint
204,10173,cast,18,Woman
204,8884,cast,19,Party Guest
204,8886,cast,20,Narcotics Detective Cronberger
204,2586,director,1,
204,23002,writer,1,
204,7784,writer,2,
205,5397,cast,1,Dave
205,5420,cast,2,Mike
205,4757,cast,3,Cyril
205,9733,cast,4,Moocher
205,2005,cast,5,Mom
205,17993,cast,6,Dad
205,19802,cast,7,Katherine
205,8706,cast,8,Rod
205,989,cast,9,Nancy
205,18385,cast,10,Doctor
205,11308,cast,11,Mike's Brother
205,14109,cast,12,French Girl
205,10650,cast,13,Girl
205,18677,cast,14,Suzy
205,5048,cast,15,500 Race Announcer
205,23840,cast,16,500 Race Official
205,9121,cast,17,500 Race Official
205,10863,cast,18,Mr. York
205,3278,cast,19,Italian Rider
205,6096,cast,20,Italian Rider
205,18456,director,1,
205,21703,writer,1,
206,6561,cast,1,Bess McNeill
206,21534,cast,2,Jan Nyman
206,12679,cast,3,Dodo McNeill
206,10429,cast,4,Terry
206,162,cast,5,Dr. Richardson
206,11805,cast,6,Priest
206,20554,cast,7,Mother
206,23073,cast,8,Sadistic Sailor
206,16453,cast,9,Pits
206,19855,cast,10,Pim
206,18486,cast,11,Grandfather
206,19695,cast,12,Chairman
206,5473,cast,13,An Elder
206,20621,cast,14,Sybilla
206,7101,cast,15,Coroner
206,5009,cast,16,Glasgow Doctor
206,18982,cast,17,Man on Bus
206,17682,cast,18,Man at Lighthouse
206,2622,cast,19,Man on Boat
206,4947,cast,20,Young Sailor
206,13514,director,1,
206,13514,writer,1,
206,18269,writer,2,
206,5127,writer,3,
207,10453,cast,1,Michel Poiccard a.k.a. Laszlo Kovacs
207,10492,cast,2,Patricia Franchini
207,19218,cast,3,Tolmatchoff
207,19121,cast,4,Journalist at Orly
207,4702,cast,5,Police Inspector Vital
207,7966,cast,6,Photographer
207,18541,cast,7,Journalist
207,11903,cast,8,Man in wite car and elevator
207,10390,cast,9,Stolen man in toilets
207,10392,cast,10,Man looking at traffic victim
207,23180,cast,11,Patricia's friend from the Herald Tribune
207,13980,cast,12,"Liliane, Minouche"
207,16255,cast,13,Police Inspector #2
207,10423,cast,14,The Snitch
207,19881,cast,15,Carl Zubart
207,10408,cast,16,Soldier on the Champs-Elysées
207,13970,cast,17,Tolmatchoff's secretary
207,8867,cast,18,Antonio Berrutti
207,19011,cast,19,Journalist at Orly
207,1068,cast,20,Journalist at Orly
207,10423,director,1,
207,4214,writer,1,
207,10423,writer,2,
207,7278,writer,3,
208,12043,cast,1,Jess Aarons
208,1383,cast,2,Leslie Burke
208,24389,cast,3,Ms. Edmunds
208,19677,cast,4,Jack Aarons
208,1982,cast,5,May Belle Aarons
208,12579,cast,6,Mary Aarons
208,5485,cast,7,Brenda Aarons
208,6573,cast,8,Ellie Aarons
208,8241,cast,9,Joyce Aarons
208,13523,cast,10,Bill Burke
208,12184,cast,11,Judy Burke
208,17832,cast,12,Grandma Burke
208,13572,cast,13,"Janice Avery, Troll"
208,9506,cast,14,Carla
208,3147,cast,15,Scott Hoager
208,6451,cast,16,Gary Fulcher
208,3283,cast,17,Madison
208,10622,cast,18,Mrs. Myers
208,9962,cast,19,Principal Turner
208,9259,cast,20,Kenny - Bus Driver
208,7547,director,1,
208,10579,writer,1,
208,5119,writer,2,
208,12622,writer,3,
209,3490,cast,1,Laura Jesson
209,22967,cast,2,Dr. Alec Harvey
209,21495,cast,3,Albert Godby
209,12090,cast,4,Myrtle Bagot
209,4561,cast,5,Fred Jesson
209,6928,cast,6,Dolly Messiter
209,15165,cast,7,Mary Norton
209,14887,cast,8,Beryl Walters - Tea Room Assistant
209,23681,cast,9,Policeman at War Memorial
209,673,cast,10,Waiter at the Royal
209,23500,cast,11,Doctor at Bobbie's Accident
209,21936,cast,12,Johnnie - Second Soldier
209,17383,cast,13,Train Station Announcer
209,17472,cast,14,Herminie Rolandson - Mary's Cousin
209,23142,cast,15,Stephen Lynn - Alec's 'Friend'
209,9442,cast,16,Cellist and Organist
209,5403,cast,17,Stanley - Beryl's Man
209,6191,cast,18,Bill - First Soldier
209,7482,cast,19,Man in Cinema
209,19326,cast,20,Bobbie Jesson
209,5063,director,1,
209,17383,writer,1,
209,1510,writer,2,
209,5063,writer,3,
209,19997,writer,4,
210,17237,cast,1,Frank Pierce
210,17833,cast,2,Mary Burke
210,11440,cast,3,Larry
210,23390,cast,4,Marcus
210,22733,cast,5,Tom Wolls
210,14784,cast,6,Noel
210,15435,cast,7,Nurse Constance
210,4283,cast,8,Cy Coates
210,17120,cast,9,Dr. Hazmat
210,235,cast,10,Nurse Crupp
210,21385,cast,11,Kanita
210,4554,cast,12,Rose
210,187,cast,13,Griss
210,4529,cast,14,Mr. Burke
210,1762,cast,15,Captain Barney
210,15383,cast,16,Dispatcher
210,12317,cast,17,Sister Fetus
210,8253,cast,18,Neighbor Woman
210,15515,cast,19,Neighbor Woman
210,18583,cast,20,Mrs. Burke
210,15383,director,1,
210,11170,writer,1,
210,18091,writer,2,
211,12612,cast,1,Susan
211,3385,cast,2,David
211,3678,cast,3,Major Applegate
211,23528,cast,4,Slocum
211,2079,cast,5,Mr. Gogarty
211,15786,cast,6,Aunt Elizabeth
211,7517,cast,7,Dr. Lehman
211,13816,cast,8,Mrs. Gogarty
211,7838,cast,9,Mr. Peabody
211,22049,cast,10,Mrs. Lehman
211,23422,cast,11,Alice Swallow
211,11488,cast,12,Elmer
211,20227,cast,13,Minor Role
211,123,cast,14,Mrs. Peabody
211,1848,cast,15,George the Dog
211,23749,cast,16,David's Caddy
211,2506,cast,17,Joe - Bartender
211,21489,cast,18,Doorman
211,23570,cast,19,Motorcycle Cop at Jail
211,18855,cast,20,Nightclub Table Patron
211,9106,director,1,
211,5942,writer,1,
211,8477,writer,2,
212,9844,cast,1,Jack Twist
212,8763,cast,2,Ennis Del Mar
212,16316,cast,3,Alma
212,18931,cast,4,Joe Aguirre
212,23169,cast,5,Waitress
212,4919,cast,6,Basque
212,23311,cast,7,Chilean Sheepherder #1
212,13395,cast,8,Chilean Sheepherder #2
212,13502,cast,9,Jolly Minister
212,15409,cast,10,Timmy
212,22647,cast,11,Rodeo Clown
212,4657,cast,12,Bartender #1
212,5707,cast,13,Biker #1
212,21716,cast,14,Biker #2
212,1406,cast,15,Lureen Newsome
212,5962,cast,16,Announcer
212,5245,cast,17,Bartender #2
212,8563,cast,18,"Alma Jr., Age 3"
212,20729,cast,19,Monroe
212,15472,cast,20,Fayette Newsome
212,1212,director,1,
212,1458,writer,1,
212,13497,writer,2,
212,5515,writer,3,
213,20592,cast,1,Eilis
213,6605,cast,2,Tony
213,5669,cast,3,Jim Farrell
213,10910,cast,4,Father Flood
213,9162,cast,5,Priest
213,2903,cast,6,Miss Kelly
213,14621,cast,7,Mary
213,6583,cast,8,Mrs Brady
213,2022,cast,9,Shabby Woman
213,8077,cast,10,Timid Woman
213,7107,cast,11,Rose Lacey
213,10139,cast,12,Mary Lacey
213,6264,cast,13,Nancy
213,1733,cast,14,George Sheridan
213,6874,cast,15,Georgina
213,9918,cast,16,Ship Waiter
213,12277,cast,17,Mrs. Kehoe
213,6543,cast,18,Patty
213,6905,cast,19,Diana
213,17415,cast,20,Sheila
213,11388,director,1,
213,17195,writer,1,
213,4382,writer,2,
214,5337,cast,1,Self
214,20048,cast,2,Self
214,14502,cast,3,Self
214,23513,cast,4,Self - Ward Supporter
214,12859,cast,5,Self - Neighbor
214,11666,cast,6,Self - Neighbor
214,4906,cast,7,Self - Cousin
214,11974,cast,8,"Self - Bureau of Criminal Investigation, New York State Police"
214,8701,cast,9,Self - Friend
214,18851,cast,10,Self - Defense Attorney
214,15796,cast,11,"Self - Bureau of Criminal Investigation, New York State Police"
214,11688,cast,12,"Self - Bureau of Criminal Investigation, New York State Police"
214,19632,cast,13,"Self - Bureau of Criminal Investigation, New York State Police"
214,5766,cast,14,Self - Madison County District Attorney
214,4395,cast,15,Self
214,11159,director,1,
214,2994,director,2,
215,24116,cast,1,Lee Jong-soo
215,21739,cast,2,Ben
215,10685,cast,3,Shin Hae-mi
215,13133,cast,4,Yeon-ju
215,3854,cast,5,Lee Yong-seok
215,16728,cast,6,Lawyer
215,16511,cast,7,Judge
215,13724,cast,8,Prosecutor
215,1994,cast,9,Jong-su's Mom
215,3514,cast,10,Hae-mi's Mom
215,13683,cast,11,Hae-mi's Sister
215,9606,cast,12,Ja-yeon
215,11862,cast,13,Patrolman
215,20845,cast,14,Seok-chan
215,21097,cast,15,Shin-rok
215,23921,cast,16,Won-hyeong
215,24109,cast,17,Ben's home security guard
215,5786,cast,18,Self
215,13689,director,1,
215,12348,writer,1,
215,13689,writer,2,
215,8708,writer,3,
215,23780,writer,4,
216,18072,cast,1,Butch Cassidy
216,19690,cast,2,The Sundance Kid
216,12614,cast,3,Etta Place
216,21761,cast,4,Percy Garris
216,8902,cast,5,Bike Salesman
216,10548,cast,6,Sheriff Bledsoe
216,7826,cast,7,Woodcock
216,4317,cast,8,Agnes
216,22170,cast,9,Harvey Logan
216,12923,cast,10,Marshal
216,5810,cast,11,Macon
216,11147,cast,12,Large Woman
216,22545,cast,13,News Carver
216,5727,cast,14,Fireman
216,3608,cast,15,Flat Nose Curry
216,17742,cast,16,Bank Manager
216,17111,cast,17,Photographer
216,17978,cast,18,Card Player #1
216,20427,cast,19,Card Player #2
216,3565,cast,20,Bank Teller
216,7882,director,1,
216,23788,writer,1,
217,14142,cast,1,Sally Bowles
217,16236,cast,2,Brian Roberts
217,8855,cast,3,Maximilian von Heune
217,11240,cast,4,Master of Ceremonies
217,7521,cast,5,Fritz Wendel
217,15143,cast,6,Natalia Landauer
217,6361,cast,7,Fraulein Schneider
217,8833,cast,8,Fraulein Kost
217,21231,cast,9,Fraulein Mayr
217,7980,cast,10,Bobby
217,18850,cast,11,Herr Ludwig
217,7775,cast,12,Willi
217,19418,cast,13,Elke
217,6816,cast,14,Cantor
217,12648,cast,15,Kit-Kat Dancer
217,9395,cast,16,Kit-Kat Dancer
217,1248,cast,17,Kit-Kat Dancer
217,8832,cast,18,Kit-Kat Dancer
217,8127,cast,19,Kit-Kat Dancer
217,14315,cast,20,Kit-Kat Dancer
217,2627,director,1,
217,11200,writer,1,
217,11680,writer,2,
217,4061,writer,3,
217,10331,writer,4,
218,4696,cast,1,Georges Laurent
218,12300,cast,2,Anne Laurent
218,15713,cast,3,Majid
218,1451,cast,4,Georges's Mom
218,2298,cast,5,Georges's Editor-In-Chief
218,23498,cast,6,Majid's Son
218,13894,cast,7,Pierrot Laurent
218,4718,cast,8,Pierre
218,17009,cast,9,Mathilde
218,5376,cast,10,Yvon
218,258,cast,11,Chantal
218,3343,cast,12,Nurse
218,3959,cast,13,Georges's Father
218,18540,cast,14,TV Guest
218,14171,cast,15,Police Officer No. 2
218,10411,cast,16,TV Guest
218,18141,cast,17,The Orphanage Attendant
218,14274,cast,18,Bookstore Owner
218,1439,cast,19,"Georges's Mother, Young"
218,9183,cast,20,Georges as a Child
218,16080,director,1,
218,16080,writer,1,
219,7885,cast,1,Bill Denny
219,6455,cast,2,Charlie Waters
219,1315,cast,3,Barbara Miller
219,8445,cast,4,Susan Peters
219,6211,cast,5,Lew
219,12015,cast,6,Sparkie
219,2325,cast,7,Helen Brown
219,2040,cast,8,Lady on the Bus
219,2052,cast,9,Reno Barmaid
219,10319,cast,10,Robber
219,10559,cast,11,Lloyd Harris
219,2017,cast,12,Receptionist
219,23371,cast,13,First Bartender
219,858,cast,14,Go-Go Girl
219,11119,cast,15,Mother
219,9704,cast,16,Second Bartender
219,21223,cast,17,Woman at Bar
219,11378,cast,18,Man at Bar
219,6861,cast,19,Harvey
219,19302,cast,20,Used Car Salesman
219,19502,director,1,
219,12015,writer,1,
220,22528,cast,1,Elio
220,1698,cast,2,Oliver
220,16205,cast,3,Mr. Perlman
220,944,cast,4,Annella Perlman
220,6808,cast,5,Marzia
220,23281,cast,6,Chiara
220,23185,cast,7,Mafalda
220,1596,cast,8,Anchise
220,6312,cast,9,Bambi - Art Historian
220,14867,cast,10,Nico - Art Historian
220,1043,cast,11,Mounir
220,18425,cast,12,Isaac
220,1138,cast,13,Alessio
220,14954,cast,14,Elio's Friend
220,13322,cast,15,Astonished Store Customer
220,14345,director,1,
220,9980,writer,1,
220,1043,writer,2,
221,13192,cast,1,Self
221,255,cast,2,Self
221,6694,cast,3,Self
221,9787,cast,4,Self
221,12786,cast,5,Self
221,13321,cast,6,Selves
221,13105,cast,7,Self
221,8428,cast,8,Self
221,4477,cast,9,Self
221,3107,cast,10,Self
221,3425,cast,11,Self
221,3553,cast,12,Self
221,20826,cast,13,Self
221,12664,cast,14,Self
221,20591,cast,15,Self
221,16143,cast,16,Self
221,16879,cast,17,Self
221,23226,cast,18,Self
221,16792,cast,19,Self
221,21759,cast,20,Selves
221,13192,director,1,
221,5835,writer,1,
221,14089,writer,2,
222,15886,cast,1,Lee Israel
222,19264,cast,2,Jack Hock
222,5660,cast,3,Anna
222,2189,cast,4,Alan Schmidt
222,8328,cast,5,Andre
222,10143,cast,6,Marjorie
222,21622,cast,7,Paul
222,3975,cast,8,Kurt
222,18736,cast,9,Agent Doyle
222,6716,cast,10,Agent Solanas
222,2784,cast,11,Glen
222,20926,cast,12,Nell
222,20030,cast,13,Rachel
222,1339,cast,14,Elaine
222,14795,cast,15,Lloyd
222,14837,cast,16,Guest at Party
222,19750,cast,17,Tom Clancy Groupie
222,22552,cast,18,Karen
222,20577,cast,19,Yale Librarian
222,12995,cast,20,Tom Clancy
222,15068,director,1,
222,17264,writer,1,
222,10581,writer,2,
223,23418,cast,1,Helen Lyle
223,23954,cast,2,Trevor Lyle
223,22879,cast,3,The Candyman
223,12565,cast,4,Bernadette Walsh
223,23202,cast,5,Anne-Marie McCoy
223,5321,cast,6,Jake
223,15012,cast,7,Clara
223,22187,cast,8,Billy
223,19177,cast,9,Monica
223,15189,cast,10,Student
223,14077,cast,11,Diane
223,94,cast,12,Danny
223,6661,cast,13,Harold
223,3366,cast,14,Stacey
223,2003,cast,15,Henrietta Mosely
223,20656,cast,16,Kitty Culver
223,13522,cast,17,Baby Anthony
223,13441,cast,18,Baby Anthony
223,16031,cast,19,Purcell
223,2305,cast,20,Archie Walsh
223,2305,director,1,
223,4307,writer,1,
223,2305,writer,2,
224,18525,cast,1,Truman Capote
224,4292,cast,2,Perry Smith
224,3426,cast,3,Nelle Harper Lee
224,825,cast,4,Laura Kinney
224,12803,cast,5,Nancy Clutter
224,4479,cast,6,Christopher
224,2940,cast,7,Barbara
224,12602,cast,8,Rose
224,5214,cast,9,Grayson
224,16099,cast,10,Williams
224,13363,cast,11,Porter
224,1141,cast,12,Car Rental Agent
224,12871,cast,13,Courthouse Guard
224,3879,cast,14,Alvin Dewey
224,19026,cast,15,Roy Church
224,19478,cast,16,Harold Nye
224,8683,cast,17,Sheriff Walter Sanderson
224,11765,cast,18,Journalist
224,11784,cast,19,Journalist
224,4095,cast,20,Journalist
224,2257,director,1,
224,4645,writer,1,
224,7941,writer,2,
225,6777,cast,1,Peter Blood
225,17566,cast,2,Arabella Bishop
225,14062,cast,3,Colonel Bishop
225,2116,cast,4,Levasseur
225,20075,cast,5,Jeremy Pitt
225,8429,cast,6,Hagthorpe
225,8911,cast,7,Lord Willoughby
225,19513,cast,8,Wolverstone
225,9042,cast,9,Dr. Bronson
225,5774,cast,10,Dr. Whacker
225,10851,cast,11,Mrs. Barlow
225,7168,cast,12,Honesty Nuttall
225,7350,cast,13,Rev. Ogle
225,9053,cast,14,Capt. Gardner
225,5189,cast,15,Andrew Baynes
225,9584,cast,16,Cahusac
225,18179,cast,17,Don Diego
225,7833,cast,18,Governor Steed
225,8660,cast,19,Kent
225,13827,cast,20,Baron Jeffreys
225,16034,director,1,
225,18819,writer,1,
225,3393,writer,2,
226,1714,cast,1,Self
226,10805,cast,2,Self
226,5007,cast,3,Self
226,6288,cast,4,Self
226,20894,cast,5,Self
226,11538,cast,6,Self
226,7192,cast,7,Self
226,1541,cast,8,Self
226,4125,cast,9,Self
226,12005,cast,10,Self
226,12147,cast,11,Self
226,9103,cast,12,Self
226,22,cast,13,Self
226,19952,cast,14,Self
226,20707,cast,15,Self
226,13491,cast,16,Self
226,5268,cast,17,Self
226,10746,cast,18,Self
226,18401,cast,19,Self
226,14158,cast,20,Self
226,1148,director,1,
227,6108,cast,1,Ilich Ramírez Sánchez 'Carlos'
227,623,cast,2,Johannes Weinrich
227,6978,cast,3,Michel Moukharbel
227,12486,cast,4,Feday chez Wadie Haddad
227,18556,cast,5,Feday Orly
227,13946,cast,6,Épouse Steff
227,13421,cast,7,Épouse religieux syrien
227,220,cast,8,Wadie Haddad
227,22050,cast,9,Kamal al-Issawi 'Ali'
227,12135,cast,10,Amie de Carlos
227,17419,cast,11,Magdalena Kopp
227,4016,cast,12,Hans-Joachim Klein 'Angie'
227,12207,cast,13,Gabriele Kröcher-Tiedemann 'Nada'
227,19840,cast,14,Anis Naccache 'Khalid'
227,1553,cast,15,Général al-Khouly
227,790,cast,16,"Wilfred Böse 'Boni', Wilfried Böse 'Boni'"
227,18881,cast,17,'Joseph'
227,24314,cast,18,'Youssef'
227,6979,cast,19,Colonel Haïtham Saïd
227,12611,cast,20,Brigitte Kuhlmann
227,17578,director,1,
227,17578,writer,1,
227,4643,writer,2,
227,4737,writer,3,
228,3409,cast,1,Carol Aird
228,20015,cast,2,Therese Belivet
228,20631,cast,3,Abby Gerhard
228,13369,cast,4,Harge Aird
228,9848,cast,5,Richard Semco
228,11523,cast,6,Dannie McElroy
228,4456,cast,7,Tommy Tucker
228,13006,cast,8,Fred Haymes
228,17294,cast,9,Phil McElroy
228,3373,cast,10,Genevieve Cantrell
228,22958,cast,11,Jack Taft
228,20332,cast,12,Rindy Aird
228,13220,cast,13,Rindy Aird
228,986,cast,14,Jennifer Aird
228,16081,cast,15,John Aird
228,23642,cast,16,Jeanette Harrison
228,17728,cast,17,Roberta Walls
228,8309,cast,18,Jerry Rix
228,16107,cast,19,Shipping Clerk
228,12697,cast,20,McKinley Motel Manager
228,22613,director,1,
228,17848,writer,1,
228,18581,writer,2,
229,21304,cast,1,Carrie White
229,18664,cast,2,Margaret White
229,970,cast,3,Sue Snell
229,11677,cast,4,Billy Nolan
229,23805,cast,5,Tommy Ross
229,16896,cast,6,Chris Hargenson
229,2359,cast,7,Miss Collins
229,18677,cast,8,Norma
229,18727,cast,9,Mrs. Snell
229,21939,cast,10,Mr. Fromm
229,21516,cast,11,Mr. Morton
229,16208,cast,12,Freddy
229,5883,cast,13,The Beak
229,8668,cast,14,George
229,17395,cast,15,Frieda
229,4146,cast,16,Cora
229,5316,cast,17,Rhonda
229,1477,cast,18,Ernest
229,20022,cast,19,Kenny
229,6116,cast,20,Helen
229,2852,director,1,
229,21598,writer,1,
229,13635,writer,2,
230,9203,cast,1,Rick Blaine
230,9400,cast,2,Ilsa Lund
230,18023,cast,3,Victor Laszlo
230,4226,cast,4,Captain Louis Renault
230,4409,cast,5,Major Heinrich Strasser
230,21937,cast,6,Signor Ferrari
230,18379,cast,7,Ugarte
230,21975,cast,8,Carl
230,14585,cast,9,Yvonne
230,5818,cast,10,Sam
230,12086,cast,11,Annina Brandel
230,11600,cast,12,Berger
230,13844,cast,13,Sascha
230,4531,cast,14,Pickpocket
230,44,cast,15,Arab
230,6626,cast,16,Guest at Rick's
230,6020,cast,17,Bar Patron
230,1711,cast,18,"French Soldier, Singer"
230,14294,cast,19,Refugee at Rick's
230,7291,cast,20,Overseer
230,16034,director,1,
230,18504,writer,1,
230,12310,writer,2,
230,9110,writer,3,
230,16805,writer,4,
230,11059,writer,5,
230,3393,writer,6,
231,20767,cast,1,Ben Willis
231,6531,cast,2,Sharon Pintey
231,16312,cast,3,Suzy
231,6702,cast,4,Canteen Lady
231,10309,cast,5,Steve Jenkins
231,20996,cast,6,Sean Higgins
231,12916,cast,7,Art Class Life Model
231,21474,cast,8,Art Class Teacher
231,12671,cast,9,Art Class Girl
231,21772,cast,10,Jenkins
231,3483,cast,11,Deer Girl in Sainsbury's
231,17138,cast,12,Woman at the Till
231,16042,cast,13,Barry Brickman
231,16117,cast,14,Matt Stephens
231,8739,cast,15,Old Lady at Deli Counter
231,13172,cast,16,"Shampoo, Frozen Girl 1"
231,3770,cast,17,"Shampoo, Frozen Girl 2"
231,23896,cast,18,Betting Employee
231,13769,cast,19,Woman with Trolley
231,9437,cast,20,Frozen Beautiful Girl
231,20772,director,1,
231,20772,writer,1,
232,19561,cast,1,Sam 'Ace' Rothstein
232,20982,cast,2,Ginger McKenna
232,11205,cast,3,Nicky Santoro
232,10084,cast,4,Lester Diamond
232,5742,cast,5,Billy Sherbert
232,398,cast,6,Andy Stone
232,13042,cast,7,Phillip Green
232,14330,cast,8,Pat Webb
232,5564,cast,9,Senator
232,7392,cast,10,Frank Marino
232,11333,cast,11,Don Ward
232,17789,cast,12,Remo Gaggi
232,15889,cast,13,Jennifer Santoro
232,2407,cast,14,John Nance
232,23395,cast,15,Artie Piscano
232,18528,cast,16,Dominick Santoro
232,6731,cast,17,Amy Rothstein (Older)
232,7402,cast,18,Frankie Avalon
232,21640,cast,19,Steve Allen
232,10344,cast,20,Jayne Meadows
232,15383,director,1,
232,17168,writer,1,
232,15383,writer,2,
233,4711,cast,1,James Bond
233,6876,cast,2,Vesper Lynd
233,12153,cast,3,M
233,10610,cast,4,Felix Leiter
233,14608,cast,5,Le Chiffre
233,8024,cast,6,Rene Mathis
233,3411,cast,7,Solange
233,21249,cast,8,Alex Dimitrios
233,9486,cast,9,Steven Obanno
233,10789,cast,10,Mr. White
233,9563,cast,11,Valenka
233,22591,cast,12,Villiers
233,4250,cast,13,Carlos
233,20813,cast,14,Mollaka
233,14700,cast,15,Dryden
233,19355,cast,16,Adolph Gettler
233,14421,cast,17,Mendel
233,12000,cast,18,Carter
233,4885,cast,19,Fisher
233,4270,cast,20,Kratt
233,15345,director,1,
233,17058,writer,1,
233,19729,writer,2,
233,18019,writer,3,
233,9256,writer,4,
234,22684,cast,1,Chuck Noland
234,8814,cast,2,Kelly Frears
234,18088,cast,3,Ramon
234,13457,cast,4,Bettina Peterson
234,13843,cast,5,Fyodor
234,4927,cast,6,Dick Peterson
234,24053,cast,7,Beautiful Russian Woman
234,23135,cast,8,Russian Babushka
234,20834,cast,9,Nicolai
234,18441,cast,10,Yuri
234,5648,cast,11,Lev
234,7261,cast,12,French FedEx Loader
234,16064,cast,13,Pilot Jack
234,23441,cast,14,Pilot Gwen
234,17215,cast,15,Stan
234,10636,cast,16,Memphis State Student
234,16890,cast,17,Kelly's Mother
234,1390,cast,18,Anne Larson
234,5411,cast,19,Dennis Larson
234,23649,cast,20,Wendy Larson
234,19746,director,1,
234,23757,writer,1,
235,15803,cast,1,Pazu
235,12764,cast,2,Sheeta
235,13269,cast,3,Dola
235,16537,cast,4,Muska
235,7526,cast,5,Uncle Pom
235,9303,cast,6,Shogun Mouro
235,9016,cast,7,Oyakata
235,14558,cast,8,Okami
235,22048,cast,9,Shalulu
235,24161,cast,10,Lui
235,21812,cast,11,Anli
235,20293,cast,12,Old Engineer
235,22111,cast,13,Madge
235,6281,cast,14,Underling
235,19098,cast,15,Sheeta's Grandmother
235,22009,cast,16,Chinese Minion
235,22799,cast,17,"Train Operator, Additional Voices"
235,21123,cast,18,Egyptian Minion
235,8966,cast,19,Gang
235,17374,cast,20,Additional Voices
235,8747,director,1,
235,8747,writer,1,
235,11841,writer,2,
236,21294,cast,1,Irena Dubrovna Reed
236,22651,cast,2,Dr. Louis Judd
236,12949,cast,3,Oliver Reed
236,10165,cast,4,Alice Moore
236,9665,cast,5,The Commodore
236,8877,cast,6,Sue Ellen
236,495,cast,7,Zookeeper
236,6075,cast,8,Street Policeman
236,6388,cast,9,Mrs. Plunkett
236,5990,cast,10,The Panther
236,5877,cast,11,Mrs. Agnew
236,15457,cast,12,Blondie
236,22359,cast,13,Minnie
236,3639,cast,14,Bus Driver
236,5773,cast,15,Taxi Driver
236,4397,cast,16,Neighbor Who Called Police
236,16797,cast,17,Sheep Caretaker
236,408,cast,18,Doc Carver
236,11595,cast,19,Café Proprietor
236,2372,cast,20,Mrs. Hansen
236,9811,director,1,
236,5489,writer,1,
237,13839,cast,1,Frank Abagnale Jr.
237,22684,cast,2,Carl Hanratty
237,4102,cast,3,Frank Abagnale
237,15386,cast,4,Roger Strong
237,17000,cast,5,Paula Abagnale
237,952,cast,6,Brenda Strong
237,9896,cast,7,Jack Barnes
237,2867,cast,8,Earl Amdursky
237,7338,cast,9,Tom Fox
237,21664,cast,10,Paul Morgan
237,3884,cast,11,Special Agent Witkins
237,11419,cast,12,Assistant Director Marsh
237,10642,cast,13,Cheryl Ann
237,16909,cast,14,Carol Strong
237,6436,cast,15,Marci
237,6378,cast,16,Lucy
237,8439,cast,17,Warden Garren
237,3170,cast,18,Darcy
237,15655,cast,19,Loan Officer
237,12059,cast,20,Football Player
237,21733,director,1,
237,7285,writer,1,
237,21478,writer,2,
237,10569,writer,3,
238,22100,cast,1,Qiaoqiao
238,24169,cast,2,
238,24354,cast,3,Guo Bin
238,14775,cast,4,
238,24353,cast,5,
238,23985,cast,6,
238,10881,cast,7,
238,24331,director,1,
238,24331,writer,1,
238,10873,writer,2,
239,23653,cast,1,"Self, Narrator"
239,10383,cast,2,Self
239,12286,cast,3,Self
239,10447,cast,4,Self
239,16268,cast,5,Self
239,8071,cast,6,Self
239,3334,cast,7,Self
239,5680,cast,8,Self
239,23160,cast,9,Self
239,17153,cast,10,Self
239,14976,cast,11,Self
239,23943,cast,12,Self
239,15721,cast,13,Self
239,23166,cast,14,
239,3616,cast,15,Interpreter
239,23468,cast,16,Narrator (French version)
239,23653,director,1,
239,23653,writer,1,
239,12174,writer,2,
240,10628,cast,1,Jenjira
240,1996,cast,2,Itt
240,10218,cast,3,Keng
240,18249,cast,4,Nurse Tet
240,22139,cast,5,The Mediator
240,21810,cast,6,Goddess 1
240,2391,cast,7,Goddess 2
240,20353,cast,8,Teng
240,18697,cast,9,Library's Director
240,20670,cast,10,Cream Hostess
240,1621,cast,11,Singing Woman
240,19210,cast,12,Richard Widner
240,12461,cast,13,Parasite Doctor
240,2721,cast,14,Dr. Prasan
240,23484,cast,15,Soldier's Wife
240,1728,cast,16,Petcharat
240,1620,director,1,
240,1620,writer,1,
241,7070,cast,1,Isadora
241,23391,cast,2,Josué
241,15079,cast,3,Irene
241,21353,cast,4,Ana
241,17660,cast,5,Cezar
241,17659,cast,6,Pedrão
241,21528,cast,7,Yolanda
241,15581,cast,8,Isaías
241,3114,cast,9,Moisés
241,21341,cast,10,Dora's Client
241,14753,cast,11,Dora's Client
241,19754,cast,12,Dora's Client
241,21069,cast,13,Dora's Client
241,14707,cast,14,Dora's Client
241,14963,cast,15,Dora's Client
241,14977,cast,16,Dora's Client
241,3949,cast,17,Dora's Client
241,11898,cast,18,Dora's Client
241,1073,cast,19,Dora's Client
241,21205,cast,20,Crente
241,23555,director,1,
241,11122,writer,1,
241,14871,writer,2,
241,23555,writer,3,
242,12300,cast,1,Elle
242,23847,cast,2,James Miller
242,10375,cast,3,L'homme de la place
242,198,cast,4,La femme de la place
242,8029,cast,5,La patronne du café
242,159,cast,6,Le fils
242,1256,cast,7,Le traducteur
242,1081,cast,8,Le guide
242,7099,cast,9,Le marié
242,14772,cast,10,La mariée
242,21,director,1,
242,21,writer,1,
242,3346,writer,2,
243,1251,cast,1,Christine Collins
243,4379,cast,2,Chief James E. Davis
243,980,cast,3,Carol Dexter
243,7692,cast,4,Walter Collins
243,16306,cast,5,Sandy
243,10112,cast,6,Operator
243,6704,cast,7,Operator
243,1572,cast,8,Operator
243,12962,cast,9,Operator
243,7399,cast,10,Ben Harris
243,16738,cast,11,Girl on Tricycle
243,14603,cast,12,Neighborhood Girl
243,11526,cast,13,Rev. Gustav Briegleb
243,5483,cast,14,Arthur Hutchins
243,19183,cast,15,Man at Diner
243,12103,cast,16,Cook
243,10594,cast,17,Captain J.J. Jones
243,5291,cast,18,Police Matron at Train
243,20204,cast,19,Reporter at Train
243,21630,cast,20,Reporter at Train
243,4297,director,1,
243,9595,writer,1,
244,3385,cast,1,Peter Joshua
244,1883,cast,2,Regina Lampert
244,23552,cast,3,Hamilton Bartholomew
244,9916,cast,4,Tex Panthollow
244,7841,cast,5,Herman Scobie
244,5689,cast,6,Sylvie Gaudet
244,17066,cast,7,Leopold W. Gideon
244,9799,cast,8,Insp. Edouard Grandpierre
244,17973,cast,9,Mr. Felix
244,22396,cast,10,Jean-Louis Gaudet
244,14785,cast,11,Subway Passenger
244,4244,cast,12,Maid
244,14819,cast,13,Taxi Driver
244,7905,cast,14,Man in Stamp Market
244,443,cast,15,Man in Stamp Market
244,18937,cast,16,Taxi Driver
244,14379,cast,17,Passer-by in the Public Garden
244,21493,cast,18,Man in Elevator
244,4353,cast,19,Hamilton Bartholomew
244,15851,cast,20,Man Smoking Cigarette in Nightclub
244,21493,director,1,
244,18429,writer,1,
244,14788,writer,2,
245,2172,cast,1,Holden
245,11262,cast,2,Alyssa
245,6832,cast,3,Fan
245,20731,cast,4,Collector
245,10262,cast,5,Banky
245,3389,cast,6,Little Kid
245,8375,cast,7,Singer
245,3297,cast,8,Kim
245,2882,cast,9,Exec. #1
245,15605,cast,10,Exec. #2
245,605,cast,11,Train Kid
245,22880,cast,12,Cashier
245,19050,cast,13,Dalia
245,17764,cast,14,Tory
245,23622,cast,15,Jane
245,12810,cast,16,Nica
245,11697,cast,17,Cohee Lundin
245,23006,cast,18,Young Kid at Record Store
245,6758,cast,19,Bystander
245,10265,cast,20,Jay
245,13045,director,1,
245,13045,writer,1,
246,1118,cast,1,Self
246,18648,cast,2,Self - Additional Featured Scientist
246,17052,cast,3,Self - Additional Featured Scientist
246,18477,cast,4,Self - Scientific Advisor
246,15194,cast,5,Self - Chief Scientific Advisor
246,20230,cast,6,Self - Scientific Advisor
246,14763,cast,7,Self - Additional Featured Scientist
246,17675,cast,8,Self - Chief Scientific Advisor
246,11092,cast,9,Self - Scientific Advisor
246,12386,cast,10,Self - Scientific Advisor
246,22972,cast,11,Self
246,20187,cast,12,Self - Additional Featured Scientist
246,10039,cast,13,Self - Scientific Advisor
246,16750,cast,14,Self - Additional Featured Scientist
246,24291,cast,15,Self
246,14456,cast,16,Self - Additional Featured Scientist
246,11371,cast,17,Self
246,19372,cast,18,Self
246,21803,cast,19,Self - Additional Featured Scientist
246,10574,director,1,
246,5221,writer,1,
246,23273,writer,2,
246,10574,writer,3,
247,15852,cast,1,Rocky
247,12220,cast,2,Ginger
247,18475,cast,3,Fetcher
247,14519,cast,4,Mac
247,22846,cast,5,Mr. Tweedy
247,10155,cast,6,Babs
247,16555,cast,7,Mrs. Tweedy
247,22546,cast,8,Nick
247,9365,cast,9,Bunty
247,2252,cast,10,Fowler
247,23946,cast,11,Additional Chicken
247,18378,director,1,
247,17208,director,2,
247,18378,writer,1,
247,17208,writer,2,
247,12519,writer,3,
247,15181,writer,4,
248,12246,cast,1,Julian
248,4311,cast,2,Theo Faron
248,3833,cast,3,Luke
248,16004,cast,4,Jasper
248,12121,cast,5,Baby Diego
248,16584,cast,6,Newsreader
248,19470,cast,7,Newsreader
248,11740,cast,8,Café Customer
248,19446,cast,9,Café Customer
248,13103,cast,10,Café Customer
248,3891,cast,11,Café Customer
248,18570,cast,12,Café Customer
248,19040,cast,13,Café Customer
248,1853,cast,14,Café Customer
248,13600,cast,15,Café Customer
248,14978,cast,16,Shirley
248,16083,cast,17,Mr. Griffiths
248,18464,cast,18,Ian
248,16570,cast,19,Caged German Grandmother
248,18538,cast,20,Janice
248,677,director,1,
248,677,writer,1,
248,22540,writer,2,
248,4931,writer,3,
248,15199,writer,4,
248,8743,writer,5,
248,18171,writer,6,
249,1675,cast,1,"Claire Reine, dite Garance"
249,10416,cast,2,Baptiste Debureau
249,18605,cast,3,Frédérick Lemaître
249,18632,cast,4,Jéricho
249,14956,cast,5,Nathalie
249,7687,cast,6,Fil de Soie
249,6966,cast,7,Avril
249,14830,cast,8,Le directeur des Funambules
249,17716,cast,9,Le régisseur des Funambules
249,6837,cast,10,Anselme Debureau
249,10160,cast,11,Mme Hermine
249,14841,cast,12,Marie
249,14276,cast,13,Le gendarme des 'Adrets'
249,8464,cast,14,L'employé des bains turcs
249,19905,cast,15,Le directeur du Grand Théâtre
249,9780,cast,16,Georges
249,18005,cast,17,L'inspecteur de police
249,464,cast,18,Scarpia Barrigni
249,19563,cast,19,Célestin
249,1888,cast,20,Le premier auteur de 'L'auberge des Adrets'
249,14823,director,1,
249,9804,writer,1,
250,4515,cast,1,Self
250,16365,cast,2,Self
250,23400,cast,3,Self
250,1012,cast,4,Self
250,15002,cast,5,Self
250,656,cast,6,Self
250,7151,cast,7,Self
250,146,cast,8,Self
250,19938,cast,9,Self
250,9347,cast,10,Self
250,5875,cast,11,Self
250,1028,cast,12,Self
250,4239,cast,13,Self
250,1239,cast,14,Self
250,166,cast,15,Self
250,4517,cast,16,Self
250,1241,cast,17,Self
250,13979,cast,18,Self
250,9423,cast,19,Self
250,4460,cast,20,Self
250,6099,director,1,
251,17636,cast,1,Sir John Falstaff
251,10520,cast,2,Doll Tearsheet
251,14913,cast,3,Mistress Quickly
251,11439,cast,4,Henry IV
251,15105,cast,5,Kate Percy
251,23529,cast,6,Mr. Silence
251,15960,cast,7,Pistol
251,12308,cast,8,Vassall
251,22817,cast,9,Ned Poins
251,1115,cast,10,Woman's Tailor
251,12795,cast,11,Lord Chief Justice
251,10718,cast,12,Prince John
251,423,cast,13,Shallow
251,7087,cast,14,Worcester
251,12775,cast,15,Prince Hal
251,17458,cast,16,Henry 'Hotspur' Percy
251,11928,cast,17,Northumberland
251,1142,cast,18,Westmoreland
251,3615,cast,19,"Bardolph, Peto"
251,7081,cast,20,Worcester's Son
251,17636,director,1,
251,23845,writer,1,
251,18947,writer,2,
251,17636,writer,3,
252,9692,cast,1,J.J. Gittes
252,7030,cast,2,Evelyn Mulwray
252,11472,cast,3,Noah Cross
252,18245,cast,4,Escobar
252,11458,cast,5,Yelburton
252,4866,cast,6,Hollis Mulwray
252,5532,cast,7,Ida Sessions
252,20114,cast,8,Mulvihill
252,19930,cast,9,Man with Knife
252,19217,cast,10,Loach
252,11198,cast,11,Walsh
252,2970,cast,12,Duffy
252,16918,cast,13,Sophie
252,10034,cast,14,Lawyer
252,9977,cast,15,Evelyn's Butler
252,2376,cast,16,Maid
252,10751,cast,17,Gardener
252,2169,cast,18,Katherine
252,20117,cast,19,Mayor Bagby
252,17364,cast,20,Councilman
252,19930,director,1,
252,19725,writer,1,
252,19930,writer,2,
253,2922,cast,1,Woman in Blonde Wig
253,22037,cast,2,"He Zhiwu, Cop 223"
253,22855,cast,3,Cop 663
253,7031,cast,4,Faye
253,23157,cast,5,Air Hostess
253,18643,cast,6,Manager of 'Midnight Express'
253,13716,cast,7,Richard
253,24348,cast,8,Man
253,13951,cast,9,The 2nd May
253,21375,cast,10,Man
253,22375,cast,11,Drug Dealer
253,19423,cast,12,Man
253,23274,cast,13,Barmaid
253,14526,cast,14,Complaining Customer
253,12483,director,1,
253,12483,writer,1,
254,9342,cast,1,Cinderella
254,10007,cast,2,"Jaq, Gus, Bruno"
254,6299,cast,3,Lady Tremaine
254,23245,cast,4,Fairy Godmother
254,4167,cast,5,Fairy Godmather - Live Action Reference
254,19172,cast,6,Drizella
254,8849,cast,7,Cinderella - Live Action Reference
254,14449,cast,8,"King, Grand Duke"
254,5703,cast,9,Doorman
254,14387,cast,10,Anastasia
254,10604,cast,11,Mert - a Mouse
254,16386,cast,12,Prince Charming
254,23828,cast,13,Prince Charming
254,15136,cast,14,Birds
254,6003,cast,15,Bruno
254,11704,cast,16,Herald
254,14392,cast,17,Perla - a Mouse
254,12334,cast,18,Lucifer
254,22455,cast,19,Mouse
254,4299,cast,20,Mouse
254,4323,director,1,
254,23682,director,2,
254,8528,director,3,
254,3674,writer,1,
254,2472,writer,2,
254,6645,writer,3,
254,22191,writer,4,
254,23901,writer,5,
254,9058,writer,6,
254,8688,writer,7,
254,12849,writer,8,
254,11210,writer,9,
254,15724,writer,10,
254,7387,writer,11,
255,18552,cast,1,Alfredo
255,6634,cast,2,Spaccafico
255,1571,cast,3,Maria Di Vita - Younger
255,9478,cast,4,Anna
255,13790,cast,5,Usher
255,14861,cast,6,Salvatore 'Totò' Di Vita - Teenager
255,18737,cast,7,Maria Di Vita - Older
255,209,cast,8,Elena Mendola
255,13855,cast,9,Father Adelfio
255,20402,cast,10,Salvatore 'Totò' Di Vita - Child
255,22093,cast,11,Blacksmith
255,17231,cast,12,Village Idiot
255,19748,cast,13,Lia
255,17346,cast,14,Peppino's Father
255,9802,cast,15,Salvatore 'Totò' Di Vita - Adult
255,2917,cast,16,Elena Mendola - Adult
255,17105,cast,17,
255,23036,cast,18,
255,15067,cast,19,
255,8107,cast,20,
255,8141,director,1,
255,8141,writer,1,
255,23205,writer,2,
256,17636,cast,1,Kane
256,11965,cast,2,"Jedediah Leland, Screening Room Reporter"
256,5857,cast,3,Susan Alexander Kane
256,204,cast,4,Mary Kane
256,20247,cast,5,Emily Monroe Norton Kane
256,18973,cast,6,James W. Gettys
256,6781,cast,7,"Herbert Carter, Screening Room Reporter"
256,6926,cast,8,Mr. Bernstein
256,23731,cast,9,Jerry Thompson
256,18100,cast,10,Raymond
256,7808,cast,11,Walter Parks Thatcher
256,7171,cast,12,Matiste
256,8398,cast,13,"The Headwaiter, Screening Room Reporter"
256,18532,cast,14,Mr. Rawlston
256,7923,cast,15,Miss Anderson
256,8695,cast,16,Kane's Father
256,21389,cast,17,Kane III
256,3055,cast,18,Kane - Age Eight
256,5699,cast,19,Man at Party in Everglades
256,14217,cast,20,Dancing Girl
256,17636,director,1,
256,8936,writer,1,
256,17636,writer,2,
256,11464,writer,3,
256,19899,writer,4,
256,16662,writer,5,
257,6207,cast,1,Self
257,8163,cast,2,Self
257,23750,cast,3,Self
257,9750,cast,4,Self
257,6948,cast,5,Self
257,10719,cast,6,Self
257,14538,cast,7,Self - Judge
257,12991,cast,8,Self - attorney representing Carolyn Jewel
257,8686,cast,9,Self - Judge
257,8462,cast,10,Self - Government Representative
257,16037,cast,11,Self - Judge
257,11823,cast,12,Self - Human Rights Lawyer
257,19724,cast,13,Self - Human Rights Lawyer
257,11907,cast,14,Self
257,19762,cast,15,Self
257,12228,cast,16,"Self - Editor, The Guardian"
257,18037,cast,17,Self
257,17194,cast,18,Self
257,12225,cast,19,Self
257,14820,cast,20,Self - Lawyer
257,13555,director,1,
257,13555,writer,1,
258,18371,cast,1,Self - Building Inspector
258,15412,cast,2,Self
258,7492,director,1,
259,3593,cast,1,A Tramp
259,23410,cast,2,A Blind Girl
259,7135,cast,3,The Blind Girl's Grandmother
259,8681,cast,4,An Eccentric Millionaire
259,332,cast,5,The Millionaire's Butler
259,8544,cast,6,A Prizefighter
259,11714,cast,7,Newsboy
259,9618,cast,8,Boxing Match Spectator
259,23004,cast,9,Doctor
259,23283,cast,10,Superstitious Boxer
259,437,cast,11,"Street Sweeper, Burglar"
259,8642,cast,12,Cop
259,6061,cast,13,Boxing Fight Referee
259,8887,cast,14,"Mayor, Blind Girl's Downstairs Neighbor"
259,6170,cast,15,Nightclub Patron
259,2358,cast,16,Woman at Center of Table in Restaurant
259,3079,cast,17,Bald Party Guest
259,10514,cast,18,Diner in Restaurant
259,15038,cast,19,Dancer
259,22659,cast,20,Boxer
259,3593,director,1,
259,3593,writer,1,
259,8656,writer,2,
259,8661,writer,3,
260,33,cast,1,Self
260,16631,cast,2,Self
260,8531,cast,3,Self
260,68,cast,4,Self
260,16878,cast,5,Self
260,8735,cast,6,Self - Hamoud Almousa's brother
260,9216,cast,7,Self - founder of RBSS
260,15652,director,1,
261,649,cast,1,Buscapé
261,13673,cast,2,Zé Pequeno
261,15581,cast,3,Sandro Cenoura
261,18467,cast,4,Bené
261,5907,cast,5,Dadinho
261,11804,cast,6,Cabeleira
261,20903,cast,7,Mané Galinha
261,10540,cast,8,Alicate
261,719,cast,9,Angélica
261,6507,cast,10,Barbantinho
261,6156,cast,11,Barbantinho Adulto
261,16259,cast,12,Bené Criança
261,19749,cast,13,Berenice
261,14444,cast,14,Buscapé Criança
261,13088,cast,15,Cabeção
261,8407,cast,16,Editor do Jornal
261,4854,cast,17,Filé-com-Fritas
261,19801,cast,18,Gelson
261,22367,cast,19,Lampião
261,13672,cast,20,Lúcia Maracanã
261,7084,director,1,
261,12668,director,2,
261,2792,writer,1,
261,18159,writer,2,
262,24046,cast,1,Lu Jianxiong
262,23610,cast,2,Mr. Tang
262,8971,cast,3,Sgt. Masao Kadokawa
262,24182,cast,4,Miss Jiang
262,13423,cast,5,Mrs. Tang
262,20288,cast,6,Officer Osamu Ida
262,24084,cast,7,"Jiang Xiang Jun, Xiao Jiang"
262,5498,cast,8,"Zhou Xiaomei, May"
262,24082,cast,9,Shunzi
262,2548,cast,10,Xiao Douzi (Juvenile)
262,24202,cast,11,Yuriko
262,11581,cast,12,John Rabe
262,2384,cast,13,Miss Minnie Vautrin
262,20463,cast,14,Durdin
262,256,cast,15,Doctor
262,12349,cast,16,Mr. Tomita
262,11007,cast,17,Interpreter
262,24339,cast,18,Refugee camp old lady
262,12432,cast,19,Tang family nanny
262,1803,cast,20,Higashiguchi
262,4112,director,1,
262,4112,writer,1,
263,4437,cast,1,Florence 'Cléo' Victoire
263,1555,cast,2,Antoine
263,5683,cast,3,Angèle
263,5848,cast,4,Dorothée
263,16264,cast,5,"Bob, le pianiste"
263,11915,cast,6,"José, l'amant de Cléo"
263,14329,cast,7,"Irma, la cartomancienne"
263,19135,cast,8,La vendeuse de chapeaux
263,14383,cast,9,La conductrice du taxi
263,20857,cast,10,"Maurice, dit 'plumitif'"
263,19684,cast,11,Le docteur Valineau
263,10423,cast,12,"L'homme aux lunettes noires, Actor in silent film"
263,1347,cast,13,"Anna, la fiancée blonde, Actress in silent film"
263,6534,cast,14,"La fiancée noire, Actress in silent film"
263,6074,cast,15,"L'arroseur, Actor in silent film"
263,20483,cast,16,"Le croque-mort, Actor in silent film"
263,4779,cast,17,"La vendeuse de fleurs, Actress in silent film"
263,24255,cast,18,"Le vendeur de mouchoirs, Actor in silent film"
263,419,cast,19,"Le marin, Actor in silent film"
263,7910,cast,20,"Le conducteur du corbillard et de l'ambulance, Actor in silent film"
263,206,director,1,
263,206,writer,1,
264,19261,cast,1,Roy Neary
264,7278,cast,2,Claude Lacombe
264,22241,cast,3,Ronnie Neary
264,15871,cast,4,Jillian Guiler
264,2614,cast,5,David Laughlin
264,9597,cast,6,Project Leader
264,23579,cast,7,Wild Bill
264,19769,cast,8,Farmer
264,18500,cast,9,Jean Claude
264,3386,cast,10,Barry Guiler
264,21007,cast,11,Brad Neary
264,179,cast,12,Silvia Neary
264,12374,cast,13,Toby Neary
264,13433,cast,14,Robert
264,15926,cast,15,Team Leader
264,7814,cast,16,Major Benchley
264,962,cast,17,Implantee
264,616,cast,18,Implantee
264,7723,cast,19,Ike
264,15451,cast,20,Mrs. Harris
264,21733,director,1,
264,21733,writer,1,
264,8492,writer,2,
264,10745,writer,3,
264,11457,writer,4,
264,15671,writer,5,
265,9091,cast,1,Hossain Sabzian (Bazigar)
265,16650,cast,2,Mohsen Makhmalbaf (Kargardan)
265,57,cast,3,Abolfazl Ahankhah (Pedar-e Khanevadeh)
265,15840,cast,4,Mehrdad Ahankhah (Pesar-e Ahankhah)
265,17045,cast,5,Nayer Mohseni Zonoozi (Hamsar-e Ahankhah)
265,223,cast,6,Ahmad Reza Moayed Mohseni (Doost-e Ahankhah)
265,9090,cast,7,Reporter
265,14650,cast,8,Self
265,16708,cast,9,Self
265,8481,cast,10,Judge
265,16637,cast,11,Soldier
265,5227,cast,12,Sergeant (Darajeh dar)
265,21,cast,13,Self
265,8737,cast,14,Court Recorder
265,5228,cast,15,Court Recorder
265,9077,cast,16,Taxi Driver (Ranande-ye Ajans)
265,21,director,1,
265,21,writer,1,
266,14756,cast,1,Miguel Garay
266,11908,cast,2,"Gardel, Julio Arenas"
266,1011,cast,3,Ana Arenas
266,18459,cast,4,Sor Consuelo
266,14972,cast,5,Belén
266,15121,cast,6,Max Roca
266,8845,cast,7,Marta Soriano
266,1585,cast,8,Tico Mayoral
266,11944,cast,9,Mr. Levy
266,21361,cast,10,Lola San Román
266,12126,cast,11,Doctor Benavides
266,4694,cast,12,Toni
266,509,cast,13,Patón
266,19810,cast,14,Teresa
266,1001,cast,15,Sor Lucía
266,11923,cast,16,Don Rafael
266,12478,cast,17,Lin Yu
266,23229,cast,18,"Qiao Shu, Judith"
266,7528,cast,19,Cristian
266,16960,cast,20,Dorina
266,23293,director,1,
266,23293,writer,1,
266,16258,writer,2,
267,6255,cast,1,Mrs. Peacock
267,22483,cast,2,Wadsworth
267,14590,cast,3,Mrs. White
267,4070,cast,4,Professor Plum
267,16135,cast,5,Mr. Green
267,15376,cast,6,Colonel Mustard
267,13864,cast,7,Miss Scarlet
267,4372,cast,8,Yvette
267,13731,cast,9,Mr. Boddy
267,2441,cast,10,The Cop
267,10167,cast,11,The Singing Telegram Girl
267,10599,cast,12,The Motorist
267,12837,cast,13,Mrs. Ho - The Cook
267,23707,cast,14,Cop #1
267,19396,cast,15,Cop #2
267,5711,cast,16,Cop #3
267,9107,cast,17,The Chief
267,11821,director,1,
267,11499,writer,1,
267,11821,writer,2,
267,1500,writer,3,
268,746,cast,1,Cher
268,21461,cast,2,Dionne
268,2931,cast,3,Tai
268,18087,cast,4,Josh
268,5767,cast,5,Murray
268,6352,cast,6,Amber
268,2795,cast,7,Travis
268,10721,cast,8,Elton
268,4651,cast,9,Mel Horowitz
268,233,cast,10,Lucy
268,23504,cast,11,Mr. Wendell Hall
268,23040,cast,12,Miss Toby Geist
268,12394,cast,13,Christian
268,20306,cast,14,Paroudasm
268,8919,cast,15,Principal
268,12252,cast,16,Ms. Stoeger
268,21866,cast,17,Heather
268,17255,cast,18,Summer
268,19964,cast,19,DMV Tester
268,20780,cast,20,Lawrence
268,968,director,1,
268,968,writer,1,
269,11105,cast,1,Zula
269,22768,cast,2,Wiktor
269,2734,cast,3,Kaczmarek
269,195,cast,4,Irena
269,3480,cast,5,Michel
269,10511,cast,6,Juliette
269,107,cast,7,Consul
269,83,cast,8,Minister
269,5922,cast,9,Sleuth 1
269,21325,cast,10,Sleuth 2
269,840,cast,11,Waitress
269,102,cast,12,Guard
269,1379,cast,13,Ania
269,22769,cast,14,Leader of ZMP
269,9574,cast,15,Mazurek
269,12459,cast,16,Mazurek
269,12570,cast,17,Mazurek
269,11098,cast,18,Mazurek
269,8255,cast,19,Mazurek
269,5679,cast,20,Mazurek
269,18166,director,1,
269,18166,writer,1,
269,10208,writer,2,
269,18655,writer,3,
270,22656,cast,1,Vincent
270,10096,cast,2,Max
270,9814,cast,3,Annie
270,15250,cast,4,Fanning
270,18277,cast,5,Richard Weidner
270,2988,cast,6,Pedrosa
270,9466,cast,7,Ida
270,2100,cast,8,Daniel
270,19366,cast,9,Traffic Cop #1
270,13226,cast,10,Fed #1
270,2687,cast,11,Young Professional Man
270,5274,cast,12,Young Professional Woman
270,10295,cast,13,Felix
270,6539,cast,14,Paco
270,10102,cast,15,Traffic Cop #2
270,12893,cast,16,FBI Agent
270,3701,cast,17,FBI Agent
270,15984,cast,18,Fever Bouncer
270,9258,cast,19,Cell Phone Partier
270,19562,cast,20,Sergeant
270,16131,director,1,
270,21768,writer,1,
271,16936,cast,1,Self
271,4518,cast,2,Self
271,22199,cast,3,Self
271,13613,cast,4,Self
271,16368,cast,5,Self
271,732,cast,6,Self
271,3405,cast,7,Self
271,16563,cast,8,Self
271,6842,cast,9,Self
271,1106,cast,10,Self - Goodbye to Gravity
271,3136,cast,11,Self
271,6314,cast,12,Self
271,7837,cast,13,Self
271,2692,cast,14,Self
271,19023,cast,15,Self
271,582,cast,16,Self
271,20530,cast,17,Self
271,14128,cast,18,Self
271,4416,cast,19,Self
271,556,cast,20,Self
271,619,director,1,
271,619,writer,1,
271,1552,writer,2,
272,11372,cast,1,Jin
272,8508,cast,2,Casey
272,17778,cast,3,Eleanor
272,16304,cast,4,Maria
272,20017,cast,5,Gabriel
272,6734,cast,6,Emma
272,20949,cast,7,Vanessa
272,19060,cast,8,Cleaner
272,20036,cast,9,Christine
272,14051,cast,10,Sarah
272,10618,cast,11,Staff
272,3115,cast,12,Bartender
272,10921,cast,13,Aaron
272,11949,cast,14,Prof. Jae Yong Lee
272,846,cast,15,ICC Guide
272,23951,cast,16,Miller House Guide
272,22218,cast,17,Hospital Employee
272,23864,cast,18,Maria's Supervisor
272,13238,director,1,
272,13238,writer,1,
273,6085,cast,1,"Prince Akeem, Clarence, Saul"
273,17967,cast,2,Oha
273,7612,cast,3,Rose Bearer
273,7034,cast,4,Rose Bearer
273,21567,cast,5,Rose Bearer
273,23318,cast,6,"Bather, Dancer"
273,7046,cast,7,Bather
273,16349,cast,8,Bather
273,9940,cast,9,King Jaffe Joffer
273,14597,cast,10,Queen Aoleon
273,21032,cast,11,Lady-in-Waiting
273,1725,cast,12,"Semmi, Morris, Extremely Ugly Girl, Reverend Brown"
273,19010,cast,13,T-Shirt Hawker
273,3133,cast,14,Colonel Izzi
273,2493,cast,15,Large Woman
273,23188,cast,16,Imani Izzi
273,9858,cast,17,Cab Driver
273,4528,cast,18,Boy Getting Haircut
273,4300,cast,19,Sweets
273,7406,cast,20,Landlord
273,11499,director,1,
273,6085,writer,1,
273,5164,writer,2,
273,2103,writer,3,
274,1718,cast,1,Conan
274,9940,cast,2,Thulsa Doom
274,15764,cast,3,King Osric
274,20531,cast,4,Valeria
274,2187,cast,5,Rexor
274,3398,cast,6,The Witch
274,7996,cast,7,Subotai
274,14677,cast,8,"The Wizard, Narrator"
274,23170,cast,9,The Princess
274,23849,cast,10,Conan's Father
274,14434,cast,11,Red Hair
274,7246,cast,12,Pictish Scout
274,13874,cast,13,Sacrificial Snake Girl
274,7649,cast,14,Osric's Guard
274,6714,cast,15,Turanian War Officer
274,298,cast,16,Mongol General
274,16865,cast,17,Conan's Mother
274,11890,cast,18,Young Conan
274,9713,cast,19,Priest
274,21922,cast,20,Thorgrim
274,11559,director,1,
274,19574,writer,1,
274,11559,writer,2,
274,17561,writer,3,
274,6209,writer,4,
275,20449,cast,1,Ian Curtis
275,20478,cast,2,Debbie Curtis
275,4494,cast,3,Tony Wilson
275,635,cast,4,Annik Honore
275,11151,cast,5,Peter Hook aka Hooky
275,9878,cast,6,Bernard Sumner
275,8702,cast,7,Steve Morris
275,22598,cast,8,Rob Gretton
275,1167,cast,9,Terry
275,19709,cast,10,Twinny
275,19230,cast,11,Ian's Father
275,22098,cast,12,Ian's Mother
275,15326,cast,13,Ian's Sister
275,15665,cast,14,Nick
275,5212,cast,15,Chemistry Teacher
275,14903,cast,16,Mrs. Brady
275,15465,cast,17,Debbie's Mother
275,2210,cast,18,Martin Hannett
275,11379,cast,19,John Cooper Clarke
275,9950,cast,20,MC
275,1566,director,1,
275,5276,writer,1,
275,15613,writer,2,
276,18072,cast,1,Luke
276,7841,cast,2,Dragline
276,21761,cast,3,Captain
276,10355,cast,4,Society Red
276,14246,cast,5,Koko
276,19572,cast,6,Loudmouth Steve
276,11044,cast,7,Arletta
276,4293,cast,8,Carr
276,16752,cast,9,Boss Godfrey
276,14463,cast,10,Boss Paul
276,14792,cast,11,Rabbitt
276,19250,cast,12,Blind Dick
276,19566,cast,13,Boss Shorty
276,23578,cast,14,Tattoo
276,5407,cast,15,Babalugats
276,11544,cast,16,Boss Keen
276,23605,cast,17,Gambler
276,8664,cast,18,Tramp
276,3683,cast,19,Boss Higgins
276,18877,cast,20,Alibi
276,21782,director,1,
276,5797,writer,1,
276,7365,writer,2,
276,8494,writer,3,
277,11718,cast,1,Victor Van Dort
277,8838,cast,2,Corpse Bride
277,6561,cast,3,Victoria Everglot
277,22936,cast,4,"Nell Van Dort, Hildegarde"
277,18117,cast,5,"William Van Dort, Mayhew, Paul the Head Waiter"
277,11106,cast,6,Maudeline Everglot
277,448,cast,7,"Finis Everglot, Grandfather Everglot"
277,19264,cast,8,Barkis Bittern
277,4069,cast,9,Pastor Galswells
277,16073,cast,10,Elder Gutknecht
277,10155,cast,11,"Black Widow Spider, Mrs. Plum"
277,6616,cast,12,"Maggot, Town Crier"
277,5312,cast,13,General Bonesapart
277,4807,cast,14,Bonejangles
277,21570,cast,15,Emil
277,14094,cast,16,Solemn Village Boy
277,7662,cast,17,"General Wellington, Fat Chef"
277,22480,director,1,
277,16407,director,2,
277,11309,writer,1,
277,3356,writer,2,
277,17735,writer,3,
277,22480,writer,4,
277,3266,writer,5,
278,572,cast,1,Adam Mitchell
278,12851,cast,2,Nathan Hayes
278,13009,cast,3,Shane Fuller
278,19140,cast,4,Victoria Mitchell
278,20223,cast,5,Dylan Mitchell
278,13573,cast,6,Emily Mitchell
278,2188,cast,7,David Thomson
278,19503,cast,8,Javier Martinez
278,1254,cast,9,Carmen Martinez
278,22150,cast,10,Jade Hayes
278,6301,cast,11,Kayla Hayes
278,22161,cast,12,T.J
278,15616,cast,13,Antoine
278,12444,cast,14,Baby Hayes
278,1818,cast,15,Lady 1 at Wreck
278,907,cast,16,Lady 2 at Wreck
278,3016,cast,17,Ambulance Driver
278,13295,cast,18,Ambulance Driver
278,3526,cast,19,Medic 1
278,6564,cast,20,Medic 2
278,572,director,1,
278,572,writer,1,
278,21597,writer,2,
279,20917,cast,1,Self - Investigative Journalist
279,5108,cast,2,Self - Dispatch News
279,2662,cast,3,Self - The Washington Post
279,10557,cast,4,Self - The New York Times
279,15749,cast,5,Self - Former Research Assistant
279,960,cast,6,Self - The New Yorker
279,1598,cast,7,Self - U.S. Army Major General
279,3160,cast,8,Self - Anonymous Source
279,9511,cast,9,Self - Father of Seymour Hersh
279,5860,cast,10,Self - Mother of Seymour Hersh
279,392,cast,11,Self - Brother of Seymour Hersh
279,6393,cast,12,Self - Wife of Seymour Hersh
279,20396,cast,13,Self - Chilean President
279,9982,cast,14,Self - CIA Chief of Counterintelligence
279,15986,cast,15,Self - U.S. Army Sergeant
279,3201,cast,16,Self - The Washington Post
279,7794,cast,17,Self - Former CIA Director
279,23761,cast,18,Self - U.S. Army Lieutenant
279,7312,cast,19,"Self - Chairman, Senate Select Committee to Study Governmental Operations with Respect to Intelligence Activities"
279,23765,cast,20,Self - Former CIA Director
279,15235,director,1,
279,13555,director,2,
280,13242,cast,1,Spike Spiegel
280,23098,cast,2,Jet Black
280,15832,cast,3,Faye Valentine
280,1615,cast,4,Edward Wong
280,24230,cast,5,Hoffman
280,12712,cast,6,Shadkins
280,12365,cast,7,Harris
280,13170,cast,8,Captain
280,8964,cast,9,Colonel
280,24190,cast,10,Lee
280,17373,cast,11,Murata
280,19430,cast,12,Steve
280,232,cast,13,Elektra Ovirowa
280,11006,cast,14,Antonio
280,22910,cast,15,Carlos
280,9017,cast,16,Jovim
280,23014,cast,17,Punch
280,16450,cast,18,Judy
280,19147,cast,19,Rengle
280,24164,cast,20,Crime Lab Group A
280,21110,director,1,
280,24163,director,2,
280,21110,writer,1,
280,12759,writer,2,
281,21655,cast,1,Cal
281,20260,cast,2,Jacob
281,12246,cast,3,Emily
281,6586,cast,4,Hannah
281,14060,cast,5,Jessica
281,11770,cast,6,Robbie
281,11260,cast,7,Molly
281,15146,cast,8,Kate
281,2349,cast,9,Claire
281,11361,cast,10,Bernie
281,12990,cast,11,David Lindhagen
281,14141,cast,12,Liz
281,12038,cast,13,Richard
281,15846,cast,14,Hip Hairdresser aka Tiffany
281,12245,cast,15,Madison
281,24308,cast,16,Robbie's Friend (Eric)
281,4522,cast,17,Amy Johnson
281,11112,cast,18,Waitress for Cal and Kate
281,19072,cast,19,Officer Huang
281,3117,cast,20,Taylor
281,8160,director,1,
281,11609,director,2,
281,4641,writer,1,
282,14765,cast,1,Self
282,20567,cast,2,Self
282,20173,cast,3,Self
282,6229,cast,4,Self
282,21625,director,1,
283,7725,cast,1,Ramsey
283,5433,cast,2,Hunter
283,15604,cast,3,Zimmer
283,7819,cast,4,Cob
283,23334,cast,5,Weps
283,9959,cast,6,Lt. Bobby Dougherty
283,19815,cast,7,Lt. Westergaurd
283,9833,cast,8,Ood Mahoney
283,16141,cast,9,Hunsicker
283,20710,cast,10,TSO Billy Linkletter
283,4822,cast,11,Danny Rivetti
283,13989,cast,12,Russell Vossler
283,6651,cast,13,Bennefield
283,19419,cast,14,Lt. Paul Hellerman
283,21708,cast,15,William Barnes
283,14844,cast,16,Lawson
283,19462,cast,17,Marty Sotille
283,2522,cast,18,Navigator
283,15637,cast,19,Planesman
283,4031,cast,20,Helmsman
283,22874,director,1,
283,16188,writer,1,
283,19340,writer,2,
284,9999,cast,1,Self - Camper
284,14068,cast,2,Self - Counselor
284,12003,cast,3,Self - Counselor
284,1294,cast,4,Self - Camper
284,5390,cast,5,Self - Camper
284,13461,cast,6,Self - Camp Director
284,6442,cast,7,Self - Camper
284,10426,cast,8,Self - Camper
284,3197,cast,9,Self - Camper
284,21673,cast,10,Self - Counselor
284,16209,cast,11,Self - Camper
284,12162,cast,12,Self
284,9105,cast,13,Self - People's Video Theater
284,16915,cast,14,Self - Camper
284,17083,cast,15,Self - Camper
284,16895,cast,16,Self - Camper
284,17800,cast,17,Self - Jened Counselor Activist
284,2679,cast,18,Self - Vietnam Veterans Against the War
284,342,cast,19,Self - Camper
284,6047,cast,20,"Self - Executive Director, Center for Independent Living"
284,9999,director,1,
284,17267,director,2,
284,9999,writer,1,
284,17267,writer,2,
284,5136,writer,3,
285,3861,cast,1,Master Li Mu Bai
285,16318,cast,2,Yu Shu Lien
285,24365,cast,3,Jen
285,3540,cast,4,Lo
285,21235,cast,5,Sir Te
285,18204,cast,6,Jade Fox
285,7032,cast,7,Governor Yu
285,23972,cast,8,Bo
285,24001,cast,9,Madame Yu
285,5353,cast,10,Tsai
285,13930,cast,11,May
285,21898,cast,12,Auntie Wu
285,11016,cast,13,De Lu
285,20171,cast,14,Maid
285,12428,cast,15,Gou Jun Pei
285,10880,cast,16,Gou Jun Sinung
285,24340,cast,17,Shop Owner
285,3765,cast,18,Captain
285,7061,cast,19,Captain
285,23651,cast,20,Gangster A
285,1212,director,1,
285,9195,writer,1,
285,10052,writer,2,
285,13349,writer,3,
285,5934,writer,4,
286,20627,cast,1,Kathryn Merteuil
286,20270,cast,2,Sebastian Valmont
286,19063,cast,3,Annette Hargrove
286,20832,cast,4,Cecile Caldwell
286,14304,cast,5,Helen Rosemond
286,12065,cast,6,Blaine Tuttle
286,6671,cast,7,Greg McConnell
286,20789,cast,8,Ronald Clifford
286,21930,cast,9,Dr. Greenbaum
286,3999,cast,10,Bunny Caldwell
286,372,cast,11,Nurse
286,5286,cast,12,Mrs. Michalak
286,22105,cast,13,Marci Greenbaum
286,8946,cast,14,Mrs. Sugarman
286,8979,cast,15,Mai-Lee
286,3713,cast,16,Court Reynolds
286,7447,cast,17,Meter Maid
286,8096,cast,18,Clorissa
286,5928,cast,19,Headmaster Hargrove
286,18481,cast,20,Subway Pedestrian
286,19888,director,1,
286,3848,writer,1,
286,19888,writer,2,
287,19550,cast,1,Self
287,756,cast,2,Self
287,3599,cast,3,Self
287,15779,cast,4,Self
287,19628,cast,5,Self
287,15377,cast,6,Self
287,5717,cast,7,Self
287,4684,cast,8,Self
287,22984,cast,9,Self
287,21439,cast,10,Self
287,2437,cast,11,Self
287,5319,cast,12,Self
287,18195,cast,13,Self
287,2130,cast,14,Self
287,12660,cast,15,Self
287,5503,cast,16,Self
287,21416,cast,17,Self
287,10799,cast,18,Self
287,11977,cast,19,Self
287,22278,director,1,
288,15544,cast,1,Kunio Mamiya
288,13247,cast,2,Det. Kenichi Takabe
288,23019,cast,3,Dr. Makoto Sakuma
288,1361,cast,4,Fumie Takabe
288,16578,cast,5,Tomoko Hanaoka
288,24129,cast,6,Dr. Akiko Miyajima
288,5357,cast,7,Oida
288,19110,cast,8,Police Commandant Fujiwara
288,15525,cast,9,Tôru Hanaoka
288,22625,cast,10,Psychologist
288,24197,cast,11,Ichirô Kuwano
288,21185,cast,12,Kimura
288,314,cast,13,Yasukawa
288,21155,cast,14,Tamura
288,8487,cast,15,Takabe's Boss
288,22039,cast,16,Truck Driver
288,22118,cast,17,Apartment Manager
288,22004,cast,18,Middle-Aged Man at Dry Cleaners
288,13245,cast,19,Dry Cleaners Employee
288,21104,cast,20,Dr. Miyajima's Young Patient
288,13213,director,1,
288,13213,writer,1,
289,14400,cast,1,Voice
289,17761,cast,2,Voice
289,5579,cast,3,Voice
289,20308,cast,4,Voice
289,5915,cast,5,Self
289,16293,cast,6,Self
289,2401,cast,7,Self
289,16858,cast,8,Self
289,3271,cast,9,Radio Univers
289,20682,cast,10,Radio Univers
289,16221,cast,11,Radio Univers
289,18723,cast,12,Radio Univers
289,1694,cast,13,Radio Univers
289,949,cast,14,Radio Univers
289,653,cast,15,Radio Univers
289,23885,cast,16,Radio Univers
289,23687,cast,17,Radio Univers
289,20659,cast,18,Radio Univers
289,14056,cast,19,Radio Univers
289,18720,cast,20,Radio Univers
289,15592,director,1,
289,15592,writer,1,
289,14716,writer,2,
290,2570,cast,1,Selma Jezkova
290,3419,cast,2,Kathy
290,5100,cast,3,Bill Houston
290,18430,cast,4,Jeff
290,11240,cast,5,Oldrich Novy
290,3186,cast,6,Linda Houston
290,23455,cast,7,Gene Jezek
290,10429,cast,8,Norman
290,23374,cast,9,Samuel
290,21297,cast,10,Brenda
290,24317,cast,11,District Attorney
290,23073,cast,12,Dr. Porkorny
290,10681,cast,13,Morty
290,19029,cast,14,Judge
290,15937,cast,15,Receptionist
290,13510,cast,16,"Defense Attorney, Dancer"
290,12681,cast,17,"Suzan, Dancer"
290,16063,cast,18,Angry Man
290,11607,cast,19,Detective
290,17359,cast,20,"Officer of the Court, Dancer"
290,13514,director,1,
290,13514,writer,1,
290,21312,writer,2,
291,13005,cast,1,Lieutenant Dunbar
291,15478,cast,2,Stands With A Fist
291,8263,cast,3,Kicking Bird
291,19838,cast,4,Wind In His Hair
291,7160,cast,5,Ten Bears
291,22094,cast,6,Black Shawl
291,19676,cast,7,Timmons
291,3677,cast,8,Lieutenant Elgin
291,15739,cast,9,Major Fambrough
291,10989,cast,10,Stone Calf
291,17021,cast,11,Smiles A Lot
291,16201,cast,12,Otter
291,10273,cast,13,Worm
291,22868,cast,14,Spivey
291,5841,cast,15,Pretty Shield
291,22667,cast,16,Sergeant Pepper
291,13488,cast,17,Sergeant Bauer
291,13179,cast,18,Edwards
291,23598,cast,19,Major
291,5771,cast,20,General Tide
291,13005,director,1,
291,15991,writer,1,
292,20167,cast,1,John Murdoch
292,13074,cast,2,Dr Daniel Schreber
292,10637,cast,3,Emma Murdoch
292,23801,cast,4,Inspector Frank Bumstead
292,19338,cast,5,Mr Hand
292,9285,cast,6,Mr Book
292,2995,cast,7,Mr Wall
292,4357,cast,8,Walenski
292,11334,cast,9,Karl Harris
292,16595,cast,10,Husselbeck
292,15878,cast,11,May
292,7329,cast,12,Stromboli
292,19456,cast,13,"Hotel Manager, Vendor"
292,12387,cast,14,Taxi Driver
292,17146,cast,15,Mr Rain
292,20685,cast,16,Mr Sleep
292,17357,cast,17,Mr Sleep Filming Double
292,7485,cast,18,Mr Quick
292,18424,cast,19,Stranger
292,22541,cast,20,Stranger
292,584,director,1,
292,584,writer,1,
292,13759,writer,2,
292,5145,writer,3,
293,12361,cast,1,Capt.-Lt. Henrich Lehmann-Willenbrock - Der Alte
293,8925,cast,2,Lt. Werner - Correspondent
293,13225,cast,3,Chief Engineer Fritz Grade - Der Leitende-Der LI
293,9146,cast,4,1st Lieutenant - Number One-1WO
293,15384,cast,5,2nd Lieutenant - 2WO
293,2312,cast,6,Kriechbaum - Chief Quartermaster-Navigator
293,6785,cast,7,Johann
293,15371,cast,8,Ullman
293,8798,cast,9,Hinrich
293,23113,cast,10,Chief Bosun
293,4223,cast,11,Ario
293,10114,cast,12,Pilgrim
293,18849,cast,13,Frenssen
293,11046,cast,14,Preacher
293,17562,cast,15,Schwalle
293,13253,cast,16,Bockstiegel
293,14492,cast,17,Dufte
293,15360,cast,18,Brückenwilli
293,19444,cast,19,Monique
293,17671,cast,20,Phillip Thomsen
293,23912,director,1,
293,23912,writer,1,
293,14244,writer,2,
294,3523,cast,1,Self
294,1234,cast,2,Self
294,1877,cast,3,Self
294,12799,cast,4,Self
294,9608,cast,5,Self
294,7394,cast,6,Self
294,20588,cast,7,Self
294,15206,cast,8,Self
294,19022,cast,9,Self
294,844,cast,10,Self
294,1234,director,1,
294,16979,director,2,
295,4966,cast,1,Self
295,9767,cast,2,Self - Percussion
295,8406,cast,3,Self - Percussion
295,4726,cast,4,Self - Percussion
295,3890,cast,5,"Self - Vocals, Dance & Vocal Captain"
295,22500,cast,6,Self - Percussion
295,22211,cast,7,"Self - Vocals, Dance"
295,12541,cast,8,Self - Keyboard & Band Leader
295,15738,cast,9,Self - Percussion & Drum Section Leader
295,21547,cast,10,Self - Percussion
295,1264,cast,11,Self - Guitar
295,2683,cast,12,Self - Bass
295,11978,cast,13,Theater Usher
295,21455,director,1,
296,7464,cast,1,"David, the Child"
296,7342,cast,2,"David, the Man"
296,6144,cast,3,Aunt Betsey
296,6375,cast,4,Mrs. Copperfield
296,10851,cast,5,Nurse Peggotty
296,8647,cast,6,Dr. Chillip
296,9176,cast,7,The Vicar
296,2116,cast,8,Mr. Murdstone
296,8929,cast,9,Barkis
296,11344,cast,10,Ham
296,7025,cast,11,"Little Em'ly, the Child"
296,23096,cast,12,Mrs. Gummidge
296,14063,cast,13,Dan Peggotty
296,23397,cast,14,Jane Murdstone
296,6474,cast,15,Clickett
296,10369,cast,16,Mrs. Micawber
296,23608,cast,17,Micawber
296,13772,cast,18,Mr. Dick
296,19138,cast,19,Janet
296,19917,cast,20,Uriah Heep
296,7809,director,1,
296,3607,writer,1,
296,9176,writer,2,
296,9100,writer,3,
296,13780,writer,4,
297,16069,cast,1,Self
297,12662,cast,2,Self
297,20045,cast,3,Self
297,7297,cast,4,Self
297,597,cast,5,Self
297,3593,cast,6,Self as The Lone Prospector
297,6070,cast,7,Self
297,17798,cast,8,Self
297,22383,cast,9,Self
297,3804,cast,10,Self
297,3811,cast,11,Self
297,13492,cast,12,Self
297,20436,cast,13,Self
297,12901,cast,14,Self
297,1890,cast,15,Self
297,14287,cast,16,Self
297,15479,cast,17,Self
297,2462,cast,18,Self
297,2469,cast,19,Self
297,10998,cast,20,Self
297,2462,director,1,
297,2462,writer,1,
298,12472,cast,1,Kang
298,1467,cast,2,Non
298,16526,director,1,
298,16526,writer,1,
299,13872,cast,1,Yuddy
299,14630,cast,2,Su Li-zhen
299,1199,cast,3,Tide
299,3196,cast,4,Leung Fung-ying
299,19045,cast,5,Rebecca
299,9746,cast,6,Zeb
299,22855,cast,7,Chow Mo-wan
299,4792,cast,8,Rebecca's Lover
299,15841,cast,9,The Amah
299,14055,cast,10,Nurse
299,22576,cast,11,Yuddy's Mother
299,742,cast,12,Housekeeper
299,6317,cast,13,Hotel Manageress
299,15152,cast,14,Hotel Maid
299,1237,cast,15,Prostitute
299,17406,cast,16,Train Conductor
299,12483,director,1,
299,12483,writer,1,
299,10600,writer,2,
300,19277,cast,1,Bill
300,2943,cast,2,Abby
300,20456,cast,3,The Farmer
300,14031,cast,4,Linda
300,19633,cast,5,The Farm Foreman
300,9738,cast,6,Linda's Friend
300,21778,cast,7,Mill Foreman
300,22545,cast,8,Harvest Hand
300,7718,cast,9,Dancer
300,5888,cast,10,Fiddler
300,19316,cast,11,Vaudeville Leader
300,7506,cast,12,Vaudeville Wrestler
300,20347,cast,13,Vaudeville Dancer
300,2661,cast,14,Accountant
300,16800,cast,15,Headmistress
300,11694,cast,16,Preacher
300,13165,cast,17,Farm Worker
300,22247,cast,18,Mill Worker
300,22247,director,1,
300,22247,writer,1,
301,14378,director,1,
301,23243,director,2,
301,14378,writer,1,
301,23243,writer,2,
302,11718,cast,1,William Blake
302,7645,cast,2,Nobody
302,4507,cast,3,Train Fireman
302,13433,cast,4,Cole Wilson
302,16230,cast,5,Conway Twill
302,6847,cast,6,Johnny 'The Kid' Pickett
302,11471,cast,7,John Scholfield
302,19664,cast,8,John Dickinson
302,9318,cast,9,Salvatore 'Sally' Jenko
302,7552,cast,10,Charlie Dickinson
302,10213,cast,11,Benmont Tench
302,16483,cast,12,Thel Russell
302,10975,cast,13,"Marvin, Older Marshal"
302,15179,cast,14,"Lee, Younger Marshal"
302,11572,cast,15,Mr. Olafsen
302,18261,cast,16,Drunk
302,16384,cast,17,Old Man with 'Wanted' Posters
302,2508,cast,18,Big George Drakoulious
302,16314,cast,19,Nobody's Girlfriend
302,8035,cast,20,Man with Gun in Alley
302,10937,director,1,
302,10937,writer,1,
303,10708,cast,1,"Beverly Mantle, Elliot Mantle"
303,7745,cast,2,Claire Niveau
303,8789,cast,3,Cary
303,2029,cast,4,Danuta
303,21134,cast,5,Laura
303,21600,cast,6,Anders Wolleck
303,17204,cast,7,Leo
303,14525,cast,8,Arlene
303,4625,cast,9,Birchall
303,16572,cast,10,Mrs. Bookman
303,5037,cast,11,Superintendent
303,19373,cast,12,Dean of Medicine
303,23575,cast,13,Anatomy Class Supervisor
303,11807,cast,14,Beverly (Age 9)
303,17156,cast,15,Elliot (Age 9)
303,15298,cast,16,Raffaella
303,5364,cast,17,Pharmacist
303,5307,cast,18,Surgeon
303,21862,cast,19,Operating Room Nurse
303,16806,cast,20,Assisting Surgeon
303,4980,director,1,
303,4980,writer,1,
303,17461,writer,2,
303,2063,writer,3,
303,9657,writer,4,
304,22081,cast,1,Song Seo-rae
304,17767,cast,2,Jang Hae-joon
304,13710,cast,3,Jeong-ahn
304,24112,cast,4,Lim Ho-shin
304,8190,cast,5,Soo-wan
304,21098,cast,6,Yeon-soo
304,20906,cast,7,Ki Do-soo
304,10688,cast,8,Hong San-oh
304,20841,cast,9,Cheol-seong
304,8488,cast,10,Lee Ji-goo
304,22216,cast,11,Lee June
304,12347,cast,12,Granny Hae-dong
304,12346,cast,13,Mee-jee
304,10687,cast,14,Oh Ga-in
304,8191,cast,15,Shaman
304,11858,cast,16,Caregiver company director
304,13102,cast,17,ER doctor
304,17766,director,1,
304,17766,writer,1,
304,4131,writer,2,
305,5030,cast,1,Marcus Daly
305,4845,cast,2,Gianna Brezzi
305,7570,cast,3,Carlo
305,14555,cast,4,Helga Ulmann
305,6776,cast,5,Calcabrini
305,8129,cast,6,Amanda Righetti
305,18595,cast,7,Bardi
305,8149,cast,8,Giordani
305,4183,cast,9,Carlo's Mother
305,483,cast,10,Carlo's Father
305,13944,cast,11,Elvira
305,23435,cast,12,Cop Taking Notes
305,4831,cast,13,Police Photographer
305,7956,cast,14,Massimo Ricci
305,9763,cast,15,Young Carlo
305,7536,cast,16,Rodi
305,7530,cast,17,Agent Mingozzi
305,14214,cast,18,Fingerprint Cop
305,20404,cast,19,Police Agent
305,18596,cast,20,Fat Cop
305,4847,director,1,
305,4847,writer,1,
305,2306,writer,2,
306,1787,cast,1,"Young Man, Bicyclist, Hospital Orderly"
306,17533,cast,2,Andrzej Geller
306,17516,cast,3,Tomek
306,516,cast,4,Consultant
306,13325,cast,5,Dorota Geller
306,18657,cast,6,Roman
306,10127,cast,7,Taxi Driver
306,21483,cast,8,Postman
306,13329,cast,9,Gynecologist
306,12571,cast,10,Ania
306,14561,cast,11,Apartment Caretaker
306,8916,cast,12,Krzysztof
306,4747,cast,13,Janusz
306,8285,cast,14,Magda
306,10786,cast,15,Jerzy
306,16575,cast,16,Lazar Jacek
306,171,cast,17,Anka
306,6939,cast,18,Hanka
306,1365,cast,19,Ewa
306,14971,cast,20,Zofia
306,13328,director,1,
306,13328,writer,1,
306,13331,writer,2,
307,17551,cast,1,Self - Father Ollie
307,22402,cast,2,Self
307,76,cast,3,Self
307,10541,cast,4,Self
307,18702,cast,5,Self
307,16710,cast,6,Self
307,3388,cast,7,Self
307,10145,cast,8,Self
307,15452,cast,9,Self - Psychologist
307,2444,cast,10,Self - LA Deputy DA
307,1409,cast,11,Self
307,2635,cast,12,Self
307,14970,cast,13,Self
307,7339,cast,14,Self
307,19892,cast,15,Self
307,11527,cast,16,Self - Attorney for the Jyonos
307,16916,cast,17,Self
307,16436,cast,18,Self
307,17918,cast,19,Self - Theologean
307,18140,cast,20,Self
307,954,director,1,
307,954,writer,1,
308,11768,cast,1,Ed
308,3076,cast,2,Lewis
308,17062,cast,3,Bobby
308,20012,cast,4,Drew
308,6046,cast,5,Old Man
308,2538,cast,6,Lonnie
308,20757,cast,7,First Griner
308,18914,cast,8,Second Griner
308,2458,cast,9,Mountain Man
308,8923,cast,10,Toothless Man
308,13916,cast,11,First Deputy
308,12867,cast,12,Second Deputy
308,11724,cast,13,Ambulance Driver
308,11426,cast,14,Doctor
308,12666,cast,15,Nurse
308,14303,cast,16,Mrs. Biddiford
308,18442,cast,17,Taxi Driver
308,9930,cast,18,Sheriff Bullard
308,14570,cast,19,Deputy Queen
308,9127,cast,20,Boy at Gas Station
308,11336,director,1,
308,9930,writer,1,
308,11336,writer,2,
309,15524,cast,1,Daigo Kobayashi
309,20284,cast,2,Mika Kobayashi
309,23016,cast,3,Ikuei Sasaki
309,12718,cast,4,Tsuyako Yamashita
309,13159,cast,5,Yuriko Uemura
309,22022,cast,6,Shokichi Hirata
309,22298,cast,7,Yamashita
309,22903,cast,8,Yoshiki Kobayashi
309,22130,cast,9,Togashi
309,24191,cast,10,
309,22117,cast,11,Sonezaki
309,20529,cast,12,Naomi Togashi
309,20287,cast,13,Tomeo's father
309,16614,cast,14,Kazuko Kobayashi
309,22128,cast,15,
309,274,cast,16,
309,16619,cast,17,Grandmother
309,14944,cast,18,
309,21111,cast,19,
309,17424,cast,20,
309,24096,director,1,
309,13345,writer,1,
310,12455,cast,1,"Self - Master Diver, Slave Wrecks Project"
310,23248,cast,2,Self - Clotilda Descendant
310,23223,cast,3,Self - Clotilda Descendant
310,12555,cast,4,"Self - Municipal Court Judge, City of Mobile"
310,12959,cast,5,Self - Folklorist
310,4277,cast,6,Self - Africatown Community Leader
310,11229,cast,7,Self - Africatown Community Activist
310,14236,cast,8,Self - Clotilda Descendant
310,6602,cast,9,Self - Clotilda Descendant
310,23442,cast,10,Self - Alabama State Senator
310,7499,cast,11,"Self - Archeologist in Residence, National Geographic"
310,9928,cast,12,"Self - Marine Archeologist, Vice President of SEARCH"
310,12101,cast,13,Self - Clotilda Descendant
310,18899,cast,14,Self - Native Environmental Organizer
310,4875,cast,15,Self - Clotilda Descendant
310,2671,cast,16,Self - Clotilda Descendant
310,17841,cast,17,Self - Clotilda Descendant
310,3945,cast,18,Self - Yorktown Missionary Baptist Church
310,7625,cast,19,Self - Clotilda Descendant
310,2212,cast,20,Self - Local Reporter
310,14892,director,1,
310,12959,writer,1,
311,15280,cast,1,Madeleine de Beaupre
311,7644,cast,2,Tom Bradley
311,11444,cast,3,Carlos Margoli
311,23785,cast,4,Mr. Gibson
311,6752,cast,5,Aristide Duvalle
311,293,cast,6,Avilia - Police Official
311,407,cast,7,Dr. Maurice Pauquet (mistakenly listed in end credits as Dr. Edouard Pauquet)
311,24313,cast,8,Aunt Olga
311,7851,cast,9,Clerk With Gun
311,6626,cast,10,Pedro - the Butler
311,21487,cast,11,Customs Inspector
311,8637,cast,12,Chauffeur
311,18813,cast,13,Haywagon Driver
311,21576,cast,14,Continental Palace Hotel Clerk
311,2594,cast,15,Tourist Woman
311,7811,cast,16,French Garage Man
311,1338,cast,17,Servant
311,8665,cast,18,Gibson's Clerk
311,17541,cast,19,Husband of Tourist Woman
311,727,cast,20,Pepi
311,7302,director,1,
311,6224,writer,1,
311,23494,writer,2,
311,20509,writer,3,
311,8581,writer,4,
311,19496,writer,5,
311,23367,writer,6,
311,2255,writer,7,
312,21655,cast,1,Gru
312,10282,cast,2,Vector
312,20201,cast,3,Dr. Nefario
312,12248,cast,4,Gru's Mom
312,23692,cast,5,Mr. Perkins
312,13294,cast,6,Miss Hattie
312,16552,cast,7,Margo
312,4678,cast,8,Edith
312,6481,cast,9,Agnes
312,18610,cast,10,"Tim the Minion, Bob the Minion, Mark the Minion"
312,3926,cast,11,Dave the Minion
312,10619,cast,12,Jerry the Minion
312,9683,cast,13,"Carnival Barker, Tourist Dad"
312,4820,cast,14,Fred McDade
312,16524,cast,15,Tourist Mom
312,19473,cast,16,Anchorman
312,12856,cast,17,Egyptian Guard
312,12866,cast,18,Talk Show Host
312,3588,cast,19,Additional Voices
312,12675,cast,20,Additional Voices
312,18610,director,1,
312,3926,director,2,
312,4144,writer,1,
312,12856,writer,2,
312,20881,writer,3,
313,18986,cast,1,Tony Wendice
313,8246,cast,2,Margot Wendice
313,19552,cast,3,Mark Halliday
313,11696,cast,4,Chief Inspector Hubbard
313,1495,cast,5,Charles Swann
313,13785,cast,6,The Storyteller
313,17866,cast,7,Detective Pearson
313,7846,cast,8,Detective Williams
313,7781,cast,9,First Detective
313,19782,cast,10,Police Sergeant O'Brien
313,19224,cast,11,Banquet Member
313,19792,cast,12,Detective
313,9645,cast,13,Bobby Outside Flat
313,19564,cast,14,Police Photographer
313,8423,cast,15,Detective
313,2342,cast,16,Woman Departing Ship
313,19598,cast,17,Banquet Member
313,8944,cast,18,Banquet Member
313,16077,cast,19,Undetermined Role
313,20434,cast,20,Man in Phone Booth
313,685,director,1,
313,7484,writer,1,
314,15468,cast,1,Diane
314,9848,cast,2,Brian
314,6805,cast,3,Mary
314,1085,cast,4,Bobbie
314,5320,cast,5,Donna
314,8188,cast,6,Dottie
314,12100,cast,7,Madge
314,12968,cast,8,Nurse Jackie
314,18583,cast,9,Ina
314,3492,cast,10,Tally
314,18981,cast,11,Al Rymanowski
314,14848,cast,12,Carol Rymanowski
314,16402,cast,13,Bartender
314,3187,cast,14,Dorie
314,7574,cast,15,Carla
314,3691,cast,16,Tom
314,18062,cast,17,George
314,13548,cast,18,Nurse #2
314,22242,cast,19,Avis
314,1313,cast,20,Waitress
314,12947,director,1,
314,12947,writer,1,
315,16086,cast,1,Consultant
315,997,cast,2,Backup Singer
315,5556,cast,3,Self
315,13192,cast,4,Self
315,3520,cast,5,Construction worker
315,13028,cast,6,Buster Keaton
315,23217,cast,7,Backup Singer
315,15488,cast,8,Katie Jo
315,9430,cast,9,Self
315,17272,cast,10,Backup Singer
315,13192,director,1,
315,17108,writer,1,
315,13192,writer,2,
316,2999,cast,1,John McClane
316,416,cast,2,Hans Gruber
316,2707,cast,3,Holly Gennaro McClane
316,19087,cast,4,Sgt. Al Powell
316,18009,cast,5,Dwayne T. Robinson
316,5487,cast,6,Argyle
316,23735,cast,7,Thornburg
316,8706,cast,8,Ellis
316,10056,cast,9,Takagi
316,604,cast,10,Karl
316,3011,cast,11,Franco
316,1099,cast,12,Tony
316,4194,cast,13,Theo
316,12006,cast,14,Alexander
316,14212,cast,15,Marco
316,7965,cast,16,Kristoff
316,5404,cast,17,Eddie
316,339,cast,18,Uli
316,7669,cast,19,Heinrich
316,8570,cast,20,Fritz
316,11548,director,1,
316,19831,writer,1,
316,10528,writer,2,
316,21719,writer,3,
317,2999,cast,1,John McClane
317,10708,cast,2,Simon
317,20512,cast,3,Zeus
317,8263,cast,4,Joe Lambert
317,4372,cast,5,Connie Kowalski
317,13467,cast,6,Arthur Cobb
317,1529,cast,7,Ricky Walsh
317,17219,cast,8,Targo
317,20445,cast,9,Katya
317,12997,cast,10,Charles Weiss
317,20987,cast,11,Officer Jane
317,21613,cast,12,Dr. Schiller
317,15961,cast,13,Dexter
317,480,cast,14,Raymond
317,16580,cast,15,Mischa
317,6223,cast,16,Dexter's Friend
317,19706,cast,17,Rolf
317,22843,cast,18,Roman
317,2421,cast,19,Ivan
317,1546,cast,20,Gang Member #1
317,11548,director,1,
317,11809,writer,1,
317,19831,writer,2,
318,4297,cast,1,Harry
318,1159,cast,2,Killer
318,8670,cast,3,Bressler
318,19146,cast,4,Chico
318,11682,cast,5,The Mayor
318,11500,cast,6,Chief
318,11561,cast,7,De Georgio
318,14614,cast,8,Mrs. Russell
318,14504,cast,9,Norma
318,20233,cast,10,Bus Driver
318,23929,cast,11,Mr. Jaffe
318,11939,cast,12,Rothko
318,23825,cast,13,Bannerman
318,10027,cast,14,Liquor Proprietor
318,15711,cast,15,Sid Kleinman
318,11032,cast,16,Miss Willis
318,4491,cast,17,Sgt. Reineke
318,1292,cast,18,Yelling Wife
318,7793,cast,19,Taxi Driver
318,12084,cast,20,Communications Secretary
318,5748,director,1,
318,4297,director,2,
318,8673,writer,1,
318,19451,writer,2,
318,5256,writer,3,
318,22247,writer,4,
318,11036,writer,5,
318,11559,writer,6,
319,21685,cast,1,Freddy Benson
319,16004,cast,2,Lawrence Jamieson
319,8172,cast,3,Janet Colgate
319,1567,cast,4,Inspector Andre
319,2030,cast,5,Fanny Eubanks
319,9272,cast,6,Arthur
319,4680,cast,7,Mrs. Reed
319,15810,cast,8,Lady from Oklahoma
319,7187,cast,9,Lady from Palm Beach
319,17258,cast,10,Lady in Dining Car
319,249,cast,11,Miss Krista Knudsen
319,3778,cast,12,Lady with Pearls
319,16999,cast,13,Marion
319,14185,cast,14,Lady in Rolls Royce
319,20186,cast,15,English Sailor #1
319,8917,cast,16,English Sailor #2
319,23960,cast,17,Hotel Bellboy
319,1066,cast,18,Waiter on the Train
319,14297,cast,19,Greek Millionaire
319,7913,cast,20,Assistant Hotel Manager
319,7361,director,1,
319,4599,writer,1,
319,21502,writer,2,
319,18022,writer,3,
320,18260,cast,1,Father
320,7461,cast,2,Mother
320,1242,cast,3,Eileen
320,5259,cast,4,Tony
320,14238,cast,5,Maisie
320,20377,cast,6,Eileen as a Child
320,17025,cast,7,Tony as a Child
320,21848,cast,8,Maisie as a Child
320,16202,cast,9,Dave
320,23368,cast,10,George
320,1574,cast,11,Rose
320,5273,cast,12,Micky
320,3880,cast,13,Red
320,15047,cast,14,Jingles
320,1164,cast,15,Les
320,1400,cast,16,Granny
320,10366,cast,17,Aunty Nell
320,380,cast,18,Baptism Priest
320,18157,cast,19,Doreen
320,15661,cast,20,Mr Spaull
320,22222,director,1,
320,22222,writer,1,
321,5626,cast,1,Joana
321,12305,cast,2,Danilo
321,1594,cast,3,Vigilante do Cartório
321,20137,cast,4,"Genivaldo, Cliente que registra a filha"
321,4259,cast,5,"Rodrigo, Casal Cartório"
321,14371,cast,6,"Maurício, Chefe do Cartório"
321,22166,cast,7,"Mestra Dalva, Mestra do Grupo Divino Amor"
321,21916,cast,8,"Amanda, Lavagem e Grupo Divino Amor"
321,22316,cast,9,"Henrique, Lavagem e Grupo Divino Amor"
321,22876,cast,10,Pastor do Batismo
321,7563,cast,11,Carteiro
321,6535,cast,12,Pastor do Drive Thru
321,15008,cast,13,"Lígia, Casal Cartório e Divino Amor"
321,22310,cast,14,"Janice, Cliente da Assinatura"
321,7121,cast,15,Porteiro do Divino Amor
321,14832,cast,16,"Leitura, Divino Amor"
321,3253,cast,17,"Leitura, Divino Amor"
321,1746,cast,18,Médico
321,4262,cast,19,Sueli - Cartório
321,14855,cast,20,Marido de Sueli - Cartório
321,7563,director,1,
321,7563,writer,1,
321,18786,writer,2,
321,6788,writer,3,
321,14359,writer,4,
321,14845,writer,5,
322,9349,cast,1,"Angela Raducani, Bobita"
322,17676,cast,2,Ovidiu Pîrsan
322,17329,cast,3,Doris Goethe
322,5833,cast,4,Angela Coman
322,13519,cast,5,Gyuri
322,12669,cast,6,Ovidiu's Wife
322,21346,cast,7,Ilinca
322,4461,cast,8,
322,15006,cast,9,
322,4151,cast,10,
322,4238,cast,11,
322,20852,cast,12,
322,17227,cast,13,
322,575,cast,14,Dan Trofaila
322,9414,cast,15,
322,19837,cast,16,
322,133,cast,17,
322,160,cast,18,
322,24363,cast,19,
322,1037,cast,20,
322,18808,director,1,
322,18808,writer,1,
323,4794,cast,1,Sal
323,17658,cast,2,Da Mayor
323,20141,cast,3,Mother Sister
323,19266,cast,4,Vito
323,8023,cast,5,Buggin Out
323,21455,cast,6,Mookie
323,2468,cast,7,Radio Raheem
323,11678,cast,8,Pino
323,17968,cast,9,ML
323,7406,cast,10,Coconut Sid
323,19780,cast,11,Sweet Dick Willie
323,11733,cast,12,Jade
323,16363,cast,13,Officer Ponte
323,19389,cast,14,Officer Long
323,11632,cast,15,Clifton
323,20512,cast,16,Mister Señor Love Daddy
323,20072,cast,17,Tina
323,19879,cast,18,Smiley
323,21705,cast,19,Ahmad
323,15366,cast,20,Cee
323,21455,director,1,
323,21455,writer,1,
324,349,cast,1,Sonny
324,11370,cast,2,Sal
324,18207,cast,3,Sylvia
324,21815,cast,4,Mulvaney
324,2375,cast,5,Margaret
324,3319,cast,6,Jenny
324,20547,cast,7,Deborah
324,14849,cast,8,Miriam
324,973,cast,9,Maria
324,11529,cast,10,Howard
324,6804,cast,11,Edna
324,7676,cast,12,Stevie
324,9895,cast,13,Sheldon
324,3612,cast,14,Moretti
324,3310,cast,15,Carmine
324,13433,cast,16,Murphy
324,7157,cast,17,Phone Cop
324,5542,cast,18,Limo Driver
324,5671,cast,19,Father
324,14848,cast,20,Neighbor
324,21216,director,1,
324,7365,writer,1,
324,18462,writer,2,
324,22436,writer,3,
325,4107,cast,1,Father
325,16292,cast,2,Mother
325,1249,cast,3,Older Daughter
325,4106,cast,4,Son
325,15499,cast,5,Younger Daughter
325,1346,cast,6,Christina
325,21681,cast,7,Colleague
325,21303,cast,8,Secretary
325,630,cast,9,Dog trainer
325,24126,director,1,
325,6237,writer,1,
325,24126,writer,2,
326,17265,cast,1,Grace Margaret Mulligan
326,17969,cast,2,Tom Edison
326,13570,cast,3,Ma Ginger
326,8621,cast,4,Gloria
326,10429,cast,5,The Man with the Big Hat
326,2576,cast,6,Mrs. Henson
326,9903,cast,7,The Big Man
326,17836,cast,8,Vera
326,10703,cast,9,Bill Henson
326,2191,cast,10,Jack McKay
326,18491,cast,11,Tom Edison Sr.
326,22378,cast,12,Gangster
326,21297,cast,13,Martha
326,11471,cast,14,Narrator
326,24317,cast,15,Ben
326,11607,cast,16,Gangster
326,23073,cast,17,The Man in the Coat
326,4276,cast,18,Olivia
326,16481,cast,19,Jason
326,2475,cast,20,Mr. Henson
326,13514,director,1,
326,13514,writer,1,
327,9844,cast,1,Donnie Darko
327,10623,cast,2,Gretchen Ross
327,15478,cast,3,Rose Darko
327,9054,cast,4,Eddie Darko
327,14633,cast,5,Elizabeth Darko
327,4921,cast,6,Samantha Darko
327,9937,cast,7,Frank
327,1782,cast,8,Dr. Fisher
327,17914,cast,9,Jim Cunningham
327,15214,cast,10,Police Officer
327,5174,cast,11,Bob Garland
327,22740,cast,12,Man in Red Jogging Suit
327,10348,cast,13,Joanie James
327,11737,cast,14,Cherita Chen
327,21783,cast,15,Ronald Fisher
327,7659,cast,16,Sean Smith
327,561,cast,17,Seth Devlin
327,2348,cast,18,Kitty Farmer
327,20897,cast,19,Ricky Danforth
327,5098,cast,20,Principal Cole
327,19301,director,1,
327,19301,writer,1,
328,9844,cast,1,Donnie Darko
328,10623,cast,2,Gretchen Ross
328,15478,cast,3,Rose Darko
328,9054,cast,4,Eddie Darko
328,14633,cast,5,Elizabeth Darko
328,4921,cast,6,Samantha Darko
328,9937,cast,7,Frank
328,1782,cast,8,Dr. Fisher
328,17914,cast,9,Jim Cunningham
328,15214,cast,10,Police Officer
328,5174,cast,11,Bob Garland
328,22740,cast,12,Man in Red Jogging Suit
328,10348,cast,13,Joanie James
328,11737,cast,14,Cherita Chen
328,21783,cast,15,Ronald Fisher
328,7659,cast,16,Sean Smith
328,561,cast,17,Seth Devlin
328,2348,cast,18,Kitty Farmer
328,20897,cast,19,Ricky Danforth
328,5098,cast,20,Principal Cole
328,19301,director,1,
328,19301,writer,1,
329,12254,cast,1,Laura Baxter
329,5783,cast,2,John Baxter
329,8985,cast,3,Heather
329,4263,cast,4,Wendy
329,15574,cast,5,Bishop Barbarrigo
329,19116,cast,6,Inspector Longhi
329,8110,cast,7,Workman
329,13855,cast,8,Hotel Manager
329,5191,cast,9,Anthony Babbage
329,1319,cast,10,Mandy Babbage
329,17172,cast,11,Johnny Baxter
329,20988,cast,12,Christine Baxter
329,3009,cast,13,Detective Sabbione
329,122,cast,14,Dwarf
329,17249,director,1,
329,4837,writer,1,
329,812,writer,2,
329,3869,writer,3,
330,7444,cast,1,Walter Neff
330,2054,cast,2,Phyllis Dietrichson
330,6186,cast,3,Barton Keyes
330,3090,cast,4,Nino Zachetti
330,18706,cast,5,Mr. Jackson
330,10407,cast,6,Lola Dietrichson
330,22724,cast,7,Mr. Dietrichson
330,19274,cast,8,Mr. Norton
330,7171,cast,9,Sam Gorlopis
330,11594,cast,10,Joe Pete
330,13900,cast,11,Stage Hand
330,9872,cast,12,Pullman Porter
330,11325,cast,13,Bit Part
330,19007,cast,14,Man Reading Magazine Outside Keyes' Office
330,6133,cast,15,Train Conductor
330,12960,cast,16,Conductor
330,2362,cast,17,Nettie - Dietrichsons' Maid
330,2342,cast,18,Norton's Secretary
330,16678,cast,19,Secretary
330,8602,cast,20,Redcap
330,2544,director,1,
330,2544,writer,1,
330,19007,writer,2,
330,10004,writer,3,
331,15933,cast,1,Sister Aloysius Beauvier
331,18525,cast,2,Father Brendan Flynn
331,952,cast,3,Sister James
331,23396,cast,4,Mrs. Miller
331,725,cast,5,Sister Veronica
331,1886,cast,6,Sister Raymond
331,21841,cast,7,Mrs. Carson
331,3378,cast,8,Christine Hurley
331,11382,cast,9,Warren Hurley
331,14156,cast,10,Jimmy Hurley
331,11976,cast,11,Donald Miller
331,16427,cast,12,William London
331,8490,cast,13,Zither Player
331,7377,cast,14,Kevin
331,19692,cast,15,Organist
331,20620,cast,16,Choir Singer
331,12676,cast,17,Choir Singer
331,10,cast,18,Choir Singer
331,22415,cast,19,Choir Singer
331,55,cast,20,Choir Singer
331,11587,director,1,
331,11587,writer,1,
332,3012,cast,1,Adolf Hitler
332,635,cast,2,Traudl Junge
332,23086,cast,3,Joseph Goebbels
332,12244,cast,4,Eva Braun
332,4434,cast,5,Magda Goebbels
332,8793,cast,6,Albert Speer
332,3960,cast,7,Prof. Ernst-Günther Schenck
332,15682,cast,8,Prof. Werner Haase
332,22425,cast,9,Hermann Fegelein
332,16139,cast,10,General Weidling
332,1058,cast,11,General Mohnke
332,23088,cast,12,Heinrich Himmler
332,2563,cast,13,Gerda Christian
332,19920,cast,14,General Hans Krebs
332,12404,cast,15,General Wilhelm Burgdorf
332,5595,cast,16,Feldmarschall Wilhelm Keitel
332,3978,cast,17,General Alfred Jodl
332,8236,cast,18,Otto Günsche
332,22428,cast,19,Heinz Linge
332,22444,cast,20,Martin Bormann
332,17545,director,1,
332,2310,writer,1,
332,11048,writer,2,
332,22946,writer,3,
332,15887,writer,4,
333,19690,cast,1,Chappellet
333,7725,cast,2,Claire
333,3155,cast,3,Carole
333,12542,cast,4,Machet
333,10948,cast,5,Creech
333,12629,cast,6,Reporter
333,4571,cast,7,Mayo
333,12921,cast,8,D.K.
333,17621,cast,9,Kipsmith
333,10749,cast,10,Engel
333,23560,cast,11,Mr. Chappellet
333,3330,cast,12,Lena
333,19440,cast,13,Devore
333,11192,cast,14,Tommy Erb
333,22697,cast,15,Stiles
333,19784,cast,16,Gabriel
333,8791,cast,17,Meier
333,18410,cast,18,Boyriven
333,1712,cast,19,Hinsch
333,6091,cast,20,Haas
333,16178,director,1,
333,10050,writer,1,
333,17489,writer,2,
334,7497,cast,1,"Dr. Henry Jekyll, Mr. Hyde"
334,16569,cast,2,Ivy Pearson
334,20052,cast,3,Muriel Carew
334,9053,cast,4,Dr. Lanyon
334,8520,cast,5,Brigadier-General Carew
334,6107,cast,6,Poole
334,22207,cast,7,Mrs. Hawkins
334,19497,cast,8,Ivy's Admirer at Music Hall
334,8635,cast,9,Pub Patron
334,23744,cast,10,Party Guest
334,13819,cast,11,Briggs - Lanyon's Butler
334,19445,cast,12,Jekyll's Patient
334,7331,cast,13,Undetermined Role
334,2665,cast,14,Pub Patron
334,17805,cast,15,Music Hall Customer
334,20434,cast,16,Party Guest
334,2742,cast,17,Police Inspector
334,22702,cast,18,Undetermined Role
334,1716,cast,19,Utterson
334,16797,cast,20,Dissenting Doctor at Lecture
334,20089,director,1,
334,20509,writer,1,
334,18237,writer,2,
334,19649,writer,3,
335,20771,cast,1,James Bond
335,23103,cast,2,Honey Ryder
335,2299,cast,3,M.
335,12017,cast,4,Dr. No
335,9679,cast,5,Felix Leiter
335,1495,cast,6,Professor Dent
335,24321,cast,7,Miss Taro
335,11490,cast,8,Quarrel
335,6870,cast,9,Sylvia
335,14174,cast,10,Miss Moneypenny
335,18292,cast,11,Major Boothroyd
335,24267,cast,12,Sister Lily
335,16266,cast,13,Sister Rose
335,14941,cast,14,Photographer
335,23783,cast,15,Superintendent
335,5663,cast,16,Mary
335,19069,cast,17,Jones
335,14267,cast,18,Pleydell-Smith
335,4384,cast,19,General Potter
335,28,cast,20,Crab Key Guard
335,22232,director,1,
335,19322,writer,1,
335,11278,writer,2,
335,2280,writer,3,
335,9256,writer,4,
335,23910,writer,5,
335,22232,writer,6,
336,18418,cast,1,"Group Capt. Lionel Mandrake, President Merkin Muffley, Dr. Strangelove"
336,7796,cast,2,Gen. 'Buck' Turgidson
336,21633,cast,3,Brig. Gen. Jack D. Ripper
336,12747,cast,4,Col. 'Bat' Guano
336,21329,cast,5,Maj. 'King' Kong
336,18291,cast,6,Russian Ambassador Alexi de Sadesky
336,9940,cast,7,Lt. Lothar Zogg
336,22943,cast,8,Miss Scott
336,9643,cast,9,Mr. Staines
336,7300,cast,10,Lt. H.R. Dietrich
336,19674,cast,11,Adm. Randolph
336,8156,cast,12,Lt. Kivel
336,20120,cast,13,Frank
336,20945,cast,14,Capt. 'Ace' Owens
336,8496,cast,15,Burpelson AFB Defense Team Member
336,18102,cast,16,Lt. Goldberg
336,13593,cast,17,Burpelson AFB Defense Team Member
336,8224,cast,18,Gen. Faceman
336,11534,cast,19,Burpelson AFB Defense Team Member
336,23289,cast,20,War Room Aide
336,21496,director,1,
336,21496,writer,1,
336,22274,writer,2,
336,18344,writer,3,
337,2803,cast,1,Self
337,23020,cast,2,Self
337,12745,cast,3,Self
337,22204,cast,4,Self
337,15026,cast,5,Self
337,9062,cast,6,Self - former pimp by the street name 'Fancy'
337,9869,cast,7,Self - Homer King's father
337,15318,cast,8,Self - Homer King's mother
337,10696,cast,9,Self - Brenda Myers-Powell's adopted son
337,12772,cast,10,Self - Brenda Myers-Powell's husband
337,15891,cast,11,Self - Jeremy's biological mother
337,20236,cast,12,"Self - psychologist, Brenda Myers-Powell's daughter"
337,10860,cast,13,Self - Melody's brother
337,2905,cast,14,Self - Brenda Myers-Powell's substitute
337,20969,cast,15,Self
337,10691,cast,16,Self - Sharita's brother
337,22245,cast,17,Self - Sharita's brother
337,14719,cast,18,Self - Sharita's brother
337,4853,cast,19,Self - Sharita's boyfriend
337,5526,cast,20,Self
337,13124,director,1,
337,14111,writer,1,
338,2389,cast,1,Deena Jones
338,10096,cast,2,Curtis Taylor Jr.
338,6085,cast,3,James 'Thunder' Early
338,4809,cast,4,Marty Madison
338,10646,cast,5,Effie White
338,1277,cast,6,Lorrell Robinson
338,12780,cast,7,C.C. White
338,20977,cast,8,Michelle Morris
338,8999,cast,9,Wayne
338,14996,cast,10,Magic
338,24257,cast,11,May
338,12883,cast,12,Max Washington
338,18866,cast,13,M.C.
338,16121,cast,14,Tiny Joe Dixon
338,14218,cast,15,Jazz Singer
338,11513,cast,16,Jerry Harris
338,11494,cast,17,Sam Walsh
338,603,cast,18,Ronald White
338,6813,cast,19,Aunt Ethel
338,2681,cast,20,Miami Comic
338,2424,director,1,
338,22669,writer,1,
338,2424,writer,2,
339,5358,cast,1,Z
339,15295,cast,2,Kel
339,5495,cast,3,Lauren
339,20666,cast,4,Tasha
339,3698,cast,5,Reece
339,16664,cast,6,Jamie
339,674,cast,7,Trish
339,14708,cast,8,Dionne
339,12077,cast,9,Toni
339,10230,cast,10,Sabrina
339,19078,cast,11,Bernice
339,19742,cast,12,Virgil
339,24376,cast,13,Zoe
339,14048,cast,14,Leigh
339,24292,cast,15,Self - Defense Instructor
339,12976,cast,16,Server
339,15595,cast,17,Master Potter
339,6295,cast,18,Master Potter
339,147,cast,19,Fireworks Shopkeeper
339,14575,cast,20,Poetry Audience Member
339,20992,director,1,
339,20992,writer,1,
340,20260,cast,1,Driver
340,3194,cast,2,Irene
340,3023,cast,3,Shannon
340,441,cast,4,Bernie Rose
340,17647,cast,5,Standard
340,3994,cast,6,Blanche
340,19967,cast,7,Nino
340,12420,cast,8,Benicio
340,10582,cast,9,Tan Suit
340,9890,cast,10,Cook
340,20197,cast,11,Doc
340,11164,cast,12,Chauffeur
340,22461,cast,13,Young Woman
340,22522,cast,14,Hitman #1
340,10988,cast,15,Hitman #2
340,22556,cast,16,Waitress
340,1205,cast,17,Stripper
340,11598,cast,18,Bearded Redneck
340,4480,cast,19,Masked Man #1
340,12940,cast,20,Masked Man #2
340,17252,director,1,
340,9093,writer,1,
340,10049,writer,2,
341,8973,cast,1,Yûsuke Kafuku
341,22630,cast,2,Misaki Watari
341,19096,cast,3,"Oto Kafuku, Yûsuke's Wife"
341,15528,cast,4,Koji Takatsuki
341,17776,cast,5,Lee Yoon-a
341,11005,cast,6,Kon Yoon-su
341,21384,cast,7,Janice Chang
341,226,cast,8,Ryu Jeong-eui
341,18244,cast,9,Roy Lucelo
341,20673,cast,10,Yuhara
341,9009,cast,11,Yumi Etô
341,22908,cast,12,Takashi Kimura
341,22013,cast,13,Kaoru Komagata
341,20280,cast,14,
341,6985,cast,15,
341,12453,cast,16,
341,15567,cast,17,
341,21161,cast,18,
341,12758,cast,19,
341,20355,cast,20,
341,20297,director,1,
341,8708,writer,1,
341,20297,writer,2,
341,22015,writer,3,
342,14284,cast,1,Timmy Choi
342,9070,cast,2,Captain Zhang
342,24068,cast,3,Yang Xiaobei
342,16317,cast,4,Sal
342,24221,cast,5,Xu Guoxiang
342,23501,cast,6,Guo Weijun
342,8355,cast,7,Chen Shixong
342,22099,cast,8,Senior Dumb
342,11012,cast,9,Junior Dumb
342,9044,cast,10,Birdie
342,6069,cast,11,Su
342,12412,cast,12,East Lee
342,21804,cast,13,Fatso
342,22563,cast,14,Hatred
342,18510,cast,15,Darkie
342,22565,cast,16,Haha's Wife
342,18651,cast,17,Bro Haha
342,22008,cast,18,Captain Liu (Erzhou)
342,24364,cast,19,Lin
342,4390,cast,20,Driver
342,11713,director,1,
342,12410,writer,1,
342,16873,writer,2,
342,20279,writer,3,
342,23969,writer,4,
343,8352,cast,1,Rufus T. Firefly
343,8620,cast,2,Pinky
343,3807,cast,3,Chicolini
343,24325,cast,4,Bob Roland
343,22331,cast,5,
343,14898,cast,6,Mrs. Teasdale
343,18950,cast,7,Vera Marcal
343,14268,cast,8,Trentino
343,6132,cast,9,Zander
343,13844,cast,10,Agitator
343,3662,cast,11,Prosecutor
343,6106,cast,12,Street Vendor
343,23486,cast,13,Officer at Battle Headquarters
343,21208,cast,14,Mrs. Teasdale's Butler
343,14515,cast,15,Chorus Girl
343,6242,cast,16,Officer in Battle Sequence
343,14894,cast,17,Chorus Girl
343,1959,cast,18,Chorus Girl
343,5225,cast,19,Minister of Finance #2
343,14302,cast,20,Reception Guest
343,13794,director,1,
343,2322,writer,1,
343,8691,writer,2,
343,1779,writer,3,
343,16954,writer,4,
344,10913,cast,1,Lloyd
344,10549,cast,2,Harry
344,13579,cast,3,Mary
344,16432,cast,4,Joe Mentalino
344,12502,cast,5,J.P. Shay
344,3677,cast,6,Nicholas Andre
344,23326,cast,7,FBI Agent Beth Jordan
344,11154,cast,8,Barnard
344,8542,cast,9,Karl Swanson
344,22241,cast,10,Helen Swanson
344,2766,cast,11,Billy
344,3134,cast,12,Sea Bass
344,7059,cast,13,Detective Dale
344,2754,cast,14,Bobby
344,19481,cast,15,Bartender
344,12650,cast,16,Cashier
344,24318,cast,17,Dale's Man #1
344,13647,cast,18,Dale's Man #2
344,4295,cast,19,Coroner
344,4401,cast,20,Elderly Lady
344,18331,director,1,
344,18331,writer,1,
344,2258,writer,2,
344,2673,writer,3,
345,21634,cast,1,Mr. Stork
345,6174,cast,2,Timothy Q. Mouse
345,9888,cast,3,Fats Crow
345,8934,cast,4,The Ringmaster
345,2507,cast,5,Clown
345,10912,cast,6,Dopey Crow
345,8515,cast,7,Crows
345,4285,cast,8,Dandy Crow
345,23245,cast,9,"The Elephant Matriarch, Mrs. Jumbo"
345,17422,cast,10,Catty the Elephant
345,6081,cast,11,Clown
345,14695,cast,12,Skinny
345,8514,cast,13,Deacon Crow
345,6878,cast,14,Circus Animals
345,10007,cast,15,Roaring Lion
345,8610,cast,16,Boy
345,11543,cast,17,Narrator
345,9686,cast,18,Clowns
345,5096,cast,19,"Circus Animals, Lion"
345,22866,cast,20,Boy
345,20503,director,1,
345,17449,director,2,
345,23682,director,3,
345,9669,director,4,
345,2478,director,5,
345,2218,director,6,
345,11186,writer,1,
345,5555,writer,2,
345,17666,writer,3,
345,2472,writer,4,
345,23252,writer,5,
345,8612,writer,6,
345,8800,writer,7,
345,23609,writer,8,
345,11210,writer,9,
345,1898,writer,10,
346,7111,cast,1,Tommy
346,2089,cast,2,George
346,15253,cast,3,Mr. Dawson
346,22685,cast,4,Farrier
346,4615,cast,5,French Soldier
346,1211,cast,6,Gibson
346,13680,cast,7,Grenadier
346,9892,cast,8,Irate Soldier
346,22680,cast,9,Peter
346,9680,cast,10,Collins
346,14474,cast,11,Warrant Officer
346,16248,cast,12,French Soldier 2
346,4415,cast,13,French Soldier 3
346,2532,cast,14,Petty Officer
346,16441,cast,15,Soldier
346,3126,cast,16,Stretcher Bearer
346,5255,cast,17,Soldier at the Gap
346,2676,cast,18,Able Seaman
346,23693,cast,19,Second Lieutenant
346,12912,cast,20,Commander Bolton
346,4088,director,1,
346,4088,writer,1,
347,16932,cast,1,Anna
347,23334,cast,2,Nikolai
347,1699,cast,3,Semyon
347,11936,cast,4,Ekrem
347,16518,cast,5,Azim
347,515,cast,6,Soyka
347,20622,cast,7,Tatiana
347,13414,cast,8,Customer
347,1971,cast,9,Chemist
347,5753,cast,10,Nurse
347,19021,cast,11,Doctor Aziz
347,21296,cast,12,Helen
347,10785,cast,13,Stepan
347,22126,cast,14,Tatiana
347,23355,cast,15,Kirill
347,20955,cast,16,Maria
347,13988,cast,17,Violin Girl
347,15949,cast,18,Azim's Wife
347,18805,cast,19,Head Waiter
347,5782,cast,20,Yuri
347,4980,director,1,
347,21723,writer,1,
348,18335,cast,1,Wyatt
348,5407,cast,2,Billy
348,9692,cast,3,George Hanson
348,1591,cast,4,Jesus
348,18489,cast,5,Connection
348,14550,cast,6,Bodyguard
348,23578,cast,7,Rancher
348,22575,cast,8,Rancher's Wife
348,14463,cast,9,Stranger on Highway
348,14332,cast,10,Lisa
348,20314,cast,11,Sarah
348,20565,cast,12,Joanne
348,19732,cast,13,Jack
348,19511,cast,14,Mime #1
348,3303,cast,15,Mime #2
348,6449,cast,16,Mime #3
348,16160,cast,17,Mime #4
348,7825,cast,18,Guard
348,12788,cast,19,Sheriff
348,8756,cast,20,Cat Man
348,5407,director,1,
348,18335,writer,1,
348,5407,writer,2,
348,22274,writer,3,
349,11718,cast,1,Ed Wood
349,15365,cast,2,Bela Lugosi
349,20623,cast,3,Dolores Fuller
349,17833,cast,4,Kathy O'Hara
349,10597,cast,5,Criswell
349,7705,cast,6,Reverend Lemon
349,23357,cast,7,Orson Welles
349,2464,cast,8,Bunny Breckinridge
349,16432,cast,9,Georgie Weiss
349,15744,cast,10,Paul Marco
349,2817,cast,11,Conrad Brooks
349,14103,cast,12,Vampira
349,7891,cast,13,Tor Johnson
349,12293,cast,14,Loretta King
349,4314,cast,15,Ed Reynolds
349,17437,cast,16,Cameraman Bill
349,13833,cast,17,Makeup Man Harry
349,17063,cast,18,Dr. Tom Mason
349,4804,cast,19,Soundman
349,20082,cast,20,Camera Assistant
349,22480,director,1,
349,20153,writer,1,
349,20704,writer,2,
349,13489,writer,3,
350,6481,cast,1,Kayla Day
350,12039,cast,2,Mark Day
350,6558,cast,3,Olivia
350,9853,cast,4,Gabe
350,4772,cast,5,Riley
350,7440,cast,6,Trevor
350,9363,cast,7,Aniyah
350,14470,cast,8,Aiden
350,3432,cast,9,Kennedy
350,17416,cast,10,Steph
350,16589,cast,11,Mrs. Graves
350,20923,cast,12,Mason
350,8292,cast,13,Mr. McDaniel
350,22420,cast,14,Edmund
350,7319,cast,15,Officer Todd
350,9603,cast,16,Mr. Graves
350,22468,cast,17,Babs
350,5166,cast,18,Chaperone
350,22989,cast,19,Dylan
350,16968,cast,20,Mrs. Rosh
350,2603,director,1,
350,2603,writer,1,
351,11692,cast,1,Cole Thornton
351,19664,cast,2,El Dorado Sheriff J.P. Harrah
351,9903,cast,3,Mississippi
351,3560,cast,4,Maudie
351,18002,cast,5,Dr. Miller
351,1761,cast,6,Bull
351,16283,cast,7,Josephine (Joey) MacDonald
351,19166,cast,8,Kevin MacDonald
351,6169,cast,9,Bart Jason
351,4052,cast,10,Nelse McLeod
351,15099,cast,11,Maria
351,19566,cast,12,Milt
351,11432,cast,13,Pedro
351,11717,cast,14,Luke MacDonald
351,19701,cast,15,Saul MacDonald
351,95,cast,16,Matt MacDonald
351,23320,cast,17,Jared's Wife
351,10919,cast,18,Jim Purvis - Jason's Foreman
351,1423,cast,19,Saul MacDonald's Wife
351,5536,cast,20,Matt's Wife
351,9106,director,1,
351,13743,writer,1,
351,8650,writer,2,
352,15641,cast,1,Jim McAllister
352,19063,cast,2,Tracy Flick
352,14205,cast,3,Custodian
352,3903,cast,4,Paul Metzler
352,18487,cast,5,Walt Hendricks
352,6550,cast,6,Girl in Crisis
352,11824,cast,7,Derek
352,963,cast,8,Michelle
352,15210,cast,9,Dave Novotny
352,5333,cast,10,Linda Novotny
352,16665,cast,11,Diane McAllister
352,4372,cast,12,Judith R. Flick
352,15620,cast,13,'Eat Me' Boy
352,17197,cast,14,'Eat Me' Boy's Buddy
352,2569,cast,15,Adult Video Actor
352,3948,cast,16,Adult Video Actress
352,5195,cast,17,Tracy's Friend Eric
352,10818,cast,18,Tammy Metzler
352,7409,cast,19,Lisa Flanagan
352,11246,cast,20,Jerry Slavin
352,620,director,1,
352,22722,writer,1,
352,620,writer,2,
352,10963,writer,3,
353,16852,cast,1,Elena
353,1177,cast,2,Vladimir
353,537,cast,3,Sergey
353,6318,cast,4,Katerina
353,6933,cast,5,Tatyana
353,9325,cast,6,Sasha
353,23213,cast,7,Lawyer
353,535,cast,8,Vitek
353,6280,cast,9,
353,9556,cast,10,
353,17301,cast,11,
353,24228,cast,12,
353,9329,cast,13,
353,24027,cast,14,
353,23214,cast,15,
353,5650,cast,16,
353,528,cast,17,
353,1022,cast,18,
353,23459,cast,19,
353,14534,cast,20,
353,1179,director,1,
353,17520,writer,1,
353,1179,writer,2,
354,10520,cast,1,Florence Carala
354,15726,cast,2,Julien Tavernier
354,7918,cast,3,Louis
354,24127,cast,4,Véronique
354,10502,cast,5,Simon Carala
354,6325,cast,6,Frieda Bencker
354,21965,cast,7,"Yvonne, La fille du bar"
354,16294,cast,8,Geneviève
354,8124,cast,9,Jacqueline Mauclair
354,9772,cast,10,Anna
354,14824,cast,11,Le réceptionniste du motel
354,7969,cast,12,Maurice
354,3606,cast,13,L'adjoint du commissaire Cherrier
354,9141,cast,14,Le substitut du procureur
354,9794,cast,15,Le garagiste
354,14827,cast,16,Le président du conseil d'administration
354,7266,cast,17,Commissaire de police
354,9557,cast,18,Horst Bencker
354,7055,cast,19,Christian Subervie
354,14057,cast,20,Le commissaire Cherrier
354,14288,director,1,
354,19896,writer,1,
354,14288,writer,2,
354,17380,writer,3,
355,3409,cast,1,Elizabeth I
355,14135,cast,2,Female Martyr
355,19819,cast,3,Master Ridley
355,18004,cast,4,Male Martyr
355,22230,cast,5,Bishop Gardiner
355,4046,cast,6,Duke of Norfolk
355,18428,cast,7,Palace Chamberlain
355,883,cast,8,Lettice Howard
355,12659,cast,9,Queen Mary Tudor
355,23161,cast,10,Mary's Dwarf
355,7783,cast,11,King Philip II of Spain
355,9952,cast,12,Alvaro de la Quadra
355,10095,cast,13,Earl of Sussex
355,6189,cast,14,Earl of Arundel
355,6551,cast,15,Kat Ashley
355,11975,cast,16,"Robert Dudley, Earl of Leicester"
355,12825,cast,17,Isabel Knollys
355,23607,cast,18,Dance Tutor
355,20380,cast,19,Lady in Waiting
355,12594,cast,20,Lady in Waiting
355,21037,director,1,
355,16087,writer,1,
356,9500,cast,1,Michèle
356,13609,cast,2,Patrick
356,1395,cast,3,Anna
356,3579,cast,4,Richard
356,23425,cast,5,Rebecca
356,12168,cast,6,Irène
356,3960,cast,7,Robert
356,11773,cast,8,Vincent
356,733,cast,9,Josie
356,23343,cast,10,Hélène
356,18948,cast,11,Ralf
356,1769,cast,12,Kevin
356,14360,cast,13,Kurt
356,9180,cast,14,Philipp Kwan
356,21542,cast,15,Omar
356,9191,cast,16,Directeur adjoint
356,1416,cast,17,Médecin
356,17236,cast,18,Agent immobilier
356,5070,cast,19,Serrurier
356,14172,cast,20,Armurier
356,18106,director,1,
356,18543,writer,1,
356,4956,writer,2,
357,3955,cast,1,Jim
357,11526,cast,2,Basie
357,16555,cast,3,Mrs. Victor
357,17285,cast,4,Dr. Rawlins
357,11203,cast,5,Frank Demarest
357,13888,cast,6,Maxton
357,15546,cast,7,Sgt. Nagata
357,6555,cast,8,Jim's Mother
357,20182,cast,9,Jim's Father
357,18340,cast,10,Mr. Victor
357,22027,cast,11,Kamikaze Boy Pilot
357,2221,cast,12,Dainty
357,5103,cast,13,Tiptree
357,18872,cast,14,Cohen
357,19716,cast,15,Mr. Lockwood
357,16876,cast,16,Yang
357,8414,cast,17,Sgt. Uchida
357,6584,cast,18,Amy Matthews
357,10074,cast,19,Mr. Radik
357,9648,cast,20,Singing Prisoner
357,21733,director,1,
357,22737,writer,1,
357,10864,writer,2,
357,15907,writer,3,
358,7073,cast,1,José
358,8058,cast,2,Elmer
358,49,cast,3,Jesús
358,7752,cast,4,Artemio
358,679,cast,5,Felix
358,512,cast,6,Nacho
358,8057,cast,7,Alfonso
358,19191,cast,8,Ricardo
358,6161,cast,9,Juan
358,4520,cast,10,Marcador
358,5754,cast,11,Ray
358,5338,cast,12,Delfino
358,6768,cast,13,Baltasar
358,4051,cast,14,Steve
358,563,cast,15,Barman
358,10987,cast,16,D&D Boss
358,974,cast,17,Art Gallery Receptionist
358,8584,cast,18,XXX Clerk
358,16207,cast,19,XXX Customer 1
358,13040,cast,20,XXX Customer 2
358,10947,director,1,
358,10947,writer,1,
359,2983,cast,1,Lee
359,11634,cast,2,Roper
359,10939,cast,3,Williams
359,229,cast,4,Tania
359,13076,cast,5,Han
359,19733,cast,6,Oharra
359,1229,cast,7,Su Lin (Guest star)
359,2360,cast,8,Mei Ling
359,7771,cast,9,Braithwaite
359,2698,cast,10,Bolo
359,18268,cast,11,Parsons
359,13929,cast,12,Old Man
359,15279,cast,13,Secretary
359,807,cast,14,Golfer
359,2448,cast,15,L.A. Cop
359,16333,cast,16,L.A. Cop
359,17799,cast,17,Hood
359,4863,cast,18,Hood
359,16378,cast,19,Hood
359,8977,cast,20,
359,19546,director,1,
359,15963,writer,1,
359,2983,writer,2,
360,6490,cast,1,Self
360,9901,cast,2,Self
360,8150,cast,3,Self
360,3708,cast,4,Self
360,10772,cast,5,Self
360,20011,cast,6,Self
360,11695,cast,7,Self
360,2717,cast,8,Self
360,20493,cast,9,Self
360,11188,cast,10,Self - Conductor
360,14104,cast,11,Self
360,18728,cast,12,Self
360,8223,cast,13,Self
360,19054,cast,14,Self
360,2121,director,1,
360,2717,writer,1,
361,3955,cast,1,John Preston
361,20766,cast,2,Partridge
361,6561,cast,3,Mary O'Brien
361,22141,cast,4,Brandt
361,5675,cast,5,Seamus
361,3971,cast,6,Officer in Charge
361,11489,cast,7,Chemist
361,20791,cast,8,Father
361,23781,cast,9,Jurgen
361,1267,cast,10,Dupont
361,4946,cast,11,Evidentiary Storage Officer
361,5630,cast,12,Gate Guard
361,15651,cast,13,Robbie Preston
361,14982,cast,14,Preston's Wife
361,6559,cast,15,Lisa Preston
361,16430,cast,16,Enforcer Commander
361,7146,cast,17,Gate Guard
361,4818,cast,18,Lead Sweeper
361,7207,cast,19,Rebel Leader
361,13357,cast,20,Rebel Victim
361,13357,director,1,
361,13357,writer,1,
362,9691,cast,1,Henry Spencer
362,3731,cast,2,Mary X
362,822,cast,3,Mr. X
362,10512,cast,4,Mrs. X
362,12173,cast,5,Beautiful Girl Across the Hall
362,13568,cast,6,Lady in the Radiator
362,23117,cast,7,Landlady (long version)
362,9656,cast,8,Man in the Planet
362,10415,cast,9,Grandmother
362,22399,cast,10,The Boy
362,11563,cast,11,Bum
362,4884,cast,12,Paul
362,21978,cast,13,The Boss
362,8498,cast,14,Pencil Machine Operator
362,10656,cast,15,Little Girl
362,2753,cast,16,Little Boy
362,18196,cast,17,Person Digging in the Alley (long version)
362,5653,cast,18,Person Digging in the Alley (long version)
362,8063,cast,19,Man with Cigar
362,22599,cast,20,Man Fighting
362,5077,director,1,
362,5077,writer,1,
363,13419,cast,1,Ernest
363,18150,cast,2,Célestine
363,1419,cast,3,La Grise
363,17830,cast,4,Georges
363,2926,cast,5,Lucienne
363,13826,cast,6,Léon
363,5688,cast,7,Chef de clinique
363,18241,cast,8,Infirmière en Chef
363,24017,cast,9,Avocat d'Ernest
363,7063,cast,10,Juge Grizzly
363,18599,cast,11,Juge Rat
363,23363,cast,12,Chef policier Ours
363,17827,cast,13,Chef policier Rat
363,9781,cast,14,Monsieur Rançonnet
363,7611,cast,15,Célestine enfant
363,15771,cast,16,Voix Additionnelles
363,12847,cast,17,Voix Additionnelles
363,24014,cast,18,Voix Additionnelles
363,11900,cast,19,Voix Additionnelles
363,21928,cast,20,Voix Additionnelles
363,21540,director,1,
363,23373,director,2,
363,2249,director,3,
363,4749,writer,1,
363,7584,writer,2,
364,8912,cast,1,Elliott
364,5923,cast,2,Gertie
364,18305,cast,3,Keys
364,5310,cast,4,Mary
364,19654,cast,5,Michael
364,12735,cast,6,Greg
364,20774,cast,7,Steve
364,3108,cast,8,Tyler
364,6728,cast,9,Pretty Girl
364,5079,cast,10,Schoolboy
364,19365,cast,11,Science Teacher
364,7391,cast,12,Policeman
364,19514,cast,13,Ultra Sound Man
364,16038,cast,14,Van Man
364,4954,cast,15,Medical Unit
364,4968,cast,16,Medical Unit
364,16497,cast,17,Medical Unit
364,615,cast,18,Medical Unit
364,19171,cast,19,Medical Unit
364,19553,cast,20,Medical Unit
364,21733,director,1,
364,15885,writer,1,
365,10913,cast,1,Joel Barish
365,12607,cast,2,Clementine Kruczynski
365,22752,cast,3,Dr. Mierzwiak
365,7998,cast,4,Train Conductor
365,6344,cast,5,Patrick
365,22417,cast,6,Frank
365,15250,cast,7,Stan
365,10135,cast,8,Carrie
365,4981,cast,9,Rob
365,13190,cast,10,Mary
365,20277,cast,11,Young Joel
365,5270,cast,12,Joel's Mother
365,937,cast,13,Young Bully
365,2886,cast,14,Young Bully
365,18146,cast,15,Young Bully
365,12037,cast,16,Young Bully
365,14179,cast,17,Young Clementine
365,5320,cast,18,Hollis
365,13569,cast,19,Rollerblader
365,16260,director,1,
365,3712,writer,1,
365,16260,writer,2,
365,18602,writer,3,
366,13271,cast,1,Misato Katsuragi
366,15833,cast,2,Shinji Ikari
366,15832,cast,3,"Rei Ayanami, Pen Pen, Yui Ikari"
366,24203,cast,4,Asuka Langley Shikinami
366,7532,cast,5,Gendo Ikari
366,24226,cast,6,Ritsuko Akagi
366,14544,cast,7,Mari Illustrious Makinami
366,16450,cast,8,Maya Ibuki
366,13242,cast,9,Ryoji Kaji
366,16775,cast,10,Kouzou Fuyutsuki
366,9004,cast,11,Makoto Hyuga
366,22033,cast,12,Shigeru Aoba
366,22297,cast,13,Kensuke Aida
366,22792,cast,14,Toji Suzuhara
366,16788,cast,15,Kiel Lorenz
366,12354,cast,16,Hikari Horaki
366,308,cast,17,Kaworu Nagisa
366,10683,cast,18,NERV Bethany Base Staff
366,20695,cast,19,
366,15551,director,1,
366,12731,director,2,
366,8962,director,3,
366,8962,writer,1,
367,2587,cast,1,Jake
367,23053,cast,2,McReynolds
367,20261,cast,3,Roper
367,24384,cast,4,Beverly
367,12401,cast,5,Jay
367,23945,cast,6,Willoughby
367,8154,cast,7,Finnegan
367,22208,cast,8,Plummer
367,9599,cast,9,Dale
367,23696,cast,10,Beuter
367,4472,cast,11,Sorority Girl #1
367,22153,cast,12,Sorority Girl #2
367,3988,cast,13,Cute Coed #1
367,21407,cast,14,Beverly's Roommate
367,1904,cast,15,Nesbit
367,22091,cast,16,Brumley
367,7167,cast,17,Coma
367,11786,cast,18,Coach Gordan
367,6755,cast,19,Sound Machine Doorman
367,10263,cast,20,Sound Machine Manager
367,19318,director,1,
367,19318,writer,1,
368,2965,cast,1,Ash
368,20610,cast,2,Annie
368,4653,cast,3,Jake
368,12567,cast,4,Bobby Joe
368,22187,cast,5,Possessed Henrietta
368,5382,cast,6,Linda
368,19257,cast,7,Ed
368,11592,cast,8,Professor Knowby
368,14250,cast,9,Henrietta
368,21355,cast,10,Fake Shemp
368,12031,cast,11,Fake Shemp
368,20446,cast,12,Fake Shemp
368,20738,cast,13,Fake Shemp
368,22423,cast,14,Fake Shemp
368,16591,cast,15,Fake Shemp
368,10673,cast,16,Fake Shemp
368,23830,cast,17,"The Hand, The Dark Spirit, The Deer Head, The Enchanted Objects"
368,18924,cast,18,Male Monsters
368,22833,cast,19,Luggage Monkey
368,5078,cast,20,Airport Worker
368,20446,director,1,
368,20446,writer,1,
368,20738,writer,2,
369,14607,cast,1,Eva Perón
369,11832,cast,2,Juan Perón
369,1579,cast,3,Ché
369,10995,cast,4,Agustín Magaldi
369,23327,cast,5,Doña Juana
369,12233,cast,6,Brother Juan
369,17532,cast,7,Blanca
369,13553,cast,8,Elisa Duarte
369,12223,cast,9,Erminda
369,14974,cast,10,Young Eva
369,20890,cast,11,Cipriano Reyes
369,1076,cast,12,Perón's Mistress
369,18402,cast,13,Domingo Mercante
369,7637,cast,14,Juan Bramuglia
369,14663,cast,15,Julieta
369,144,cast,16,Carlos
369,7559,cast,17,Cinema Manager
369,15354,cast,18,Young Juan
369,23230,cast,19,Young Blanca
369,23256,cast,20,Young Elisa
369,412,director,1,
369,22512,writer,1,
369,412,writer,2,
369,17561,writer,3,
370,18026,cast,1,Self - 'Live from NYPL' Moderator
370,6489,cast,2,Self - 'Live from NYPL' Guest
370,17938,cast,3,Self - 'Live from NYPL' Guest
370,6134,cast,4,Self - 'Live from NYPL' Guest
370,13063,cast,5,Self - 'Live from NYPL' Moderator
370,21982,cast,6,Self - 'Live from NYPL' Guest
370,10842,cast,7,Self - 'Books at Noon' Moderator
370,19251,cast,8,Self - 'Books at Noon' Guest
370,24232,cast,9,Self - 'Books at Noon' Guest
370,6892,cast,10,Self - 'Library for the Performing Arts' Moderator
370,3360,cast,11,Self - 'Library for the Performing Arts' Guest
370,16477,cast,12,Self - 'Library for the Performing Arts' Guest
370,3167,cast,13,Self - 'Library for the Performing Arts' Guest
370,1521,cast,14,Self
370,7492,director,1,
371,12150,cast,1,Ted Pikul
371,10648,cast,2,Allegra Geller
371,9263,cast,3,Kiri Vinokur
371,23724,cast,4,Gas
371,5735,cast,5,Yevgeny Nourish
371,3127,cast,6,Hugo Carlaw
371,4046,cast,7,Seminar Leader
371,20633,cast,8,Merle
371,19495,cast,9,D'Arcy Nader
371,17646,cast,10,Chinese Waiter
371,13277,cast,11,Noel Dichter
371,23335,cast,12,Male Assistant
371,13191,cast,13,Female Assistant
371,9992,cast,14,Landry
371,1989,cast,15,Male Volunteer
371,21553,cast,16,Female Volunteer
371,7997,cast,17,Trout Farm Worker
371,4980,director,1,
371,4980,writer,1,
372,1995,cast,1,Self
372,16780,cast,2,Self
372,21438,cast,3,Self
372,5275,cast,4,Self
372,16709,cast,5,Self
372,24328,cast,6,Self
372,21055,cast,7,Self
372,19949,cast,8,Self
372,3121,cast,9,Self
372,2725,cast,10,Self
372,3056,cast,11,Self
372,21683,cast,12,Self
372,23634,cast,13,Self
372,19877,cast,14,Self
372,13610,cast,15,Self
372,876,cast,16,Self
372,19924,cast,17,Self
372,4265,cast,18,Self
372,5028,cast,19,Self
372,3487,cast,20,Self
372,1995,director,1,
372,1995,writer,1,
373,22656,cast,1,Dr. William Harford
373,17265,cast,2,Alice Harford
373,22611,cast,3,Nick Nightingale
373,21943,cast,4,Victor Ziegler
373,14602,cast,5,Helena Harford
373,9737,cast,6,Roz
373,13879,cast,7,Illona
373,18352,cast,8,Bandleader
373,16047,cast,9,Ziegler's Secretary
373,21319,cast,10,Sandor Szavost
373,14307,cast,11,Gayle
373,21751,cast,12,Nuala
373,18916,cast,13,Harris
373,12288,cast,14,Mandy
373,14097,cast,15,Lisa
373,13000,cast,16,Lou Nathanson
373,15059,cast,17,Marion
373,22407,cast,18,Carl
373,15007,cast,19,Rosa
373,4661,cast,20,Rowdy College Kid
373,21496,director,1,
373,21496,writer,1,
373,7477,writer,2,
373,1777,writer,3,
374,18605,cast,1,Le docteur Génessier
374,749,cast,2,Louise
374,12303,cast,3,Edna Grüber
374,648,cast,4,L'inspecteur Parot
374,2129,cast,5,Paulette Meroudon
374,3583,cast,6,L'homme de la fourrière
374,6125,cast,7,Christiane Génessier
374,4213,cast,8,Un inspecteur
374,16254,cast,9,"Le docteur Lherminier - médecin légiste, Forensic surgeon"
374,24259,cast,10,La mère du petit malade
374,19126,cast,11,Henri Tessot
374,14381,cast,12,Un homme à l'enterrement
374,14830,cast,13,Un homme à l'enterrement
374,7263,cast,14,Le docteur Jacques Vernon
374,7182,cast,15,
374,3577,cast,16,Un homme à la conférence
374,7576,cast,17,Une admiratrice du docteur Génessier
374,4450,cast,18,
374,2919,cast,19,Juliette
374,3648,cast,20,Le concierge
374,7911,director,1,
374,10483,writer,1,
374,18603,writer,2,
374,22437,writer,3,
374,4227,writer,4,
374,18618,writer,5,
375,17636,cast,1,Self - Narrator
375,17510,cast,2,Self - The Girl
375,7275,cast,3,Self - Special Participant
375,6467,cast,4,Self
375,4290,cast,5,Self
375,13592,cast,6,Self
375,6123,cast,7,Self
375,5198,cast,8,Self
375,18100,cast,9,Self - Special Participant
375,19381,cast,10,Self - Special Participant
375,11965,cast,11,Self - Special Participant
375,9109,cast,12,Self
375,19260,cast,13,Self - Associate Producer
375,622,cast,14,Self
375,7648,cast,15,Special Participant
375,1117,cast,16,Special Participant
375,12307,cast,17,Special Participant
375,3976,cast,18,Special Participant
375,7283,cast,19,Special Participant
375,18279,cast,20,Special Participant
375,17636,director,1,
375,7648,director,2,
375,17510,director,3,
375,7275,director,4,
375,17636,writer,1,
375,17510,writer,2,
376,11677,cast,1,Sean Archer
376,17237,cast,2,Castor Troy
376,11060,cast,3,Eve Archer
376,546,cast,4,Pollux Troy
376,8085,cast,5,Sasha Hassler
376,5695,cast,6,Jamie Archer
376,17185,cast,7,Dietrich Hassler
376,8719,cast,8,Victor Lazarro
376,4379,cast,9,Dr. Malcolm Walsh
376,11361,cast,10,Prison Guard Walton
376,3455,cast,11,Hollis Miller
376,19742,cast,12,Tito Biondi
376,14895,cast,13,Wanda
376,9929,cast,14,Buzz
376,15627,cast,15,Loomis
376,3865,cast,16,Dubov
376,16832,cast,17,Michael Archer
376,5090,cast,18,Adam Hassler
376,22416,cast,19,Burke Hicks
376,22781,cast,20,Leo
376,11702,director,1,
376,16438,writer,1,
376,16018,writer,2,
377,11528,cast,1,Richard Forst
377,7714,cast,2,Jeannie Rapp
377,14516,cast,3,Maria Forst
377,20916,cast,4,Chet
377,7432,cast,5,Freddie Draper
377,23124,cast,6,Jim McCarthy
377,5859,cast,7,Florence
377,11118,cast,8,Louise Draper
377,4858,cast,9,Billy Mae
377,7722,cast,10,Joe Jackson
377,6386,cast,11,Stella
377,1322,cast,12,
377,4913,cast,13,
377,1286,cast,14,
377,12262,cast,15,
377,6230,cast,16,
377,14137,cast,17,
377,7817,cast,18,Comedian
377,10759,cast,19,
377,5143,cast,20,
377,11367,director,1,
377,11367,writer,1,
378,206,cast,1,Self
378,12104,cast,2,Self
378,10526,cast,3,Self
378,4271,cast,4,Self
378,15040,cast,5,Self
378,10452,cast,6,Self
378,17010,cast,7,Self
378,23362,cast,8,Self
378,4217,cast,9,Self
378,17868,cast,10,Self
378,897,cast,11,Self
378,5573,cast,12,Self
378,9747,cast,13,Self
378,18698,cast,14,Self
378,17853,cast,15,Self
378,31,cast,16,Self
378,14727,cast,17,Self
378,17007,cast,18,Self
378,4023,cast,19,Self
378,21423,cast,20,Self
378,12104,director,1,
378,206,director,2,
378,12104,writer,1,
378,206,writer,2,
379,13806,cast,1,"Wong Chi-Ming, Killer"
379,16311,cast,2,The Killer's Agent
379,22037,cast,3,He Zhiwu
379,3719,cast,4,"Charlie, Cherry"
379,12510,cast,5,"Punkie, Blondie, Baby"
379,6982,cast,6,The Man Forced to Eat Icecream
379,14731,cast,7,He Zhiwu's father
379,22904,cast,8,Sato
379,22586,cast,9,Ah-hoi
379,13716,cast,10,Woman Pressed to Buy Vegetables
379,24186,cast,11,Man forced to have his clothes washed
379,13140,cast,12,Hitman
379,12483,director,1,
379,12483,writer,1,
380,836,cast,1,Ansa Grönholm
380,12366,cast,2,Holappa
380,10201,cast,3,Hannes Huotari
380,17475,cast,4,Liisa
380,15948,cast,5,Työkaveri
380,16454,cast,6,Myymälävartija
380,21064,cast,7,Parakin asukas
380,12489,cast,8,Parakin asukas
380,22805,cast,9,Karaokelaulaja ('Get On')
380,16372,cast,10,"Markus, Karaokelaulaja ('Serenade')"
380,6935,cast,11,Karaoke-emäntä
380,4,cast,12,Roskisdyykkari
380,1605,cast,13,Henkilökuntapäällikkö
380,15683,cast,14,Metalliverstaan johtaja
380,21250,cast,15,Internet-kahvilan pitäjä
380,15408,cast,16,Raunio
380,16603,cast,17,Hämärämies 1
380,20484,cast,18,Hämärämies 2
380,13791,cast,19,Huligaani raitiovaunupysäkillä
380,9607,cast,20,Huligaani raitiovaunupysäkillä
380,283,director,1,
380,283,writer,1,
381,16046,cast,1,D-Fens
381,19573,cast,2,Prendergast
381,2031,cast,3,Beth
381,18799,cast,4,Sandra
381,23026,cast,5,Mrs. Prendergast
381,7473,cast,6,Surplus Store Owner
381,14176,cast,7,D-Fens' Mother
381,11265,cast,8,Adele (Beth's Child)
381,6013,cast,9,Guy on Freeway
381,16162,cast,10,Mr. Lee
381,19012,cast,11,Captain Yardley
381,5966,cast,12,Detective Lydecker
381,21691,cast,13,Detective Brian
381,13153,cast,14,Detective Jones
381,9989,cast,15,Detective Keene
381,14570,cast,16,Detective Graham
381,19333,cast,17,Detective Sanchez
381,2960,cast,18,Police Clerk
381,15674,cast,19,Officer at Station
381,214,cast,20,Gang Member One
381,11250,director,1,
381,6013,writer,1,
382,12628,cast,1,Ruth
382,3367,cast,2,Vanessa
382,1201,cast,3,Brian
382,8459,cast,4,Steve
382,18817,cast,5,Valet Parker
382,7155,cast,6,Receptionist
382,2285,cast,7,Walter
382,11751,cast,8,Caregiver
382,14189,cast,9,Cynthia
382,16400,cast,10,Rudy
382,17879,cast,11,Server
382,20393,cast,12,Chip-Clip Lady
382,11882,cast,13,Janitor
382,11056,cast,14,Pearl
382,6408,cast,15,Newspaper Reader
382,20578,cast,16,Angela
382,5560,cast,17,Paul
382,11693,cast,18,Walkie-Talkie
382,20088,cast,19,Aquatic Bodyworker
382,15791,cast,20,Young Ruth
382,20618,director,1,
382,20618,writer,1,
383,2336,cast,1,Alexander Ekdahl - Ekdahlska huset
383,18240,cast,2,Fanny Ekdahl - Ekdahlska huset
383,13307,cast,3,Siri - Ekdahlska huset
383,2733,cast,4,Carl Ekdahl - Ekdahlska huset
383,13298,cast,5,Putte Ekdahl - Ekdahlska huset
383,3202,cast,6,Polisintendent Jespersson - Ekdahlska huset
383,1932,cast,7,Vittne till biskopens död - Ekdahlska huset
383,801,cast,8,Oscar Ekdahl - Ekdahlska huset
383,21309,cast,9,Alida - Ekdahlska huset
383,6940,cast,10,Emilie Ekdahl - Ekdahlska huset
383,17843,cast,11,Staty - Ekdahlska huset
383,14670,cast,12,Fröken Vega - Ekdahlska huset
383,14965,cast,13,Petra Ekdahl - Ekdahlska huset
383,6886,cast,14,Berta - Ekdahlska huset
383,21400,cast,15,Faster Emma - Ekdahlska huset
383,17591,cast,16,Gammal präst - Ekdahlska huset
383,21918,cast,17,Fröken Ester - Ekdahlska huset
383,10219,cast,18,Gustav Adolf Ekdahl - Ekdahlska huset
383,12415,cast,19,Moster Anna von Bohlen - Ekdahlska huset
383,16679,cast,20,Alma Ekdahl - Ekdahlska huset
383,9398,director,1,
383,9398,writer,1,
384,13853,cast,1,Self - Conductor of The Philadelphia Orchestra
384,5311,cast,2,Self - Narrative Introductions
384,22335,cast,3,Themselves
384,4426,cast,4,Narrator: Deems Taylor overdubs (2000 restoration)
384,23511,cast,5,Mickey Mouse (segment: The Sorcerer)
384,9157,cast,6,Narrator
384,10007,cast,7,Percussionist
384,22503,cast,8,Narrator
384,12297,cast,9,Soloist (segment: Ave Maria)
384,18033,cast,10,Violinist
384,9874,director,1,
384,23682,director,2,
384,20503,director,3,
384,18089,director,4,
384,2478,director,5,
384,8528,director,6,
384,2218,director,7,
384,21977,director,8,
384,10926,director,9,
384,5019,director,10,
384,17449,director,11,
384,7164,director,12,
384,11186,writer,1,
384,5555,writer,2,
384,13682,writer,3,
384,6464,writer,4,
384,13797,writer,5,
384,1757,writer,6,
384,3164,writer,7,
384,23252,writer,8,
385,7805,cast,1,Mr. Fox
385,15933,cast,2,Mrs. Fox
385,2464,cast,3,Badger
385,10280,cast,4,Ash
385,23505,cast,5,Kylie
385,6653,cast,6,Kristofferson
385,16067,cast,7,Franklin Bean
385,23724,cast,8,Rat
385,17686,cast,9,Coach Skip
385,10224,cast,10,Petey
385,23655,cast,11,Weasel
385,12502,cast,12,Linda Otter
385,19783,cast,13,Walter Boggis
385,9184,cast,14,Nathan Bunce
385,8821,cast,15,Mrs. Bean
385,19926,cast,16,Squirrel Contractor
385,12318,cast,17,Agnes
385,10704,cast,18,Beaver's Son
385,7631,cast,19,Bean's Son
385,2849,cast,20,Action 12 Reporter
385,23655,director,1,
385,23655,writer,1,
385,17354,writer,2,
385,19465,writer,3,
386,23790,cast,1,Jerry Lundegaard
386,7197,cast,2,Marge Gunderson
386,21653,cast,3,Carl Showalter
386,18430,cast,4,Gaear Grimsrud
386,13303,cast,5,Jean Lundegaard
386,8719,cast,6,Wade Gustafson
386,22831,cast,7,Scotty Lundegaard
386,7650,cast,8,Irate Customer
386,20394,cast,9,Irate Customer's Wife
386,13356,cast,10,Car Salesman
386,13460,cast,11,Hooker #1
386,15888,cast,12,Hooker #2
386,21697,cast,13,Shep Proudfoot
386,23580,cast,14,Reilly Diefenbach
386,21666,cast,15,Morning Show Host
386,20973,cast,16,Morning Show Hostess
386,13466,cast,17,Stan Grossman
386,9961,cast,18,State Trooper
386,9602,cast,19,Victim in the Field
386,16313,cast,20,Victim in Car
386,11236,director,1,
386,6822,director,2,
386,6822,writer,1,
386,11236,writer,2,
387,23344,cast,1,Dominic Toretto
387,18110,cast,2,Brian O'Conner
387,5967,cast,3,Hobbs
387,11876,cast,4,Mia
387,23065,cast,5,Roman
387,14420,cast,6,Tej
387,15628,cast,7,Vince
387,21827,cast,8,Han
387,7598,cast,9,Gisele
387,22202,cast,10,Leo
387,5738,cast,11,Santos
387,11126,cast,12,Reyes
387,6477,cast,13,Elena
387,16096,cast,14,Zizi
387,7076,cast,15,Wilkes
387,751,cast,16,Fusco
387,24125,cast,17,Chato
387,7756,cast,18,Macroy
387,11998,cast,19,Chief of Police Alemeida
387,10616,cast,20,Rosa
387,12382,director,1,
387,3911,writer,1,
387,7671,writer,2,
388,20790,cast,1,Jeff Spicoli
388,10648,cast,2,Stacy Hamilton
388,12151,cast,3,Brad Hamilton
388,19698,cast,4,Mike Damone
388,2843,cast,5,Mark 'Rat' Ratner
388,18567,cast,6,Linda Barrett
388,18992,cast,7,Mr. Hand
388,20744,cast,8,Arnold
388,23377,cast,9,Mr. Vargas
388,888,cast,10,Lisa
388,5964,cast,11,Ron Johnson
388,7165,cast,12,Charles Jefferson
388,12809,cast,13,Cindy
388,22718,cast,14,Dennis Taylor
388,2579,cast,15,Pat Bernardo
388,6688,cast,16,Stoner Bud
388,21491,cast,17,Jefferson's Brother
388,10046,cast,18,Robber
388,9893,cast,19,Greg
388,17237,cast,20,Brad's Bud
388,968,director,1,
388,3141,writer,1,
389,14834,cast,1,Köves Gyuri
389,2163,cast,2,Dohányos
389,1992,cast,3,Selyemfiú
389,1720,cast,4,Citrom Bandi
389,18330,cast,5,kis Kollmann
389,24394,cast,6,Rozi
389,1040,cast,7,Finn
389,4760,cast,8,Moskovics
389,22464,cast,9,Fodor
389,18439,cast,10,Lénárt
389,6613,cast,11,öreg Kollmann
389,15406,cast,12,nagy Kollmann
389,24386,cast,13,Zoli
389,7549,cast,14,Hunyó
389,10680,cast,15,Jenõ
389,2231,cast,16,Bence
389,17924,cast,17,Patrik
389,9838,cast,18,Jakab
389,24388,cast,19,Zoltán
389,18290,cast,20,Péter
389,13410,director,1,
389,9374,writer,1,
390,11718,cast,1,Raoul Duke
390,2239,cast,2,Dr. Gonzo
390,22589,cast,3,Hitchhiker
390,16119,cast,4,Uniformed Dwarf
390,13469,cast,5,Car Rental Agent - Los Angeles
390,2873,cast,6,Parking Attendant
390,12618,cast,7,Desk Clerk at Mint Hotel
390,16226,cast,8,Bell Boy
390,4483,cast,9,Lacerda
390,23044,cast,10,Reporter
390,15211,cast,11,Magazine Reporter
390,22521,cast,12,Hoodlum
390,19347,cast,13,Dune Buggy Driver
390,18936,cast,14,Dune Buggy Passenger
390,13453,cast,15,Frog-Eyed Woman
390,7372,cast,16,Dune Buggy Passenger
390,8042,cast,17,Desert Room Doorman
390,7638,cast,18,Desert Room Doorman
390,19342,cast,19,Wine Colored Tuxedo
390,5269,cast,20,Debbie Reynolds
390,22260,director,1,
390,9213,writer,1,
390,22260,writer,2,
390,22841,writer,3,
390,22603,writer,4,
390,555,writer,5,
391,10198,cast,1,Self - Janis Joplin & The Full Tilt Boogie Band
391,8281,cast,2,Themselves
391,22320,cast,3,Themselves
391,19392,cast,4,Self - The Band
391,13907,cast,5,Self - The Band
391,7630,cast,6,Self - The Band
391,19323,cast,7,Self - The Band
391,19492,cast,8,Self - The Band
391,2709,cast,9,Self - Delaney & Bonnie & Friends
391,5332,cast,10,Self - Delaney & Bonnie & Friends
391,2177,cast,11,Self - Delaney & Bonnie & Friends
391,20418,cast,12,Self - Delaney & Bonnie & Friends
391,10925,cast,13,Self - Delaney & Bonnie & Friends
391,12934,cast,14,"Self - Delaney & Bonnie & Friends, Interviewee"
391,10762,cast,15,Self - Delaney & Bonnie & Friends
391,4865,cast,16,Self - Delaney & Bonnie & Friends
391,7346,cast,17,Self - Delaney & Bonnie & Friends
391,4120,cast,18,Self - Delaney & Bonnie & Friends
391,16381,cast,19,Self - The Flying Burrito Brothers
391,3896,cast,20,Self - The Flying Burrito Brothers
391,2655,director,1,
391,7316,director,2,
392,2755,cast,1,Tyler Durden
392,6200,cast,2,Narrator
392,15811,cast,3,Robert Paulsen
392,24272,cast,4,Richard Chesler (Regional Manager)
392,19388,cast,5,Intern at Hospital
392,4929,cast,6,Thomas at Remaining Men Together
392,7854,cast,7,Group Leader - Remaining Men Together
392,6866,cast,8,Weeping Woman - Onward and Upward
392,3989,cast,9,Leader - Partners in Positivity
392,8838,cast,10,Marla Singer
392,21935,cast,11,Speaker - Free and Clear
392,18797,cast,12,Chloe
392,3986,cast,13,Airline Check-In Attendant
392,22486,cast,14,Federated Motor Co. Inspector Bird
392,6954,cast,15,Federated Motor Co. Inspector Dent
392,5592,cast,16,Business Woman on Plane
392,2657,cast,17,Airport Security Officer
392,3700,cast,18,Doorman at Pearson Towers
392,19474,cast,19,Man in Suit
392,5066,cast,20,Walter
392,4997,director,1,
392,4121,writer,1,
392,10966,writer,2,
393,441,cast,1,Marlin
393,6427,cast,2,Dory
393,607,cast,3,Nemo
393,23724,cast,4,Gill
393,2751,cast,5,Bloat
393,827,cast,6,Peach
393,1909,cast,7,Gurgle
393,21619,cast,8,Bubbles
393,23271,cast,9,"Deb, Flo"
393,11208,cast,10,Jacques
393,7769,cast,11,Nigel
393,1171,cast,12,Crush
393,6405,cast,13,Coral
393,17147,cast,14,Squirt
393,2648,cast,15,Mr. Ray
393,2085,cast,16,Bruce
393,6646,cast,17,Anchor
393,2995,cast,18,Chum
393,2446,cast,19,Dentist
393,14478,cast,20,Darla
393,1171,director,1,
393,13729,director,2,
393,1171,writer,1,
393,2648,writer,2,
393,5139,writer,3,
394,11718,cast,1,Sir James Matthew Barrie
394,12607,cast,2,Sylvia Llewelyn Davies
394,12254,cast,3,Mrs. Emma du Maurier
394,18803,cast,4,Mary Ansell Barrie
394,5959,cast,5,Charles Frohman
394,7466,cast,6,Peter Llewelyn Davies
394,11207,cast,7,Jack Llewelyn Davies
394,17212,cast,8,George Llewelyn Davies
394,14471,cast,9,Michael Llewelyn Davies
394,9260,cast,10,Sir Arthur Conan Doyle
394,12825,cast,11,'Peter Pan'
394,14566,cast,12,Mr. Jaspers - Usher
394,6261,cast,13,Mrs. Snow
394,10986,cast,14,Mr. Snow
394,17543,cast,15,Gilbert Cannan
394,1265,cast,16,"'Nana', Mr. Reilly"
394,22597,cast,17,'Smee'
394,12595,cast,18,'Wendy'
394,15612,cast,19,'John'
394,3452,cast,20,'Michael Darling'
394,14796,director,1,
394,808,writer,1,
394,5081,writer,2,
395,20523,cast,1,Self
395,15686,cast,2,Self
395,20522,cast,3,Self
395,18642,cast,4,Self
395,8135,cast,5,Self
395,14988,cast,6,Self
395,7211,cast,7,Self
395,7347,cast,8,Self
395,14959,cast,9,Self
395,8027,director,1,
395,8027,writer,1,
395,3229,writer,2,
396,21953,cast,1,Rambo
396,2854,cast,2,Teasle
396,19245,cast,3,Trautman
396,2458,cast,4,Kern
396,9711,cast,5,Galt
396,16208,cast,6,Balford
396,3912,cast,7,Ward
396,11544,cast,8,Orval
396,671,cast,9,Lester
396,4970,cast,10,Mitch
396,5062,cast,11,Shingleton
396,5731,cast,12,Preston
396,3563,cast,13,Pilot
396,5125,cast,14,Trooper
396,4490,cast,15,Radio Operator
396,17912,cast,16,Lt. Clinton Morgen
396,21585,cast,17,Guardsman #1
396,18833,cast,18,Guardsman #2
396,19662,cast,19,Guardsman #3
396,21583,cast,20,Guardsman #4
396,22182,director,1,
396,5099,writer,1,
396,16115,writer,2,
396,23841,writer,3,
396,21953,writer,4,
397,713,cast,1,Woman with Dog
397,11523,cast,2,Cookie
397,5985,cast,3,Trapper Jack
397,20257,cast,4,Tapper Dame
397,4260,cast,5,Trapper Clyde
397,14769,cast,6,Trapper Bill
397,17626,cast,7,King-Lu
397,17876,cast,8,Russian Trapper
397,6936,cast,9,The Cow
397,6946,cast,10,Lloyd
397,10215,cast,11,Thomas
397,19118,cast,12,Man with Raven
397,10422,cast,13,Sailor in Saloon
397,10527,cast,14,Cribbage Player
397,11487,cast,15,Heckler in Saloon
397,5730,cast,16,Brilliant William
397,22604,cast,17,Fort Trapper
397,13035,cast,18,Fort Trapper
397,6673,cast,19,Fort Trapper
397,22189,cast,20,Fort Trapper
397,12831,director,1,
397,11834,writer,1,
397,12831,writer,2,
398,6824,cast,1,Rev. Ernst Toller
398,884,cast,2,Mary Mensana
398,3482,cast,3,Rev. Joel Jeffers
398,23321,cast,4,Esther
398,18502,cast,5,Michael Mensana
398,16068,cast,6,Edward Balq
398,2443,cast,7,Elder
398,13305,cast,8,Nurse
398,9405,cast,9,Middle-Aged Tourist
398,12860,cast,10,Middle-Aged Man
398,4045,cast,11,College Student
398,7371,cast,12,Sheriff
398,7655,cast,13,Doctor
398,11950,cast,14,War Vet in Wheelchair
398,21799,cast,15,Suriya
398,15952,cast,16,Rose
398,23048,cast,17,Benny
398,16982,cast,18,Clerk
398,23181,cast,19,Roger
398,18890,cast,20,Jason
398,18091,director,1,
398,18091,writer,1,
399,1084,cast,1,"Gabriele d'Annunzio, Narrator"
399,436,cast,2,Gabriele d'Annunzio
399,22472,cast,3,Gabriele d'Annunzio
399,9578,cast,4,Gabriele d'Annunzio
399,16495,cast,5,Gabriele d'Annunzio
399,15572,cast,6,Gabriele d'Annunzio
399,14322,cast,7,"Guido Keller, Narrator"
399,21237,cast,8,"Lady Reading Poetry, Narrator"
399,17397,cast,9,"Dancer, Narrator"
399,20559,cast,10,"Deserter, Narrator"
399,19149,cast,11,"Vittorio Emanuele Pittaluga, Narrator"
399,20602,cast,12,"Antonio Copetti, Narrator"
399,8209,cast,13,Antonio Grossich
399,17308,cast,14,Guglielmo Marconi
399,3499,cast,15,Gabriele D'Annunzio
399,22812,cast,16,Luisa Baccara
399,9322,director,1,
399,9322,writer,1,
400,9692,cast,1,Robert Eroica Dupea
400,12496,cast,2,Rayette Dipesto
400,2528,cast,3,Elton
400,6994,cast,4,Stoney
400,20392,cast,5,Betty
400,15276,cast,6,Twinky
400,19363,cast,7,Recording Engineer
400,14176,cast,8,Partita Dupea
400,8843,cast,9,Palm Apodaca
400,22803,cast,10,Terry Grouse
400,14235,cast,11,Waitress
400,21835,cast,12,Catherine Van Oost
400,18877,cast,13,Carl Fidelio Dupea
400,23763,cast,14,Nicholas Dupea
400,11580,cast,15,Spicer
400,9440,cast,16,Samia Glavia
400,7618,cast,17,Junkie
400,4255,cast,18,Baby
400,2649,cast,19,Man in Elevator
400,2649,director,1,
400,3332,writer,1,
400,2649,writer,2,
401,4735,cast,1,Amin (9-11 years old)
401,6999,cast,2,"Amin (15-18 years old), Angry Man, Refugee"
401,16463,cast,3,Saif (8 years old)
401,2166,cast,4,Saif (13-19 years old)
401,6285,cast,5,Fahima (13-18 years old)
401,24295,cast,6,Fahima (28 years old)
401,20329,cast,7,Sabia (16-26 years old)
401,18953,cast,8,"Human Trafficker 2, Police Chief"
401,7776,cast,9,"Human Trafficker, Police Officer 3"
401,17041,cast,10,Boy in Truck
401,8475,cast,11,Son of Old Lady
401,5379,cast,12,"Policeman 1, Flight Steward"
401,23119,cast,13,Policeman 2
401,23339,cast,14,Russian TV Dubber
401,16443,cast,15,Human Trafficker
401,5632,cast,16,Red Cross Lady
401,2600,cast,17,Policeman
401,22323,cast,18,Rude Dane
401,2158,cast,19,Translator
401,3981,cast,20,Real Estate Agent
401,11776,director,1,
401,11776,writer,1,
401,930,writer,2,
402,12300,cast,1,Suzanne
402,9000,cast,2,Marc
402,21265,cast,3,Simon
402,6992,cast,4,Song
402,14311,cast,5,Louise
402,1374,cast,6,Anna
402,3613,cast,7,Lorenzo
402,4622,cast,8,
402,1345,cast,9,Monique
402,16706,cast,10,Woman in Street
402,9133,director,1,
402,9133,writer,1,
402,7270,writer,2,
403,14588,cast,1,Juli Baker
403,3123,cast,2,Bryce Loski
403,19035,cast,3,Patsy Loski
403,1501,cast,4,Steven Loski
403,11525,cast,5,Chet Duncan
403,18208,cast,6,Trina Baker
403,239,cast,7,Richard Baker
403,13052,cast,8,Daniel Baker
403,16744,cast,9,Young Juli
403,20265,cast,10,Young Bryce
403,8078,cast,11,Young Lynetta
403,15997,cast,12,Teasing Boy
403,2144,cast,13,Teasing Boy
403,9774,cast,14,Playground Girl
403,22147,cast,15,Playground Girl
403,6462,cast,16,Playground Girl
403,1825,cast,17,Sherry Stalls
403,9530,cast,18,Garrett
403,4334,cast,19,Lynetta Loski
403,7403,cast,20,Neighborhood Kid
403,19485,director,1,
403,19485,writer,1,
403,1163,writer,2,
403,23628,writer,3,
404,8102,director,1,
404,8102,writer,1,
404,15598,writer,2,
404,19947,writer,3,
405,4297,cast,1,Monco
405,13730,cast,2,Col. Douglas Mortimer
405,8021,cast,3,El Indio
405,14778,cast,4,Mary
405,14429,cast,5,Groggy - Member of Indio's Gang
405,13223,cast,6,Juan Wild - The Hunchback
405,14447,cast,7,Manuel - Member of Indio's Gang
405,2242,cast,8,Luke 'Hughie'
405,17747,cast,9,Sancho Perez - Member of Indio's Gang
405,489,cast,10,Cuchillio
405,19756,cast,11,Tucumcari Station Clerk
405,11971,cast,12,Old Prophet
405,22763,cast,13,Tucumcari Sheriff
405,14215,cast,14,Tomaso
405,4833,cast,15,Carpenter in Cell with El Indio
405,20879,cast,16,Tucumcari Bank Manager
405,5516,cast,17,Callaway's Beautiful Girl in Tub
405,8119,cast,18,Santa Cruz Telegraphist
405,15120,cast,19,Train Conductor
405,15114,cast,20,Niño - Member of Indio's Gang
405,20878,director,1,
405,20878,writer,1,
405,7531,writer,2,
405,14373,writer,3,
405,20876,writer,4,
405,6637,writer,5,
405,7077,writer,6,
406,23483,cast,1,Self
406,20465,cast,2,Self
406,8532,cast,3,Self
406,189,cast,4,Self
406,20367,cast,5,Self
406,23903,cast,6,Self
406,24296,cast,7,Self
406,17044,cast,8,Self
406,22006,cast,9,Self
406,4666,cast,10,Soraida
406,22457,cast,11,
406,24025,cast,12,
406,23483,director,1,
406,6213,director,2,
407,17433,cast,1,Self - The Artist
407,14697,cast,2,Self - The Press
407,18903,cast,3,Self - The Press
407,3353,cast,4,Self - The Press
407,11769,cast,5,Self - The Press
407,6053,cast,6,Self - The Law
407,7301,cast,7,Self - The Law
407,5237,cast,8,Self - The Law
407,18794,cast,9,Self - The Fan
407,12484,cast,10,Self - The Fan
407,14880,cast,11,Self - The Fan
407,11674,cast,12,Self - The Clan
407,14668,cast,13,Self - The Clan
407,1843,cast,14,Self - The Clan
407,4475,cast,15,Self - The Clan
407,13478,cast,16,Self - The Literati
407,5071,cast,17,Self - The Literati
407,868,cast,18,Self - The Critic
407,16857,cast,19,Self - The Critic
407,3684,cast,20,Self - The Medic
407,1332,director,1,
407,1332,writer,1,
408,11283,cast,1,Tomas
408,14102,cast,2,Ebba
408,4186,cast,3,Vera
408,23379,cast,4,Harry
408,13314,cast,5,Mats
408,6993,cast,6,Fanny
408,12531,cast,7,Charlotte
408,2768,cast,8,Amerikanen
408,11284,cast,9,Städaren
408,11885,cast,10,Tomba
408,150,cast,11,Busschauffören
408,15999,cast,12,Rökande mannen
408,12543,cast,13,Turistfotografen
408,12274,cast,14,Snowboardparet
408,18343,cast,15,Snowboardparet
408,23236,cast,16,Rysk kvinna 1
408,6279,cast,17,Rysk kvinna 2
408,15348,cast,18,Man på after ski
408,16956,cast,19,Expediten
408,14713,cast,20,Guest in Restaurant
408,20134,director,1,
408,20134,writer,1,
409,11434,cast,1,Joe Morse
409,22408,cast,2,Leo Morse
409,2136,cast,3,Doris Lowry
409,15065,cast,4,Edna Tucker
409,9126,cast,5,Freddie Bauer
409,20117,cast,6,Ben Tucker
409,18002,cast,7,Bill Ficco
409,21500,cast,8,Wally
409,2088,cast,9,Detective Egan
409,18063,cast,10,Hobe Wheelock
409,16804,cast,11,Comptroller
409,10846,cast,12,Sorter
409,20412,cast,13,Citizen
409,7923,cast,14,Sylvia Morse
409,14888,cast,15,Sorter
409,13486,cast,16,Detective
409,16466,cast,17,Mother
409,18855,cast,18,Attorney
409,11346,cast,19,Banker
409,5895,cast,20,Citizen
409,63,director,1,
409,63,writer,1,
409,9432,writer,2,
410,11244,cast,1,John Jones
410,13452,cast,2,Carol Fisher
410,8928,cast,3,Stephen Fisher
410,7883,cast,4,Scott Ffolliott
410,438,cast,5,Van Meer
410,19519,cast,6,Stebbins
410,6135,cast,7,Rowley
410,6160,cast,8,Mr. Krug
410,8663,cast,9,Mr. Powers
410,15363,cast,10,Tramp
410,7186,cast,11,Mrs. Sprague
410,9293,cast,12,Stiles
410,3686,cast,13,Assassin
410,6073,cast,14,Latvian
410,3632,cast,15,Bradley
410,2047,cast,16,Dorine
410,6606,cast,17,'Mohican' Captain
410,20111,cast,18,Mr. Brood
410,8005,cast,19,Mrs. Benson
410,15317,cast,20,Captain
410,685,director,1,
410,3578,writer,1,
410,11077,writer,2,
410,9976,writer,3,
410,19519,writer,4,
410,2196,writer,5,
410,19322,writer,6,
411,13288,cast,1,Sarah Marshall
411,10282,cast,2,Peter Bretter
411,18087,cast,3,Chuck
411,16460,cast,4,Rachel Jansen
411,20201,cast,5,Aldous Snow
411,2438,cast,6,Brian Bretter
411,14134,cast,7,Liz Bretter
411,14991,cast,8,Wyoma
411,9683,cast,9,Darald
411,22156,cast,10,Kemo
411,5226,cast,11,Dwayne the Bartender
411,21682,cast,12,Dr. Rosenbaum
411,11771,cast,13,Matthew the Waiter
411,12442,cast,14,Greg
411,12443,cast,15,Helpful Hawaiian Waiter
411,7203,cast,16,Hostess at Buffet
411,2791,cast,17,Keoki
411,2513,cast,18,Billy Bush
411,23741,cast,19,Detective Hunter Rush
411,10240,cast,20,Animal Instincts Detective
411,17176,director,1,
411,10282,writer,1,
412,22684,cast,1,Forrest Gump
412,19798,cast,2,Jenny Curran
412,7674,cast,3,Lieutenant Dan Taylor
412,20379,cast,4,Mrs. Gump
412,19051,cast,5,Nurse at Park Bench
412,16021,cast,6,Young Forrest
412,8601,cast,7,Doctor
412,7840,cast,8,Barber
412,2646,cast,9,Crony
412,11605,cast,10,Crony
412,20411,cast,11,Principal
412,14932,cast,12,Louise
412,9421,cast,13,Elderly Woman
412,4013,cast,14,Elderly Woman's Daughter
412,11705,cast,15,"Southern Gentleman, Landowner"
412,18319,cast,16,Young Elvis Presley
412,21297,cast,17,School Bus Driver
412,631,cast,18,School Bus Boy
412,14169,cast,19,School Bus Boy
412,2222,cast,20,School Bus Boy
412,19746,director,1,
412,23900,writer,1,
412,6684,writer,2,
413,14074,cast,1,Michael Feldman
413,20609,cast,2,Daphna Feldman
413,24108,cast,3,Jonathan
413,9545,cast,4,Dancer Soldier
413,20993,cast,5,Soldier with Headphones
413,5325,cast,6,Soldier Rolling Cans
413,7711,cast,7,Squad Commander
413,12532,cast,8,Michael's Mother
413,21125,cast,9,Alma
413,24050,cast,10,Avigdor - Michael's Brother
413,1654,cast,11,High Ranking Officer
413,9542,cast,12,Religion Officer
413,19907,cast,13,Military M.D.
413,4814,cast,14,Death Notification Officer
413,23995,cast,15,Female Soldier
413,20310,cast,16,Dancing Teacher
413,9364,cast,17,Ethiopian Nurse
413,9344,cast,18,Daphna's Sister
413,17321,cast,19,Squad B
413,8201,cast,20,Squad B
413,20516,director,1,
413,20516,writer,1,
414,4352,cast,1,Henry Frankenstein
414,14611,cast,2,Elizabeth
414,2727,cast,3,The Monster
414,11335,cast,4,Victor Moritz
414,6210,cast,5,Doctor Waldman
414,7483,cast,6,Baron Frankenstein
414,5969,cast,7,Fritz
414,14064,cast,8,The Burgomaster
414,15087,cast,9,Little Maria
414,22169,cast,10,Villager
414,14610,cast,11,Screaming Maid
414,9646,cast,12,Villager
414,1673,cast,13,Bridesmaid
414,23777,cast,14,Gravedigger
414,7225,cast,15,Hans
414,7027,cast,16,Townswoman
414,21360,cast,17,Mourner
414,3307,cast,18,Little Girl
414,20817,cast,19,Little Girl
414,14907,cast,20,Mourner
414,10080,director,1,
414,11497,writer,1,
414,15493,writer,2,
414,18202,writer,3,
414,7619,writer,4,
414,7224,writer,5,
414,19358,writer,6,
414,19589,writer,7,
414,11627,writer,8,
415,8986,cast,1,Erin Gruwell
415,9365,cast,2,Margaret Campbell
415,17880,cast,3,Scott Casey
415,20716,cast,4,Steve Gruwell
415,1624,cast,5,Eva Benitez
415,15111,cast,6,Andre Bryant
415,13300,cast,7,Gloria Munez
415,9749,cast,8,Sindy
415,20880,cast,9,Alejandro Santiago
415,10252,cast,10,Marcus
415,5260,cast,11,Jamal Hill
415,23203,cast,12,Brandy Ross
415,7554,cast,13,Tito
415,9212,cast,14,Ben Daniels
415,1588,cast,15,Miguel
415,8121,cast,16,Victoria
415,11323,cast,17,Brian Gelford
415,19742,cast,18,Dr. Carl Cohn
415,17796,cast,19,Miep Gies
415,23706,cast,20,Paco
415,19309,director,1,
415,19309,writer,1,
415,7501,writer,2,
415,6737,writer,3,
416,11742,cast,1,Richard Blaney
416,2081,cast,2,Robert Rusk
416,2038,cast,3,Brenda Blaney
416,1357,cast,4,Babs Milligan
416,498,cast,5,Chief Inspector Oxford
416,23450,cast,6,Mrs. Oxford
416,2503,cast,7,Hetty Porter
416,4316,cast,8,Johnny Porter
416,2287,cast,9,Felix Forsythe
416,15975,cast,10,Sergeant Spearman
416,10441,cast,11,Monica Barling
416,14596,cast,12,Mrs. Davison
416,6482,cast,13,Gladys
416,7951,cast,14,Solicitor in Pub
416,11338,cast,15,Sir George
416,7895,cast,16,Neville Salt
416,10986,cast,17,Hotel Porter
416,17387,cast,18,Doctor in Pub
416,13912,cast,19,Man in Crowd
416,2844,cast,20,Man In Crowd
416,685,director,1,
416,1765,writer,1,
416,1542,writer,2,
417,9301,cast,1,Craig Jones
417,3937,cast,2,Smokey
417,17137,cast,3,Debbie
417,22701,cast,4,Deebo
417,11700,cast,5,Mr. Jones
417,1356,cast,6,Mrs. Jones
417,19077,cast,7,Dana Jones
417,18130,cast,8,Joi
417,6988,cast,9,Big Worm
417,5636,cast,10,Red
417,1231,cast,11,Felisha
417,23275,cast,12,Joann
417,20004,cast,13,Stanley
417,12626,cast,14,Mrs. Parker
417,22826,cast,15,Mr. Parker
417,1518,cast,16,Ezal
417,5351,cast,17,Hector
417,10244,cast,18,Lil Chris
417,2319,cast,19,Pastor Clever
417,12389,cast,20,Kid #1
417,6956,director,1,
417,9301,writer,1,
417,5636,writer,2,
418,3074,cast,1,Sgt. Milton Warden
418,16716,cast,2,Robert E. Lee Prewitt
418,5282,cast,3,Karen Holmes
418,5805,cast,4,Alma - aka Lorene
418,7378,cast,5,Angelo Maggio
418,18523,cast,6,Capt. Dana Holmes
418,16344,cast,7,Sgt. Leva
418,8646,cast,8,Mazzioli
418,6751,cast,9,Sgt. 'Fatso' Judson
418,9718,cast,10,Cpl. Buckley
418,11397,cast,11,Sgt. Ike Galovitch
418,15924,cast,12,Sal Anderson
418,22516,cast,13,Sgt. Pete Karelsen
418,1763,cast,14,Treadwell
418,2042,cast,15,Mrs. Kipfer
418,4210,cast,16,Sgt. 'Baldy' Dhom
418,23269,cast,17,Suzanne
418,14886,cast,18,Roxanne
418,8885,cast,19,Minor Role
418,23880,cast,20,Army Lieutenant Colonel
418,7460,director,1,
418,4761,writer,1,
418,9984,writer,2,
419,15666,cast,1,Pvt. Joker
419,18767,cast,2,Gny. Sgt. Hartman
419,23357,cast,3,Pvt. Pyle
419,77,cast,4,Animal Mother
419,5829,cast,5,Eightball
419,13057,cast,6,Rafterman
419,1677,cast,7,Pvt. Cowboy
419,6045,cast,8,Lt. Touchdown
419,11667,cast,9,Lt. Lockhart
419,13082,cast,10,Crazy Earl
419,13185,cast,11,Payback
419,22482,cast,12,Doorgunner
419,11763,cast,13,Doc Jay
419,2963,cast,14,Poge Colonel
419,9289,cast,15,Lt. Cleves
419,20359,cast,16,T.H.E. Rock
419,7654,cast,17,Donlon
419,17758,cast,18,Da Nang Hooker
419,18323,cast,19,Snowball
419,17130,cast,20,VC Sniper
419,21496,director,1,
419,21496,writer,1,
419,16084,writer,2,
419,8403,writer,3,
420,2061,cast,1,Fanny Brice
420,17602,cast,2,Nick Arnstein
420,12700,cast,3,Rose Brice
420,1403,cast,4,Georgia James
420,23553,cast,5,Florenz Ziegfeld
420,13678,cast,6,Eddie Ryan
420,14615,cast,7,Mrs. Strakosh
420,7948,cast,8,Branca
420,7326,cast,9,Keeney
420,16615,cast,10,Emma
420,8004,cast,11,Mrs. O'Malley
420,18223,cast,12,Mrs. Meeker
420,11447,cast,13,Company Manager
420,22453,cast,14,Ziegfeld Girl
420,2356,cast,15,Ziegfeld Girl
420,23408,cast,16,Ziegfeld Girl
420,540,cast,17,Ziegfeld Girl
420,12517,cast,18,Ziegfeld Girl
420,15462,cast,19,Ziegfeld Girl
420,9394,cast,20,Ziegfeld Girl
420,23869,director,1,
420,9529,writer,1,
421,22475,cast,1,Jason Nesmith
421,21228,cast,2,Gwen DeMarco
421,416,cast,3,Alexander Dane
421,22875,cast,4,Fred Kwan
421,20451,cast,5,Guy Fleegman
421,4889,cast,6,Tommy Webber
421,6621,cast,7,Mathesar
421,19791,cast,8,Sarris
421,17871,cast,9,Quellek
421,16585,cast,10,Laliari
421,10533,cast,11,Teb
421,12383,cast,12,Brandon
421,10707,cast,13,Kyle
421,12436,cast,14,Katelyn
421,11797,cast,15,Hollister
421,4423,cast,16,Young Tommy
421,23604,cast,17,Lathe
421,20439,cast,18,Neru
421,2420,cast,19,Fan #1
421,16751,cast,20,Fan #2
421,5253,director,1,
421,5036,writer,1,
421,19605,writer,2,
422,2200,cast,1,Mahatma Gandhi
422,11439,cast,2,Lord Irwin
422,19906,cast,3,Kasturba Gandhi
422,20066,cast,4,Pandit Nehru
422,3171,cast,5,Margaret Bourke-White
422,6184,cast,6,General Dyer
422,22967,cast,7,Judge Broomfield
422,11560,cast,8,The Viceroy
422,15386,cast,9,Walker
422,9253,cast,10,Charlie Andrews
422,8389,cast,11,Herman Kallenbach
422,1858,cast,12,General Smuts
422,20335,cast,13,Sardar Patel
422,7958,cast,14,Mirabehn
422,859,cast,15,Mohamed Ali Jinnah
422,950,cast,16,Khan
422,9245,cast,17,Senior Police Officer
422,16000,cast,18,Principal Secretary
422,11374,cast,19,Advocate General
422,19280,cast,20,Collins
422,19215,director,1,
422,11339,writer,1,
423,13839,cast,1,Amsterdam Vallon
423,3142,cast,2,Jenny Everdeane
423,4716,cast,3,Bill 'The Butcher' Cutting
423,10910,cast,4,Boss Tweed
423,11350,cast,5,Happy Jack
423,8912,cast,6,Johnny Sirocco
423,13940,cast,7,'Priest' Vallon
423,2810,cast,8,Walter 'Monk' McGinn
423,7656,cast,9,McGloin
423,21590,cast,10,Shang
423,6083,cast,11,Killoran
423,498,cast,12,Reverend Raleigh
423,5030,cast,13,Mr. Schermerhorn
423,13640,cast,14,Jimmy Spoils
423,3186,cast,15,Hell-Cat Maggie
423,19860,cast,16,P.T. Barnum
423,18358,cast,17,One-Armed Priest
423,4136,cast,18,Young Amsterdam
423,1143,cast,19,Young Johnny
423,18512,cast,20,O'Connell Guard Leader
423,15383,director,1,
423,10315,writer,1,
423,21740,writer,2,
423,12922,writer,3,
424,14754,cast,1,Sardar Khan
424,17043,cast,2,Faisal Khan
424,22471,cast,3,Ramadhir Singh
424,19207,cast,4,Nagma Khatoon
424,19059,cast,5,Durga
424,18674,cast,6,Nasir Ahmed
424,9198,cast,7,Mohsina
424,9830,cast,8,Shahid Khan
424,23388,cast,9,Danish Khan
424,17744,cast,10,Sultan
424,9867,cast,11,Asgar Khan
424,24315,cast,12,Definite
424,134,cast,13,Perpendicular
424,20686,cast,14,J.P. Singh
424,18845,cast,15,Shamshad
424,23403,cast,16,Ehsan Qureshi
424,1608,cast,17,Shama Parveen
424,6986,cast,18,Inspector Gopal Singh
424,20581,cast,19,Fazlu
424,18713,cast,20,"Sharif Qureshi, Sultana Daku, Badoor Qureshi"
424,1607,director,1,
424,280,writer,1,
424,1607,writer,2,
424,20322,writer,3,
424,24315,writer,4,
425,24269,cast,1,Andrew Largeman
425,18416,cast,2,Mark
425,16977,cast,3,Sam
425,9263,cast,4,Gideon Largeman
425,12918,cast,5,Busboy
425,7797,cast,6,Restaurant Manager
425,1908,cast,7,Waiter
425,7646,cast,8,Young Hollywood Guy
425,10889,cast,9,Obnoxious Girl
425,553,cast,10,Dave
425,9736,cast,11,Aunt Sylvia Largeman
425,16228,cast,12,Kenny
425,4035,cast,13,Gleason Party Drunk
425,1692,cast,14,Jesse
425,964,cast,15,Dana
425,22992,cast,16,Kelly
425,10952,cast,17,Tim
425,10498,cast,18,Carol
425,24260,cast,19,Neurology Receptionist
425,10343,cast,20,Mrs. Lubin
425,24269,director,1,
425,24269,writer,1,
426,6824,cast,1,"Vincent, Jerome"
426,23091,cast,2,Irene
426,12150,cast,3,"Jerome, Eugene"
426,8226,cast,4,Director Josef
426,23954,cast,5,Lamar
426,10341,cast,6,Marie
426,6336,cast,7,Antonio
426,15792,cast,8,Delivery Nurse
426,23095,cast,9,Head Nurse
426,6387,cast,10,Pre-School Teacher
426,2580,cast,11,Geneticist
426,15561,cast,12,Younger Vincent
426,23370,cast,13,Younger Anton
426,3517,cast,14,Young Vincent
426,23810,cast,15,Young Anton
426,4195,cast,16,Personnel Officer
426,6751,cast,17,Caesar
426,22875,cast,18,German
426,375,cast,19,Detective Hugo
426,3281,cast,20,Gattaca Hoover
426,1158,director,1,
426,1158,writer,1,
427,1094,cast,1,Carsten Neuer
427,16453,cast,2,Niko Haapasalo
427,1443,cast,3,Mari Dahl
427,1840,cast,4,Beach partygoer
427,11057,cast,5,Woman at diner
427,8853,cast,6,
427,16565,cast,7,
427,6795,cast,8,
427,9382,cast,9,
427,12530,cast,10,Beach partygoer
427,13131,cast,11,
427,6270,cast,12,Beach partygoer
427,22893,cast,13,
427,15046,cast,14,
427,22445,cast,15,
427,20176,cast,16,
427,15158,cast,17,
427,6126,cast,18,Beach partygoer
427,16676,cast,19,
427,8523,cast,20,
427,19488,director,1,
427,13183,writer,1,
427,19488,writer,2,
428,17375,cast,1,Charlotte
428,22357,cast,2,Guillaume
428,18588,cast,3,Maxime
428,12192,cast,4,Nicolas
428,6153,cast,5,Félix
428,6532,cast,6,Béatrice
428,10496,cast,7,Ricardo
428,17952,cast,8,Perrier
428,14787,cast,9,Jacques
428,6522,cast,10,Seb
428,24089,cast,11,
428,2828,cast,12,Todd
428,15772,cast,13,Théo
428,6838,cast,14,David
428,1651,cast,15,Étudiante
428,7577,cast,16,Amie de Théo
428,2271,cast,17,Étudiant
428,8368,cast,18,Surveillant
428,22158,cast,19,Sandrine
428,17398,cast,20,Martha
428,18549,director,1,
428,18549,writer,1,
429,4733,cast,1,Chris Washington
429,829,cast,2,Rose Armitage
429,2765,cast,3,Dean Armitage
429,3426,cast,4,Missy Armitage
429,3120,cast,5,Jeremy Armitage
429,14876,cast,6,Walter
429,2365,cast,7,Georgina
429,13412,cast,8,Andre Logan King
429,21619,cast,9,Jim Hudson
429,13966,cast,10,Rod Williams
429,1817,cast,11,Lisa Deets
429,11698,cast,12,Gordon Greene
429,3189,cast,13,Emily Greene
429,12250,cast,14,April Dray
429,20249,cast,15,Parker Dray
429,7962,cast,16,Philomena King
429,24033,cast,17,Hiroki Tanaka
429,19288,cast,18,Roman Armitage
429,6725,cast,19,Detective Latoya
429,10742,cast,20,Detective Drake
429,11871,director,1,
429,11871,writer,1,
430,20003,cast,1,Viviane Amsalem
430,21249,cast,2,Elisha Amsalem
430,7545,cast,3,Haim
430,4603,cast,4,Donna Aboukassis
430,21149,cast,5,Ya'akov Ben Harouch
430,62,cast,6,Shmuel Azoulay
430,18880,cast,7,Rabbi Danino
430,20672,cast,8,Rabbi Shimon
430,6330,cast,9,Head Rabbi Salmion
430,6909,cast,10,Evelyn Ben Chouchan
430,454,cast,11,Meir
430,12956,cast,12,Galia
430,15900,cast,13,Carmel Ben Tovim
430,5112,cast,14,David
430,19764,cast,15,Rabbi Abraham
430,24312,cast,16,Simo
430,20143,cast,17,Rachel Amzalleg
430,20003,director,1,
430,21148,director,2,
430,20003,writer,1,
430,21148,writer,2,
431,17914,cast,1,Sam Wheat
431,5352,cast,2,Molly Jensen
431,23675,cast,3,Oda Mae Brown
431,22839,cast,4,Carl Bruner
431,21497,cast,5,Elevator Man
431,4062,cast,6,Elevator Man
431,21842,cast,7,Susan
431,15398,cast,8,Rose
431,19400,cast,9,Mover
431,14564,cast,10,Mover
431,19390,cast,11,Willie Lopez
431,18484,cast,12,Emergency Room Ghost
431,11468,cast,13,Surgeon
431,20461,cast,14,Minister
431,20974,cast,15,Cemetery Ghost
431,23377,cast,16,Subway Ghost
431,1250,cast,17,Rosa Santiago
431,1696,cast,18,Oda Mae's Sister
431,7591,cast,19,Oda Mae's Sister
431,22376,cast,20,Workman in Loft
431,10781,director,1,
431,2978,writer,1,
432,7165,cast,1,Ghost Dog
432,8910,cast,2,Ray Vargo
432,11676,cast,3,Louie
432,4286,cast,4,Sonny Valerio
432,5414,cast,5,Chinese Restaurant Owner
432,7355,cast,6,Big Angie
432,19342,cast,7,Handsome Frank
432,22980,cast,8,Louise Vargo
432,7737,cast,9,Old Consigliere
432,7287,cast,10,Valerio's Bodyguard
432,23285,cast,11,Vinny
432,4628,cast,12,Young Ghost Dog
432,12935,cast,13,Boy in Window
432,23352,cast,14,Johnny Morini
432,7610,cast,15,Gangsta in Red
432,22924,cast,16,Gangsta in Red
432,10098,cast,17,Gangsta in Red
432,4118,cast,18,Mugger
432,24003,cast,19,Kung-Fu Master
432,23395,cast,20,Sammy the Snake
432,10937,director,1,
432,10937,writer,1,
433,1863,cast,1,Motoko Kusanagi
433,9317,cast,2,The Puppet Master
433,301,cast,3,Batô
433,13242,cast,4,Togusa
433,22076,cast,5,Aramaki
433,24234,cast,6,Ishikawa
433,22289,cast,7,Nakamura
433,12713,cast,8,Garbage collector
433,16612,cast,9,Daida Mizuho
433,16885,cast,10,Urisu hakase
433,21078,cast,11,Seisô kyokuin
433,15548,cast,12,Gaimu daijin
433,21112,cast,13,Gaikôkan
433,9022,cast,14,Kenshi-kan
433,8103,cast,15,Ossan
433,22019,cast,16,Jikkô-han
433,20586,cast,17,Gishi
433,15533,cast,18,Untenshu
433,1860,cast,19,Operêtâ
433,24190,cast,20,Tsûshin no koe
433,14730,director,1,
433,21145,writer,1,
433,12723,writer,2,
434,301,cast,1,Batou
434,1863,cast,2,Major Motoko Kusanagi
434,22076,cast,3,Section 9 Department Chief Aramaki
434,13242,cast,4,Togusa
434,24234,cast,5,Ishikawa
434,16934,cast,6,Kim
434,8237,cast,7,
434,6275,cast,8,
434,24242,cast,9,
434,6511,cast,10,
434,15535,cast,11,
434,16539,cast,12,
434,9005,cast,13,Koga
434,12684,cast,14,
434,21812,cast,15,
434,6733,cast,16,
434,9026,cast,17,
434,21183,cast,18,
434,12904,cast,19,
434,21819,cast,20,On'na no ko
434,14730,director,1,
434,21145,writer,1,
434,14730,writer,2,
435,21653,cast,1,Seymour
435,22452,cast,2,Enid
435,20699,cast,3,Rebecca
435,2757,cast,4,Josh
435,9352,cast,5,Roberta Allsworth
435,2614,cast,6,Enid's Dad
435,21465,cast,7,Dana
435,3591,cast,8,Norman
435,4918,cast,9,Doug
435,22710,cast,10,Joe
435,5289,cast,11,Melora
435,2861,cast,12,Sidewinder Boss
435,17806,cast,13,John Ellis
435,19437,cast,14,Graduation Speaker
435,22583,cast,15,Todd
435,6954,cast,16,Weird Al
435,14047,cast,17,Vanilla - Graduation Rapper
435,12082,cast,18,Jade - Graduation Rapper
435,23233,cast,19,Ebony - Graduation Rapper
435,1822,cast,20,Margaret - Art Class
435,22278,director,1,
435,4709,writer,1,
435,22278,writer,2,
436,2464,cast,1,Dr. Peter Venkman
436,4630,cast,2,Dr. Raymond Stantz
436,21228,cast,3,Dana Barrett
436,8615,cast,4,Dr. Egon Spengler
436,19403,cast,5,Louis Tully
436,1457,cast,6,Janine Melnitz
436,23735,cast,7,Walter Peck
436,6772,cast,8,Winston Zeddmore
436,5085,cast,9,Mayor
436,21734,cast,10,Male Student
436,10662,cast,11,Female Student
436,21324,cast,12,Gozer
436,16059,cast,13,Hotel Manager
436,725,cast,14,Librarian
436,11866,cast,15,Dean Yeager
436,22534,cast,16,Violinist
436,11620,cast,17,Library Administrator
436,22708,cast,18,Archbishop
436,19878,cast,19,Roger Grimsby
436,13491,cast,20,Larry King
436,9559,director,1,
436,4630,writer,1,
436,8615,writer,2,
437,5239,director,1,
437,15650,writer,1,
437,5239,writer,2,
438,16326,cast,1,Self
438,12797,cast,2,Self
438,16328,cast,3,Self
438,3718,cast,4,Self
438,22336,cast,5,Themselves
438,2492,cast,6,Self
438,15410,cast,7,Self
438,21388,cast,8,Self
438,15895,cast,9,Self
438,5544,cast,10,Self
438,9639,cast,11,Self
438,16381,cast,12,Self
438,20421,cast,13,Self
438,21446,cast,14,Self
438,3896,cast,15,Self
438,11479,cast,16,Self
438,18039,cast,17,Self
438,11896,cast,18,Self
438,18258,cast,19,Self
438,2318,cast,20,Self
438,458,director,1,
438,5086,director,2,
438,3735,director,3,
439,23897,cast,1,Susanna
439,1251,cast,2,Lisa
439,4261,cast,3,Georgina
439,2931,cast,4,Daisy
439,6360,cast,5,Polly
439,10216,cast,6,Tobias Jacobs
439,10605,cast,7,Dr. Potts
439,23198,cast,8,Dr. Wick
439,23675,cast,9,Valerie
439,1220,cast,10,Janet
439,10898,cast,11,Cynthia
439,5933,cast,12,M-G
439,765,cast,13,Gretta
439,3995,cast,14,Margie
439,11104,cast,15,Annette
439,22947,cast,16,John
439,8173,cast,17,Older Catatonic
439,12071,cast,18,Mrs. McWilley
439,2957,cast,19,Prof. Gilcrest
439,15468,cast,20,Mrs. Gilcrest
439,10008,director,1,
439,10008,writer,1,
439,14099,writer,2,
439,1344,writer,3,
439,21879,writer,4,
440,12520,cast,1,"Marieme, alias Vic"
440,1847,cast,2,Lady
440,14044,cast,3,Adiatou
440,15070,cast,4,Fily
440,9316,cast,5,Ismaël
440,21246,cast,6,Bébé
440,5591,cast,7,Monica
440,4559,cast,8,Djibril
440,5640,cast,9,Abou
440,2554,cast,10,Asma
440,3536,cast,11,Mini
440,18771,cast,12,Kader
440,4616,cast,13,Cédric
440,17332,cast,14,Caidy
440,6496,cast,15,Abdel
440,8505,cast,16,Farida
440,1896,cast,17,La CPE
440,4592,cast,18,Vendeuse boutique
440,7109,cast,19,La fille du collège
440,13896,cast,20,Collègue Asma
440,3496,director,1,
440,3496,writer,1,
441,20203,cast,1,Maximus
441,11131,cast,2,Commodus
441,4398,cast,3,Lucilla
441,17556,cast,4,Proximo
441,19286,cast,5,Marcus Aurelius
441,5444,cast,6,Gracchus
441,5643,cast,7,Juba
441,5154,cast,8,Falco
441,11641,cast,9,Gaius
441,22762,cast,10,Quintus
441,18848,cast,11,Hagen
441,21450,cast,12,Lucius
441,5030,cast,13,Cassius
441,22781,cast,14,Cicero
441,21922,cast,15,Tiger
441,17605,cast,16,Slave Trader
441,17165,cast,17,Praetorian Officer
441,3902,cast,18,Scribe
441,22827,cast,19,Assassin #1
441,15226,cast,20,Assassin #2
441,19425,director,1,
441,5006,writer,1,
441,11517,writer,2,
441,23821,writer,3,
442,349,cast,1,Ricky Roma
442,9677,cast,2,Shelley Levene
442,492,cast,3,Blake
442,375,cast,4,George Aaronow
442,6038,cast,5,Dave Moss
442,13046,cast,6,John Williamson
442,11832,cast,7,James Lingk
442,2957,cast,8,Mr. Spannel
442,12149,cast,9,Detective
442,17980,cast,10,Policeman
442,14228,cast,11,Coat Check Girl
442,17056,cast,12,Man in Donut Shop
442,2098,cast,13,Assistant Detective
442,13745,cast,14,Additional Voice
442,7803,cast,15,Additional Voice
442,16802,cast,16,Additional Voice
442,4682,cast,17,Additional Voice
442,12271,cast,18,Additional Voice
442,8336,cast,19,Additional Voice
442,21318,cast,20,Telephone Service Man
442,9949,director,1,
442,5082,writer,1,
443,12047,cast,1,Johnny Saxby
443,500,cast,2,Gheorghe Ionescu
443,7712,cast,3,Deirdre Saxby
443,9260,cast,4,Martin Saxby
443,8676,cast,5,Trainee Auctioneer
443,15862,cast,6,Gloria
443,13943,cast,7,Glen
443,17929,cast,8,Robyn
443,16628,cast,9,Taxi Driver
443,17037,cast,10,Male Nurse
443,20648,cast,11,Joy
443,11537,cast,12,University Boy
443,627,cast,13,Young Farm Worker
443,21515,cast,14,Bearded Farm Worker
443,7229,director,1,
443,7229,writer,1,
444,22023,cast,1,Dr. Kyohei Yamane
444,284,cast,2,Dr. Daisuke Serizawa
444,316,cast,3,Hideto Ogata
444,16673,cast,4,Emiko Yamane
444,7540,cast,5,Professor Tanabe
444,20324,cast,6,Newspaper Reporter Hagiwara
444,22890,cast,7,Nankai Ferry President
444,19111,cast,8,Masaji Yamada
444,9013,cast,9,Chairman of Diet Committee
444,20822,cast,10,Parliamentarian Oyama
444,23013,cast,11,Kuni Yamada
444,22036,cast,12,Chief of Emergency Headquarters
444,22931,cast,13,Shinkichi Yamada
444,13249,cast,14,The Old Fisherman
444,21991,cast,15,Prof. Tanabe's Assistant
444,13162,cast,16,Parliamentarian Ozawa
444,19109,cast,17,Radio Operator
444,12358,cast,18,Power Substation Engineer
444,12683,cast,19,"Gojira, Hagiwara's Editor"
444,8715,cast,20,"Gojira, Power Station Worker"
444,9522,director,1,
444,21079,writer,1,
444,22035,writer,2,
444,9522,writer,3,
444,22800,writer,4,
445,18591,cast,1,James Bond
445,20766,cast,2,Alec Trevelyan
445,9576,cast,3,Natalya Simonova
445,6989,cast,4,Xenia Onatopp
445,11176,cast,5,Jack Wade
445,12153,cast,6,M
445,19490,cast,7,Valentin Zukovsky
445,22162,cast,8,Dimitri Mishkin
445,8235,cast,9,Colonel Ourumov
445,383,cast,10,Boris Grishenko
445,5471,cast,11,Q
445,20468,cast,12,Moneypenny
445,16112,cast,13,Bill Tanner
445,20854,cast,14,Caroline
445,21271,cast,15,Severnaya Duty Officer
445,18163,cast,16,French Warship Captain
445,17586,cast,17,French Warship Officer
445,2533,cast,18,Admiral Chuck Farrel
445,4417,cast,19,Computer Store Manager
445,16534,cast,20,Irina
445,15345,director,1,
445,9256,writer,1,
445,16065,writer,2,
445,10589,writer,3,
445,2968,writer,4,
446,20771,cast,1,James Bond
446,8001,cast,2,Auric Goldfinger
446,9073,cast,3,Pussy Galore
446,21135,cast,4,Jill Masterson
446,22086,cast,5,Tilly Masterson
446,8617,cast,6,Oddjob
446,2299,cast,7,'M'
446,15340,cast,8,Solo
446,3458,cast,9,Felix Leiter
446,1914,cast,10,Simmons
446,14174,cast,11,Moneypenny
446,2465,cast,12,Midnight
446,16138,cast,13,Kisch
446,18307,cast,14,Johnny
446,16866,cast,15,Bonita
446,19371,cast,16,Smithers
446,3073,cast,17,Mr. Ling
446,5471,cast,18,'Q'
446,14652,cast,19,Mei-Lei
446,23207,cast,20,Swiss Gatekeeper
446,8425,director,1,
446,19322,writer,1,
446,17989,writer,2,
446,9256,writer,3,
446,11278,writer,4,
446,2280,writer,5,
447,8025,cast,1,Don Ciro
447,20400,cast,2,Totò
447,22810,cast,3,Franco
447,21292,cast,4,Simone
447,20405,cast,5,Boxer
447,23384,cast,6,Pitbull
447,23382,cast,7,Gaetano
447,9541,cast,8,Italo
447,7212,cast,9,Michele
447,1578,cast,10,Farrel
447,23383,cast,11,Enzo
447,1373,cast,12,Totò's mother
447,20406,cast,13,O'Lungo
447,1597,cast,14,O'Zi Bi
447,7210,cast,15,O'Chiatto
447,14869,cast,16,Killer in tanning salon
447,1691,cast,17,Killer in tanning salon
447,14367,cast,18,Woman in tanning salon
447,13837,cast,19,Gigante
447,5820,cast,20,Maria's friend
447,15636,director,1,
447,19766,writer,1,
447,15737,writer,2,
447,23079,writer,3,
447,8031,writer,4,
447,15636,writer,5,
447,15570,writer,6,
448,16740,cast,1,Jack Doyle
448,6038,cast,2,Remy Bressant
448,3389,cast,3,Patrick Kenzie
448,16309,cast,4,Angie Gennaro
448,11308,cast,5,Nick Poole
448,980,cast,6,Helene McCready
448,975,cast,7,Bea McCready
448,22580,cast,8,Lionel McCready
448,16111,cast,9,Devin
448,6113,cast,10,Cheese
448,15229,cast,11,Leon Trett
448,14591,cast,12,Amanda McCready
448,7799,cast,13,Bubba
448,23000,cast,14,Roberta Trett
448,15662,cast,15,Corwin Earle
448,10894,cast,16,Dottie
448,20783,cast,17,Skinny Ray Likanski
448,2891,cast,18,Lenny
448,10320,cast,19,Steve Penteroudakis
448,23809,cast,20,Big Dave
448,2172,director,1,
448,2172,writer,1,
448,14,writer,2,
448,5410,writer,3,
449,4204,cast,1,Rhett Butler
449,23449,cast,2,Scarlett
449,22435,cast,3,Gerald O'Hara
449,2044,cast,4,"Ellen, his wife"
449,6913,cast,5,Suellen
449,1318,cast,6,Carreen
449,7878,cast,7,Brent Tarleton
449,7431,cast,8,Stuart Tarleton
449,8740,cast,9,Mammy
449,17653,cast,10,Pork
449,3082,cast,11,Prissy
449,23300,cast,12,"Jonas Wilkerson, the overseer"
449,6922,cast,13,"Big Sam, the foreman"
449,9108,cast,14,John Wilkes
449,745,cast,15,"India, his daughter"
449,13877,cast,16,"Ashley, his son"
449,17566,cast,17,"Melanie Hamilton, their cousin"
449,18906,cast,18,"Charles Hamilton, her brother"
449,3379,cast,19,"Frank Kennedy, a guest"
449,13546,cast,20,Aunt 'Pittypat' Hamilton
449,23294,director,1,
449,14909,writer,1,
449,21214,writer,2,
449,17546,writer,3,
449,2196,writer,4,
449,11042,writer,5,
449,11680,writer,6,
450,12752,cast,1,Heiichirô Fukui
450,24145,cast,2,Setsuko Arita
450,3832,cast,3,Keitarô Hayashi
450,13347,cast,4,Tamiko Hayashi
450,8710,cast,5,Kikue Haraguchi
450,13246,cast,6,Minoru Hayashi
450,15519,cast,7,Isamu Hayashi
450,13381,cast,8,Midori Maruyama
450,22930,cast,9,Shige Ôkubo
450,20325,cast,10,Kayoko Fukui
450,6250,cast,11,Tomizawa
450,22281,cast,12,Toyoko Tomizawa
450,6253,cast,13,Mitsue Haraguchi
450,8716,cast,14,Haraguchi
450,313,cast,15,Akira Maruyama
450,7525,cast,16,Itô Sensei - Minoru's Teacher
450,22003,cast,17,Oshiuri no Otoko - Salesman
450,302,cast,18,Bôhan Beru no Otoko
450,12753,cast,19,Junsa
450,16816,cast,20,Oden'ya no Nyôbô
450,24037,director,1,
450,13237,writer,1,
450,24037,writer,2,
451,19797,cast,1,Adrian Cronauer
451,7165,cast,2,Edward Garlick
451,22738,cast,3,Tuan
451,3826,cast,4,Trinh
451,3013,cast,5,Lt. Steven Hauk
451,19744,cast,6,Marty Lee Dreiwitz
451,12111,cast,7,Sgt. Major Dickerson
451,17364,cast,8,Gen. Taylor
451,19266,cast,9,Pvt. Abersold
451,12340,cast,10,Phil McPherson
451,19342,cast,11,Dan 'The Man' Levitan
451,7161,cast,12,Eddie Kirk
451,4527,cast,13,Jimmy Wah
451,4663,cast,14,Censor #1
451,5749,cast,15,Censor #2
451,4795,cast,16,MP #1
451,11530,cast,17,MP #2
451,10018,cast,18,Sergeant #1 at Jimmy Wah's
451,18382,cast,19,Sergeant #2 at Jimmy Wah's
451,17353,cast,20,Vietnamese Student
451,2090,director,1,
451,16592,writer,1,
451,148,writer,2,
452,13994,cast,1,Sam
452,21816,cast,2,Jessie
452,23139,cast,3,Val
452,5510,cast,4,Casey
452,9998,cast,5,Chris
452,4821,cast,6,Matt
452,12232,cast,7,Dylan
452,2151,cast,8,Restaurant Server
452,20650,cast,9,Janie
452,20513,cast,10,Zach
452,6699,cast,11,Andy
452,18391,cast,12,Jake
452,9385,director,1,
452,9385,writer,1,
453,19797,cast,1,Sean
453,15605,cast,2,Will
453,2172,cast,3,Chuckie
453,21534,cast,4,Lambeau
453,11558,cast,5,Tom
453,18789,cast,6,Krystyn
453,4374,cast,7,Cathy
453,3389,cast,8,Morgan
453,4342,cast,9,Billy
453,15625,cast,10,Barbershop Quartet #1
453,18875,cast,11,Barbershop Quartet #2
453,19476,cast,12,Barbershop Quartet #3
453,4665,cast,13,Barbershop Quartet #4
453,769,cast,14,M.I.T. Student
453,5459,cast,15,M.I.T. Student
453,23335,cast,16,M.I.T. Student
453,20954,cast,17,Girl on Street
453,19477,cast,18,Carmine Scarpaglia
453,21724,cast,19,Carmine Friend #1
453,16534,cast,20,Skylar
453,8399,director,1,
453,15605,writer,1,
453,2172,writer,2,
454,21436,cast,1,Solo
454,19054,cast,2,William
454,5509,cast,3,Alex
454,3296,cast,4,Quiera
454,13438,cast,5,Roc
454,14721,cast,6,Mamadou
454,9592,cast,7,Motel Janitor
454,10107,cast,8,Pork Chop
454,17452,cast,9,Pharmacist
454,22973,cast,10,Ticket Attendant
454,5641,cast,11,Bank Cab Driver
454,17036,cast,12,Navani
454,23620,cast,13,DVD Seller
454,18397,cast,14,DVD Seller
454,12875,cast,15,Taxi Cab Employee
454,14030,cast,16,Airline Interviewer
454,10902,cast,17,Airline Interviewer
454,17093,cast,18,Airline Interviewer
454,20637,cast,19,Passenger with Hat
454,5787,cast,20,Sleeping Passenger
454,18882,director,1,
454,1975,writer,1,
454,18882,writer,2,
455,19561,cast,1,James Conway
455,18983,cast,2,Henry Hill
455,11205,cast,3,Tommy DeVito
455,14239,cast,4,Karen Hill
455,18097,cast,5,Paul Cicero
455,7379,cast,6,Frankie Carbone
455,22829,cast,7,Sonny Bunz
455,16432,cast,8,Frenchy
455,7392,cast,9,Billy Batts
455,4119,cast,10,Morris Kessler
455,7320,cast,11,Tuddy Cicero
455,8859,cast,12,Henny Youngman
455,8086,cast,13,Janice Rossi
455,3435,cast,14,Tommy's Mother
455,3680,cast,15,Vinnie
455,21908,cast,16,Karen's Mother
455,5274,cast,17,Sandy
455,14934,cast,18,Belle Kessler
455,23622,cast,19,Lois Byrd
455,10777,cast,20,Jerry Vale
455,15383,director,1,
455,17168,writer,1,
455,15383,writer,2,
456,14639,cast,1,Constance Trentham
456,20270,cast,2,Henry Denton
456,16067,cast,3,William McCordle
456,13304,cast,4,Sylvia McCordle
456,3154,cast,5,Isobel McCordle
456,3602,cast,6,Raymond Stockbridge
456,7963,cast,7,Louisa Stockbridge
456,22692,cast,8,Anthony Meredith
456,16994,cast,9,Lavinia Meredith
456,10715,cast,10,Ivor Novello
456,2614,cast,11,Morris Weissman
456,10082,cast,12,Freddie Nesbitt
456,4242,cast,13,Mabel Nesbitt
456,13589,cast,14,Rupert Standish
456,22957,cast,15,Jeremy Blond
456,21588,cast,16,Inspector Thompson
456,19979,cast,17,Constable Dexter
456,12825,cast,18,Mary Maceachran
456,4311,cast,19,Robert Parks
456,8822,cast,20,Mrs. Wilson
456,19502,director,1,
456,12230,writer,1,
456,19502,writer,2,
456,2614,writer,3,
457,23015,cast,1,Seita
457,1941,cast,2,Setsuko
457,277,cast,3,Aunt
457,24148,cast,4,Mother
457,13274,cast,5,Obayashi Chairman
457,15550,cast,6,Woman who takes care of Setsuko
457,12719,cast,7,Cousin
457,24157,cast,8,Gosaku
457,15523,cast,9,Aunt's house guest
457,13214,cast,10,Patrolman
457,8486,cast,11,Man who arrests Seita
457,1864,cast,12,Person in bank
457,22280,cast,13,Station worker
457,9020,cast,14,Person in bank
457,16324,cast,15,"Station worker, Doctor"
457,21144,cast,16,Person in bank
457,21990,cast,17,
457,16373,cast,18,Nurse
457,15077,cast,19,
457,1865,cast,20,Kid with fishing tackle
457,9518,director,1,
457,323,writer,1,
457,9518,writer,2,
458,20541,cast,1,Ryan Stone
458,7805,cast,2,Matt Kowalski
458,6038,cast,3,Mission Control
458,17637,cast,4,Aningaaq
458,18464,cast,5,Shariff
458,987,cast,6,Explorer Captain
458,2110,cast,7,Russian Space Station Captain
458,677,director,1,
458,677,writer,1,
458,11774,writer,2,
459,11677,cast,1,Danny
459,17570,cast,2,Sandy
459,21755,cast,3,Rizzo
459,10547,cast,4,Kenickie
459,2095,cast,5,Doody
459,16216,cast,6,Sonny
459,12835,cast,7,Putzie
459,5572,cast,8,Frenchie
459,10093,cast,9,Jan
459,5614,cast,10,Marty
459,6900,cast,11,Principal McGee
459,7402,cast,12,Teen Angel
459,11066,cast,13,Vi
459,6058,cast,14,Vince Fontaine
459,21200,cast,15,Coach Calhoun
459,730,cast,16,Mrs. Murdock
459,5655,cast,17,Blanche
459,20921,cast,18,Johnny Casino & The Gamblers
459,21843,cast,19,Patty Simcox
459,14213,cast,20,Tom Chisum
459,18910,director,1,
459,10936,writer,1,
459,23574,writer,2,
459,2938,writer,3,
459,798,writer,4,
460,11560,cast,1,Pip
460,23162,cast,2,Estella
460,22882,cast,3,Young Pip
460,10495,cast,4,Young Estella
460,2303,cast,5,Joe Gargery
460,7228,cast,6,Mr. Jaggers
460,7100,cast,7,Magwitch
460,15403,cast,8,Miss Havisham
460,497,cast,9,Herbert Pocket
460,9568,cast,10,Mr. Wemmick
460,7463,cast,11,Mrs.Joe
460,6260,cast,12,Biddy
460,7834,cast,13,Convict
460,8745,cast,14,Uncle Pumblechook
460,11424,cast,15,The Pale Young Gentleman
460,22896,cast,16,Bentley Drummle
460,17490,cast,17,The Aged Parent
460,11345,cast,18,Mr. Wopsle
460,19276,cast,19,The Sergeant
460,8243,cast,20,Mrs. Wopsle
460,5063,director,1,
460,3607,writer,1,
460,5063,writer,2,
460,19997,writer,3,
460,1510,writer,4,
460,12701,writer,5,
460,3464,writer,6,
461,7421,cast,1,Hans Hoffmann
461,7774,cast,2,Viktor
461,1568,cast,3,Leo Giese
461,22439,cast,4,Oskar
461,22443,cast,5,Wärter 1968
461,684,cast,6,Wärter 1945
461,22447,cast,7,Wärter 1957
461,15938,cast,8,Kumpel Viktor
461,4965,cast,9,Allierter
461,6964,cast,10,Polizist
461,11052,cast,11,Arrestwärter
461,5631,cast,12,Richter
461,1095,cast,13,Staatsanwalt
461,4767,cast,14,Strafverteidiger
461,14491,cast,15,Wärter
461,23085,cast,16,Wärter
461,18185,cast,17,Wärter
461,15393,cast,18,"Klappen Besucher, Darkroom Besucher"
461,11286,cast,19,Klappen Besucher
461,2311,cast,20,"Klappen Besucher, Stimme"
461,20805,director,1,
461,22441,writer,1,
461,20805,writer,2,
462,9864,cast,1,Bashir
462,14666,cast,2,Julia
462,2157,cast,3,Leïla
462,22770,cast,4,Jan
462,16789,cast,5,Grandpa
462,4605,cast,6,Amina
462,16698,cast,7,Marta
462,10231,cast,8,'Zuku'
462,14560,cast,9,Bogdan
462,195,cast,10,Basia
462,16241,cast,11,Sasza
462,59,cast,12,Ahmed
462,11254,cast,13,Somali Woman
462,14720,cast,14,Kasia
462,18660,cast,15,Maciek
462,15315,cast,16,Ula
462,20548,cast,17,Doctor in Hospital
462,14627,cast,18,Bogdan's wife
462,22053,cast,19,Ghalia
462,22005,cast,20,Nur
462,210,director,1,
462,12460,director,2,
462,12573,director,3,
462,14559,writer,1,
462,7567,writer,2,
462,210,writer,3,
463,20200,cast,1,Self
463,4459,cast,2,Self
463,8323,cast,3,Self
463,20480,cast,4,Self - Model
463,19356,cast,5,Self - DP for the Crewdson photographs
463,3222,cast,6,Self
463,2217,director,1,
464,10404,cast,1,Max
464,19125,cast,2,Riton
464,5823,cast,3,Lola
464,23436,cast,4,Ramon
464,15083,cast,5,Betty
464,7585,cast,6,Marinette
464,17963,cast,7,Eugène
464,358,cast,8,Le chauffeur de taxi
464,4705,cast,9,Fifi
464,5385,cast,10,Madame Bouche
464,1257,cast,11,Bastien
464,16263,cast,12,Marco
464,18073,cast,13,Oscar
464,10487,cast,14,Le portier de l'hôtel Moderna
464,5339,cast,15,Hughette
464,21240,cast,16,
464,14385,cast,17,Nana
464,14057,cast,18,Angelo Fraiser
464,18005,cast,19,Pierrot
464,10520,cast,20,Josy
464,9779,director,1,
464,466,writer,1,
464,9779,writer,2,
464,15719,writer,3,
465,22547,cast,1,Self
465,925,cast,2,Self
465,23653,cast,3,"Self, Narrator, Interviewer"
465,3315,cast,4,Self - Treadwell's Mother
465,23126,cast,5,Self - Treadwell's Father
465,20426,cast,6,Self - Egli Air Haul
465,7181,cast,7,Self - Coroner
465,23884,cast,8,Self - Pilot
465,14797,cast,9,Self - Ecologist
465,15292,cast,10,Self - Ecologist
465,21920,cast,11,Self - Alutiiq Museum Director
465,5072,cast,12,Self
465,10861,cast,13,Self
465,12637,cast,14,Self - Close Friend
465,23585,cast,15,Self - Actor and Close Friend
465,13507,cast,16,Self - Bear Biologist
465,23653,director,1,
465,23653,writer,1,
466,2464,cast,1,Phil
466,1038,cast,2,Rita
466,3883,cast,3,Larry
466,21627,cast,4,Ned
466,2856,cast,5,Buster
466,15151,cast,6,Nancy
466,1233,cast,7,Mrs. Lancaster
466,19394,cast,8,Gus
466,19405,cast,9,Ralph
466,19778,cast,10,Doris the Waitress
466,3312,cast,11,Anchorwoman
466,23877,cast,12,Phil's Assistant Kenny
466,12864,cast,13,Man in Hallway
466,13862,cast,14,Old Man
466,19821,cast,15,Groundhog Official
466,22715,cast,16,State Trooper
466,11520,cast,17,Bartender
466,18198,cast,18,Piano Teacher
466,8615,cast,19,Neurologist
466,5118,cast,20,Psychiatrist
466,8615,director,1,
466,4825,writer,1,
466,8615,writer,2,
467,8380,cast,1,Self
467,23302,director,1,
467,23302,writer,1,
467,250,writer,2,
468,13525,cast,1,Self
468,12556,cast,2,Self
468,13263,cast,3,Self
468,13388,cast,4,Self
468,18754,cast,5,Self
468,4710,cast,6,Self
468,20924,cast,7,Self
468,17028,cast,8,Self
468,22772,cast,9,Self
468,18879,cast,10,Self
468,2326,cast,11,Bert
468,2327,cast,12,Self
468,18879,director,1,
468,18879,writer,1,
468,15790,writer,2,
469,20260,cast,1,Dan Dunne
469,1520,cast,2,Frank
469,20963,cast,3,Drey
469,10566,cast,4,Roodly
469,17013,cast,5,Terrance
469,23064,cast,6,Stacy
469,20063,cast,7,Gina
469,22993,cast,8,Jamal
469,3037,cast,9,Bernard
469,12423,cast,10,Lena
469,6705,cast,11,Erika
469,21552,cast,12,Vanessa
469,6305,cast,13,Simone
469,20811,cast,14,Javier
469,22555,cast,15,Rachel
469,12499,cast,16,Karen
469,13206,cast,17,Dave - The Cat
469,21510,cast,18,Principal Henderson
469,5375,cast,19,Jimbo
469,16702,cast,20,Isabel
469,20258,director,1,
469,20258,writer,1,
469,1330,writer,2,
470,5778,cast,1,Loomis
470,10101,cast,2,Laurie Strode
470,22864,cast,3,Michael Myers (Age 23)
470,16908,cast,4,Annie
470,18677,cast,5,Lynda
470,3600,cast,6,Brackett
470,13375,cast,7,Lindsey
470,2841,cast,8,Tommy
470,11553,cast,9,Bob
470,16917,cast,10,Marion
470,1768,cast,11,Graveyard Keeper
470,16346,cast,12,Richie
470,2819,cast,13,Lonnie
470,87,cast,14,Keith
470,19679,cast,15,Dr. Wynn
470,23713,cast,16,Michael Myers (Age 6)
470,20570,cast,17,Judith Myers
470,5061,cast,18,Boyfriend
470,18347,cast,19,Laurie's Father
470,17186,cast,20,The Shape
470,11358,director,1,
470,11358,writer,1,
470,5294,writer,2,
471,14004,cast,1,Alexander Hamilton
471,18563,cast,2,Eliza Hamilton
471,13886,cast,3,Aaron Burr
471,19136,cast,4,Angelica Schuyler
471,4920,cast,5,"Marquis de Lafayette, Thomas Jefferson"
471,11803,cast,6,King George
471,3899,cast,7,George Washington
471,10232,cast,8,"Peggy Schuyler, Maria Reynolds"
471,17512,cast,9,"Hercules Mulligan, James Madison"
471,1534,cast,10,"John Laurens, Philip Hamilton"
471,3237,cast,11,Ensemble
471,1648,cast,12,Ensemble
471,9079,cast,13,Ensemble
471,21938,cast,14,"Philip Schuyler, James Reynolds, Doctor, Ensemble"
471,20667,cast,15,Ensemble
471,22318,cast,16,"Samuel Seabury, Ensemble"
471,6392,cast,17,Ensemble
471,11758,cast,18,"Charles Lee, Ensemble"
471,1911,cast,19,Ensemble
471,20898,cast,20,Ensemble
471,22421,director,1,
471,14004,writer,1,
471,19942,writer,2,
472,15944,cast,1,Hannah
472,5541,cast,2,Holly
472,16004,cast,3,Elliot
472,2031,cast,4,Lee
472,3375,cast,5,April
472,15707,cast,6,Norma
472,14162,cast,7,Evan
472,15764,cast,8,Frederick
472,23931,cast,9,Mickey
472,13913,cast,10,Paul
472,12211,cast,11,Mary
472,3964,cast,12,Larry
472,12266,cast,13,Gail
472,12111,cast,14,Ed Smythe
472,11678,cast,15,Writer
472,20222,cast,16,Ron
472,817,cast,17,Hannah's Twins
472,1785,cast,18,Hannah's Twins
472,9431,cast,19,Dr. Abel
472,19299,cast,20,Dr. Wilkes
472,23931,director,1,
472,23931,writer,1,
473,1016,cast,1,Anne Duchesne
473,12417,cast,2,Jean
473,14333,cast,3,Hélène
473,14312,cast,4,Brigitte
473,14300,cast,5,Olivia
473,18654,cast,6,Professeur Bornec
473,20557,cast,7,Gabrielle Duchesne
473,13849,cast,8,Claire
473,1359,cast,9,Mme Rivière
473,4560,cast,10,Gaspard
473,6693,cast,11,Jacques Duchesne
473,14581,cast,12,Lise
473,723,cast,13,Laëtitia
473,6976,cast,14,Dr. Ravinsky
473,9502,cast,15,Magda
473,12284,cast,16,Maxime
473,6152,cast,17,Patrick
473,13752,cast,18,Céline
473,7268,cast,19,Dr. Guimet
473,14265,cast,20,Pompier
473,1881,director,1,
473,14850,writer,1,
473,1881,writer,2,
473,1450,writer,3,
473,1391,writer,4,
473,731,writer,5,
474,10135,cast,1,Joy Jordan
474,11752,cast,2,Andy Kornbluth
474,18525,cast,3,Allen
474,5977,cast,4,Bill Maplewood
474,13446,cast,5,Helen Jordan
474,12376,cast,6,Timmy Maplewood
474,4555,cast,7,Trish Maplewood
474,13969,cast,8,Chloe Maplewood
474,8880,cast,9,Kooki the Dog
474,7991,cast,10,Psychiatrist
474,20166,cast,11,Billy Maplewood
474,14309,cast,12,Mona Jordan
474,2191,cast,13,Lenny Jordan
474,3166,cast,14,Kristina
474,1762,cast,15,Detective Berman
474,16671,cast,16,Nancy
474,1305,cast,17,Kay
474,5903,cast,18,Tom
474,6672,cast,19,Courteous Waiter
474,6952,cast,20,Angry Picketer
474,22619,director,1,
474,22619,writer,1,
475,173,cast,1,Lazzaro
475,208,cast,2,Antonia bambina
475,434,cast,3,Antonia
475,14343,cast,4,Tancredi giovane
475,22777,cast,5,Tancredi adulto
475,20871,cast,6,Ultimo
475,16983,cast,7,Nicola
475,3249,cast,8,Carletto
475,17794,cast,9,Suora
475,17275,cast,10,Marchesa Alfonsina De Luna
475,6149,cast,11,Pippo bambino
475,3245,cast,12,Pippo adulto
475,14579,cast,13,Stefania bambina
475,7599,cast,14,Stefania adulta
475,8128,cast,15,Teresa giovane
475,6365,cast,16,Teresa adulta
475,9464,cast,17,Natalina adulta
475,1463,cast,18,Natalina anziana
475,14372,cast,19,Catirre adulto
475,1444,cast,20,Catirre anziano
475,738,director,1,
475,738,writer,1,
475,3287,writer,2,
476,13872,cast,1,Ho Po-wing
476,22855,cast,2,Lai Yiu-fai
476,3540,cast,3,Chang
476,8324,cast,4,Lover
476,21138,cast,5,Fai's Girlfriend
476,12483,director,1,
476,12483,writer,1,
476,14768,writer,2,
477,22133,cast,1,Tsugumo Hanshirô
477,309,cast,2,Chijiiwa Motome
477,21089,cast,3,Tsugumo Miho
477,22295,cast,4,Omodaka Hikokurô
477,15536,cast,5,Inaba Tango
477,9304,cast,6,Yazaki Hayato
477,12749,cast,7,Fukushima Masakatsu
477,24155,cast,8,Chijiiwa Jinnai
477,9032,cast,9,Ii Clan Retainer
477,22905,cast,10,Ii Clan Retainer
477,24159,cast,11,Kawabe Umenosuke
477,22129,cast,12,Seibê
477,286,cast,13,Ii Clan Retainer
477,13240,cast,14,
477,20298,cast,15,General
477,11030,cast,16,Shimmen Ichirô
477,16880,cast,17,
477,21076,cast,18,Retainer
477,12953,cast,19,
477,21096,cast,20,
477,15526,director,1,
477,24034,writer,1,
477,21117,writer,2,
478,3861,cast,1,Insp. 'Tequila' Yuen
478,22855,cast,2,Alan
478,22238,cast,3,Teresa Chang
478,18497,cast,4,Supt. Pang
478,18560,cast,5,Mad Dog
478,1489,cast,6,Johnny Wong
478,9045,cast,7,Uncle Hoi
478,23615,cast,8,Foxy
478,2739,cast,9,Benny Mak
478,15904,cast,10,Lonny
478,2664,cast,11,Lionheart
478,21180,cast,12,Ah Chung
478,13252,cast,13,Hospital Director
478,23490,cast,14,Hitman 1
478,2264,cast,15,Hitman 2
478,12937,cast,16,Hitman 3
478,16041,cast,17,Jimmy
478,9046,cast,18,Librarian
478,13161,cast,19,Gangster
478,18650,cast,20,
478,11702,director,1,
478,11702,writer,1,
478,2104,writer,2,
478,8213,writer,3,
479,13847,cast,1,Don Rumata
479,520,cast,2,Don Reba
479,24229,cast,3,Baron Pampa
479,6930,cast,4,Budakh
479,23132,cast,5,Arata
479,13846,cast,6,Arima
479,16987,cast,7,Ari
479,17302,cast,8,Kusis
479,7604,cast,9,
479,24227,cast,10,Rab
479,19105,cast,11,Voin
479,23174,cast,12,don Ripat
479,23212,cast,13,vozchik Rumaty
479,7606,cast,14,
479,23337,cast,15,
479,23176,cast,16,Monakh
479,18884,cast,17,Muga
479,4790,cast,18,Uno
479,522,cast,19,
479,24396,cast,20,Zurab
479,534,director,1,
479,1666,writer,1,
479,2732,writer,2,
479,534,writer,3,
479,21924,writer,4,
480,15016,cast,1,Pansy
480,16280,cast,2,Chantelle
480,5205,cast,3,Curtley
480,23038,cast,4,Moses
480,1276,cast,5,Kayla
480,21408,cast,6,Aleisha
480,11819,cast,7,Virgil
480,11040,cast,8,Nurse Salon Client
480,14150,cast,9,Smoking Salon Client
480,24256,cast,10,Salon Client
480,3823,cast,11,Salon Client
480,5525,cast,12,Hairdresser
480,6450,cast,13,Sofa Client
480,22581,cast,14,Sofa Client
480,717,cast,15,Furniture Assistant
480,7634,cast,16,Irate Motorist
480,5633,cast,17,Supermarket Customer
480,3039,cast,18,Supermarket Customer
480,1828,cast,19,Cashier
480,20482,cast,20,Nicole
480,16411,director,1,
480,16411,writer,1,
481,4752,cast,1,Harry Potter
481,6589,cast,2,Hermione Granger
481,20185,cast,3,Ron Weasley
481,16067,cast,4,Professor Albus Dumbledore
481,18863,cast,5,Lord Voldemort
481,416,cast,6,Professor Severus Snape
481,6898,cast,7,Luna Lovegood
481,5669,cast,8,Bill Weasley
481,4266,cast,9,Fleur Delacour
481,23587,cast,10,"Griphook, Professor Filius Flitwick"
481,11471,cast,11,Ollivander
481,8838,cast,12,Bellatrix Lestrange
481,8261,cast,13,Death Eater
481,1483,cast,14,Gringotts' Guard
481,20221,cast,15,Aged Gringotts' Goblin
481,11748,cast,16,Bogrod
481,12825,cast,17,Helena Ravenclaw
481,10259,cast,18,Lucius Malfoy
481,8821,cast,19,Narcissa Malfoy
481,22672,cast,20,Draco Malfoy
481,5217,director,1,
481,21680,writer,1,
481,11024,writer,2,
482,4752,cast,1,Harry Potter
482,6589,cast,2,Hermione Granger
482,20185,cast,3,Ron Weasley
482,2467,cast,4,Minister Rufus Scrimgeour
482,19280,cast,5,Vernon Dursley
482,8678,cast,6,Dudley Dursley
482,12277,cast,7,Molly Weasley
482,2716,cast,8,Ginny Weasley
482,9265,cast,9,Mr. Granger
482,16302,cast,10,Mrs. Granger
482,7110,cast,11,Petunia Dursley
482,416,cast,12,Professor Severus Snape
482,3368,cast,13,Charity Burbage
482,18863,cast,14,Lord Voldemort
482,8838,cast,15,Bellatrix Lestrange
482,8821,cast,16,Narcissa Malfoy
482,10259,cast,17,Lucius Malfoy
482,22672,cast,18,Draco Malfoy
482,22546,cast,19,Wormtail
482,8261,cast,20,Death Eater
482,5217,director,1,
482,21680,writer,1,
482,11024,writer,2,
483,4752,cast,1,Harry Potter
483,6589,cast,2,Hermione Granger
483,20185,cast,3,Ron Weasley
483,2810,cast,4,Alastor 'Mad-Eye' Moody
483,8678,cast,5,Dudley Dursley
483,10245,cast,6,Piers
483,19321,cast,7,Malcolm
483,12653,cast,8,Mrs. Arabella Figg
483,16478,cast,9,TV Weatherman
483,7110,cast,10,Petunia Dursley
483,19280,cast,11,Vernon Dursley
483,10826,cast,12,Mafalda Hopkirk
483,162,cast,13,James Potter
483,7963,cast,14,Lily Potter
483,19678,cast,15,Cedric Diggory
483,18863,cast,16,Lord Voldemort
483,16964,cast,17,Nymphadora Tonks
483,7830,cast,18,Kingsley Shacklebolt
483,18297,cast,19,Elphias Doge
483,2923,cast,20,Emmeline Vance
483,5217,director,1,
483,16072,writer,1,
483,11024,writer,2,
484,4752,cast,1,Harry Potter
484,6589,cast,2,Hermione Granger
484,20185,cast,3,Ron Weasley
484,19280,cast,4,Uncle Vernon
484,17721,cast,5,Aunt Marge
484,7110,cast,6,Aunt Petunia
484,8678,cast,7,Dudley Dursley
484,162,cast,8,James Potter
484,7963,cast,9,Lily Potter
484,13704,cast,10,Stan Shunpike
484,13774,cast,11,Shrunken Head
484,10986,cast,12,Ernie the Bus Driver
484,7666,cast,13,Sirius Black
484,10962,cast,14,Tom the Innkeeper
484,19614,cast,15,Cornelius Fudge
484,29,cast,16,Young Witch Maid
484,17554,cast,17,George Weasley
484,10037,cast,18,Fred Weasley
484,3923,cast,19,Percy Weasley
484,12277,cast,20,Mrs. Molly Weasley
484,677,director,1,
484,11024,writer,1,
484,21680,writer,2,
485,4752,cast,1,Harry Potter
485,20185,cast,2,Ron Weasley
485,6589,cast,3,Hermione Granger
485,19286,cast,4,Albus Dumbledore
485,14639,cast,5,Professor McGonagall
485,19490,cast,6,Hagrid
485,20688,cast,7,Baby Harry Potter
485,7110,cast,8,Aunt Petunia Dursley
485,8678,cast,9,Dudley Dursley
485,19280,cast,10,Uncle Vernon Dursley
485,5439,cast,11,Bartender in Leaky Cauldron
485,9260,cast,12,Professor Quirrell
485,2178,cast,13,Diagon Alley Boy
485,23587,cast,14,"Goblin Bank Teller, Professor Flitwick, Voice of Griphook"
485,23246,cast,15,Griphook
485,11471,cast,16,Mr. Ollivander
485,19230,cast,17,He Who Must Not Be Named
485,7963,cast,18,Lily Potter
485,8699,cast,19,Station Guard
485,12277,cast,20,Mrs. Weasley
485,3877,director,1,
485,11024,writer,1,
485,21680,writer,2,
486,5407,cast,1,Self
486,15386,cast,2,Self
486,15284,cast,3,Self
486,7849,cast,4,Self
486,6302,cast,5,Self
486,11559,cast,6,Self
486,7226,cast,7,Self
486,22736,cast,8,Self
486,5258,cast,9,Self
486,7451,cast,10,Self
486,23437,cast,11,Self
486,19573,cast,12,Self
486,13588,cast,13,Self
486,19981,cast,14,Self
486,22735,cast,15,Self
486,20416,cast,16,Self
486,16720,cast,17,Self
486,7473,cast,18,Self
486,5881,cast,19,Self
486,450,cast,20,Self
486,7023,director,1,
486,7835,director,2,
486,6302,director,3,
486,7023,writer,1,
486,7835,writer,2,
487,349,cast,1,Vincent Hanna
487,19561,cast,2,Neil McCauley
487,23127,cast,3,Chris Shiherlis
487,11768,cast,4,Nate
487,22733,cast,5,Michael Cheritto
487,5537,cast,6,Justine
487,957,cast,7,Eady
487,1815,cast,8,Charlene Shiherlis
487,16827,cast,9,Drucker
487,23659,cast,10,Casals
487,22183,cast,11,Bosko
487,5405,cast,12,Breedan
487,23781,cast,13,Van Zant
487,16977,cast,14,Lauren
487,22719,cast,15,Kelso
487,13015,cast,16,Waingro
487,8540,cast,17,Marciano
487,21874,cast,18,Elaine Cheritto
487,13135,cast,19,Lillian
487,4828,cast,20,Trejo
487,16131,director,1,
487,16131,writer,1,
488,23897,cast,1,Veronica Sawyer
488,3980,cast,2,Jason 'J.D.' Dean
488,20953,cast,3,Heather Duke
488,14115,cast,4,Heather McNamara
488,13141,cast,5,Heather Chandler
488,18211,cast,6,Pauline Fleming
488,8169,cast,7,Father Ripper
488,13432,cast,8,Kurt Kelly
488,17898,cast,9,Ram Sweeney
488,10697,cast,10,Peter Dawson
488,11760,cast,11,Rodney
488,3377,cast,12,"Martha Dunnstock, Dumptruck"
488,18558,cast,13,Dennis
488,19137,cast,14,Betty Finn
488,11708,cast,15,Country Club Keith
488,21060,cast,16,Country Club Courtney
488,4541,cast,17,Geek
488,1121,cast,18,Fat Cynic
488,13016,cast,19,1st Heavy Metaller in Pkg. Lot
488,12051,cast,20,2nd Heavy Metaller in Pkg. Lot
488,16120,director,1,
488,4769,writer,1,
489,15863,cast,1,Pauline
489,12607,cast,2,Juliet
489,20632,cast,3,Honora
489,5511,cast,4,Hilda
489,4309,cast,5,Henry
489,21280,cast,6,Herbert
489,10532,cast,7,"John, Nicholas"
489,18324,cast,8,Bill Perry
489,8051,cast,9,Dr. Bennett
489,7763,cast,10,Rev. Norris
489,13196,cast,11,Wendy
489,2220,cast,12,Jonathan
489,4846,cast,13,Miss Stewart
489,6401,cast,14,Miss Waller
489,14136,cast,15,Mrs. Collins
489,16732,cast,16,Mrs. Stevens
489,18172,cast,17,Mrs. Zwartz
489,14249,cast,18,Grandma Parker
489,10806,cast,19,Laurie
489,8151,cast,20,Steve
489,18361,director,1,
489,7180,writer,1,
489,18361,writer,2,
490,11354,cast,1,Hedwig
490,16573,cast,2,Yitzhak
490,21628,cast,3,Skszp
490,22356,cast,4,Jacek
490,19469,cast,5,Krzysztof
490,15968,cast,6,Schlatko
490,1085,cast,7,Phyllis Stein
490,2205,cast,8,Hansel - 6 years old
490,467,cast,9,Hansel's Mom
490,7734,cast,10,Hansel's Dad
490,16166,cast,11,Tommy Gnosis
490,12504,cast,12,Tommy's Publicist
490,15763,cast,13,Goth Menses Boy
490,15716,cast,14,Sgt. Luther Robinson
490,6744,cast,15,Fat Man
490,21404,cast,16,Kwahng-Yi
490,14634,cast,17,Trailer Park Neighbor
490,19113,cast,18,Tranny Hooker
490,22143,cast,19,Singing Boy
490,22365,cast,20,Laundromat Customer
490,11354,director,1,
490,11354,writer,1,
490,21628,writer,2,
491,3920,cast,1,Toby Howard
491,2190,cast,2,Tanner Howard
491,10543,cast,3,Marcus Hamilton
491,8041,cast,4,Alberto Parker
491,4598,cast,5,Elsie
491,23851,cast,6,Mr. Clauson
491,3046,cast,7,Old Man
491,13301,cast,8,Olney Teller
491,12793,cast,9,Rancher
491,9724,cast,10,Archer City Deputy
491,12690,cast,11,Jenny Ann
491,905,cast,12,Vernon Teller
491,11160,cast,13,Bank Manager
491,22154,cast,14,Cowboy
491,9102,cast,15,Vernon PD Officer
491,5298,cast,16,Vernon Diner Waitress
491,18029,cast,17,Old Timer
491,17027,cast,18,Gas Station Thug #1
491,1656,cast,19,Gas Station Thug #2
491,15027,cast,20,Casino Window Teller
491,5080,director,1,
491,22154,writer,1,
492,1159,cast,1,Larry
492,4190,cast,2,Julia
492,1816,cast,3,Kirsty
492,20770,cast,4,Frank
492,17559,cast,5,Frank the Monster
492,19623,cast,6,Steve
492,1482,cast,7,1st Victim
492,13803,cast,8,2nd Victim
492,16008,cast,9,3rd Victim
492,7294,cast,10,Derelict
492,12925,cast,11,Bill
492,7699,cast,12,Evelyn
492,17139,cast,13,Dinner Guest
492,4897,cast,14,Moving Man 1
492,17553,cast,15,Moving Man 2
492,17737,cast,16,Complaining Customer
492,5880,cast,17,Lead Cenobite
492,17177,cast,18,Chattering Cenobite
492,21253,cast,19,'Butterball' Cenobite
492,8247,cast,20,Female Cenobite
492,4307,director,1,
492,4307,writer,1,
493,11131,cast,1,Theodore
493,952,cast,2,Amy
493,20699,cast,3,Samantha
493,20015,cast,4,Catherine
493,14511,cast,5,Letter Writer #1
493,14107,cast,6,Letter Writer #2
493,7544,cast,7,Letter Writer #3
493,3922,cast,8,Paul
493,1786,cast,9,Text Voice
493,15785,cast,10,Sexy Pregnant TV Star
493,2438,cast,11,Chat Room Friend #2
493,13294,cast,12,SexyKitten
493,2869,cast,13,OS1 Commercial Lead
493,15621,cast,14,Charles
493,21454,cast,15,Alien Child
493,17575,cast,16,Blind Date
493,4940,cast,17,Theodore's Divorce Attorney
493,8430,cast,18,Marriage Counselor
493,15865,cast,19,Nice Lady
493,18714,cast,20,Pizza Vendor
493,21454,director,1,
493,21454,writer,1,
494,22122,cast,1,Hercules
494,21846,cast,2,Meg
494,10084,cast,3,Hades
494,2005,cast,4,Alcmene
494,19863,cast,5,Young Hercules
494,15467,cast,6,"Earthquake Lady, Wood Nymph, Water Nymph"
494,4426,cast,7,"Titans, Burnt Man, End-of-the World Man"
494,4805,cast,8,Phil
494,10917,cast,9,"Nessus the River Centaur, Tall Thebian, Elderly Thebian"
494,12782,cast,10,Apollo the Sun God
494,17707,cast,11,Atropos
494,20470,cast,12,Hera
494,3774,cast,13,Melpomene
494,12630,cast,14,Heavyset Woman
494,15610,cast,15,Panic
494,880,cast,16,Clotho
494,2684,cast,17,Pain
494,3058,cast,18,Little Boy
494,12805,cast,19,Little Boy
494,3736,cast,20,Narrator
494,19943,director,1,
494,11569,director,2,
494,19943,writer,1,
494,11569,writer,2,
494,5732,writer,3,
494,2654,writer,4,
494,10578,writer,5,
494,22377,writer,6,
494,5718,writer,7,
494,2990,writer,8,
494,15220,writer,9,
494,7227,writer,10,
495,21517,cast,1,Stefan
495,14131,cast,2,ShuXiu
495,3481,cast,3,Cedric
495,22217,cast,4,Mihai
495,20304,cast,5,Saadia
495,754,cast,6,Anca
495,21179,cast,7,ShuHuan
495,23288,cast,8,Radu
495,12080,cast,9,Jovial
495,20528,cast,10,Polly
495,21531,cast,11,Woman in Bus
495,16583,cast,12,Delivery Boy
495,2690,cast,13,Mechanic
495,8115,cast,14,Mechanic
495,2691,cast,15,Construction Worker
495,13607,cast,16,Construction Worker
495,14543,cast,17,Construction Worker
495,11894,cast,18,Construction Worker
495,15003,cast,19,Construction Worker
495,8476,cast,20,Bus Passenger
495,2108,director,1,
495,2108,writer,1,
496,22807,cast,1,Annie
496,16491,cast,2,Charlie
496,7552,cast,3,Steve
496,594,cast,4,Peter
496,4109,cast,5,Charlie's Teacher
496,16745,cast,6,Mr. Davies
496,14717,cast,7,Bridget
496,9840,cast,8,Brendan
496,8632,cast,9,Student #1
496,2902,cast,10,Student #2
496,8785,cast,11,Spanish Speaking Woman
496,16657,cast,12,Translator
496,10223,cast,13,Group Leader
496,1298,cast,14,Joan
496,2934,cast,15,Aaron
496,24277,cast,16,Boy in Room
496,5176,cast,17,Man at Wake
496,23759,cast,18,History Teacher
496,1910,cast,19,Stoner #1
496,7564,cast,20,Stoner #2
496,1643,director,1,
496,1643,writer,1,
497,10859,cast,1,Nameless
497,22855,cast,2,Broken Sword
497,14630,cast,3,Flying Snow
497,24365,cast,4,Moon
497,4836,cast,5,King
497,5814,cast,6,Sky
497,24351,cast,7,Scholar
497,22460,cast,8,Old Servant
497,24004,cast,9,Prime Minister
497,3542,cast,10,General
497,23998,cast,11,Commander
497,14542,cast,12,Head Eunuch
497,11008,cast,13,Eunuch
497,23987,cast,14,Pianist
497,21168,cast,15,Musician
497,8799,cast,16,Seven Qin Guards
497,9136,cast,17,Seven Qin Guards
497,13740,cast,18,Seven Qin Guards
497,23970,cast,19,Seven Qin Guards
497,18215,cast,20,Seven Qin Guards
497,24074,director,1,
497,7060,writer,1,
497,24074,writer,2,
497,2549,writer,3,
498,22914,cast,1,Kingo Gondô
498,24235,cast,2,Aoki - the Chauffeur
498,22133,cast,3,Chief Detective Tokura
498,13382,cast,4,Reiko Gondô
498,22132,cast,5,Kawanishi - Gondô's Secretary
498,9517,cast,6,Detective Arai
498,12909,cast,7,Chief Detective 'Bos'n' Taguchi
498,22038,cast,8,Detective Nakao
498,22023,cast,9,Chief of Investigation Section
498,12328,cast,10,Kamiya - National Shoes Publicity Director
498,17371,cast,11,Ishimaru - National Shoes Design Department Director
498,24220,cast,12,Baba - National Shoes Executive
498,23016,cast,13,Ginjirô Takeuchi - Medical Intern
498,16538,cast,14,First Reporter
498,6250,cast,15,Factory Worker
498,15538,cast,16,Prison Warden
498,15519,cast,17,Shin'ichi Aoki
498,22913,cast,18,Jun Gondô
498,13244,cast,19,Second Reporter
498,13389,cast,20,First Creditor
498,311,director,1,
498,8972,writer,1,
498,20299,writer,2,
498,6248,writer,3,
498,311,writer,4,
498,6890,writer,5,
499,11391,cast,1,Rob Gordon
499,9296,cast,2,Laura
499,22616,cast,3,Dick
499,9631,cast,4,Barry Judd
499,14080,cast,5,Marie De Salle
499,3440,cast,6,Charlie Nicholson
499,11074,cast,7,Liz
499,22513,cast,8,Ian Raymond
499,3925,cast,9,Vince
499,2182,cast,10,Justin
499,13974,cast,11,Sarah Kendrew
499,11253,cast,12,Penny Hardwick
499,16992,cast,13,Caroline Fortis
499,20959,cast,14,Alison Jr. High
499,5921,cast,15,Rob Jr. High
499,13564,cast,16,Laura's Mom
499,20600,cast,17,Anaugh Moss
499,19205,cast,18,Barry's Customer
499,15668,cast,19,Beta Band Customer
499,2885,cast,20,Middle Aged Customer
499,21587,director,1,
499,17195,writer,1,
499,5963,writer,2,
499,21693,writer,3,
499,11391,writer,4,
499,20735,writer,5,
500,7644,cast,1,Marshal Will Kane
500,8246,cast,2,Amy Fowler Kane
500,22435,cast,3,Mayor Jonas Henderson
500,14155,cast,4,Deputy Marshal Harvey Pell
500,12689,cast,5,Helen Ramírez
500,17667,cast,6,Judge Percy Mettrick
500,14188,cast,7,Martin Howe
500,8680,cast,8,Sam Fuller
500,9268,cast,9,Frank Miller
500,6907,cast,10,Mildred Fuller
500,16739,cast,11,Dr. Mahin
500,8695,cast,12,Cooper
500,13730,cast,13,Jack Colby
500,19633,cast,14,Jim Pierce
500,21023,cast,15,Ben Miller
500,13677,cast,16,Boy
500,6749,cast,17,Townsman
500,2253,cast,18,Church Member
500,8415,cast,19,Fred
500,7788,cast,20,Townsman
500,7460,director,1,
500,3208,writer,1,
500,11687,writer,2,
501,4068,cast,1,Connor MacLeod
501,20771,cast,2,Ramirez
501,4181,cast,3,Kurgan
501,20098,cast,4,Brenda Wyatt
501,2128,cast,5,Heather
501,409,cast,6,Lt. Frank Moran
501,21030,cast,7,Rachel Ellenstein
501,11756,cast,8,Det. Walter Bedsoe
501,9173,cast,9,Sunda Kastagir
501,4073,cast,10,Kirk Matunas
501,18315,cast,11,Iman Fasil
501,2530,cast,12,Dugal MacLeod
501,9919,cast,13,Angus MacLeod
501,3489,cast,14,Kate
501,781,cast,15,Chief Murdoch
501,6214,cast,16,Garfield
501,10020,cast,17,Father Rainey
501,11366,cast,18,Kenny
501,9282,cast,19,Bassett
501,21298,cast,20,Hotchkiss
501,20212,director,1,
501,8338,writer,1,
501,18274,writer,2,
501,13477,writer,3,
502,3385,cast,1,Walter Burns
502,20034,cast,2,Hildy Johnson
502,18854,cast,3,Bruce Baldwin
502,7731,cast,4,Sheriff Hartwell
502,18706,cast,5,Murphy
502,6764,cast,6,Bensinger
502,4285,cast,7,Endicott
502,4196,cast,8,Mayor
502,20046,cast,9,McCue
502,7337,cast,10,Wilson
502,19091,cast,11,Sanders
502,56,cast,12,Louie
502,7359,cast,13,Duffy
502,11600,cast,14,Earl Williams
502,8819,cast,15,Mollie Malloy
502,833,cast,16,Mrs Baldwin
502,2526,cast,17,Joe Pettibone
502,17823,cast,18,Warden Cooley
502,6225,cast,19,Dr. Egelhoffer
502,9472,cast,20,Gus
502,9106,director,1,
502,3649,writer,1,
502,2196,writer,2,
502,3653,writer,3,
502,16757,writer,4,
503,17748,cast,1,Mom
503,16641,cast,2,Dad
503,18995,cast,3,Little Brother
503,931,cast,4,Big Brother
503,1978,cast,5,
503,17740,director,1,
503,17740,writer,1,
504,5369,cast,1,"Mr. Oscar, Le Banquier, La Mendiante"
504,6125,cast,2,Céline
504,6882,cast,3,Kay M
504,13380,cast,4,Eva Grace (Jean)
504,6367,cast,5,Léa (Élise)
504,10516,cast,6,Angèle
504,16269,cast,7,L'Homme à la tache de vin
504,13856,cast,8,"Le Dormeur, Voix Limousine"
504,16950,cast,9,La Petite Fille
504,19056,cast,10,L'Acrobate Mocap
504,24366,cast,11,La Cyber-Femme
504,7761,cast,12,"Le Photographe, Voix Limousine"
504,1382,cast,13,L'assistante photographe
504,6366,cast,14,
504,4438,cast,15,
504,12287,cast,16,
504,218,cast,17,
504,13608,cast,18,Voix Limousine
504,5175,cast,19,Voix Limousine
504,15645,cast,20,
504,13856,director,1,
504,13856,writer,1,
505,14552,cast,1,Kevin
505,11205,cast,2,Harry
505,4757,cast,3,Marv
505,11452,cast,4,Peter
505,19769,cast,5,Marley
505,3431,cast,6,Kate
505,1224,cast,7,Linnie
505,5479,cast,8,Buzz
505,7990,cast,9,Uncle Frank
505,8994,cast,10,Megan
505,11355,cast,11,Gus Polinski
505,13484,cast,12,Officer Balzak
505,16003,cast,13,Jeff
505,13302,cast,14,Heather
505,5517,cast,15,Sondra
505,10534,cast,16,Rod
505,13078,cast,17,Fuller
505,20838,cast,18,Tracy
505,1375,cast,19,Brook
505,22252,cast,20,Aunt Leslie
505,3877,director,1,
505,11469,writer,1,
506,14552,cast,1,Kevin
506,11205,cast,2,Harry
506,4757,cast,3,Marv
506,3431,cast,4,Kate
506,11452,cast,5,Peter
506,5479,cast,6,Buzz
506,8994,cast,7,Megan
506,15703,cast,8,Linnie
506,16003,cast,9,Jeff
506,7990,cast,10,Uncle Frank
506,22252,cast,11,Aunt Leslie
506,10534,cast,12,Rod
506,20838,cast,13,Tracy
506,5517,cast,14,Sondra
506,13078,cast,15,Fuller
506,1375,cast,16,Brooke
506,22483,cast,17,Concierge
506,2802,cast,18,Pigeon Lady
506,6065,cast,19,Mr. Duncan
506,4680,cast,20,Desk Clerk
506,3877,director,1,
506,11469,writer,1,
507,8738,cast,1,Self
507,17048,cast,2,Self
507,9219,cast,3,Self
507,14148,cast,4,Self
507,16814,cast,5,Self
507,16819,cast,6,Self
507,23224,cast,7,Self
507,712,cast,8,Self
507,784,cast,9,Self
507,7609,cast,10,Self
507,14149,cast,11,Self
507,20339,cast,12,Self
507,22061,director,1,
507,14147,director,2,
507,22061,writer,1,
507,14147,writer,2,
508,23787,cast,1,Self
508,1739,cast,2,Self
508,6575,cast,3,Self - William's Mother
508,4537,cast,4,Self - William's Brother
508,21027,cast,5,Self - Arthur's Mother
508,1744,cast,6,Self - Arthur's Father
508,6009,cast,7,Self - Talent Scout
508,7733,cast,8,Self - High School Basketball Coach
508,9523,cast,9,Self - Professional Basketball Player
508,15289,cast,10,Self - High School Guidance Counselor
508,2435,cast,11,Self - Television Reporter
508,17862,cast,12,Self - President: Encyclopedia Brittanica
508,15163,cast,13,Self - High School Guidance Counselor
508,14490,cast,14,Self - High School Basketball Coach
508,1641,cast,15,Self - High School Guidance Counselor
508,20957,cast,16,Self - Arthur's Friend
508,22774,cast,17,Self - Arthur's Sister
508,11225,cast,18,Self - Arthur's Brother
508,10347,cast,19,Self - Tomika's Daughter and Arthur's Niece
508,3430,cast,20,Self - William's Girlfriend
508,21678,director,1,
509,1075,cast,1,Anja
509,21534,cast,2,Tomas
509,6441,cast,3,Julie
509,690,cast,4,Erlend
509,4758,cast,5,Isak
509,6272,cast,6,Henrik
509,21527,cast,7,Simon
509,5611,cast,8,Ada
509,6271,cast,9,Anja's Father
509,8142,cast,10,Vera
509,618,cast,11,Arthur
509,11282,cast,12,Frans
509,15583,cast,13,Jon
509,13306,cast,14,Family doctor
509,22244,cast,15,Chaplain
509,9402,cast,16,Oncologist #1
509,14994,cast,17,On call oncologist #2
509,8504,cast,18,Oncologist #3
509,18231,cast,19,Neurosurgeon
509,13228,cast,20,Pulmonary doctor
509,14989,director,1,
509,14989,writer,1,
510,20628,cast,1,Grace
510,5025,cast,2,Clive
510,20806,cast,3,Bill
510,7961,cast,4,Sue
510,20491,cast,5,Dawn
510,5460,cast,6,Mac
510,21877,cast,7,Molly
510,10429,cast,8,Bruce
510,9245,cast,9,Grandfather George
510,1453,cast,10,Grandma
510,10887,cast,11,Faith
510,913,cast,12,Hope
510,12642,cast,13,Charity
510,4359,cast,14,Clive's Pal
510,21038,cast,15,WVS Woman
510,7947,cast,16,Headmaster
510,2049,cast,17,Teacher
510,17223,cast,18,Roger
510,11143,cast,19,Roger's Gang
510,17144,cast,20,Roger's Gang
510,11336,director,1,
510,11336,writer,1,
511,5712,cast,1,Paul Rusesabagina
511,21420,cast,2,Tatiana Rusesabagina
511,11131,cast,3,Jack Daglish
511,23983,cast,4,Policeman
511,5470,cast,5,Dube
511,8489,cast,6,George Rutaganda
511,22852,cast,7,Gregoire
511,20070,cast,8,Receptionist
511,17087,cast,9,Jean Jacques
511,14548,cast,10,Head Chef
511,17207,cast,11,Colonel Oliver
511,6991,cast,12,General Bizimungu
511,10692,cast,13,Old Guard
511,13676,cast,14,Odette
511,1583,cast,15,Thomas Mirama
511,13756,cast,16,Fedens
511,13059,cast,17,Anais
511,13857,cast,18,Carine
511,16768,cast,19,Elys Rusesabagina
511,15580,cast,20,Diane Rusesabagina
511,22259,director,1,
511,12767,writer,1,
511,22259,writer,2,
512,24365,cast,1,Xiao Mei
512,22037,cast,2,Jin
512,1199,cast,3,Leo
512,4688,cast,4,Yee
512,9069,cast,5,Constable
512,12321,cast,6,Constable
512,21175,cast,7,Performer
512,11018,cast,8,Performer
512,24337,cast,9,Performer
512,24114,cast,10,Constable
512,5794,cast,11,Performer
512,18741,cast,12,Performer
512,23989,cast,13,Performer
512,14075,cast,14,Performer
512,9072,cast,15,Performer
512,23617,cast,16,Performer
512,4646,cast,17,Performer
512,23971,cast,18,Performer
512,24081,cast,19,Performer
512,24079,cast,20,Performer
512,24074,director,1,
512,7060,writer,1,
512,2549,writer,2,
512,24074,writer,3,
513,10637,cast,1,Kathy
513,2200,cast,2,Behrani
513,19948,cast,3,Lester
513,7190,cast,4,Connie Walsh
513,13101,cast,5,Carol Burdon
513,21160,cast,6,Nadi
513,11780,cast,7,Esmail
513,17040,cast,8,Soraya
513,3265,cast,9,Lt. Alvarez
513,13070,cast,10,Ali
513,9865,cast,11,Yasmin
513,20488,cast,12,Little Soraya
513,15677,cast,13,Little Esmail
513,16887,cast,14,Wedding Guest
513,16944,cast,15,Wedding Guest
513,15185,cast,16,Wedding Guest
513,14866,cast,17,Mendez
513,351,cast,18,Torez
513,281,cast,19,Tran
513,12095,cast,20,Kathy's Mom
513,23120,director,1,
513,1051,writer,1,
513,23120,writer,2,
513,21012,writer,3,
514,23553,cast,1,Mr. Gruffydd
514,15706,cast,2,Angharad Morgan
514,1351,cast,3,Bronwyn
514,5761,cast,4,Mr. Gwilym Morgan
514,19825,cast,5,Huw Morgan
514,11515,cast,6,Ianto Morgan
514,20595,cast,7,Mrs. Beth Morgan
514,2079,cast,8,Cyfartha
514,17825,cast,9,Ivor Morgan
514,23623,cast,10,Singers
514,16766,cast,11,Mr. Jonas
514,1780,cast,12,Mr. Parry
514,1300,cast,13,Ceinwen
514,7493,cast,14,Dr. Richards
514,19273,cast,15,Davy Morgan
514,6895,cast,16,Gwilym Morgan Jr.
514,10023,cast,17,Owen Morgan
514,19176,cast,18,Dai Bando
514,14069,cast,19,Evans
514,6834,cast,20,Mrs. Nicholas
514,11423,director,1,
514,18501,writer,1,
514,19319,writer,2,
515,18427,cast,1,Self - Bond Trader
515,13493,cast,2,Self - Writer
515,9462,cast,3,Self - Retired Chemist
515,2650,cast,4,Self - PR Executive
515,6042,cast,5,Self - Mayor of New York
515,4945,cast,6,Self - Gay Rights Attorney
515,10922,cast,7,Self - Experimental Playwright
515,1312,cast,8,Self - Former New York News Producer
515,8313,cast,9,Self - Video Artist
515,2410,cast,10,Self - DJ
515,21444,cast,11,Self - Actor
515,2055,cast,12,Self - AIDS Physician
515,7401,cast,13,Self - Teenager
515,15212,cast,14,Self - Film Archivist
515,15591,cast,15,"Self - AMFAR, The Foundation for AIDS Research"
515,10807,cast,16,Self - R - North Carolina
515,1504,cast,17,Self
515,5448,cast,18,Self - Bookstore Clerk
515,23431,cast,19,Self - Film Historian
515,22393,cast,20,Self - Crossfire
515,5004,director,1,
515,5004,writer,1,
515,23934,writer,2,
515,23051,writer,3,
515,11831,writer,4,
515,10677,writer,5,
515,21631,writer,6,
516,10308,cast,1,Hiccup
516,7967,cast,2,Stoick
516,4082,cast,3,Fishlegs
516,4487,cast,4,Gobber
516,918,cast,5,Astrid
516,11771,cast,6,Snotlout
516,22582,cast,7,Tuffnut
516,13294,cast,8,Ruffnut
516,19771,cast,9,Ack
516,18522,cast,10,Starkard
516,13081,cast,11,Hoark the Haggard
516,1814,cast,12,Phlegma the Fierce
516,5184,cast,13,Spitelout
516,18934,cast,14,"Dragons, Toothless"
516,5248,director,1,
516,3929,director,2,
516,23770,writer,1,
516,5248,writer,2,
516,3929,writer,3,
516,4505,writer,4,
516,14802,writer,5,
516,82,writer,6,
517,1516,cast,1,Henry Wilcox
517,6588,cast,2,Margaret Schlegel
517,23198,cast,3,Ruth Wilcox
517,8838,cast,4,Helen Schlegel
517,11953,cast,5,Paul Wilcox
517,18733,cast,6,Aunt Juley
517,163,cast,7,Tibby Schlegel
517,11038,cast,8,Annie
517,10082,cast,9,Charles Wilcox
517,10620,cast,10,Evie Wilcox
517,9266,cast,11,Station Master
517,20521,cast,12,Leonard Bast
517,15484,cast,13,Pianist
517,21219,cast,14,Man Asking a Question
517,21892,cast,15,Dolly Wilcox
517,17232,cast,16,Jacky Bast
517,15258,cast,17,Luncheon Guests
517,1170,cast,18,Luncheon Guests
517,1410,cast,19,Luncheon Guests
517,6576,cast,20,Luncheon Guests
517,9980,director,1,
517,6499,writer,1,
517,20240,writer,2,
518,3815,cast,1,Sophie
518,22045,cast,2,Howl
518,22131,cast,3,Calcifer
518,285,cast,4,Witch of the Waste
518,20295,cast,5,Markl
518,16610,cast,6,Page
518,24087,cast,7,"Turnip Head, Soldier B"
518,301,cast,8,King
518,4583,cast,9,"Heen, Mayor"
518,8709,cast,10,Suliman
518,14680,cast,11,Page
518,14734,cast,12,
518,12762,cast,13,Bessie
518,24045,cast,14,Lettie
518,20821,cast,15,
518,9019,cast,16,
518,15804,cast,17,Honey
518,19439,cast,18,Madge
518,13248,cast,19,
518,322,cast,20,
518,8747,director,1,
518,5524,writer,1,
518,8747,writer,2,
519,1801,cast,1,Hugo Cabret
519,3837,cast,2,Isabelle
519,4069,cast,3,Monsieur Labisse
519,2200,cast,4,Georges Méliès
519,20316,cast,5,Station Inspector
519,18993,cast,6,Uncle Claude
519,6551,cast,7,Lisette
519,8821,cast,8,Mama Jeanne
519,16205,cast,9,Rene Tabard
519,7188,cast,10,Madame Emilie
519,19280,cast,11,Monsieur Frick
519,12150,cast,12,Hugo's Father
519,13012,cast,13,Policeman
519,8378,cast,14,Young Tabard
519,20994,cast,15,Street Kid
519,6518,cast,16,Django Reinhardt
519,1265,cast,17,Theatre Manager
519,6139,cast,18,Camera Technician
519,15765,cast,19,Train Engineer
519,14856,cast,20,Train Engineer Assistant
519,15383,director,1,
519,11517,writer,1,
519,2892,writer,2,
520,16062,cast,1,Bobby Sands
520,13934,cast,2,Father Dominic Moran
520,21774,cast,3,Raymond Lohan
520,13406,cast,4,Raymond's Wife
520,2880,cast,5,Davey Gillen
520,13939,cast,6,Gerry Campbell
520,12503,cast,7,Gerry's Girlfriend
520,7349,cast,8,The Governor
520,13417,cast,9,William
520,8820,cast,10,Mrs Sands
520,5465,cast,11,Mr Sands
520,7755,cast,12,Bearded Man
520,20020,cast,13,Priest
520,2211,cast,14,"Riot Prison Officer, Stephen Graves"
520,8837,cast,15,Raymond's Mother
520,17709,cast,16,Hitman
520,2516,cast,17,Chief Medical Officer
520,4139,cast,18,Twelve Year Old Bobby
520,2568,cast,19,Loyalist Orderly
520,13472,cast,20,Prison Guard
520,21687,director,1,
520,6612,writer,1,
520,21687,writer,2,
521,5975,cast,1,Self
521,16921,cast,2,Self
521,16921,director,1,
522,20875,cast,1,Alberto
522,20399,cast,2,Mariano
522,11910,cast,3,Pedro
522,18960,cast,4,Enrique
522,14494,cast,5,"Maria, Betty"
522,10367,cast,6,Jim
522,475,cast,7,Ángel
522,24361,cast,8,Gloria
522,7021,cast,9,
522,19760,cast,10,Bob
522,14960,cast,11,
522,2021,cast,12,
522,10854,cast,13,
522,14453,cast,14,Teresa
522,15118,cast,15,Pablo
522,22857,cast,16,
522,8776,cast,17,
522,20065,cast,18,
522,19768,cast,19,
522,19755,cast,20,
522,16445,director,1,
522,6630,writer,1,
522,24067,writer,2,
523,22473,cast,1,Emma Recchi
523,7122,cast,2,Edoardo Recchi Junior
523,6148,cast,3,Antonio Biscaglia
523,13976,cast,4,Liliana Macedo
523,14981,cast,5,Ida Marangon
523,3801,cast,6,Anita Toffoli
523,10972,cast,7,João Macedo
523,434,cast,8,Elisabetta Recchi
523,18668,cast,9,Tancredi Recchi
523,15685,cast,10,Gianluca Recchi
523,15143,cast,11,Allegra Rori Recchi
523,7569,cast,12,Edoardo Recchi Senior
523,8094,cast,13,Rachele Piermarini
523,18593,cast,14,Sig. Gratieni
523,4240,cast,15,Sig.ra Gratieni
523,6501,cast,16,Gregorio Sanfelice
523,7590,cast,17,Beatrice Tavecchia
523,18592,cast,18,Pierluigi Manni
523,5530,cast,19,Eva Ugolini
523,15397,cast,20,Delfina Sanfelice
523,14345,director,1,
523,2002,writer,1,
523,9549,writer,2,
523,23535,writer,3,
523,14345,writer,4,
524,20512,cast,1,Narration
524,9885,cast,2,Self
524,15369,cast,3,Self
524,14706,cast,4,Self
524,15814,cast,5,Self
524,19585,cast,6,Self
524,8644,cast,7,Self
524,18113,cast,8,Self
524,5545,cast,9,Self
524,8461,cast,10,Self - Black Panther Party
524,2624,cast,11,Self
524,13671,cast,12,Self - White Citizens Council
524,21217,cast,13,Various Roles
524,18971,cast,14,Self
524,5837,cast,15,Various Roles
524,7644,cast,16,Frank Flannagan
524,22828,cast,17,John 'Joker' Jackson
524,4303,cast,18,Tump Redwine (clip from They Won't Forget (1937))
524,11073,cast,19,Bonnie
524,19823,cast,20,Gillespie
524,18940,director,1,
524,9885,writer,1,
524,18940,writer,2,
525,13715,cast,1,Self (archive material)
525,8824,cast,2,Self (archive material)
525,23606,cast,3,Self
525,13503,cast,4,Self
525,12166,cast,5,Self
525,12407,cast,6,Self
525,2259,cast,7,Self
525,18116,cast,8,Self
525,2529,cast,9,Self
525,336,cast,10,Self
525,451,cast,11,Self
525,13504,cast,12,Self
525,3695,cast,13,Self
525,13767,cast,14,Self
525,19973,cast,15,Self
525,10773,cast,16,Self
525,12566,director,1,
525,12566,writer,1,
525,10790,writer,2,
526,1399,cast,1,Chantale Lemming
526,23957,cast,2,Hubert Minel
526,7257,cast,3,Antonin Rimbaud
526,21901,cast,4,Julie Cloutier
526,17860,cast,5,Hélène Rimbaud
526,17279,cast,6,Éric
526,16705,cast,7,Denise
526,18607,cast,8,Richard Minel
526,12372,cast,9,Jeune Hubert
526,2269,cast,10,Directeur du pensionnat
526,11280,cast,11,Enseignante au pensionnat
526,9190,cast,12,Pensionnaire agressif #1
526,7223,cast,13,Pensionnaire agressif #2
526,17787,cast,14,Professeur d'arts
526,6527,cast,15,Élève #1
526,13604,cast,16,Élève #2
526,15584,cast,17,Jeune amant d'Hélène
526,15075,cast,18,Serveuse casse-croûte
526,14770,cast,19,Propriétaire de l'appartement
526,2396,cast,20,Caissière club vidéo
526,23957,director,1,
526,23957,writer,1,
527,23641,cast,1,Joan Webster
527,19890,cast,2,Torquil MacNeil
527,7798,cast,3,Mr. Webster
527,23542,cast,4,Hunter
527,5947,cast,5,Capt. 'Lochinvar'
527,9287,cast,6,Iain MacGillivray
527,7100,cast,7,Ruairidh Mhór
527,16796,cast,8,Kenny
527,14937,cast,9,Bridie
527,4544,cast,10,Col. Barnstaple
527,17726,cast,11,Catriona Potts
527,5780,cast,12,Shepherd
527,11602,cast,13,Old Shepherd
527,5949,cast,14,His Son
527,10369,cast,15,Postmistress
527,17460,cast,16,Sir Robert Bellinger
527,12269,cast,17,Peigi
527,1503,cast,18,Hooper
527,18461,cast,19,Cheril
527,496,cast,20,Martin
527,16169,director,1,
527,6506,director,2,
527,16169,writer,1,
527,6506,writer,2,
528,13688,cast,1,"Soo-hyeon, Joo-yeon's fiancé"
528,3853,cast,2,Jang Kyung-chul
528,10684,cast,3,Squad Chief Jang
528,9040,cast,4,Section Chief Oh
528,20526,cast,5,Joo-yeon
528,13146,cast,6,Se-yeon
528,16724,cast,7,Tae-joo
528,9379,cast,8,Se-jung
528,13119,cast,9,Planning team deputy head
528,13709,cast,10,Agent
528,5436,cast,11,Detective Kang
528,3767,cast,12,Detective Park
528,16825,cast,13,Detective Jo
528,21992,cast,14,Detective Eom
528,20754,cast,15,Woman on bus
528,3851,cast,16,Planning director
528,12469,cast,17,Park Han-gi
528,24120,cast,18,"Jjang-goo, Bulging head"
528,20843,cast,19,Woman at pension
528,9228,cast,20,Junior high female student 1
528,10535,director,1,
528,17768,writer,1,
528,10535,writer,2,
529,12367,cast,1,Owen
529,9663,cast,2,Maddy
529,9257,cast,3,Young Owen
529,8841,cast,4,Isabel
529,14049,cast,5,Tara
529,4785,cast,6,Brenda
529,7433,cast,7,Frank
529,4392,cast,8,Dave
529,6585,cast,9,"Mr. Melancholy, Marco, Amanda"
529,14574,cast,10,Polo
529,901,cast,11,Johnny Link's Mom
529,439,cast,12,Mr. Sprinkly
529,16003,cast,13,Neighbor 1
529,4827,cast,14,Neighbor 2
529,22537,cast,15,Lance
529,23050,cast,16,Cade
529,6407,cast,17,Drive-Thru Kid
529,15288,cast,18,Brenda's Friend
529,8506,cast,19,Sloppy Jane Band Member
529,18836,cast,20,Sloppy Jane Band Member
529,10166,director,1,
529,10166,writer,1,
530,9433,cast,1,
530,12522,director,1,
530,14845,director,2,
530,12522,writer,1,
530,14845,writer,2,
531,476,cast,1,Alberto
531,7249,cast,2,Fausto Moretti
531,7251,cast,3,Moraldo Rubini
531,13855,cast,4,Leopoldo Vannucci
531,19200,cast,5,Riccardo
531,13852,cast,6,Sandra Rubini
531,10368,cast,7,Francesco Moretti
531,4216,cast,8,Olga
531,3248,cast,9,Michele Curti
531,6625,cast,10,Signor Rubini
531,17749,cast,11,Signora Rubini
531,13957,cast,12,Giulia Curti
531,1674,cast,13,La sconosciuta del cinema
531,23404,cast,14,Gisella
531,14665,cast,15,Caterina
531,70,cast,16,Sergio Natali
531,8359,cast,17,Guido
531,21242,cast,18,Giudizio
531,16503,cast,19,L'amica di Riccardo
531,6632,cast,20,Un ragazzo al carnevale
531,7037,director,1,
531,7037,writer,1,
531,6618,writer,2,
531,23028,writer,3,
532,5371,cast,1,Diego
532,11509,cast,2,Sid
532,18989,cast,3,Manfred
532,8210,cast,4,Soto
532,9631,cast,5,Zeke
532,3482,cast,6,Carl
532,21619,cast,7,"Frank, Start"
532,5581,cast,8,Oscar
532,421,cast,9,"Lenny, Oscar, Dab"
532,14243,cast,10,Jennifer
532,10158,cast,11,Rachel
532,18264,cast,12,"Dodo, Macrauchenia"
532,18675,cast,13,Dodo
532,12039,cast,14,"Dodo, Aardvark"
532,3941,cast,15,"Dodo, Scrat"
532,5427,cast,16,Glyptodon
532,16617,cast,17,Glyptodont
532,22107,cast,18,"Roshan, Start"
532,15596,cast,19,Nadia
532,3941,director,1,
532,3276,director,2,
532,16103,writer,1,
532,15985,writer,2,
532,18264,writer,3,
532,9894,writer,4,
532,5882,writer,5,
532,10577,writer,6,
532,16211,writer,7,
532,7603,writer,8,
532,23965,writer,9,
533,195,cast,1,Wanda
533,196,cast,2,Anna
533,5232,cast,3,Lis
533,10787,cast,4,Szymon
533,102,cast,5,Feliks
533,8512,cast,6,Mother Superior
533,11105,cast,7,Singer
533,5847,cast,8,Kaska
533,16959,cast,9,Bronia
533,190,cast,10,Marysia
533,15155,cast,11,Barman
533,9575,cast,12,Waitress
533,1788,cast,13,Policeman
533,1343,cast,14,Neighbour
533,10130,cast,15,Father Andrew
533,13261,cast,16,Official
533,18165,cast,17,Prosecutor
533,1789,cast,18,Wanda's Lover
533,13326,cast,19,Pianist
533,18659,cast,20,Bass Player
533,18166,director,1,
533,18166,writer,1,
533,19043,writer,2,
534,15911,cast,1,Magdalena
534,5040,cast,2,Miguel
534,12122,cast,3,Jesús
534,998,cast,4,Olivia
534,1689,cast,5,Rigo
534,13538,cast,6,Chuya
534,12129,cast,7,Agente Ministerio Público 1
534,23978,cast,8,Pedro
534,10834,cast,9,Enfermera
534,14973,cast,10,Químico Forense
534,19193,cast,11,Agente Estatal
534,12294,cast,12,Técnico Forense
534,9335,cast,13,Diego Niño
534,21859,cast,14,Agente ICE
534,11883,cast,15,Vendedor Central Autobuses
534,4551,cast,16,Secretaria Autobús del Norte
534,3279,cast,17,Encargado Casa de Migrantes
534,2331,cast,18,Regis
534,3304,cast,19,Regis
534,20517,cast,20,Hombre Armado en Retén
534,7071,director,1,
534,7071,writer,1,
534,1851,writer,2,
535,13085,cast,1,Tish Rivers
535,21538,cast,2,Alonzo 'Fonny' Hunt
535,19077,cast,3,Sharon Rivers
535,22305,cast,4,Ernestine Rivers
535,4383,cast,5,Joseph Rivers
535,6820,cast,6,Young Fonny
535,16465,cast,7,Young Tish
535,6015,cast,8,Adrienne Hunt
535,5696,cast,9,Sheila Hunt
535,15978,cast,10,Frank Hunt
535,1892,cast,11,Mrs. Hunt
535,5587,cast,12,Pedrocito
535,6557,cast,13,Victoria Rogers
535,6050,cast,14,Officer Bell
535,7102,cast,15,Hayward
535,2900,cast,16,Daniel Carty
535,3220,cast,17,Black Cat #1
535,20922,cast,18,Black Cat #2
535,16224,cast,19,White Man
535,4904,cast,20,Levy
535,2086,director,1,
535,2086,writer,1,
535,9885,writer,2,
536,22023,cast,1,Kanji Watanabe
536,17370,cast,2,"Mitsuo Watanabe, Kanji's son"
536,21103,cast,3,Kimura
536,8716,cast,4,Sakai
536,16538,cast,5,Noguchi
536,16451,cast,6,"Toyo Odagiri, employee"
536,2696,cast,7,Ohara
536,16542,cast,8,Subordinate Clerk Saito
536,12454,cast,9,Sub-Section Chief Ono
536,14678,cast,10,"Kiichi Watanabe, Kanji's Brother"
536,17371,cast,11,Deputy Mayor
536,1866,cast,12,Patient
536,9517,cast,13,Intern
536,15538,cast,14,Doctor
536,24220,cast,15,Novelist
536,13341,cast,16,"Tatsu Watanabe, Kiichi's Wife"
536,6253,cast,17,Housewife
536,17426,cast,18,Housewife
536,24041,cast,19,Bar Hostess
536,13162,cast,20,Housewife
536,311,director,1,
536,311,writer,1,
536,21117,writer,2,
536,8972,writer,3,
537,24019,cast,1,Hwee Leng
537,22459,cast,2,Teck
537,1243,cast,3,Terry
537,10871,cast,4,Jiale
537,18443,cast,5,Discipline Master
537,11039,cast,6,School Principal
537,16930,cast,7,English Teacher (Mrs Ong)
537,21558,cast,8,Teacher
537,10872,cast,9,Teacher
537,24341,cast,10,Teacher
537,20756,cast,11,Teacher
537,10026,cast,12,Teacher
537,21403,cast,13,Teacher
537,21299,cast,14,Teacher
537,261,cast,15,Teacher
537,12452,cast,16,Teacher
537,5347,cast,17,Fat Boy
537,1980,cast,18,Prefect
537,23614,cast,19,Classmate
537,23611,cast,20,Classmate
537,1490,director,1,
537,1490,writer,1,
538,16269,cast,1,Gilbert Valence
538,3419,cast,2,Marguerite
538,11526,cast,3,"John Crawford, Film Director"
538,1558,cast,4,George
538,13848,cast,5,Sylvia
538,13850,cast,6,Marie
538,19196,cast,7,Guard
538,10444,cast,8,Doctor
538,177,cast,9,Ferdinand
538,21969,cast,10,Ariel
538,9493,cast,11,Milkmaid
538,1173,cast,12,Stephen
538,19559,cast,13,Haines
538,10413,cast,14,Serge
538,15733,cast,15,"Guilhermine, the Housekeeper"
538,23204,cast,16,Organ Grinder
538,9801,cast,17,Friend of the Agent
538,1695,cast,18,Second Friend of the Agent
538,10371,cast,19,Waiter
538,3954,cast,20,Bistro Patron
538,14752,director,1,
538,14752,writer,1,
538,6850,writer,2,
538,9801,writer,3,
538,23845,writer,4,
538,9985,writer,5,
539,13425,cast,1,Lora Meredith
539,11437,cast,2,Steve Archer
539,20543,cast,3,Susie (16)
539,21858,cast,4,Sarah Jane (18)
539,19499,cast,5,Allen Loomis
539,4659,cast,6,David Edwards
539,12139,cast,7,Annie Johnson
539,12526,cast,8,Sarah Jane (8)
539,22256,cast,9,Susie (6)
539,11684,cast,10,Young Man
539,13697,cast,11,Photographer
539,1317,cast,12,Showgirl
539,22996,cast,13,Frankie
539,20545,cast,14,Annette
539,5187,cast,15,Mr. McKenney
539,11239,cast,16,Minister
539,9721,cast,17,Tom
539,2531,cast,18,Fat Man on Beach
539,14655,cast,19,Teacher
539,22312,cast,20,Romano
539,5908,director,1,
539,6308,writer,1,
539,811,writer,2,
539,6995,writer,3,
540,16375,cast,1,Anton
540,22985,cast,2,Marianne
540,15274,cast,3,Elias
540,23677,cast,4,Najeeb
540,6095,cast,5,Patient
540,6552,cast,6,Sygeplejerske
540,7565,cast,7,Læge
540,12339,cast,8,Sygeplejerske
540,15485,cast,9,Patient
540,5989,cast,10,Gammel dame
540,23803,cast,11,Christian
540,23089,cast,12,Claus
540,6480,cast,13,Signe
540,20680,cast,14,Hanna
540,3153,cast,15,Eva
540,21272,cast,16,Sofus
540,6520,cast,17,Sofus' skolekammerat
540,15344,cast,18,Niels
540,22626,cast,19,Morten
540,1210,cast,20,Hanne
540,21883,director,1,
540,1036,writer,1,
540,21883,writer,2,
540,18233,writer,3,
541,4354,cast,1,Ray
541,2810,cast,2,Ken
541,4140,cast,3,Priest
541,6380,cast,4,Natalie
541,20154,cast,5,Ticket Seller
541,17580,cast,6,Film Director
541,15191,cast,7,Overweight Man
541,1301,cast,8,Overweight Woman #2
541,10431,cast,9,Policeman
541,18863,cast,10,Harry
541,6664,cast,11,Yuri
541,24317,cast,12,Canadian Guy
541,20319,cast,13,Imamoto
541,1354,cast,14,Denise
541,14290,cast,15,Harry's Child #3
541,4266,cast,16,Chloe
541,11872,cast,17,Jimmy
541,10694,cast,18,Eirik
541,22343,cast,19,Marie
541,22352,cast,20,Boy in Church
541,15373,director,1,
541,15373,writer,1,
542,8473,cast,1,Jae-won
542,13703,cast,2,Sangok
542,9520,cast,3,Seung-won's girlfriend
542,24219,cast,4,Jeongok
542,9067,director,1,
542,9067,writer,1,
543,22752,cast,1,Matt Fowler
543,21304,cast,2,Ruth Fowler
543,17217,cast,3,Frank Fowler
543,15146,cast,4,Natalie Strout
543,23816,cast,5,Richard Strout
543,23866,cast,6,Willis Grinnel
543,3494,cast,7,Katie Grinnel
543,12495,cast,8,Marla Keyes
543,7386,cast,9,Henry
543,23479,cast,10,Carl
543,12368,cast,11,Tim Bryson
543,22254,cast,12,District Attorney
543,11844,cast,13,Father McCasslin
543,5529,cast,14,Davis' Assistant
543,3135,cast,15,Jason Strout
543,4026,cast,16,Duncan Strout
543,8894,cast,17,"Young Frank, Rockland T-Ball"
543,5278,cast,18,Janelle
543,8623,cast,19,Alma Adamson
543,2428,cast,20,Elwyn Adamson
543,22611,director,1,
543,1050,writer,1,
543,19588,writer,2,
543,22611,writer,3,
544,21217,cast,1,Det. Virgil Tibbs
544,19823,cast,2,Chief Bill Gillespie
544,23583,cast,3,Officer Sam Wood
544,13698,cast,4,Mrs. Colbert
544,13480,cast,5,Eric Endicott
544,10036,cast,6,Mr. Purdy
544,23843,cast,7,Mayor Schubert
544,2125,cast,8,Mama Caleba
544,18450,cast,9,Courtney
544,12958,cast,10,Henderson
544,13474,cast,11,Watkins
544,15602,cast,12,Packy Harrison
544,1768,cast,13,Ulam
544,7454,cast,14,Dr. Stuart
544,18749,cast,15,Delores Purdy
544,20748,cast,16,Harvey Oberst
544,22545,cast,17,Shagbag
544,23861,cast,18,McNeil
544,6298,cast,19,Charles Hawthorne
544,21780,cast,20,Shuie
544,17451,director,1,
544,21754,writer,1,
544,11313,writer,2,
545,4297,cast,1,Frank Horrigan
545,11526,cast,2,Mitch Leary
545,19130,cast,3,Lilly Raines
545,5982,cast,4,Al D'Andrea
545,7642,cast,5,Bill Watts
545,7455,cast,6,Harry Sargent
545,11525,cast,7,Sam Campagna
545,8321,cast,8,Matt Wilder
545,10918,cast,9,President
545,20382,cast,10,First Lady
545,4325,cast,11,Jack Okura
545,21676,cast,12,Tony Carducci
545,22592,cast,13,Mendoza
545,2652,cast,14,Jimmy Hendrickson
545,12114,cast,15,Raul
545,6478,cast,16,Booth's Landlady
545,1778,cast,17,Paramedic
545,17926,cast,18,Pam Magnus
545,15502,cast,19,Sally
545,20254,cast,20,LAPD Brass
545,23912,director,1,
545,10568,writer,1,
546,22692,cast,1,Simon Foster
546,18294,cast,2,Malcolm Tucker
546,9959,cast,3,Lt. Gen. George Miller
546,8672,cast,4,Civil Servant
546,20472,cast,5,Malcolm's Secretary
546,8087,cast,6,Judy Molloy
546,17571,cast,7,Suzy
546,3862,cast,8,Toby Wright
546,10059,cast,9,Michael Rodgers
546,24275,cast,10,Chad
546,16509,cast,11,Karen Clark
546,1335,cast,12,Liza Weld
546,6636,cast,13,Bob Adriano
546,14396,cast,14,Reporter
546,9932,cast,15,Reporter
546,5137,cast,16,Linton Barwick
546,19093,cast,17,Airport Security Man
546,11723,cast,18,A.J. Brown
546,3830,cast,19,Annabelle Hsin
546,5330,cast,20,White House Tourist
546,1690,director,1,
546,10795,writer,1,
546,21256,writer,2,
546,1690,writer,3,
546,22873,writer,4,
547,14630,cast,1,Su Li-zhen - Mrs. Chan
547,22855,cast,2,Chow Mo-wan
547,21306,cast,3,Ah Ping
547,23032,cast,4,Man living in Mr. Koo's apartment
547,19045,cast,5,Mrs. Suen
547,12823,cast,6,Mr. Ho
547,14731,cast,7,Mr. Koo
547,12450,cast,8,Mrs. Koo
547,21976,cast,9,Amah
547,18161,cast,10,Mrs. Chow
547,20105,cast,11,Mr. Chan
547,18681,cast,12,
547,9134,cast,13,
547,12280,cast,14,French tourist
547,13606,cast,15,French reporter
547,3605,cast,16,Self (1966 visit to Cambodia)
547,12483,director,1,
547,12483,writer,1,
548,4716,cast,1,Gerry Conlon
548,18260,cast,2,Giuseppe Conlon
548,1486,cast,3,Danny
548,6588,cast,4,Gareth Peirce
548,7410,cast,5,Tommo
548,766,cast,6,Girl in Pub
548,18511,cast,7,Guildford Soldier
548,17486,cast,8,IRA Man 1
548,18111,cast,9,Soldier
548,12242,cast,10,Soldier
548,21786,cast,11,Soldier
548,11031,cast,12,Bin Lady
548,12497,cast,13,Female Rioter
548,20761,cast,14,IRA Man 2
548,2514,cast,15,IRA Man 3
548,15705,cast,16,Mother
548,10164,cast,17,Girl with Baby
548,13591,cast,18,Boy in Riot
548,10268,cast,19,Boy in Riot
548,12829,cast,20,Young Girl
548,10959,director,1,
548,7993,writer,1,
548,22259,writer,2,
548,10959,writer,3,
549,20179,cast,1,Self
549,14121,cast,2,Self
549,16530,cast,3,Self
549,23624,cast,4,Self
549,24080,cast,5,Self
549,24042,cast,6,Self
549,13932,cast,7,Self
549,22340,cast,8,Self
549,5521,cast,9,Self
549,105,cast,10,Self
549,5235,cast,11,Self
549,17274,cast,12,Self
549,552,cast,13,Self
549,2429,cast,14,Self
549,1504,cast,15,Self
549,23966,cast,16,Self
549,3764,cast,17,Self
549,19689,cast,18,Self
549,5786,cast,19,Self
549,16921,cast,20,Narrator
549,16921,director,1,
550,458,director,1,
550,14523,director,2,
550,5194,director,3,
550,17113,director,4,
550,2229,director,5,
551,14335,cast,1,Nawal Marwan
551,15876,cast,2,Jeanne Marwan
551,15767,cast,3,Simon Marwan
551,16813,cast,4,"Barbier de la Milice, Officer Milice Chrétienne"
551,9220,cast,5,Nihad (5 Ans)
551,19107,cast,6,Notaire Jean Lebel
551,5682,cast,7,Professeur Niv Cohen
551,7475,cast,8,Médecin a L'urgence
551,8525,cast,9,Wahab
551,221,cast,10,Bassem Marwan
551,1970,cast,11,Nicolas Marwan
551,14669,cast,12,Grand-mére de Nawal
551,1846,cast,13,Sage-Femme
551,11406,cast,14,Professeur Saïd Haidar
551,16855,cast,15,Secrétaire Université
551,3551,cast,16,Professeur Université
551,1933,cast,17,Universitaire #1
551,936,cast,18,Universitaire #2
551,12098,cast,19,Étudiante Journaliste
551,3498,cast,20,Journaliste Française
551,5381,director,1,
551,23491,writer,1,
551,5381,writer,2,
551,23152,writer,3,
552,13839,cast,1,Cobb
552,11981,cast,2,Arthur
552,6452,cast,3,Ariadne
552,12892,cast,4,Saito
552,22685,cast,5,Eames
552,5601,cast,6,Yusuf
552,4143,cast,7,"Robert Fischer, Jr."
552,22638,cast,8,Browning
552,15135,cast,9,Mal
552,18260,cast,10,Maurice Fischer
552,16004,cast,11,Miles
552,14459,cast,12,Nash
552,22001,cast,13,Tadashi
552,4170,cast,14,Phillipa (3 Years)
552,14640,cast,15,James (20 Months)
552,22146,cast,16,Phillipa (5 Years)
552,11710,cast,17,James (3 Years)
552,22623,cast,18,Japanese Security Guard
552,24189,cast,19,Saito's Attendant
552,6000,cast,20,Elderly Bald Man
552,4088,director,1,
552,4088,writer,1,
553,8631,cast,1,Indiana Jones
553,20771,cast,2,Professor Henry Jones
553,767,cast,3,Elsa
553,5361,cast,4,Marcus Brody
553,11611,cast,5,Sallah
553,12231,cast,6,Walter Donovan
553,19459,cast,7,Young Indy
553,16002,cast,8,Vogel
553,13056,cast,9,Kazim
553,19580,cast,10,Grail Knight
553,19384,cast,11,Fedora
553,660,cast,12,Sultan
553,567,cast,13,Young Henry
553,18056,cast,14,Panama Hat
553,9524,cast,15,Mrs. Donovan
553,23250,cast,16,Butler
553,11021,cast,17,Herman
553,2762,cast,18,Roscoe
553,10573,cast,19,Half Breed
553,23348,cast,20,Rough Rider
553,21733,director,1,
553,10588,writer,1,
553,7849,writer,2,
553,15907,writer,3,
553,18508,writer,4,
554,8631,cast,1,Indiana Jones
554,12580,cast,2,Willie Scott
554,12736,cast,3,Short Round
554,950,cast,4,Mola Ram
554,20066,cast,5,Chattar Lal
554,18527,cast,6,Captain Blumburtt
554,20106,cast,7,Lao Che
554,5218,cast,8,Wu Han
554,19184,cast,9,Kao Kan
554,4110,cast,10,Chen
554,19156,cast,11,Maitre d'
554,18529,cast,12,Chief Henchman
554,4630,cast,13,Weber
554,298,cast,14,Chinese Pilot
554,16234,cast,15,Chinese Co-Pilot
554,5918,cast,16,Shaman
554,5496,cast,17,Chieftain
554,21508,cast,18,Sajnu
554,20140,cast,19,Village Woman
554,5356,cast,20,Village Woman
554,21733,director,1,
554,23722,writer,1,
554,8180,writer,2,
554,7849,writer,3,
555,1199,cast,1,Inspector Lau Kin Ming
555,22855,cast,2,Chen Wing Yan
555,1489,cast,3,SP Wong Chi Shing
555,6691,cast,4,Hon Sam
555,12817,cast,5,Dr. Lee Sum Yee
555,20490,cast,6,Mary
555,6118,cast,7,Young Lau Kin Ming
555,21014,cast,8,Young Chan Wing Yan
555,6484,cast,9,May
555,3552,cast,10,Tsui Wai-keung
555,12412,cast,11,Inspector B
555,22563,cast,12,Inspector Cheung
555,5623,cast,13,Del Piero
555,3791,cast,14,Officer Leung
555,9193,cast,15,Cadet School Principal
555,22848,cast,16,Suspect
555,4473,cast,17,Stereo Shop Owner
555,8997,cast,18,Elephant
555,6690,cast,19,Double 8
555,23919,cast,20,CIB Team
555,1152,director,1,
555,404,director,2,
555,404,writer,1,
555,7053,writer,2,
556,15605,cast,1,Self - Narrator
556,8453,cast,2,"Self - Professor of Economics, University of Iceland"
556,1180,cast,3,Self - Writer & Filmmaker
556,21232,cast,4,"Self - Special Investigative Committee, Icelandic Parliament"
556,18109,cast,5,Self - Former Federal Reserve Chairman
556,5694,cast,6,"Self - Managing Director, International Monetary Fund"
556,7887,cast,7,"Self - Chairman, Soros Fund Management"
556,2068,cast,8,"Self - Chairman, Financial Services Committee"
556,5089,cast,9,"Self - Under Secretary of the Treasury, Bush Administration"
556,20742,cast,10,"Self - Chief Lobbyist, Financial Services Roundtable"
556,1166,cast,11,"Self - Chief Adviser, China Banking Regulatory Commission"
556,13702,cast,12,"Self - Prime Minister, Singapore"
556,4010,cast,13,"Self - Finance Minister, France"
556,8080,cast,14,"Self - U.S. Managing Editor, The Financial Times"
556,17467,cast,15,"Self - Professor, NYU Business School"
556,18766,cast,16,"Self - Chief Economic Adviser, Bush Administration"
556,6350,cast,17,"Self - Former Governor, New York"
556,20508,cast,18,"Self - Professor Emeritus of Investment Banking, Harvard Business School"
556,3666,cast,19,"Self - Author, The Two Trillion Dollar Meltdown"
556,19604,cast,20,"Self - Former Director, Greenlining Institute"
556,3618,director,1,
556,3618,writer,1,
556,3516,writer,2,
556,79,writer,3,
557,17647,cast,1,Llewyn Davis
557,3194,cast,2,Jean
557,11440,cast,3,Roland Turner
557,7620,cast,4,Johnny Five
557,12392,cast,5,Jim
557,6828,cast,6,Mitch Gorfein
557,19772,cast,7,Lillian Gorfein
557,15744,cast,8,Pappi Corsicato
557,10752,cast,9,Mel Novikoff
557,10510,cast,10,Joy
557,81,cast,11,Al Cody
557,21509,cast,12,Troy Nelson
557,571,cast,13,Marty Green
557,8812,cast,14,Janet Fung
557,2763,cast,15,Joe Flom
557,16181,cast,16,Arlen Gamble
557,2713,cast,17,Dodi Gamble
557,9695,cast,18,Elevator Attendant
557,19186,cast,19,Nunzio
557,21957,cast,20,Ginny
557,6822,director,1,
557,11236,director,2,
557,11236,writer,1,
557,6822,writer,2,
558,978,cast,1,Joy
558,2438,cast,2,Fear
558,13913,cast,3,Anger
558,16524,cast,4,Disgust
558,18582,cast,5,Sadness
558,19305,cast,6,Bing Bong
558,12438,cast,7,Riley
558,5533,cast,8,Mom
558,13373,cast,9,Dad
558,18135,cast,10,Forgetter Paula
558,2678,cast,11,Forgetter Bobby
558,18134,cast,12,"Dream Director, Mom's Anger, Additional Voices"
558,4905,cast,13,Subconscious Guard Frank
558,7361,cast,14,Subconscious Guard Dave
558,12034,cast,15,Jangles
558,7123,cast,16,Mind Worker Cop Jake
558,11608,cast,17,Fritz
558,3252,cast,18,"Helicopter Pilot, Dad's Fear"
558,18414,cast,19,Clown's Joy
558,18955,cast,20,Cool Girl's Emotions
558,18252,director,1,
558,20005,director,2,
558,18252,writer,1,
558,20005,writer,2,
558,15818,writer,3,
558,12034,writer,4,
558,15967,writer,5,
558,21284,writer,6,
558,2438,writer,7,
558,978,writer,8,
559,13660,cast,1,Thien
559,17134,cast,2,Dao
559,23474,cast,3,Trung
559,17133,cast,4,Sister Thao
559,17135,cast,5,Mr. Luu
559,18470,cast,6,The Old Lady
559,14745,cast,7,The Priest
559,18465,cast,8,Sister Duyen
559,23475,cast,9,Long
559,17131,cast,10,Bao
559,17129,cast,11,The Beer Saleswoman
559,1963,cast,12,The Hospital Staff
559,3744,cast,13,The Masseuse
559,17132,cast,14,Ngoc
559,5651,cast,15,The Baby
559,1274,cast,16,The Motorbike Mechanic
559,3793,cast,17,The Woman Drink Seller
559,12734,cast,18,The Man Helphing Thien
559,1275,cast,19,The Hearse Driver
559,1272,cast,20,The Hairdresser
559,22368,director,1,
559,22368,writer,1,
560,349,cast,1,Will Dormer
560,19797,cast,2,Walter Finch
560,8986,cast,3,Ellie Burr
560,15353,cast,4,Hap Eckhart
560,17552,cast,5,Pilot
560,17993,cast,6,Chief Nyback
560,17221,cast,7,Fred Duggar
560,13485,cast,8,Farrell
560,10310,cast,9,Francis
560,14237,cast,10,Rich
560,9979,cast,11,Officer #1
560,1129,cast,12,Officer #2
560,18137,cast,13,Coroner
560,24002,cast,14,Kay Connell
560,22120,cast,15,Mrs. Connell
560,15700,cast,16,Rachel Clement
560,11812,cast,17,Randy Stetz
560,14693,cast,18,Principal
560,12613,cast,19,Tanya Francke
560,12971,cast,20,Trish Eckhart
560,4088,director,1,
560,8993,writer,1,
560,17310,writer,2,
560,6720,writer,3,
561,2755,cast,1,Louis
561,22656,cast,2,Lestat
561,1579,cast,3,Armand
561,13190,cast,4,Claudia
561,3980,cast,5,Malloy
561,23420,cast,6,Whore on Waterfront
561,11535,cast,7,Gambler
561,16429,cast,8,Pimp
561,2171,cast,9,Tavern Girl
561,22314,cast,10,Yvette
561,14499,cast,11,Widow St Clair
561,13693,cast,12,Widow's Lover
561,9387,cast,13,New Orleans Whore
561,8821,cast,14,2nd Whore
561,16715,cast,15,Plague Victim Bearer
561,17001,cast,16,Maid
561,10507,cast,17,Woman in Square
561,19891,cast,18,Piano Teacher
561,7840,cast,19,Dollmaker
561,17261,cast,20,Creole Woman
561,17084,director,1,
561,1426,writer,1,
562,13985,cast,1,"The Woman Who Rocks the Cradle, Eternal Mother"
562,19619,cast,2,The Boy
562,14613,cast,3,The Dear One
562,6960,cast,4,The Dear One's Father
562,20422,cast,5,Arthur Jenkins
562,23238,cast,6,Mary Jenkins
562,15423,cast,7,Uplifter
562,6306,cast,8,Uplifter
562,18173,cast,9,Uplifter
562,14389,cast,10,Uplifter
562,12212,cast,11,Uplifter
562,16567,cast,12,The Friendless One
562,23551,cast,13,"The Musketeer of the Slums, Babylonian Warrior"
562,22755,cast,14,The Kindly Policeman
562,18865,cast,15,The Governor
562,14161,cast,16,Judge of the Court
562,1929,cast,17,Father Fathley
562,11578,cast,18,Prison Guard
562,16712,cast,19,The Strike Leader
562,14942,cast,20,Debutante
562,5965,director,1,
562,5965,writer,1,
562,1285,writer,2,
562,8951,writer,3,
562,22602,writer,4,
562,15456,writer,5,
562,23514,writer,6,
562,7324,writer,7,
563,13030,cast,1,Dr. Miles J. Bennell
563,4686,cast,2,Becky Driscoll
563,13480,cast,3,Dr. Dan 'Danny' Kauffman
563,13166,cast,4,Jack Belicec
563,3363,cast,5,Theodora 'Teddy' Belicec
563,10503,cast,6,Nurse Sally Withers
563,18860,cast,7,Police Chief Nick Grivett
563,23411,cast,8,Wilma Lentz
563,22670,cast,9,Uncle Ira Lentz
563,12927,cast,10,Stanley Driscoll
563,8441,cast,11,Police Sgt. Sam Janzek
563,6266,cast,12,Anne Grimaldi
563,2135,cast,13,Grandma Grimaldi
563,10359,cast,14,Eleda Lentz
563,2669,cast,15,Jimmy Grimaldi
563,6923,cast,16,Dr. Ed Pursey
563,4570,cast,17,Mac Lomax
563,17815,cast,18,Baggage Man
563,8435,cast,19,Restaurant Owner
563,15062,cast,20,Martha Lomax
563,5748,director,1,
563,4740,writer,1,
563,9655,writer,2,
563,19237,writer,3,
564,8021,cast,1,"Police Inspector, Dottore"
564,7154,cast,2,Augusta Terzi
564,8033,cast,3,Police Commissioner
564,17619,cast,4,Brigadier Biglia
564,20885,cast,5,Antonio Pace
564,1790,cast,6,Mangani
564,488,cast,7,Nicola Panunzio
564,15568,cast,8,Augusta Terzi's Husband
564,513,cast,9,Housekeeper
564,23434,cast,10,Canes
564,18652,cast,11,Wiretapping Supervisor
564,20408,cast,12,Plumber
564,8136,cast,13,Antonio Pace's Friend
564,7097,cast,14,Agent
564,7529,cast,15,Patanè
564,23076,cast,16,Agent
564,7252,cast,17,Agent
564,8019,cast,18,
564,8139,cast,19,
564,23385,cast,20,Pallottella
564,6346,director,1,
564,6346,writer,1,
564,23081,writer,2,
565,5814,cast,1,Ip Man
565,21288,cast,2,Quan
565,21307,cast,3,Jin
565,12412,cast,4,Li
565,14524,cast,5,Cheung
565,9025,cast,6,Miura
565,23980,cast,7,Lin
565,23920,cast,8,Yuan
565,24179,cast,9,Wei
565,3132,cast,10,Yao
565,24344,cast,11,Master Liu
565,22212,cast,12,Colonel Sato
565,13927,cast,13,Zhun
565,5437,cast,14,Southern Master
565,24349,cast,15,Southern Master
565,2608,cast,16,Jin's Underling
565,12471,cast,17,Jin's Underling
565,14331,cast,18,Jin's Underling
565,21305,cast,19,Green Dragon Club Master
565,8539,cast,20,Cotton Mill Owner
565,23889,director,1,
565,6130,writer,1,
565,22000,writer,2,
566,5814,cast,1,Ip Man
566,23977,cast,2,Wong Shun-Leung
566,20492,cast,3,Master Hung Chun-Nam
566,14524,cast,4,Cheung Wing-Sing
566,12945,cast,5,Fatso
566,4873,cast,6,"Mr. Miller, Twister"
566,24179,cast,7,Cheng Wai-Kei
566,3657,cast,8,Superintendent Wallace
566,12411,cast,9,Leung Kan
566,3132,cast,10,Chow Kong-Yiu
566,21307,cast,11,"Jin Shan Zhao, Kam Shan-Chau"
566,21288,cast,12,Chow Ching-Chuen
566,3972,cast,13,Twister Supporter
566,2897,cast,14,Emcee
566,13927,cast,15,Yip Chun
566,1830,cast,16,Yip Man's student
566,8593,cast,17,Master Cheng
566,4582,cast,18,Bruce Lee
566,341,cast,19,Various
566,12737,cast,20,Master Lam
566,23889,director,1,
566,22000,writer,1,
566,9038,writer,2,
566,5182,writer,3,
566,6130,writer,4,
567,4204,cast,1,Peter Warne
567,4231,cast,2,Ellie Andrews
567,23530,cast,3,Alexander Andrews
567,20046,cast,4,Oscar Shapeley
567,10085,cast,5,King Westley
567,391,cast,6,Danker
567,1760,cast,7,Zeke
567,2595,cast,8,Zeke's Wife
567,3592,cast,9,Joe Gordon
567,6771,cast,10,The Bag Thief
567,10846,cast,11,Woman at Auto Camp
567,9472,cast,12,Gas Station Attendant
567,23739,cast,13,Clark
567,23744,cast,14,Wedding Party Guest
567,23727,cast,15,Wedding Guest
567,23570,cast,16,Bus Driver #1
567,8652,cast,17,Henderson
567,7868,cast,18,Boy Bus Passenger
567,3562,cast,19,Reporter
567,9899,cast,20,Detective
567,7309,director,1,
567,19694,writer,1,
567,20510,writer,2,
568,23121,cast,1,Vahid
568,14997,cast,2,Shiva
568,6016,cast,3,Eghbal
568,8471,cast,4,Golrokh
568,14606,cast,5,The Groom
568,16630,cast,6,Hamid
568,5341,cast,7,Eghbal's Daughter
568,192,cast,8,Eghbal's Wife
568,7832,cast,9,Salar
568,17606,cast,10,Vahid's Co-worker
568,710,cast,11,The Doctor
568,16651,cast,12,Security Guard
568,943,cast,13,Gas Station Attendant
568,17073,cast,14,Nurse
568,6465,cast,15,Maternity Ward Nurse
568,24176,cast,16,Pharmacist
568,20816,cast,17,Vahid's Mother
568,14714,cast,18,Vahid's Aunt
568,19162,cast,19,Bookseller
568,707,cast,20,Accordeonist
568,9826,director,1,
568,9826,writer,1,
568,16851,writer,2,
568,20925,writer,3,
568,15837,writer,4,
569,10063,cast,1,George Bailey
569,5805,cast,2,Mary Hatch
569,14063,cast,3,Mr. Potter
569,22435,cast,4,Uncle Billy
569,8913,cast,5,Clarence
569,2374,cast,6,Mrs. Bailey
569,7326,cast,7,Ernie
569,23570,cast,8,Bert
569,8178,cast,9,Violet
569,8762,cast,10,Mr. Gower
569,7289,cast,11,Sam Wainwright
569,22615,cast,12,Harry Bailey
569,20519,cast,13,Pa Bailey
569,15498,cast,14,Cousin Tilly
569,23421,cast,15,Ruth Dakin
569,3692,cast,16,Cousin Eustace
569,20617,cast,17,Mrs. Hatch
569,23778,cast,18,Mr. Martini
569,13987,cast,19,Annie
569,1642,cast,20,Mrs. Martini
569,7309,director,1,
569,7193,writer,1,
569,449,writer,2,
569,7309,writer,3,
569,11042,writer,4,
569,18531,writer,5,
569,16229,writer,6,
570,20598,cast,1,Doctor
570,5726,cast,2,Narrator
570,5726,director,1,
570,5726,writer,1,
571,17722,cast,1,Jackie Brown
571,20512,cast,2,Ordell Robbie
571,19592,cast,3,Max Cherry
571,2907,cast,4,Melanie
571,16109,cast,5,Ray Nicolette
571,19561,cast,6,Louis Gara
571,15996,cast,7,Mark Dargus
571,3937,cast,8,Beaumont Livingston
571,14114,cast,9,Sheronda
571,22701,cast,10,Winston
571,8741,cast,11,Simone
571,21201,cast,12,Judge
571,247,cast,13,"Amy, Billingsley Sales Girl"
571,6459,cast,14,Cockatoo Bartender
571,22082,cast,15,Billingsley Sales Girl #2
571,22585,cast,16,"Raynelle, Ordell's Junkie Friend"
571,23231,cast,17,Cabo Flight Attendant
571,5522,cast,18,Anita Lopez
571,19141,cast,19,Cocktail Waitress
571,6399,cast,20,Bartender at Sam's
571,18752,director,1,
571,18752,writer,1,
571,6466,writer,2,
572,22513,cast,1,Jacob
572,6404,cast,2,Jezzie
572,4794,cast,3,Louis
572,15604,cast,4,Michael
572,18732,cast,5,Paul
572,10237,cast,6,Geary
572,17850,cast,7,Sarah
572,6739,cast,8,Frank
572,23390,cast,9,George
572,2895,cast,10,Doug
572,1481,cast,11,Rod
572,2817,cast,12,Jerry
572,20302,cast,13,Elsa
572,21908,cast,14,Hospital Receptionist
572,5879,cast,15,Group Leader
572,10124,cast,16,Santa
572,13198,cast,17,Street Singer
572,5624,cast,18,Street Singer
572,20420,cast,19,Taxi Driver
572,17945,cast,20,Drunk
572,154,director,1,
572,2978,writer,1,
573,9826,cast,1,Jafar Panahi
573,8536,cast,2,Self
573,16943,cast,3,Self
573,14606,cast,4,Cinema Student
573,9826,director,1,
573,9826,writer,1,
574,10151,cast,1,Self
574,9188,cast,2,Self
574,9181,cast,3,Self
574,2832,director,1,
574,2832,writer,1,
574,10151,writer,2,
575,10147,cast,1,Self
575,19336,cast,2,Self
575,19690,cast,3,Self
575,17011,cast,4,Self - Stepdaughter
575,21943,cast,5,Self - Director
575,394,cast,6,Self - Director
575,4466,cast,7,Self - Musician
575,22687,cast,8,"Self - Organizer, Politician, Author"
575,5545,cast,9,Self - Television Personality
575,8906,cast,10,Self
575,9129,cast,11,Self
575,7126,cast,12,Self - Congressman
575,27,cast,13,Self - Activist
575,22997,cast,14,Self - Son
575,18139,cast,15,Self - Producer
575,14001,cast,16,Self - Actor
575,15475,cast,17,Self - Daughter
575,22193,cast,18,"Self - Media Mogul, Philanthropist"
575,20464,cast,19,Self - Actor
575,14703,cast,20,Self - Grandson
575,21860,director,1,
576,20118,cast,1,Brody
576,19708,cast,2,Quint
576,19261,cast,3,Hooper
576,14241,cast,4,Ellen Brody
576,16807,cast,5,Vaughn
576,3210,cast,6,Meadows
576,10599,cast,7,Hendricks
576,21836,cast,8,Chrissie
576,11798,cast,9,Cassidy
576,22177,cast,10,Estuary Victim
576,3924,cast,11,Michael Brody
576,10327,cast,12,Sean Brody
576,13695,cast,13,Mrs. Kintner
576,10606,cast,14,Alex Kintner
576,4492,cast,15,Ben Gardner
576,19670,cast,16,Medical Examiner
576,18275,cast,17,Interviewer
576,22474,cast,18,Infant on Beach
576,3864,cast,19,Out of Towner
576,11312,cast,20,Beach Guitarist
576,21733,director,1,
576,18275,writer,1,
576,3210,writer,2,
577,5344,cast,1,Jeanne Dielman
577,10111,cast,2,Sylvain Dielman
577,8875,cast,3,1st Caller
577,9790,cast,4,2nd Caller
577,24249,cast,5,3rd Caller
577,3545,cast,6,Neighbor
577,3545,director,1,
577,3545,writer,1,
578,22656,cast,1,Jerry Maguire
578,4528,cast,2,Rod Tidwell
578,19145,cast,3,Dorothy Boyd
578,12830,cast,4,Avery Bishop
578,10768,cast,5,Frank Cushman
578,10328,cast,6,Bob Sugar
578,2712,cast,7,Laurel Boyd
578,19077,cast,8,Marcee Tidwell
578,11818,cast,9,Ray Boyd
578,22616,cast,10,Chad the Nanny
578,15237,cast,11,Bill Dooler
578,10724,cast,12,Tyson Tidwell
578,10214,cast,13,Dicky Fox
578,2245,cast,14,Keith Cushman
578,9399,cast,15,Anne-Louise
578,10200,cast,16,Scully
578,16847,cast,17,Wendy
578,642,cast,18,Bobbi Fallon
578,1659,cast,19,Tee Pee
578,12818,cast,20,Jan
578,3141,director,1,
578,3141,writer,1,
579,10520,cast,1,Catherine
579,17657,cast,2,Jules
579,8874,cast,3,Jim
579,23206,cast,4,Gilberte
579,20862,cast,5,Albert
579,1465,cast,6,Lucie
579,20309,cast,7,Sabine - La Petite
579,15041,cast,8,Thérèse
579,16273,cast,9,"Récitant, Narrator"
579,4782,cast,10,Compagnon d'Albert
579,6309,cast,11,Mathilde
579,18614,cast,12,Ivrogne in Cafe'
579,5685,cast,13,Une des femmes
579,2297,cast,14,Merlin
579,12600,cast,15,Birgitta
579,10419,cast,16,Cliente au Cafe'
579,16275,cast,17,Cliente au Cafe'
579,3984,cast,18,Helga
579,7278,director,1,
579,8873,writer,1,
579,7278,writer,2,
579,10405,writer,3,
580,19797,cast,1,Alan Parrish
580,13190,cast,2,Judy Shepherd
580,2712,cast,3,Sarah Whittle
580,11810,cast,4,"Van Pelt, Sam Parrish"
580,2764,cast,5,Peter Shepherd
580,2148,cast,6,Nora Shepherd
580,4926,cast,7,Bentley
580,17836,cast,8,Carol Parrish
580,86,cast,9,Young Alan
580,13531,cast,10,Young Sarah
580,9970,cast,11,Exterminator
580,8075,cast,12,Mrs. Thomas
580,2783,cast,13,Benjamin
580,4564,cast,14,Caleb
580,7651,cast,15,Billy Jessup
580,13836,cast,16,Cop
580,14153,cast,17,Bum
580,14701,cast,18,Jim Shepherd
580,1380,cast,19,Martha Shepherd
580,4878,cast,20,Gun Salesman
580,11193,director,1,
580,11809,writer,1,
580,8308,writer,2,
580,10961,writer,3,
580,3939,writer,4,
581,20443,cast,1,Grant
581,13537,cast,2,Ellie
581,10559,cast,3,Malcolm
581,19215,cast,4,Hammond
581,2645,cast,5,Muldoon
581,15355,cast,6,Gennaro
581,2122,cast,7,Wu
581,11995,cast,8,Tim
581,1649,cast,9,Lex
581,20512,cast,10,Arnold
581,23601,cast,11,Nedry
581,7950,cast,12,Harding
581,16363,cast,13,Rostagno
581,3146,cast,14,Dodgson
581,4065,cast,15,Volunteer #1
581,23665,cast,16,Volunteer Boy
581,5247,cast,17,Mate
581,11864,cast,18,Worker in Raptor Pen
581,22716,cast,19,Helicopter Pilot
581,8290,cast,20,Mr. D.N.A.
581,21733,director,1,
581,16030,writer,1,
581,5057,writer,2,
582,24115,cast,1,Chen Sheng
582,7043,cast,2,Weiwei (Child )
582,14130,cast,3,Crazy Face
582,8356,cast,4,Huang San
582,21147,cast,5,Weiwei (Teenager)
582,24184,cast,6,Yangyang
582,24355,cast,7,Monk
582,10878,cast,8,Band Member
582,15905,cast,9,Band Member
582,5467,cast,10,Band Member
582,4573,cast,11,Band Member
582,5796,cast,12,Band Member
582,14059,cast,13,Zhang Xi
582,21176,cast,14,Wine Ghost
582,4840,cast,15,Elderly Doctor
582,2395,director,1,
582,2395,writer,1,
583,15,cast,1,"Dave Lizewski, Kick-Ass"
583,17237,cast,2,"Damon Macready, Big Daddy"
583,3837,cast,3,"Mindy Macready, Hit-Girl"
583,7621,cast,4,Mr. Lizewski
583,4203,cast,5,Marty
583,6894,cast,6,Todd
583,5287,cast,7,Mrs. Zane
583,14509,cast,8,Katie Deauxma
583,21426,cast,9,Erika Cho
583,6398,cast,10,Mrs. Lizewski
583,4082,cast,11,"Chris D'Amico, Red Mist"
583,21763,cast,12,Huge Goon
583,11721,cast,13,1st Gang Kid
583,17508,cast,14,2nd Gang Kid
583,15257,cast,15,Frank D'Amico
583,16177,cast,16,Big Joe
583,4432,cast,17,Sporty Goon
583,12929,cast,18,Scary Goon
583,1498,cast,19,Baby Goon
583,3273,cast,20,Buttons
583,15678,director,1,
583,10150,writer,1,
583,15678,writer,2,
583,15230,writer,3,
583,11619,writer,4,
584,16523,cast,1,"Kiki, Ursula"
584,19092,cast,2,Jiji
584,16353,cast,3,Kokiri - Kiki's Mother
584,12761,cast,4,Osono
584,12481,cast,5,Tombo
584,9010,cast,6,Barsa
584,13241,cast,7,Okino - Kiki's Father
584,8709,cast,8,Rô-fujin
584,21152,cast,9,Dora
584,24201,cast,10,Boy
584,3818,cast,11,Baby
584,24206,cast,12,Delivery Pies Girl
584,16371,cast,13,Ketto's Mother
584,24144,cast,14,Delivery Pies Girl
584,24200,cast,15,Young Sempai Witch
584,12757,cast,16,Birthday Girl
584,24143,cast,17,Ketto's Grandmother
584,24224,cast,18,Ketto
584,13091,cast,19,Maki
584,22028,cast,20,Ketto's Father
584,8747,director,1,
584,6252,writer,1,
584,8747,writer,2,
585,23447,cast,1,Vernita Green AKA Copperhead
585,911,cast,2,Nikki
585,16159,cast,3,"Earl McGraw, Esteban Vihaio"
585,10035,cast,4,Edgar McGraw
585,11820,cast,5,Trucker
585,15996,cast,6,Buck
585,12907,cast,7,Bald Guy
585,24162,cast,8,Tokyo Businessman
585,12324,cast,9,Boss Tanaka
585,8228,cast,10,Boss Honda
585,12714,cast,11,"Boss Koji, Crazy 88"
585,272,cast,12,Boss Ozawah
585,21186,cast,13,Boss Benta
585,22319,cast,14,The 5.6.7.8's
585,20356,cast,15,Charlie Brown
585,22294,cast,16,Crazy 88
585,24095,cast,17,Crazy 88
585,21338,cast,18,Crazy 88
585,9537,cast,19,Crazy 88
585,12364,cast,20,Crazy 88
585,18752,director,1,
585,18752,writer,1,
585,23091,writer,2,
586,23091,cast,1,The Bride
586,4969,cast,2,Bill
586,4888,cast,3,Elle Driver
586,16128,cast,4,Budd
586,14412,cast,5,O-Ren Ishii
586,23447,cast,6,Vernita Green
586,12259,cast,7,Sofie Fatale
586,3796,cast,8,Gogo Yubari
586,21100,cast,9,Hattori Hanzo
586,3794,cast,10,Johnny Mo
586,16159,cast,11,Earl McGraw
586,15996,cast,12,Buck
586,12324,cast,13,Boss Tanaka
586,12907,cast,14,Bald Guy (Sushi Shop)
586,24193,cast,15,Proprietor
586,10035,cast,16,Edgar McGraw
586,20356,cast,17,Charlie Brown
586,11820,cast,18,Trucker
586,24162,cast,19,Tokyo Business Man
586,22294,cast,20,Crazy 88 #1 (Miki)
586,18752,director,1,
586,18752,writer,1,
586,23091,writer,2,
587,23091,cast,1,Beatrix Kiddo aka The Bride aka Black Mamba aka Mommy
587,4969,cast,2,Bill aka Snake Charmer
587,16128,cast,3,Budd aka Sidewinder
587,4888,cast,4,Elle Driver aka California Mountain Snake
587,23447,cast,5,Vernita Green aka Copperhead
587,911,cast,6,Nikki
587,16159,cast,7,"Earl McGraw, Esteban Vihaio"
587,10035,cast,8,Edgar McGraw
587,11820,cast,9,Trucker
587,15996,cast,10,Buck
587,12907,cast,11,Bald Guy
587,24162,cast,12,Tokyo Businessman
587,12324,cast,13,Boss Tanaka
587,8228,cast,14,Boss Honda
587,12714,cast,15,"Boss Koji, Crazy 88"
587,272,cast,16,Boss Ozawah
587,21186,cast,17,Boss Benta
587,22319,cast,18,The 5.6.7.8's
587,20356,cast,19,Charlie Brown
587,22294,cast,20,Crazy 88
587,18752,director,1,
587,18752,writer,1,
587,23091,writer,2,
588,8274,cast,1,Mike Tobacco
588,21909,cast,2,Debbie Stone
588,11298,cast,3,Officer Dave Hansen
588,11682,cast,4,Officer Curtis Mooney
588,16183,cast,5,Rich Terenzi
588,18377,cast,6,Paul Terenzi
588,20126,cast,7,Farmer Gene Green
588,4100,cast,8,Bob McReed
588,9446,cast,9,Stacy
588,12551,cast,10,Tracy
588,186,cast,11,Punk #1
588,4816,cast,12,Punk #2
588,120,cast,13,Mrs. Franco
588,9113,cast,14,Mr. Myers
588,12514,cast,15,Mom #1
588,12639,cast,16,Mom #2
588,4162,cast,17,Little Girl
588,20980,cast,18,Waitress
588,16079,cast,19,Slug
588,14393,cast,20,Sheila
588,21577,director,1,
588,3594,writer,1,
588,21577,writer,2,
588,6177,writer,3,
589,8897,cast,1,Stan
589,12702,cast,2,Stan's Wife
589,3586,cast,3,Bracy
589,1221,cast,4,Stan's Daughter
589,6848,cast,5,Eugene
589,9651,cast,6,Stan Jr.
589,21327,cast,7,
589,5343,cast,8,Delores
589,5867,cast,9,
589,22587,cast,10,
589,3934,cast,11,
589,13652,cast,12,
589,20211,cast,13,
589,9061,cast,14,
589,11727,cast,15,
589,18079,cast,16,
589,21725,cast,17,
589,3603,cast,18,
589,3461,cast,19,
589,3260,cast,20,
589,3590,director,1,
589,3590,writer,1,
590,13839,cast,1,Ernest Burkhart
590,19561,cast,2,William Hale
590,13997,cast,3,Mollie Burkhart
590,10812,cast,4,Tom White
590,22094,cast,5,Lizzie Q
590,11513,cast,6,Prosecutor Peter Leaward
590,2809,cast,7,W.S. Hamilton
590,3185,cast,8,Anna
590,10134,cast,9,Reta
590,10899,cast,10,Minnie
590,10260,cast,11,Bill Smith
590,23746,cast,12,Henry Roan
590,14269,cast,13,Kelsie Morrison
590,20737,cast,14,Byron Burkhart
590,6927,cast,15,Paul Red Eagle
590,22052,cast,16,"Non-Hon-Zhin-Ga, Traditional Leader"
590,24007,cast,17,Chief Bonnicastle
590,22121,cast,18,John Wren
590,22789,cast,19,Blackie Thompson
590,21788,cast,20,Henry Grammer
590,15383,director,1,
590,6684,writer,1,
590,15383,writer,2,
590,5015,writer,3,
591,16932,cast,1,Ann Darrow
591,9631,cast,2,Carl Denham
591,176,cast,3,Jack Driscoll
591,22425,cast,4,Captain Englehorn
591,4358,cast,5,Preston
591,1206,cast,6,"Kong, Lumpy"
591,6893,cast,7,Hayes
591,10090,cast,8,Jimmy
591,14166,cast,9,Choy
591,11660,cast,10,Herb
591,4488,cast,11,Mike
591,13369,cast,12,Bruce Baxter
591,23804,cast,13,Manny
591,15207,cast,14,Harry
591,7954,cast,15,Maude
591,4988,cast,16,Taps
591,5128,cast,17,Weston
591,18661,cast,18,Zelman
591,10940,cast,19,Thuggish Executive
591,19181,cast,20,Sleazy Executive
591,18361,director,1,
591,7180,writer,1,
591,18536,writer,2,
591,18361,writer,3,
591,15919,writer,4,
591,6111,writer,5,
592,7028,cast,1,Ann Darrow
592,19505,cast,2,Carl Denham
592,2964,cast,3,Jack Driscoll
592,7368,cast,4,Capt. Englehorn
592,20433,cast,5,Charles Weston
592,17362,cast,6,Native Chief
592,21657,cast,7,Witch King
592,9947,cast,8,Second Mate Briggs
592,23515,cast,9,Reporter
592,9872,cast,10,Native Child
592,23178,cast,11,Member of Ship's Crew
592,6021,cast,12,Native
592,6840,cast,13,Native
592,7290,cast,14,Reporter
592,20044,cast,15,Press Photographer
592,18852,cast,16,Member of Ship's Crew
592,19081,cast,17,Ship's Engineer
592,13782,cast,18,Member of Ship's Crew
592,7426,cast,19,Member of Ship's Crew
592,9628,cast,20,Warrior
592,15919,director,1,
592,6748,director,2,
592,9880,writer,1,
592,20243,writer,2,
592,15919,writer,3,
592,6111,writer,4,
592,13804,writer,5,
593,10796,cast,1,Aaron
593,10731,cast,2,Mr. Kurlander
593,14086,cast,3,Mrs. Kurlander
593,12495,cast,4,Miss Mathey
593,21440,cast,5,Mr. Mungo
593,6398,cast,6,Lydia
593,3138,cast,7,Sullivan
593,176,cast,8,Lester
593,11167,cast,9,Ben
593,11535,cast,10,Patrolman Burns
593,901,cast,11,Ella McShane
593,13299,cast,12,Mrs. McShane
593,3928,cast,13,Billy Thompson
593,18190,cast,14,Mrs. Thompson
593,12617,cast,15,Christina Sebastian
593,11407,cast,16,Mr. Sandoz
593,13624,cast,17,Elevator Operator
593,10814,cast,18,Jealous Kid
593,19104,cast,19,Principal Stellwater
593,7428,cast,20,Woodbine Owner
593,21732,director,1,
593,183,writer,1,
593,21732,writer,2,
594,6598,cast,1,Nora Cotterelle
594,7761,cast,2,Claude
594,22369,cast,3,M. Mader
594,17590,cast,4,Jean-Jacques
594,15718,cast,5,Louis Jenssens
594,23134,cast,6,Elias Cotterelle
594,17581,cast,7,Le moniteur
594,5578,cast,8,Le chirurgien
594,15585,cast,9,Ismaël Vuillard
594,7277,cast,10,Prospero
594,16354,cast,11,Caliban
594,14789,cast,12,Le psy de garde
594,10458,cast,13,Abel Vuillard
594,3433,cast,14,Monique Vuillard
594,3419,cast,15,Mme Vasset
594,17400,cast,16,Elizabeth
594,10118,cast,17,Nicolas
594,17002,cast,18,Chloé Jenssens
594,15044,cast,19,L'infirmière
594,11051,cast,20,Pierre Cotterelle
594,1708,director,1,
594,1708,writer,1,
594,19865,writer,2,
595,19570,cast,1,Harry Lockhart
595,23127,cast,2,Gay Perry
595,16309,cast,3,Harmony Faith Lane
595,4422,cast,4,Harlan Dexter
595,4894,cast,5,Mr. Frying Pan
595,13498,cast,6,Dabney Shaw
595,19814,cast,7,Mr. Fire
595,20960,cast,8,Pink Hair Girl
595,1228,cast,9,Flicka
595,9386,cast,10,Harry Lockhart - Age 9
595,1658,cast,11,Harmony Faith Lane - Age 7
595,5936,cast,12,Chainsaw Kid
595,12051,cast,13,Richie
595,15322,cast,14,Pistol Woman
595,16905,cast,15,N.Y. Casting Woman
595,2456,cast,16,N.Y. Cop
595,22090,cast,17,B-Movie Actress
595,9851,cast,18,Creature
595,21562,cast,19,Harmony Faith Lane - Age 14
595,4053,cast,20,Protocop
595,20936,director,1,
595,2829,writer,1,
595,20936,writer,2,
596,20897,cast,1,Ben Stone
596,12617,cast,2,Alison Scott
596,18087,cast,3,Pete
596,13883,cast,4,Debbie
596,10282,cast,5,Jason
596,10308,cast,6,Jay
596,11771,cast,7,Jonah
596,15389,cast,8,Martin
596,3738,cast,9,Jodi
596,9461,cast,10,Charlotte
596,15696,cast,11,Sadie
596,11104,cast,12,Alison's Mom
596,8615,cast,13,Ben's Dad
596,421,cast,14,Jack
596,13294,cast,15,Jill
596,2438,cast,16,Brent
596,12866,cast,17,Dr. Kuni
596,4496,cast,18,Club Doorman
596,22477,cast,19,Dr. Pellagrino
596,14259,cast,20,Dr. Howard
596,12145,director,1,
596,12145,writer,1,
597,5959,cast,1,Ted Kramer
597,15933,cast,2,Joanna Kramer
597,10136,cast,3,Margaret Phelps
597,12379,cast,4,Billy Kramer
597,9098,cast,5,John Shaunessy
597,7806,cast,6,Jim O'Connor
597,11134,cast,7,Phyllis Bernard
597,2461,cast,8,Gressen
597,9126,cast,9,Judge Atkins
597,9703,cast,10,Spencer
597,10793,cast,11,Ackerman
597,17159,cast,12,Interviewer
597,6434,cast,13,Teacher
597,21039,cast,14,Ted's Secretary
597,3323,cast,15,Mrs. Kline
597,5770,cast,16,Surgeon
597,12157,cast,17,Receptionist
597,18380,cast,18,Norman
597,12634,cast,19,Waitress
597,9396,cast,20,Woman at Christmas Party
597,19521,director,1,
597,1920,writer,1,
597,19521,writer,2,
597,15933,writer,3,
597,10314,writer,4,
598,13278,cast,1,Krisha
598,559,cast,2,Alex
598,19804,cast,3,Robyn
598,3882,cast,4,Dr. Becker
598,23319,cast,5,Vicki
598,3021,cast,6,Logan
598,3741,cast,7,Chase
598,1855,cast,8,Atheena
598,1891,cast,9,Augustine
598,17567,cast,10,Olivia
598,20055,cast,11,Baby Rose
598,2491,cast,12,Doyle
598,22978,cast,13,Trey
598,2497,cast,14,Grandma
598,22978,director,1,
598,22978,writer,1,
599,9631,cast,1,Po
599,9276,cast,2,Tai Lung
599,1251,cast,3,Tigress
599,5959,cast,4,Shifu
599,9729,cast,5,Monkey
599,20897,cast,6,Mantis
599,14412,cast,7,Viper
599,4981,cast,8,Crane
599,18915,cast,9,Oogway
599,9977,cast,10,Mr. Ping
599,4642,cast,11,Zeng
599,16017,cast,12,Commander Vachir
599,23601,cast,13,Gang Boss
599,13371,cast,14,KG Shaw
599,12106,cast,15,JR Shaw
599,13547,cast,16,Awed Ninja
599,22097,cast,17,Smitten Bunny
599,21596,cast,18,"Gong Pig, Grateful Bunny"
599,15236,cast,19,Pig Patron
599,11654,cast,20,Rhino Guard
599,15236,director,1,
599,11654,director,2,
599,11781,writer,1,
599,8157,writer,2,
599,6829,writer,3,
599,4565,writer,4,
599,3921,writer,5,
600,21690,cast,1,Chosen One
600,7040,cast,2,Master Pain (Betty)
600,13793,cast,3,Young Master Pain
600,14054,cast,4,Ling
600,14007,cast,5,Dying Ling
600,3795,cast,6,Wimp Lo
600,9196,cast,7,Master Tang
600,3792,cast,8,Master Doe
600,10668,cast,9,Whoa
600,6787,cast,10,Tonguey
600,16527,cast,11,Father
600,18194,cast,12,Mother
600,21985,cast,13,Chew Fat Lip
600,22895,cast,14,Peasant Woman
600,21283,cast,15,Young Master Pain's Henchman
600,11861,cast,16,Henchman #2
600,18529,cast,17,Grilled Face Fighter
600,16949,cast,18,Boom Box Henchman
600,3524,cast,19,Masked Fighter
600,16124,cast,20,Stick Fighter #1
600,21690,director,1,
600,21690,writer,1,
601,12047,cast,1,Arthur
601,3316,cast,2,Italia
601,23386,cast,3,Pirro
601,9495,cast,4,Flora
601,434,cast,5,Spartaco
601,14255,cast,6,Melodie
601,8131,cast,7,Jerry
601,8022,cast,8,Mario
601,15868,cast,9,Melchiorre
601,18894,cast,10,Fabiana
601,14344,cast,11,Il portuale
601,24073,cast,12,Beniamina
601,2016,cast,13,Nella
601,6364,cast,14,Vera
601,3800,cast,15,Rossa
601,7201,cast,16,Sista
601,23143,cast,17,Cantastorie
601,18594,cast,18,Cantastorie
601,14372,cast,19,Katir
601,3249,cast,20,Carabiniere
601,738,director,1,
601,738,writer,1,
601,3287,writer,2,
601,14865,writer,3,
602,13046,cast,1,Jack Vincennes
602,20203,cast,2,Bud White
602,8433,cast,3,Ed Exley
602,13095,cast,4,Lynn Bracken
602,9921,cast,5,Dudley Smith
602,4805,cast,6,Sid Hudgens
602,5180,cast,7,Pierce Patchett
602,19970,cast,8,D.A. Ellis Loew
602,15623,cast,9,'Badge of Honor' Star Brett Chase
602,18017,cast,10,Mickey Cohen
602,17755,cast,11,Johnny Stompanato
602,6355,cast,12,Mickey Cohen's Mambo Partner
602,20553,cast,13,Mickey Cohen's Mambo Partner
602,21694,cast,14,Officer Arresting Mickey Cohen
602,8259,cast,15,Dick Stensland
602,804,cast,16,Wife Beater
602,18715,cast,17,Wife
602,21970,cast,18,Jack's Dancing Partner
602,2618,cast,19,Reporter at Hollywood Station
602,13771,cast,20,Photographer at Hollywood Station
602,4538,director,1,
602,9943,writer,1,
602,2864,writer,2,
602,4538,writer,3,
603,14843,cast,1,Marcello Rubini
603,1282,cast,2,Sylvia
603,1471,cast,3,Maddalena
603,24264,cast,4,Emma
603,14623,cast,5,Fanny
603,359,cast,6,Steiner
603,1445,cast,7,Il padre di Marcello
603,23557,cast,8,Paparazzo
603,23148,cast,9,Paola
603,19202,cast,10,Riccardo
603,9308,cast,11,Irene
603,1884,cast,12,Jane
603,18688,cast,13,Pagliaccio
603,362,cast,14,Frankie Stout
603,16535,cast,15,Amante di Nadia
603,8132,cast,16,Lucenti - il commissario di polizia
603,13533,cast,17,Laura
603,17224,cast,18,Nico
603,3246,cast,19,Travestito
603,6635,cast,20,Fotografo
603,7037,director,1,
603,7037,writer,1,
603,6618,writer,2,
603,23028,writer,3,
603,3001,writer,4,
603,18589,writer,5,
604,20260,cast,1,Sebastian
604,6586,cast,2,Mia
604,20057,cast,3,Laura
604,11025,cast,4,Bill
604,926,cast,5,Famous Actress
604,22277,cast,6,Linda (Coffee Shop Manager)
604,22381,cast,7,Coffee Spiller
604,4145,cast,8,Casting Director (First Audition)
604,3124,cast,9,Tracy
604,10838,cast,10,Alexis
604,21398,cast,11,Caitlin
604,4245,cast,12,Karen (Waitress)
604,10255,cast,13,Carlo
604,4567,cast,14,'80s Singer
604,16394,cast,15,Free way Krump Dancer 'Hat Kid'
604,22970,cast,16,Valet
604,17568,cast,17,Bree (Gluten Free Girl)
604,1334,cast,18,Sarah (Pilot Casting Assistant)
604,15154,cast,19,Clyde (Pilot Director)
604,7102,cast,20,Greg
604,4617,director,1,
604,4617,writer,1,
605,15135,cast,1,Edith Piaf
605,21969,cast,2,Mômone
605,17783,cast,3,Louis Barrier
605,6600,cast,4,Titine
605,10459,cast,5,Louis Gassion
605,7970,cast,6,Louis Leplée
605,4318,cast,7,Anetta
605,10475,cast,8,Marcel Cerdan
605,3412,cast,9,Louise
605,14786,cast,10,Raymond Asso
605,3355,cast,11,Marlene Dietrich
605,14757,cast,12,Edith - 5 years old
605,18151,cast,13,Edith - 10 years old
605,6353,cast,14,Danielle Bonel
605,14798,cast,15,Marc Bonel
605,3354,cast,16,Ginou
605,15030,cast,17,Marguerite Monnot
605,23167,cast,18,Jeanne
605,10457,cast,19,Bruno Coquatrix
605,1066,cast,20,Jacques Canetti
605,17582,director,1,
605,9509,writer,1,
605,17582,writer,2,
606,4960,cast,1,Jareth
606,10637,cast,2,Sarah
606,22594,cast,3,Toby
606,21044,cast,4,Stepmother
606,4073,cast,5,Father
606,16969,cast,6,Fairy
606,20967,cast,7,Hoggle
606,2865,cast,8,"Hoggle, Goblin"
606,19960,cast,9,"Ludo, Firey 2, Goblin"
606,19479,cast,10,"Ludo, Firey 3"
606,4905,cast,11,"Didymus, The Hat, The Four Guards, Left Door Knocker, Firey 3"
606,4924,cast,12,"Didymus, Firey 1"
606,5163,cast,13,"Didymus, The Hat, The Four Guards, Goblin"
606,12512,cast,14,"The Worm, The Junk Lady, Firey 2"
606,22529,cast,15,"The Worm, The Four Guards, Goblin"
606,7361,cast,16,The Wiseman
606,16091,cast,17,The Wiseman
606,5383,cast,18,The Junk Lady
606,21706,cast,19,"The Four Guards, Firey 4, Ambrosius"
606,12998,cast,20,"The Four Guards, Firey 1, Ambrosius"
606,10930,director,1,
606,5409,writer,1,
606,10930,writer,2,
606,22263,writer,3,
606,4037,writer,4,
607,20592,cast,1,Lady Bird McPherson
607,13621,cast,2,Marion McPherson
607,22941,cast,3,Larry McPherson
607,14356,cast,4,Danny O'Neill
607,22528,cast,5,Kyle Scheible
607,2126,cast,6,Julie Steffans
607,14176,cast,7,Sister Sarah Joan
607,21611,cast,8,Father Leviatch
607,17500,cast,9,Jenna Walton
607,11874,cast,10,Miguel McPherson
607,15069,cast,11,Shelly Yuhan
607,11485,cast,12,Greg Anrue
607,9850,cast,13,Mr. Bruno
607,2120,cast,14,Casey Kelly
607,13551,cast,15,Diana Greenway
607,15072,cast,16,Miss Patty
607,4773,cast,17,Jonah Ruiz
607,13290,cast,18,Ms. Steffans
607,1192,cast,19,Uncle Matthew
607,18041,cast,20,Parish Priest
607,8340,director,1,
607,8340,writer,1,
608,3,cast,1,Bhuvan
608,18828,cast,2,Bhura
608,8256,cast,3,Gauri
608,18796,cast,4,Elizabeth Russell
608,17971,cast,5,Captain Andrew Russell
608,21809,cast,6,Yashodamai
608,13337,cast,7,Rajah Puran Singh
608,18841,cast,8,Mukhiya
608,18842,cast,9,Guran
608,21171,cast,10,Ishwar
608,10294,cast,11,Ram Singh
608,18840,cast,12,Ismail
608,279,cast,13,Arjan
608,5241,cast,14,Goli
608,24030,cast,15,Lakha
608,929,cast,16,Bagha
608,18709,cast,17,Deva Singh Sodhi
608,135,cast,18,Kachra
608,270,cast,19,Shambukaka
608,11621,cast,20,Col. Boyer
608,1836,director,1,
608,1836,writer,1,
608,13339,writer,2,
608,20580,writer,3,
608,13276,writer,4,
609,19336,cast,1,Self - President
609,8906,cast,2,Self - Secretary of State
609,21775,cast,3,Self - Army Captain
609,12134,cast,4,Self - Marine Embassy Guard
609,7381,cast,5,Self - CIA Analyst
609,8267,cast,6,Self - United States Ambassador to South Vietnam
609,13075,cast,7,"Self - Captain, South Vietnamese Navy"
609,19961,cast,8,Self - White House Press Secretary
609,7946,cast,9,Self - President
609,2553,cast,10,Self - College Student
609,21671,cast,11,Self - Marine Consulate Guard
609,18259,cast,12,"Self - Representative, California"
609,16489,cast,13,"Self - Representative, New Jersey"
609,22267,cast,14,Self - Consul General
609,9158,cast,15,"Self - Chief Engineer, USS Kirk"
609,7939,cast,16,Self - Marine Pilot
609,19214,cast,17,Self - Special Forces Advisor
609,11996,cast,18,Self - State Department Officer
609,4611,cast,19,"Self - Lieutenant, South Vietnamese Army"
609,16433,cast,20,Self - Marine Embassy Guard
609,20018,director,1,
609,15171,writer,1,
609,12984,writer,2,
610,3543,cast,1,Self
610,24011,cast,2,Self
610,21833,cast,3,Self
610,18743,cast,4,Self
610,22564,cast,5,Self
610,14129,director,1,
610,4712,writer,1,
611,3832,cast,1,Shukichi Somiya
611,20901,cast,2,Noriko Somiya
611,24211,cast,3,Aya Kitagawa
611,8710,cast,4,Masa Taguchi
611,9043,cast,5,Katsuyoshi
611,12329,cast,6,Shôichi Hattori
611,13347,cast,7,Akiko Miwa
611,15536,cast,8,Jo Onodera
611,24150,cast,9,Kiku
611,24099,cast,10,Misako
611,22930,cast,11,Shige
611,12326,cast,12,Seizô Hayashi
611,9305,cast,13,Takigawa's master
611,24097,cast,14,Teahouse Proprietress
611,14773,cast,15,Shite
611,17365,cast,16,Waki
611,9302,cast,17,Little drum
611,8717,cast,18,Big drum
611,21354,cast,19,
611,21986,cast,20,Prompter
611,24037,director,1,
611,12724,writer,1,
611,13237,writer,2,
611,24037,writer,3,
612,18400,cast,1,Lawrence
612,497,cast,2,Prince Faisal
612,1533,cast,3,Auda Abu Tayi
612,9664,cast,4,General Edmund Allenby
612,17602,cast,5,Sherif Ali
612,11909,cast,6,Turkish Bey
612,1532,cast,7,Colonel Brighton
612,4226,cast,8,Mr. Dryden
612,1764,cast,9,Jackson Bentley
612,5789,cast,10,General Archibald Murray
612,9477,cast,11,Gasim
612,7608,cast,12,Majid
612,16270,cast,13,Farraj
612,11403,cast,14,Daud
612,24357,cast,15,Tafas
612,9114,cast,16,Medical Officer
612,9660,cast,17,Club Secretary
612,9171,cast,18,R.A.M.C. Colonel
612,11317,cast,19,MP in Map Room
612,2961,cast,20,Captain at Officer's Club
612,5063,director,1,
612,19525,writer,1,
612,16229,writer,2,
613,361,cast,1,Corey
613,2738,cast,2,Le Commissaire Francois Mattei
613,8021,cast,3,Vogel
613,24254,cast,4,Jansen
613,17986,cast,5,Le Receleur
613,17953,cast,6,L'inspecteur général de la police
613,18611,cast,7,Le Gardien de prison
613,1053,cast,8,Rico
613,10480,cast,9,L'assistant de Mattei
613,7274,cast,10,Santi
613,24248,cast,11,Le juge d'instruction
613,19122,cast,12,Le directeur de la P.J.
613,10430,cast,13,Le fils Santi
613,10370,cast,14,Le garde-barrière
613,24245,cast,15,Un policier
613,1341,cast,16,L'ancienne amie de Corey
613,19587,cast,17,Le vendeur chez Mauboussin
613,19875,cast,18,Un policier
613,6150,cast,19,Le gardien du billard
613,10403,cast,20,Le tenancier d'hotel
613,10476,director,1,
613,10476,writer,1,
614,361,cast,1,Jef Costello
614,7274,cast,2,Le Commissaire
614,17003,cast,3,Jane Lagrange
614,3447,cast,4,La pianiste
614,9797,cast,5,L'homme de la passerelle
614,16249,cast,6,Wiener
614,19587,cast,7,Le barman
614,10480,cast,8,Olivier Rey
614,3424,cast,9,La jeune fille du vestiaire
614,19875,cast,10,1er inspecteur
614,3247,cast,11,2ème inspecteur
614,19699,cast,12,3ème inspecteur
614,1069,cast,13,Le garagiste
614,1072,cast,14,Policier - chauffeur de taxi
614,9788,cast,15,Policier speaker
614,7909,cast,16,Damolini
614,9796,cast,17,Garcia
614,18638,cast,18,1er Policier de la visite nocturne
614,15720,cast,19,2ème Policier de la visite nocturne
614,7686,cast,20,Maître d'hôtel
614,10476,director,1,
614,10476,writer,1,
614,11080,writer,2,
614,7917,writer,3,
615,22450,cast,1,Tom
615,2190,cast,2,Will
615,10586,cast,3,Vet at VA
615,5445,cast,4,Larry
615,16048,cast,5,Runner
615,18422,cast,6,Police Officer
615,6717,cast,7,K-9 Officer
615,4683,cast,8,Jean
615,862,cast,9,Valerie
615,20264,cast,10,Tiffany
615,16102,cast,11,James
615,10561,cast,12,Mr. Walters
615,21448,cast,13,Pastor
615,22072,cast,14,Devotional Dancer
615,2660,cast,15,Bob
615,9514,cast,16,Isaiah
615,9757,cast,17,4H Coach
615,1734,cast,18,Truck Driver
615,5438,cast,19,Detective
615,24371,cast,20,Teen Girl Traveler
615,5293,director,1,
615,5293,writer,1,
615,1427,writer,2,
615,18409,writer,3,
616,17237,cast,1,Ben Sanderson
616,6363,cast,2,Sera
616,12238,cast,3,Yuri
616,19315,cast,4,Peter
616,21736,cast,5,Marc Nussbaum
616,13094,cast,6,Sheila
616,6554,cast,7,Debbie
616,21781,cast,8,Man at Bar
616,23150,cast,9,Terri
616,8259,cast,10,L.A. Bartender
616,452,cast,11,Man at Strip Bar
616,20991,cast,12,Hispanic Prostitute
616,3193,cast,13,Bank Teller
616,1411,cast,14,Business Colleague
616,22424,cast,15,Mr. Simpson
616,23378,cast,16,Businessman #1
616,14395,cast,17,Weird Woman
616,7505,cast,18,Businessman #2
616,6043,cast,19,Mobster #3
616,23493,cast,20,Mobster #2
616,16397,director,1,
616,11574,writer,1,
616,16397,writer,2,
617,24091,cast,1,Shmulik
617,9546,cast,2,Assi
617,17656,cast,3,Hertzel
617,16145,cast,4,Yigal
617,24385,cast,5,Gamil
617,5943,cast,6,Syrian Captive
617,1829,cast,7,1st Phalangist
617,7000,cast,8,2nd Phalangist
617,19159,cast,9,Lebanese Mother
617,3088,cast,10,Lebanese Father
617,254,cast,11,Lebanese child
617,7012,cast,12,Lebanese child
617,13061,cast,13,Lebanese Boy
617,9236,cast,14,BMW Driver
617,9218,cast,15,Truck Driver
617,5197,cast,16,Army Doctor
617,1654,cast,17,Cornelia
617,8393,cast,18,Israeli soldiers supervisor
617,8427,cast,19,Israeli soldier
617,9544,cast,20,Israeli soldier
617,20516,director,1,
617,20516,writer,1,
618,10694,cast,1,Bruno
618,5281,cast,2,Sonia
618,10695,cast,3,Steve
618,6976,cast,4,Jeune Bandit
618,17584,cast,5,Policier en civil
618,1404,cast,6,Commerçante
618,2301,cast,7,Commerçant
618,10374,cast,8,Le Policier en civil
618,7469,cast,9,Bandit plus âgé
618,15060,cast,10,Une infirmière
618,13808,cast,11,Policier Commissariat
618,5345,cast,12,La fille aux cheveux rouges
618,21544,cast,13,Jeune Homme
618,20506,cast,14,Thomas
618,7272,cast,15,Remy
618,8958,cast,16,Abdel
618,8468,cast,17,La concierge du toit
618,21543,cast,18,La receleuse
618,3468,cast,19,La vendeuse landau
618,1438,cast,20,Infirmière ONE
618,10468,director,1,
618,14339,director,2,
618,10468,writer,1,
618,14339,writer,2,
619,13234,cast,1,Owen
619,3837,cast,2,Abby
619,19299,cast,3,The Father
619,3183,cast,4,Owen's Mother
619,6336,cast,5,The Policeman
619,20665,cast,6,Virginia
619,5981,cast,7,Larry
619,3868,cast,8,Jack
619,19455,cast,9,Mr. Zoric
619,5983,cast,10,Kenny
619,10990,cast,11,Mark
619,17234,cast,12,Donald
619,19052,cast,13,Nurse
619,20892,cast,14,High School Kid
619,1833,cast,15,Lanky Kid
619,2827,cast,16,Kenny's Brother
619,8447,cast,17,Girl in Pool
619,4367,cast,18,Video Arcade Counterman
619,20094,cast,19,Scottie Tate
619,2806,cast,20,Principal
619,15626,director,1,
619,15626,writer,1,
619,11292,writer,2,
620,2558,cast,1,Self
620,18892,cast,2,Self
620,23886,cast,3,Self
620,23756,cast,4,Self
620,5336,cast,5,Self
620,23738,cast,6,Self
620,13628,cast,7,Self
620,14308,cast,8,Self
620,7370,cast,9,Self
620,11290,cast,10,Self
620,5167,cast,11,Self
620,21793,cast,12,Self
620,22767,cast,13,Self
620,11387,cast,14,Self
620,14377,cast,15,Self
620,2260,cast,16,Self
620,10041,cast,17,Self
620,6204,cast,18,Self
620,22735,cast,19,Self
620,17468,cast,20,Self
620,10269,director,1,
621,12490,cast,1,Oskar
621,14010,cast,2,Eli
621,18234,cast,3,Håkan
621,8879,cast,4,Erik
621,12524,cast,5,Yvonne
621,18296,cast,6,Lacke
621,9331,cast,7,Virginia
621,16376,cast,8,Jocke
621,12544,cast,9,Gösta
621,1035,cast,10,Morgan
621,17717,cast,11,Larry
621,3454,cast,12,Magister Avila
621,17925,cast,13,Conny
621,11268,cast,14,Andreas
621,16374,cast,15,Martin
621,18958,cast,16,Jimmy
621,21430,cast,17,Janne - Eriks kompis
621,14712,cast,18,Sjukhusreceptionist
621,2313,cast,19,Virginias sjuksköterska
621,12440,cast,20,Lärarinnan
621,22760,director,1,
621,11292,writer,1,
622,15852,cast,1,Martin Riggs
622,4809,cast,2,Roger Murtaugh
622,7639,cast,3,Joshua
622,16598,cast,4,The General
622,22635,cast,5,Michael Hunsaker
622,4859,cast,6,Trish Murtaugh
622,22939,cast,7,Rianne Murtaugh
622,9740,cast,8,Amanda Hunsaker
622,4627,cast,9,Nick Murtaugh
622,6014,cast,10,Carrie Murtaugh
622,2447,cast,11,Beat Cop
622,14496,cast,12,Dixie
622,17872,cast,13,Cop #1
622,5721,cast,14,Cop #2
622,10973,cast,15,Drug Dealer #1
622,10279,cast,16,"Drug Dealer #2, Club Suspect"
622,2574,cast,17,Drug Dealer #3
622,7593,cast,18,Cop
622,19590,cast,19,Cop
622,20831,cast,20,Policewoman
622,19259,director,1,
622,20936,writer,1,
622,10588,writer,2,
623,15852,cast,1,Martin Riggs
623,4809,cast,2,Roger Murtaugh
623,11205,cast,3,Leo Getz
623,17931,cast,4,Rika Van Den Haas
623,12076,cast,5,Arjen Rudd
623,5460,cast,6,Pieter Vorstedt
623,4859,cast,7,Trish Murtaugh
623,22939,cast,8,Rianne Murtaugh
623,21679,cast,9,Captain Murphy
623,15244,cast,10,Hans
623,10624,cast,11,Meagan Shapiro
623,5252,cast,12,Tim Cavanaugh
623,12340,cast,13,Tom Wyler
623,17120,cast,14,Eddie Estaban
623,18528,cast,15,Joseph Ragucci
623,8272,cast,16,Jerry Collins
623,22823,cast,17,Marcelli
623,4627,cast,18,Nick Murtaugh
623,6014,cast,19,Carrie Murtaugh
623,800,cast,20,George
623,19259,director,1,
623,10588,writer,1,
623,20936,writer,2,
623,23582,writer,3,
624,12892,cast,1,General Kuribayashi
624,12721,cast,2,Saigô
624,23018,cast,3,Baron Nishi
624,20281,cast,4,Shimizu
624,21077,cast,5,Lieutenant Itô
624,9021,cast,6,Lieutenant Fujita
624,22043,cast,7,Captain Tanida
624,24194,cast,8,Nozaki
624,22026,cast,9,Kashiwara
624,6249,cast,10,Lieutenant Ôkubo
624,16868,cast,11,Hanako
624,17368,cast,12,Admiral Ôsugi
624,14353,cast,13,Sam
624,21396,cast,14,Medic Endô
624,21698,cast,15,Kanda
624,9003,cast,16,Lt. Colonel Ôiso
624,22917,cast,17,Captain Iwasaki
624,24131,cast,18,Private Yamazaki
624,22907,cast,19,Colonel Adachi
624,12869,cast,20,Maj. General Hayashi
624,4297,director,1,
624,9465,writer,1,
624,18019,writer,2,
624,21988,writer,3,
624,23017,writer,4,
625,538,cast,1,Nikolay
625,6318,cast,2,Lilya
625,19928,cast,3,Mer
625,23465,cast,4,Dmitriy
625,1378,cast,5,Anzhela
625,537,cast,6,Pasha
625,20869,cast,7,Romka
625,18679,cast,8,Vitya
625,20865,cast,9,Stepanych
625,23175,cast,10,Arkhierey
625,792,cast,11,Sudya
625,14923,cast,12,Prokuror
625,5649,cast,13,Nachalnik politsii
625,20866,cast,14,Operativnik
625,9326,cast,15,Sledovatel
625,9327,cast,16,Svyashchennik
625,13259,cast,17,
625,17530,cast,18,Matushka
625,15157,cast,19,Rabotnitsa prokuratury
625,9456,cast,20,Zhena mera
625,1179,director,1,
625,17520,writer,1,
625,1179,writer,2,
626,10913,cast,1,Fletcher Reede
626,15700,cast,2,Audrey Reede
626,874,cast,3,Miranda
626,10667,cast,4,Samantha Cole
626,12373,cast,5,Max Reede
626,3384,cast,6,Jerry
626,1405,cast,7,Greta
626,10243,cast,8,Judge Marshall Stevens
626,21930,cast,9,Dana Appleton
626,16598,cast,10,Mr. Allan
626,4077,cast,11,Kenneth Falk
626,6676,cast,12,Richard Cole
626,18917,cast,13,Skull - Defendant on Courthouse Steps
626,3769,cast,14,Jane - Receptionist
626,21926,cast,15,Pete
626,2201,cast,16,Randy
626,10220,cast,17,Zit Boy
626,15019,cast,18,Ms. Berry - Teacher
626,13280,cast,19,Lady in Elevator
626,21595,cast,20,Police Officer - Motorcycle Unit
626,22731,director,1,
626,18016,writer,1,
626,21606,writer,2,
627,429,cast,1,Alana
627,4420,cast,2,Gary
627,20790,cast,3,Jack Holden
627,22747,cast,4,Rex Blau
627,23691,cast,5,Kirk
627,8349,cast,6,Mark
627,9990,cast,7,Tim
627,5491,cast,8,"Cherry Bomb Kid, Fat Bernie's Pinball Crowd"
627,19458,cast,9,Cherry Bomb Kid
627,8630,cast,10,Cherry Bomb Kid
627,20669,cast,11,Tiny Toes Girl
627,12536,cast,12,Tiny Toes Girl
627,20689,cast,13,Tiny Toes Girl
627,5832,cast,14,Tiny Toes Girl
627,1337,cast,15,Tiny Toes Girl
627,101,cast,16,Tiny Toes Photographer
627,12060,cast,17,Tiny Toes Photographer
627,17894,cast,18,Tiny Toes Photographer
627,4376,cast,19,Tiny Toes Photographer
627,14365,cast,20,Grant High School Student
627,18103,director,1,
627,18103,writer,1,
628,774,cast,1,Wendy
628,10910,cast,2,Andy
628,4177,cast,3,Natalie
628,10155,cast,4,Nicola
628,21617,cast,5,Patsy
628,22546,cast,6,Aubrey
628,5185,cast,7,Nicola's Lover
628,16779,cast,8,Paula
628,5104,cast,9,Steve
628,8626,cast,10,Customer
628,18104,cast,11,Chef
628,9715,cast,12,Nigel
628,16411,director,1,
628,16411,writer,1,
629,19873,cast,1,Self
629,3747,cast,2,Self
629,7740,cast,3,Self
629,15383,cast,4,Self
629,23653,cast,5,Self
629,1916,cast,6,Self
629,6779,cast,7,Self
629,21623,cast,8,Roger Ebert
629,18882,cast,9,Self
629,8330,cast,10,Self
629,21678,cast,11,Self
629,16900,cast,12,Self
629,15283,cast,13,Self
629,21380,cast,14,Self
629,11837,cast,15,Self
629,1611,cast,16,Self
629,5803,cast,17,Self
629,23820,cast,18,Self
629,19241,cast,19,Self
629,9125,cast,20,Self
629,21678,director,1,
630,14861,cast,1,Pedro Muzquiz
630,14481,cast,2,Tita
630,19079,cast,3,Mamá Elena
630,15119,cast,4,Doctor John Brown
630,72,cast,5,Nacha
630,24026,cast,6,Rosaura
630,4232,cast,7,Gertrudis
630,18645,cast,8,Chencha
630,7006,cast,9,Cura
630,11129,cast,10,Sargento Treviño
630,19843,cast,11,Juan Alejándrez
630,14919,cast,12,Paquita Lobo
630,20539,cast,13,Esperanza Muzquiz
630,1112,cast,14,Alex Brown
630,19090,cast,15,Nicolás
630,7715,cast,16,Rosalio
630,5114,cast,17,Juan de la Garza
630,2915,cast,18,Tía Mary
630,866,cast,19,Padre de Pedro
630,1631,cast,20,Bisnieta
630,675,director,1,
630,13539,writer,1,
630,4191,writer,2,
631,4921,cast,1,Lilo
631,3929,cast,2,Stitch
631,22458,cast,3,Nani
631,5110,cast,4,Jumba
631,13031,cast,5,Pleakley
631,23390,cast,6,Cobra Bubbles
631,24370,cast,7,Grand Councilwoman
631,10281,cast,8,David Kawena
631,13036,cast,9,Captain Gantu
631,21853,cast,10,Rescue Lady
631,969,cast,11,Mrs. Hasagawa
631,21641,cast,12,
631,6540,cast,13,Woman
631,9619,cast,14,Alien Guard
631,2409,cast,15,Man
631,6700,cast,16,Mertle's Friend
631,2616,cast,17,Officer
631,21649,cast,18,Hammerhead Guard
631,19833,cast,19,Man
631,3443,cast,20,Fainting Girl
631,5248,director,1,
631,3929,director,2,
631,3929,writer,1,
631,5248,writer,2,
632,4716,cast,1,Abraham Lincoln
632,20379,cast,2,Mary Todd Lincoln
632,5180,cast,3,William Seward
632,11981,cast,4,Robert Lincoln
632,10061,cast,5,W.N. Bilbo
632,8497,cast,6,Preston Blair
632,22785,cast,7,Thaddeus Stevens
632,11450,cast,8,Robert Latham
632,9733,cast,9,Alexander Stephens
632,2988,cast,10,Edwin Stanton
632,22479,cast,11,Richard Schell
632,11966,cast,12,John Hay
632,10213,cast,13,Ulysses S. Grant
632,13718,cast,14,Fernando Wood
632,18394,cast,15,George Pendleton
632,8378,cast,16,Tad Lincoln
632,8181,cast,17,Elizabeth Keckley
632,10723,cast,18,John Nicolay
632,16205,cast,19,George Yeaman
632,2731,cast,20,Alexander Coffroth
632,21733,director,1,
632,22854,writer,1,
632,5840,writer,2,
633,15284,cast,1,Self
633,21529,cast,2,Self
633,2307,cast,3,Self
633,15995,cast,4,Young Marlon Brando
633,15285,cast,5,Self
633,3961,cast,6,Self
633,5545,cast,7,Self
633,4395,cast,8,Self
633,16716,cast,9,Self
633,7226,cast,10,Self
633,2355,cast,11,Self
633,11240,cast,12,Self
633,1348,cast,13,Self
633,6334,cast,14,Self
633,19585,cast,15,Self
633,15369,cast,16,Self
633,20317,cast,17,Self
633,5863,cast,18,Self
633,19817,cast,19,Self
633,13030,cast,20,Self
633,21638,director,1,
633,21638,writer,1,
633,18326,writer,2,
634,12607,cast,1,Sarah Pierce
634,10637,cast,2,Kathy Adamson
634,17922,cast,3,Brad Adamson
634,9733,cast,4,Ronnie J. McGorvey
634,17356,cast,5,Larry Hedges
634,8314,cast,6,Richard Pierce
634,18583,cast,7,May McGorvey
634,19012,cast,8,Bullhorn Bob
634,10135,cast,9,Sheila
634,23043,cast,10,Aaron Adamson
634,20331,cast,11,Lucy Pierce
634,8805,cast,12,Jean
634,20613,cast,13,Slutty Kay
634,15431,cast,14,Mary Ann
634,22986,cast,15,Theresa
634,15296,cast,16,Cheryl
634,23705,cast,17,Narrator
634,3439,cast,18,Marjorie
634,22409,cast,19,Troy
634,1327,cast,20,Isabella
634,22611,director,1,
634,22611,writer,1,
634,22722,writer,2,
635,8300,cast,1,Brian Jardine
635,10640,cast,2,Kathy Jardine
635,18148,cast,3,Leonor Calvelli
635,22353,cast,4,Jake Jardine
635,11597,cast,5,Mr. Plummer
635,3824,cast,6,Pilar
635,21472,cast,7,Sal Bartolini
635,22054,cast,8,Audrey
635,15974,cast,9,Tony Calvelli
635,21532,cast,10,Nina
635,24107,cast,11,Arkadina
635,13669,cast,12,Director
635,14715,cast,13,Umar
635,1479,cast,14,Joey
635,688,cast,15,Hernán
635,15734,cast,16,Acting Teacher
635,14605,cast,17,Julia
635,5446,cast,18,Luke
635,22200,cast,19,Eva
635,4188,cast,20,Sally
635,9430,director,1,
635,15735,writer,1,
635,9430,writer,2,
636,19403,cast,1,Seymour Krelborn
636,6433,cast,2,Audrey
636,23361,cast,3,Mushnik
636,13905,cast,4,Audrey II
636,21685,cast,5,Orin Scrivello D.D.S.
636,22465,cast,6,Crystal
636,16315,cast,7,Ronette
636,22574,cast,8,Chiffon
636,10905,cast,9,Patrick Martin
636,11355,cast,10,Wink Wilkinson
636,4055,cast,11,The First Customer
636,2464,cast,12,Arthur Denton
636,21476,cast,13,Narrator
636,2333,cast,14,'Downtown' Old Woman
636,6054,cast,15,'Downtown' Bum #1
636,420,cast,16,'Downtown' Bum #2
636,11637,cast,17,'Downtown' Bum #3
636,23380,cast,18,Chinese Florist
636,14671,cast,19,Doo-Wop Street Singer
636,4801,cast,20,Doo-Wop Street Singer
636,7361,director,1,
636,9096,writer,1,
636,19869,writer,2,
636,3573,writer,3,
637,21871,cast,1,Mrs. March
637,23897,cast,2,Jo March
637,13190,cast,3,Younger Amy March
637,4164,cast,4,Beth March
637,7552,cast,5,Friedrich Bhaer
637,22986,cast,6,Meg March
637,20477,cast,7,Older Amy March
637,3955,cast,8,Laurie
637,6688,cast,9,John Brooke
637,11570,cast,10,Mr. Laurence
637,15503,cast,11,Aunt March
637,7137,cast,12,Hannah
637,19777,cast,13,Carriage Boy
637,4452,cast,14,Belle Gardiner
637,19049,cast,15,Mrs. Gardiner
637,4534,cast,16,Red Haired Young Man
637,2501,cast,17,Naughty Girl
637,14260,cast,18,Naughty Girl
637,10202,cast,19,Sally Moffat
637,20644,cast,20,Sally's Friend
637,8074,director,1,
637,14299,writer,1,
637,19795,writer,2,
638,12612,cast,1,Jo March
638,11064,cast,2,Amy March
638,18054,cast,3,Professor Bhaer
638,6144,cast,4,Aunt March
638,10451,cast,5,Beth March
638,7189,cast,6,Meg March
638,8911,cast,7,Mr. Laurence
638,5914,cast,8,Laurie
638,11516,cast,9,Brooke
638,21458,cast,10,Marmee March
638,20519,cast,11,Mr. March
638,14546,cast,12,Hannah
638,15132,cast,13,Mrs. Kirke
638,17485,cast,14,Mamie
638,8647,cast,15,Doctor Bangs
638,17324,cast,16,Housekeeper
638,7200,cast,17,Dance Teacher
638,14465,cast,18,Old Man
638,7133,cast,19,Seamstress
638,8600,cast,20,Laurence's Butler
638,7809,director,1,
638,14299,writer,1,
638,20651,writer,2,
638,23297,writer,3,
638,5326,writer,4,
638,682,writer,5,
638,3585,writer,6,
638,20371,writer,7,
638,5031,writer,8,
638,10163,writer,9,
638,7703,writer,10,
638,23565,writer,11,
638,11679,writer,12,
639,20592,cast,1,Jo March
639,6589,cast,2,Meg March
639,7139,cast,3,Amy March
639,6373,cast,4,Beth March
639,13537,cast,5,Marmee March
639,22528,cast,6,Laurie
639,22941,cast,7,Mr. Dashwood
639,2642,cast,8,Father March
639,10029,cast,9,John Brooke
639,14278,cast,10,Friedrich Bhaer
639,10343,cast,11,Hannah
639,3879,cast,12,Mr. Laurence
639,15933,cast,13,Aunt March
639,18820,cast,14,Friedrich's Friend
639,15558,cast,15,Friedrich's Friend
639,6547,cast,16,Friedrich's Friend
639,15509,cast,17,Mrs. Kirke
639,8472,cast,18,Sallie Gardiner Moffat
639,14195,cast,19,Concord Sales Clerk
639,3728,cast,20,Viola
639,8340,director,1,
639,8340,writer,1,
639,14299,writer,2,
640,10254,cast,1,Tom
640,5492,cast,2,Soap
640,17203,cast,3,Eddy
640,10285,cast,4,Bacon
640,21726,cast,5,Winston
640,17170,cast,6,J
640,17201,cast,7,Charles
640,3621,cast,8,Willie
640,23393,cast,9,Big Chris
640,13776,cast,10,Barry The Baptist
640,18393,cast,11,Little Chris
640,18463,cast,12,Hatchet Harry
640,7333,cast,13,Dog
640,21702,cast,14,Plank
640,9152,cast,15,Paul
640,20006,cast,16,Mickey
640,22861,cast,17,John
640,21605,cast,18,Nick The Greek
640,23209,cast,19,Rory Breaker
640,21753,cast,20,JD
640,8436,director,1,
640,8436,writer,1,
641,10013,cast,1,Prof. Humbert Humbert
641,21046,cast,2,Charlotte Haze
641,21801,cast,3,Lolita
641,7641,cast,4,Richard T. Schiller
641,10775,cast,5,John Farlow
641,5506,cast,6,Jean Farlow
641,14174,cast,7,Nurse Mary Lore
641,3458,cast,8,Physician
641,2436,cast,9,George Swine
641,21134,cast,10,Mrs. Starch
641,15020,cast,11,Vivian Darkbloom
641,15138,cast,12,Miss Lebone
641,9938,cast,13,Frederick Beale Sr.
641,15777,cast,14,Miss Fromkiss
641,11449,cast,15,Tom
641,4363,cast,16,Charlie Sedgewick
641,22264,cast,17,Man
641,3104,cast,18,Potts
641,19909,cast,19,Bill Crest
641,18418,cast,20,Clare Quilty
641,21496,director,1,
641,23463,writer,1,
641,21496,writer,2,
641,9882,writer,3,
642,22081,cast,1,"Wan Qiwen, Kaizhen"
642,12187,cast,2,Luo Hongwu
642,21954,cast,3,"Wildcat's Mom, Red-hair Woman"
642,9064,cast,4,Wildcat
642,24115,cast,5,Zuo Hongyuan
642,7043,cast,6,Wildcat (Childhood)
642,3841,cast,7,Pager
642,4129,cast,8,Ex-husband of Wan Qiwen
642,24016,cast,9,Woman Prisoner
642,14130,cast,10,Lover of Red-hair Woman
642,23968,cast,11,Woman in Jade Hotel
642,16525,cast,12,Traffic Police
642,24329,cast,13,Yellow-hair Man in Pool Room
642,10877,cast,14,Traffic Office
642,12435,cast,15,Hatchet Man D
642,12429,cast,16,Waiter of Hotel
642,4113,cast,17,Locomotive Prostitute
642,23981,cast,18,Karaoke Dancing Girl
642,22802,cast,19,Prison Guard
642,24350,cast,20,Luo's Stepmother
642,2395,director,1,
642,2395,writer,1,
643,17237,cast,1,Yuri Orlov
643,6824,cast,2,Jack Valentine
643,10216,cast,3,Vitaly Orlov
643,2909,cast,4,Ava Fontaine
643,20932,cast,5,Irina Orlov
643,10478,cast,6,Anatoly Orlov
643,10211,cast,7,Ukrainian Mobster
643,6692,cast,8,Ukrainian Mobster
643,5168,cast,9,Ukrainian Mobster
643,21749,cast,10,Ukrainian Mobster
643,10289,cast,11,Gregor
643,21591,cast,12,Eli Kurtzman
643,13233,cast,13,Boris
643,21537,cast,14,Liev
643,10702,cast,15,Arms Fair Salesman
643,9263,cast,16,Simeon Weisz
643,22096,cast,17,Ingrid
643,14145,cast,18,Natasha
643,24029,cast,19,Lebanese Customer
643,5783,cast,20,Colonel Oliver Southern
643,1158,director,1,
643,1158,writer,1,
644,6611,cast,1,Narrator
644,2173,cast,2,Officer Frank Smith in Dragnet
644,10903,cast,3,Frank Stark in Rebel Without A Cause
644,2797,cast,4,Lana Turner in L.A. Confidential
644,7717,cast,5,Dr. Clayton Forrester
644,19221,cast,6,"Roy Morgan, Roy Martin in He Walked By Night"
644,9153,cast,7,George Copeland in The Blue Dahlia
644,23747,cast,8,Buzz Wanchek in The Blue Dahlia
644,1291,cast,9,Veda Pierce in Mildred Pierce
644,10907,cast,10,Terry Lennox in The Long Goodbye
644,8272,cast,11,FBI Agent Little Johnson in Die Hard
644,9905,cast,12,Tom Powers in The Public Enemy
644,14188,cast,13,Charles 'Butcher' Benton in The Indestructible Man
644,11378,cast,14,"Doctor Crawford, Matthew Crawford in Timestalkers"
644,2426,cast,15,Al Hickey in Hickey & Boggs
644,19551,cast,16,Frank Boggs in Hickey & Boggs
644,9098,cast,17,Dave Pomeroy in Panic in the City
644,5263,cast,18,Penny in Three Smart Girls
644,15203,cast,19,Mark in Zabriskie Point
644,11434,cast,20,"Frank Chambers, Nick Blake"
644,22374,director,1,
644,22374,writer,1,
645,2464,cast,1,Bob Harris
645,20699,cast,2,Charlotte
645,8117,cast,3,John
645,1342,cast,4,Kelly
645,290,cast,5,Ms. Kawasaki
645,12733,cast,6,Press Agent
645,12715,cast,7,Press Agent
645,22031,cast,8,Press Agent
645,20291,cast,9,Concierge
645,319,cast,10,Bellboy
645,3428,cast,11,Jazz Singer
645,7260,cast,12,Sausalito Piano
645,22502,cast,13,Sausalito Guitar
645,8332,cast,14,American Businessman #1
645,19212,cast,15,American Businessman #2
645,5502,cast,16,Commercial Director
645,12325,cast,17,Suntory Client
645,16922,cast,18,Premium Fantasy Woman
645,22293,cast,19,Stills Photographer
645,12465,cast,20,Make-Up Person
645,21344,director,1,
645,21344,writer,1,
646,9441,cast,1,Terry McKay
646,3584,cast,2,Michel Marnay
646,14980,cast,3,Grandmother
646,13684,cast,4,Kenneth Bradley
646,1850,cast,5,Lois Clarke
646,15722,cast,6,Maurice Cobert
646,15433,cast,7,Theate Patron
646,20750,cast,8,Boy on Ship
646,7068,cast,9,Terry's Landlady
646,15437,cast,10,Autograph Seeker
646,22662,cast,11,Drunk with Christmas Tree
646,2342,cast,12,Ship Passenger
646,7824,cast,13,Ship Passenger
646,10351,cast,14,Doctor
646,11184,cast,15,Theatre Patron
646,5340,cast,16,Cafe Manager
646,13925,cast,17,Doctor
646,3318,cast,18,Nightclub Patron
646,14161,cast,19,Doctor
646,18577,cast,20,Annie - Terry's Maid
646,13794,director,1,
646,5342,writer,1,
646,5777,writer,2,
646,16467,writer,3,
646,13794,writer,4,
646,21334,writer,5,
647,12576,cast,1,Lady Susan Vernon
647,3843,cast,2,Alicia Johnson
647,23961,cast,3,Reginald DeCourcy
647,6577,cast,4,Catherine DeCourcy Vernon
647,16734,cast,5,Frederica Vernon
647,22637,cast,6,Sir James Martin
647,10629,cast,7,Lady Lucy Manwaring
647,14167,cast,8,Lord Manwaring
647,21421,cast,9,Miss Maria Manwaring
647,21588,cast,10,Mr. Johnson
647,11875,cast,11,"Edward, Head Footman"
647,20081,cast,12,Owen
647,7367,cast,13,Approaching Gentleman
647,12375,cast,14,Charles Vernon
647,12815,cast,15,Mrs. Cross
647,4406,cast,16,Wilson The Butler
647,4407,cast,17,The Young Curate
647,7352,cast,18,Coachman
647,21967,cast,19,Vernon Child
647,4739,cast,20,Vernon Child
647,23667,director,1,
647,23667,writer,1,
647,10137,writer,2,
648,15508,cast,1,Zhenya
648,21352,cast,2,Girl in Restaurant
648,23465,cast,3,Man Asking for Phone Number
648,15104,cast,4,Masha
648,1023,cast,5,Girl in Restaurant
648,18689,cast,6,
648,23208,cast,7,Lena
648,537,cast,8,Boris
648,6932,cast,9,Hairstilist
648,1181,cast,10,Anton
648,24013,cast,11,Girl in Restaurant
648,533,cast,12,Koordinator
648,16989,cast,13,Zhenya's Mother
648,15691,cast,14,Alyosha
648,9458,cast,15,
648,13310,cast,16,
648,15770,cast,17,Pokupatel
648,1797,cast,18,Kuznetsov
648,9359,cast,19,
648,22136,cast,20,Sofiya
648,1179,director,1,
648,17520,writer,1,
648,1179,writer,2,
649,22855,cast,1,Mr. Yee
649,22081,cast,2,"Wong Chia Chi, Mrs. Mak"
649,11071,cast,3,Mrs. Yee
649,13737,cast,4,Kuang Yu Min
649,23012,cast,5,Old Wu
649,24342,cast,6,Lai Shu Jin
649,24078,cast,7,Huang Lei
649,13645,cast,8,Liang Jun Sheng
649,11731,cast,9,"Auyang Ling Wen, Mr. Mak"
649,12482,cast,10,Tsao
649,24005,cast,11,Mrs. Ma
649,20351,cast,12,Mrs. Hsiao
649,20170,cast,13,Wang's Aunt
649,9195,cast,14,Mrs. Liao
649,10884,cast,15,Mrs. Leung
649,1606,cast,16,Khalid Saiduddin
649,290,cast,17,Japanese Tavern Boss Lady
649,8748,cast,18,Japanese Colonel Sato
649,20899,cast,19,Geisha in Japanese Tavern
649,17428,cast,20,Musician in Japanese Tavern
649,1212,director,1,
649,6256,writer,1,
649,10052,writer,2,
649,9195,writer,3,
650,23396,cast,1,Ma Rainey
650,3527,cast,2,Levee
650,8187,cast,3,Toledo
650,4383,cast,4,Cutler
650,16168,cast,5,Slow Drag
650,10720,cast,6,Irvin
650,11852,cast,7,Sturdyvant
650,22157,cast,8,Dussie Mae
650,5953,cast,9,Sylvester
650,12063,cast,10,Policeman
650,18762,cast,11,Band Singer
650,3835,cast,12,Ma Rainey's Dancer
650,15798,cast,13,Ma Rainey's Dancer
650,11277,cast,14,Ma Rainey's Dancer
650,17613,cast,15,Ma Rainey's Dancer
650,13630,cast,16,Ma Rainey's Dancer
650,21225,cast,17,Ma Rainey's Dancer
650,14688,cast,18,Ma Rainey's Dancer
650,3422,cast,19,Ma Rainey's Dancer
650,22814,cast,20,Laborer
650,7797,director,1,
650,20135,writer,1,
650,1887,writer,2,
651,14676,cast,1,Yumiko
651,22021,cast,2,Tamio
651,21989,cast,3,Ikuo
651,8196,cast,4,Yuichi
651,16931,cast,5,Tomoko
651,16350,cast,6,Michiko
651,306,cast,7,Yoshihiro
651,16816,cast,8,Tomeno
651,8965,cast,9,Master
651,9011,cast,10,Hatsuko
651,16537,cast,11,Detective
651,19110,cast,12,"Hiroshi, Yumiko's Father"
651,13090,cast,13,"Kiyo, Yumiko's Grandmother"
651,21181,cast,14,Cop
651,22018,cast,15,Driver
651,20696,cast,16,Yumiko as a Young Girl
651,9006,director,1,
651,22279,writer,1,
651,24140,writer,2,
652,22685,cast,1,Max Rockatansky
652,3721,cast,2,Imperator Furiosa
652,17160,cast,3,Nux
652,24378,cast,4,Toast the Knowing
652,9167,cast,5,Immortan Joe
652,12041,cast,6,Slit
652,17019,cast,7,Rictus Erectus
652,20069,cast,8,The Splendid Angharad
652,19434,cast,9,Capable
652,24,cast,10,The Dag
652,4470,cast,11,Cheedo the Fragile
652,11466,cast,12,The People Eater
652,19233,cast,13,The Bullet Farmer
652,9425,cast,14,The Doof Warrior
652,1271,cast,15,The Organic Mechanic
652,10644,cast,16,Miss Giddy
652,15823,cast,17,The Valkyrie
652,15881,cast,18,Keeper of the Seeds
652,15890,cast,19,The Vuvalini
652,8076,cast,20,The Vuvalini
652,7862,director,1,
652,7862,writer,1,
652,2812,writer,2,
652,17199,writer,3,
653,476,cast,1,Antonio Badalamenti
653,17432,cast,2,Marta
653,7572,cast,3,Rosalia
653,23077,cast,4,Don Vincenzo
653,4150,cast,5,Donatella
653,12678,cast,6,Patrizia
653,1693,cast,7,Dr. Zanchi
653,13990,cast,8,Dr. Zanchi's Secretary
653,16281,cast,9,Young Baroness
653,7209,cast,10,Don Calogero
653,3289,cast,11,Don Liborio
653,21524,cast,12,
653,17752,cast,13,
653,9165,cast,14,Frank
653,23387,cast,15,
653,8138,cast,16,
653,11675,cast,17,
653,20692,cast,18,
653,473,director,1,
653,18812,writer,1,
653,3008,writer,2,
653,14859,writer,3,
653,201,writer,4,
653,7537,writer,5,
654,7588,cast,1,Fernão de Magalhães
654,1218,cast,2,Beatriz Barbosa de Magalhães
654,865,cast,3,Enrique
654,4852,cast,4,Duarte Barbosa
654,8759,cast,5,Reyna Juana
654,20009,cast,6,Raja Humabon
654,22761,cast,7,Francisco Serrão
654,2701,cast,8,Raja Kulambo
654,15751,cast,9,Juan de Cartagena
654,19857,cast,10,D. Afonso de Albuquerque
654,23128,cast,11,Rui Faleiro
654,2939,cast,12,Bispo Juan de Fonseca
654,9567,cast,13,Cristóvão
654,18158,cast,14,Francisco Sá de Miranda
654,18818,cast,15,João Carvalho
654,1999,cast,16,Father Dela Reina
654,17753,cast,17,Mafaye
654,20662,cast,18,Babaylan
654,24246,cast,19,Nafea
654,8014,cast,20,Loa
654,13626,director,1,
654,13626,writer,1,
655,22656,cast,1,Frank T.J. Mackey
655,10276,cast,2,Earl Partridge
655,12246,cast,3,Linda Partridge
655,18525,cast,4,Phil Parma
655,17806,cast,5,"Sir Edmund William Godfrey, Young Pharmacy Kid"
655,7749,cast,6,Mrs. Godfrey
655,15202,cast,7,Joseph Green
655,17079,cast,8,Stanley Berry
655,19820,cast,9,Daniel Hill
655,804,cast,10,Firefighter
655,17942,cast,11,Delmer Darion
655,19002,cast,12,Reno Security Guard
655,2752,cast,13,Craig Hansen
655,10949,cast,14,Forensic Scientist
655,3916,cast,15,Sydney Barringer
655,4272,cast,16,Arthur Barringer
655,7325,cast,17,1958 Detective
655,11493,cast,18,1958 Policeman
655,4455,cast,19,Young Boy
655,22519,cast,20,Infomercial Guy
655,18103,director,1,
655,18103,writer,1,
656,20868,director,1,
657,5433,cast,1,Malcolm X
657,1219,cast,2,Betty Shabazz
657,5346,cast,3,West Indian Archie
657,21455,cast,4,Shorty
657,450,cast,5,Baines
657,335,cast,6,Elijah Muhammad
657,22361,cast,7,Laura
657,12606,cast,8,Sophia
657,14192,cast,9,Louise Little
657,22782,cast,10,Earl Little
657,10016,cast,11,Brother Earl
657,6762,cast,12,Sidney
657,10380,cast,13,Benjamin 2X
657,17514,cast,14,Pete
657,13496,cast,15,Sammy
657,15728,cast,16,Cadillac
657,5274,cast,17,Peg
657,18586,cast,18,Honey
657,20702,cast,19,Daniel
657,21394,cast,20,Cholly
657,21455,director,1,
657,1717,writer,1,
657,21455,writer,2,
657,562,writer,3,
657,14706,writer,4,
658,6919,cast,1,"Prisca, Mami Wata"
658,23116,cast,2,Zinwe
658,6503,cast,3,Jasper
658,19447,cast,4,Mama Efe
658,12804,cast,5,Jabi
658,22925,cast,6,Ero
658,22489,cast,7,Moussa
658,21349,cast,8,Alima
658,4938,cast,9,Ajah
658,8961,cast,10,Oli
658,17595,cast,11,Jabi Gang Member
658,10583,cast,12,Ajah's Youth Member
658,17625,cast,13,The Albino
658,3571,cast,14,Jabi Gang Member
658,13953,cast,15,Ajah's Youth Member
658,1958,cast,16,Ajah's Youth Member
658,13825,cast,17,Ajah's Youth Member
658,9861,cast,18,Johnny
658,12099,cast,19,Nurse
658,4155,cast,20,Doctor
658,4155,director,1,
658,4155,writer,1,
659,5433,cast,1,John W. Creasy
659,4102,cast,2,Paul Rayburn
659,4594,cast,3,Lupita Ramos
659,18803,cast,4,Lisa Ramos
659,14784,cast,5,Samuel Ramos
659,8024,cast,6,Miguel Manzano
659,16343,cast,7,Jordan Kalfus
659,18799,cast,8,Mariana Garcia Guerrero
659,19767,cast,9,Daniel Sanchez
659,10857,cast,10,Victor Fuentes
659,7988,cast,11,Aurelio Sanchez
659,15127,cast,12,Jorge Gonzalez
659,3672,cast,13,Jersey Boy
659,3305,cast,14,Guardian Three
659,6797,cast,15,Guardian Two
659,1252,cast,16,Sister Anna
659,17434,cast,17,Reina Rosas
659,20026,cast,18,Maria
659,8933,cast,19,Bruno
659,21669,cast,20,Insurance Lawyer
659,22874,director,1,
659,264,writer,1,
659,2864,writer,2,
660,18554,cast,1,Self
660,10401,cast,2,Self
660,10417,cast,3,Self
660,1446,cast,4,Self
660,5002,cast,5,Self
660,425,cast,6,Self
660,15225,cast,7,Self
660,2084,cast,8,Self
660,10951,cast,9,Self
660,8424,cast,10,Self
660,18060,cast,11,Philippe - Drama Reconstructions
660,4984,cast,12,Jean-Louis - Drama Reconstructions
660,1636,cast,13,Annie - Drama Reconstructions
660,7,cast,14,Jean-François - Drama Reconstructions
660,21008,cast,15,David - Drama Reconstructions
660,5140,cast,16,Alan - Drama Reconstructions
660,15821,cast,17,The Admirer - Drama Reconstructions
660,13590,cast,18,Dentist
660,19613,cast,19,Reporter on the Sidewalk
660,2982,cast,20,Security Guard on First Tower
660,10010,director,1,
660,18554,writer,1,
661,16446,cast,1,The Cameraman
661,6416,cast,2,Woman editing film
661,5991,director,1,
661,5991,writer,1,
662,3515,cast,1,Self
662,1281,cast,2,Self
662,2551,cast,3,Self
662,16935,cast,4,Self
662,8206,cast,5,Self
662,13066,cast,6,Self
662,3785,cast,7,Self
662,9056,cast,8,Self
662,21245,cast,9,Self
662,1280,cast,10,Self
662,20660,cast,11,Self
662,1985,cast,12,Itself
662,16601,cast,13,Self
662,9515,cast,14,Self
662,16504,cast,15,Self
662,13968,cast,16,Self
662,2565,cast,17,Self
662,12413,cast,18,Self
662,12414,cast,19,Self
662,21568,director,1,
662,17705,director,2,
663,3389,cast,1,Lee Chandler
663,16316,cast,2,Randi Chandler
663,13369,cast,3,Joe Chandler
663,14356,cast,4,Patrick
663,9570,cast,5,Young Patrick
663,19258,cast,6,Mr. Martinez (1st Tenant)
663,23417,cast,7,Mrs. Groom (2nd tenant)
663,18755,cast,8,Marianne (3rd Tenant)
663,16589,cast,9,Mrs. Olsen (4th Tenant)
663,21611,cast,10,Mr. Emery
663,2193,cast,11,Lenny - the bartender
663,15477,cast,12,Sharon
663,13917,cast,13,1st Businessman at Bar
663,1502,cast,14,2nd Businessman at Bar
663,4159,cast,15,George
663,21869,cast,16,Nurse Irene
663,19707,cast,17,Dr. Muller
663,20172,cast,18,Dr. Bethany
663,8347,cast,19,Elise Chandler
663,22699,cast,20,Stan Chandler
663,12922,director,1,
663,12922,writer,1,
664,23931,cast,1,Isaac
664,5531,cast,2,Mary
664,15066,cast,3,Tracy
664,16147,cast,4,Yale
664,15933,cast,5,Jill
664,1393,cast,6,Emily
664,12508,cast,7,Connie
664,16150,cast,8,Dennis
664,23316,cast,9,Party Guest
664,22573,cast,10,Party Guest
664,8810,cast,11,Party Guest
664,2170,cast,12,Guest of Honor
664,7679,cast,13,Television Director
664,12942,cast,14,Television Producer
664,3650,cast,15,Television Actor #1
664,12495,cast,16,Television Actor #2
664,5137,cast,17,Television Actor #3
664,4624,cast,18,Isaac's Son
664,23504,cast,19,Jeremiah
664,15227,cast,20,Shakespearean Actor
664,23931,director,1,
664,23931,writer,1,
664,15302,writer,2,
665,23827,cast,1,Will Graham
665,13106,cast,2,Molly Graham
665,11060,cast,3,Reba
665,2849,cast,4,Dr. Lecktor
665,5400,cast,5,Jack Crawford
665,21602,cast,6,Freddy Lounds
665,22719,cast,7,Francis Dollarhyde
665,5158,cast,8,Kevin Graham
665,2244,cast,9,Dr. Chilton
665,16208,cast,10,Geehan
665,4635,cast,11,Jimmy Price
665,16291,cast,12,Beverly Katz
665,19789,cast,13,Sarah
665,18075,cast,14,Dr. Sidney Bloom
665,17835,cast,15,Mrs. Sherman
665,2427,cast,16,Ralph Dandridge
665,636,cast,17,Eileen
665,17462,cast,18,Springfield
665,10969,cast,19,Spurgen
665,7406,cast,20,Lt. Fisk
665,16131,director,1,
665,22411,writer,1,
665,16131,writer,2,
666,1468,cast,1,Khosrow
666,1469,cast,2,Morteza
666,14535,cast,3,Khosrow
666,18883,cast,4,Kian
666,16643,director,1,
666,16643,writer,1,
667,19932,cast,1,La mère
667,3579,cast,2,Le père
667,12193,cast,3,Le bébé
667,21319,cast,4,Narrator in German version
667,8232,cast,5,Narrator
667,7114,cast,6,Narrator
667,21350,cast,7,Narrator
667,8980,cast,8,Haha-Penguin
667,20295,cast,9,Ko-Penguin
667,152,cast,10,Penguin Baby
667,14882,cast,11,Narrator
667,1080,cast,12,Penguin Mother
667,22898,cast,13,Penguin Father
667,22016,cast,14,Chichi-Penguin
667,15512,cast,15,Narrator
667,14341,director,1,
667,14341,writer,1,
667,16256,writer,2,
667,11873,writer,3,
668,3407,cast,1,María Álvarez
668,8361,cast,2,Lucy Díaz
668,17631,cast,3,Don Fernando
668,23412,cast,4,Juana
668,24055,cast,5,Blanca
668,19852,cast,6,Supervisor
668,3566,cast,7,Felipe
668,23887,cast,8,Juan
668,11275,cast,9,Diana Álvarez
668,6973,cast,10,Pacho
668,15578,cast,11,Pacho
668,6896,cast,12,Rosita
668,12136,cast,13,Female Pharmacist
668,10866,cast,14,Franklin
668,9834,cast,15,Javier
668,23303,cast,16,Pellet Maker
668,9182,cast,17,Pharmacist
668,1002,cast,18,Stewardess
668,75,cast,19,Carolina
668,14958,cast,20,Constanza
668,12067,director,1,
668,12067,writer,1,
669,81,cast,1,Charlie Barber
669,20699,cast,2,Nicole Barber
669,12205,cast,3,Street Solicitor #1
669,1960,cast,4,Henry Barber
669,23504,cast,5,Theater Actor
669,15662,cast,6,Theater Actor
669,6648,cast,7,Theater Actor
669,16345,cast,8,Theater Actor
669,5192,cast,9,Theater Actor
669,8038,cast,10,Theater Actor
669,10232,cast,11,Theater Actor
669,16774,cast,12,Theater Actor
669,19013,cast,13,Theater Actor
669,15504,cast,14,Theater Actor
669,18262,cast,15,Theater Actor
669,9439,cast,16,Theater Actor
669,15676,cast,17,Theater Actor
669,2149,cast,18,Theater Actor
669,2945,cast,19,Mary Ann
669,8558,cast,20,Set Designer
669,17354,director,1,
669,17354,writer,1,
670,22528,cast,1,Marty Mauser
670,8451,cast,2,Kay Stone
670,17496,cast,3,Rachel Mizler
670,13501,cast,4,Murray Norkin
670,15010,cast,5,Mariann
670,18858,cast,6,Lloyd
670,5486,cast,7,Norkin Customer
670,23060,cast,8,Wally
670,7829,cast,9,Lawrence
670,14468,cast,10,Dion Galanis
670,15108,cast,11,Not Marty's Messenger
670,7177,cast,12,Rebecca Mauser
670,20540,cast,13,Judy
670,6605,cast,14,Ira Mizler
670,11369,cast,15,Christopher Galanis
670,8011,cast,16,Béla Kletzki
670,13268,cast,17,Koto Endo
670,17218,cast,18,Wembley Photographer
670,17297,cast,19,Amit Vishwakarma
670,12789,cast,20,Wembley Round 1 Umpire
670,12053,director,1,
670,19985,writer,1,
670,12053,writer,2,
671,12248,cast,1,Mary Poppins
671,5565,cast,2,"Bert, Mr. Dawes, Senior"
671,5188,cast,3,Mr. Banks
671,8185,cast,4,Mrs. Banks
671,8943,cast,5,Domestic - Ellen the Maid
671,19151,cast,6,Domestic - Mrs. Brill the Cook
671,12501,cast,7,Child - Jane
671,15644,cast,8,Child - Michael
671,6474,cast,9,Katie Nanna
671,1783,cast,10,The Constable
671,19085,cast,11,Admiral Boom
671,6057,cast,12,Uncle Albert
671,10144,cast,13,The Bird Woman
671,1768,cast,14,"Mr. Dawes, Junior"
671,10003,cast,15,Bank Doorman
671,5703,cast,16,Mr. Binnacle
671,834,cast,17,Mrs. Corry
671,15161,cast,18,Miss Persimmon
671,15160,cast,19,Miss Lark
671,23519,cast,20,Citizen
671,19717,director,1,
671,2488,writer,1,
671,5715,writer,2,
671,18678,writer,3,
672,3547,cast,1,Madeleine Zimmer
672,15281,cast,2,Élisabeth Choquet
672,3423,cast,3,Catherine-Isabelle
672,10472,cast,4,Paul
672,16251,cast,5,Robert Packard
672,6888,cast,6,Elle (la femme dans le film)
672,2561,cast,7,Lui (l'homme dans le film)
672,24247,cast,8,L'homme qui se suicide
672,8861,cast,9,L'autre lecteur du bouquin porno
672,16331,cast,10,Record producer
672,2916,cast,11,Self
672,1555,cast,12,Le partenaire de Brigitte Bardot
672,3546,cast,13,La femme dans le métro
672,7280,cast,14,La compagne de l'officier américain
672,15813,cast,15,L'homme dans le métro
672,6475,cast,16,Mlle 19 ans de 'Mademoiselle Age Tendre'
672,5697,cast,17,Le lecteur du bouquin porno
672,10423,director,1,
672,10423,writer,1,
672,8421,writer,2,
673,20699,cast,1,Nola Rice
673,11835,cast,2,Chris Wilton
673,6551,cast,3,Chloe Hewett Wilton
673,15647,cast,4,Tom Hewett
673,595,cast,5,Mr. Townsend
673,18040,cast,6,Estate Agent
673,2849,cast,7,Alec Hewett
673,18214,cast,8,Eleanor Hewett
673,10199,cast,9,'La Traviata' Performers
673,410,cast,10,'La Traviata' Performers
673,15205,cast,11,Ping-Pong Player
673,18520,cast,12,Waiter
673,21271,cast,13,Rod Carver
673,7770,cast,14,Alan Sinclair
673,15460,cast,15,'Rigoletto' Performer
673,11425,cast,16,John the Chauffeur
673,20188,cast,17,Henry
673,17863,cast,18,Telephone Operator
673,1527,cast,19,Custodian
673,16554,cast,20,Heather
673,23931,director,1,
673,23931,writer,1,
674,16977,cast,1,Elizabeth
674,3933,cast,2,Aaron
674,3660,cast,3,Joe Yoo
674,12246,cast,4,Gracie
674,1078,cast,5,Rhonda
674,7555,cast,6,Charlie Atherton-Yoo
674,16440,cast,7,Molly
674,11136,cast,8,Sofia
674,6414,cast,9,Mary Atherton-Yoo
674,16414,cast,10,Ben
674,11083,cast,11,Lydia
674,5966,cast,12,Tom Atherton
674,3628,cast,13,Mr. Henderson
674,4086,cast,14,Tyler Ko
674,106,cast,15,"Benny Kim, Boy Actor #3"
674,13633,cast,16,Morris Sperber
674,4456,cast,17,Georgie
674,12842,cast,18,Joe Sr.
674,12265,cast,19,Mrs. Labriola
674,5926,cast,20,Cameron
674,22613,director,1,
674,20525,writer,1,
674,580,writer,2,
675,23572,cast,1,John McCabe
675,12254,cast,2,Constance Miller
675,19118,cast,3,Sheehan
675,23772,cast,4,The Lawyer
675,11636,cast,5,Smalley
675,4428,cast,6,Mr. Elliott
675,2325,cast,7,Bart Coyle
675,21043,cast,8,Ida Coyle
675,12778,cast,9,Cowboy
675,16147,cast,10,Sears
675,1602,cast,11,Hollander
675,9170,cast,12,Butler
675,14742,cast,13,Kid
675,9611,cast,14,Breed
675,9731,cast,15,Lily
675,6403,cast,16,Kate
675,3191,cast,17,Alma
675,22413,cast,18,Archer
675,14034,cast,19,Blanche
675,6394,cast,20,Birdie
675,19502,director,1,
675,6140,writer,1,
675,19502,writer,2,
675,2876,writer,3,
675,19725,writer,4,
675,11962,writer,5,
676,14046,cast,1,Cady Heron
676,11785,cast,2,Aaron Samuels
676,18790,cast,3,Regina George
676,22554,cast,4,Ms. Norbury
676,22507,cast,5,Mr. Duvall
676,978,cast,6,Mrs. George
676,995,cast,7,Cady's Mom
676,13393,cast,8,Gretchen Wieners
676,14146,cast,9,Janis Ian
676,4725,cast,10,Damian
676,17079,cast,11,Cady's Dad
676,884,cast,12,Karen Smith
676,18843,cast,13,Kevin Gnapoor
676,6294,cast,14,Spelling Girl
676,8266,cast,15,Homeschooled Boy
676,6492,cast,16,Homeschooled Boy
676,4923,cast,17,Homeschooled Boy
676,1949,cast,18,African Warrior
676,16670,cast,19,Kristen Hadley
676,11822,cast,20,Kristen's Boyfriend
676,15267,director,1,
676,20035,writer,1,
676,22554,writer,2,
677,19561,cast,1,Johnny Boy
677,8724,cast,2,Charlie
677,5134,cast,3,Tony
677,979,cast,4,Teresa
677,19348,cast,5,Michael
677,3509,cast,6,Giovanni
677,23285,cast,7,Mario
677,7858,cast,8,Joey
677,13778,cast,9,Jimmy
677,10524,cast,10,Diane
677,16809,cast,11,Oscar
677,4969,cast,12,Drunk
677,19540,cast,13,Boy With Gun
677,14177,cast,14,Jewish Girl
677,8684,cast,15,Soldier
677,5621,cast,16,Old Man
677,5647,cast,17,Cop
677,18328,cast,18,George
677,12195,cast,19,Girl At Party
677,19739,cast,20,Benton
677,15383,director,1,
677,15383,writer,1,
677,14879,writer,2,
678,19592,cast,1,John Cassellis
678,23244,cast,2,Eileen
678,18280,cast,3,Gus
678,15013,cast,4,Ruth
678,8598,cast,5,Harold
678,3624,cast,6,Harold's Father
678,21202,cast,7,Frank Baker
678,4000,cast,8,Dede
678,23848,cast,9,News Director
678,19659,cast,10,Pennybaker
678,15294,cast,11,Social Worker
678,2388,cast,12,Rich Lady
678,6178,cast,13,Plain-clothesman
678,5889,cast,14,Newscaster
678,18282,cast,15,Gun Clinic Manager
678,7929,cast,16,Secretary
678,20538,cast,17,Blonde in Car
678,10181,cast,18,Maid
678,10552,cast,19,Black Militant
678,2481,cast,20,Black Militant
678,8733,director,1,
678,8733,writer,1,
679,12181,cast,1,Esther Smith
679,14910,cast,2,'Tootie' Smith
679,15430,cast,3,Mrs. Anna Smith
679,14388,cast,4,Rose Smith
679,13800,cast,5,Mr. Alonzo Smith
679,22661,cast,6,John Truett
679,15164,cast,7,Katie (Maid)
679,8663,cast,8,Grandpa
679,12337,cast,9,Lucille Ballard
679,8900,cast,10,Lon Smith Jr.
679,11069,cast,11,Agnes Smith
679,9169,cast,12,Col. Darly
679,19719,cast,13,Warren Sheffield
679,3820,cast,14,Mr. Neely
679,21206,cast,15,Hugo Borvis
679,22636,cast,16,Trolley Song Performer
679,12152,cast,17,Girl on Trolley
679,23290,cast,18,A Driver
679,5762,cast,19,Dr. Girard
679,4802,cast,20,Boy at Party
679,23381,director,1,
679,9474,writer,1,
679,7434,writer,2,
679,20372,writer,3,
679,23297,writer,4,
679,23811,writer,5,
679,20651,writer,6,
679,5838,writer,7,
680,23700,cast,1,Megamind
680,11771,cast,2,Tighten
680,2755,cast,3,Metro Man
680,22554,cast,4,Roxanne Ritchi
680,4981,cast,5,Minion
680,2221,cast,6,Bernard
680,12391,cast,7,Megamind's Father
680,10840,cast,8,Megamind's Mother
680,22711,cast,9,"Lord Scott, Prison Guard"
680,6553,cast,10,Lady Scott
680,11025,cast,11,Warden
680,6419,cast,12,Schoolchild
680,18756,cast,13,Schoolchild
680,2866,cast,14,Prisoner
680,4066,cast,15,Prison Guard
680,16418,cast,16,Father in Crowd
680,10288,cast,17,Crying Baby
680,9632,cast,18,Newscaster
680,21596,cast,19,Mayor
680,22711,director,1,
680,418,writer,1,
680,2821,writer,2,
681,8433,cast,1,Leonard
681,3372,cast,2,Natalie
681,11203,cast,3,Teddy
681,15176,cast,4,Burt
681,20194,cast,5,Waiter
681,11895,cast,6,Leonard's Wife
681,21627,cast,7,Sammy
681,8625,cast,8,Mrs. Jankis
681,22427,cast,9,Doctor
681,3127,cast,10,Dodd
681,13150,cast,11,Blonde
681,15019,cast,12,Tattooist
681,13485,cast,13,Jimmy
681,5876,cast,14,Motel Guest
681,21565,cast,15,Jimmy's Daughter
681,3086,cast,16,Motel Guest
681,4088,director,1,
681,4088,writer,1,
681,11829,writer,2,
682,22473,cast,1,Jessica Holland
682,202,cast,2,Karen Holland
682,4730,cast,3,Juan Ospina
682,10740,cast,4,Mateo Ospina
682,12132,cast,5,Young Hernán Bedoya
682,10511,cast,6,Agnes Cerkinsky
682,234,cast,7,Vendor
682,4418,cast,8,Doctor Constanza
682,6417,cast,9,Older Hernán Bedoya
682,1007,cast,10,Hernan Wife
682,4764,cast,11,Anthropologist Assistant
682,1620,director,1,
682,1620,writer,1,
683,21372,cast,1,Detective Park Doo-man
683,13132,cast,2,Detective Seo Tae-yoon
683,19854,cast,3,Detective Cho Yong-koo
683,9820,cast,4,Sergeant Shin Dong-chul
683,3099,cast,5,Sergeant Koo Hee-bong
683,20840,cast,6,Officer Kwon Kwi-ok
683,21994,cast,7,Jo Byeong-soon
683,17352,cast,8,Baek Gwang-ho
683,17767,cast,9,Park Hyeon-gyu
683,15941,cast,10,Kwok Seol-yung
683,24172,cast,11,Eon Deok-nyeo
683,23922,cast,12,Kim So-hyeon
683,17511,cast,13,Oh Nam-joo
683,11848,cast,14,Gwang-ho's father
683,20906,cast,15,Journalist
683,9205,cast,16,Park Yeong-ja
683,21093,cast,17,Autopsy doctor
683,9819,cast,18,Boy in Opening Scene
683,9380,cast,19,Girl in Ending Scene
683,3100,cast,20,Doctor
683,2702,director,1,
683,2702,writer,1,
683,13362,writer,2,
683,21826,writer,3,
684,22785,cast,1,Kay
684,23715,cast,2,Jay
684,14022,cast,3,Laurel
684,23357,cast,4,Edgar
684,19441,cast,5,Zed
684,22875,cast,6,Jeebs
684,21297,cast,7,Beatrice
684,16421,cast,8,Gentle Rosenburg
684,11744,cast,9,Van Driver
684,20873,cast,10,Jose
684,3188,cast,11,Arquillian
684,7496,cast,12,INS Agent Janus
684,19285,cast,13,Dee
684,12946,cast,14,1st Lt. Jake Jensen
684,11297,cast,15,Mikey
684,12777,cast,16,Perp
684,12890,cast,17,Zap-Em Man
684,17871,cast,18,Mr. Redgick
684,2152,cast,19,Mrs. Redgick
684,20798,cast,20,Passport Officer
684,2101,director,1,
684,14324,writer,1,
684,6051,writer,2,
685,4528,cast,1,Carl Brashear
685,19561,cast,2,Billy Sunday
685,3721,cast,3,Gwen Sunday
685,1892,cast,4,Jo
685,8497,cast,5,Mr. Pappy
685,16171,cast,6,Snowhill
685,18707,cast,7,Captain Pullman
685,5053,cast,8,Captain Hartigan
685,9055,cast,9,Rourke
685,4975,cast,10,Hanks
685,12066,cast,11,Isert
685,3216,cast,12,Mac - Carl's Father
685,14192,cast,13,Ella - Carl's Mother
685,8187,cast,14,Chief Floyd
685,5424,cast,15,Boots
685,12061,cast,16,DuBoyce
685,22348,cast,17,Mellegrano
685,20262,cast,18,Yarmouth
685,3940,cast,19,Young Carl
685,13892,cast,20,Admiral Yon
685,7892,director,1,
685,20727,writer,1,
686,23066,cast,1,Caine
686,13456,cast,2,O-Dog
686,12336,cast,3,Grocery Store Woman
686,22907,cast,4,Grocery Store Man
686,20512,cast,5,Tat Lawson
686,1518,cast,6,Tony
686,2779,cast,7,Five Year Old Caine
686,8167,cast,8,Pernell
686,19080,cast,9,Clyde
686,13064,cast,10,Karen Lawson
686,6853,cast,11,Man #1
686,10038,cast,12,Man #2
686,16898,cast,13,Teacher
686,12316,cast,14,Anthony
686,9814,cast,15,Ronnie
686,15085,cast,16,Grandmama
686,1715,cast,17,Grandpapa
686,20305,cast,18,Harold Lawson
686,18699,cast,19,Doc
686,15805,cast,20,A-Wax
686,453,director,1,
686,821,director,2,
686,821,writer,1,
686,453,writer,2,
686,23047,writer,3,
687,15057,cast,1,Self
687,3506,cast,2,Self
687,13798,cast,3,Self
687,16274,cast,4,Self
687,7492,director,1,
688,2918,cast,1,"Maria, Maschinenmensch, The Machine Man"
688,681,cast,2,Johann (Joh) Fredersen
688,8402,cast,3,Freder Fredersen - Joh Fredersens Sohn
688,20148,cast,4,"Erfinder C.A. Rotwang, The Inventor"
688,7520,cast,5,"Der Schmale, The Thin Man"
688,22354,cast,6,"Josaphat, Joseph"
688,6782,cast,7,11811 - Georgy
688,8794,cast,8,"Grot -Wärter der Herzmaschine, Guardian of the Heart Machine"
688,7515,cast,9,"Schöpferischer Mensch, Creative Human"
688,8348,cast,10,"Arbeiterin, Working Woman"
688,17592,cast,11,"Arbeiterin, Working Woman"
688,15745,cast,12,"Arbeiter, Working Man"
688,6431,cast,13,"Arbeiterin, Working Woman"
688,2132,cast,14,"Frau der ewigen Gärten, Woman of Eternal Gardens"
688,8795,cast,15,"Zermonienmeister, Master of Ceremonies"
688,5659,cast,16,"Arbeiterin, Working Woman"
688,1464,cast,17,"Frau der ewigen Gärten, Woman of Eternal Gardens"
688,8234,cast,18,Man Playing Violin
688,7777,cast,19,"Arbeiter, Working Man Who Causes Explosion of M-Machine"
688,23547,cast,20,"Arbeiter, Working Man"
688,7518,director,1,
688,22342,writer,1,
688,7518,writer,2,
689,13304,cast,1,Narrator (English version)
689,9802,cast,2,"Récitant, Narrator (French version)"
689,4222,director,1,
689,15055,director,2,
689,4222,writer,1,
689,15055,writer,2,
690,5959,cast,1,Ratso
690,11768,cast,2,Joe Buck
690,21961,cast,3,Cass
690,11539,cast,4,Mr. O'Daniel
690,2805,cast,5,Shirley
690,2066,cast,6,Towny
690,20248,cast,7,Sally Buck
690,10663,cast,8,Annie
690,8083,cast,9,Woodsy Niles
690,7667,cast,10,Little Joe
690,21981,cast,11,Little Joe
690,7822,cast,12,Ralph
690,352,cast,13,Cafeteria Manager
690,14020,cast,14,Mother on the Bus
690,12110,cast,15,Old Cow-Hand
690,1671,cast,16,The Old Lady
690,7778,cast,17,Rich Lady
690,11814,cast,18,Jackie
690,1514,cast,19,TV Bishop
690,2614,cast,20,The Young Student
690,11635,director,1,
690,23496,writer,1,
690,10000,writer,2,
691,17686,cast,1,Gil
691,18790,cast,2,Inez
691,12658,cast,3,Gertrude Stein
691,13352,cast,4,John
691,16509,cast,5,Helen
691,16194,cast,6,Paul
691,17323,cast,7,Carol
691,3228,cast,8,Museum Guide
691,15729,cast,9,Man at Wine Tasting
691,22371,cast,10,1920's Partygoer
691,8366,cast,11,1920's Partygoer
691,1882,cast,12,1920's Partygoer
691,15063,cast,13,1920's Partygoer
691,24252,cast,14,Cole Porter
691,772,cast,15,Zelda Fitzgerald
691,22690,cast,16,F. Scott Fitzgerald
691,21382,cast,17,Joséphine Baker
691,4433,cast,18,Ernest Hemingway
691,4738,cast,19,Juan Belmonte
691,13612,cast,20,Antiques Dealer
691,23931,director,1,
691,23931,writer,1,
692,19561,cast,1,Jack Walsh
692,3629,cast,2,Jonathan Mardukas
692,24023,cast,3,Alonzo Mosely
692,11308,cast,4,Marvin Dorfler
692,5400,cast,5,Jimmy Serrano
692,11203,cast,6,Eddie Moscone
692,19270,cast,7,Tony Darvo
692,19663,cast,8,Joey
692,9668,cast,9,Jerry Geisler
692,23647,cast,10,Gail
692,4786,cast,11,Denise
692,18491,cast,12,Sidney
692,22707,cast,13,Red Wood
692,15454,cast,14,Bus Ticket Clerk
692,11673,cast,15,Monroe Bouchet
692,22414,cast,16,Sergeant Gooch
692,21506,cast,17,Stanley
692,20728,cast,18,Boy on Plane
692,14019,cast,19,Car Rental Clerk
692,14176,cast,20,Mrs. Nelson
692,15343,director,1,
692,7827,writer,1,
693,11073,cast,1,Mildred Pierce
693,9638,cast,2,Wally Fay
693,24283,cast,3,Monte Beragon
693,6900,cast,4,Ida Corwin
693,1291,cast,5,Veda Pierce
693,2962,cast,6,Bert Pierce
693,13719,cast,7,Maggie Biederhof
693,16756,cast,8,Inspector Peterson
693,23221,cast,9,Miriam Ellis
693,11028,cast,10,Kay Pierce
693,2405,cast,11,Soldier
693,2357,cast,12,Party Guest
693,18897,cast,13,Party Guest
693,7782,cast,14,Peterson's Assistant
693,9876,cast,15,Diner Customer
693,19506,cast,16,High School Boy
693,14512,cast,17,Waitress
693,13668,cast,18,Police Matron
693,3084,cast,19,Restaurant Passerby
693,5854,cast,20,Dorothy
693,16034,director,1,
693,18904,writer,1,
693,10004,writer,2,
693,23780,writer,3,
693,14900,writer,4,
693,457,writer,5,
693,14316,writer,6,
693,3437,writer,7,
693,14893,writer,8,
693,22311,writer,9,
694,20790,cast,1,Harvey Milk
694,12032,cast,2,Dan White
694,6526,cast,3,Cleve Jones
694,5587,cast,4,Jack Lira
694,9954,cast,5,Scott Smith
694,772,cast,6,Anne Kronenberg
694,23295,cast,7,Mayor Moscone
694,5375,cast,8,John Briggs
694,11966,cast,9,Dick Pabich
694,21622,cast,10,Rick Stokes
694,14354,cast,11,Danny Nicoletta
694,2775,cast,12,Jim Rivaldo
694,9120,cast,13,David Goodstein
694,12844,cast,14,Michael Wong
694,10562,cast,15,Art Agnos
694,22179,cast,16,Dennis Peron
694,2741,cast,17,Denton Smith
694,7345,cast,18,Frank Robinson
694,796,cast,19,Allan Baird
694,22633,cast,20,Tom Ammiano
694,8399,director,1,
694,5960,writer,1,
695,16621,cast,1,Chiyoko Fujiwara (70's)
695,21170,cast,2,Genya Tachibana
695,14726,cast,3,Chiyoko Fujiwara (20-40's)
695,7533,cast,4,Chiyoko Fujiwara (10-20's)
695,21162,cast,5,Eiko Shimao
695,9023,cast,6,Junichi Ootaki
695,9029,cast,7,Mother
695,12464,cast,8,Senior Manager of Ginei
695,22773,cast,9,Mino
695,22042,cast,10,Head Clerk
695,15533,cast,11,Young Genya
695,15549,cast,12,Kyoji Ida
695,15534,cast,13,The Man with the Scar
695,13242,cast,14,The Man of the Key
695,20677,director,1,
695,20677,writer,1,
695,20327,writer,2,
696,7552,cast,1,Tom Reagan
696,448,cast,2,Leo
696,11678,cast,3,Bernie Bernbaum
696,14847,cast,4,Verna
696,11756,cast,5,Johnny Caspar
696,10356,cast,6,Eddie Dane
696,16432,cast,7,Frankie
696,343,cast,8,Tic-Tac
696,19382,cast,9,Mayor Dale Levander
696,22741,cast,10,O'Doole
696,21653,cast,11,Mink
696,15126,cast,12,"Clarence ""Drop"" Johnson"
696,17521,cast,13,Tad
696,16105,cast,14,Adolph
696,13443,cast,15,Terry
696,10507,cast,16,Mrs. Caspar
696,14272,cast,17,"Johnny Caspar, Jr."
696,11535,cast,18,Cop - Brian
696,4795,cast,19,Cop - Delahanty
696,8815,cast,20,Screaming Lady
696,11236,director,1,
696,6822,director,2,
696,11236,writer,1,
696,6822,writer,2,
696,4896,writer,3,
697,8986,cast,1,Maggie Fitzgerald
697,4297,cast,2,Frankie Dunn
697,16740,cast,3,Eddie Scrap-Iron Dupris
697,10308,cast,4,Danger Barch
697,16383,cast,5,Big Willie Little
697,14368,cast,6,Billie 'The Blue Bear'
697,2858,cast,7,Father Horvak
697,1520,cast,8,Shawrelle Berry
697,14931,cast,9,Earline Fitzgerald
697,19429,cast,10,Mardell Fitzgerald
697,16163,cast,11,Omar
697,2240,cast,12,Billie's Manager
697,2986,cast,13,Mickey Mack
697,5131,cast,14,Counterman at Diner
697,11173,cast,15,Cut Man
697,14872,cast,16,J.D. Fitzgerald
697,22707,cast,17,Lawyer
697,6704,cast,18,Nurse
697,17038,cast,19,Pakistani
697,16738,cast,20,Little Girl in Truck
697,4297,director,1,
697,18019,writer,1,
697,7542,writer,2,
698,21739,cast,1,Jacob
698,24063,cast,2,Monica
698,397,cast,3,David
698,17381,cast,4,Anne
698,4877,cast,5,Mr. Harlan
698,6812,cast,6,Mrs. Oh
698,2192,cast,7,Dowsing Dan
698,6686,cast,8,Randy Boomer
698,23708,cast,9,Paul
698,24170,cast,10,Soon-ja
698,9758,cast,11,Johnnie
698,9909,cast,12,Brother Roy
698,10676,cast,13,Bonnie
698,22559,cast,14,Debbie
698,3840,cast,15,June
698,11252,cast,16,Older Kid
698,20718,cast,17,Billy
698,12703,cast,18,Lab Tech
698,21317,cast,19,Doctor
698,22164,cast,20,Grocery Store Owner
698,13705,director,1,
698,13705,writer,1,
699,12943,cast,1,Self
699,15906,cast,2,Self
699,17325,cast,3,Self
699,12769,cast,4,Self
699,2552,cast,5,Self
699,24287,cast,6,Self
699,2552,director,1,
700,22656,cast,1,Chief John Anderton
700,4354,cast,2,Danny Witwer
700,20478,cast,3,Agatha
700,15764,cast,4,Director Lamar Burgess
700,21670,cast,5,Jad
700,17057,cast,6,Fletcher
700,17897,cast,7,Knott
700,10819,cast,8,Evanna
700,19236,cast,9,Pre-Crime Cop
700,12777,cast,10,Pre-Crime Cop
700,13180,cast,11,Pre-Crime Cop
700,13226,cast,12,Pre-Crime Cop
700,7332,cast,13,Pre-Crime Cop
700,1356,cast,14,Casey
700,20641,cast,15,Lamar Burgess' Secretary
700,6856,cast,16,Jad's Technician
700,9973,cast,17,Office Worker
700,23228,cast,18,Office Worker
700,6703,cast,19,Employee
700,12785,cast,20,Tour Guide
700,21733,director,1,
700,20714,writer,1,
700,11741,writer,2,
700,18507,writer,3,
701,6135,cast,1,Kris Kringle
701,15706,cast,2,Doris Walker
701,11591,cast,3,Fred Gailey
701,7731,cast,4,Judge Henry X. Harper
701,16981,cast,5,Susan Walker
701,18706,cast,6,Granville Sawyer
701,23785,cast,7,Charlie Halloran
701,10733,cast,8,Dist. Atty. Thomas Mara
701,18530,cast,9,Julian Shellhammer
701,9617,cast,10,Post Office Mail Sorter Next to Lou
701,8637,cast,11,Mr. R.H. Macy
701,1676,cast,12,Courtroom Spectator
701,13753,cast,13,Mrs. Shellhammer
701,21972,cast,14,Courtroom Spectator
701,23495,cast,15,Judge's Clerk
701,12994,cast,16,Child on Santa's Lap
701,5856,cast,17,Secretary
701,5548,cast,18,Department Store Head
701,10548,cast,19,Reporter
701,21067,cast,20,Double for Natalie Wood
701,7884,director,1,
701,7884,writer,1,
701,23141,writer,2,
702,9903,cast,1,Paul Sheldon
702,12658,cast,2,Annie Wilkes
702,19269,cast,3,Buster
702,7199,cast,4,Virginia
702,13570,cast,5,Marcia Sindell
702,8265,cast,6,Libby
702,10771,cast,7,Pete
702,22394,cast,8,Anchorman
702,12332,cast,9,Anchorwoman
702,12271,cast,10,Reporter #1
702,1633,cast,11,Reporter #2
702,8336,cast,12,Reporter #3
702,23636,cast,13,Waitress
702,16581,cast,14,Self
702,11556,cast,15,Restaurant Patron
702,19485,cast,16,Helicopter Pilot
702,12111,cast,17,State Trooper Sherman Douglas
702,10317,cast,18,News Photographer
702,19485,director,1,
702,21598,writer,1,
702,23788,writer,2,
703,22656,cast,1,Ethan Hunt
703,10717,cast,2,Brandt
703,21281,cast,3,Benji
703,18133,cast,4,Jane
703,16149,cast,5,Hendricks
703,23461,cast,6,Sidorov
703,20524,cast,7,Wistrom
703,9560,cast,8,Leonid Lisenker
703,1279,cast,9,Brij Nath
703,13665,cast,10,Sabine Moreau
703,12042,cast,11,Hanaway
703,18164,cast,12,Marek Stefanski
703,16549,cast,13,Bogdan
703,9345,cast,14,The Fog
703,8208,cast,15,Burly Russian Prisoner
703,18162,cast,16,Prison Guard
703,13397,cast,17,Control Room Guard
703,10115,cast,18,Control Room Guard
703,11017,cast,19,Control Room Guard
703,541,cast,20,Control Room Guard
703,2745,director,1,
703,12030,writer,1,
703,1064,writer,2,
703,2969,writer,3,
704,22656,cast,1,Ethan Hunt
704,8890,cast,2,August Walker
704,23390,cast,3,Luther Stickell
704,21281,cast,4,Benji Dunn
704,19036,cast,5,Ilsa Faust
704,20779,cast,6,Solomon Lane
704,1219,cast,7,Erika Sloane
704,23194,cast,8,The White Widow
704,16309,cast,9,Julia
704,23656,cast,10,Erik
704,7488,cast,11,Zola
704,492,cast,12,Alan Hunley
704,13949,cast,13,Lark Decoy
704,13316,cast,14,Nils Debruuk
704,23908,cast,15,Wolf Blitzer
704,18943,cast,16,Rowdy Frenchman
704,1130,cast,17,Rowdy Frenchman
704,4022,cast,18,Rowdy Frenchman
704,18945,cast,19,Rowdy Frenchman
704,10362,cast,20,Rowdy Frenchman
704,4079,director,1,
704,2969,writer,1,
704,4079,writer,2,
705,7725,cast,1,Anderson
705,23724,cast,2,Ward
705,7197,cast,3,Mrs. Pell
705,2749,cast,4,Deputy Pell
705,18767,cast,5,Mayor Tilman
705,7596,cast,6,Sheriff Stuckey
705,21627,cast,7,Townley
705,16180,cast,8,Frank Bailey
705,18732,cast,9,Lester Cowens
705,1972,cast,10,Agent Monk
705,13010,cast,11,Agent Bird
705,7406,cast,12,Eulogist
705,22387,cast,13,Judge
705,7767,cast,14,Goatee
705,19412,cast,15,Passenger
705,4104,cast,16,Black Passenger
705,8145,cast,17,Hattie
705,9843,cast,18,Mose
705,5540,cast,19,Waitress
705,21504,cast,20,Hollis
705,412,director,1,
705,3889,writer,1,
706,3593,cast,1,A Factory Worker
706,18144,cast,2,A Gamin
706,8887,cast,3,Cafe Proprietor
706,22569,cast,4,Big Bill
706,3782,cast,5,Mechanic
706,8544,cast,6,Burglar
706,21489,cast,7,Gamin's Father
706,332,cast,8,President of the Electro Steel Corp.
706,19211,cast,9,Prison Cellmate
706,3466,cast,10,Minister
706,16546,cast,11,Minister's Wife
706,16797,cast,12,J. Widdecombe Billows
706,23683,cast,13,Juvenile Officer
706,6197,cast,14,Sheriff Couler
706,7445,cast,15,Cafe Head Waiter
706,20494,cast,16,Turbine Operator
706,12137,cast,17,Woman with Buttoned Bosom
706,22186,cast,18,Billows' Assistant
706,17436,cast,19,Billows' Silent Assistant
706,23519,cast,20,Shopkeeper
706,3593,director,1,
706,3593,writer,1,
707,2633,cast,1,George
707,3449,cast,2,Simone
707,16004,cast,3,Mortwell
707,19490,cast,4,Thomas
707,4208,cast,5,Anderson
707,12588,cast,6,Cathy
707,24380,cast,7,Jeannie
707,20491,cast,8,May
707,19818,cast,9,Terry
707,11163,cast,10,Dudley
707,18155,cast,11,George's Wife
707,11984,cast,12,Raschid
707,11601,cast,13,Hotel Security
707,3022,cast,14,Gentleman in Mirror Room
707,19569,cast,15,Hotel Bedroom Man
707,18769,cast,16,Arab Servant
707,5018,cast,17,Tim Devlin
707,21614,cast,18,Black Youth in Street
707,14637,cast,19,Girl in Paradise Club
707,7640,cast,20,Hotel Waiter
707,17084,director,1,
707,17084,writer,1,
707,5068,writer,2,
708,2755,cast,1,Billy Beane
708,19798,cast,2,Sharon
708,11771,cast,3,Peter Brand
708,18525,cast,4,Art Howe
708,3922,cast,5,Scott Hatteberg
708,21572,cast,6,David Justice
708,19057,cast,7,Mark Shapiro
708,2818,cast,8,Ron Washington
708,12877,cast,9,Grady Fuson
708,22077,cast,10,Elizabeth Hatteberg
708,9684,cast,11,John Poloni
708,23478,cast,12,Pittaro
708,17215,cast,13,Matt Keough
708,8166,cast,14,Ron Hopkins
708,3390,cast,15,Chad Bradford
708,17209,cast,16,Jeremy Giambi
708,12964,cast,17,Casey Beane
708,1677,cast,18,John Henry
708,19058,cast,19,Young Billy
708,10055,cast,20,Billy's Dad
708,2257,director,1,
708,21740,writer,1,
708,12,writer,2,
708,21473,writer,3,
708,16123,writer,4,
709,9809,cast,1,Monsieur Hulot
709,17008,cast,2,Martine
709,16295,cast,3,The Aunt
709,23140,cast,4,Englishwoman
709,14380,cast,5,Hotel Proprietor
709,21917,cast,6,Commandant's Wife
709,14940,cast,7,Strolling Woman
709,14291,cast,8,Fred
709,1049,cast,9,Commandant
709,19005,cast,10,Waiter
709,19127,cast,11,Strolling Man
709,17259,cast,12,Denise - Girl Scout with Backpack
709,6150,cast,13,Restaurant Patron
709,7903,cast,14,South American
709,18597,cast,15,The Young Intellectual
709,3504,cast,16,Bearded Camper
709,16282,cast,17,Eccentric Guest
709,18608,cast,18,Exercising Guest on Beach
709,9784,cast,19,Exercising Guest on Beach
709,14576,cast,20,Hotel Guest
709,9809,director,1,
709,9809,writer,1,
709,8871,writer,2,
709,18597,writer,3,
709,9795,writer,4,
710,3721,cast,1,Aileen
710,3996,cast,2,Selby
710,2967,cast,3,Thomas
710,13728,cast,4,Vincent Corey
710,1448,cast,5,Donna
710,18732,cast,6,"Gene, Stuttering ""John"""
710,14868,cast,7,"Evan, Undercover ""John"""
710,14805,cast,8,"Will, Daddy ""John"""
710,20748,cast,9,"Horton, Last ""John"""
710,20190,cast,10,Cop
710,22523,cast,11,Chuck
710,21539,cast,12,Lawyer
710,2834,cast,13,Charles
710,12437,cast,14,Teenage Aileen
710,4503,cast,15,7-Year-Old Aileen
710,3429,cast,16,Justy
710,14626,cast,17,Bar Lap Girl
710,21980,cast,18,Bartender
710,19937,cast,19,Employment Agent
710,8168,cast,20,Restaurant Manager
710,17943,director,1,
710,17943,writer,1,
711,2519,cast,1,Mike
711,11440,cast,2,Sullivan
711,15453,cast,3,Boo
711,21653,cast,4,Randall
711,9916,cast,5,Waternoose
711,10667,cast,6,Celia
711,2648,cast,7,Roz
711,11608,cast,8,Yeti
711,7361,cast,9,Fungus
711,4728,cast,10,"Needleman, Smitty"
711,21701,cast,11,Floor Manager
711,2712,cast,12,Flint
711,10575,cast,13,Bile
711,20515,cast,14,George
711,9619,cast,15,Additional Voices
711,2616,cast,16,Schmidt
711,19833,cast,17,News Anchor
711,8100,cast,18,Additional Voices
711,10638,cast,19,Additional Voices
711,17935,cast,20,Additional Voices
711,18252,director,1,
711,5171,director,2,
711,13729,director,3,
711,18252,writer,1,
711,10888,writer,2,
711,10575,writer,3,
711,18862,writer,4,
711,1171,writer,5,
711,4728,writer,6,
712,20830,cast,1,"Grace, Cordelia Winthrop Scott"
712,13749,cast,2,Meg
712,12672,cast,3,Emma
712,4457,cast,4,Owen
712,1038,cast,5,Pam
712,2826,cast,6,Robert
712,875,cast,7,Amanda
712,11165,cast,8,Carl at Diner
712,14464,cast,9,Riley
712,23164,cast,10,Madame Valerie
712,7243,cast,11,Manager at Grand Belle
712,15576,cast,12,Concierge at Grand Belle
712,9538,cast,13,Doorman at Grand Belle
712,1867,cast,14,Security at Grand Belle
712,11242,cast,15,Manager at Le Petite Sommeil
712,23405,cast,16,Maid at Le Petite Sommeil
712,21017,cast,17,Cashier at Eiffel Tower
712,2064,cast,18,Paparazzi 1
712,4744,cast,19,Paparazzi 2
712,7548,cast,20,Paparazzi 3
712,22391,director,1,
712,22391,writer,1,
712,1622,writer,2,
712,14975,writer,3,
712,12813,writer,4,
713,8260,cast,1,"King Arthur, Voice of God, Middle Head"
713,11373,cast,2,"Second Swallow-Savvy Guard, The Black Knight, Peasant 3"
713,6668,cast,3,"Dead Collector, Peasant 1, Sir Robin the Not-Quite-So-Brave-as-Sir Launcelot"
713,22260,cast,4,"Patsy, Green Knight, Knight of Camelot"
713,22263,cast,5,"Dennis's Mother, Sir Bedevere, Knight of Camelot"
713,16155,cast,6,"First Swallow-Savvy Guard, Dennis, Peasant 2"
713,4393,cast,7,The Witch
713,3314,cast,8,"Zoot, Dingo"
713,17082,cast,9,"First Monk, Singing Minstrel, Page Crushed by the Rabbit"
713,2155,cast,10,Old Crone
713,11707,cast,11,"Dead Body, Historian Frank"
713,19446,cast,12,Historian's Wife
713,1927,cast,13,Dr. Piglet
713,20384,cast,14,Dr. Winston
713,15272,cast,15,Prisoner
713,6483,cast,16,Girl in Castle Anthrax
713,16607,cast,17,Girl in Castle Anthrax
713,20569,cast,18,"Knight of Ni, Villager at Witch Burning, Musician at Wedding, Monk, Knight in Battle"
713,20576,cast,19,Girl in Castle Anthrax
713,19935,cast,20,"Musician at Wedding, Villager at Witch Burning"
713,22260,director,1,
713,22263,director,2,
713,8260,writer,1,
713,11373,writer,2,
713,6668,writer,3,
713,22260,writer,4,
713,22263,writer,5,
713,16155,writer,6,
713,22431,writer,7,
714,8260,cast,1,"Wise Man #2, Brian Cohen, Biggus Dickus"
714,11373,cast,2,"Wise Man #1, Reg, Jewish Official"
714,16155,cast,3,"Wise Man #3, Mr. Big Nose, Francis"
714,22260,cast,4,"Man Even Further Forward, Revolutionary, Jailer"
714,6668,cast,5,"Mr. Cheeky, Stan aka Loretta, Harry the Haggler"
714,22263,cast,6,"Mandy Cohen, Colin, Simon the Holy Man"
714,22219,cast,7,Gregory
714,3314,cast,8,Mrs. Gregory
714,12913,cast,9,Jesus
714,17082,cast,10,A Weedy Samaritan
714,3659,cast,11,"False Prophet, Blind Man, Giggling Guard, Stig"
714,11707,cast,12,"Matthias, Son of Deuteronomy of Gath"
714,8444,cast,13,Mrs. Big Nose
714,21800,cast,14,Judith
714,18284,cast,15,
714,11365,cast,16,Pilate's Wife
714,3904,cast,17,"Alfonso, Giggling Guard"
714,1154,cast,18,"Another Official Stoners Helper, Giggling Guard"
714,2302,cast,19,"Parvus, Official Stoners Helper, Giggling Guard"
714,21456,cast,20,Spike
714,22263,director,1,
714,8260,writer,1,
714,11373,writer,2,
714,22260,writer,3,
714,6668,writer,4,
714,22263,writer,5,
714,16155,writer,6,
715,7015,cast,1,Collé Gallo Ardo Sy
715,14659,cast,2,Hadjatou
715,20370,cast,3,Amasatou
715,5698,cast,4,Mercenaire
715,14641,cast,5,Doyenne des Exciseuses
715,934,cast,6,Alima Bâ
715,18956,cast,7,Ciré Bathily
715,17673,cast,8,Amath Bathily
715,1984,cast,9,Abdou
715,16625,cast,10,Balla Bathily
715,12014,cast,11,Dugutigi
715,22358,cast,12,Ibrahima
715,8465,cast,13,Sacristain
715,8404,cast,14,Bakary
715,3753,cast,15,Kémo Tiékura
715,21431,cast,16,Kémo Ansumana
715,856,cast,17,Konaté
715,16777,cast,18,Konaté fils
715,16881,cast,19,Sanata
715,21561,cast,20,Mah
715,17674,director,1,
715,17674,writer,1,
716,14644,cast,1,Juan
716,16933,cast,2,Paula
716,22963,cast,3,Black
716,585,cast,4,Little
716,20968,cast,5,Terrence
716,5935,cast,6,Azu
716,10171,cast,7,Teresa
716,9817,cast,8,Kevin age 9
716,8935,cast,9,Longshoreman
716,12451,cast,10,Portable Boy 1
716,12954,cast,11,Portable Boy 2
716,6062,cast,12,Portable Boy 3
716,20146,cast,13,Gee
716,1834,cast,14,Chiron
716,6155,cast,15,Mr. Pierce
716,17878,cast,16,Terrel
716,8950,cast,17,Samantha
716,10865,cast,18,Kevin age 16
716,7419,cast,19,Pizzo
716,10856,cast,20,Old School Guard
716,2086,director,1,
716,2086,writer,1,
716,22115,writer,2,
717,3768,cast,1,Loretta Castorini
717,17237,cast,2,Ronny Cammareri
717,17596,cast,3,Rose Castorini
717,4794,cast,4,Mr. Johnny Cammareri
717,23361,cast,5,Cosmo Castorini
717,12251,cast,6,Rita Cappomagi
717,11525,cast,7,Perry
717,14280,cast,8,Raymond Cappomagi
717,7064,cast,9,Old Man Castorini
717,1283,cast,10,Mona
717,13838,cast,11,Felix
717,18138,cast,12,Lucy
717,16847,cast,13,Chrissy
717,11187,cast,14,Shy Waiter
717,8084,cast,15,Old Crone
717,19772,cast,16,Barbara
717,8810,cast,17,Lotte
717,5146,cast,18,Irv
717,19737,cast,19,Bobo
717,953,cast,20,Bonnie
717,17451,director,1,
717,11587,writer,1,
718,17265,cast,1,Satine
718,6943,cast,2,Christian
718,11509,cast,3,Toulouse-Lautrec
718,10910,cast,4,Harold Zidler
718,19350,cast,5,The Duke
718,7626,cast,6,The Doctor
718,9612,cast,7,The Unconscious Argentinean
718,15679,cast,8,Satie
718,12972,cast,9,Marie
718,3352,cast,10,Nini Legs In The Air
718,3998,cast,11,Arabia
718,16973,cast,12,China Doll
718,13450,cast,13,Môme Fromage
718,5209,cast,14,Audrey
718,13380,cast,15,The Green Fairy
718,17694,cast,16,The Green Fairy
718,5435,cast,17,Le Chocolat
718,14012,cast,18,Warner
718,12798,cast,19,Le Petomane
718,18448,cast,20,Stage Manager
718,2121,director,1,
718,2121,writer,1,
718,4495,writer,2,
719,5593,cast,1,Self
719,1948,cast,2,Self
719,17608,cast,3,Self
719,14990,director,1,
719,22557,writer,1,
719,14990,writer,2,
719,19101,writer,3,
720,10063,cast,1,Jefferson Smith
720,10360,cast,2,Saunders
720,4226,cast,3,Senator Joseph Harrison Paine
720,6168,cast,4,Jim Taylor
720,8429,cast,5,Governor Hubert 'Happy' Hopper
720,22435,cast,6,Diz Moore
720,6857,cast,7,Chick McGann
720,2374,cast,8,Ma Smith
720,8762,cast,9,Senator Agnew - Majority Leader
720,8654,cast,10,President of the Senate
720,1850,cast,11,Susan Paine
720,20229,cast,12,Mrs. Hopper
720,8277,cast,13,Senator MacPherson
720,18706,cast,14,Senator Monroe
720,9222,cast,15,H.V. Kaltenborn
720,3646,cast,16,Nosey
720,18640,cast,17,Senator Barnes - Minority Leader
720,5549,cast,18,Carl Cook
720,23771,cast,19,Bill Griffith
720,2542,cast,20,Peter Hopper
720,7309,director,1,
720,21209,writer,1,
720,13921,writer,2,
720,16830,writer,3,
721,22546,cast,1,JMW Turner
721,18036,cast,2,William Turner Snr
721,5853,cast,3,Hannah Danby
721,15131,cast,4,Sophia Booth
721,12539,cast,5,Mr Booth
721,20244,cast,6,Sarah Danby
721,20566,cast,7,Evelina
721,961,cast,8,Georgiana
721,13866,cast,9,Mary Somerville
721,15382,cast,10,Benjamin Robert Haydon
721,19230,cast,11,George Jones
721,17139,cast,12,John Carew
721,7449,cast,13,Sir William Beechey
721,22663,cast,14,CR Leslie
721,10104,cast,15,David Roberts
721,15256,cast,16,Clarkson Stanfield
721,17162,cast,17,Sir John Soane
721,4308,cast,18,Sir Martin Archer Shee
721,19683,cast,19,Sir Charles Eastlake
721,21260,cast,20,Sir Augustus Wall Callcott
721,16411,director,1,
721,16411,writer,1,
722,19797,cast,1,"Daniel Hillard, Mrs. Doubtfire"
722,20379,cast,2,Miranda Hillard
722,18591,cast,3,Stuart Dunmeyer
722,8722,cast,4,Frank Hillard
722,18692,cast,5,Gloria Chaney
722,14093,cast,6,Lydia Hillard
722,15658,cast,7,Chris Hillard
722,14779,cast,8,Natalie Hillard
722,19686,cast,9,Jonathan Lundy
722,1405,cast,10,Mrs. Sellner
722,20711,cast,11,Jack
722,21946,cast,12,Bus Driver
722,11158,cast,13,TV Boss
722,15376,cast,14,Justin Gregory
722,22228,cast,15,ADR Director Lou
722,12505,cast,16,Female Employee #1
722,6875,cast,17,Female Employee #2
722,9922,cast,18,Male Employee
722,18870,cast,19,Cop
722,20708,cast,20,Judge
722,3877,director,1,
722,1401,writer,1,
722,18920,writer,2,
722,13873,writer,3,
723,10267,cast,1,Ronsel Jackson
723,3194,cast,2,Laura McAllan
723,10248,cast,3,Henry McAllan
723,15461,cast,4,Florence Jackson
723,19482,cast,5,Hap Jackson
723,7620,cast,6,Jamie McAllan
723,11783,cast,7,Pappy McAllan
723,7411,cast,8,Marlon Jackson
723,12910,cast,9,Lilly May Jackson
723,12064,cast,10,Ruel Jackson
723,6413,cast,11,Amanda Leigh McAllan
723,18663,cast,12,Isabelle McAllan
723,10261,cast,13,Oris Stokes
723,12966,cast,14,Rose Tricklebank
723,5046,cast,15,Conductor
723,17688,cast,16,Cleve
723,12843,cast,17,Weeks
723,19830,cast,18,Sergeant
723,14405,cast,19,Vera Atwood
723,5976,cast,20,Carl Atwood
723,5309,director,1,
723,23406,writer,1,
723,5309,writer,2,
723,8992,writer,3,
724,16529,cast,1,Mulan
724,6085,cast,2,Mushu
724,2122,cast,3,Shang
724,16358,cast,4,Shan-Yu
724,8722,cast,5,Yao
724,7462,cast,6,Fa Li
724,12334,cast,7,Grandmother Fa
724,9977,cast,8,Chi Fu
724,16571,cast,9,The Matchmaker
724,17812,cast,10,The Emperor
724,15291,cast,11,Grandmother Fa
724,21405,cast,12,Fa Zhou
724,5816,cast,13,Shang
724,13664,cast,14,Mulan
724,10056,cast,15,General Li
724,7889,cast,16,First Ancestor
724,10776,cast,17,Chien-Po
724,7707,cast,18,Ling
724,7395,cast,19,"Khan, Cri-Kee"
724,15680,cast,20,Ling
724,22816,director,1,
724,2075,director,2,
724,19554,writer,1,
724,19449,writer,2,
724,3929,writer,3,
724,18515,writer,4,
724,14038,writer,5,
724,11138,writer,6,
724,411,writer,7,
724,5139,writer,8,
724,5718,writer,9,
724,11892,writer,10,
724,11179,writer,11,
724,5378,writer,12,
724,22197,writer,13,
725,16932,cast,1,"Betty Elms, Diane Selwyn"
725,13543,cast,2,"Rita, Camilla Rhodes"
725,12391,cast,3,Adam
725,10512,cast,4,Irene
725,4634,cast,5,Irene's Companion
725,18918,cast,6,Limo Driver
725,19592,cast,7,Detective McKnight
725,2816,cast,8,Detective Domgaard
725,15788,cast,9,Aunt Ruth
725,17885,cast,10,Dan
725,16023,cast,11,Herb
725,2704,cast,12,Bum
725,16098,cast,13,Mr. Roque
725,11985,cast,14,Roque's Manservant
725,6628,cast,15,Back of Head Man
725,19331,cast,16,Hairy-Armed Man
725,20773,cast,17,Cab Driver at LAX
725,1311,cast,18,Coco
725,1255,cast,19,Luigi Castigliane
725,4651,cast,20,Vincenzo Castigliane
725,5077,director,1,
725,5077,writer,1,
726,6646,cast,1,Avner
726,4711,cast,2,Steve
726,15048,cast,3,Jeanette the Dutch Assassin
726,4140,cast,4,Carl
726,15588,cast,5,Robert
726,8568,cast,6,Hans
726,1944,cast,7,Daphna
726,7769,cast,8,Ephraim
726,8046,cast,9,Avner's Mother
726,16126,cast,10,Papa
726,15585,cast,11,Louis
726,16754,cast,12,Andreas
726,23146,cast,13,Sylvie
726,15918,cast,14,Yvonne
726,24244,cast,15,Tony - Andreas' Friend
726,924,cast,16,General Zamir
726,14518,cast,17,Golda Meir
726,948,cast,18,General Yariv
726,16771,cast,19,Mike Harari
726,16225,cast,20,Attorney General Meir Shamgar
726,21733,director,1,
726,22854,writer,1,
726,6684,writer,2,
726,7839,writer,3,
727,448,cast,1,Hercule Poirot
727,13570,cast,2,Mrs. Harriet Hubbard
727,9400,cast,3,Greta Ohlsson
727,20771,cast,4,Col. Arbuthnot
727,15338,cast,5,Bianchi
727,9769,cast,6,Countess Elena Andrenyi
727,10467,cast,7,Pierre Paul Michel
727,11439,cast,8,Beddoes
727,23641,cast,9,Princess Natalia Dragomiroff
727,1531,cast,10,Hector McQueen
727,23198,cast,11,Mary Debenham
727,18795,cast,12,Hildegarde Schmidt
727,19379,cast,13,Ratchett
727,16236,cast,14,Count Andrenyi
727,4350,cast,15,Hardman
727,7808,cast,16,Doctor Constantine
727,5377,cast,17,Antonio Foscarelli
727,23250,cast,18,Concierge
727,10713,cast,19,A.D.C.
727,11562,cast,20,Chief Attendant
727,21216,director,1,
727,197,writer,1,
727,17989,writer,2,
727,1542,writer,3,
728,11218,cast,1,Self
728,12779,cast,2,Self
728,15271,cast,3,Self
728,19713,cast,4,Self
728,17939,cast,5,Self
728,4060,cast,6,Self
728,10844,cast,7,Self
728,10571,cast,8,Self
728,7310,cast,9,Self
728,11093,cast,10,Self
728,19543,cast,11,Self
728,20720,cast,12,Self
728,2638,cast,13,Self
728,1193,cast,14,Self
728,11328,cast,15,Self
728,17399,cast,16,Self
728,18495,cast,17,Self
728,2346,cast,18,Self
728,23720,cast,19,Self
728,245,cast,20,Self
728,8881,director,1,
728,4667,director,2,
728,4667,writer,1,
729,7588,cast,1,Juan Núñez
729,13840,cast,2,Benjamin Wilson
729,692,cast,3,Dr. Núñez
729,21285,cast,4,Frank Graves
729,13897,cast,5,Sherezada
729,2309,cast,6,Bosco
729,9356,cast,7,Silvia
729,14106,cast,8,Sra. Núñez
729,6162,cast,9,Lalo
729,14662,cast,10,Jimena
729,899,cast,11,Adriana
729,3150,cast,12,Camila
729,9334,cast,13,Iker
729,18646,cast,14,Pilar
729,23193,cast,15,Vanessa
729,6798,cast,16,Esteban
729,7566,cast,17,Igor
729,16957,cast,18,Gaby
729,8203,cast,19,Tío Oscar
729,17698,cast,20,Arturo
729,841,director,1,
729,14760,writer,1,
729,841,writer,2,
730,3647,cast,1,Captain Bligh
730,4204,cast,2,Fletcher Christian
730,7215,cast,3,Roger Byam
730,8929,cast,4,Smith
730,6088,cast,5,Ellison
730,5941,cast,6,Bacchus
730,5761,cast,7,Burkitt
730,8911,cast,8,Sir Joseph Banks
730,7230,cast,9,Captain Nelson
730,21458,cast,10,Mrs. Byam
730,16778,cast,11,Tehani
730,14729,cast,12,Maimiti
730,3098,cast,13,Quintal
730,18239,cast,14,Coleman
730,5189,cast,15,Lord Hood
730,11448,cast,16,Mr. Purcell
730,5912,cast,17,Stewart
730,9293,cast,18,Maggs
730,5490,cast,19,Fryer
730,9551,cast,20,Morgan
730,7343,director,1,
730,22051,writer,1,
730,12191,writer,2,
730,3195,writer,3,
730,3670,writer,4,
730,10028,writer,5,
730,14889,writer,6,
730,11416,writer,7,
731,11205,cast,1,Vinny Gambini
731,15146,cast,2,Mona Lisa Vito
731,18867,cast,3,Bill Gambini
731,16600,cast,4,Stan Rothenstein
731,7439,cast,5,Judge Chamberlain Haller
731,13440,cast,6,Jim Trotter III
731,1909,cast,7,John Gibbons
731,2988,cast,8,Sheriff Farley
731,15739,cast,9,Sam Tipton
731,18142,cast,10,Constance Riley
731,19020,cast,11,Ernie Crane
731,10043,cast,12,George Wilbur
731,3884,cast,13,J.T.
731,16197,cast,14,Neckbrace
731,14257,cast,15,Grits Cook
731,12936,cast,16,Jimmy Willis
731,22434,cast,17,Man in Town Square
731,9586,cast,18,Guard #1
731,16070,cast,19,Guard #2
731,10565,cast,20,Deputy #1
731,11821,director,1,
731,4599,writer,1,
732,1883,cast,1,Eliza Doolittle
732,19154,cast,2,Professor Henry Higgins
732,21495,cast,3,Alfred P. Doolittle
732,23686,cast,4,Colonel Hugh Pickering
732,8143,cast,5,Mrs. Higgins
732,10699,cast,6,Freddy Eynsford-Hill
732,22355,cast,7,Zoltan Karpathy
732,16682,cast,8,Mrs. Pearce
732,9528,cast,9,Mrs. Eynsford-Hill
732,11461,cast,10,Butler
732,4922,cast,11,"Ball Guest, Ascot Racegoer"
732,6374,cast,12,Cockney
732,8801,cast,13,Ascot Extra
732,11295,cast,14,Jamie - Doolittle's crony
732,15424,cast,15,Cockney
732,8003,cast,16,Cockney
732,13629,cast,17,Ad Lib at Church
732,23519,cast,18,Ball Guest
732,327,cast,19,Cockney
732,7293,cast,20,Gentleman
732,7809,director,1,
732,395,writer,1,
732,7789,writer,2,
733,21406,cast,1,Folarin
733,3803,cast,2,Remi
733,8195,cast,3,Akin
733,278,cast,4,Young Remi
733,17677,cast,5,Young Akin
733,6234,cast,6,Bola
733,17517,cast,7,Corridor
733,22922,cast,8,Aunty Seyi
733,15321,cast,9,Ngozi
733,1950,cast,10,Baba
733,17881,cast,11,Felix
733,125,cast,12,Gbemi
733,23116,cast,13,Abike (Waitress)
733,22590,cast,14,Conductor
733,138,cast,15,Fair Skinned Man
733,24065,cast,16,Disgruntled Passenger
733,17594,cast,17,Bus Man
733,9333,cast,18,Older Man
733,21626,cast,19,Bus Passenger
733,17884,cast,20,Truck Passenger
733,297,director,1,
733,23497,writer,1,
733,297,writer,2,
734,18750,cast,1,Paul Dédalus (adolescent)
734,14255,cast,2,Esther
734,15585,cast,3,Paul Dédalus (adulte)
734,5616,cast,4,Irina
734,3471,cast,5,"Jeanne Dédalus, la mère"
734,1557,cast,6,Paul enfant
734,9569,cast,7,Delphine enfant
734,22527,cast,8,Ivan enfant
734,7281,cast,9,Rose
734,9457,cast,10,Mme Sidorov
734,5093,cast,11,L'instituteur
734,17877,cast,12,Le prêtre
734,17590,cast,13,"Abel Dédalus, le père"
734,6972,cast,14,Le douanier
734,21252,cast,15,"Ariel, du Quai d'Orsay"
734,6497,cast,16,Marc Zylberberg
734,2250,cast,17,Serge
734,8066,cast,18,Elie
734,21548,cast,19,Dimitri
734,18601,cast,20,Yorick
734,1708,director,1,
734,1708,writer,1,
734,12273,writer,2,
734,17250,writer,3,
735,9234,cast,1,Manana
735,15908,cast,2,Soso
735,2328,cast,3,Lamara
735,23009,cast,4,Nino
735,8106,cast,5,Vakho
735,8105,cast,6,Lasha
735,8238,cast,7,Otar
735,5609,cast,8,Rezo
735,14998,cast,9,Kitsi
735,13965,cast,10,Tatia Chigogidze
735,14735,cast,11,Aunt Meri
735,1928,cast,12,Uncle Zaur
735,1610,cast,13,Uncle Vaja
735,23123,cast,14,Cousin Dato
735,12979,cast,15,Cousin Ketino
735,20225,cast,16,Gas Company Woman
735,1844,cast,17,Apartment Owner
735,18669,cast,18,Bela - Rezo's Wife
735,6278,cast,19,Nato - Classmate
735,12980,cast,20,Manana's Classmate
735,16892,director,1,
735,21263,director,2,
735,16892,writer,1,
736,2339,cast,1,Self
736,7278,cast,2,Self
736,10455,cast,3,Self
736,10486,cast,4,Self
736,10456,cast,5,Self
736,10404,cast,6,Self
736,8863,cast,7,Self
736,14823,cast,8,Self
736,8868,cast,9,Self
736,651,cast,10,Self
736,11988,cast,11,Self
736,1559,cast,12,Self
736,6074,cast,13,Self
736,16253,cast,14,Self
736,8870,cast,15,Self
736,6129,cast,16,Self
736,10476,cast,17,Self
736,10453,cast,18,Self
736,23468,cast,19,Self
736,4214,cast,20,Self
736,2339,director,1,
736,2339,writer,1,
737,4716,cast,1,Christy Brown
737,2802,cast,2,Mrs. Brown
737,776,cast,3,Sheila
737,13194,cast,4,Sharon
737,5302,cast,5,Tom
737,5997,cast,6,Benny
737,15037,cast,7,Sadie
737,4558,cast,8,Lord Castlewelland
737,18466,cast,9,Brian
737,20234,cast,10,Mary
737,7110,cast,11,Dr. Eileen Cole
737,18984,cast,12,Mr. Brown
737,17810,cast,13,Barman
737,5462,cast,14,Customer in Bar
737,9172,cast,15,Young Christy Brown
737,4871,cast,16,Young Benny
737,17685,cast,17,Young Tom
737,6257,cast,18,Nan
737,12794,cast,19,Young Brian
737,22689,cast,20,Priest
737,10959,director,1,
737,20938,writer,1,
737,10959,writer,2,
737,4108,writer,3,
738,7684,cast,1,Courgette
738,21310,cast,2,Camille
738,18147,cast,3,Simon
738,16276,cast,4,Raymond
738,18963,cast,5,Ahmed
738,6802,cast,6,Alice
738,6453,cast,7,Jujube
738,14258,cast,8,Béatrice
738,2925,cast,9,Tante Ida
738,16955,cast,10,Maman de Courgette
738,16689,cast,11,Mme Papineau
738,175,cast,12,Mr. Paul
738,23262,cast,13,Rosy
738,19933,cast,14,Fillette
738,6918,cast,15,Maman de la fillette
738,13822,cast,16,Garçon
738,1412,cast,17,La foraine
738,10379,cast,18,Le juge
738,9294,cast,19,Voix additionnelle Simon
738,21023,cast,20,Georgie's Scream
738,4212,director,1,
738,3496,writer,1,
738,4212,writer,2,
738,16747,writer,3,
738,7987,writer,4,
738,8068,writer,5,
738,16748,writer,6,
739,20927,cast,1,Rizvan Khan
739,12439,cast,2,Mandira Khan
739,21025,cast,3,Radha
739,12670,cast,4,Sarah Garrick
739,12951,cast,5,Reese Garrick
739,2266,cast,6,Detective Garcia
739,4028,cast,7,President Barack Obama
739,11002,cast,8,Zakir Khan
739,21401,cast,9,Hasina Khan
739,17781,cast,10,Bobby Ahuja
739,1664,cast,11,Raj Burman
739,21805,cast,12,Komal - Rajesh's associate
739,24304,cast,13,Razia Khan
739,21333,cast,14,
739,1660,cast,15,Dr. Faisal Rahman
739,23346,cast,16,Jitesh - Motel Owner
739,21817,cast,17,Attacker
739,22080,cast,18,Young Rizwan Khan
739,17042,cast,19,Rita Singh
739,1663,cast,20,Sameer Khan
739,12487,director,1,
739,21074,writer,1,
739,17348,writer,2,
740,9036,cast,1,Totoro
740,17425,cast,2,Satsuki
740,3818,cast,3,Mei
740,21084,cast,4,Tatsuo Kusakabe
740,21820,cast,5,Yasuko Kusakabe
740,22088,cast,6,Granny
740,9008,cast,7,Kanta's Mother
740,14558,cast,8,School Teacher
740,19098,cast,9,Originator Grandma
740,15541,cast,10,Kanta's Father
740,22919,cast,11,Kanta
740,21078,cast,12,Kusakari-Otoko
740,16924,cast,13,"Cat Bus, Additional Voices"
740,22111,cast,14,Additional Voices
740,22791,cast,15,Mailman
740,16608,cast,16,Additional Voices
740,3809,cast,17,Additional Voices
740,4584,cast,18,Man on Bike
740,24204,cast,19,Woman on Bike
740,287,cast,20,Additional Voices
740,8747,director,1,
740,8747,writer,1,
741,19459,cast,1,Mike Waters
741,12739,cast,2,Scott Favor
741,10046,cast,3,Richard Waters
741,23833,cast,4,Bob Pigeon
741,19841,cast,5,Gary
741,3797,cast,6,Carmella
741,16158,cast,7,Digger
741,10833,cast,8,Denise
741,7123,cast,9,Budd
741,8251,cast,10,Alena
741,22742,cast,11,Jack Favor
741,23073,cast,12,Hans
741,20376,cast,13,Jane Lightwork
741,19640,cast,14,Walt
741,16334,cast,15,Daddy Carroll
741,23487,cast,16,Wade
741,15643,cast,17,Coverboy
741,20733,cast,18,"Coverboy, Cafe Kid"
741,22654,cast,19,Coverboy
741,23183,cast,20,Sharon Waters
741,8399,director,1,
741,8399,writer,1,
742,19781,director,1,
743,17527,cast,1,
743,9454,cast,2,
743,21399,cast,3,
743,6316,cast,4,
743,548,cast,5,
743,13333,cast,6,
743,1362,cast,7,
743,4791,cast,8,Self
743,12210,director,1,
743,12210,writer,1,
744,15383,cast,1,Host
744,15383,director,1,
744,21893,writer,1,
744,18824,writer,2,
744,12947,writer,3,
744,15383,writer,4,
745,5185,cast,1,Johnny
745,13867,cast,2,Louise
745,12679,cast,3,Sophie
745,8293,cast,4,Jeremy
745,4177,cast,5,Sandra
745,18452,cast,6,Brian
745,6946,cast,7,Archie
745,21875,cast,8,Maggie
745,5284,cast,9,Woman in Window
745,8087,cast,10,Cafe Girl
745,3338,cast,11,Masseuse
745,6380,cast,12,Giselle
745,4874,cast,13,Poster Man
745,19688,cast,14,Chauffeur
745,14507,cast,15,Victim
745,1222,cast,16,Car Owner
745,18449,cast,17,Mr Halpern
745,11026,cast,18,Woman in Street
745,6286,cast,19,Girl in Porsche
745,5003,cast,20,Tea Bar Owner
745,16411,director,1,
745,16411,writer,1,
746,12778,cast,1,Tom Frank
746,12496,cast,2,Connie White
746,20002,cast,3,Barbara Jean
746,21043,cast,4,L. A. Joan
746,4932,cast,5,Norman
746,2007,cast,6,Lady Pearl
746,17062,cast,7,Delbert Reese
746,22531,cast,8,Tommy Brown
746,7955,cast,9,Opal
746,19567,cast,10,Wade
746,819,cast,11,Barnett
746,8898,cast,12,Haven Hamilton
746,20716,cast,13,Pfc. Glenn Kelly
746,10559,cast,14,Tricycle Man
746,2030,cast,15,Albuquerque
746,5027,cast,16,Kenny Fraiser
746,16147,cast,17,John Triplette
746,802,cast,18,Bill
746,4915,cast,19,Bud Hamilton
746,4516,cast,20,Mary
746,19502,director,1,
746,11088,writer,1,
747,13675,cast,1,Ballet - Machina pour Metamorphosis
747,12693,cast,2,"Récital - Ludwig van Beethoven, sonate pour piano Op. 31 No 3"
747,11041,cast,3,Ecrit et la par - Poème 'Calisto's song'
747,6212,cast,4,Ballet - Machina pour Metamorphosis
747,13490,cast,5,"Self - director of conservation, National Gallery"
747,17167,cast,6,Self - director of the National Gallery
747,14472,cast,7,"Self - curator, National Gallery"
747,7492,director,1,
747,7492,writer,1,
748,3787,cast,1,Clark Griswold
748,2381,cast,2,Ellen Griswold
748,9372,cast,3,Aunt Edna
748,18931,cast,4,Cousin Eddie
748,1522,cast,5,Rusty Griswold
748,4671,cast,6,Audrey Griswold
748,6065,cast,7,Roy Walley
748,2856,cast,8,Kamp Komfort Clerk
748,16568,cast,9,Cousin Catherine
748,9988,cast,10,Motorcycle Cop
748,6854,cast,11,Car Salesman
748,7351,cast,12,Grover
748,11355,cast,13,Lasky - Guard at Walleyworld
748,3985,cast,14,The Girl in the Ferrari
748,10158,cast,15,Cousin Vicki
748,11579,cast,16,Cousin Dale
748,17012,cast,17,Man Giving Directions
748,4064,cast,18,Pimp
748,16337,cast,19,Mechanic
748,11400,cast,20,Assistant Mechanic
748,8615,director,1,
748,11469,writer,1,
749,21820,cast,1,Nausicaä
749,14646,cast,2,"Jihl, Muzu"
749,9029,cast,3,Oh-Baba
749,8229,cast,4,Yupa
749,9303,cast,5,Mito
749,13239,cast,6,Goru
749,11735,cast,7,Gikkuri
749,16541,cast,8,Niga
749,19426,cast,9,"Teto, Girl C"
749,15530,cast,10,Girl A
749,22010,cast,11,Girl B
749,3818,cast,12,Boy A
749,22111,cast,13,Boy B
749,24094,cast,14,Asbel
749,16522,cast,15,Rastel
749,16788,cast,16,Mayor of Pejite
749,291,cast,17,Rastel's Mother
749,24147,cast,18,Kushana
749,9317,cast,19,Kurotowa
749,22292,cast,20,Commando
749,8747,director,1,
749,8747,writer,1,
749,12723,writer,2,
750,2967,cast,1,Woody Grant
750,23703,cast,2,David Grant
750,12338,cast,3,Kate Grant
750,2642,cast,4,Ross Grant
750,21469,cast,5,Ed Pegram
750,15473,cast,6,Aunt Martha
750,18905,cast,7,Uncle Ray
750,22487,cast,8,Bart
750,5479,cast,9,Cole
750,1230,cast,10,Peg Nagy
750,8155,cast,11,Aunt Betty
750,6402,cast,12,Aunt Flo
750,13024,cast,13,Cousin Randy
750,5415,cast,14,Uncle Verne
750,20000,cast,15,Uncle Albert
750,16588,cast,16,Nöel
750,11610,cast,17,Bernie Bowen
750,10611,cast,18,ER Doctor
750,17053,cast,19,George Westendorf
750,6867,cast,20,Jean Westendorf
750,620,director,1,
750,2641,writer,1,
751,17091,cast,1,Self
751,6603,cast,2,Self
751,18203,cast,3,Self
751,2199,cast,4,Self
751,21457,cast,5,Self
751,19408,cast,6,Self
751,12546,cast,7,Self
751,3518,cast,8,Self
751,23599,cast,9,Self
751,8273,cast,10,Self
751,5507,cast,11,Self
751,7678,cast,12,Self
751,1492,cast,13,Self
751,22709,cast,14,Self
751,11001,cast,15,Self
751,4302,cast,16,Self
751,13473,cast,17,Self
751,22325,cast,18,Themselves
751,22334,cast,19,Themselves
751,11795,director,1,
752,21212,cast,1,Autumn
752,22055,cast,2,Skylar
752,22357,cast,3,Jasper
752,6338,cast,4,Elvis Impersonator
752,4964,cast,5,Clean Cut Teenage Boy
752,3965,cast,6,Clean Cut Teenage Boy
752,20424,cast,7,Clean Cut Teenage Boy
752,20985,cast,8,Mother
752,1902,cast,9,Little Sister
752,20051,cast,10,Little Sister
752,20256,cast,11,Ted
752,2840,cast,12,Rowdy Student
752,14144,cast,13,Receptionist #1
752,15943,cast,14,Women's Centre Director
752,11315,cast,15,Guy in Supermarket
752,5927,cast,16,Boyer's Manager
752,985,cast,17,Shamokin Technician
752,2486,cast,18,Bus Driver #2
752,17598,cast,19,Port Authority Information Officer
752,3042,cast,20,Security Guard #1
752,6372,director,1,
752,6372,writer,1,
753,7736,cast,1,Self - Sandy Hook Elementary School Neighbor
753,21948,cast,2,Self - Mother of Surviving First Grader
753,23,cast,3,Self - Sandy Hook Elementary School Teacher
753,20375,cast,4,Self - Sandy Hook Elementary School Nurse
753,2418,cast,5,Self - Connecticut State Trooper
753,15172,cast,6,Self - Father of Daniel Barden
753,4698,cast,7,Self - Victim
753,9887,cast,8,Self - Brother of Daniel Barden
753,16965,cast,9,Self - Sister of Daniel Barden
753,9727,cast,10,Self - Mother of Daniel Barden
753,15883,cast,11,Self - The Bardens' Neighbor
753,13374,cast,12,Self
753,3351,cast,13,Self - Daughter of Melissa Malin
753,19738,cast,14,Self - Msgr. St. Rose of Lima Church
753,20615,cast,15,Self - Daughter of Surviving Teacher
753,19411,cast,16,Self - Sandy Hook Elementary School Custodian
753,15429,cast,17,Self - Sandy Hook Elementary School Library Clerk
753,5210,cast,18,Self - Father of Ben Wheeler
753,7217,cast,19,Self - Mother of Ben Wheeler
753,2223,cast,20,Self - Victim
753,13093,director,1,
754,6825,cast,1,Elwood
754,2786,cast,2,Turner
754,1892,cast,3,Hattie
754,6823,cast,4,Young Elwood
754,20440,cast,5,Percy
754,16877,cast,6,Evelyn
754,10226,cast,7,Boy at Playground
754,13739,cast,8,Girl at Playground
754,10974,cast,9,Mr. Hill
754,13365,cast,10,Lincoln High Student
754,7581,cast,11,Elwood's Girlfriend
754,18339,cast,12,Mr. Marconi
754,2455,cast,13,Old Man with Cane
754,6460,cast,14,Older Guy - Protest
754,22109,cast,15,Rodney
754,24285,cast,16,White Boy
754,24274,cast,17,White Boy
754,20788,cast,18,White Boy
754,20797,cast,19,Corey
754,8530,cast,20,Spencer
754,18879,director,1,
754,18879,writer,1,
754,12075,writer,2,
754,4385,writer,3,
755,5937,cast,1,Ben
755,12171,cast,2,Barbra
755,12538,cast,3,Harry Cooper
755,15086,cast,4,Helen Cooper
755,12801,cast,5,Tom
755,12172,cast,6,Judy
755,13387,cast,7,"Karen Cooper, Corpse in House"
755,3597,cast,8,"Newscaster, Zombie"
755,20303,cast,9,Zombie
755,7843,cast,10,Sheriff McClelland
755,7321,cast,11,Scientist
755,2417,cast,12,Field Reporter
755,69,cast,13,"Zombie, Posse Member"
755,20518,cast,14,"Zombie, Posse Member"
755,15243,cast,15,Washington Scientist
755,13700,cast,16,"Zombie, News Reporter"
755,9659,cast,17,Zombie
755,20158,cast,18,Zombie
755,18136,cast,19,Zombie
755,11643,cast,20,Zombie
755,7779,director,1,
755,11288,writer,1,
755,7779,writer,2,
756,8838,cast,1,Narrator
756,10287,cast,2,Narrator for German Concentration Camps Factual Survey
756,13817,cast,3,Self - Royal Artillery
756,7847,cast,4,Self - Oxfordshire Yeomanry
756,11938,cast,5,"Self - Commandant, Bergen-Belsen Concentration Camp"
756,1284,cast,6,Self - Bergen-Belsen Survivor
756,16412,cast,7,"Self - Army Cameraman, 1981"
756,2451,cast,8,Self - British Army Photographer
756,19255,cast,9,Self
756,4990,cast,10,Self - Broadcaster
756,18997,cast,11,"Self - United States Holocaust Museum, 1995-2013"
756,22595,cast,12,Self - Imperial War Museums
756,10083,cast,13,Self - British Army Gunner
756,629,cast,14,"Self - Soviet Cameraman, 1986"
756,15690,cast,15,Self - Soviet 8th Guards Army
756,6883,cast,16,Self - Auschwitz Survivor
756,23237,cast,17,Self - Auschwitz Survivor
756,22801,cast,18,Self - Auschwitz Survivor
756,1767,cast,19,Self - U.S. Cameraman
756,11495,cast,20,Self - Film Editor
756,1070,director,1,
756,14510,writer,1,
757,19189,cast,1,Marcos
757,7688,cast,2,Juan
757,8254,cast,3,Convenience Store Employee
757,14979,cast,4,Convenience Store Employee 2
757,7546,cast,5,Convenience Store Manager
757,18682,cast,6,Aunt
757,14433,cast,7,Bar Waiter
757,6765,cast,8,Bar Manager
757,870,cast,9,Woman in Elevator
757,9482,cast,10,Vendor
757,11886,cast,11,Aníbal
757,13897,cast,12,Valeria
757,17651,cast,13,Sandler
757,9321,cast,14,Vidal Gandolfo
757,3267,cast,15,Man on Cell Phone
757,19765,cast,16,Texan
757,22764,cast,17,Federico
757,3491,cast,18,Mrs. Sandler
757,507,cast,19,Washington
757,1601,cast,20,D' Agostino
757,6961,director,1,
757,6961,writer,1,
758,9826,cast,1,Jafar Panahi
758,16941,cast,2,Village Cheif (Kadkhoda)
758,23121,cast,3,Ghanbar
758,1986,cast,4,Bakhtiar
758,16519,cast,5,Zara
758,16938,cast,6,Ghanbar's mother (Madar_e Ghanbar)
758,19163,cast,7,Reza
758,10292,cast,8,Jacob (Yaghoub)
758,24175,cast,9,Jacob's uncle (Amou_ye Yaghoub)
758,939,cast,10,Solduz
758,4887,cast,11,Gozal
758,18829,cast,12,Villager (Mard_e Roustayi)
758,21295,cast,13,Sinan
758,6243,cast,14,Kid (PesarBacheh)
758,9362,cast,15,Soldier (Sarbaz)
758,3061,cast,16,
758,787,cast,17,Police
758,16520,cast,18,
758,9826,director,1,
758,9826,writer,1,
759,22785,cast,1,Ed Tom Bell
759,10295,cast,2,Anton Chigurh
759,12032,cast,3,Llewelyn Moss
759,23932,cast,4,Carson Wells
759,12825,cast,5,Carla Jean Moss
759,7616,cast,6,Wendell
759,22286,cast,7,Loretta Bell
759,2076,cast,8,Ellis
759,21619,cast,9,Man Who Hires Wells
759,19832,cast,10,El Paso Sheriff
759,2348,cast,11,Carla Jean's Mother
759,1010,cast,12,Poolside Woman
759,13203,cast,13,Sheriff Bell's Secretary
759,24273,cast,14,Strangled Deputy
759,3827,cast,15,Man in Ford
759,6159,cast,16,'Agua' Man
759,7727,cast,17,Gas Station Proprietor
759,16826,cast,18,'Managerial' Victim
759,2723,cast,19,'Managerial' Victim
759,12663,cast,20,Desert Aire Manager
759,6822,director,1,
759,11236,director,2,
759,11236,writer,1,
759,6822,writer,2,
759,4440,writer,3,
760,3165,cast,1,Narrator
760,7940,cast,2,Self
760,701,cast,3,Self
760,17599,cast,4,Self
760,19629,cast,5,Self
760,18031,cast,6,Self
760,14799,cast,7,Self
760,7890,cast,8,Self
760,9886,cast,9,Self
760,5546,cast,10,Self
760,5779,cast,11,Self
760,18120,cast,12,Self
760,4369,cast,13,Self
760,20479,cast,14,
760,7041,cast,15,Self
760,7870,cast,16,Self
760,11863,cast,17,Self
760,219,cast,18,Self
760,13636,cast,19,Self
760,2097,cast,20,Self
760,3618,director,1,
760,3618,writer,1,
761,13688,cast,1,Man-su
761,21367,cast,2,Miri
761,23925,cast,3,Si-one
761,21339,cast,4,Ri-one
761,8780,cast,5,Choi Seon-chool
761,13727,cast,6,Bummo
761,24057,cast,7,Ara
761,20911,cast,8,Sijo
761,21997,cast,9,Dongho
761,13114,cast,10,Dong-ho's father
761,23924,cast,11,Dongho's Mother
761,17506,cast,12,Mi-ri's Father
761,24110,cast,13,Miri's Mother
761,4597,cast,14,Middle-aged Detective
761,20847,cast,15,Young Detective
761,24121,cast,16,"Reporter, YouTuber"
761,24119,cast,17,Chin-ho
761,13107,cast,18,Grandmother on Rooftop
761,11858,cast,19,Cello Teacher
761,16883,cast,20,Namgu
761,17766,director,1,
761,5765,writer,1,
761,17766,writer,2,
761,13386,writer,3,
761,5735,writer,4,
761,9829,writer,5,
762,24237,cast,1,Self
762,2109,cast,2,Self
762,8524,cast,3,Self
762,24237,director,1,
762,2109,director,2,
762,8524,director,3,
762,18798,director,4,
762,2109,writer,1,
762,18798,writer,2,
762,8524,writer,3,
762,24237,writer,4,
763,24239,cast,1,Akira Fukushima
763,1953,cast,2,Kyôko
763,8978,cast,3,Shigeru
763,16675,cast,4,Yuki
763,8537,cast,5,Saki
763,24167,cast,6,Keiko - The Mother
763,12732,cast,7,"Yoshinaga, The Landlord"
763,24198,cast,8,Eriko Yoshinaga
763,20819,cast,9,Mini-market Manager
763,20281,cast,10,Mini-market Employee
763,22012,cast,11,Mini-market Teller
763,24188,cast,12,Sugihara - Taxi Driver
763,12903,cast,13,Pachinko Parlor Employee
763,21895,cast,14,Baseball Coach
763,21101,cast,15,
763,1804,cast,16,
763,21807,cast,17,
763,22007,cast,18,
763,8714,cast,19,
763,16319,cast,20,
763,9006,director,1,
763,9006,writer,1,
764,18072,cast,1,Donald 'Sully' Sullivan
764,2999,cast,2,Carl Roebuck
764,10843,cast,3,Miss Beryl Peoples
764,15861,cast,4,Toby Roebuck
764,5988,cast,5,Peter Sullivan
764,18732,cast,6,Rub Squeers
764,7738,cast,7,Wirf
764,11939,cast,8,Clive Peoples Jr.
764,18525,cast,9,Officer Raymer
764,18494,cast,10,Judge Flatt
764,3420,cast,11,Charlotte
764,606,cast,12,Will
764,3211,cast,13,Wacker
764,10330,cast,14,Jocko
764,10764,cast,15,Ollie Quinn
764,1236,cast,16,Cass
764,725,cast,17,Hattie
764,14931,cast,18,Birdy
764,1246,cast,19,Ruby
764,19328,cast,20,Ralph
764,19521,director,1,
764,19351,writer,1,
764,19521,writer,2,
765,7197,cast,1,Fern
765,5180,cast,2,Dave
765,14032,cast,3,Linda
765,7700,cast,4,Gay
765,17844,cast,5,Patty
765,1240,cast,6,Angela
765,3221,cast,7,Carl
765,5900,cast,8,Doug
765,20250,cast,9,Ryan
765,22233,cast,10,Teresa
765,12521,cast,11,Karie
765,2788,cast,12,Brandy
765,14673,cast,13,Makenzie
765,2659,cast,14,Bob
765,1441,cast,15,Annette
765,18783,cast,16,Rachel
765,3561,cast,17,Swankie
765,3033,cast,18,Bryce
765,21057,cast,19,Deni
765,15922,cast,20,Merle
765,3844,director,1,
765,3844,writer,1,
765,10817,writer,2,
766,3385,cast,1,Roger Thornhill
766,6880,cast,2,Eve Kendall
766,10013,cast,3,Phillip Vandamm
766,10852,cast,4,Clara Thornhill
766,13789,cast,5,The Professor
766,12021,cast,6,Mrs. Townsend
766,18523,cast,7,Lester Townsend
766,15365,cast,8,Leonard
766,104,cast,9,Valerian
766,6202,cast,10,Victor Larrabee
766,19581,cast,11,Licht
766,13863,cast,12,Auctioneer
766,18499,cast,13,Dr. Cross
766,17907,cast,14,Sergeant Flamm
766,6171,cast,15,Captain Junket
766,12876,cast,16,Charley
766,21485,cast,17,Lieutenant Harding
766,4922,cast,18,Auction Guest
766,11293,cast,19,Auction Guest
766,1186,cast,20,Farmer
766,685,director,1,
766,6756,writer,1,
767,13223,cast,1,Graf Dracula (Nosferatu)
767,9497,cast,2,Lucy Harker
767,3012,cast,3,Jonathan Harker
767,19914,cast,4,Renfield
767,23548,cast,5,Dr. Abraham van Helsing
767,4664,cast,6,Warden
767,10117,cast,7,Harbormaster
767,3382,cast,8,Schrader
767,15404,cast,9,Mina
767,19427,cast,10,Town official
767,4269,cast,11,Gerichtssekretär
767,14165,cast,12,Harbormaster's Assistent
767,11507,cast,13,Coachman
767,14929,cast,14,Vrouw
767,22478,cast,15,Coffinbearer
767,9791,cast,16,Captain
767,16052,cast,17,Lord of the Manor
767,23653,cast,18,Hand and Feet in Box with Rats
767,2386,cast,19,Nun
767,1867,cast,20,Violinist Boy
767,23653,director,1,
767,23653,writer,1,
767,22730,writer,2,
767,15404,writer,3,
767,2771,writer,4,
768,7682,cast,1,Self - Astronomer
768,13625,cast,2,Self - Archeologist
768,14440,cast,3,Self
768,16359,cast,4,Self - Architect
768,23296,cast,5,Self - Engineer
768,23280,cast,6,Self
768,23399,cast,7,Self
768,7875,cast,8,Self - Astronomer
768,23138,cast,9,Self
768,17864,director,1,
768,17864,writer,1,
769,3409,cast,1,Sheba Hart
769,12153,cast,2,Barbara Covett
769,1169,cast,3,Steven Connolly
769,22679,cast,4,Ted Mawson
769,16130,cast,5,Sandy Pabblem
769,11110,cast,6,Sue Hodge
769,21001,cast,7,Bill Rumer
769,6580,cast,8,Linda
769,21974,cast,9,Gita
769,18476,cast,10,Brian Bangs
769,23645,cast,11,Elaine Clifford
769,22070,cast,12,Antonia Robinson
769,13812,cast,13,Davis
769,2467,cast,14,Richard Hart
769,12357,cast,15,Polly Hart
769,15754,cast,16,Ben Hart
769,5292,cast,17,Lorraine
769,2092,cast,18,Dave
769,12214,cast,19,Marjorie
769,164,cast,20,Martin
769,19268,director,1,
769,17904,writer,1,
769,24375,writer,2,
770,3385,cast,1,Devlin
770,9400,cast,2,Alicia Huberman
770,4226,cast,3,Alexander Sebastian
770,14268,cast,4,Paul Prescott
770,13854,cast,5,Mme. Sebastian
770,19100,cast,6,'Dr. Anderson'
770,16756,cast,7,Walter Beardsley
770,9561,cast,8,Eric Mathis
770,665,cast,9,Joseph
770,23507,cast,10,Mr. Hopkins
770,3661,cast,11,Commodore
770,19187,cast,12,Dr. Barbosa
770,5993,cast,13,Hupka
770,7024,cast,14,Ethel
770,2316,cast,15,File Clerk
770,2123,cast,16,File Clerk
770,14479,cast,17,Party Guest
770,3173,cast,18,Waiter
770,3601,cast,19,Judge
770,6066,cast,20,Reporter
770,685,director,1,
770,2196,writer,1,
770,685,writer,2,
770,11665,writer,3,
770,4291,writer,4,
771,9163,cast,1,William Thacker
771,12219,cast,2,Anna Scott
771,19329,cast,3,Tony
771,19175,cast,4,Spike
771,9935,cast,5,Martin
771,5984,cast,6,Rufus the Thief
771,19876,cast,7,Annoying Customer
771,8899,cast,8,Ritz Concierge
771,12236,cast,9,'Time Out' Journalist
771,14200,cast,10,Anna's Publicist
771,11641,cast,11,PR Chief
771,4208,cast,12,'Helix' Lead Actor
771,1793,cast,13,'Helix' Foreign Actor
771,24105,cast,14,'Helix' interview Interpreter
771,16579,cast,15,'Helix' 12-year-old Actress
771,22505,cast,16,Max
771,8087,cast,17,Bella
771,6568,cast,18,Honey
771,9154,cast,19,Bernie
771,5831,cast,20,Loud Man in Restaurant
771,19894,director,1,
771,19248,writer,1,
772,7805,cast,1,Everett
772,11678,cast,2,Pete Hogwallop
772,22479,cast,3,Delmar O'Donnell
772,11440,cast,4,Big Dan Teague
772,9048,cast,5,Penny
772,3936,cast,6,Tommy Johnson
772,3612,cast,7,Pappy O'Daniel
772,5330,cast,8,Junior O'Daniel
772,15973,cast,9,George Nelson
772,12105,cast,10,Pappy's Staff
772,2887,cast,11,Pappy's Staff
772,23595,cast,12,Homer Stokes
772,6033,cast,13,The Little Man
772,18985,cast,14,Vernon T. Waldrip
772,4766,cast,15,Sheriff Cooley
772,20128,cast,16,Man with Bullhorn
772,7313,cast,17,Wash Hogwallop
772,18757,cast,18,Boy Hogwallop
772,13733,cast,19,Blind Seer
772,16488,cast,20,Pomade Vendor
772,11236,director,1,
772,6822,director,2,
772,9057,writer,1,
772,6822,writer,2,
772,11236,writer,3,
773,13936,cast,1,Liam Gallagher
773,17384,cast,2,Noel Gallagher
773,17957,cast,3,Paul Arthurs
773,426,cast,4,
773,18061,cast,5,Paul McGuigan
773,17290,cast,6,Fan
773,2345,cast,7,Jodie I
773,11865,cast,8,Fan
773,9247,cast,9,Fan
773,9842,cast,10,Mark O's Brother
773,21745,cast,11,Ian B's Father
773,16927,cast,12,Fan
773,11145,cast,13,Fan
773,4403,cast,14,Friend
773,21880,cast,15,Ian B's Mother
773,3031,cast,16,Mark O
773,15632,cast,17,Fan
773,7613,cast,18,Fan
773,22749,cast,19,Fan
773,9854,director,1,
774,9844,cast,1,Homer Hickam
774,3879,cast,2,John Hickam
774,13537,cast,3,Miss Riley
774,3917,cast,4,Quentin
774,23810,cast,5,Roy Lee
774,3521,cast,6,O'Dell
774,16967,cast,7,Elsie Hickam
774,20743,cast,8,Jim Hickam
774,18932,cast,9,Leon Bolden
774,3884,cast,10,Principal Turner
774,6493,cast,11,Ike Bykovsky
774,4469,cast,12,Dorothy Platt
774,4994,cast,13,Jake Mosby
774,22266,cast,14,Mr. Dantzler
774,12434,cast,15,Valentine Carmina
774,4977,cast,16,Coach Gainer
774,5725,cast,17,Jensen
774,22698,cast,18,Lenny
774,5785,cast,19,Trooper One
774,12395,cast,20,Kid
774,11193,director,1,
774,9060,writer,1,
774,13915,writer,2,
775,10013,cast,1,Johnny McQueen
775,19671,cast,2,Lukey
775,4558,cast,3,Pat
775,7119,cast,4,Shell
775,23792,cast,5,Fencie
775,7026,cast,6,Rosie
775,5374,cast,7,Inspector
775,23663,cast,8,Father Tom
775,15702,cast,9,Theresa O'Brien
775,6491,cast,10,Tober
775,19516,cast,11,Dennis
775,4659,cast,12,Nolan
775,13208,cast,13,Grannie
775,2340,cast,14,Maudie
775,20113,cast,15,Murphy
775,12013,cast,16,'Gin' Jimmy
775,1753,cast,17,Tom
775,1293,cast,18,Maureen
775,15699,cast,19,Cashier
775,15701,cast,20,Molly
775,3326,director,1,
775,7120,writer,1,
775,19025,writer,2,
776,13419,cast,1,Christian
776,16126,cast,2,Luc
776,17590,cast,3,Christophe
776,18548,cast,4,Célestin
776,9793,cast,5,Amédée
776,14173,cast,6,Jean-Pierre
776,23960,cast,7,Michel
776,10438,cast,8,Paul
776,34,cast,9,Nouredine
776,20313,cast,10,Rabbia
776,38,cast,11,Omar
776,17589,cast,12,Bruno
776,7002,cast,13,Ali Fayattia
776,115,cast,14,Le terroriste
776,2230,cast,15,Sidi Larbi
776,9315,cast,16,Hadji
776,37,cast,17,Le colonel
776,8207,cast,18,Le chef de chantier croate
776,21481,cast,19,Ouvrier croate 1
776,1630,cast,20,Ouvrier croate 2
776,23955,director,1,
776,23955,writer,1,
776,6836,writer,2,
777,13601,director,1,
777,13601,writer,1,
778,14188,cast,1,Lennie Small
778,3069,cast,2,George Milton
778,2363,cast,3,Mae Jackson
778,3581,cast,4,Slim
778,19925,cast,5,Candy
778,2656,cast,6,Curley Jackson
778,17355,cast,7,Whit
778,17652,cast,8,Jackson
778,8280,cast,9,Carlson
778,13748,cast,10,Crooks
778,8818,cast,11,Susie
778,8858,cast,12,Girl
778,21238,cast,13,Old Hand
778,11320,cast,14,Ranch Hand
778,1990,cast,15,Ranch Hand
778,23671,cast,16,Ranch Hand
778,6076,cast,17,Bus Driver
778,9675,cast,18,Ranch Hand
778,9112,cast,19,Sheriff
778,2047,cast,20,Second Girl
778,13920,director,1,
778,11652,writer,1,
778,6859,writer,2,
779,19958,cast,1,Peter
779,10634,cast,2,Joanna
779,5032,cast,3,Michael Bolton
779,267,cast,4,Samir
779,5581,cast,5,Lawrence
779,21619,cast,6,Milton
779,7642,cast,7,Bill Lumbergh
779,19347,cast,8,Tom Smykowski
779,642,cast,9,Anne
779,11156,cast,10,Dom Portwood
779,11349,cast,11,Bob Slydell
779,18118,cast,12,Bob Porter
779,13169,cast,13,Nina
779,22609,cast,14,Chotchkie's Waiter
779,8304,cast,15,Drew
779,16137,cast,16,Dr. Swanson
779,14037,cast,17,Laura Smykowski
779,10647,cast,18,Female Temp
779,13377,cast,19,Rob Newhouse
779,17630,cast,20,Steve
779,16408,director,1,
779,16408,writer,1,
780,21244,cast,1,Dokhtar_e aval
780,21019,cast,2,Dokhtar_e Sigari
780,1943,cast,3,Dokhtar_e Footbalist
780,20338,cast,4,Sarbaz_e Azari
780,16642,cast,5,Sarbaz_e Mashhadi
780,8199,cast,6,Dokhtar_e Chadori
780,14649,cast,7,Dokhtar_e Sarbaz
780,17046,cast,8,Dokhtar_e Kouchak
780,15564,cast,9,Sarbaz_e Tehrani
780,16649,cast,10,Taraghe_ei
780,16653,cast,11,Belit Foroush
780,8470,cast,12,Sarbaz
780,19161,cast,13,Pir_e Mard
780,16652,cast,14,Ticket seller
780,16639,cast,15,Shxyxn
780,16648,cast,16,Haji
780,700,cast,17,Bus Passenger
780,11055,cast,18,
780,15563,cast,19,
780,16574,cast,20,
780,9826,director,1,
780,9826,writer,1,
780,20925,writer,2,
781,3853,cast,1,Dae-su Oh
781,24117,cast,2,Lee Woo-jin
781,12468,cast,3,Mi-do
781,13097,cast,4,Mr. Han
781,4575,cast,5,No Joo-hwan
781,4597,cast,6,Park Cheol-woong
781,20908,cast,7,Yoo Hyung-ja
781,11009,cast,8,Lee Soo-ah
781,21996,cast,9,Young Dae-su
781,24119,cast,10,Young Woo-Jin
781,9338,cast,11,Young Joo-hwan
781,24171,cast,12,Clock Store Lady
781,24060,cast,13,Elevator Lady
781,15940,cast,14,Dental Nurse
781,9818,cast,15,Night Teacher
781,12341,cast,16,Nun Teacher
781,20527,cast,17,Electronics Store Owner
781,3528,cast,18,Woo-jin's Doctor
781,20848,cast,19,Nurse
781,21934,cast,20,Rude Man
781,17766,director,1,
781,7615,writer,1,
781,17366,writer,2,
781,17766,writer,3,
781,11045,writer,4,
781,11860,writer,5,
782,21844,cast,1,Shula
782,6384,cast,2,Nsansa
782,20107,cast,3,Uncle Fred
782,2597,cast,4,Young Shula
782,4132,cast,5,Farm Club Presenter 1
782,14635,cast,6,Farm Club Presenter 2
782,8888,cast,7,Shula's Father
782,2275,cast,8,Joseph
782,5844,cast,9,Shula's Mother
782,15481,cast,10,Beatrice
782,17420,cast,11,Chichi
782,8988,cast,12,Matron 1
782,7035,cast,13,Matron 2
782,8079,cast,14,Aunty Ruth
782,3324,cast,15,Aunty Catherine
782,14320,cast,16,Aunty Linda
782,3087,cast,17,Aunty Bukata
782,7018,cast,18,Gossiping Woman 1
782,12397,cast,19,Gossiping Woman 2
782,6815,cast,20,Musonda
782,20177,director,1,
782,20177,writer,1,
783,15284,cast,1,Terry Malloy
783,12540,cast,2,Father Barry
783,13706,cast,3,Johnny Friendly
783,19823,cast,4,Charley Malloy
783,17807,cast,5,Kayo Dugan
783,13741,cast,6,Glover
783,10079,cast,7,Big Mac
783,22836,cast,8,Truck
783,22075,cast,9,Tillio
783,11414,cast,10,'Pop' Doyle
783,11454,cast,11,Mott
783,20155,cast,12,Moose
783,5706,cast,13,Luke
783,1763,cast,14,Jimmy
783,46,cast,15,Barney
783,6880,cast,16,Edie Doyle
783,15338,cast,17,Gillette
783,4633,cast,18,Sidney
783,24278,cast,19,Dues Collector
783,10690,cast,20,Bit Part
783,6334,director,1,
783,3050,writer,1,
783,14696,writer,2,
783,19712,writer,3,
784,8153,cast,1,Guy
784,15273,cast,2,Girl
784,9177,cast,3,Timmy Drummer
784,7972,cast,4,Lead Guitarist
784,373,cast,5,Bassist
784,7757,cast,6,Eamon
784,2445,cast,7,Guy's Dad
784,4834,cast,8,Girl's Mother
784,4869,cast,9,Heroin Addict
784,14685,cast,10,Bill
784,14838,cast,11,Ex Girlfriend
784,17140,cast,12,Bob
784,23890,cast,13,Man watching TV
784,13332,cast,14,Man watching TV
784,22771,cast,15,Man watching TV
784,1871,cast,16,Man watching TV
784,20786,cast,17,Bank Manager
784,17811,cast,18,Drunk
784,18710,cast,19,Hari Krishna
784,12589,cast,20,Baby
784,11357,director,1,
784,11357,writer,1,
784,8153,writer,2,
784,15273,writer,3,
785,8896,cast,1,Frank
785,3589,cast,2,Harmonica
785,4235,cast,3,Jill McBain
785,10276,cast,4,Manuel 'Cheyenne' Gutiérrez
785,7569,cast,5,Morton
785,17757,cast,6,Sam
785,23935,cast,7,Stony
785,9652,cast,8,Snaky
785,12747,cast,9,Sheriff
785,7398,cast,10,Brett McBain
785,14071,cast,11,Barman
785,14126,cast,12,Bit part
785,20401,cast,13,Member of Cheyenne's Gang
785,482,cast,14,Member of Frank's Gang Playing Poker
785,19075,cast,15,Old Woman in the Tavern
785,11957,cast,16,Train Station Master
785,7304,cast,17,Member of Frank's Gang Smoking Pipe at Auction
785,15080,cast,18,Mourner at Brett McBain's Funeral
785,20683,cast,19,Member of Frank's Gang on Train
785,14425,cast,20,Older Sheriff's Deputy
785,20878,director,1,
785,20876,writer,1,
785,20878,writer,2,
785,4847,writer,3,
785,2307,writer,4,
785,16338,writer,5,
786,13839,cast,1,Bob
786,20790,cast,2,Col. Steven J. Lockjaw
786,2239,cast,3,Sensei Sergio St. Carlos
786,19076,cast,4,Deandra
786,22304,cast,5,Perfidia
786,23927,cast,6,Laredo
786,429,cast,7,Mae West
786,21020,cast,8,Junglepussy
786,18015,cast,9,Sommerville
786,5599,cast,10,Talleyrand
786,2949,cast,11,Sober Rick
786,20318,cast,12,R.A. Rippey
786,15877,cast,13,Sylvia
786,21511,cast,14,Gramma Minnie
786,23192,cast,15,Momma Sandrae
786,17661,cast,16,Newborn Baby Charlene
786,17136,cast,17,Baby Charlene
786,18398,cast,18,Bank Security Guard
786,11216,cast,19,Sgt. Joe
786,10601,cast,20,Official Lockjaw Award
786,18103,director,1,
786,18103,writer,1,
786,22440,writer,2,
787,16921,cast,1,Self
787,24302,cast,2,Self
787,24347,cast,3,Self
787,23031,cast,4,Self
787,23975,cast,5,Self
787,9137,cast,6,Self
787,21190,cast,7,Self
787,18216,cast,8,Self
787,24343,cast,9,Self
787,21087,cast,10,Self
787,8360,cast,11,Self
787,24185,cast,12,Self
787,15843,cast,13,Self
787,2894,cast,14,Self
787,14193,cast,15,Self
787,10883,cast,16,Self - Journalist
787,24352,cast,17,Self
787,24008,cast,18,Self
787,21177,cast,19,Self
787,16921,director,1,
787,10875,director,2,
788,22030,cast,1,Director Higurashi
788,24241,cast,2,Chinatsu
788,8711,cast,3,Nao
788,12710,cast,4,Ko
788,14733,cast,5,Manabu Hosoda
788,9014,cast,6,Kasahara
788,14774,cast,7,Mao
788,21188,cast,8,Shunsuke Yamakoshi
788,21107,cast,9,Shinichiro Furusawa
788,24149,cast,10,Yoshiko Sasahara
788,16452,cast,11,Miki Yoshino
788,1940,cast,12,Ayana Kurihara
788,20357,cast,13,Saki Matsuura
788,22793,cast,14,Tomokazu Taniguchi
788,22044,cast,15,Takuya Fujimaru
788,20676,cast,16,Daigo Kurooka
788,13384,cast,17,Mai Aida
788,21124,cast,18,Shiori
788,13272,cast,19,AD Tsurunishi
788,22920,cast,20,AD Kuma
788,21109,director,1,
788,21109,writer,1,
788,20283,writer,2,
789,2471,cast,1,Chief Dale 'Hurricane' Dixon
789,2508,cast,2,Ray Malcolm
789,4548,cast,3,"Fantasia, Lila"
789,15978,cast,4,Lane 'Pluto' Franklin
789,10950,cast,5,Det. Dud Cole
789,5998,cast,6,Det. John McFeely
789,16967,cast,7,Cheryl Ann Dixon
789,19601,cast,8,Charlie
789,19504,cast,9,Byron
789,13019,cast,10,Ronnie
789,18578,cast,11,Mrs. Walker
789,15916,cast,12,Bonnie Dixon
789,10977,cast,13,Bobby
789,18584,cast,14,Jackie
789,5461,cast,15,Darren
789,12335,cast,16,Danielle
789,14207,cast,17,Marco
789,5363,cast,18,Marco's Wife
789,11524,cast,19,Chief Jenkins
789,9600,cast,20,Lieutenant
789,3209,director,1,
789,2508,writer,1,
789,22665,writer,2,
790,13665,cast,1,Sandra Kienzler
790,17783,cast,2,Georg Kienzler
790,15893,cast,3,Clément
790,17262,cast,4,Françoise
790,3159,cast,5,Linn
790,20624,cast,6,Elodie Kienzler
790,18626,cast,7,Michel
790,7044,cast,8,Leïla
790,9770,cast,9,Jacqueline Kienzler
790,3438,cast,10,La soeur de Georg
790,20502,cast,11,Le mari d'Elodie
790,6814,cast,12,Enfant d'Elodie
790,20056,cast,13,Enfant d'Elodie
790,6472,cast,14,"Esther, l'ancienne élève"
790,23956,cast,15,Collègue interprète
790,10133,cast,16,Collègue interprète
790,3681,cast,17,Vétéran Omaha
790,14926,cast,18,Médecin Georg
790,15556,cast,19,Infirmière Hôtel-Dieu
790,1800,cast,20,Chef de service Bretonneau
790,15946,director,1,
790,15946,writer,1,
791,9692,cast,1,R.P. McMurphy
791,14304,cast,2,Nurse Ratched
791,15988,cast,3,Ellis
791,18287,cast,4,Col. Matterson
791,5254,cast,5,Dr. Spivey
791,843,cast,6,Miller
791,20700,cast,7,Turkle
791,16820,cast,8,Warren
791,4805,cast,9,Martini
791,23776,cast,10,Sefelt
791,12074,cast,11,Bancini
791,13422,cast,12,Nurse Itsu
791,17016,cast,13,Washington
791,12868,cast,14,Beans Garfield
791,15854,cast,15,Harbor Master
791,21939,cast,16,Cheswick
791,12698,cast,17,Night Supervisor
791,4070,cast,18,Taber
791,5971,cast,19,Ellsworth
791,22185,cast,20,Hap Arlich
791,16494,director,1,
791,13641,writer,1,
791,2605,writer,2,
791,12870,writer,3,
791,4601,writer,4,
792,19797,cast,1,Seymour Parrish
792,4398,cast,2,Nina Yorkin
792,16220,cast,3,Will Yorkin
792,5986,cast,4,Jakob Yorkin
792,6735,cast,5,Maya Burson
792,18043,cast,6,Yoshi Araki
792,13696,cast,7,Waitress
792,7642,cast,8,Bill Owens
792,15133,cast,9,Mrs. Von Unwerth
792,5098,cast,10,Mr. Siskind
792,21000,cast,11,Young Father
792,10955,cast,12,Amateur Porn Guy
792,17215,cast,13,Repairman
792,4903,cast,14,Sav-Mart Clerk
792,11003,cast,15,Soccer Coach
792,6739,cast,16,Det. James Van Der Zee
792,4205,cast,17,Det. Paul Outerbridge
792,1203,cast,18,Officer Lyon
792,3302,cast,19,Officer Bravo
792,9579,cast,20,Superintendent
792,15245,director,1,
792,15245,writer,1,
793,17187,cast,1,Self
793,23576,cast,2,Self
793,10957,cast,3,Self
793,21891,cast,4,Self
793,6001,cast,5,Self
793,1136,cast,6,Self
793,15413,cast,7,Self
793,22449,cast,8,Self
793,7896,cast,9,Self
793,6479,cast,10,Self
793,1136,director,1,
794,22849,cast,1,Ting
794,18469,cast,2,"Humlae, George"
794,18735,cast,3,Muay Lek
794,21792,cast,4,Komtuan
794,3743,cast,5,Saming
794,23569,cast,6,Don
794,3751,cast,7,Peng
794,20178,cast,8,Ngek
794,18705,cast,9,Mae Waan
794,4128,cast,10,Uncle Mao
794,21811,cast,11,Waitress
794,2720,cast,12,Yai Hom
794,23936,cast,13,Pra Cru
794,20694,cast,14,Noi
794,21897,cast,15,Jamnean
794,23075,cast,16,Ta-Meun
794,1662,cast,17,Tang-On
794,23937,cast,18,Sia Pao
794,3531,cast,19,Hia Lao
794,17471,cast,20,Toshiro
794,18708,director,1,
794,17745,writer,1,
794,18708,writer,2,
794,21832,writer,3,
795,3385,cast,1,Geoff Carter
795,10360,cast,2,Bonnie Lee
795,19448,cast,3,Judy MacPherson
795,19220,cast,4,Bat MacPherson
795,22435,cast,5,Kid Dabb
795,831,cast,6,Les Peters
795,21227,cast,7,Dutchy
795,23301,cast,8,Sparks
795,11360,cast,9,Gent Shelton
795,5741,cast,10,Tex
795,17355,cast,11,Joe Souther
795,14761,cast,12,The Singer
795,16485,cast,13,Lily
795,14398,cast,14,Doctor
795,17801,cast,15,Mike
795,18184,cast,16,Pancho
795,17823,cast,17,Baldy
795,6626,cast,18,Tourist
795,18811,cast,19,Rafael
795,8634,cast,20,Tourist
795,9106,director,1,
795,12191,writer,1,
795,9106,writer,2,
795,6308,writer,3,
795,23832,writer,4,
796,16448,cast,1,Taeko
796,22915,cast,2,Toshio
796,24098,cast,3,Taeko (Child)
796,16320,cast,4,Taeko's Mother
796,15522,cast,5,Taeko's Father
796,3808,cast,6,Taeko's Grandmother (City)
796,24128,cast,7,Nanako
796,24195,cast,8,Yaeko
796,21094,cast,9,Taeko's Grandmother (Farm)
796,13243,cast,10,Kazuo
796,20320,cast,11,Kiyoko
796,15531,cast,12,Naoko
796,24139,cast,13,Station staff
796,22011,cast,14,Toshio's Mother
796,9015,cast,15,
796,9537,cast,16,Taeko's Classmate
796,24151,cast,17,Taeko's Teacher
796,15542,cast,18,Soo
796,4588,cast,19,
796,15801,cast,20,
796,9518,director,1,
796,9095,writer,1,
796,24236,writer,2,
796,9518,writer,3,
797,4143,cast,1,J. Robert Oppenheimer
797,6544,cast,2,Kitty Oppenheimer
797,15605,cast,3,Leslie Groves
797,19570,cast,4,Lewis Strauss
797,479,cast,5,Senate Aide
797,20717,cast,6,Counsel
797,10248,cast,7,Roger Robb
797,13354,cast,8,Thomas Morgan
797,22839,cast,9,Gordon Gray
797,11441,cast,10,Ward Evans
797,14569,cast,11,Lloyd Garrison
797,9925,cast,12,Patrick Blackett
797,12912,cast,13,Niels Bohr
797,8669,cast,14,Senator McGee
797,8327,cast,15,Chairman Magnuson
797,22181,cast,16,Senator Bartlett
797,22485,cast,17,Senator Pastore
797,21722,cast,18,Senator Scott
797,22650,cast,19,Albert Einstein
797,5060,cast,20,Isidor Rabi
797,4088,director,1,
797,4088,writer,1,
797,12426,writer,2,
797,15387,writer,3,
798,5783,cast,1,Calvin Jarrett
798,15501,cast,2,Beth Jarrett
798,12146,cast,3,Dr. Tyrone Berger
798,22539,cast,4,Conrad Jarrett
798,14537,cast,5,Salan - The Swim Coach
798,6398,cast,6,Jeannine Pratt
798,5614,cast,7,Karen
798,7496,cast,8,Joe Lazenby
798,10057,cast,9,Ray
798,2114,cast,10,Sloan
798,18758,cast,11,Ward - Beth's Brother
798,15024,cast,12,Audrey - Ward's Wife
798,15819,cast,13,Grandmother
798,6391,cast,14,Ruth
798,77,cast,15,Stillman
798,19377,cast,16,Grandfather
798,20712,cast,17,Buck Jarrett
798,3206,cast,18,Van Buren
798,22481,cast,19,Truan
798,12858,cast,20,Genthe
798,19690,director,1,
798,12161,writer,1,
798,854,writer,2,
798,16903,writer,3,
799,4176,cast,1,Self
799,4176,director,1,
799,4176,writer,1,
800,4253,cast,1,Self
800,1665,cast,2,Self
800,2033,cast,3,Self
800,19112,cast,4,Self
800,755,cast,5,Self
800,6284,cast,6,Self
800,1328,cast,7,Self
800,14711,cast,8,Self
800,8511,cast,9,Self
800,22463,cast,10,Self
800,1041,cast,11,Self
800,13960,cast,12,Self
800,7476,cast,13,Self
800,4017,cast,14,Self
800,17587,cast,15,Self
800,24253,cast,16,Self
800,14804,cast,17,Self
800,18631,cast,18,Self
800,6525,cast,19,Self
800,10440,cast,20,Self
800,17311,director,1,
800,17311,writer,1,
800,23915,writer,2,
801,1969,cast,1,Marie Cissé
801,21436,cast,2,Father Patrick
801,10666,cast,3,Nadia Benoit
801,7245,cast,4,Arnaud Charpentier
801,15402,cast,5,Jeanne Guyot
801,14617,cast,6,Sabine Leplanche
801,8956,cast,7,Leila Abergel
801,23131,cast,8,Jeremie Moutet
801,15766,cast,9,Thomas Guyot
801,17831,cast,10,Quentin
801,9350,cast,11,Nurse #1
801,6443,director,1,
801,6443,writer,1,
802,10299,cast,1,
802,4388,cast,2,
802,14401,director,1,
802,14948,writer,1,
802,14401,writer,2,
803,16288,cast,1,Lili
803,8942,cast,2,Marie
803,12513,cast,3,Elaine
803,18598,cast,4,Quentin
803,14821,cast,5,"Nicolas, Arsenal, Papa"
803,10472,cast,6,Colin
803,16126,cast,7,Thomas
803,21951,cast,8,Achille
803,2284,cast,9,Bergamotte
803,6232,cast,10,Béatrice
803,16701,cast,11,Faune
803,12289,cast,12,Frédérique
803,7975,cast,13,Un faux célibataire
803,8062,cast,14,La logeuse de Colin
803,10464,cast,15,Trois truand
803,23101,cast,16,Trois truand
803,9803,cast,17,Trois truand
803,16247,cast,18,Honeymoon
803,16252,cast,19,Un ethnologue
803,2288,cast,20,Un pornographe
803,9806,director,1,
803,21906,director,2,
803,9806,writer,1,
803,21906,writer,2,
803,9076,writer,3,
804,19664,cast,1,Jeff
804,10152,cast,2,Kathie
804,13181,cast,3,Whit
804,19173,cast,4,Meta Carson
804,19375,cast,5,Jim
804,21652,cast,6,Fisher
804,23414,cast,7,Ann
804,18105,cast,8,Joe
804,5571,cast,9,The Kid
804,12880,cast,10,Eels
804,2952,cast,11,Kibitzer in Blue Sky Club
804,17539,cast,12,Tillotson - Night Clerk
804,6868,cast,13,Mexican Waiter
804,23660,cast,14,Harlem Club Headwaiter
804,16466,cast,15,Woman at Harlem Club
804,9139,cast,16,Car Manipulator
804,9902,cast,17,Doorman
804,22172,cast,18,Man at Harlem Club
804,9917,cast,19,Bartender in Acapulco
804,9059,cast,20,Kibitzer in Blue Sky Club
804,9811,director,1,
804,4740,writer,1,
804,10004,writer,2,
804,7327,writer,3,
805,2893,cast,1,Pvt. Thomas Beddows
805,5231,cast,2,Jack
805,17145,cast,3,Arthur
805,12270,cast,4,The Girl
805,20455,cast,5,The Trained Soldier
805,11428,cast,6,Dad
805,21533,cast,7,Mum
805,8694,cast,8,Stationmaster
805,5152,cast,9,Medical Officer
805,9267,cast,10,Barrack Guard
805,14233,cast,11,Prostitute
805,21618,cast,12,Dead German Soldier
805,9676,cast,13,Barman
805,15238,cast,14,Photographer
805,15955,cast,15,Little Girl
805,6476,cast,16,Little Girl's Mother
805,21771,director,1,
805,4059,writer,1,
805,21771,writer,2,
806,2224,cast,1,Paddington
806,9163,cast,2,Phoenix Buchanan
806,9154,cast,3,Henry Brown
806,20381,cast,4,Mary Brown
806,16067,cast,5,Uncle Pastuzo
806,9365,cast,6,Aunt Lucy
806,14584,cast,7,Judy Brown
806,20511,cast,8,Jonathan Brown
806,12277,cast,9,Mrs Bird
806,15043,cast,10,Mademoiselle Dubois
806,20582,cast,11,Dr Jafri
806,2209,cast,12,Colonel Lancaster
806,10826,cast,13,Miss Kitts
806,19491,cast,14,Mr Barnes
806,17178,cast,15,Insurance Company C.E.O.
806,570,cast,16,Steve Visby
806,21748,cast,17,Chakrabatics Instructor
806,10910,cast,18,Mr Gruber
806,6639,cast,19,Mr Giuseppe
806,22650,cast,20,Judge Gerald Biggleswade
806,18044,director,1,
806,18044,writer,1,
806,21262,writer,2,
806,15994,writer,3,
806,15181,writer,4,
806,23716,writer,5,
806,21286,writer,6,
807,1579,cast,1,Salvador Mallo
807,1837,cast,2,Alberto Crespo
807,13841,cast,3,Federico Delgado
807,17417,cast,4,Mercedes
807,12295,cast,5,Jacinta
807,3508,cast,6,Eduardo
807,1838,cast,7,Salvador Mallo
807,18210,cast,8,Jacinta
807,3476,cast,9,Zulema
807,21890,cast,10,Beata
807,18959,cast,11,Venancio Mallo
807,18177,cast,12,Dr. A. Galindo
807,12234,cast,13,Presentador
807,6881,cast,14,Radióloga
807,20606,cast,15,Conchita
807,4414,cast,16,
807,20031,cast,17,Rosita
807,15149,cast,18,Lavandera Mari
807,17759,cast,19,Lavandera Mercedes
807,433,cast,20,
807,18175,director,1,
807,18175,writer,1,
808,9562,cast,1,Ofelia
808,1647,cast,2,Carmen
808,20871,cast,3,Vidal
808,15023,cast,4,Mercedes
808,5887,cast,5,"Fauno, Pale Man"
808,550,cast,6,Doctor Ferreiro
808,14756,cast,7,Garcés
808,3507,cast,8,Serrano
808,19868,cast,9,Pedro
808,9555,cast,10,El Tarta
808,8204,cast,11,Francés
808,6871,cast,12,Padre
808,7240,cast,13,Sacerdote
808,12140,cast,14,Alcalde
808,14011,cast,15,Esposa del alcalde
808,15128,cast,16,Jefe de botiquín
808,20803,cast,17,Capitán Guardia Civil
808,16459,cast,18,Esposa del doctor
808,18225,cast,19,Conchita
808,13413,cast,20,Jacinta
808,8373,director,1,
808,8373,writer,1,
809,15832,cast,1,"Paprika, Chiba Atsuko"
809,22900,cast,2,Inui Sei-jiroh
809,12684,cast,3,Shima Tora-taroh
809,22902,cast,4,Tokita Kohsaku
809,13242,cast,5,Osanai Morio
809,301,cast,6,Detective Kogawa Toshimi
809,8975,cast,7,Guy
809,20674,cast,8,Japanese Doll
809,4591,cast,9,Himuro Kei
809,16611,cast,10,Tsumura Yasushi
809,19428,cast,11,Kakimoto Nobue
809,21108,cast,12,Reporter
809,20677,cast,13,Jin-nai
809,24039,cast,14,Kuga
809,21122,cast,15,Magician
809,13343,cast,16,Announcer
809,1475,cast,17,Researcher
809,288,cast,18,Waitress
809,13275,cast,19,Pierrot
809,6247,cast,20,Institute member
809,20677,director,1,
809,24039,writer,1,
809,20823,writer,2,
809,20677,writer,3,
810,18210,cast,1,Janis
810,16471,cast,2,Ana
810,9532,cast,3,Arturo
810,259,cast,4,Teresa
810,20086,cast,5,Elena
810,12295,cast,6,Brígida
810,1899,cast,7,
810,3293,cast,8,Dolores
810,722,cast,9,
810,253,cast,10,Niñera
810,121,cast,11,Sobrina de Brígida
810,1628,cast,12,
810,9410,cast,13,
810,22987,cast,14,Nieta de difunto
810,12306,cast,15,Jesús
810,14969,cast,16,
810,3762,cast,17,Actor
810,14777,cast,18,
810,4778,cast,19,Modelo
810,1009,cast,20,Modelo
810,18175,director,1,
810,18175,writer,1,
811,21372,cast,1,Ki Taek
811,13726,cast,2,Dong-ik
811,3846,cast,3,Yeon Kyo
811,3856,cast,4,Ki Woo
811,17775,cast,5,Gi-jeong
811,13707,cast,6,Moon Gwang
811,10190,cast,7,Chung Sook
811,17773,cast,8,Geun Se
811,12344,cast,9,Da Hye
811,12342,cast,10,Da Song
811,17771,cast,11,Driver Yoon
811,12346,cast,12,CEO of Pizza Place
811,11037,cast,13,CEO's Brother of Pizza Place
811,12343,cast,14,Neighbor
811,13123,cast,15,Drunk Person 1
811,9224,cast,16,Internet Cafe Staff
811,228,cast,17,Street Fighting Person 1
811,13117,cast,18,Street Fighting Person 2
811,24124,cast,19,Mercedes Benz Dealer
811,9825,cast,20,VR Expert
811,2702,director,1,
811,2702,writer,1,
811,8534,writer,2,
812,21685,cast,1,Gil Buckman
812,15495,cast,2,Karen Buckman
812,5541,cast,3,Helen Buckman
812,10276,cast,4,Frank Buckman
812,19403,cast,5,Nathan Huffner
812,22695,cast,6,Larry Buckman
812,15328,cast,7,Julie Lampkin
812,12739,cast,8,Tod Higgins
812,8595,cast,9,Susan
812,5399,cast,10,David Brodsky
812,11131,cast,11,Garry Lampkin
812,6265,cast,12,Marilyn Buckman
812,8829,cast,13,Grandma
812,10227,cast,14,Kevin Buckman
812,18050,cast,15,George Bowman
812,763,cast,16,Taylor Buckman
812,24279,cast,17,Justin Buckman
812,9572,cast,18,Patty Huffner
812,554,cast,19,Cool
812,14325,cast,20,Stan
812,19954,director,1,
812,14325,writer,1,
812,1968,writer,2,
812,19954,writer,3,
813,8664,cast,1,Travis Henderson
813,16947,cast,2,Jane Henderson
813,5257,cast,3,Walt Henderson
813,20414,cast,4,Gas Station Attendant
813,2315,cast,5,Doctor Ulmer
813,1903,cast,6,Anne Henderson
813,4201,cast,7,Car Rental Clerk
813,9208,cast,8,Hunter Henderson
813,23438,cast,9,Woman on TV
813,21342,cast,10,Carmelita
813,6182,cast,11,Hunter's Friend
813,12380,cast,12,Hunter (Age 3)
813,22671,cast,13,Screaming Man
813,11519,cast,14,'Slater'
813,10626,cast,15,'Stretch'
813,20388,cast,16,'Nurse Bibs'
813,20979,cast,17,Comedienne
813,22333,cast,18,Rehearsing Band
813,2787,cast,19,Hunter's Girlfriend
813,23892,director,1,
813,14164,writer,1,
813,20456,writer,2,
813,23533,writer,3,
814,5051,cast,1,"Self - Theoretical Physicist, John Hopkins University"
814,6971,cast,2,Self - Project Leader Atlas Experiment
814,21066,cast,3,"Self - Representative, New York"
814,11241,cast,4,"Self - Representative, Colorado"
814,20691,cast,5,"Self - Theoretical Physicist, Stanford University"
814,17320,cast,6,"Self - Theoretical Physicist, Princeton University"
814,16690,cast,7,"Self - Postdoc Student, Atlas Experiment"
814,15334,cast,8,"Self - Run Coordinator, Atlas Experiment"
814,14505,cast,9,Self - LHC Project Director
814,16410,cast,10,"Self - Head of Collider Operations, LHC"
814,18365,cast,11,"Self - Founding Leader, Atlas Experiment"
814,19199,cast,12,"Self - Theoretical Physicist, University of Pisa"
814,18356,cast,13,Self - Theoretical Physicist
814,19919,cast,14,"Self - Director General, CERN"
814,1845,cast,15,Self
814,2944,cast,16,Self
814,1811,cast,17,Self
814,9889,cast,18,Self
814,10531,cast,19,Self
814,4021,cast,20,Self
814,15224,director,1,
815,22288,cast,1,Irene
815,20237,cast,2,Clare
815,1059,cast,3,Brian
815,2416,cast,4,Hugh
815,7704,cast,5,Dave
815,1563,cast,6,Felise
815,626,cast,7,John
815,12402,cast,8,Ted
815,6820,cast,9,Junior
815,1827,cast,10,Zulena
815,21765,cast,11,Cabbie
815,22751,cast,12,Attendant
815,14896,cast,13,Woman #1
815,12968,cast,14,Woman #2
815,3085,cast,15,Officer
815,5451,cast,16,Guest
815,947,cast,17,Ralph Hazelton
815,900,cast,18,Dancer
815,20505,cast,19,Dancer
815,22125,cast,20,Dancer
815,19039,director,1,
815,19039,writer,1,
815,17100,writer,2,
816,8342,cast,1,Nora
816,22216,cast,2,Hae Sung
816,11523,cast,3,Arthur
816,16727,cast,4,Young Nora
816,13738,cast,5,Young Hae Sung
816,10869,cast,6,Nora's Mom
816,3855,cast,7,Nora's Dad
816,16516,cast,8,Hae Sung's Mom
816,20844,cast,9,Young Si Young
816,13084,cast,10,Hae Sung's Friend #1
816,21092,cast,11,Hae Sung's Friend #2
816,12323,cast,12,Hae Sung's Friend #3
816,9616,cast,13,CBP Officer
816,10157,cast,14,Actress
816,17408,cast,15,Na Young's Childhood Friend 1
816,21193,cast,16,Na Young's Childhood Friend 2
816,24123,cast,17,Na Young's Childhood Friend 3
816,9225,cast,18,Hae-sung's Girlfriend
816,11736,cast,19,Janice
816,6545,cast,20,Rachel
816,3497,director,1,
816,3497,writer,1,
817,81,cast,1,Paterson
817,8200,cast,2,Laura
817,17102,cast,3,Marvin
817,19461,cast,4,Donny
817,5674,cast,5,Boy on Bus 1
817,9816,cast,6,Boy on Bus 2
817,2100,cast,7,Doc
817,22961,cast,8,Sam
817,22999,cast,9,Dave
817,2875,cast,10,Jimmy
817,7334,cast,11,Luis
817,14437,cast,12,Blood in Convertible
817,3742,cast,13,Marie
817,23802,cast,14,Everett
817,15936,cast,15,Method Man
817,12416,cast,16,Woman in Red
817,12485,cast,17,Female Student
817,10212,cast,18,Male Student
817,21635,cast,19,Young Poet
817,11712,cast,20,Doc's Wife
817,10937,director,1,
817,10937,writer,1,
817,23762,writer,2,
817,19965,writer,3,
818,13181,cast,1,Col. Dax
818,18868,cast,2,Cpl. Philippe Paris
818,143,cast,3,Gen. George Broulard
818,7852,cast,4,Gen. Paul Mireau
818,23603,cast,5,Lt. Roget
818,19213,cast,6,Maj. Saint-Auban
818,11227,cast,7,Pvt. Pierre Arnaud
818,3982,cast,8,German Singer
818,10756,cast,9,Proprietor of Cafe
818,18295,cast,10,"Narrator of Opening Sequence, Chief Judge of Court-Martial"
818,6528,cast,11,Father Dupree
818,2321,cast,12,Sgt. Boulanger
818,12845,cast,13,Pvt. Lejeune
818,22533,cast,14,Pvt. Maurice Ferol
818,7427,cast,15,Shell-Shocked Soldier
818,11651,cast,16,Capt. Rousseau - Battery Commander
818,8597,cast,17,Capt. Nichols - Artillery Spotter
818,13801,cast,18,Capt. Sancy
818,17974,cast,19,Maj. Gouderc
818,8924,cast,20,Small Role
818,21496,director,1,
818,21496,writer,1,
818,3119,writer,2,
818,10965,writer,3,
818,9204,writer,4,
819,23010,cast,1,
819,24334,cast,2,
819,23008,cast,3,
819,10879,cast,4,
819,18205,cast,5,
819,17487,cast,6,
819,24012,director,1,
819,24012,writer,1,
820,7796,cast,1,General George S. Patton Jr.
820,12540,cast,2,General Omar N. Bradley
820,21632,cast,3,Captain Chester B. Hansen
820,16204,cast,4,Brigadier General Hobart Carver
820,3192,cast,5,General Bradley's Driver
820,446,cast,6,Moroccan Minister
820,7340,cast,7,Lieutenant Colonel Henry Davenport
820,16749,cast,8,Captain Richard N. Jenson
820,12542,cast,9,Field Marshal Erwin Rommel
820,2442,cast,10,General Patton's Driver
820,17824,cast,11,First Lieutenant Alexander Stiller
820,9941,cast,12,Sergeant William George Meeks
820,13637,cast,13,Colonel Gaston Bell
820,4949,cast,14,Lieutenant General Harry Buford
820,11316,cast,15,Air Vice-Marshal Sir Arthur Coningham
820,19334,cast,16,Colonel General Alfred Jodl
820,21221,cast,17,Captain Oskar Steiger
820,15975,cast,18,Field Marshal Sir Bernard Law Montgomery
820,18099,cast,19,Lieutenant Colonel Charles R. Codman
820,7945,cast,20,Air Chief Marshal Sir Arthur Tedder
820,7416,director,1,
820,7226,writer,1,
820,6136,writer,2,
820,13396,writer,3,
820,17601,writer,4,
821,10404,cast,1,Pépé le Moko
821,7557,cast,2,Carlos
821,20681,cast,3,Le Grand Père
821,7069,cast,4,Régis
821,14355,cast,5,Slimane
821,8050,cast,6,Pierrot
821,14825,cast,7,L'Arbi
821,3626,cast,8,Maxime
821,7687,cast,9,Jimmy
821,19120,cast,10,Meunier
821,17998,cast,11,Louvain
821,19889,cast,12,Max
821,10500,cast,13,Gravère
821,19675,cast,14,Gendron
821,18555,cast,15,Janvier
821,7916,cast,16,Barsac
821,16558,cast,17,Gaby
821,14053,cast,18,Inès
821,7503,cast,19,Tania
821,17531,cast,20,Aïcha
821,12283,director,1,
821,8869,writer,1,
821,12283,writer,2,
821,9783,writer,3,
821,8868,writer,4,
822,12354,cast,1,Mima Kirigoe
822,19185,cast,2,Rumi
822,21120,cast,3,Tadokoro
822,15517,cast,4,Uchida
822,24164,cast,5,Tejima
822,24102,cast,6,Shibuya
822,8974,cast,7,Sakuragi
822,6509,cast,8,Eri Ochiai
822,15540,cast,9,Murano
822,13215,cast,10,Kantoku
822,22901,cast,11,Yada
822,21086,cast,12,Rei
822,6512,cast,13,Yukiko
822,1936,cast,14,Mima's Mother
822,21106,cast,15,Taku
822,11010,cast,16,Additional Voices
822,15834,cast,17,Child
822,22020,cast,18,Additional Voices
822,303,cast,19,Reader
822,17638,cast,20,Company Employee
822,20677,director,1,
822,20327,writer,1,
822,24142,writer,2,
822,20677,writer,3,
823,3799,cast,1,Marjane Adolescente et Adulte
823,3419,cast,2,La Mère
823,4784,cast,3,La Grand-Mère
823,21249,cast,4,Le Père
823,7578,cast,5,Marjane Enfant
823,7265,cast,6,Oncle Anouche
823,21414,cast,7,
823,10400,cast,8,
823,1653,cast,9,
823,15582,cast,10,Khosro
823,20663,cast,11,
823,23424,cast,12,
823,21949,cast,13,
823,2234,cast,14,
823,9138,cast,15,
823,17347,cast,16,
823,10460,cast,17,
823,9313,cast,18,
823,3257,cast,19,
823,6654,cast,20,
823,23372,director,1,
823,15159,director,2,
823,15159,writer,1,
823,23372,writer,2,
824,2398,cast,1,Alma
824,14125,cast,2,Elisabet Vogler
824,14918,cast,3,The Doctor
824,8381,cast,4,Mr. Vogler
824,11893,cast,5,Elisabet's Son
824,9398,director,1,
824,9398,writer,1,
825,12023,cast,1,Nelly
825,7580,cast,2,Marion
825,17333,cast,3,La mère
825,21549,cast,4,Le père
825,14935,cast,5,La grand-mère
825,7144,cast,6,Dame maison de retraite
825,11935,cast,7,Dame maison de retraite
825,8442,cast,8,Dame maison de retraite
825,3496,director,1,
825,3496,writer,1,
826,23278,cast,1,Alma
826,4716,cast,2,Reynolds Woodcock
826,13866,cast,3,Cyril
826,12276,cast,4,London Housekeeper
826,21798,cast,5,Biddy
826,11068,cast,6,Nana
826,8624,cast,7,Pippa
826,5615,cast,8,Elsa
826,12260,cast,9,Irma
826,15511,cast,10,Winn
826,6439,cast,11,Elli
826,959,cast,12,Mabel
826,902,cast,13,Amber
826,7743,cast,14,Geneva
826,12291,cast,15,Florist
826,3154,cast,16,Johanna
826,8087,cast,17,Countess Henrietta Harding
826,18503,cast,18,Peter Martin
826,22844,cast,19,Petrol Station Owner
826,21720,cast,20,Maitre'D
826,18103,director,1,
826,18103,writer,1,
827,17329,cast,1,Nelly Lenz
827,20001,cast,2,Johnny Lenz
827,17331,cast,3,Lene Winter
827,23003,cast,4,Soldat an der Brücke
827,16129,cast,5,Arzt
827,9369,cast,6,Elisabeth
827,7056,cast,7,Geiger
827,23114,cast,8,Clubbesitzer
827,23163,cast,9,Tänzerin
827,6873,cast,10,Tänzerin
827,10544,cast,11,Soldat im Club
827,17307,cast,12,Junge Frau
827,15752,cast,13,Der Mann
827,15824,cast,14,Mitarbeiterin Zentralstelle Halensee
827,13189,cast,15,Wirtin
827,7376,cast,16,Alfred Mohnhaupt
827,4776,cast,17,Sigrid
827,12643,cast,18,Monika
827,16227,cast,19,Walther
827,4236,cast,20,Frederike
827,3977,director,1,
827,3977,writer,1,
827,9143,writer,2,
827,8712,writer,3,
828,8059,cast,1,Mabel Greenfield
828,1358,cast,2,Shosho
828,10085,cast,3,Valentine Wilmot
828,3647,cast,4,A Continental Visitor
828,4562,cast,5,Victor Smiles
828,13167,cast,6,Jim
828,8562,cast,7,Bessie
828,5300,cast,8,Band at the Piccadilly Club
828,8212,cast,9,Coroner
828,23263,cast,10,Woman in Bar
828,11518,cast,11,Man from China
828,18986,cast,12,Diner in Nightclub Scene
828,3673,cast,13,Doorman
828,6435,cast,14,Vamp
828,9702,cast,15,Diner in Nightclub Scene
828,5299,cast,16,Bandleader
828,8700,cast,17,Publican
828,6942,director,1,
828,1713,writer,1,
829,13227,cast,1,Self
829,21377,cast,2,Self
829,20913,cast,3,Self
829,17317,cast,4,Self - Governador de Pernambuco
829,22828,cast,5,Self
829,14620,cast,6,Self
829,11942,cast,7,Self
829,10182,cast,8,Self
829,646,cast,9,Self
829,15581,cast,10,Self
829,20137,cast,11,Motorista
829,1652,cast,12,Self
829,14401,cast,13,Cinema Audience
829,13227,director,1,
829,13227,writer,1,
830,8678,cast,1,Colin
830,626,cast,2,Ray
830,5902,cast,3,Pete
830,13867,cast,4,Peggy
830,9856,cast,5,Kevin
830,15575,cast,6,Steve
830,17190,cast,7,Don
830,24372,cast,8,Don's Wife
830,9855,cast,9,Chigs
830,9751,cast,10,Cousin Roy
830,3990,cast,11,Colleague
830,24300,cast,12,Usher
830,20073,cast,13,Megan
830,16551,cast,14,Elderly Local
830,16695,cast,15,Elderly Local Friend
830,1548,cast,16,Darren
830,12694,cast,17,Featured Biker and Pillion
830,16140,cast,18,Featured Biker and Pillion
830,9292,cast,19,Featured Biker and Pillion
830,2535,cast,20,Featured Biker and Pillion
830,8675,director,1,
830,8675,writer,1,
830,89,writer,2,
831,2629,cast,1,Pink
831,4009,cast,2,Pink's Mother
831,9997,cast,3,J.A. Pinkerton (Pink's Father)
831,6303,cast,4,Pink's Wife
831,13032,cast,5,Young Pink
831,2633,cast,6,Rock and Roll Manager
831,4955,cast,7,Little Pink
831,10679,cast,8,American Groupie
831,578,cast,9,Teacher
831,6457,cast,10,English Doctor
831,9972,cast,11,Lover
831,18987,cast,12,Playground Father
831,14928,cast,13,Teacher's Wife
831,19529,cast,14,American Doctor
831,16059,cast,15,Hotel Manager
831,15054,cast,16,Spanish Maid
831,23902,cast,17,Security Guard
831,11120,cast,18,Groupie
831,17098,cast,19,Groupie
831,6582,cast,20,Groupie
831,412,director,1,
831,19902,writer,1,
832,5570,cast,1,"Pinocchio, Alexander"
832,3979,cast,2,Geppetto
832,15848,cast,3,Gideon (hiccoughs)
832,5710,cast,4,Carnival Barker
832,21770,cast,5,Carnival Barker
832,23528,cast,6,J. Worthington Foulfellow
832,15136,cast,7,Birds
832,7405,cast,8,Lampwick
832,15444,cast,9,Children
832,4285,cast,10,Jiminy Cricket
832,3640,cast,11,"Stromboli, The Coachman"
832,7853,cast,12,Donkeys
832,4596,cast,13,Donkeys
832,11543,cast,14,Carnival Barker
832,4198,cast,15,"Figaro, Rough House Statue, Donkeys"
832,17855,cast,16,Marionettes
832,18739,cast,17,Whistling Saw
832,6917,cast,18,The Blue Fairy
832,17449,director,1,
832,21977,director,2,
832,23682,director,3,
832,9669,director,4,
832,8528,director,5,
832,2478,director,6,
832,2218,director,7,
832,3243,writer,1,
832,22191,writer,2,
832,17666,writer,3,
832,23609,writer,4,
832,6645,writer,5,
832,7387,writer,6,
832,2472,writer,7,
832,1898,writer,8,
832,12008,writer,9,
832,23766,writer,10,
833,11718,cast,1,Jack Sparrow
833,17629,cast,2,Will Turner
833,12768,cast,3,Elizabeth Swann
833,9647,cast,4,Norrington
833,2467,cast,5,Davy Jones
833,11832,cast,6,Governor Weatherby Swann
833,13679,cast,7,Pintel
833,14566,cast,8,Ragetti
833,13034,cast,9,Gibbs
833,4941,cast,10,Cotton
833,21534,cast,11,Bootstrap Bill
833,22692,cast,12,Cutler Beckett
833,16933,cast,13,Tia Dalma
833,15362,cast,14,Marty
833,5154,cast,15,Mercer
833,583,cast,16,Captain Bellamy
833,13582,cast,17,Scarlett
833,17095,cast,18,Short Sailor
833,11000,cast,19,Large Sailor
833,16730,cast,20,Sunburned Sailor
833,8225,director,1,
833,22175,writer,1,
833,22272,writer,2,
833,21768,writer,3,
833,10335,writer,4,
834,11718,cast,1,Jack Sparrow
834,7769,cast,2,Barbossa
834,17629,cast,3,Will Turner
834,12768,cast,4,Elizabeth Swann
834,9647,cast,5,Norrington
834,11832,cast,6,Governor Weatherby Swann
834,13679,cast,7,Pintel
834,14566,cast,8,Ragetti
834,4612,cast,9,Lt. Gillette
834,8061,cast,10,Murtogg
834,1265,cast,11,Mullroy
834,4941,cast,12,Cotton
834,15987,cast,13,Twigg
834,9481,cast,14,Bo'sun
834,13034,cast,15,Joshamee Gibbs
834,22962,cast,16,Koehler
834,24382,cast,17,Anamaria
834,8438,cast,18,Harbormaster
834,18869,cast,19,Mr. Brown
834,18128,cast,20,Estrella
834,8225,director,1,
834,22175,writer,1,
834,22272,writer,2,
834,21768,writer,3,
834,10335,writer,4,
835,18803,cast,1,Fry
835,4342,cast,2,Johns
835,23344,cast,3,Riddick
835,12782,cast,4,Imam
835,13918,cast,5,Paris
835,4234,cast,6,Shazza
835,19169,cast,7,"Jack, Jackie"
835,11564,cast,8,Zeke
835,21257,cast,9,Owens
835,13859,cast,10,Suleiman
835,20454,cast,11,Hassan
835,7115,cast,12,Ali
835,19179,cast,13,Total Stranger
835,23266,cast,14,Captain
835,1232,cast,15,Dead Crew Member
835,18302,cast,16,Spaceship Traveler in Cryo
835,12891,cast,17,Spaceship Traveler in Cryo
835,5193,director,1,
835,12894,writer,1,
835,10968,writer,2,
835,5193,writer,3,
836,21685,cast,1,Neal Page
836,11355,cast,2,Del Griffith
836,13404,cast,3,Susan Page
836,16135,cast,4,State Trooper
836,12990,cast,5,Taxi Racer
836,5977,cast,6,Owen
836,3313,cast,7,Joy
836,17564,cast,8,Marti
836,5508,cast,9,Peg
836,15355,cast,10,Second Motel Clerk
836,13484,cast,11,Doobie
836,19288,cast,12,Walt
836,21857,cast,13,Waitress
836,15658,cast,14,Little Neal
836,6116,cast,15,Car Rental Agent
836,7874,cast,16,Martin
836,7668,cast,17,Motel Thief
836,3683,cast,18,Gus
836,21855,cast,19,Marie
836,14477,cast,20,Owen's Wife
836,11469,director,1,
836,11469,writer,1,
837,3736,cast,1,George Taylor
837,19825,cast,2,Cornelius
837,13112,cast,3,Zira
837,15717,cast,4,Dr. Zaius
837,10081,cast,5,President of the Assembly
837,9924,cast,6,Honorious
837,14025,cast,7,Nova
837,19612,cast,8,Landon
837,14256,cast,9,Lucius
837,23929,cast,10,Maximus
837,10545,cast,11,Dodge
837,3045,cast,12,Julius
837,17442,cast,13,Hunt Leader
837,23941,cast,14,Dr. Galen
837,18046,cast,15,Minister
837,7732,cast,16,
837,15333,cast,17,Human in Cage
837,1703,cast,18,Gorilla
837,9883,cast,19,Ape
837,6743,cast,20,Gorilla
837,7416,director,1,
837,16229,writer,1,
837,19822,writer,2,
837,18604,writer,3,
837,11664,writer,4,
838,3716,cast,1,Chris
838,22638,cast,2,Sgt. Barnes
838,23724,cast,3,Sgt. Elias
838,12782,cast,4,King
838,7165,cast,5,Big Harold
838,7213,cast,6,Rhah
838,13008,cast,7,Bunny
838,11349,cast,8,Sgt. O'Neill
838,19071,cast,9,Junior
838,15233,cast,10,Lt. Wolfe
838,4429,cast,11,Francis
838,11718,cast,12,Lerner
838,3918,cast,13,Crawford
838,2643,cast,14,Gardner
838,4439,cast,15,Manny
838,5103,cast,16,Tex
838,19266,cast,17,Sal
838,22879,cast,18,Warren
838,13013,cast,19,Morehouse
838,10067,cast,20,Ace
838,17561,director,1,
838,17561,writer,1,
839,15795,cast,1,Nora
839,8387,cast,2,Abel
839,6473,cast,3,Victoire
839,13766,cast,4,Clémence
839,21259,cast,5,Antoine
839,22315,cast,6,David
839,10054,cast,7,Malik
839,16869,cast,8,Ismaël
839,6529,cast,9,Matteo
839,12523,cast,10,Le père
839,13561,cast,11,Mme Agnès
839,13603,cast,12,Le père d'Antoine
839,20556,cast,13,Mme Franck
839,16685,cast,14,L'institutrice d'Abel
839,16262,cast,15,Le directeur
839,21412,cast,16,La surveillante cour
839,16798,cast,17,La surveillante midi
839,13378,cast,18,Le professeur de gym
839,1424,cast,19,La mère de Victoire
839,15034,cast,20,L'institutrice
839,13562,director,1,
839,13562,writer,1,
840,9809,cast,1,Monsieur Hulot
840,2020,cast,2,"Barbara, la touriste américaine"
840,19452,cast,3,La compagne de M. Schultz
840,7184,cast,4,La vendeuse de lunettes
840,7183,cast,5,Une cliente dans le grand magasin
840,23156,cast,6,La secrétaire de M. Lacs
840,6727,cast,7,Mme Giffard
840,17269,cast,8,La chanteuse
840,24258,cast,9,La demoiselle du vestiaire
840,17005,cast,10,Une cliente du Royal Garden
840,9771,cast,11,L'amie de Barbara
840,17536,cast,12,Une cliente du Royal Garden
840,728,cast,13,Une cliente du Royal Garden
840,21425,cast,14,Une cliente du Royal Garden
840,6938,cast,15,Une cliente du Royal Garden
840,13566,cast,16,Première dame à la lampe
840,4348,cast,17,Deuxième dame à la lampe
840,14362,cast,18,Une cliente du Royal Garden
840,12982,cast,19,Une cliente du Royal Garden
840,6335,cast,20,Une cliente du Royal Garden
840,9809,director,1,
840,9809,writer,1,
840,9795,writer,2,
840,1732,writer,3,
841,22589,cast,1,David
841,10549,cast,2,Mr. Johnson
841,11060,cast,3,Betty
841,23790,cast,4,George
841,16978,cast,5,Mary Sue
841,13002,cast,6,Bud
841,8772,cast,7,Girl in School Yard
841,18070,cast,8,College Counselor
841,5386,cast,9,Health Teacher
841,15808,cast,10,Science Teacher
841,10156,cast,11,David's Mom
841,8134,cast,12,Howard
841,19063,cast,13,Jennifer
841,15150,cast,14,Kimmy
841,10675,cast,15,Christin
841,12388,cast,16,Mark
841,12427,cast,17,Mark's Lackey #1
841,10242,cast,18,Mark's Lackey #2
841,5728,cast,19,TV Repairman
841,19773,cast,20,Commercial Announcer
841,7670,director,1,
841,7670,writer,1,
842,24217,cast,1,Yang Mi-ja
842,13690,cast,2,Jong-wook
842,13110,cast,3,Elder Kang
842,227,cast,4,Ki-beom's Father
842,13143,cast,5,Poet Kim Yong-taek
842,17774,cast,6,Hee-jin's Mother
842,13118,cast,7,Park Sang-tae
842,13113,cast,8,Jo Mi-hye
842,16511,cast,9,Soon-jeong's Father
842,10190,cast,10,Mr. Kang's second daughter-in-law
842,9231,cast,11,Read the poem member
842,13115,cast,12,Bus woman
842,16884,cast,13,Soo-ok
842,3857,cast,14,Lee Dong-gyoo
842,13689,director,1,
842,13689,writer,1,
843,13713,cast,1,Walker
843,1262,cast,2,Chris
843,12747,cast,3,"Yost, Fairfax"
843,3380,cast,4,Brewster
843,14154,cast,5,Frederick Carter
843,16204,cast,6,Stegman
843,11682,cast,7,Mal Reese
843,20971,cast,8,Lynne
843,10057,cast,9,Hired Gun
843,20555,cast,10,Waitress
843,19747,cast,11,Mrs. Carter
843,12630,cast,12,First Citizen
843,23291,cast,13,Carter's Man
843,13641,cast,14,Car Salesman
843,21854,cast,15,Girl Customer
843,21201,cast,16,1st Penthouse Lobby Guard
843,15982,cast,17,2nd Penthouse Lobby Guard
843,18725,cast,18,Receptionist
843,11547,cast,19,Messenger
843,19978,cast,20,Young Man in Apartment
843,11336,director,1,
843,610,writer,1,
843,5105,writer,2,
843,18822,writer,3,
843,5765,writer,4,
844,17914,cast,1,Bodhi
844,12739,cast,2,Johnny Utah
844,7639,cast,3,Pappas
844,14226,cast,4,Tyler Ann Endicott
844,11349,cast,5,Ben Harp
844,9998,cast,6,Roach
844,11593,cast,7,Nathanial
844,2694,cast,8,Grommet
844,12235,cast,9,Alvarez
844,4699,cast,10,Babbit
844,3918,cast,11,Bunker
844,23365,cast,12,Warchild
844,1519,cast,13,Tone
844,4914,cast,14,Archbold
844,13728,cast,15,Rosie
844,21947,cast,16,Miss Deer
844,4091,cast,17,15
844,5618,cast,18,Psycho-Stick
844,16114,cast,19,Passion for Slashin
844,15600,cast,20,Surf Rat
844,12646,director,1,
844,19399,writer,1,
844,23481,writer,2,
845,23261,cast,1,"Ash Ketchum, Delia Ketchum"
845,6689,cast,2,"Brock, James"
845,19185,cast,3,Satoshi
845,9337,cast,4,Pikachû
845,18404,cast,5,David
845,955,cast,6,Molly Hale
845,14582,cast,7,Meowth
845,4649,cast,8,"Professor Spencer Hale, Entei"
845,16078,cast,9,Cameraman
845,15832,cast,10,Musashi
845,15800,cast,11,Kasumi
845,9412,cast,12,Nyarth
845,23098,cast,13,"Dr. Ookido, Onix"
845,231,cast,14,Lin
845,20674,cast,15,Togepi
845,22184,cast,16,"Tracey Sketchit, Schuyler"
845,18776,cast,17,"Misty, Jessie, Goldeen, Vulpix"
845,21106,cast,18,"Kojirô, Hitodeman, Lizardon, Nyorozo, Zubat"
845,3822,cast,19,Junsa
845,14105,cast,20,Lisa
845,13346,director,1,
845,22040,writer,1,
845,8968,writer,2,
845,20679,writer,3,
846,23261,cast,1,"Ash Ketchum, Towa"
846,19185,cast,2,Satoshi
846,18776,cast,3,"Misty, Jessie"
846,9337,cast,4,Pikachu
846,23098,cast,5,"Professor Orchid, Onix"
846,14582,cast,6,"Meowth, Pokémon hunter"
846,15800,cast,7,Kasumi
846,24190,cast,8,Takeshi
846,22792,cast,9,Kenji
846,15832,cast,10,Musashi
846,4649,cast,11,The Iron Masked Marauder
846,21106,cast,12,"Kojirô, Crobat"
846,9412,cast,13,Nyâth
846,12761,cast,14,Yukinari
846,14726,cast,15,Towa
846,12974,cast,16,Young Towa
846,12717,cast,17,Serebî
846,15520,cast,18,Suicune
846,20674,cast,19,Togepi
846,955,cast,20,Dundee
846,13346,director,1,
846,10943,director,2,
846,8968,writer,1,
846,20679,writer,2,
846,12350,writer,3,
846,12888,writer,4,
847,6689,cast,1,"Brock, James, Security Guard"
847,14582,cast,2,Meowth
847,18776,cast,3,"Misty, Jessie, Vulpix"
847,23261,cast,4,"Ash Ketchum, Spectator"
847,19185,cast,5,Satoshi
847,15800,cast,6,Kasumi
847,24190,cast,7,"Takeshi, Waninoko"
847,9337,cast,8,Pikachu
847,14105,cast,9,"Oakley, Woman"
847,15825,cast,10,Annie
847,9412,cast,11,Nyasu
847,22106,cast,12,"Bianca, Female Trainer"
847,12974,cast,13,Additional voices
847,23097,cast,14,Zanna
847,12708,cast,15,"Totodile, Corsola, Wobbuffet, Espeon, Vaporeon, Old Woman, Kid"
847,22184,cast,16,Tour de Alto Mare Announcer
847,24214,cast,17,Lion
847,19834,cast,18,Narrator
847,8357,cast,19,Bangore
847,7533,cast,20,Kanon
847,10943,director,1,
847,13346,director,2,
847,20679,writer,1,
847,8968,writer,2,
848,23261,cast,1,"Ash Ketchum, Delia Ketchum, Diglett"
848,19185,cast,2,Satoshi
848,9337,cast,3,Pikachu
848,23098,cast,4,"Dr. Yukinari Ôkido, Narration"
848,15800,cast,5,Kasumi
848,20674,cast,6,Togepi
848,22792,cast,7,Kenji
848,15832,cast,8,Musashi
848,21106,cast,9,"Kojirô, Lizardon (Charizard)"
848,9412,cast,10,Nyarth
848,13242,cast,11,Rugia
848,3819,cast,12,Elder
848,21166,cast,13,Flula
848,1937,cast,14,Yodel
848,13271,cast,15,Ship's Captain
848,12756,cast,16,Dr. Uchikido
848,15532,cast,17,Hanako (Satoshi no mama)
848,19428,cast,18,"Fire, Butterfree, Lapras"
848,24213,cast,19,Freezer
848,12686,cast,20,Thunder
848,13346,director,1,
848,20679,writer,1,
848,22040,writer,2,
849,23261,cast,1,"Ash Ketchum, Female Scientist, Computer"
849,18776,cast,2,"Misty, Jessie, Wigglytuff"
849,6689,cast,3,"Brock, James, Squirtle"
849,19185,cast,4,Satoshi
849,9337,cast,5,Pikachu
849,15800,cast,6,Kasumi
849,24190,cast,7,"Takeshi, Hitokagetwo (segment: Myûtsû no tanjô)"
849,20674,cast,8,"Togepi, Zenigametwo (segment: Myûtsû no tanjô)"
849,15832,cast,9,"Musashi, Pikachutwo"
849,21106,cast,10,"Kojirô, Charizard (Lizardon), Staryu (Hitodeman)"
849,9412,cast,11,Nyarth
849,9023,cast,12,Sakaki
849,1939,cast,13,Joy
849,3822,cast,14,Junsar
849,13242,cast,15,Mew
849,24164,cast,16,Doctor Fuji
849,22902,cast,17,Sorao
849,23590,cast,18,Umio
849,19014,cast,19,Pirate trainer
849,22289,cast,20,Kamex
849,13346,director,1,
849,20679,writer,1,
849,22040,writer,2,
850,11134,cast,1,Diane Freeling
850,8773,cast,2,Carol Anne Freeling
850,4498,cast,3,Steve Freeling
850,2137,cast,4,Dr. Lesh
850,5684,cast,5,Dana Freeling
850,17557,cast,6,Robbie Freeling
850,16136,cast,7,Ben Tuthill
850,23416,cast,8,Mrs. Tuthill
850,15346,cast,9,Marty
850,19310,cast,10,Ryan
850,24316,cast,11,Tangina
850,9987,cast,12,Mr. Teague
850,14252,cast,13,Pugsley
850,4160,cast,14,Bulldozer Driver
850,5627,cast,15,Jeff Shaw
850,804,cast,16,Neighbor
850,12015,cast,17,Neighbor
850,8802,cast,18,Woman Buyer
850,17382,cast,19,Husband
850,19532,cast,20,Pool Worker #1
850,22588,director,1,
850,21733,writer,1,
850,16074,writer,2,
850,15262,writer,3,
851,8027,director,1,
851,8027,writer,1,
851,3288,writer,2,
851,15056,writer,3,
852,22797,cast,1,Risa
852,12728,cast,2,Kôichi
852,24192,cast,3,Granmamare
852,7894,cast,4,Fujimoto
852,24223,cast,5,Ponyo
852,9007,cast,6,Sôsuke
852,20175,cast,7,Fujin
852,292,cast,8,Ponyo no imôto-tachi
852,12718,cast,9,Toki
852,22795,cast,10,Yoshie
852,22627,cast,11,Kayo
852,289,cast,12,Noriko
852,24135,cast,13,
852,22773,cast,14,
852,24222,cast,15,
852,16817,cast,16,
852,6269,cast,17,Kumiko
852,17470,cast,18,Karen
852,21102,cast,19,The Newscaster
852,16323,cast,20,
852,8747,director,1,
852,8747,writer,1,
853,6586,cast,1,Bella Baxter
853,15250,cast,2,Duncan Wedderburn
853,23724,cast,3,Godwin Baxter
853,18900,cast,4,Max McCandles
853,23272,cast,5,Mrs. Prim
853,9624,cast,6,Fop 1
853,3707,cast,7,Fop 2
853,1868,cast,8,Hapless Student
853,6579,cast,9,Woman with Kid in London Street
853,1033,cast,10,Kid in London Street
853,1870,cast,11,Burly Guy
853,12142,cast,12,Lisbon Doorman
853,3311,cast,13,Fado Singing Woman
853,1235,cast,14,Arguing Woman
853,8409,cast,15,Arguing Man
853,12587,cast,16,Kitty
853,17681,cast,17,Gerald
853,24319,cast,18,Lisbon Crying Baby
853,23452,cast,19,Duchess
853,10782,cast,20,Lisbon Restaurant Musician
853,24126,director,1,
853,22862,writer,1,
853,430,writer,2,
854,21182,cast,1,Porco Rosso
854,22628,cast,2,Madame Gina
854,3065,cast,3,Mr. Piccolo
854,23011,cast,4,Mamma Aiuto Boss
854,276,cast,5,Fio Piccolo
854,301,cast,6,Mr. Curtis
854,9010,cast,7,Grandma
854,17639,cast,8,Mamma Aiuto Gang
854,17372,cast,9,Mamma Aiuto Gang
854,19103,cast,10,Mamma Aiuto Gang
854,22135,cast,11,Mamma Aiuto Gang
854,24180,cast,12,Mamma Aiuto Gang
854,24242,cast,13,Mamma Aiuto Gang
854,8103,cast,14,Additional voices
854,12722,cast,15,Mamma Aiuto Gang
854,16541,cast,16,Old man
854,14646,cast,17,Photographer
854,15552,cast,18,Major Ferrarin
854,294,cast,19,Additional voices
854,21114,cast,20,
854,8747,director,1,
854,8747,writer,1,
855,17401,cast,1,Marianne
855,119,cast,2,Héloïse
855,14333,cast,3,Sophie
855,23150,cast,4,La Comtesse
855,3950,cast,5,La faiseuse d'ange
855,1684,cast,6,L'élève atelier
855,8422,cast,7,L'homme salon
855,4273,cast,8,Le batelier
855,16285,cast,9,Une paysanne
855,3496,director,1,
855,3496,writer,1,
856,9497,cast,1,"Anna, Helen"
856,20443,cast,2,Mark
856,14930,cast,3,Margit Gluckmeister
856,8797,cast,4,Heinrich
856,11279,cast,5,Heinrich's Mother
856,3207,cast,6,Detective
856,20997,cast,7,Zimmermann
856,16090,cast,8,Bob
856,15774,cast,9,Man with Pink Socks
856,22405,cast,10,Pink Sock's Acolyte
856,13882,cast,11,Sara
856,7979,cast,12,Subway Drunk
856,12975,cast,13,
856,9354,cast,14,
856,12529,cast,15,
856,8922,cast,16,
856,2053,cast,17,
856,9357,cast,18,
856,8689,cast,19,Man at the Conference
856,5919,cast,20,Taxi Driver
856,1185,director,1,
856,1185,writer,1,
856,7478,writer,2,
857,7550,cast,1,Precious
857,16700,cast,2,Mary
857,18133,cast,3,Ms. Rain
857,14995,cast,4,Ms. Weiss
857,21058,cast,5,Cornrows
857,13775,cast,6,Nurse John
857,21551,cast,7,Rita
857,4134,cast,8,Rhonda
857,933,cast,9,Jermaine
857,23984,cast,10,Joann
857,1244,cast,11,Consuelo
857,1893,cast,12,Toosie
857,17059,cast,13,Mrs. Lichtenstein
857,8245,cast,14,Socialworker
857,2069,cast,15,Tom Cruise
857,13152,cast,16,Katherine
857,2480,cast,17,Mr. Wicher
857,21873,cast,18,Fairy Godmother
857,12898,cast,19,"Abdul, New Born"
857,628,cast,20,"Abdul, New Born"
857,13691,director,1,
857,7762,writer,1,
857,20594,writer,2,
858,1718,cast,1,Dutch
858,3224,cast,2,Dillon
858,13041,cast,3,"The Predator, Helicopter Pilot"
858,6470,cast,4,Anna
858,2430,cast,5,Mac
858,10813,cast,6,Blain
858,21395,cast,7,Billy
858,19235,cast,8,Poncho
858,19166,cast,9,General Phillips
858,20936,cast,10,Hawkins
858,21651,cast,11,Hostage Executed by the Russian
858,23789,cast,12,Guerilla Soldier Shot Down from Tree
858,7246,cast,13,Medic
858,18308,cast,14,The Predator
858,8904,cast,15,Guerilla Soldier Blown Up in Van
858,21922,cast,16,Russian Officer
858,9716,cast,17,Guerilla Soldier Helicopter Pilot
858,11548,director,1,
858,10964,writer,1,
858,11668,writer,2,
859,19277,cast,1,Martin Vail
859,13549,cast,2,Janet Venable
859,6200,cast,3,"Aaron, Roy"
859,11525,cast,4,Shaughnessy
859,680,cast,5,Shoat
859,7197,cast,6,Molly
859,22270,cast,7,Yancy
859,1045,cast,8,Goodman
859,21710,cast,9,Pinero
859,11219,cast,10,Stenner
859,22869,cast,11,Martinez
859,21486,cast,12,Rushman
859,15700,cast,13,Naomi
859,11759,cast,14,Alex
859,19065,cast,15,Connerman
859,12930,cast,16,Weil
859,2887,cast,17,Woodside
859,4036,cast,18,M.C.
859,23640,cast,19,Lou
859,19963,cast,20,Turner
859,8325,director,1,
859,23775,writer,1,
859,21699,writer,2,
859,1290,writer,3,
860,24094,cast,1,Ashitaka
860,24225,cast,2,San
860,24205,cast,3,Eboshi-gozen
860,12480,cast,4,Jiko-bô
860,15518,cast,5,Kouroku
860,23011,cast,6,Gonza
860,21820,cast,7,Toki
860,22290,cast,8,Yama-inu
860,14679,cast,9,Tatari-gami
860,312,cast,10,Usi-kai
860,285,cast,11,Moro-no-kimi
860,16609,cast,12,Hii-sama
860,9033,cast,13,Okkoto-nusi
860,12748,cast,14,
860,315,cast,15,
860,13156,cast,16,Jibashiri
860,16323,cast,17,
860,24151,cast,18,Usi-kai
860,4585,cast,19,
860,21143,cast,20,Cattleman
860,8747,director,1,
860,8747,writer,1,
861,11180,cast,1,Self
861,16398,cast,2,Self
861,6034,cast,3,Self
861,4655,cast,4,Self
861,896,cast,5,Congregation
861,16693,cast,6,Self
861,16184,cast,7,Self
861,6448,cast,8,Congregation (Day Player)
861,20276,cast,9,Self
861,22251,cast,10,Self
861,23201,cast,11,Self
861,22746,cast,12,Self
861,19609,director,1,
861,3867,writer,1,
862,1531,cast,1,Norman Bates
862,10182,cast,2,Marion Crane
862,23241,cast,3,Lila Crane
862,11437,cast,4,Sam Loomis
862,15338,cast,5,Det. Milton Arbogast
862,11542,cast,6,Sheriff Al Chambers
862,21279,cast,7,Dr. Fred Richman
862,7289,cast,8,Tom Cassidy
862,17849,cast,9,Caroline
862,23220,cast,10,George Lowery
862,14489,cast,11,Mrs. Chambers
862,11299,cast,12,California Charlie
862,16763,cast,13,Highway Patrol Officer
862,7124,cast,14,Policeman on Steps
862,23519,cast,15,Church Member
862,18731,cast,16,Extra
862,13200,cast,17,Extra
862,11716,cast,18,Congregation Member
862,7221,cast,19,Deputy District Attorney Alan Deats
862,7816,cast,20,Extra
862,685,director,1,
862,12011,writer,1,
862,19524,writer,2,
863,11677,cast,1,Vincent Vega
863,23091,cast,2,Mia Wallace
863,20512,cast,3,Jules Winnfield
863,2999,cast,4,Butch Coolidge
863,22515,cast,5,Pumpkin
863,880,cast,6,Honey Bunny
863,13550,cast,7,Waitress
863,18483,cast,8,Marvin
863,7396,cast,9,Brett
863,3072,cast,10,Roger
863,23390,cast,11,Marsellus Wallace
863,17983,cast,12,Paul
863,2936,cast,13,Trudi
863,20040,cast,14,Jody
863,6688,cast,15,Lance
863,10736,cast,16,Ed Sullivan
863,16071,cast,17,Phillip Morris Page
863,7673,cast,18,Ricky Nelson
863,21850,cast,19,Marilyn Monroe
863,6655,cast,20,James Dean
863,18752,director,1,
863,18752,writer,1,
863,19861,writer,2,
864,96,cast,1,Barry Egan
864,6561,cast,2,Lena Leonard
864,18525,cast,3,Dean Trumbell
864,10238,cast,4,Operator Carter
864,5736,cast,5,Plastic
864,14439,cast,6,Lance
864,5155,cast,7,Customer #1
864,20799,cast,8,Customer #2
864,19422,cast,9,Rico
864,8758,cast,10,Rhonda
864,12506,cast,11,Anna
864,12264,cast,12,Kathleen
864,20397,cast,13,Sal
864,11881,cast,14,Jorge
864,6769,cast,15,Ernesto
864,12312,cast,16,Mechanic
864,15476,cast,17,Elizabeth
864,14110,cast,18,Susan
864,17263,cast,19,Nicole
864,15951,cast,20,Gilda
864,18103,director,1,
864,18103,writer,1,
865,14283,cast,1,L'inspecteur adjoint Antoine
865,21291,cast,2,Dora Monnier
865,2286,cast,3,Maurice Martineau
865,21914,cast,4,Jenny Lamour
865,18622,cast,5,Emile Lafour
865,10517,cast,6,Pâquerette
865,4246,cast,7,Manon
865,3611,cast,8,Georges Brignon
865,8860,cast,9,Léopardi
865,3583,cast,10,Le gendarme Poitevin
865,19123,cast,11,Le commissaire principal de la P.J.
865,19556,cast,12,Paulo
865,10389,cast,13,L'inspecteur Picard
865,10394,cast,14,Nitram
865,9792,cast,15,Auguste
865,8056,cast,16,Mme Beauvoir
865,7558,cast,17,Le patron du bistrot
865,7266,cast,18,L' officier de police Fayard
865,13792,cast,19,L'inspecteur Marchetti
865,8872,cast,20,Un inspecteur
865,8866,director,1,
865,21479,writer,1,
865,8866,writer,2,
865,10399,writer,3,
866,4094,cast,1,Self
866,4014,cast,2,Self
866,18676,cast,3,Self
866,23868,cast,4,Self
866,18721,cast,5,Self
866,4944,cast,6,Self
866,9891,cast,7,Self
866,9513,cast,8,Self
866,17257,cast,9,Self
866,131,cast,10,Self
866,678,cast,11,Self
866,13051,cast,12,Self
866,15812,cast,13,Self
866,4745,cast,14,Self
866,23069,cast,15,Self
866,23197,cast,16,Self
866,10040,cast,17,Self
866,23730,cast,18,Self
866,4386,cast,19,Self
866,6596,cast,20,
866,11830,director,1,
867,18863,cast,1,Charles Van Doren
867,11678,cast,2,Herbie Stempel
867,19483,cast,3,Dick Goodwin
867,18092,cast,4,Mark Van Doren
867,5122,cast,5,Dan Enright
867,8540,cast,6,Albert Freedman
867,4078,cast,7,Jack Barry
867,11273,cast,8,Toby Stempel
867,6412,cast,9,Dorothy Van Doren
867,810,cast,10,Robert Kintner
867,16547,cast,11,Sandra Goodwin
867,7855,cast,12,Chairman Harris
867,18017,cast,13,Lishman
867,8350,cast,14,Account Guy
867,16132,cast,15,Pennebaker
867,3095,cast,16,Moomaw
867,2219,cast,17,Childress
867,22532,cast,18,Fred
867,9658,cast,19,Jack
867,2957,cast,20,Gene
867,19690,director,1,
867,17958,writer,1,
867,19335,writer,2,
868,10235,cast,1,Aida Selmanagic
868,9580,cast,2,Nihad Selmanagic
868,2729,cast,3,Hamdija Selmanagic
868,5619,cast,4,Sejo Selmanagic
868,11270,cast,5,Colonel Karremans
868,19018,cast,6,Major Franken
868,2726,cast,7,General Ratko Mladic
868,6565,cast,8,Joka
868,19102,cast,9,Colonel Dr. Robben
868,22300,cast,10,Captain Mintjes
868,12144,cast,11,Lieutenant Rutten
868,10617,cast,12,Chamila
868,435,cast,13,Tarik
868,6745,cast,14,The Mayor
868,6119,cast,15,Vesna
868,15958,cast,16,Major De Haan
868,11256,cast,17,Boudwijn
868,21357,cast,18,Soldier Lammerts
868,20584,cast,19,Soldier Ils
868,11133,cast,20,Adjutant Rave
868,10229,director,1,
868,10229,writer,1,
868,8731,writer,2,
869,17265,cast,1,Becca
869,5,cast,2,Howie
869,5541,cast,3,Nat
869,16482,cast,4,Jason
869,22077,cast,5,Izzy
869,20550,cast,6,Gabby
869,8023,cast,7,Auggie
869,11766,cast,8,Rick
869,21603,cast,9,Kevin
869,16387,cast,10,Craig
869,19750,cast,11,Rhonda
869,17850,cast,12,Peg
869,706,cast,13,Donna
869,24064,cast,14,Ana
869,4366,cast,15,Sam
869,5315,cast,16,Reema
869,12267,cast,17,Debbie
869,19469,cast,18,Bob
869,10660,cast,19,Sotheby's Receptionist
869,15515,cast,20,Librarian
869,11354,director,1,
869,5074,writer,1,
870,19561,cast,1,Jake La Motta
870,3445,cast,2,Vickie La Motta
870,11205,cast,3,Joey
870,7392,cast,4,Salvy
870,17152,cast,5,Tommy Como
870,22363,cast,6,Lenore
870,15117,cast,7,Mario
870,7287,cast,8,Patsy
870,11955,cast,9,Guido
870,7390,cast,10,Toppy
870,14223,cast,11,Irma
870,3680,cast,12,Charlie - Man with Como
870,5719,cast,13,Radio Announcer for Dauthuille Fight
870,2439,cast,14,Eddie Eagan
870,19442,cast,15,Emma - Miss 48's
870,10071,cast,16,Dr. Pinto
870,2317,cast,17,Comedian
870,7156,cast,18,Jimmy Reeves - Reeves Fight
870,7730,cast,19,Ring Announcer - Reeves Fight
870,8618,cast,20,Referee - Reeves Fight
870,15383,director,1,
870,9849,writer,1,
870,11963,writer,2,
870,18417,writer,3,
870,18091,writer,4,
870,14879,writer,5,
871,8631,cast,1,Indy
871,12495,cast,2,Marion
871,18006,cast,3,Belloq
871,11611,cast,4,Sallah
871,19995,cast,5,Toht
871,5361,cast,6,Brody
871,688,cast,7,Satipo
871,23909,cast,8,Dietrich
871,1512,cast,9,Gobler
871,23265,cast,10,"Barranca, Monkey Man"
871,5720,cast,11,Col. Musgrove
871,23796,cast,12,Major Eaton
871,2476,cast,13,Bureaucrat
871,7453,cast,14,Jock
871,17883,cast,15,Australian Climber
871,15675,cast,16,2nd. Nazi
871,14705,cast,17,Ratty Nepalese
871,21390,cast,18,Mean Mongolian
871,1491,cast,19,Mohan
871,17818,cast,20,"Giant Sherpa, 1st Mechanic"
871,21733,director,1,
871,13644,writer,1,
871,7849,writer,2,
871,18508,writer,3,
872,5959,cast,1,Raymond Babbitt
872,22656,cast,2,Charlie Babbitt
872,23150,cast,3,Susanna
872,7950,cast,4,Dr. Bruner
872,9690,cast,5,John Mooney
872,16036,cast,6,Vern
872,18872,cast,7,Lenny
872,14395,cast,8,Iris
872,2712,cast,9,Sally Dibbs
872,13130,cast,10,Small Town Doctor
872,2348,cast,11,Mother at Farm House
872,5657,cast,12,Farm House Kid
872,15305,cast,13,Farm House Kid
872,17882,cast,14,Farm House Kid
872,11552,cast,15,Farm House Kid
872,18321,cast,16,Farm House Kid
872,1137,cast,17,Farm House Kid
872,14221,cast,18,Dr. Bruner's Secretary
872,5763,cast,19,Minister at Funeral
872,3097,cast,20,Man in Waiting Room
872,2090,director,1,
872,2094,writer,1,
872,19939,writer,2,
873,11260,cast,1,Ramona Quimby
873,20830,cast,2,Beezus Quimby
873,2909,cast,3,Dorothy Quimby
873,11381,cast,4,Robert Quimby
873,8097,cast,5,Aunt Bea
873,12035,cast,6,Hobart
873,10283,cast,7,Howie Kemp
873,21224,cast,8,Susan
873,20550,cast,9,Mrs. Meacham
873,12608,cast,10,Mrs. Kushner
873,10189,cast,11,Grandma Kemp
873,20138,cast,12,Willa Jean
873,9221,cast,13,Henry Huggins
873,17934,cast,14,Mrs. Pitt
873,7614,cast,15,Mr. Swink
873,4695,cast,16,Little Kid
873,1155,cast,17,Mr. Clay
873,22723,cast,18,Mr. Cardoza
873,14506,cast,19,Mother (of Triplets)
873,4572,cast,20,Triplet Boy
873,6376,director,1,
873,13617,writer,1,
873,17210,writer,2,
873,2380,writer,3,
874,22133,cast,1,Lord Hidetora Ichimonji
874,318,cast,2,Taro Takatora Ichimonji
874,11015,cast,3,Jiro Masatora Ichimonji
874,4590,cast,4,Saburo Naotora Ichimonji
874,16352,cast,5,Lady Kaede
874,24146,cast,6,Lady Sue
874,9032,cast,7,Shuri Kurogane
874,18671,cast,8,Kyoami
874,15554,cast,9,Tango Hirayama
874,12726,cast,10,Kageyu Ikoma
874,17430,cast,11,Shumenosuke Ogura
874,22918,cast,12,Mondo Naganuma
874,12905,cast,13,Samon Shirane
874,22025,cast,14,Fujimaki Clan general
874,14759,cast,15,Tsurumaru
874,22038,cast,16,Koyata Hatakeyama
874,12328,cast,17,Seiji Ayabe
874,9037,cast,18,Nobuhiro Fujimaki
874,22017,cast,19,
874,24160,cast,20,
874,311,director,1,
874,311,writer,1,
874,8972,writer,2,
874,15547,writer,3,
874,23845,writer,4,
875,11718,cast,1,"Rango, Lars"
875,9526,cast,2,Beans
875,22543,cast,3,Spirit of the West
875,53,cast,4,Priscilla
875,17062,cast,5,Mayor
875,688,cast,6,Roadkill
875,2467,cast,7,Rattlesnake Jake
875,21619,cast,8,"Doc, Merrimack, Mr. Snuggles"
875,8664,cast,9,Balthazar
875,18993,cast,10,Bad Bill
875,9243,cast,11,Ambrose
875,8041,cast,12,Wounded Bird
875,10076,cast,13,"Waffles, Gordy, Papa Joad, Cousin Murt, Curlie, Knife Attacker, Rodent Kid"
875,4234,cast,14,Angelique
875,2584,cast,15,Buford
875,11383,cast,16,Elgin
875,17926,cast,17,"Delilah, Maybelle"
875,7812,cast,18,Señor Flan - Mariachi Accordion
875,14658,cast,19,Lucky
875,3620,cast,20,Elbows
875,8225,director,1,
875,11517,writer,1,
875,8225,writer,2,
875,10076,writer,3,
876,22914,cast,1,Tajômaru
876,14557,cast,2,Masako Kanazawa
876,15553,cast,3,Takehiro Kanazawa
876,22023,cast,4,Woodcutter
876,16538,cast,5,Priest
876,13073,cast,6,Commoner
876,17426,cast,7,Medium
876,4587,cast,8,Policeman
876,311,director,1,
876,20294,writer,1,
876,311,writer,2,
876,21117,writer,3,
877,2751,cast,1,Gusteau
877,14254,cast,2,Linguini
877,17942,cast,3,Remy
877,9263,cast,4,Skinner
877,2854,cast,5,Django
877,18423,cast,6,Emile
877,18400,cast,7,Anton Ego
877,10170,cast,8,Colette
877,23692,cast,9,Horst
877,12309,cast,10,"Lalo, Francois"
877,10044,cast,11,Larousse
877,11608,cast,12,Mustafa
877,22197,cast,13,Lawyer (Talon Labarthe)
877,22835,cast,14,"Pompidou, Health Inspector"
877,9858,cast,15,Git (Lab Rat)
877,2745,cast,16,Ambrister Minion
877,21546,cast,17,TV Narrator
877,9630,cast,18,Teen Rat
877,1074,cast,19,Street Woman
877,14858,cast,20,Food Snob #3
877,2745,director,1,
877,10122,director,2,
877,2745,writer,1,
877,10122,writer,2,
877,10911,writer,3,
877,6546,writer,4,
877,12661,writer,5,
877,2648,writer,6,
878,10096,cast,1,Ray Charles
878,19077,cast,2,Margie Hendricks
878,12973,cast,3,Della Bea Robinson
878,4294,cast,4,Jeff Brown
878,8674,cast,5,Joe Adams
878,2695,cast,6,Fathead Newman
878,1892,cast,7,Mary Ann Fisher
878,20986,cast,8,Aretha Robinson
878,4157,cast,9,Young Ray Robinson
878,4536,cast,10,Ahmet Ertegun
878,19359,cast,11,Jerry Wexler
878,13456,cast,12,Quincy Jones
878,22246,cast,13,Gossie McGee
878,5060,cast,14,Milt Shaw
878,23631,cast,15,Wilbur Brassfield
878,3936,cast,16,Lowell Fulson
878,22419,cast,17,Jimmy
878,19397,cast,18,Tom Dowd
878,5386,cast,19,Marlene
878,23587,cast,20,Oberon
878,22148,director,1,
878,22148,writer,1,
878,9995,writer,2,
879,10590,cast,1,Herbert West
879,2954,cast,2,Dan Cain
879,2019,cast,3,Megan Halsey
879,5008,cast,4,Dr. Carl Hill
879,19704,cast,5,Dean Halsey
879,7992,cast,6,Mace
879,3370,cast,7,Dr. Harrod
879,18372,cast,8,Melvin the Re-Animated
879,2050,cast,9,Nurse
879,9279,cast,10,Swiss Professor
879,3064,cast,11,Swiss Woman Doctor
879,330,cast,12,Dr. Gruber
879,5450,cast,13,Swiss Policeman #1
879,7739,cast,14,Swiss Policeman #2
879,9942,cast,15,Psycho Ward Guard #1
879,9939,cast,16,Psycho Ward Guard #2
879,1466,cast,17,E-R Patient Corpse
879,23227,cast,18,Slit Wrist Girl Corpse
879,13650,cast,19,Failed Operation Corpse
879,19624,cast,20,Motorcycle Accident Corpse
879,21773,director,1,
879,9128,writer,1,
879,5418,writer,2,
879,23822,writer,3,
879,21773,writer,4,
880,10063,cast,1,L.B. Jefferies
880,8246,cast,2,Lisa Fremont
880,23629,cast,3,Tom Doyle
880,22346,cast,4,Stella
880,19003,cast,5,Lars Thorwald
880,12159,cast,6,Miss Lonelyhearts
880,20076,cast,7,Songwriter
880,7934,cast,8,Miss Torso
880,20596,cast,9,Woman on Fire Escape
880,7307,cast,10,Man on Fire Escape
880,10853,cast,11,Miss Hearing Aid
880,18907,cast,12,Newlywed
880,9452,cast,13,Emma Thorwald
880,8742,cast,14,Newlywed
880,10744,cast,15,Dancer with Miss Torso
880,2004,cast,16,Choreographer with Miss Torso
880,2262,cast,17,Man with Miss Torso
880,17183,cast,18,Minor Role
880,21797,cast,19,Sunbather
880,9426,cast,20,Woman with Bird
880,685,director,1,
880,11554,writer,1,
880,4449,writer,2,
881,13598,cast,1,'Maxim' de Winter
881,11075,cast,2,Mrs. de Winter
881,7883,cast,3,Jack Favell
881,12155,cast,4,Mrs. Danvers
881,17284,cast,5,Major Giles Lacy
881,19083,cast,6,Frank Crawley
881,3103,cast,7,Colonel Julyan
881,8143,cast,8,Beatrice Lacy
881,7132,cast,9,Mrs. Van Hopper
881,15894,cast,10,Coroner
881,13789,cast,11,Dr. Baker
881,13819,cast,12,Ben
881,14483,cast,13,Tabbs
881,6183,cast,14,Frith
881,18534,cast,15,Robert
881,7168,cast,16,Chalcroft
881,3063,cast,17,Maid
881,2506,cast,18,Policeman
881,6240,cast,19,Hotel Desk Clerk
881,8101,cast,20,Hotel Manager
881,685,director,1,
881,4837,writer,1,
881,19575,writer,2,
881,11077,writer,3,
881,18519,writer,4,
881,16089,writer,5,
882,9927,cast,1,Jim Stark
882,16981,cast,2,Judy
882,20360,cast,3,Plato Crawford
882,10903,cast,4,Frank Stark
882,1297,cast,5,Carol Stark
882,4425,cast,6,Buzz Gunderson
882,23798,cast,7,Judy's Father
882,19808,cast,8,Judy's Mother
882,5407,cast,9,Goon
882,6202,cast,10,Ray Fremick
882,21526,cast,11,Mil
882,15071,cast,12,Crawford Family Maid
882,23409,cast,13,Mrs. Stark
882,2382,cast,14,Helen
882,9293,cast,15,Dr. Minton
882,7348,cast,16,Crunch
882,19593,cast,17,Gene
882,9710,cast,18,Cookie
882,22639,cast,19,Harry
882,17180,cast,20,Chick
882,17169,director,1,
882,21750,writer,1,
882,9476,writer,2,
882,17169,writer,3,
883,22914,cast,1,Dr. Kyojô Niide
883,24240,cast,2,Dr. Noboru Yasumoto
883,23016,cast,3,Sahachi
883,19097,cast,4,Osugi
883,16624,cast,5,Onaka
883,13382,cast,6,Madwoman
883,22134,cast,7,Dr. Genzô Tsugawa
883,22283,cast,8,Otoyo
883,275,cast,9,Okuni
883,24160,cast,10,Chôji
883,24158,cast,11,Dr. Handayû Mori
883,6250,cast,12,Goheiji
883,22023,cast,13,Tokubei Izumiya
883,3832,cast,14,Mr. Yasumoto - Noboru's Father
883,8710,cast,15,Kin - Brothel Madam
883,13171,cast,16,Noboru's Mother
883,6251,cast,17,Rihei - Madwoman's Father
883,13244,cast,18,Heikichi
883,13230,cast,19,Chief Retainer
883,17369,cast,20,Iki Matsudaira
883,311,director,1,
883,15547,writer,1,
883,8972,writer,2,
883,20299,writer,3,
883,311,writer,4,
883,21178,writer,5,
884,11692,cast,1,Thomas Dunson
884,16716,cast,2,Matt Garth
884,11113,cast,3,Tess Millay
884,23524,cast,4,Nadine Groot
884,4345,cast,5,Fen
884,8654,cast,6,Mr. Melville
884,11474,cast,7,Cherry Valance
884,17355,cast,8,Buster McGee
884,8655,cast,9,Dan Latimer
884,3814,cast,10,Quo
884,18002,cast,11,Teeler Yacey
884,8547,cast,12,Simms Reeves
884,16339,cast,13,Matt - as a Boy
884,18980,cast,14,Walt Jergens
884,8501,cast,15,Old Leather
884,11337,cast,16,Dunston Rider
884,3043,cast,17,Cowhand
884,20104,cast,18,Cowhand
884,13437,cast,19,Colonel
884,5225,cast,20,Mr. Meeker
884,9106,director,1,
884,1775,director,2,
884,2724,writer,1,
884,3679,writer,2,
885,157,cast,1,Self
885,20083,cast,2,Self
885,3558,cast,3,Self
885,20083,director,1,
885,20083,writer,1,
886,5433,cast,1,Coach Herman Boone
886,23708,cast,2,Coach Bill Yoast
886,23927,cast,3,Julius Campbell
886,20263,cast,4,Gerry Bertier
886,5767,cast,5,Petey Jones
886,4493,cast,6,Jerry 'Rev' Harris
886,6832,cast,7,Louie Lastik
886,13174,cast,8,Ronnie 'Sunshine' Bass
886,8751,cast,9,Sheryl Yoast
886,17253,cast,10,Carol Boone
886,12577,cast,11,Emma Hoyt
886,6007,cast,12,Blue Stanton
886,20260,cast,13,Alan Bosley
886,3068,cast,14,Ray Budds
886,17054,cast,15,Frankie Glascoe
886,5045,cast,16,Cook
886,18719,cast,17,Jerry Buck
886,11557,cast,18,Kirk Barker
886,8321,cast,19,Coach Paul 'Doc' Hines
886,2834,cast,20,Coach Herb Tyrell
886,2609,director,1,
886,8322,writer,1,
887,2389,cast,1,Self
887,2598,cast,2,Self
887,5519,cast,3,Self
887,12900,cast,4,Self
887,15829,cast,5,Self
887,13067,cast,6,Silver Horse Band - Keys
887,194,cast,7,Silver Horse Band - Guitar
887,3901,cast,8,Silver Horse Band - Trombone
887,4523,cast,9,Silver Horse Band - Trumpet
887,5501,cast,10,Silver Horse Band - Drums
887,5756,cast,11,Silver Horse Band - Bass
887,6542,cast,12,Silver Horse Band - Piano
887,12688,cast,13,Silver Horse Band - Saxophone
887,13584,cast,14,Silver Horse Band - Bass
887,22470,cast,15,Pure Honey Vocal Director
887,12699,cast,16,Pure Honey Singer
887,16972,cast,17,Pure Honey Singer
887,22142,cast,18,Pure Honey Singer
887,8557,cast,19,Dance Captain
887,895,cast,20,Dance Captain
887,2389,director,1,
887,6029,director,2,
887,2389,writer,1,
888,3419,cast,1,Carol Ledoux
888,9262,cast,2,Michael
888,11429,cast,3,Colin
888,24264,cast,4,Helen Ledoux
888,17923,cast,5,Landlord
888,19139,cast,6,Miss Balch
888,23172,cast,7,Madame Denise
888,10073,cast,8,John
888,8809,cast,9,Bridget
888,9160,cast,10,Reggie
888,16692,cast,11,Mrs. Rendlesham
888,9368,cast,12,Manicurist
888,16423,cast,13,Workman
888,13912,cast,14,Neighbour
888,22813,cast,15,Neighbor
888,11157,cast,16,Neighbour
888,8931,cast,17,Passer-by on South Kensington Street
888,23500,cast,18,Old Man
888,10909,cast,19,Workman
888,15850,cast,20,Nun
888,19930,director,1,
888,19930,writer,1,
888,7966,writer,2,
888,5179,writer,3,
889,6425,cast,1,Sara Goldfarb
889,10216,cast,2,Harry Goldfarb
889,10637,cast,3,Marion Silver
889,15286,cast,4,Tyrone C. Love
889,4078,cast,5,Tappy Tibbons
889,14309,cast,6,Ada
889,14849,cast,7,Rae
889,10186,cast,8,Mrs. Pearlman
889,21908,cast,9,Mrs. Scarlini
889,11114,cast,10,Mrs. Ovadia
889,3722,cast,11,Mrs. Miles
889,15229,cast,12,Mr. Rabinowitz
889,16108,cast,13,Donut Cop
889,9695,cast,14,Corn Dog Stand Boss
889,3739,cast,15,Lyle Russel
889,267,cast,16,Mailman
889,20778,cast,17,Arnold The Shrink
889,20486,cast,18,Nurse Mall
889,18385,cast,19,Dr. Pill
889,60,cast,20,King Neptune
889,4867,director,1,
889,9145,writer,1,
889,4867,writer,2,
890,8724,cast,1,"Mr. White, Larry"
890,22515,cast,2,"Mr. Orange, Freddy"
890,16128,cast,3,"Mr. Blonde, Vic"
890,3919,cast,4,Nice Guy Eddie
890,21653,cast,5,Mr. Pink
890,13654,cast,6,Joe Cabot
890,18925,cast,7,Holdaway
890,13179,cast,8,Marvin Nash
890,6175,cast,9,Mr. Blue
890,18752,cast,10,Mr. Brown
890,19206,cast,11,Sheriff #1
890,5177,cast,12,Sheriff #2
890,22824,cast,13,Sheriff #3
890,21742,cast,14,Sheriff #4
890,16200,cast,15,Teddy
890,19702,cast,16,Shot Cop
890,13634,cast,17,"Young Cop, Background Radio Play"
890,14028,cast,18,Shocked Woman
890,21900,cast,19,Shot Woman
890,21738,cast,20,K-Billy DJ
890,18752,director,1,
890,18752,writer,1,
890,19861,writer,2,
891,18386,cast,1,Self
891,5133,cast,2,Self
891,23648,cast,3,Self
891,14033,director,1,
891,97,director,2,
892,9745,cast,1,"Deliriant, Qiu Moyun, Mongrel"
892,21172,cast,2,"The Big Other, Mother, Voiceover"
892,15186,cast,3,Commander
892,7750,cast,4,Tai Zhaomei
892,12187,cast,5,Mr. Luo
892,24115,cast,6,Spirit of Bitterness
892,24345,cast,7,Old Master
892,3841,cast,8,Serving Girl
892,16891,cast,9,Instrumentalist
892,16787,cast,10,Little Girl
892,24016,cast,11,Hotel Receptionist
892,8391,cast,12,Informant
892,23986,cast,13,Captain
892,4391,cast,14,Con Man A
892,24329,cast,15,Guard
892,7043,cast,16,Man in Cinema
892,18742,cast,17,Child Laborer
892,14130,cast,18,Charlatan
892,14122,cast,19,Con Man B
892,23567,cast,20,Soldier
892,2395,director,1,
892,2395,writer,1,
892,24330,writer,2,
893,17770,cast,1,Frédérique Benoît AKA Freddie
893,17506,cast,2,Freddie's Korean Father
893,8376,cast,3,Tena
893,13137,cast,4,Korean Aunt
893,24090,cast,5,Maxime
893,14274,cast,6,André
893,9214,cast,7,Grandmother
893,21366,cast,8,Dongwan - the Francophone Friend
893,5795,cast,9,Ji-wan
893,6504,cast,10,Lucie
893,14002,cast,11,Kay-Kay
893,16838,cast,12,Hammond Employee in Seoul
893,11859,cast,13,Hammond Employee in Jeonju
893,19089,cast,14,Gisèle Benoît
893,3845,cast,15,Korean Birth Mother
893,3514,cast,16,The Father's Wife
893,24174,cast,17,Boy in Leopard Sweatshirt
893,24168,cast,18,Boy in Leather Jacket
893,184,cast,19,Girl Who Says Paris Baguette
893,24058,cast,20,Girl Who Says Your Friend Is Original
893,5229,director,1,
893,13565,writer,1,
893,5229,writer,2,
893,23402,writer,3,
894,10708,cast,1,Claus von Bulow
894,8159,cast,2,Sunny von Bulow
894,19972,cast,3,Alan Dershowitz
894,1381,cast,4,Sarah
894,23108,cast,5,Maria
894,7117,cast,6,David Marriott
894,9658,cast,7,Peter MacIntosh
894,3999,cast,8,Andrea Reynolds
894,21603,cast,9,Elon Dershowitz
894,4005,cast,10,Ellen
894,7048,cast,11,Minnie
894,14751,cast,12,Raj
894,11273,cast,13,Nancy
894,12796,cast,14,Dobbs
894,414,cast,15,Chuck
894,16600,cast,16,Curly
894,22758,cast,17,Jack
894,8218,cast,18,Tom Berman
894,16127,cast,19,Ed
894,14114,cast,20,Mary
894,2060,director,1,
894,387,writer,1,
894,17163,writer,2,
895,13839,cast,1,Frank Wheeler
895,12607,cast,2,April Wheeler
895,4049,cast,3,Party Guest
895,11839,cast,4,Party Guest
895,17051,cast,5,Party Guest
895,15093,cast,6,Party Guest
895,20481,cast,7,Party Guest
895,8782,cast,8,Party Guest
895,20452,cast,9,Party Guest
895,14984,cast,10,Party Dancer
895,7713,cast,11,Party Dancer
895,12649,cast,12,Party Dancer
895,11194,cast,13,Party Dancer
895,828,cast,14,Party Dancer
895,5020,cast,15,Shep Campbell
895,11576,cast,16,Other Actor in the Play
895,90,cast,17,Other Actor in the Play
895,11043,cast,18,Other Actor in the Play
895,7330,cast,19,Other Actor in the Play
895,3418,cast,20,Woman in Audience
895,20441,director,1,
895,12378,writer,1,
895,19383,writer,2,
896,20668,cast,1,Self
896,8908,cast,2,Self
896,9118,cast,3,Self
896,20668,director,1,
897,9274,cast,1,Richard III - Duke of Gloucester
897,1437,cast,2,Queen Elizabeth
897,4033,cast,3,Prince Edward of Lancaster
897,6194,cast,4,King Henry VI
897,2470,cast,5,Ratcliffe
897,15649,cast,6,Young Prince Richard of York
897,11703,cast,7,King Edward IV
897,17286,cast,8,Duke of Clarence
897,14639,cast,9,Duchess of York
897,12604,cast,10,Princess Elizabeth of York
897,19570,cast,11,Lord Rivers
897,22959,cast,12,Air Hostess
897,22505,cast,13,Catesby
897,21462,cast,14,Ballroom Singer
897,10914,cast,15,Lord William Hastings
897,19880,cast,16,Archbishop
897,5372,cast,17,Lord Mayor of London
897,10910,cast,18,Buckingham
897,6189,cast,19,Lord Stanley
897,20259,cast,20,George Stanley
897,19320,director,1,
897,9274,writer,1,
897,19320,writer,2,
897,19268,writer,3,
897,23845,writer,4,
898,13598,cast,1,Richard III
898,3479,cast,2,King Edward IV of England
898,17157,cast,3,Archbishop
898,18871,cast,4,Duke of Buckingham
898,11439,cast,5,"George, Duke of Clarence"
898,15469,cast,6,Queen Elizabeth
898,17726,cast,7,Jane Shore
898,18032,cast,8,"Edward, Prince of Wales"
898,21743,cast,9,Page to Richard
898,4163,cast,10,The Lady Anne
898,20217,cast,11,First Priest
898,23500,cast,12,Monk
898,17450,cast,13,Monk
898,1132,cast,14,Brackenbury
898,4310,cast,15,The Lord Rivers
898,22223,cast,16,Scrivener
898,17465,cast,17,Catesby
898,493,cast,18,The Lord Hastings
898,4639,cast,19,The Lord Grey
898,5913,cast,20,The Lord Dorset
898,13598,director,1,
898,23845,writer,1,
898,5011,writer,2,
898,4375,writer,3,
898,13598,writer,4,
899,11244,cast,1,Steve Judd
899,18922,cast,2,Gil Westrum
899,15074,cast,3,Elsa Knudsen
899,19974,cast,4,Heck Longtree
899,6103,cast,5,Judge Tolliver
899,19166,cast,6,Joshua Knudsen
899,10627,cast,7,Kate
899,9936,cast,8,Billy Hammond
899,14330,cast,9,Sylvus Hammond
899,11299,cast,10,Elder Hammond
899,11396,cast,11,Jimmy Hammond
899,23583,cast,12,Henry Hammond
899,715,cast,13,Candy
899,7788,cast,14,Townsman
899,17641,cast,15,Miner
899,3784,cast,16,Miner
899,5710,cast,17,Spieler
899,3874,cast,18,Rose
899,10982,cast,19,Miner
899,3091,cast,20,Abner Samson
899,20444,director,1,
899,17049,writer,1,
899,20444,writer,2,
899,23835,writer,3,
900,10493,cast,1,Tony le Stéphanois
900,3218,cast,2,Jo le suédois
900,19657,cast,3,Mario Ferrati
900,10195,cast,4,Louise
900,18619,cast,5,Louis Grutter dit le Tatoué
900,19627,cast,6,Rémi Grutter
900,14829,cast,7,Pierre Grutter
900,5688,cast,8,Tonio - le petit garçon de Jo et Louise
900,14623,cast,9,Viviane - la chanteuse de 'L'Age D'Or'
900,15061,cast,10,Mado les Grands Bras
900,4229,cast,11,Ida Ferrati
900,12189,cast,12,César le milanais
900,1685,cast,13,Second Gambler
900,358,cast,14,Le serveur de 'L'Age D'Or'
900,729,cast,15,Une fille
900,1046,cast,16,Webb - le bijoutier
900,9785,cast,17,Le commissaire
900,6524,cast,18,Charlie
900,14840,cast,19,La femme de Frédo
900,14828,cast,20,Frédo
900,12189,director,1,
900,1889,writer,1,
900,12189,writer,2,
900,19131,writer,3,
901,11692,cast,1,Sheriff John T. Chance
901,5251,cast,2,Dude
901,19417,cast,3,Colorado Ryan
901,1262,cast,4,Feathers
901,23524,cast,5,Stumpy
901,23570,cast,6,Pat Wheeler
901,11626,cast,7,Nathan Burdette
901,18180,cast,8,Carlos Robante
901,6799,cast,9,Consuelo Robante
901,4210,cast,10,Joe Burdette
901,14691,cast,11,Jake (Stage Driver)
901,8655,cast,12,Harold
901,7423,cast,13,Barfly
901,7295,cast,14,Barfly
901,23521,cast,15,Charlie
901,7788,cast,16,Barfly
901,1880,cast,17,Bartender
901,17116,cast,18,Clark
901,17183,cast,19,Barfly
901,7791,cast,20,Clem
901,9106,director,1,
901,12191,writer,1,
901,13743,writer,2,
901,2390,writer,3,
902,9954,cast,1,Will Rodman
902,1206,cast,2,Caesar
902,7504,cast,3,Caroline Aranha
902,12528,cast,4,"Maurice, Court Clerk"
902,22269,cast,5,"Rocket, Bright Eyes"
902,19346,cast,6,Buck - Ape
902,4054,cast,7,Koba - Ape
902,5488,cast,8,Cornelia - Ape
902,10312,cast,9,Alpha
902,11513,cast,10,Charles Rodman
902,2849,cast,11,John Landon
902,22672,cast,12,Dodge Landon
902,5115,cast,13,Steven Jacobs
902,23056,cast,14,Robert Franklin
902,10097,cast,15,Rodney - Shelter Assistant
902,23042,cast,16,Chief John Hamil
902,5033,cast,17,Hunsiker
902,11264,cast,18,Todd Hunsiker
902,14601,cast,19,Alice Hunsiker
902,14672,cast,20,Alice Hunsiker (Teen)
902,20189,director,1,
902,19398,writer,1,
902,885,writer,2,
902,18604,writer,3,
903,2845,cast,1,Robin Hood - A Fox
903,18479,cast,2,Little John - A Bear
903,19895,cast,3,Allan-a-Dale - The Rooster
903,18436,cast,4,"Prince John - A Lion, King Richard"
903,22275,cast,5,Sir Hiss - A Snake
903,16691,cast,6,Maid Marian - A Vixen
903,1195,cast,7,Friar Tuck - A Badger
903,3336,cast,8,Lady Kluck - A Chicken
903,17795,cast,9,Sheriff of Nottingham - A Wolf
903,7848,cast,10,Trigger - A Vulture
903,12854,cast,11,Nutsy - A Vulture
903,15848,cast,12,Orestes
903,3174,cast,13,Captain of the Guards
903,11418,cast,14,Father Sexton
903,4681,cast,15,Sis
903,2041,cast,16,"Mother Church Mouse, Mother Rabbit"
903,9596,cast,17,Otto
903,19387,cast,18,Toby - A Turtle
903,2543,cast,19,Skippy - a Rabbit
903,5827,cast,20,Tagalong
903,23913,director,1,
903,5019,director,2,
903,13471,writer,1,
903,12849,writer,2,
903,23184,writer,3,
903,7388,writer,4,
903,6656,writer,5,
903,12313,writer,6,
903,5094,writer,7,
904,18446,cast,1,"Murphy, RoboCop"
904,16896,cast,2,Lewis
904,4659,cast,3,The Old Man
904,20012,cast,4,Jones
904,13359,cast,5,Clarence
904,16358,cast,6,Morton
904,19567,cast,7,Sgt. Reed
904,18994,cast,8,Leon
904,7059,cast,9,Johnson
904,18058,cast,10,Emil
904,10800,cast,11,Joe
904,5331,cast,12,Kaplan
904,3131,cast,13,Minh
904,19401,cast,14,Walker
904,13692,cast,15,Sal
904,15184,cast,16,Miller
904,6179,cast,17,Manson
904,16075,cast,18,Lt. Hedgecock
904,7465,cast,19,Bobby
904,17090,cast,20,Dougy
904,18106,director,1,
904,6199,writer,1,
904,16142,writer,2,
905,9554,cast,1,"Dog, Robot"
905,17697,director,1,
905,17697,writer,1,
905,20608,writer,2,
906,3060,cast,1,Shola 'Rocks' Omotoso
906,13265,cast,2,Sumaya
906,4691,cast,3,Emmanuel Omotoso
906,20948,cast,4,Roshé
906,20144,cast,5,Agnes
906,22140,cast,6,Khadijah
906,188,cast,7,Yawa
906,1020,cast,8,Sabina
906,20630,cast,9,Ms. Booker
906,13656,cast,10,Funke Omotoso
906,20975,cast,11,Anita
906,9527,cast,12,Ismail
906,21163,cast,13,Grandmother Omotoso
906,16638,cast,14,Mohammed
906,2913,cast,15,Natasha
906,12058,cast,16,Mr. See
906,1819,cast,17,Micaela
906,16867,cast,18,Ms. Hassan
906,11096,cast,19,Geraldine
906,1245,cast,20,Angela
906,20619,director,1,
906,22360,writer,1,
906,4180,writer,2,
907,21953,cast,1,Rocky Balboa
907,1599,cast,2,Mason 'The Line' Dixon
907,16493,cast,3,Robert Jr.
907,3077,cast,4,Paulie
907,7957,cast,5,Marie
907,22821,cast,6,Duke
907,262,cast,7,L.C.
907,9953,cast,8,Steps
907,22056,cast,9,Adrian
907,14248,cast,10,Lou DiBella
907,16434,cast,11,Mike Tyson
907,8897,cast,12,Martin
907,18181,cast,13,Spider Rico
907,996,cast,14,Isabel
907,1261,cast,15,Angie
907,14279,cast,16,Bar Thug
907,15708,cast,17,Lucky's Bartender
907,13402,cast,18,X-Cell
907,23933,cast,19,ESPN Commentator
907,21315,cast,20,ESPN Commentator
907,21953,director,1,
907,21953,writer,1,
908,21953,cast,1,Rocky Balboa
908,22056,cast,2,Adrian
908,3077,cast,3,Paulie
908,3224,cast,4,Apollo Creed
908,3069,cast,5,Mickey
908,22821,cast,6,Apollo's Trainer
908,11220,cast,7,Gazzo
908,13821,cast,8,Agent
908,21960,cast,9,Mary Anne Creed
908,7351,cast,10,Meat Foreman
908,354,cast,11,Cutman
908,11596,cast,12,Director
908,21764,cast,13,Announcer
908,2412,cast,14,Commentator
908,10780,cast,15,Salesman
908,18067,cast,16,Father Carmine
908,6005,cast,17,Employment Manager
908,8921,cast,18,Employment Manager
908,21776,cast,19,Johnny
908,7383,cast,20,Singer
908,21953,director,1,
908,21953,writer,1,
909,21953,cast,1,Rocky Balboa
909,22056,cast,2,Adrian
909,3077,cast,3,Paulie
909,3224,cast,4,Apollo Creed
909,3069,cast,5,Mickey Goldmill
909,22821,cast,6,Duke
909,16782,cast,7,Clubber Lang
909,9197,cast,8,Thunderlips
909,9381,cast,9,Rocky Jr.
909,354,cast,10,Al
909,23509,cast,11,Clubber's Manager
909,10931,cast,12,Sportscaster
909,5747,cast,13,Andy
909,5408,cast,14,Wrestling Commentator
909,10928,cast,15,Wrestling Commentator
909,18978,cast,16,Wrestling Referee
909,7721,cast,17,Mayor
909,21764,cast,18,Title Rematch Commentator
909,2412,cast,19,Title Rematch Commentator
909,10994,cast,20,Title Announcer
909,21953,director,1,
909,21953,writer,1,
910,2624,cast,1,Self
910,820,cast,2,The Oracle of Delphi
910,17938,cast,3,The Punk Poet
910,15392,cast,4,The Filmmaker
910,20698,cast,5,The Queen of Swords
910,11062,cast,6,The Balladeer
910,19893,cast,7,The Minstrel
910,13501,cast,8,The Rolling Stone Reporter
910,9963,cast,9,The Promoter
910,9653,cast,10,The Sailor
910,20456,cast,11,The Writer
910,5084,cast,12,The Innocent
910,20982,cast,13,The Beauty Queen
910,20007,cast,14,The Shitkicker
910,1432,cast,15,The Word Worker
910,20002,cast,16,The Ingenue
910,11851,cast,17,The Artist
910,19922,cast,18,The Medicine Man
910,14572,cast,19,The Chief
910,18375,cast,20,The Cowboy Indian
910,15383,director,1,
911,23999,cast,1,Cleo
911,15096,cast,2,Sra. Sofía
911,5584,cast,3,Toño
911,3272,cast,4,Paco
911,14860,cast,5,Pepe
911,4775,cast,6,Sofi
911,16906,cast,7,Adela
911,23257,cast,8,Sra. Teresa
911,1194,cast,9,Ignacio
911,7079,cast,10,Sr. Antonio
911,11880,cast,11,Fermín
911,11921,cast,12,Ramón
911,13524,cast,13,Profesor Zovek
911,24303,cast,14,Dra. Velez
911,11918,cast,15,Pediatra
911,6226,cast,16,Médico Residente
911,4275,cast,17,Benita
911,6619,cast,18,Político
911,17246,cast,19,Beto Pardo
911,13216,cast,20,Ove Larsen
911,677,director,1,
911,677,writer,1,
912,8331,cast,1,Joe Bradley
912,1883,cast,2,Princess Ann
912,6060,cast,3,Irving Radovich
912,8707,cast,4,Mr. Hennessy
912,8588,cast,5,Ambassador
912,14912,cast,6,Countess Vereberg
912,23027,cast,7,General Provno
912,17751,cast,8,Mario Delani
912,4248,cast,9,Giovanni
912,17749,cast,10,Charwoman
912,693,cast,11,Taxicab Driver
912,13559,cast,12,Hennessy's Secretary
912,8227,cast,13,Shoe Seller
912,1686,cast,14,Man on Phone
912,1687,cast,15,Admiral Dancing with Princess
912,15736,cast,16,Young Boy with Car
912,21242,cast,17,Undetermined Role
912,16854,cast,18,Woman of Importance Watching the Military Parade
912,23078,cast,19,Embassy Aide
912,3004,cast,20,Embassy Aide
912,23869,director,1,
912,4610,writer,1,
912,9275,writer,2,
912,11402,writer,3,
913,2912,cast,1,Ma
913,9761,cast,2,Jack
913,20769,cast,3,Old Nick
913,23639,cast,4,Talk Show Hostess
913,20574,cast,5,Veteran
913,15611,cast,6,Doug
913,872,cast,7,Officer Parker
913,11206,cast,8,Officer Grabowski
913,11060,cast,9,Nancy
913,24306,cast,10,Attending Doctor
913,3387,cast,11,Dr. Mittal
913,23790,cast,12,Robert
913,10536,cast,13,News Anchor
913,18909,cast,14,Lawyer
913,12385,cast,15,FBI Agent
913,17515,cast,16,Reporter #1
913,19847,cast,17,Reporter #2
913,20021,cast,18,Reporter #3
913,22705,cast,19,Leo
913,12585,cast,20,Neighbour
913,13773,director,1,
913,6572,writer,1,
914,10063,cast,1,Rupert Cadell
914,11394,cast,2,Brandon
914,7005,cast,3,Phillip
914,5554,cast,4,David Kentley
914,6122,cast,5,Mrs. Wilson
914,5898,cast,6,Kenneth
914,11070,cast,7,Janet
914,3479,cast,8,Mr. Kentley
914,4411,cast,9,Mrs. Atwater
914,685,cast,10,Man Walking in Street After Opening Credits
914,18197,cast,11,Woman Walking on Sidewalk
914,685,director,1,
914,9202,writer,1,
914,17891,writer,2,
914,1766,writer,3,
914,2196,writer,4,
915,15944,cast,1,Rosemary Woodhouse
915,11367,cast,2,Guy Woodhouse
915,20231,cast,3,Minnie Castevet
915,21207,cast,4,Roman Castevet
915,15717,cast,5,Hutch
915,18854,cast,6,Dr. Sapirstein
915,23329,cast,7,Terry
915,17930,cast,8,Laura-Louise
915,6368,cast,9,Mr. Nicklas
915,6590,cast,10,Elise Dunstan
915,3629,cast,11,Dr. Hill
915,8552,cast,12,Grace Cardiff
915,18484,cast,13,Dr. Shand
915,5952,cast,14,Diego
915,9084,cast,15,Mrs. Gilmore
915,15014,cast,16,Rosemary's Girl Friend
915,23626,cast,17,Rosemary's Girl Friend
915,22593,cast,18,Lady on Yacht
915,20226,cast,19,Dr. Hill's Answering Service
915,2412,cast,20,Salesman
915,19930,director,1,
915,9429,writer,1,
915,19930,writer,2,
916,7400,cast,1,Lola
916,16754,cast,2,Manni
916,8926,cast,3,Vater
916,17335,cast,4,Frau Hansen
916,1700,cast,5,Herr Schuster
916,11049,cast,6,Norbert von Au
916,14421,cast,7,Herr Meier
916,21910,cast,8,Frau Jäger
916,20808,cast,9,Mike
916,12209,cast,10,Doris
916,13511,cast,11,Herr Kruse
916,1096,cast,12,Sanitäter
916,13224,cast,13,Croupier
916,23110,cast,14,Casino-Manager
916,2127,cast,15,Casino-Kassiererin
916,23471,cast,16,Krankenwagenfahrer
916,23109,cast,17,Mutter
916,8793,cast,18,Ronnie
916,5824,cast,19,Die Alte
916,16688,cast,20,Die Blinde
916,22743,director,1,
916,22743,writer,1,
917,9729,cast,1,Lee
917,3937,cast,2,Carter
917,12873,cast,3,Sang
917,22752,cast,4,"Griffin, Juntao"
917,23071,cast,5,Consul Han
917,19643,cast,6,First Caucasian
917,16015,cast,7,Dinner Guest
917,12206,cast,8,Soo Yung
917,3919,cast,9,Clive
917,12427,cast,10,Cop at Diner
917,13506,cast,11,Cop at Diner
917,24009,cast,12,Consul Secretary
917,19874,cast,13,Soo Yung's Bodyguard
917,7803,cast,14,Soo Yung's Driver
917,14411,cast,15,Exposition Official
917,19155,cast,16,Agent Whitney
917,15244,cast,17,Agent Russ
917,6404,cast,18,Johnson
917,18491,cast,19,Captain Diel
917,10250,cast,20,Kid at Theatre
917,2833,director,1,
917,20080,writer,1,
917,10941,writer,2,
918,10280,cast,1,Max Fischer
918,2464,cast,2,Herman Blume
918,17576,cast,3,Rosemary Cross
918,20916,cast,4,Bert Fischer
918,2849,cast,5,Dr. Nelson Guggenheim
918,15561,cast,6,Dirk Calloway
918,20607,cast,7,Margaret Yang
918,21607,cast,8,Magnus Buchan
918,4398,cast,9,Mrs. Calloway
918,14475,cast,10,Dr. Peter Flynn
918,5625,cast,11,Mr. Adams
918,1174,cast,12,Coach Beck
918,15073,cast,13,Mrs. Guggenheim
918,20010,cast,14,Ronny Blume
918,12792,cast,15,Donny Blume
918,8474,cast,16,Alex
918,111,cast,17,Mr. Obiomiwe
918,334,cast,18,Ernie
918,4368,cast,19,Boy Portraying Frank Serpico
918,7823,cast,20,O'Reilly
918,23655,director,1,
918,23655,writer,1,
918,17686,writer,2,
919,20867,cast,1,The Stranger (The Marquis de Custine)
919,15156,cast,2,Catherine The Great
919,13845,cast,3,The Spy
919,16447,cast,4,Self (Hermitage Director)
919,5014,cast,5,Orbeli
919,519,cast,6,Boris Piotrovsky
919,13901,cast,7,Self
919,17519,cast,8,Self
919,793,cast,9,Self
919,1796,cast,10,Talented Boy
919,22062,cast,11,Self (Blind Woman)
919,14681,cast,12,Peter the Great
919,16988,cast,13,Catherine the Great
919,6320,cast,14,First Lady
919,24054,cast,15,Second Lady
919,13254,cast,16,First Cavalier
919,532,cast,17,Second Cavalier
919,9358,cast,18,Third Cavalier
919,1326,cast,19,"Alexandra Fyodorovna, Wife of Nicholas II"
919,23456,cast,20,Nicholas II
919,529,director,1,
919,2728,writer,1,
919,1025,writer,2,
919,21925,writer,3,
919,529,writer,4,
920,20290,cast,1,Self
920,17114,director,1,
921,21963,cast,1,Mrs. Verloc
921,17645,cast,2,Karl Verloc--Her Husband
921,5474,cast,3,Stevie
921,11515,cast,4,Detective Sgt. Ted Spencer
921,12087,cast,5,Renee
921,15639,cast,6,Superintendent Talbot
921,21311,cast,7,Hollingshead
921,23774,cast,8,The Professor
921,17725,cast,9,Miss Chatham's Daughter
921,18291,cast,10,Michaelis - Conspirator
921,442,cast,11,Cinema Commissioner
921,4189,cast,12,Mrs. Jones - Cook
921,19770,cast,13,
921,3634,cast,14,Studious Youth at the Aquarium
921,685,cast,15,Man Walking Past the Cinema as the Light Is Renewed
921,15403,cast,16,Miss Chatman - The Professor's Daughter
921,16406,cast,17,Member of Cinema Crowd
921,9588,cast,18,Conspirator
921,1874,cast,19,W. Brown & Sons Greengrocer
921,7486,cast,20,Bus Conductor
921,685,director,1,
921,11964,writer,1,
921,3578,writer,2,
921,9261,writer,3,
921,8830,writer,4,
921,6934,writer,5,
922,9203,cast,1,Linus Larrabee
922,1883,cast,2,Sabrina Fairchild
922,23795,cast,3,David Larrabee
922,23539,cast,4,Oliver Larrabee
922,11696,cast,5,Thomas Fairchild
922,15323,cast,6,Elizabeth Tyson
922,11089,cast,7,Gretchen Van Horn
922,14825,cast,8,Baron St. Fontanel
922,14826,cast,9,The Professor
922,17101,cast,10,Maude Larrabee
922,7233,cast,11,Mr. Tyson
922,6426,cast,12,Miss McCardle
922,4922,cast,13,Ship's Steward
922,19001,cast,14,Member of the Board
922,2952,cast,15,Party Guest
922,15160,cast,16,Margaret - Cook
922,14323,cast,17,Office Worker
922,18855,cast,18,Party Guest
922,7791,cast,19,Party Guest
922,4351,cast,20,Board Member
922,2544,director,1,
922,2544,writer,1,
922,20501,writer,2,
922,6756,writer,3,
923,12704,cast,1,Rama
923,8400,cast,2,Laurence Coly
923,23159,cast,3,La Présidente du tribunal
923,1895,cast,4,Maître Vaudenay
923,23960,cast,5,Luc Dumontet
923,19538,cast,6,L'avocat général
923,20369,cast,7,Odile Diatta
923,22400,cast,8,Adrien
923,108,cast,9,Seynabou
923,14999,cast,10,Khady
923,4574,cast,11,Tening
923,3724,cast,12,Cécile Jobard
923,20918,cast,13,Seynabou jeune
923,4464,cast,14,Rama adolescente
923,2555,cast,15,Rama enfant
923,370,cast,16,L'éditeur
923,14310,cast,17,Maître Darcourt
923,19466,cast,18,
923,7589,cast,19,Man a the bar
923,724,director,1,
923,724,writer,1,
923,951,writer,2,
923,15053,writer,3,
923,24373,writer,4,
924,22914,cast,1,Isaburo Sasahara
924,24101,cast,2,Ichi Sasahara
924,8189,cast,3,Yogoro Sasahara
924,22134,cast,4,Bunzo Sasahara
924,6839,cast,5,Kiku
924,9519,cast,6,Shobei Tsuchiya
924,22133,cast,7,Tatewaki Asano
924,21080,cast,8,Geki Takahashi
924,16322,cast,9,Suga Sasahara
924,22129,cast,10,Lord Masakata Matsudaira
924,15536,cast,11,Sanzaemon Yanase
924,12322,cast,12,Hyoemon Shiomi
924,6510,cast,13,Shiomi's wife
924,22014,cast,14,Kenmotsu Sasahara
924,8970,cast,15,Sahei
924,17427,cast,16,Nui
924,22291,cast,17,Otama
924,9030,cast,18,Sannojo Kasai's mother
924,22794,cast,19,Yoshino
924,24159,cast,20,Takazo Komiya
924,15526,director,1,
924,21117,writer,1,
924,24034,writer,2,
925,13235,cast,1,Sankofa
925,17687,cast,2,Mona
925,634,cast,3,Nunu
925,17202,cast,4,Joe
925,16815,cast,5,Shango
925,187,cast,6,Noble Ali
925,19069,cast,7,Father Raphael
925,16839,cast,8,Lucy
925,10993,cast,9,Mussa
925,8732,cast,10,Jumma
925,10923,cast,11,James
925,21498,cast,12,Mr. Lafayette
925,11287,cast,13,Big Boy
925,14317,cast,14,Esther
925,19871,cast,15,Nathan
925,481,cast,16,Kuta
925,3946,cast,17,Photographer
925,15782,cast,18,Baby Ngozi
925,9092,cast,19,Linguist for Sankofa
925,8478,director,1,
925,8478,writer,1,
926,13171,cast,1,Tamaki
926,24133,cast,2,Zushiô
926,13382,cast,3,Anju
926,6276,cast,4,Sanshô Dayû
926,9306,cast,5,Niô - Old Escaped Slave
926,2718,cast,6,Kichiji
926,24100,cast,7,Kohagi
926,3817,cast,8,Ubatake
926,13089,cast,9,Priestess
926,12878,cast,10,Fujiwara no Morozane
926,15538,cast,11,Taira no Masauji
926,20286,cast,12,Kumotake Ritsushi
926,320,cast,13,Tarô
926,12475,cast,14,Kuranosuke Kudô
926,21115,cast,15,Sadayû
926,15521,cast,16,Zushiô Young
926,12755,cast,17,Anju Young
926,16923,cast,18,Zushiô Infant
926,22282,cast,19,Nakagimi
926,13158,cast,20,Namiji
926,12906,director,1,
926,17504,writer,1,
926,7524,writer,2,
926,24141,writer,3,
927,22684,cast,1,Captain Miller
927,15605,cast,2,Private Ryan
927,22733,cast,3,Sergeant Horvath
927,6176,cast,4,Private Reiben
927,2096,cast,5,Private Jackson
927,84,cast,6,Private Mellish
927,23344,cast,7,Private Caparzo
927,8117,cast,8,"T, 4 Medic Wade"
927,10703,cast,9,Corporal Upham
927,22173,cast,10,Captain Hamill
927,18008,cast,11,Sergeant Hill
927,5400,cast,12,Lieutenant Colonel Anderson
927,11255,cast,13,Steamboat Willie
927,15755,cast,14,Corporal Henderson
927,5978,cast,15,Toynbe
927,4707,cast,16,Weller
927,5350,cast,17,Parker
927,9281,cast,18,Trask
927,7672,cast,19,Rice
927,12240,cast,20,Garrity
927,21733,director,1,
927,19696,writer,1,
928,3384,cast,1,Dr. Lawrence Gordon
928,13747,cast,2,Adam
928,4809,cast,3,Detective David Tapp
928,12873,cast,4,Detective Steven Sing
928,5613,cast,5,Kerry
928,16380,cast,6,Paul
928,18018,cast,7,Mark
928,16058,cast,8,Zep Hindle
928,2240,cast,9,Brett
928,21016,cast,10,Amanda
928,14674,cast,11,Diana Gordon
928,16694,cast,12,Alison Gordon
928,17063,cast,13,Jeff
928,633,cast,14,Carla
928,1923,cast,15,Father
928,22592,cast,16,Jigsaw
928,17620,cast,17,Dead Cellmate
928,8578,cast,18,Detective
928,10075,director,1,
928,13747,writer,1,
928,10075,writer,2,
929,11391,cast,1,Lloyd Dobler
929,9422,cast,2,Diane Court
929,11525,cast,3,James Court
929,13974,cast,4,Corey Flood
929,958,cast,5,D.C.
929,17723,cast,6,Rebecca
929,10257,cast,7,Mike Cameron
929,14204,cast,8,Joe
929,8170,cast,9,Jason Dobler
929,3688,cast,10,Principal
929,20198,cast,11,Parent
929,18694,cast,12,Mrs. Flood
929,8175,cast,13,Ruth
929,10716,cast,14,Mark
929,17909,cast,15,Denny
929,8337,cast,16,Howard
929,11719,cast,17,Luke
929,2148,cast,18,Mrs. Evans
929,6688,cast,19,Vahlere
929,13141,cast,20,Sheila
929,3141,director,1,
929,3141,writer,1,
930,349,cast,1,Tony Montana
930,16310,cast,2,Elvira
930,21710,cast,3,Manny Ray
930,15445,cast,4,Gina
930,19644,cast,5,Frank Lopez
930,16566,cast,6,Mama Montana
930,6957,cast,7,Omar
930,18093,cast,8,Alejandro Sosa
930,8629,cast,9,Bernstein
930,1215,cast,10,Chi Chi
930,1705,cast,11,Ernie
930,18228,cast,12,Angel
930,16154,cast,13,Nick The Pig
930,337,cast,14,Hector The Toad
930,5406,cast,15,Banker
930,15229,cast,16,Shadow
930,15962,cast,17,Sheffield
930,22168,cast,18,Seidelbaum
930,19223,cast,19,M.C. at Babylon Club
930,17999,cast,20,Luis
930,2852,director,1,
930,17561,writer,1,
930,9106,writer,2,
930,2196,writer,3,
930,1702,writer,4,
931,18071,cast,1,Tony
931,1299,cast,2,Cesca
931,12511,cast,3,Poppy
931,17655,cast,4,Lovo
931,3106,cast,5,Guarino
931,7876,cast,6,Rinaldo
931,23347,cast,7,Angelo
931,2727,cast,8,Gaffney
931,18738,cast,9,Publisher
931,23029,cast,10,Managing Editor
931,9390,cast,11,Tony's Mother
931,6225,cast,12,Detective Chief
931,8882,cast,13,Pietro - Barber
931,8396,cast,14,Orchestra Leader
931,6865,cast,15,Citizens Committee Member
931,15714,cast,16,Jim - Headwaiter
931,23727,cast,17,Nightclub Patron
931,23758,cast,18,Judge (alternate ending)
931,9917,cast,19,Nightclub Patron
931,8101,cast,20,Waiter at Columbia Cafe
931,9106,director,1,
931,19349,director,2,
931,1702,writer,1,
931,2196,writer,2,
931,20900,writer,3,
931,11508,writer,4,
931,23940,writer,5,
931,9106,writer,6,
931,7448,writer,7,
932,349,cast,1,Lt. Col. Frank Slade
932,3915,cast,2,Charlie Simms
932,10043,cast,3,Mr. Trask
932,7575,cast,4,Donna
932,18525,cast,5,"George Willis, Jr."
932,19370,cast,6,W.R. Slade
932,2765,cast,7,Randy
932,19809,cast,8,Gretchen
932,14899,cast,9,Gail
932,22728,cast,10,Garry
932,17171,cast,11,Harry Havemeyer
932,22616,cast,12,Trent Potter
932,15630,cast,13,Jimmy Jameson
932,7720,cast,14,Manny
932,7187,cast,15,Christine Downes
932,12338,cast,16,Mrs. Hunsaker
932,19948,cast,17,Officer Gore
932,20387,cast,18,Karen Rossi
932,16185,cast,19,Donny Rossi
932,861,cast,20,Francine Rossi
932,15343,director,1,
932,8114,writer,1,
932,2605,writer,2,
932,20169,writer,3,
932,5620,writer,4,
933,13940,cast,1,Oskar Schindler
933,18863,cast,2,Amon Goeth
933,2200,cast,3,Itzhak Stern
933,3347,cast,4,Emilie Schindler
933,11840,cast,5,Poldek Pfefferberg
933,6502,cast,6,Helen Hirsch
933,14710,cast,7,Victoria Klonowska
933,21151,cast,8,Wilek Chilowicz
933,15215,cast,9,Marcel Goldberg
933,2133,cast,10,Ingrid
933,1184,cast,11,Julian Scherner
933,7512,cast,12,Rolf Czurda
933,13330,cast,13,Herman Toffel
933,8682,cast,14,Leo John
933,17421,cast,15,Albert Hujar
933,128,cast,16,Mila Pfefferberg
933,16189,cast,17,Juda Dresner
933,16564,cast,18,Chaja Dresner
933,1360,cast,19,Danka Dresner
933,461,cast,20,Mordecai Wulkan
933,21733,director,1,
933,22422,writer,1,
933,21740,writer,2,
934,9631,cast,1,Dewey Finn
934,16439,cast,2,Ned Schneebly
934,11074,cast,3,Rosalie Mullins
934,92,cast,4,Theo
934,14358,cast,5,Neil
934,3931,cast,6,Doug
934,20640,cast,7,Patty Di Marco
934,14350,cast,8,Spider
934,11867,cast,9,Michelle
934,23254,cast,10,Eleni
934,16552,cast,11,Summer Hathaway
934,11258,cast,12,Zack
934,19727,cast,13,Lawrence
934,1259,cast,14,Frankie
934,12986,cast,15,Freddy Jones
934,15506,cast,16,Tomika
934,3116,cast,17,Marta
934,4343,cast,18,Leonard
934,2859,cast,19,Billy
934,9978,cast,20,Marco
934,19318,director,1,
934,16439,writer,1,
935,16009,cast,1,Scott Pilgrim
935,15446,cast,2,Ramona Flowers
935,13078,cast,3,Wallace Wells
935,1350,cast,4,Stacey Pilgrim
935,772,cast,5,Kim Pine
935,1876,cast,6,Julie Powers
935,10280,cast,7,Gideon Graves
935,11726,cast,8,Young Neil
935,15268,cast,9,Stephen Stills
935,6438,cast,10,Knives Chau
935,20684,cast,11,Matthew Patel
935,23695,cast,12,Party Goer
935,3495,cast,13,Party Goer
935,12771,cast,14,Kyle Katayanagi
935,15223,cast,15,Party Goer
935,13217,cast,16,Jimmy
935,2202,cast,17,Other Scott
935,17110,cast,18,Comeau
935,13311,cast,19,Sandra
935,15634,cast,20,Promoter
935,6112,director,1,
935,15972,writer,1,
935,6112,writer,2,
935,3025,writer,3,
936,17122,cast,1,Sidney
936,4467,cast,2,Gale Weathers
936,4935,cast,3,Deputy Dewey
936,21314,cast,4,Billy
936,5923,cast,5,Casey
936,19887,cast,6,Phone Voice
936,13039,cast,7,Steve
936,4958,cast,8,Casey's Father
936,3232,cast,9,Casey's Mother
936,13642,cast,10,Mr. Prescott
936,23480,cast,11,Kenny
936,20054,cast,12,Tatum
936,14175,cast,13,Mrs. Tate
936,12016,cast,14,Sheriff Burke
936,15659,cast,15,Stuart
936,10100,cast,16,Randy
936,14078,cast,17,TV Reporter #1
936,22853,cast,18,TV Reporter #2
936,4543,cast,19,Hank Loomis
936,7196,cast,20,Mrs. Riley
936,23658,director,1,
936,13054,writer,1,
937,11197,cast,1,Fred Waitzkin
937,2200,cast,2,Bruce Pandolfini
937,15759,cast,3,Josh Waitzkin
937,11060,cast,4,Bonnie Waitzkin
937,13588,cast,5,Vinnie
937,16148,cast,6,Jonathan Poe
937,19716,cast,7,Poe's Teacher
937,5122,cast,8,Kalev
937,8499,cast,9,Morgan
937,23210,cast,10,Russian Park Player
937,23790,cast,11,Tunafish Father
937,4651,cast,12,Tournament Director
937,13549,cast,13,School Teacher
937,1511,cast,14,Fighting Parent
937,21730,cast,15,Man of Many Signals
937,3761,cast,16,Katya Waitzkin
937,12046,cast,17,Chess Club Regular
937,12044,cast,18,Chess Club Regular
937,22875,cast,19,Chess Club Member
937,1909,cast,20,Asa Hoffman
937,21740,director,1,
937,7456,writer,1,
937,21740,writer,2,
938,22546,cast,1,Maurice
938,2798,cast,2,Cynthia
938,18579,cast,3,Monica
938,4175,cast,4,Roxanne
938,15016,cast,5,Hortense Cumberbatch
938,6380,cast,6,Jane
938,16280,cast,7,Dionne
938,13722,cast,8,Paul
938,13866,cast,9,Social Worker
938,19944,cast,10,Stuart
938,6567,cast,11,Girl with Scar
938,2847,cast,12,Hortense's Brother
938,22969,cast,13,Hortense's Brother
938,4192,cast,14,Hortense's Sister-in-Law
938,6337,cast,15,Hortense's Nephew
938,10161,cast,16,Senior Optometrist
938,10191,cast,17,Junior Optician
938,13058,cast,18,Girl in Optician's
938,8556,cast,19,First Bride
938,22224,cast,20,First Bride's Father
938,16411,director,1,
938,16411,writer,1,
939,23878,cast,1,Self
939,2932,director,1,
940,10655,cast,1,Selena Quintanilla
940,6193,cast,2,Abraham Quintanilla
940,11759,cast,3,Chris Perez
940,9735,cast,4,Suzette Quintanilla
940,4413,cast,5,Marcela Quintanilla
940,581,cast,6,Sara
940,9762,cast,7,Abie Quintanilla
940,18250,cast,8,Self - Dinos 1990s
940,20164,cast,9,Joe Ojeda - Dinos 1990s
940,19421,cast,10,Self - Dinos 1990s
940,5746,cast,11,Stage Dancer
940,19267,cast,12,Concert Reporter
940,17741,cast,13,Young Abraham - Dinos 1961
940,19236,cast,14,Bobby - Dinos 1961
940,7873,cast,15,Seff - Dinos 1961
940,2860,cast,16,Club Owner
940,3300,cast,17,Irate Club Goer
940,6354,cast,18,Irate Club Goer
940,19296,cast,19,Irate Club Goer
940,6925,cast,20,Lerma's Club Owner
940,8330,director,1,
940,8330,writer,1,
941,1951,cast,1,Self
941,19088,cast,2,Self
941,11329,cast,3,Self
941,17126,cast,4,Self
941,19380,cast,5,Self
941,16484,cast,6,"Self, Fuji TV"
941,19946,cast,7,Self
941,23446,cast,8,Self
941,371,cast,9,Self
941,18637,cast,10,Self
941,23240,cast,11,Self
941,1704,cast,12,Self
941,23990,cast,13,Self
941,10436,cast,14,Self
941,15352,cast,15,Self
941,17112,cast,16,Self
941,9739,cast,17,Self
941,21204,cast,18,Self
941,7397,cast,19,Self
941,17892,cast,20,Self
941,1839,director,1,
941,14749,writer,1,
942,6588,cast,1,Elinor Dashwood
942,12607,cast,2,Marianne Dashwood
942,9948,cast,3,John Dashwood
942,22752,cast,4,Mr. Dashwood
942,8627,cast,5,Fanny Dashwood
942,7712,cast,6,Mrs. Dashwood
942,9163,cast,7,Edward Ferrars
942,16834,cast,8,Margaret Dashwood
942,6409,cast,9,Mrs. Jennings
942,19614,cast,10,Sir John Middleton
942,9249,cast,11,Thomas
942,9498,cast,12,Betsy
942,416,cast,13,Colonel Brandon
942,8310,cast,14,John Willoughby
942,612,cast,15,Curate
942,9365,cast,16,Charlotte Palmer
942,9371,cast,17,Lucy Steele
942,9168,cast,18,Mr. Palmer
942,809,cast,19,Pigeon
942,12020,cast,20,Maid to Mrs. Jennings
942,1212,director,1,
942,10137,writer,1,
942,6588,writer,2,
943,19114,cast,1,Nora Borg
943,21534,cast,2,Gustav Borg
943,9392,cast,3,Agnes Borg Pettersen
943,6422,cast,4,Rachel Kemp
943,1030,cast,5,Jakob
943,10789,cast,6,Michael
943,13765,cast,7,Ingrid Berger
943,4456,cast,8,Sam
943,3417,cast,9,Nicky
943,1097,cast,10,Even
943,17689,cast,11,Erik
943,13513,cast,12,Peter
943,9309,cast,13,Sissel Borg
943,23341,cast,14,Karin Borg
943,21229,cast,15,Karin Irgens (child)
943,14946,cast,16,Edith Irgens
943,6273,cast,17,Edith Irgens (Child)
943,12208,cast,18,Lillian
943,17574,cast,19,Nora Borg (pre-teen)
943,9297,cast,20,Nora Borg (child)
943,11054,director,1,
943,6790,writer,1,
943,11054,writer,2,
944,17014,cast,1,Mal
944,8092,cast,2,Zoë
944,3833,cast,3,The Operative
944,421,cast,4,Wash
944,16733,cast,5,Inara
944,77,cast,6,Jayne
944,10862,cast,7,Kaylee
944,20782,cast,8,Simon
944,21822,cast,9,River
944,19953,cast,10,Shepherd Book
944,5060,cast,11,Mr. Universe
944,16088,cast,12,Dr. Mathias
944,20631,cast,13,Dr. Caron
944,24000,cast,14,Mingo
944,18815,cast,15,Fanty
944,17061,cast,16,Lenore
944,22065,cast,17,Teacher
944,8164,cast,18,Lilac Young Tough
944,9207,cast,19,Young River
944,14170,cast,20,Boy Student
944,12078,director,1,
944,12078,writer,1,
945,349,cast,1,Serpico
945,11606,cast,2,Sidney Green
945,9668,cast,3,Tom Keough
945,2402,cast,4,Captain McClain
945,2027,cast,5,Laurie
945,4445,cast,6,Leslie
945,22872,cast,7,Bob Blair
945,11549,cast,8,Pasquale
945,810,cast,9,D.A. Tauber
945,17455,cast,10,Rubello
945,6188,cast,11,Lombardo
945,452,cast,12,Peluce
945,8543,cast,13,Malone
945,4621,cast,14,Joey
945,11956,cast,15,Potts
945,7724,cast,16,Captain Tolkin
945,11655,cast,17,Waterman
945,23928,cast,18,Larry
945,10069,cast,19,Steiger
945,6031,cast,20,Barto
945,21216,director,1,
945,18381,writer,1,
945,23496,writer,2,
945,17464,writer,3,
946,22914,cast,1,Kikuchiyo
946,22023,cast,2,Kambei Shimada
946,12763,cast,3,Shino
946,24199,cast,4,Wife
946,12454,cast,5,Farmer Manzo
946,4587,cast,6,Shichiroji
946,9517,cast,7,Katsushiro
946,16538,cast,8,Heihachi
946,20820,cast,9,Kyuzo
946,24156,cast,10,Farmer Mosuke
946,2696,cast,11,Farmer Yohei
946,24155,cast,12,Gorobei Katayama
946,24158,cast,13,Farmer Rikichi
946,13249,cast,14,Old Man Gisaku
946,6250,cast,15,Thief
946,13073,cast,16,Bandit Scout
946,12327,cast,17,Coolie A
946,1866,cast,18,Bun Seller
946,22890,cast,19,Grandfather of Kidnapped Girl
946,9519,cast,20,Samurai
946,311,director,1,
946,311,writer,1,
946,21117,writer,2,
946,8972,writer,3,
947,10061,cast,1,Graham
947,1038,cast,2,Ann
947,18341,cast,3,John
947,13557,cast,4,Cynthia
947,19977,cast,5,Therapist
947,21714,cast,6,Barfly
947,640,cast,7,Girl on Tape
947,6010,cast,8,Landlord
947,4999,cast,9,John's Colleague
947,21732,director,1,
947,21732,writer,1,
948,18993,cast,1,Gal
948,2200,cast,2,Don Logan
948,9276,cast,3,Teddy Bass
948,881,cast,4,Deedee Dove
948,9951,cast,5,Harry
948,3453,cast,6,Aitch
948,12247,cast,7,Jackie
948,851,cast,8,Enrique
948,19507,cast,9,Andy
948,17281,cast,10,Air Hostess
948,6627,cast,11,Pilot
948,7964,cast,12,Spanish Official
948,11926,cast,13,Felipe's Friend 1
948,5468,cast,14,Jean
948,20589,cast,15,Policia 2
948,11911,cast,16,Ginger Air Steward
948,1000,cast,17,"Maruja, Matronly Woman"
948,1200,cast,18,Jimmy
948,11913,cast,19,Policia 1
948,11914,cast,20,Felipe's Friend #2
948,11802,director,1,
948,14289,writer,1,
948,5157,writer,2,
949,22240,cast,1,Charlie Newton
949,11965,cast,2,Charlie Oakley
949,14553,cast,3,Jack Graham
949,8913,cast,4,Joseph Newton
949,17837,cast,5,Emma Newton
949,9202,cast,6,Herbie Hawkins
949,23502,cast,7,Fred Saunders
949,6145,cast,8,Ann Newton
949,3576,cast,9,Roger Newton
949,9472,cast,10,Station Master
949,4197,cast,11,Pullman Porter
949,10187,cast,12,Louise Finch
949,6803,cast,13,Catherine
949,2499,cast,14,Bookkeeper
949,10938,cast,15,Bank Employee
949,2413,cast,16,Undetermined Role
949,3582,cast,17,Teenager
949,8599,cast,18,Bank Teller
949,23409,cast,19,Mrs. Phillips
949,7186,cast,20,Mrs. Potter
949,685,director,1,
949,22454,writer,1,
949,20372,writer,2,
949,837,writer,3,
949,8220,writer,4,
950,2183,cast,1,Ben
950,13757,cast,2,Lelia
950,9165,cast,3,Hugh
950,1536,cast,4,Tony
950,5421,cast,5,Dennis
950,22727,cast,6,Tom
950,5129,cast,7,David
950,20180,cast,8,Rupert
950,5047,cast,9,Davey
950,18670,cast,10,Pir the Piano Player
950,23328,cast,11,Vickie
950,9614,cast,12,Jack - Director of Dance Studio
950,9773,cast,13,Jacqueline
950,4281,cast,14,
950,10316,cast,15,
950,19996,cast,16,
950,2651,cast,17,
950,12097,cast,18,Girl in Restaurant
950,16902,cast,19,Girl in Restaurant
950,8039,cast,20,Girl in Restaurant
950,11367,director,1,
950,19498,writer,1,
950,11367,writer,2,
951,8451,cast,1,Viola De Lesseps
951,11975,cast,2,Will Shakespeare
951,7769,cast,3,Philip Henslowe
951,22752,cast,4,Hugh Fennyman
951,21729,cast,5,Lambert
951,22506,cast,6,Frees
951,21711,cast,7,"Makepeace, the Preacher"
951,1603,cast,8,Dr Moth
951,17867,cast,9,Will Kempe
951,15350,cast,10,Richard Burbage
951,20552,cast,11,Rosaline
951,21258,cast,12,"Tilney, Master of the Revels"
951,12153,cast,13,Queen Elizabeth
951,2908,cast,14,Lady in Waiting
951,7930,cast,15,Lady in Waiting
951,17148,cast,16,Henry Condell
951,9365,cast,17,Nurse
951,4355,cast,18,Lord Wessex
951,5472,cast,19,Crier
951,2065,cast,20,Nol
951,11521,director,1,
951,14810,writer,1,
951,22737,writer,2,
952,16062,cast,1,Brandon
952,3194,cast,2,Sissy
952,9884,cast,3,David
952,14419,cast,4,Woman on Subway Train
952,14943,cast,5,Alexa
952,17254,cast,6,Marianne
952,577,cast,7,Steven
952,8565,cast,8,Samantha
952,6397,cast,9,Elizabeth
952,18788,cast,10,Rachel
952,14206,cast,11,Loren
952,13585,cast,12,Hostess
952,15313,cast,13,Cocktail Waitress
952,9857,cast,14,Skype Son
952,19665,cast,15,Waiter
952,3554,cast,16,Live Chat Woman
952,967,cast,17,Hotel Lover
952,1370,cast,18,Carly
952,3749,cast,19,Muscular Boyfriend
952,3215,cast,20,Bouncer
952,21687,director,1,
952,21687,writer,1,
952,52,writer,2,
953,400,cast,1,Shane
953,10360,cast,2,Marian Starrett
953,23182,cast,3,Joe Starrett
953,2778,cast,4,Joey Starrett
953,9698,cast,5,Jack Wilson
953,2198,cast,6,Chris Calloway
953,6103,cast,7,Fred Lewis
953,6528,cast,8,Rufus Ryker
953,6368,cast,9,Stonewall Torrey
953,5910,cast,10,Axel 'Swede' Shipstead
953,11401,cast,11,Morgan Ryker
953,6426,cast,12,Mrs. Liz Torrey
953,18063,cast,13,Sam Grafton
953,11645,cast,14,Will Atkey - Bartender
953,6122,cast,15,Mrs. Shipstead
953,13832,cast,16,Ernie Wright
953,18990,cast,17,Axel Johnson
953,10192,cast,18,Susan Lewis
953,15370,cast,19,Ed Howells
953,8804,cast,20,Martha Lewis
953,7888,director,1,
953,19,writer,1,
953,9709,writer,2,
953,9706,writer,3,
954,21578,cast,1,Mighty Steel Leg Sing
954,23616,cast,2,Mui
954,24040,cast,3,Iron Head (First Brother)
954,14732,cast,4,Golden Leg Fung
954,24076,cast,5,Team Evil Coach Hung
954,9194,cast,6,Banana Peel Girl
954,3473,cast,7,Team Moustache Player 1
954,12510,cast,8,Team Moustache Player 2
954,23366,cast,9,Team Puma Leader
954,12430,cast,10,Iron Shirt Tin (Third Brother)
954,23070,cast,11,Light Weight (Small Brother)
954,4817,cast,12,Lightning Hands (Fourth Brother)
954,15844,cast,13,Hooking Leg (Second Brother)
954,16528,cast,14,Little Hung
954,18734,cast,15,Little Fung
954,21073,cast,16,Team Evil Center
954,9136,cast,17,Team Evil Goalie
954,13926,cast,18,Team Evil Player 1
954,24332,cast,19,Team Evil Player 2
954,21070,cast,20,Team Evil Player 3
954,21578,director,1,
954,21578,writer,1,
954,12463,writer,2,
954,16512,writer,3,
954,3790,writer,4,
954,14800,writer,5,
954,23613,writer,6,
955,21281,cast,1,Shaun
955,17191,cast,2,Ed
955,12575,cast,3,Liz
955,14404,cast,4,Dianne
955,5984,cast,5,David
955,17230,cast,6,Mary
955,12766,cast,7,Clubber 1
955,15619,cast,8,Clubber 2
955,7694,cast,9,Football Kid
955,18419,cast,10,Pete
955,9089,cast,11,Homeless Man
955,22476,cast,12,The Usher
955,1799,cast,13,Nelson
955,18823,cast,14,Noel
955,21387,cast,15,Danny
955,20469,cast,16,Woman on Trisha
955,22991,cast,17,Trisha Goddard
955,5117,cast,18,Grave Scientist
955,7104,cast,19,Distraught Vox Pop
955,2467,cast,20,Philip
955,6112,director,1,
955,21281,writer,1,
955,6112,writer,2,
956,11692,cast,1,Capt. Nathan Cutting Brittles
956,11113,cast,2,Olivia Dandridge
956,11291,cast,3,Lt. Flint Cohill
956,2198,cast,4,Sgt. Tyree
956,8655,cast,5,Second Lt. Ross Pennell
956,23305,cast,6,Top Sgt. Quincannon
956,16469,cast,7,Abby Allshard
956,7867,cast,8,Maj. Mac Allshard
956,1780,cast,9,Dr. O'Laughlin
956,16050,cast,10,Sgt. Hochbauer
956,3812,cast,11,Chief Pony That Walks
956,7437,cast,12,Sgt. Hench
956,7886,cast,13,Chief Sky Eagle
956,22744,cast,14,Cpl. Mike Quayne
956,17362,cast,15,Chief Red Shirt
956,20156,cast,16,Pvt. John Smith - aka Rome Clay
956,13685,cast,17,Interpreter
956,17410,cast,18,Party Guest
956,18002,cast,19,Gunrunner
956,7225,cast,20,Connelly - Fort Stark Suttlers Barman
956,11423,director,1,
956,10077,writer,1,
956,7373,writer,2,
956,13599,writer,3,
957,19570,cast,1,Sherlock Holmes
957,12150,cast,2,Dr. John Watson
957,18790,cast,3,Irene Adler
957,15257,cast,4,Lord Henry Blackwood
957,6083,cast,5,Inspector Lestrade
957,19656,cast,6,Dredger
957,7958,cast,7,Mrs. Hudson
957,12832,cast,8,Mary Morstan
957,23799,cast,9,Constable Clark
957,8575,cast,10,Lord Coward
957,9951,cast,11,Sir Thomas Rotheram
957,23797,cast,12,Ambassador Standish
957,4315,cast,13,Captain Tanner
957,17617,cast,14,Reordan
957,5012,cast,15,McMurdo
957,13364,cast,16,Maid
957,1125,cast,17,Guard Captain
957,22748,cast,18,Carriage Driver
957,11486,cast,19,Carriage Driver
957,20800,cast,20,Coach Driver
957,8436,director,1,
957,16179,writer,1,
957,1530,writer,2,
957,21270,writer,3,
957,14073,writer,4,
957,1747,writer,5,
958,20202,cast,1,Self
958,22508,cast,2,Self
958,17782,cast,3,Self
958,18573,cast,4,Self
958,6137,cast,5,Self
958,11470,cast,6,Self
958,22215,cast,7,Self
958,10658,director,1,
958,10658,writer,1,
959,7769,cast,1,David Helfgott - Adult
959,1699,cast,2,Peter
959,12370,cast,3,Tony
959,21383,cast,4,Sylvia
959,3894,cast,5,Sam
959,586,cast,6,David Helfgott - Child
959,8222,cast,7,Eisteddfod Presenter
959,17146,cast,8,Ben Rosen
959,4783,cast,9,Suzie - Child
959,19038,cast,10,Margaret
959,15312,cast,11,Rachel
959,11384,cast,12,Jim Minogue
959,17360,cast,13,David Helfgott - Adolescent
959,18051,cast,14,State Champion Announcer
959,18912,cast,15,Isaac Stern
959,9291,cast,16,Boy Next Door
959,12812,cast,17,Louise - Baby
959,2378,cast,18,Rabbi
959,18574,cast,19,Synagogue Secretary
959,4838,cast,20,Society Hostess
959,20719,director,1,
959,10125,writer,1,
959,20719,writer,2,
960,10233,cast,1,Self
960,18498,cast,2,Self
960,21413,cast,3,Self
960,20981,cast,4,Self
960,7534,cast,5,Self
960,18684,cast,6,Self
960,24051,cast,7,Self
960,2195,cast,8,Self
960,8242,cast,9,Self
960,21629,cast,10,Self
960,7908,cast,11,Self
960,20532,cast,12,Self
960,20532,director,1,
960,20532,writer,1,
961,13996,cast,1,Osamu Shibata
961,20358,cast,2,Nobuyo Shibata
961,13177,cast,3,Hatsue Shibata
961,15799,cast,4,Aki Shibata
961,12408,cast,5,Shota Shibata
961,16623,cast,6,Yuri Hojo
961,21433,cast,7,4 ban-san
961,24196,cast,8,Yasu Hojo
961,16627,cast,9,Nozomi Hojo
961,4589,cast,10,
961,12711,cast,11,
961,9582,cast,12,
961,12685,cast,13,
961,8485,cast,14,
961,269,cast,15,
961,306,cast,16,Yoritsugu Kawado
961,8713,cast,17,
961,23492,cast,18,
961,16674,cast,19,
961,14725,cast,20,
961,9006,director,1,
961,9006,writer,1,
962,1038,cast,1,Ann Finnigan
962,12246,cast,2,Marian Wyman
962,22513,cast,3,Gene Shepard
962,2966,cast,4,Howard Finnigan
962,9677,cast,5,Paul Finnigan
962,24301,cast,6,Casey Finnigan
962,15666,cast,7,Dr. Ralph Wyman
962,1386,cast,8,Claire Kane
962,7457,cast,9,Stuart Kane
962,10648,cast,10,Lois Kaiser
962,3919,cast,11,Jerry Kaiser
962,11960,cast,12,Joe Kaiser
962,12027,cast,13,Josette Kaiser
962,13974,cast,14,Honey Bush
962,19570,cast,15,Bill Bush
962,14586,cast,16,Sherri Shepard
962,3402,cast,17,Sandy Shepard
962,5958,cast,18,Will Shepard
962,1906,cast,19,Austin Shepard
962,14001,cast,20,Doreen Piggot
962,19502,director,1,
962,19006,writer,1,
962,19502,writer,2,
962,7296,writer,3,
963,9441,cast,1,Magnolia
963,806,cast,2,Gaylord Ravenal
963,3693,cast,3,Cap'n Andy Hawks
963,18084,cast,4,Joe
963,8823,cast,5,Julie
963,8836,cast,6,Parthy Ann Hawks
963,18748,cast,7,Elly May Chipley
963,20495,cast,8,Frank Schultz
963,5760,cast,9,Steve Baker
963,8740,cast,10,Queenie
963,7234,cast,11,Rubber Face
963,15088,cast,12,Kim (as a Child)
963,21830,cast,13,Kim (at Sixteen)
963,1758,cast,14,Pete
963,3662,cast,15,Vallon
963,9587,cast,16,Windy
963,4197,cast,17,Janitor
963,15695,cast,18,Fat Woman
963,19198,cast,19,Old Woman
963,23732,cast,20,Young Man
963,10080,director,1,
963,6143,writer,1,
963,17644,writer,2,
963,24367,writer,3,
964,16316,cast,1,Lizzy
964,9063,cast,2,Jo
964,1042,cast,3,Eric
964,22617,cast,4,Radio DJ
964,13580,cast,5,Terri
964,5432,cast,6,William
964,10422,cast,7,Peter
964,22189,cast,8,Ted
964,15509,cast,9,Jean
964,8770,cast,10,Marlene
964,2185,cast,11,Ben
964,3740,cast,12,Alex
964,9573,cast,13,Maya
964,9998,cast,14,Ira
964,23834,cast,15,Preparer #1
964,1977,cast,16,Vet
964,5956,cast,17,Preparer #2
964,9050,cast,18,Holly
964,6821,cast,19,Jared
964,8549,cast,20,Hanna
964,12831,director,1,
964,11834,writer,1,
964,12831,writer,2,
965,16419,cast,1,"Shrek, Blind Mouse, Opening Narration"
965,6085,cast,2,Donkey
965,3142,cast,3,Princess Fiona
965,11513,cast,4,Lord Farquaad
965,23355,cast,5,Monsieur Hood
965,18313,cast,6,Ogre Hunter
965,4312,cast,7,Ogre Hunter
965,10917,cast,8,Captain of Guards
965,2667,cast,9,Baby Bear
965,3910,cast,10,"Geppetto, Magic Mirror"
965,4332,cast,11,"Pinnochio, Three Pigs"
965,12630,cast,12,Old Woman
965,16066,cast,13,Peter Pan
965,4066,cast,14,"Blind Mouse, Thelonious"
965,21266,cast,15,Blind Mouse
965,4410,cast,16,Gingerbread Man
965,9812,cast,17,Wrestling Fan
965,8363,cast,18,Merry Man
965,11330,cast,19,Merry Man
965,15646,cast,20,Merry Man
965,1119,director,1,
965,23277,director,2,
965,23850,writer,1,
965,22175,writer,2,
965,22272,writer,3,
965,11223,writer,4,
965,4332,writer,5,
965,3910,writer,6,
965,4410,writer,7,
965,19901,writer,8,
966,16419,cast,1,Shrek
966,6085,cast,2,Donkey
966,3142,cast,3,Princess Fiona
966,12248,cast,4,Queen
966,1579,cast,5,Puss In Boots
966,11373,cast,6,King
966,20181,cast,7,Prince Charming
966,10664,cast,8,Fairy Godmother
966,1723,cast,9,Wolf
966,12811,cast,10,"Page, Elf, Nobleman"
966,4332,cast,11,"Pinocchio, Three Pigs"
966,4410,cast,12,"Gingerbread Man, Cedric, Announcer, Muffin Man, Mongo"
966,4066,cast,13,Blind Mouse
966,5116,cast,14,"Herald, Man with Box"
966,15232,cast,15,"Mirror, Dresser"
966,12819,cast,16,Fast Food Clerk
966,23635,cast,17,Bar Frog
966,13491,cast,18,Ugly Stepsister
966,8363,cast,19,Receptionist
966,3910,cast,20,"Humphries, Magic Mirror"
966,1119,director,1,
966,12811,director,2,
966,4410,director,3,
966,23850,writer,1,
966,1119,writer,2,
966,11223,writer,3,
966,9585,writer,4,
966,4410,writer,5,
966,5116,writer,6,
966,3910,writer,7,
966,23512,writer,8,
967,13839,cast,1,Teddy Daniels
967,6551,cast,2,Rachel 1
967,15250,cast,3,Chuck Aule
967,2200,cast,4,Dr. Cawley
967,15764,cast,5,Dr. Naehring
967,16316,cast,6,Dolores
967,17836,cast,7,Rachel 2
967,9733,cast,8,George Noyce
967,22183,cast,9,Warden
967,11361,cast,10,Deputy Warden McPherson
967,6336,cast,11,Laeddis
967,19772,cast,12,Bridget Kearns
967,4043,cast,13,Peter Breene
967,17104,cast,14,Nurse Marino
967,12010,cast,15,Glen Miga
967,4540,cast,16,Trey Washington
967,19000,cast,17,Orderly Ganton
967,11997,cast,18,Inmate Billings
967,20142,cast,19,Little Girl
967,22699,cast,20,Ward C Guard
967,15383,director,1,
967,13401,writer,1,
967,5410,writer,2,
968,16143,cast,1,Self
968,23022,cast,2,Self
968,6203,cast,3,Self - President-elect A.M.A 1962
968,5543,cast,4,Self
968,22818,cast,5,Self
968,7794,cast,6,Self
968,7898,cast,7,Self
968,19070,cast,8,Self
968,5546,cast,9,Self
968,2423,cast,10,Self
968,8991,cast,11,Self
968,2519,cast,12,Self
968,11408,cast,13,Self
968,11411,cast,14,Self - NFIB Health Care Specialist
968,17125,cast,15,Self
968,20157,cast,16,Self
968,11442,cast,17,Self
968,504,cast,18,Self
968,23813,cast,19,Self
968,16417,cast,20,Self - CEO Humana $3.3 million in compensation
968,16143,director,1,
968,16143,writer,1,
969,18008,cast,1,Miles
969,22410,cast,2,Jack
969,23418,cast,3,Maya
969,20550,cast,4,Stephanie
969,15515,cast,5,Miles's Mother
969,10824,cast,6,Victoria
969,16588,cast,7,Cammi
969,15806,cast,8,Cammi's Husband
969,860,cast,9,Christine Erganian
969,20932,cast,10,Mrs. Erganian
969,20995,cast,11,Mike Erganian
969,19549,cast,12,Miles's Building Manager
969,17888,cast,13,Gary the Bartender
969,21555,cast,14,Stephanie's Mother
969,11199,cast,15,Frass Canyon Pourer
969,3872,cast,16,Chris at Stanford
969,22809,cast,17,Evelyn Berman-Silverman
969,13068,cast,18,Armenian Priest
969,13686,cast,19,Ken Cortland
969,18313,cast,20,Leslie Brough
969,620,director,1,
969,19157,writer,1,
969,620,writer,2,
969,10963,writer,3,
970,22855,cast,1,Tony
970,14486,cast,2,Grete
970,6633,cast,3,Hannes
970,13665,cast,4,Alice
970,21952,cast,5,Anton
970,24216,cast,6,Jule
970,14349,cast,7,Francesco
970,7051,cast,8,Max
970,15278,cast,9,Gundula
970,21321,cast,10,Peter
970,11285,cast,11,Udo
970,18837,cast,12,
970,6784,cast,13,Johannes
970,11281,cast,14,
970,15396,cast,15,
970,3962,cast,16,Student 1908
970,13262,cast,17,Friend at The Pond
970,8456,cast,18,Friend at The Pond
970,13313,cast,19,Friend at The Pond
970,9339,director,1,
970,9339,writer,1,
970,4436,writer,2,
970,22557,writer,3,
971,16343,cast,1,Marv
971,4311,cast,2,Dwight
971,2999,cast,3,Hartigan
971,10815,cast,4,Nancy
971,5481,cast,5,Miho
971,663,cast,6,Becky
971,18707,cast,7,Senator Roark
971,3184,cast,8,Hearing Panel Person
971,12149,cast,9,Liebowitz
971,10551,cast,10,Motorcycle Cop
971,20042,cast,11,Gail
971,10801,cast,12,Corporal Rivera
971,2239,cast,13,Jackie Boy
971,10251,cast,14,Hitman
971,16017,cast,15,Manute
971,22781,cast,16,Brian
971,3991,cast,17,Judge
971,19397,cast,18,Klump
971,3231,cast,19,Lucille
971,12040,cast,20,The Man
971,7354,director,1,
971,19697,director,2,
971,7354,writer,1,
971,19697,writer,2,
972,7728,cast,1,Don Lockwood
972,5776,cast,2,Cosmo Brown
972,5269,cast,3,Kathy Selden
972,10406,cast,4,Lina Lamont
972,16487,cast,5,R.F. Simpson
972,4547,cast,6,Dancer
972,5899,cast,7,Roscoe Dexter
972,19453,cast,8,Zelda Zanders
972,5849,cast,9,Chorus Girl
972,5233,cast,10,Teresa - a Lady-in-Waiting
972,11294,cast,11,Call Boy
972,21131,cast,12,Chorus Girl
972,2147,cast,13,Chorus Girl
972,21794,cast,14,Chorus Girl
972,11300,cast,15,Dancer
972,15029,cast,16,Chorus Girl
972,2354,cast,17,'Miss January' in 'Beautiful Girl' segment
972,4942,cast,18,Chorus Boy
972,10138,cast,19,Chorus Girl
972,10976,cast,20,Boy
972,21493,director,1,
972,7728,director,2,
972,2361,writer,1,
972,142,writer,2,
973,1440,cast,1,Sita (singing)
973,1806,cast,2,Narrator - Shadow Puppet 1
973,2392,cast,3,Narrator - Shadow Puppet 2
973,14748,cast,4,Narrator - Shadow Puppet 3
973,19062,cast,5,Sita
973,20583,cast,6,"Dave, Dasharatha, Ravana"
973,18701,cast,7,Surphanaka
973,5266,cast,8,Rama
973,432,cast,9,"Mareecha, Hanuman"
973,17350,cast,10,"Luv, Kush"
973,17334,cast,11,Nina
973,5313,cast,12,Kaikeyi
973,17334,director,1,
973,17334,writer,1,
973,23177,writer,2,
974,15442,cast,1,Princess Aurora
974,2482,cast,2,Prince Phillip
974,6299,cast,3,Maleficent
974,23245,cast,4,"Flora, Queen Leah"
974,2041,cast,5,Merryweather
974,2036,cast,6,Fauna
974,22149,cast,7,King Stefan
974,2484,cast,8,King Hubert
974,2611,cast,9,Maleficent's Goon
974,2507,cast,10,Maleficent's Goon
974,3174,cast,11,Maleficent's Goon
974,18653,cast,12,Maleficent's Goon
974,8572,cast,13,Lord Duke
974,4596,cast,14,"Owl, Diablo"
974,15419,cast,15,Narrator
974,4198,cast,16,Horse
974,18739,cast,17,"Bluebird, Birds, Animals"
974,13861,director,1,
974,4323,director,2,
974,6669,director,3,
974,23913,director,4,
974,8528,director,5,
974,6645,writer,1,
974,3674,writer,2,
974,11210,writer,3,
974,23901,writer,4,
974,2472,writer,5,
974,22191,writer,6,
974,18878,writer,7,
974,16496,writer,8,
975,11718,cast,1,Ichabod Crane
975,3996,cast,2,Katrina Van Tassel
975,16555,cast,3,"Lady Van Tassel, Crone"
975,16067,cast,4,Baltus Van Tassel
975,3397,cast,5,Brom Van Brunt
975,10597,cast,6,Reverend Steenwyck
975,19280,cast,7,Magistrate Philipse
975,9272,cast,8,Doctor Lancaster
975,16073,cast,9,Notary Hardenbrook
975,4102,cast,10,Hessian Horseman
975,14811,cast,11,Young Masbath
975,14103,cast,12,Lady Crane
975,21735,cast,13,Killian
975,4177,cast,14,Beth Killian
975,4069,cast,15,Burgomaster
975,847,cast,16,High Constable
975,15255,cast,17,Jonathan Masbath
975,10836,cast,18,Sarah
975,22860,cast,19,Van Ripper
975,18348,cast,20,Lord Crane
975,22480,director,1,
975,23589,writer,1,
975,13055,writer,2,
975,1150,writer,3,
976,2508,cast,1,Karl Childers
976,5974,cast,2,Doyle Hargraves
976,12111,cast,3,Charles Bushman
976,11614,cast,4,Vaughan Cunningham
976,14352,cast,5,Frank Wheatley
976,16967,cast,6,Linda Wheatley
976,9969,cast,7,Jerry Woolridge
976,19573,cast,8,Karl's Father
976,19393,cast,9,Bill Cox
976,2816,cast,10,Scooter Hodges
976,4012,cast,11,Melinda
976,20612,cast,12,Marsha Dwiggins
976,12667,cast,13,Theresa Evans
976,23632,cast,14,Melvin
976,2974,cast,15,Morris
976,23264,cast,16,Terence
976,16337,cast,17,Monty Johnson
976,9277,cast,18,Randy Horsefeathers
976,12185,cast,19,Mrs. Woolridge
976,20739,cast,20,Bubba Woolridge
976,2508,director,1,
976,2508,writer,1,
977,16925,cast,1,Hazel
977,9815,cast,2,Mrs. Morrison
977,22205,cast,3,Pupil
977,17283,cast,4,Mr. Hamley
977,21984,cast,5,Sheila
977,18859,cast,6,Senior Teacher
977,12583,cast,7,Miss Gill
977,20429,cast,8,Mr. Kimble
977,4723,cast,9,Esmond Smith
977,260,cast,10,Nina
977,20068,cast,11,Baz
977,22969,cast,12,Augustin Wood
977,22063,cast,13,Stephanie Smith
977,11040,cast,14,Mrs. Bartholomew
977,20266,cast,15,Joseph
977,12705,cast,16,Mrs. Howard
977,17024,cast,17,Ashley
977,162,cast,18,Headmaster
977,12952,cast,19,Kingsley Smith
977,12028,cast,20,Lydia
977,21687,director,1,
977,21687,writer,1,
977,431,writer,2,
977,19043,writer,3,
978,5396,cast,1,Milton
978,20340,cast,2,Grace
978,7407,cast,3,Eddie Marks
978,4724,cast,4,Bammy
978,14874,cast,5,Jabba
978,10726,cast,6,Skinner
978,6458,cast,7,Cynthia
978,611,cast,8,Parker B
978,7231,cast,9,Reggie
978,20952,cast,10,Patty
978,12419,cast,11,Samson
978,893,cast,12,Martha
978,12741,cast,13,Clifton
978,19934,cast,14,Lizard
978,16244,cast,15,Franklyn
978,4952,cast,16,Party Goer
978,8679,cast,17,Racist Thug
978,22955,cast,18,Party Goer
978,21687,director,1,
978,21687,writer,1,
978,4474,writer,2,
978,19043,writer,3,
979,7634,cast,1,Dol Isaacs
979,4868,cast,2,Anthony Carlisle Inniss
979,19385,cast,3,Rothwell Kentish
979,2181,cast,4,Mr Stedman
979,22397,cast,5,PC Royce
979,19240,cast,6,Mr Croft
979,8000,cast,7,Eddie Lecointe
979,12466,cast,8,Rupert Boyce
979,14150,cast,9,Aunt Betty
979,16305,cast,10,Mrs Manning
979,5442,cast,11,CLR James
979,21053,cast,12,Benson
979,9975,cast,13,Chief Inspector
979,23067,cast,14,Granville
979,12319,cast,15,Godfrey Millett
979,5825,cast,16,Mrs Tetley
979,22159,cast,17,Linton
979,568,cast,18,Judge Edward Clarke
979,21518,cast,19,Card Player
979,14686,cast,20,Darcus Howe
979,21687,director,1,
979,431,writer,1,
979,21687,writer,2,
979,19043,writer,3,
980,10285,cast,1,Turkish
980,2755,cast,2,Mickey O'Neil
980,21590,cast,3,Tommy
980,23393,cast,4,Bullet-Tooth Tony
980,110,cast,5,Tyrone
980,23743,cast,6,Neil
980,1190,cast,7,Errol
980,6946,cast,8,Mullet
980,10247,cast,9,Gary
980,16332,cast,10,Liam
980,17229,cast,11,Alex
980,22201,cast,12,Susi
980,3596,cast,13,MC
980,9922,cast,14,Horrible Man
980,21429,cast,15,Mum O'Neil
980,16336,cast,16,Jack The All Seeing Eye
980,2239,cast,17,Franky Four Fingers
980,20423,cast,18,Rosebud
980,5400,cast,19,Cousin Avi
980,10254,cast,20,Darren
980,8436,director,1,
980,8436,writer,1,
981,170,cast,1,Snow White
981,8697,cast,2,Prince
981,14390,cast,3,"The Evil Queen, The Witch"
981,20100,cast,4,Doc
981,21770,cast,5,Huntsman
981,6071,cast,6,"Dopey, Chipmunk and Squirrel Sneezes"
981,18653,cast,7,"Sleepy, Grumpy, Dopey (hiccups)"
981,15136,cast,8,Birds
981,2526,cast,9,Sneezy
981,17662,cast,10,Happy
981,7842,cast,11,Squirrels
981,10007,cast,12,Yodeling
981,7853,cast,13,Doves
981,20752,cast,14,Bashful
981,4199,cast,15,Raven
981,9693,cast,16,Vultures
981,16756,cast,17,Magic Mirror
981,18739,cast,18,Birds
981,23766,director,1,
981,5019,director,2,
981,23682,director,3,
981,13499,director,4,
981,18236,director,5,
981,2218,director,6,
981,9755,writer,1,
981,23689,writer,2,
981,22191,writer,3,
981,19244,writer,4,
981,6002,writer,5,
981,23609,writer,6,
981,5851,writer,7,
981,15927,writer,8,
981,5562,writer,9,
981,17666,writer,10,
982,16986,cast,1,Khari
982,5791,cast,2,"Kris Kelvin, psikholog"
982,12363,cast,3,"Doktor Snaut, kibernetik"
982,23466,cast,4,"Anri Berton, pilot"
982,17313,cast,5,"Nik Kelvin, otets Krisa Kelvina"
982,1026,cast,6,"Doktor Sartorius, astrobiolog"
982,17526,cast,7,Mat Krisa Kelvina
982,23426,cast,8,Syn Anri Bertona
982,17528,cast,9,Gostya doktora Gribaryana
982,22137,cast,10,Plemyannitsa Krisa Kelvina
982,526,cast,11,"Shanakhan, predsedatel komissii Anri Bertona"
982,1974,cast,12,Professor Tarkhe
982,22064,cast,13,"Anna, tetka Krisa Kelvina"
982,21432,cast,14,"Doktor Gribaryan, fiziolog"
982,24209,cast,15,Predsedatel nauchnoy konferentsii
982,23428,cast,16,Chlen uchenogo soveta
982,23242,cast,17,
982,7935,cast,18,Professor Messendzher
982,18834,cast,19,Kris Kelvin v otrochestve
982,21248,cast,20,Gost doktora Sartoriusa
982,1108,director,1,
982,21484,writer,1,
982,7508,writer,2,
982,1108,writer,3,
983,15091,cast,1,Sugar Kane Kowalczyk
983,22828,cast,2,"Joe, Josephine, Shell Oil Junior"
983,9677,cast,3,"Jerry, Daphne"
983,7876,cast,4,Spats Colombo
983,17814,cast,5,Detective Mulligan
983,11178,cast,6,Osgood Fielding III
983,17074,cast,7,Little Bonaparte
983,11085,cast,8,Sweet Sue
983,2527,cast,9,Sig Poliakoff
983,7820,cast,10,Toothpick Charlie
983,4898,cast,11,Bienstock
983,16416,cast,12,Spats' Henchman
983,8705,cast,13,Spats' Henchman
983,2387,cast,14,Dolores
983,2023,cast,15,Nellie
983,6187,cast,16,Johnny Paradise
983,20413,cast,17,Minor Role
983,2773,cast,18,Party Guest
983,18472,cast,19,Gangster at Convention
983,23876,cast,20,Gangster at Convention
983,2544,director,1,
983,2544,writer,1,
983,9242,writer,2,
983,19723,writer,3,
983,16125,writer,4,
984,8011,cast,1,Saul Ausländer
984,13903,cast,2,Abraham Warszawski
984,23102,cast,3,Oberkapo Biederman
984,22606,cast,4,Bearded Prisoner
984,10788,cast,5,Rabbi Frankel
984,7981,cast,6,Saul's Son
984,1988,cast,7,Saul's Son
984,20535,cast,8,Dr. Miklos Nyiszli
984,14852,cast,9,Feigenbaum
984,13904,cast,10,Russian Prisoner
984,12458,cast,11,Mietek
984,23112,cast,12,Oberscharführer Voss
984,3970,cast,13,Oberscharführer Busch
984,1869,cast,14,Yankl (Young Prisoner)
984,16369,cast,15,Schlojme
984,15405,cast,16,Apikoyres (Greek Rabbi)
984,946,cast,17,Hirsch (Gold Collector)
984,9539,cast,18,Katz
984,12198,cast,19,Ella
984,22068,cast,20,Landesman
984,13520,director,1,
984,13520,writer,1,
984,4185,writer,2,
985,5138,cast,1,Ben
985,2810,cast,2,"Conor, Mac Lir"
985,14091,cast,3,Bronach
985,7112,cast,4,"Granny, Macha"
985,14414,cast,5,Saoirse
985,11747,cast,6,"Ferry Dan, The Great Seanachaí"
985,17819,cast,7,Lug
985,4381,cast,8,Mossy
985,13937,cast,9,"Spud, Bus Driver"
985,13048,cast,10,Young Ben
985,23698,cast,11,Additional Voices
985,18121,cast,12,Additional Voices
985,22775,director,1,
985,23698,writer,1,
985,22775,writer,2,
986,15933,cast,1,Sophie
986,13023,cast,2,Nathan
986,18384,cast,3,Stingo
986,19450,cast,4,Yetta
986,21580,cast,5,Larry
986,8344,cast,6,Leslie Lapidus
986,12046,cast,7,Morris Fink
986,14835,cast,8,Astrid Weinstein
986,16658,cast,9,Moishe Rosenblum
986,19772,cast,10,Lillian Grossman
986,6855,cast,11,Polish Professor
986,11620,cast,12,Librarian
986,11991,cast,13,Dr. Blackstock
986,5216,cast,14,English Teacher
986,17336,cast,15,Woman in English Class
986,625,cast,16,Man #1 in English Class
986,1682,cast,17,Man #2 in English Class
986,4453,cast,18,Bellboy
986,8389,cast,19,Rudolf Hoess
986,12553,cast,20,SS Doctor
986,394,director,1,
986,23852,writer,1,
986,394,writer,2,
987,6885,cast,1,Agnes
987,16925,cast,2,Lydie
987,14269,cast,3,Preston Decker
987,12827,cast,4,Natasha
987,14356,cast,5,Gavin
987,11361,cast,6,Pete
987,8952,cast,7,Eleanor Winston
987,6642,cast,8,Fran
987,4337,cast,9,Devin
987,11869,cast,10,Logan
987,1013,cast,11,Professor Wilkinson
987,11855,cast,12,The Man She Thought Was Decker
987,4806,cast,13,Student
987,14791,cast,14,Doctor
987,14133,cast,15,Elizabeth
987,16980,cast,16,Claire
987,7204,cast,17,Grocery Store Gianna
987,775,cast,18,Clerk
987,5042,cast,19,Judge
987,18726,cast,20,Andrea Fuller
987,6885,director,1,
987,6885,writer,1,
988,8551,cast,1,Alma
988,13768,cast,2,Angelika
988,21889,cast,3,Emma
988,14455,cast,4,Christa
988,13400,cast,5,Lenka
988,13663,cast,6,Erika
988,7147,cast,7,Rainer
988,8192,cast,8,Max
988,2059,cast,9,Berta
988,14360,cast,10,Hannes
988,13257,cast,11,Uwe
988,15381,cast,12,Fritz
988,7095,cast,13,Fritz (young)
988,17342,cast,14,Kaya
988,8341,cast,15,Lia
988,14495,cast,16,Trudi
988,24368,cast,17,Nelly
988,1019,cast,18,Hedda
988,13945,cast,19,Frieda
988,8844,cast,20,Gerti
988,15555,director,1,
988,14313,writer,1,
988,15555,writer,2,
989,17828,cast,1,Self
989,4577,cast,2,Self
989,14264,cast,3,Self
989,17300,cast,4,Self
989,5635,cast,5,Self
989,9378,cast,6,Self - interviewee
989,13475,cast,7,Self - interviewee
989,1101,cast,8,Self
989,25,cast,9,Self
989,14706,cast,10,Self
989,15760,cast,11,Self
989,1730,cast,12,Self
989,13842,cast,13,Self
989,17947,cast,14,Self
989,7093,cast,15,Self
989,17633,cast,16,Self
989,11377,cast,17,Self
989,23881,cast,18,Self
989,16475,cast,19,Self
989,818,cast,20,Self
989,11269,director,1,
989,11269,writer,1,
989,4569,writer,2,
990,9844,cast,1,Colter Stevens
990,16309,cast,2,Christina Warren
990,23235,cast,3,Colleen Goodwin
990,10610,cast,4,Dr. Rutledge
990,15966,cast,5,Derek Frost
990,3387,cast,6,Hazmi
990,20213,cast,7,Max Denoff
990,2822,cast,8,George Troxel
990,4500,cast,9,Gold Watch Executive
990,8219,cast,10,Conductor
990,21837,cast,11,Nurse
990,18131,cast,12,Coffee Mug Lady
990,14014,cast,13,Minister Sudoku
990,13372,cast,14,College Student
990,455,cast,15,Soda Can Guy
990,1397,cast,16,Office Manager
990,4202,cast,17,Secretary
990,9871,cast,18,Aviator Glasses Guy
990,11168,cast,19,Lab Technician
990,22739,cast,20,CNN Anchor
990,5946,director,1,
990,2213,writer,1,
991,22979,cast,1,"Stan Marsh, Eric Cartman, Satan"
991,15631,cast,2,"Kyle Broflovski, Kenny McCormick, Saddam Hussein"
991,15467,cast,3,"Liane Cartman, Sheila Broflovski, Sharon Marsh"
991,9483,cast,4,Chef
991,10797,cast,5,Ike Broflovski
991,1493,cast,6,Ike Broflovski
991,7214,cast,7,Ike Broflovski
991,2977,cast,8,Man In Theatre
991,5265,cast,9,Woman In Theatre
991,10645,cast,10,Bebe Stevens
991,7805,cast,11,Dr. Gouache
991,2823,cast,12,Conan O'Brien
991,16534,cast,13,Brooke Shields
991,5000,cast,14,The Baldwin Brothers
991,6668,cast,15,Dr. Vosknocker
991,17211,cast,16,Canadian Fighter Pilot
991,22621,cast,17,Winona Ryder
991,21746,cast,18,American Soldier #1
991,21494,cast,19,American Soldier #2
991,16408,cast,20,Kenny's Goodbye
991,22979,director,1,
991,22979,writer,1,
991,15631,writer,2,
991,17719,writer,3,
992,15849,cast,1,"President Skroob, Yogurt"
992,11355,cast,2,Barf
992,19403,cast,3,Dark Helmet
992,2473,cast,4,Lone Starr
992,4839,cast,5,Princess Vespa
992,5566,cast,6,King Roland
992,7900,cast,7,Colonel Sandurz
992,16231,cast,8,Radar Technician
992,11084,cast,9,Dot Matrix
992,14211,cast,10,Dot Matrix
992,11471,cast,11,John Hurt
992,20361,cast,12,Radio Operator Sergeant Ricco
992,20014,cast,13,Minister
992,10934,cast,14,Prince Valium
992,13869,cast,15,Commanderette Zircon
992,10935,cast,16,Major Asshole
992,16422,cast,17,Laser Gunner
992,20568,cast,18,Dr. Schlotkin
992,21627,cast,19,Captain of the Guard
992,10567,cast,20,Snotty
992,15849,director,1,
992,15849,writer,1,
992,22433,writer,2,
992,20014,writer,3,
993,13181,cast,1,Spartacus
993,13598,cast,2,Crassus
993,22828,cast,3,Antoninus
993,10495,cast,4,Varinia
993,3647,cast,5,Gracchus
993,18436,cast,6,Batiatus
993,11437,cast,7,Julius Caesar
993,17326,cast,8,Helena Glabrus
993,11474,cast,9,Crixus
993,8927,cast,10,Tigranes Levantus
993,11394,cast,11,Marcus Publius Glabrus
993,3658,cast,12,Marcellus
993,11095,cast,13,Claudia Marius
993,8608,cast,14,David
993,23935,cast,15,Draba
993,18287,cast,16,Ramon
993,18046,cast,17,Gannicus
993,19633,cast,18,Guard Captain
993,17189,cast,19,Dionysius
993,11467,cast,20,Caius
993,21496,director,1,
993,4610,writer,1,
993,9101,writer,2,
993,18436,writer,3,
993,3119,writer,4,
993,18680,writer,5,
994,12739,cast,1,Jack Traven
994,5407,cast,2,Howard Payne
994,20541,cast,3,Annie
994,11201,cast,4,Capt. McMahon
994,10549,cast,5,Harry
994,417,cast,6,Stephens
994,8167,cast,7,Jaguar Owner
994,19317,cast,8,Norwood
994,2348,cast,9,Helen
994,8744,cast,10,Sam
994,3256,cast,11,Ortiz
994,5058,cast,12,Terry
994,17031,cast,13,Mrs. Kamino
994,4765,cast,14,Ray
994,21290,cast,15,Bus Passenger #1
994,14219,cast,16,Bus Passenger #2
994,21059,cast,17,Bus Passenger #3
994,14908,cast,18,Robin
994,11868,cast,19,Bagwell
994,19655,cast,20,Young Executive
994,10110,director,1,
994,8269,writer,1,
995,22589,cast,1,"Spider-Man, Peter Parker"
995,13190,cast,2,Mary Jane Watson
995,23724,cast,3,"Green Goblin, Norman Osborn"
995,9954,cast,4,Harry Osborn
995,4287,cast,5,Ben Parker
995,20062,cast,6,May Parker
995,11025,cast,7,J. Jonah Jameson
995,11196,cast,8,Flash Thompson
995,7991,cast,9,Maximilian Fargas
995,2468,cast,10,Joseph 'Robbie' Robertson
995,9629,cast,11,Henry Balkan
995,21486,cast,12,General Slocum
995,19966,cast,13,Dr. Mendel Stromm
995,16156,cast,14,Carjacker
995,13219,cast,15,Simkins
995,22187,cast,16,Hoffman
995,2965,cast,17,Ring Announcer
995,6378,cast,18,Miss Brant
995,11590,cast,19,Houseman
995,22486,cast,20,Philip Watson
995,20446,director,1,
995,21477,writer,1,
995,21663,writer,2,
995,5057,writer,3,
996,22589,cast,1,"Spider-Man, Peter Parker"
996,13190,cast,2,Mary Jane Watson
996,688,cast,3,"Doc Ock, Dr. Otto Octavius"
996,9954,cast,4,Harry Osborn
996,20062,cast,5,May Parker
996,11025,cast,6,J. Jonah Jameson
996,5804,cast,7,Rosalie Octavius
996,4729,cast,8,John Jameson
996,5977,cast,9,Dr. Curt Connors
996,2468,cast,10,Joseph 'Robbie' Robertson
996,23191,cast,11,Louise
996,18,cast,12,Mr. Aziz
996,23724,cast,13,"Green Goblin, Norman Osborn"
996,4287,cast,14,Ben Parker
996,22187,cast,15,Hoffman
996,6378,cast,16,Miss Brant
996,2965,cast,17,Snooty Usher
996,8314,cast,18,Dr. Davis
996,6493,cast,19,Mr. Ditkovich
996,14629,cast,20,Ursula
996,20446,director,1,
996,21477,writer,1,
996,21663,writer,2,
996,683,writer,3,
996,16480,writer,4,
996,16010,writer,5,
996,854,writer,6,
997,20934,cast,1,Miles Morales
997,8479,cast,2,Gwen Stacy
997,2900,cast,3,Jeff Morales
997,14484,cast,4,Rio Morales
997,9846,cast,5,Peter B. Parker
997,17647,cast,6,Miguel O'Hara
997,10280,cast,7,Spot
997,9535,cast,8,Jessica Drew
997,4733,cast,9,Hobie Brown
997,12488,cast,10,Pavitr Prabhakar
997,21022,cast,11,George Stacy
997,8342,cast,12,LYLA
997,14644,cast,13,Uncle Aaron
997,889,cast,14,Margo Kess: Spider-Byte
997,10865,cast,15,Miles G. Morales
997,1204,cast,16,Ben Reilly
997,9701,cast,17,Peter Parker
997,18787,cast,18,Ms. Weber
997,24358,cast,19,Lenny
997,11897,cast,20,"Adriano Tumino, '67"
997,11127,director,1,
997,12848,director,2,
997,12381,director,3,
997,18485,writer,1,
997,4081,writer,2,
997,4901,writer,3,
998,20934,cast,1,Miles Morales
998,9846,cast,2,Peter B. Parker
998,8479,cast,3,Gwen Stacy
998,14644,cast,4,Uncle Aaron
998,2900,cast,5,Jefferson Davis
998,14001,cast,6,Aunt May
998,14484,cast,7,Rio Morales
998,24378,cast,8,Mary Jane
998,11568,cast,9,Spider-Ham
998,13157,cast,10,Peni Parker
998,17237,cast,11,Spider-Man Noir
998,12652,cast,12,Doc Ock
998,13963,cast,13,Wilson Fisk
998,3920,cast,14,Peter Parker
998,16975,cast,15,Miss Calleros
998,6228,cast,16,Brooklyn Visions Security Guard
998,17647,cast,17,Interesting Person #1
998,8342,cast,18,Interesting Person #2
998,21477,cast,19,Stan
998,11897,cast,20,"Green Goblin, Last Dude"
998,2647,director,1,
998,18405,director,2,
998,19842,director,3,
998,18485,writer,1,
998,19842,writer,2,
999,15605,cast,1,Spirit
999,9921,cast,2,The Colonel
999,4759,cast,3,Little Creek
999,3860,cast,4,Sgt. Adams
999,10563,cast,5,"Murphy, Railroad Foreman"
999,11622,cast,6,Soldier
999,19330,cast,7,Bill
999,15622,cast,8,Joe
999,93,cast,9,Pete
999,19536,cast,10,Jake
999,3668,cast,11,Roy
999,15917,cast,12,Little Indian Girl
999,24294,cast,13,Little Creek's Friend
999,16092,cast,14,Little Creek's Friend
999,5768,cast,15,Train Pull Foreman
999,12811,director,1,
999,14230,director,2,
999,11430,writer,1,
1000,16622,cast,1,Haku
1000,20175,cast,2,Chihiro
1000,14945,cast,3,"Yubaba, Zeniba"
1000,22021,cast,4,Father
1000,24038,cast,5,Mother
1000,22131,cast,6,Aogaeru
1000,20295,cast,7,Bô
1000,24212,cast,8,Rin
1000,24087,cast,9,Bandai-gaeru
1000,13232,cast,10,Kawa no Kami
1000,23011,cast,11,Chichiyaku
1000,22032,cast,12,Aniyaku
1000,3066,cast,13,Kamajî
1000,21083,cast,14,
1000,21143,cast,15,
1000,16323,cast,16,
1000,12762,cast,17,
1000,300,cast,18,Kaonashi
1000,21113,cast,19,
1000,12479,cast,20,
1000,8747,director,1,
1000,8747,writer,1,
1001,15250,cast,1,Mike Rezendes
1001,16109,cast,2,Walter 'Robby' Robinson
1001,18790,cast,3,Sacha Pfeiffer
1001,13963,cast,4,Marty Baron
1001,11646,cast,5,Ben Bradlee Jr.
1001,2851,cast,6,Matt Carroll
1001,21503,cast,7,Mitchell Garabedian
1001,6321,cast,8,Barbara
1001,7716,cast,9,Steve Kurkjian
1001,5891,cast,10,Peter Canellos
1001,20978,cast,11,Helen Donovan
1001,10086,cast,12,Jim Sullivan
1001,17055,cast,13,Phil Saviano
1001,2518,cast,14,Eric Macleish
1001,19509,cast,15,Court Clerk Mark
1001,5938,cast,16,Hansi Kalkofen
1001,2848,cast,17,Paul Burke
1001,16035,cast,18,Joe Crowley
1001,18017,cast,19,Pete Conley
1001,16028,cast,20,Richard Gilman
1001,22706,director,1,
1001,12054,writer,1,
1001,22706,writer,2,
1002,13120,cast,1,Adult Monk
1002,17507,cast,2,Old Monk
1002,11847,cast,3,Child Monk
1002,13145,cast,4,Young Adult Monk
1002,9821,cast,5,Boy Monk
1002,24056,cast,6,The Girl
1002,13116,cast,7,The Girl's Mother
1002,4575,cast,8,Detective Ji
1002,3849,cast,9,Detective Choi
1002,17769,cast,10,The Baby's Mother
1002,16517,cast,11,The Baby
1002,13120,director,1,
1002,13120,writer,1,
1003,11692,cast,1,Ringo Kid
1003,4178,cast,2,Dallas
1003,1195,cast,3,Buck
1003,11359,cast,4,Hatfield
1003,22435,cast,5,Doc Josiah Boone
1003,14314,cast,6,Mrs. Lucy Mallory
1003,7785,cast,7,Marshal Curley Wilcox
1003,5774,cast,8,Samuel Peacock
1003,2338,cast,9,Ellsworth Henry Gatewood
1003,22496,cast,10,Lt. Blanchard
1003,22744,cast,11,Luke Plummer
1003,5852,cast,12,Girl in Saloon
1003,7293,cast,13,
1003,3812,cast,14,Indian Scout
1003,22169,cast,15,Townsman
1003,23676,cast,16,Bit Part
1003,4797,cast,17,
1003,6028,cast,18,Lordsburg Saloon Owner
1003,7522,cast,19,Bit Part
1003,23997,cast,20,"Cavalry Scout, Indian Attacking Stagecoach"
1003,11423,director,1,
1003,6753,writer,1,
1003,5942,writer,2,
1003,2196,writer,3,
1004,762,cast,1,Stalker's Wife
1004,523,cast,2,Stalker
1004,1026,cast,3,Writer
1004,17313,cast,4,Professor
1004,16985,cast,5,Marta
1004,6983,cast,6,Writer's Companion
1004,6931,cast,7,Cafe Owner
1004,18832,cast,8,Policeman Patrol
1004,1108,director,1,
1004,1666,writer,1,
1004,2732,writer,2,
1004,1108,writer,3,
1005,10858,cast,1,Ricky
1005,1090,cast,2,Mariana
1005,1961,cast,3,Carla
1005,22214,cast,4,Ricardo Sr.
1005,15299,cast,5,Carmen
1005,3842,cast,6,Sara
1005,12992,cast,7,Juice Guy Jarrett
1005,13430,cast,8,Dragon Man Rick
1005,915,cast,9,Teacher
1005,20590,cast,10,Detective Jones
1005,7319,cast,11,Principal
1005,5417,cast,12,Detective Meloni
1005,19468,cast,13,Beach Bum
1005,23526,cast,14,Man with Banana
1005,9286,cast,15,Skateboarder
1005,1966,cast,16,Mello Magic Clerk
1005,17103,cast,17,Hassid Lady
1005,1915,cast,18,Hassid Baby
1005,20653,cast,19,Louie the Tailor
1005,3887,cast,20,Kid
1005,20428,director,1,
1005,20053,writer,1,
1005,15956,writer,2,
1006,3920,cast,1,Kirk
1006,24281,cast,2,Spock
1006,21281,cast,3,Scotty
1006,13828,cast,4,Spock Prime
1006,6646,cast,5,Nero
1006,2973,cast,6,Pike
1006,12548,cast,7,Bones
1006,24382,cast,8,Uhura
1006,11372,cast,9,Sulu
1006,1570,cast,10,Chekov
1006,2186,cast,11,Sarek
1006,23897,cast,12,Amanda Grayson
1006,3895,cast,13,George Kirk
1006,10657,cast,14,Winona Kirk
1006,18792,cast,15,Gaila
1006,6998,cast,16,Captain Robau
1006,4292,cast,17,Ayel
1006,22832,cast,18,Officer Pitts
1006,20775,cast,19,Tactical Officer
1006,18930,cast,20,Kelvin Crew Member
1006,11019,director,1,
1006,19763,writer,1,
1006,574,writer,2,
1006,7735,writer,3,
1007,17913,cast,1,Picard
1007,11800,cast,2,Riker
1007,2823,cast,3,Data
1007,13902,cast,4,Geordi
1007,16044,cast,5,Worf
1007,7690,cast,6,Beverly
1007,15103,cast,7,Troi
1007,680,cast,8,Lily
1007,9921,cast,9,Zefram Cochran
1007,734,cast,10,Borg Queen
1007,16093,cast,11,Security Officer
1007,17057,cast,12,Lt. Hawk
1007,15293,cast,13,Eiger
1007,19680,cast,14,Holographic Doctor
1007,5972,cast,15,Lt. Barclay
1007,98,cast,16,Defiant Conn Officer
1007,9708,cast,17,Admiral Hayes
1007,6687,cast,18,Porter
1007,20740,cast,19,Security Officer
1007,17941,cast,20,Nurse Ogawa
1007,11800,director,1,
1007,7735,writer,1,
1007,19391,writer,2,
1007,2790,writer,3,
1007,19987,writer,4,
1008,23846,cast,1,Kirk
1008,13828,cast,2,Spock
1008,5314,cast,3,McCoy
1008,9934,cast,4,Scotty
1008,23546,cast,5,Chekov
1008,7889,cast,6,Sulu
1008,17143,cast,7,Uhura
1008,2399,cast,8,Carol
1008,15929,cast,9,David
1008,18119,cast,10,Terrell
1008,13197,cast,11,Saavik
1008,19195,cast,12,Khan
1008,9332,cast,13,Preston
1008,11681,cast,14,Jedda
1008,11699,cast,15,Kyle
1008,18042,cast,16,Beach
1008,17155,cast,17,Cadet
1008,20216,cast,18,Madison
1008,13044,cast,19,March
1008,11243,cast,20,Crew Chief
1008,17166,director,1,
1008,9622,writer,1,
1008,8718,writer,2,
1008,7735,writer,3,
1008,17166,writer,4,
1008,20500,writer,5,
1009,23846,cast,1,Kirk
1009,13828,cast,2,Spock
1009,5314,cast,3,McCoy
1009,9934,cast,4,Scotty
1009,23546,cast,5,Chekov
1009,17143,cast,6,Uhura
1009,7889,cast,7,Sulu
1009,13098,cast,8,Lt. Valeris
1009,15222,cast,9,Sarek
1009,8248,cast,10,Excelsior Communications Officer
1009,2935,cast,11,Admiral Cartwright
1009,13811,cast,12,Chief in Command
1009,13359,cast,13,Federation President
1009,4092,cast,14,Chang
1009,20041,cast,15,Azetbur
1009,5200,cast,16,Chancellor Gorkon
1009,11636,cast,17,Klingon Ambassador
1009,16044,cast,18,Klingon Defense Attorney
1009,18086,cast,19,Kerla
1009,19579,cast,20,Klingon Judge
1009,17166,director,1,
1009,7735,writer,1,
1009,13828,writer,2,
1009,13646,writer,3,
1009,15247,writer,4,
1009,17166,writer,5,
1009,5430,writer,6,
1010,15208,cast,1,Luke Skywalker
1010,8631,cast,2,Han Solo
1010,3375,cast,3,Princess Leia Organa
1010,497,cast,4,Ben Obi-Wan Kenobi
1010,18309,cast,5,Grand Moff Tarkin
1010,1494,cast,6,C-3PO
1010,12932,cast,7,R2-D2
1010,18388,cast,8,Chewbacca
1010,5135,cast,9,Lord Darth Vader
1010,18474,cast,10,Uncle Owen
1010,21038,cast,11,Aunt Beru
1010,9700,cast,12,Chief Jawa
1010,579,cast,13,General Dodonna
1010,6067,cast,14,General Willard
1010,5929,cast,15,Red Leader
1010,5370,cast,16,Red Two (Wedge)
1010,7623,cast,17,Red Three (Biggs)
1010,9671,cast,18,Red Four (John D.)
1010,23796,cast,19,Red Six (Porkins)
1010,1268,cast,20,Gold Leader
1010,7849,director,1,
1010,7849,writer,1,
1011,15208,cast,1,Luke Skywalker
1011,8631,cast,2,Han Solo
1011,3375,cast,3,Princess Leia
1011,2521,cast,4,Lando Calrissian
1011,1494,cast,5,C-3PO
1011,5135,cast,6,Darth Vader
1011,18388,cast,7,Chewbacca
1011,12932,cast,8,R2-D2
1011,7361,cast,9,Yoda
1011,497,cast,10,Ben (Obi-Wan) Kenobi
1011,10701,cast,11,Boba Fett
1011,11462,cast,12,"Lobot, Lando's Aide"
1011,9700,cast,13,Chief Ugnaught
1011,5466,cast,14,Snow Creature
1011,4313,cast,15,Emperor
1011,12913,cast,16,Admiral Piett
1011,12231,cast,17,General Veers
1011,16193,cast,18,Admiral Ozzel
1011,16032,cast,19,Captain Needa
1011,11399,cast,20,Imperial Officer
1011,9469,director,1,
1011,13743,writer,1,
1011,13644,writer,2,
1011,7849,writer,3,
1012,15208,cast,1,Luke Skywalker
1012,8631,cast,2,Han Solo
1012,3375,cast,3,Princess Leia
1012,2521,cast,4,Lando Calrissian
1012,1494,cast,5,C-3PO
1012,18388,cast,6,Chewbacca
1012,20810,cast,7,Anakin Skywalker
1012,9272,cast,8,The Emperor
1012,7361,cast,9,Yoda
1012,9940,cast,10,Darth Vader
1012,5135,cast,11,Darth Vader
1012,497,cast,12,Ben 'Obi-Wan' Kenobi
1012,12932,cast,13,"R2-D2, Paploo"
1012,16164,cast,14,Moff Jerjerrod
1012,12913,cast,15,Admiral Piett
1012,16007,cast,16,Bib Fortuna
1012,5370,cast,17,Wedge
1012,22514,cast,18,Admiral Ackbar
1012,5456,cast,19,General Madine
1012,3344,cast,20,Mon Mothma
1012,19325,director,1,
1012,13644,writer,1,
1012,7849,writer,2,
1013,13355,cast,1,Col. Jonathan 'Jack' O'Neil
1013,10061,cast,2,Dr. Daniel Jackson
1013,10338,cast,3,Ra
1013,23440,cast,4,Catherine Langford
1013,664,cast,5,Skaara
1013,16483,cast,6,Sha'uri
1013,13810,cast,7,Maj. Gen. W.O. West
1013,11400,cast,8,Lt. Col. Charles Kawalsky
1013,3268,cast,9,Anubis
1013,5643,cast,10,Horus
1013,6711,cast,11,Kasuf
1013,7505,cast,12,Lt. Louis Ferretti
1013,8028,cast,13,Nabeh
1013,4065,cast,14,Lieutenant Freeman
1013,5454,cast,15,Senior Airman Brown
1013,9688,cast,16,Senior Airman Reilly
1013,21668,cast,17,Lieutenant Porro
1013,5132,cast,18,Assistant Lieutenant
1013,20703,cast,19,Officer
1013,3463,cast,20,Sarah O'Neil
1013,19912,director,1,
1013,5249,writer,1,
1013,19912,writer,2,
1014,3397,cast,1,Johnny Rico
1014,5389,cast,2,Carmen Ibanez
1014,5613,cast,3,Dizzy Flores
1014,9841,cast,4,Ace Levy
1014,17088,cast,5,Carl Jenkins
1014,4181,cast,6,Sgt. Zim
1014,20895,cast,7,Sugar Watkins
1014,17908,cast,8,Zander Barcalow
1014,16097,cast,9,Jean Rasczak
1014,20163,cast,10,Biology Teacher
1014,15300,cast,11,General Owen
1014,6651,cast,12,Breckinridge
1014,15622,cast,13,Kitten Smith
1014,2588,cast,14,Katrina
1014,1539,cast,15,Shujimi
1014,2804,cast,16,Captain Deladier
1014,5252,cast,17,Commanding Officer
1014,4040,cast,18,Mr. Rico
1014,13781,cast,19,Mrs. Rico
1014,22073,cast,20,Djana'D
1014,18106,director,1,
1014,6199,writer,1,
1014,19494,writer,2,
1015,9012,cast,1,Ryôta Yokoyama
1015,24187,cast,2,Yukari Yokoyama
1015,24167,cast,3,Chinami Kataoka
1015,12730,cast,4,Nobuo Kataoka
1015,21159,cast,5,Atsushi Yokoyama
1015,9094,cast,6,Satsuki Kataoka
1015,20282,cast,7,Mutsu Kataoka
1015,21895,cast,8,Sushi Deliverer
1015,8709,cast,9,Fusa Nishizawa
1015,13177,cast,10,Toshiko Yokoyama
1015,24154,cast,11,Kyôhei Yokoyama
1015,9006,director,1,
1015,9006,writer,1,
1016,4966,cast,1,Self - Vocals and Guitar
1016,2320,cast,2,Self - Keyboards
1016,592,cast,3,Self - Guitar and Vocals
1016,21731,cast,4,Self - Percussion
1016,14522,cast,5,Self - Backing Vocals
1016,6147,cast,6,Self - Backing Vocals
1016,22562,cast,7,Self - Bass-Percussion-Vocals
1016,10755,cast,8,Self - Guitar-Keyboards-Vocals
1016,3886,cast,9,Self - Drums and Vocals
1016,22058,cast,10,Themselves
1016,11795,director,1,
1016,11795,writer,1,
1016,22058,writer,2,
1017,16167,cast,1,Self - Storyteller
1017,11343,cast,2,Self - Storyteller
1017,15242,cast,3,Self - Storyteller
1017,11109,cast,4,Self - Storyteller
1017,8671,cast,5,Self - Storyteller
1017,21896,cast,6,Self - Storyteller
1017,3444,cast,7,Self - Storyteller
1017,15052,cast,8,Self - Storyteller
1017,19653,cast,9,Self - Storyteller
1017,1429,cast,10,Self - Storyteller
1017,5317,cast,11,Self - Storyteller
1017,23325,cast,12,Self - Storyteller
1017,16764,cast,13,Self - Storyteller
1017,7759,cast,14,Self - Storyteller
1017,22645,cast,15,Self - Storyteller
1017,18672,cast,16,Self - Storyteller
1017,4179,cast,17,Self - Storyteller
1017,19041,cast,18,Diane Polley
1017,18327,cast,19,Michael Polley
1017,565,cast,20,Harry Gulkin
1017,20633,director,1,
1017,20633,writer,1,
1017,16167,writer,2,
1018,11519,cast,1,Willie
1018,6817,cast,2,Eva
1018,19266,cast,3,Eddie
1018,3477,cast,4,Aunt Lotte
1018,4824,cast,5,Billy
1018,18885,cast,6,Man with Money
1018,22660,cast,7,Airline Agent
1018,19228,cast,8,Factory Worker
1018,19813,cast,9,Poker Player
1018,8727,cast,10,Poker Player
1018,2868,cast,11,Poker Player
1018,20599,cast,12,Girl with Hat
1018,18095,cast,13,Motel Owner
1018,10937,director,1,
1018,10937,writer,1,
1018,11519,writer,2,
1019,7005,cast,1,Guy Haines
1019,19731,cast,2,Bruno Antony
1019,20242,cast,3,Anne Morton
1019,13789,cast,4,Sen. Morton
1019,17849,cast,5,Barbara Morton
1019,12563,cast,6,Miriam Joyce Haines
1019,15137,cast,7,Mrs. Antony
1019,11806,cast,8,Mr. Antony
1019,9122,cast,9,Police Capt. Turley
1019,11341,cast,10,Prof. Collins
1019,17435,cast,11,Mrs. Cunningham
1019,19602,cast,12,Det. Leslie Hennessey
1019,11232,cast,13,Policeman
1019,16804,cast,14,Boatman
1019,16723,cast,15,Dowager
1019,2253,cast,16,Police Officer
1019,8643,cast,17,Tennis Match Spectator
1019,2952,cast,18,Tennis Umpire
1019,331,cast,19,Tennis Judge
1019,11162,cast,20,Carnival Patron
1019,685,director,1,
1019,19007,writer,1,
1019,4566,writer,2,
1019,23669,writer,3,
1019,17848,writer,4,
1019,2196,writer,5,
1020,10621,cast,1,Self
1020,4454,cast,2,Self - Candidate
1020,2414,cast,3,Self - Former U.S. Senator
1020,3876,cast,4,Self - U.S. Attorney for the District of New Jersey
1020,17699,cast,5,Self
1020,20989,cast,6,Self - Candidate
1020,21455,cast,7,Self
1020,10017,cast,8,Self
1020,353,cast,9,Self
1020,4443,cast,10,Self
1020,15304,director,1,
1020,15304,writer,1,
1021,24006,cast,1,Self
1021,8729,cast,2,Self
1021,13037,cast,3,Self
1021,13574,cast,4,Self
1021,4962,cast,5,Self
1021,6027,cast,6,Self
1021,2024,cast,7,Self
1021,24006,director,1,
1022,3813,cast,1,"Self - Chief, Williams Lake First Nation"
1022,3559,cast,2,Self - Investigator
1022,23673,cast,3,Self - Investigator & Archaeologist
1022,6022,cast,4,Self - Julian's Father
1022,12229,cast,5,Self - Ed's Son
1022,13366,cast,6,Self - Julian's Grandmother
1022,10504,cast,7,"Self - Survivor, St. Joseph's Mission"
1022,20033,cast,8,"Self - Survivor, St. Joseph's Mission"
1022,19395,cast,9,"Self - Former Chief, Williams Lake First Nation"
1022,1352,cast,10,Self - Rick's Wife
1022,13476,cast,11,"Self - Survivor, St. Joseph's Mission"
1022,15400,cast,12,Self - Ed's Aunt
1022,13408,cast,13,"Self - Survivor, St. Joseph's Mission"
1022,12393,cast,14,"Self - Prime Minister, Canada"
1022,18703,cast,15,Self - Bishop of Rome
1022,14286,cast,16,"Self - Superior General, The Missionary Oblates of Mary Immaculate"
1022,23662,cast,17,Self - Witness
1022,3474,cast,18,"Self - Survivor, St. Joseph's Mission"
1022,6549,director,1,
1022,12229,director,2,
1022,6549,writer,1,
1023,11244,cast,1,John L. Sullivan
1023,23258,cast,2,The Girl
1023,19734,cast,3,Mr. LeBrand
1023,23771,cast,4,Mr. Jones
1023,7417,cast,5,Mr. Casalsis
1023,18706,cast,6,Mr. Hadrian
1023,3091,cast,7,Mr. Valdelle
1023,14902,cast,8,Secretary
1023,19610,cast,9,Sullivan's Butler
1023,6649,cast,10,Sullivan's Valet
1023,22891,cast,11,The Doctor
1023,23310,cast,12,Cameraman
1023,19375,cast,13,Radio Man
1023,3676,cast,14,Colored Chef
1023,839,cast,15,Ursula
1023,6809,cast,16,Miz Zeffie
1023,7356,cast,17,Tough Chauffeur
1023,7919,cast,18,Old Tramp
1023,8690,cast,19,The Trombenick
1023,331,cast,20,The Mister
1023,18718,director,1,
1023,18718,writer,1,
1024,12300,cast,1,Adrienne
1024,3579,cast,2,Frédéric
1024,10694,cast,3,Jérémie
1024,6125,cast,4,Hélène
1024,5692,cast,5,Lisa
1024,23155,cast,6,Angela
1024,9507,cast,7,Éloïse
1024,13370,cast,8,James
1024,723,cast,9,Sylvie
1024,6521,cast,10,Pierre
1024,10363,cast,11,Michel Waldemar
1024,8065,cast,12,Maître Lambert
1024,6663,cast,13,Le commissaire de police
1024,14814,cast,14,Présentateur radio
1024,20603,cast,15,Atachée de presse
1024,3973,cast,16,Le neveu d'Éloïse
1024,18553,cast,17,Le maire de Valmondois
1024,14338,cast,18,Touriste au Musée d'Orsay
1024,1707,cast,19,Petit ami de Sylvie
1024,15107,cast,20,Amie de Sylvie
1024,17578,director,1,
1024,17578,writer,1,
1025,5834,cast,1,Self - Festival Attendee
1025,2012,cast,2,Self - Festival Attendee
1025,4880,cast,3,Self - Festival Attendee
1025,6833,cast,4,Self - Festival Attendee
1025,353,cast,5,Self - Minister & Activist
1025,824,cast,6,Self - Former Assistant to Tony Lawrence
1025,14936,cast,7,Self - Festival Production Assistant
1025,402,cast,8,Self - Music Manager & Executive
1025,4557,cast,9,Self - Black Panther Party
1025,8502,cast,10,"Self - Director & Producer, Harlem Cultural Festival 1969"
1025,16811,cast,11,Self - Festival Attendee
1025,2520,cast,12,Self - The 5th Dimension
1025,15090,cast,13,Self - The 5th Dimension
1025,181,cast,14,Self - The Edwin Hawkins Singers
1025,8307,cast,15,Self - Writer & Musician
1025,3555,cast,16,"Self - Former Reporter, The New York Times"
1025,8147,cast,17,Self - Musician
1025,8295,cast,18,"Self - Drummer, Sly & the Family Stone"
1025,10946,cast,19,"Self - Former Tailor, Orie's Custom Tailoring"
1025,14004,cast,20,Self - Artist
1025,18753,director,1,
1025,8502,director,2,
1026,7867,cast,1,The Man
1026,10178,cast,2,The Wife
1026,14905,cast,3,The Woman From the City
1026,2688,cast,4,The Maid
1026,9587,cast,5,The Photographer
1026,18873,cast,6,The Barber
1026,10168,cast,7,The Manicure Girl
1026,1759,cast,8,The Obtrusive Gentleman
1026,6064,cast,9,The Obliging Gentleman
1026,8934,cast,10,Streetcar Conductor
1026,21208,cast,11,Dance Hall Manager
1026,8101,cast,12,Manager of Hair Salon
1026,23473,cast,13,Little Girl
1026,20378,cast,14,Woman in Dance Hall
1026,8036,cast,15,Angry Driver
1026,7125,cast,16,Performer - Song: 'Tozo'
1026,13805,cast,17,Boy
1026,22418,cast,18,Old Seaman
1026,2637,cast,19,Villager
1026,7541,cast,20,Dancer
1026,7541,director,1,
1026,3217,writer,1,
1026,8940,writer,2,
1026,12619,writer,3,
1026,8955,writer,4,
1027,23795,cast,1,Joe Gillis
1027,8183,cast,2,Norma Desmond
1027,6710,cast,3,Max Von Mayerling
1027,16912,cast,4,Betty Schaefer
1027,7429,cast,5,Sheldrake
1027,14160,cast,6,Morino
1027,9720,cast,7,Artie Green
1027,7418,cast,8,Undertaker
1027,13486,cast,9,1st Finance Man
1027,3604,cast,10,2nd Finance Man
1027,3459,cast,11,Cecil B. DeMille
1027,8777,cast,12,Hedda Hopper
1027,3081,cast,13,Buster Keaton
1027,1367,cast,14,Anna Q. Nilsson
1027,8762,cast,15,H. B. Warner
1027,18977,cast,16,Ray Evans
1027,10326,cast,17,Jay Livingston
1027,7423,cast,18,Cop Who Drags Joe's Body from Pool
1027,11232,cast,19,Prop Man #2
1027,8003,cast,20,Courtier
1027,2544,director,1,
1027,3585,writer,1,
1027,2544,writer,2,
1027,5646,writer,3,
1028,16009,cast,1,Evan
1028,11771,cast,2,Seth
1028,4082,cast,3,Fogell
1028,2438,cast,4,Officer Slater
1028,20897,cast,5,Officer Michaels
1028,15324,cast,6,Becca
1028,6586,cast,7,Jules
1028,1922,cast,8,Nicola
1028,11195,cast,9,Francis the Driver
1028,13004,cast,10,Mark
1028,4272,cast,11,Homeless Guy
1028,6707,cast,12,Liquor Store Cashier
1028,11202,cast,13,Liquor Store Clerk
1028,4904,cast,14,Greg the Soccer Player
1028,14836,cast,15,Gaby
1028,20715,cast,16,Jesse
1028,13558,cast,17,Shirley
1028,19886,cast,18,Miroki
1028,11375,cast,19,Prosthetic Leg Kid
1028,21467,cast,20,Evan's Mom
1028,8302,director,1,
1028,20897,writer,1,
1028,6889,writer,2,
1029,4096,cast,1,"Superman, Clark Kent"
1029,14939,cast,2,Lois Lane
1029,7725,cast,3,Lex Luthor
1029,15284,cast,4,Jor-El
1029,17062,cast,5,Otis
1029,9730,cast,6,Perry White
1029,8162,cast,7,Pa Kent
1029,22967,cast,8,1st Elder
1029,9697,cast,9,Non
1029,23168,cast,10,Eve Teschmacher
1029,14986,cast,11,Vond-Ah
1029,22231,cast,12,General Zod
1029,18585,cast,13,Ma Kent
1029,21882,cast,14,Lara
1029,10554,cast,15,Young Clark Kent
1029,14807,cast,16,Jimmy Olsen
1029,20616,cast,17,Ursa
1029,8636,cast,18,2nd Elder
1029,23215,cast,19,3rd Elder
1029,11462,cast,20,4th Elder
1029,19259,director,1,
1029,15124,writer,1,
1029,5106,writer,2,
1029,13884,writer,3,
1029,19521,writer,4,
1029,10774,writer,5,
1029,11215,writer,6,
1029,22703,writer,7,
1030,19076,cast,1,Lisa
1030,8508,cast,2,Maci
1030,5979,cast,3,Jennelle
1030,24374,cast,4,Taylor
1030,1308,cast,5,Reagan
1030,6410,cast,6,Yejin
1030,13283,cast,7,Donnette
1030,23299,cast,8,Isaac
1030,10809,cast,9,Officer Vollmer
1030,14443,cast,10,Officer Dominguez
1030,21020,cast,11,Danyelle
1030,10729,cast,12,McKray
1030,4103,cast,13,"Tom, Sounds Town Manager"
1030,11410,cast,14,Jay
1030,13662,cast,15,Bobo
1030,14040,cast,16,Neveah
1030,20459,cast,17,Chris
1030,11854,cast,18,Mark
1030,21709,cast,19,Arturo
1030,3274,cast,20,"Charlie, Construction Dude"
1030,1127,director,1,
1030,1127,writer,1,
1031,11718,cast,1,Sweeney Todd
1031,8838,cast,2,Mrs. Lovett
1031,416,cast,3,Judge Turpin
1031,22546,cast,4,Beadle
1031,20316,cast,5,Pirelli
1031,10091,cast,6,Anthony
1031,13552,cast,7,"Lucy, Beggar Woman"
1031,10345,cast,8,Johanna
1031,6048,cast,9,Toby
1031,8252,cast,10,Baby Johanna
1031,1917,cast,11,Baby Johanna
1031,7573,cast,12,Baby Johanna
1031,11148,cast,13,Policeman
1031,1721,cast,14,Policeman
1031,13734,cast,15,Policeman
1031,17193,cast,16,Pirelli & Todd Customer
1031,14738,cast,17,Pirelli & Todd Customer
1031,4359,cast,18,Elixir Sniffing Customer
1031,11584,cast,19,Gasping Man
1031,8257,cast,20,Contest Bald Man
1031,22480,director,1,
1031,11517,writer,1,
1031,9178,writer,2,
1031,4032,writer,3,
1032,8529,cast,1,Sam Kelly
1032,20951,cast,2,Lucy
1032,6947,cast,3,Harry March
1032,20443,cast,4,Fred Smith
1032,22430,cast,5,Mick Kennedy
1032,8037,cast,6,Archie
1032,22954,cast,7,Philomac
1032,22964,cast,8,Philomac
1032,16995,cast,9,Lizzie
1032,3019,cast,10,Sergeant Fletcher
1032,1442,cast,11,Nell
1032,14458,cast,12,Olive
1032,22753,cast,13,Constable Minty
1032,13394,cast,14,Constable Campbell
1032,15374,cast,15,Barney
1032,3711,cast,16,Ceremony Elder
1032,21434,cast,17,Picture Show Man
1032,15606,cast,18,Judge Taylor
1032,13889,cast,19,The Church Builder
1032,2300,cast,20,Doctor Shields
1032,23588,director,1,
1032,5190,writer,1,
1032,21727,writer,2,
1033,15351,cast,1,Liam
1033,16301,cast,2,Jean
1033,1462,cast,3,Chantelle
1033,23837,cast,4,Pinball
1033,16296,cast,5,Suzanne
1033,7663,cast,6,Stan
1033,22786,cast,7,Rab
1033,3129,cast,8,Calum
1033,19691,cast,9,Scullion
1033,15372,cast,10,Tony
1033,19618,cast,11,Tony's gang
1033,7857,cast,12,Tony's gang
1033,19432,cast,13,Tony's gang
1033,11755,cast,14,Douglas
1033,12352,cast,15,Night-time
1033,7661,cast,16,Side-kick
1033,20713,cast,17,Davi-Vampire
1033,15188,cast,18,Pizza Boy
1033,21609,cast,19,Pizza Boy
1033,19667,cast,20,Pizza Boy
1033,12874,director,1,
1033,18047,writer,1,
1034,3074,cast,1,J.J. Hunsecker
1034,22828,cast,2,Sidney Falco
1034,21852,cast,3,Susan Hunsecker
1034,15375,cast,4,Steve Dallas
1034,10553,cast,5,Sally
1034,20438,cast,6,Frank D' Angelo
1034,11183,cast,7,Herbie Temple
1034,2043,cast,8,Rita
1034,6528,cast,9,Lt. Harry Kello
1034,6120,cast,10,Mary
1034,3806,cast,11,Self
1034,18028,cast,12,Self
1034,7442,cast,13,Self
1034,3051,cast,14,Self
1034,10306,cast,15,Manny Davis
1034,15433,cast,16,Bar Patron
1034,17220,cast,17,Patron at Toots Shor's
1034,17183,cast,18,Waiter
1034,18855,cast,19,Patron at 21
1034,2747,cast,20,Patron at 21
1034,617,director,1,
1034,4291,writer,1,
1034,6756,writer,2,
1034,617,writer,3,
1035,7425,cast,1,Lucky Garnett
1035,8095,cast,2,Penny Carroll
1035,23308,cast,3,Pop Cardetti
1035,8803,cast,4,Mabel Anderson
1035,6649,cast,5,Gordon
1035,2364,cast,6,Margaret Watson
1035,7915,cast,7,Ricky Romero
1035,5858,cast,8,Dancer
1035,23739,cast,9,Roulette Player
1035,8648,cast,10,Second Stagehand
1035,23727,cast,11,Nightclub Patron
1035,8649,cast,12,First Stagehand
1035,2415,cast,13,Dancer
1035,18855,cast,14,Dancer in 'The Way You Look Tonight' Number
1035,18857,cast,15,Hotel Clerk
1035,18685,cast,16,Dancer
1035,9640,cast,17,Nightclub Diner
1035,15349,cast,18,Undetermined Role
1035,22382,cast,19,Man in New York Street
1035,384,cast,20,Undetermined Secondary Role
1035,7888,director,1,
1035,9111,writer,1,
1035,811,writer,2,
1035,6783,writer,3,
1035,2197,writer,4,
1035,19178,writer,5,
1035,1547,writer,6,
1035,5871,writer,7,
1036,21372,cast,1,Dong-jin Park
1036,21091,cast,2,Ryu
1036,1973,cast,3,Cha Yeong-mi
1036,10868,cast,4,Ryu's Sister
1036,2601,cast,5,Yoo-sun
1036,4576,cast,6,Choi
1036,12112,cast,7,Driver Paeng
1036,20753,cast,8,Chief of Staff
1036,24122,cast,9,Boss of Organ Trafficking Ring
1036,20904,cast,10,Retarded Boy at River
1036,4575,cast,11,Detective Ji
1036,11849,cast,12,Detective Heo
1036,3102,cast,13,Man 1
1036,9823,cast,14,Man 2
1036,10686,cast,15,Doctor #1
1036,13708,cast,16,Doctor 2
1036,8007,cast,17,Radio DJ
1036,20910,cast,18,Delivery Boy
1036,13712,cast,19,Dong-jin ex-wife
1036,9824,cast,20,Husband of Dong-jin's ex-wife
1036,17766,director,1,
1036,11850,writer,1,
1036,9822,writer,2,
1036,16786,writer,3,
1036,17766,writer,4,
1036,16824,writer,5,
1037,16192,cast,1,Curtis
1037,10820,cast,2,Samantha
1037,21022,cast,3,Dewart
1037,22928,cast,4,Hannah LaForche
1037,12690,cast,5,Nat
1037,16993,cast,6,Cammie
1037,19956,cast,7,Russell
1037,20722,cast,8,Lewis
1037,19647,cast,9,Jim
1037,8765,cast,10,Special Ed Teacher
1037,21031,cast,11,Woman in Road
1037,11491,cast,12,Man in Road
1037,15011,cast,13,Bargain Hunter
1037,9765,cast,14,News Anchor
1037,2639,cast,15,Walter Jacobs
1037,3665,cast,16,Man at Window
1037,18253,cast,17,Melvin
1037,16668,cast,18,Janine
1037,1263,cast,19,Kathryn
1037,9508,cast,20,Sue
1037,10570,director,1,
1037,10570,writer,1,
1038,13940,cast,1,Bryan Mills
1038,14632,cast,2,Kim
1038,6989,cast,3,Lenore
1038,13755,cast,4,Sam
1038,11744,cast,5,Casey
1038,5202,cast,6,Bernie
1038,9052,cast,7,Sheerah
1038,12672,cast,8,Amanda
1038,23954,cast,9,Stuart
1038,17590,cast,10,Jean-Claude
1038,7976,cast,11,St-Clair
1038,14782,cast,12,Pharmacist
1038,1630,cast,13,Marko
1038,18804,cast,14,Anton
1038,15586,cast,15,Undercover Agent
1038,16257,cast,16,Gio
1038,17241,cast,17,Peter
1038,20136,cast,18,Leka
1038,3158,cast,19,Isabelle
1038,23133,cast,20,Vinz
1038,18627,director,1,
1038,14337,writer,1,
1038,19658,writer,2,
1039,17184,cast,1,Self - Presenter and Narrator
1039,14194,cast,2,Self - 'Grim Sleeper'
1039,5798,cast,3,Self - Lonnie Franklin's Neighbour
1039,21639,cast,4,Self - Lonnie Franklin's Friend
1039,7632,cast,5,Self - Lonnie Franklin's Friend
1039,19208,cast,6,Self - Lonnie Franklin's Friend
1039,20915,cast,7,Self - Lonnie Franklin's Defense Attorney
1039,13627,cast,8,Self - Mother of Murder Victim Janecia Peters
1039,14911,cast,9,Self - Founder of Black Coalition Fighting Back Serial Murders
1039,17720,cast,10,Self
1039,5523,cast,11,Self - Stepmother to 1987 murder victim Barbara Ware
1039,14132,cast,12,Self - Friend of Pamela Brooks
1039,5335,cast,13,Self - Chris Franklin's Former Girlfriend
1039,10743,cast,14,Self - Lonnie Franklin's Mechanic
1039,16893,cast,15,"Self - Lawyer, Black Coalition Fighting Back Serial Murders"
1039,20097,cast,16,Self - Friend of Pamela Brooks
1039,5622,cast,17,Self
1039,13972,cast,18,Self - Chris Franklin's Childhood Nanny
1039,7072,cast,19,Self - Lonnie Franklin's Friend
1039,6614,cast,20,Self - Grim Sleeper's Surviving Witness
1039,17184,director,1,
1039,2067,director,2,
1039,14801,director,3,
1039,17184,writer,1,
1039,2067,writer,2,
1039,14801,writer,3,
1040,20043,cast,1,Lydia González
1040,10297,cast,2,Benigno Martín
1040,4850,cast,3,Marco Zuluaga
1040,13851,cast,4,Alicia
1040,15130,cast,5,Rosa
1040,7955,cast,6,Katerina Bilova
1040,18649,cast,7,Bailarina 'Café Müller'
1040,14718,cast,8,Bailarine 'Café Müller' (Dancer)
1040,3111,cast,9,"Singer at party - ""Cucurrucucú Paloma"""
1040,19753,cast,10,Doctor Vega
1040,6310,cast,11,Ángela
1040,14180,cast,12,Matilde
1040,139,cast,13,Niño de Valencia
1040,993,cast,14,Hermana de Lydia
1040,4133,cast,15,Portera
1040,14183,cast,16,Presentadora de TV
1040,7045,cast,17,Alfredo
1040,8852,cast,18,Padre de Alicia
1040,11931,cast,19,Agente Niño de Valencia
1040,18170,cast,20,Amparo
1040,18175,director,1,
1040,18175,writer,1,
1041,12892,cast,1,Gun
1041,23016,cast,2,Gorô
1041,17367,cast,3,Tampopo
1041,13247,cast,4,Gangster in the White Suit
1041,19431,cast,5,Pisuken
1041,13173,cast,6,Shôhei
1041,24132,cast,7,Master of ramen making
1041,8963,cast,8,Rich Old Man
1041,7527,cast,9,Gangster's Mistress
1041,20902,cast,10,Rich old man's mistress
1041,24129,cast,11,Girl Oyster-fisher
1041,15521,cast,12,Supermarket manager
1041,3850,cast,13,Company executives
1041,304,cast,14,Company executives
1041,24138,cast,15,Company executives
1041,22912,cast,16,Office junior
1041,9516,cast,17,Waiter
1041,15112,cast,18,Ramen stand owner
1041,9036,cast,19,Ramen shop owner in Chinatown
1041,9581,cast,20,Old lady who pinches everything
1041,12406,director,1,
1041,12406,writer,1,
1042,13204,cast,1,Sin-Dee
1042,16822,cast,2,Alexandra
1042,12561,cast,3,Razmik
1042,16341,cast,4,Dinah
1042,795,cast,5,Ashken
1042,10042,cast,6,Chester
1042,14457,cast,7,Yeva
1042,1724,cast,8,Karo
1042,9255,cast,9,Nash
1042,20725,cast,10,Parsimonious John
1042,4322,cast,11,The Cherokee
1042,994,cast,12,Selena
1042,3757,cast,13,Madam Jillian
1042,21085,cast,14,Mamasan
1042,12056,cast,15,Retch Chunder
1042,12255,cast,16,Officer Jules
1042,10286,cast,17,Joey the Doorman
1042,19307,cast,18,Miss Willy
1042,1253,cast,19,Angel
1042,1133,cast,20,WhiteBoy
1042,20765,director,1,
1042,20765,writer,1,
1042,3866,writer,2,
1043,14739,cast,1,Rapunzel
1043,24280,cast,2,Flynn Rider
1043,5804,cast,3,Mother Gothel
1043,19967,cast,4,Stabbington Brother
1043,15806,cast,5,Captain of the Guard
1043,10605,cast,6,Big Nose Thug
1043,2751,cast,7,Hook Hand Thug
1043,18000,cast,8,Short Thug
1043,19304,cast,9,Vlad
1043,5334,cast,10,"Young Rapunzel, Little Girl"
1043,17017,cast,11,"Guard 1, Thug 1"
1043,3093,cast,12,"Guard 2, Thug 2"
1043,22509,cast,13,Guard 3
1043,15982,cast,14,Additional Voices
1043,2616,cast,15,Additional Voices
1043,21884,cast,16,Additional Voices
1043,12332,cast,17,Additional Voices
1043,20108,cast,18,Additional Voices
1043,4978,cast,19,Additional Voices
1043,22249,cast,20,Additional Voices
1043,17017,director,1,
1043,3093,director,2,
1043,4641,writer,1,
1043,9755,writer,2,
1043,23689,writer,3,
1044,3409,cast,1,Lydia Tár
1044,17401,cast,2,Francesca Lentini
1044,17329,cast,3,Sharon Goodnow
1044,21419,cast,4,Olga Metkina
1044,85,cast,5,Adam Gopnik
1044,14806,cast,6,Tailor #1
1044,6239,cast,7,Tailor #2
1044,24085,cast,8,Tailor's Assistant #1
1044,18125,cast,9,Tailor's Assistant #2
1044,21955,cast,10,Krista Taylor
1044,21940,cast,11,Whitney Reese
1044,15257,cast,12,Eliot Kaplan
1044,17243,cast,13,Aldo
1044,24327,cast,14,Max
1044,13209,cast,15,Olive Kerr
1044,492,cast,16,Alec Baldwin
1044,10823,cast,17,Jessica Hansen
1044,16458,cast,18,Petra
1044,835,cast,19,Johanna
1044,799,cast,20,Sebastian Brix
1044,22611,director,1,
1044,22611,writer,1,
1045,11788,cast,1,Self
1045,19142,cast,2,Self
1045,141,cast,3,Self
1045,20059,cast,4,Self
1045,5150,cast,5,Self
1045,12069,cast,6,Self
1045,16029,cast,7,Guy cussing in short film
1045,5064,cast,8,Self
1045,21464,cast,9,Self
1045,16146,cast,10,Self
1045,8286,cast,11,Self
1045,23186,cast,12,Self
1045,4580,cast,13,Self
1045,23443,cast,14,Self
1045,21654,cast,15,Self
1045,14079,cast,16,Blue Velvet cast
1045,12807,cast,17,Blue Velvet cast
1045,16431,cast,18,Blue Velvet cast
1045,16351,cast,19,Blue Velvet cast
1045,3118,cast,20,Blue Velvet cast
1045,11788,director,1,
1045,11788,writer,1,
1046,22839,cast,1,Tarzan
1046,16534,cast,2,Jane
1046,2846,cast,3,Clayton
1046,8159,cast,4,Kala
1046,17286,cast,5,Professor Porter
1046,13433,cast,6,Kerchak
1046,23601,cast,7,Tantor
1046,557,cast,8,Young Tarzan
1046,20071,cast,9,Terk
1046,2344,cast,10,Additional Voices
1046,9619,cast,11,Monkey
1046,11951,cast,12,Ape Boy
1046,2616,cast,13,Vincent Snipes
1046,2509,cast,14,Baby Ape
1046,8990,cast,15,Female Gorilla
1046,19833,cast,16,Elephant
1046,13995,cast,17,Baby Ape
1046,12568,cast,18,Kala (gorilla vocal effects)
1046,10917,cast,19,Tantor (vocal stand-in)
1046,1646,cast,20,Little Ape
1046,3870,director,1,
1046,13027,director,2,
1046,6109,writer,1,
1046,21983,writer,2,
1046,2658,writer,3,
1046,17405,writer,4,
1046,11603,writer,5,
1046,12836,writer,6,
1046,21741,writer,7,
1046,15265,writer,8,
1046,3938,writer,9,
1046,16206,writer,10,
1046,10578,writer,11,
1046,11573,writer,12,
1046,7358,writer,13,
1047,19561,cast,1,Travis Bickle
1047,11144,cast,2,Iris
1047,4546,cast,3,Betsy
1047,441,cast,4,Tom
1047,5500,cast,5,Concession Girl
1047,7288,cast,6,Angry Black Man
1047,23285,cast,7,Melio
1047,8099,cast,8,Policeman at Rally
1047,7629,cast,9,Iris' Friend
1047,18282,cast,10,Wizard
1047,8657,cast,11,Cabbie in Bellmore
1047,4421,cast,12,Hooker in Cab
1047,2801,cast,13,Soap Opera Woman
1047,8667,cast,14,Dispatcher
1047,16952,cast,15,Stick-Up Man
1047,13823,cast,16,Charles Palantine
1047,19289,cast,17,Tall Secret Service Man
1047,2143,cast,18,Soap Opera Man
1047,8724,cast,19,Sport
1047,23304,cast,20,Secret Service Photographer
1047,15383,director,1,
1047,18091,writer,1,
1048,14639,cast,1,Self
1048,6254,cast,2,Self
1048,12153,cast,3,Self
1048,11082,cast,4,Self
1048,19894,cast,5,"Self, interviewer"
1048,19502,cast,6,Self
1048,7328,cast,7,Iago
1048,11439,cast,8,Self
1048,12231,cast,9,Self
1048,21056,cast,10,Self
1048,13598,cast,11,Self
1048,13128,cast,12,Self
1048,23198,cast,13,Self
1048,19716,cast,14,Self
1048,15969,cast,15,Self
1048,378,cast,16,Anthony
1048,13164,cast,17,Self
1048,7813,cast,18,Self
1048,6121,cast,19,Self
1048,2633,cast,20,Self
1048,19894,director,1,
1049,12164,cast,1,April O'Neil
1049,6336,cast,2,Casey Jones
1049,12050,cast,3,"Raphael, Passenger in Cab"
1049,16278,cast,4,"Michaelangelo, Pizza Man"
1049,13742,cast,5,"Donatello, Foot Messenger"
1049,5001,cast,6,"Leonardo, Gang Member"
1049,16217,cast,7,Danny Pennington
1049,10330,cast,8,Charles Pennington
1049,19016,cast,9,Chief Sterns
1049,10047,cast,10,The Shredder (Oroku Saki)
1049,22916,cast,11,Tatsu
1049,20451,cast,12,Head Thug
1049,13207,cast,13,June
1049,14270,cast,14,Cab Driver
1049,11968,cast,15,Movie Hoodlum #1
1049,11691,cast,16,Movie Hoodlum #2
1049,12113,cast,17,Shinsho
1049,3400,cast,18,Charles' Secretary
1049,15218,cast,19,Technician
1049,11617,cast,20,New Recruit
1049,21644,director,1,
1049,13011,writer,1,
1049,18376,writer,2,
1049,2675,writer,3,
1049,22620,writer,4,
1050,9663,cast,1,Little Death
1050,8559,cast,2,Kris
1050,10230,cast,3,Mari
1050,1639,cast,4,Thor
1050,7131,cast,5,Flo
1050,13031,cast,6,"Anthony, Country Sheriff"
1050,11877,cast,7,Doomed Teen Girl
1050,20267,cast,8,Doomed Teen Boy
1050,20638,cast,9,Kris' Agent
1050,877,cast,10,Young Billy
1050,8073,cast,11,Billy
1050,23860,cast,12,Squash Bro
1050,18763,cast,13,Julie
1050,1748,cast,14,Alex
1050,17885,cast,15,Rudolph
1050,24270,cast,16,Will
1050,9210,cast,17,Chuck
1050,6885,cast,18,DJ Ella Giastic
1050,17304,cast,19,Cafe Owner
1050,10792,cast,20,Tracy
1050,10166,director,1,
1050,10166,writer,1,
1051,14747,cast,1,Driver
1051,932,cast,2,Amin
1051,12462,cast,3,
1051,20122,cast,4,Prostitute + Lover
1051,20123,cast,5,
1051,917,cast,6,
1051,14737,cast,7,
1051,12574,cast,8,
1051,21,director,1,
1051,21,writer,1,
1052,9631,cast,1,JB
1052,13371,cast,2,KG
1052,12106,cast,3,Lee
1052,20008,cast,4,Dio
1052,18000,cast,5,Open Mic Host
1052,22998,cast,6,Lil' JB
1052,17063,cast,7,Security Guard
1052,7424,cast,8,Security Guard
1052,13186,cast,9,"Car Chase Cop, Gang Leader"
1052,978,cast,10,Truck Stop Waitress
1052,22513,cast,11,The Stranger
1052,4908,cast,12,Satan
1052,2221,cast,13,Guitar Center Guy
1052,13445,cast,14,Girl
1052,2930,cast,15,Girl
1052,9577,cast,16,Girl
1052,11412,cast,17,Gang Member
1052,23359,cast,18,Gang Member
1052,10322,cast,19,Gang Member
1052,4034,cast,20,DJ
1052,13938,director,1,
1052,9631,writer,1,
1052,13371,writer,2,
1052,13938,writer,3,
1053,1718,cast,1,The Terminator
1053,14024,cast,2,Sarah Connor
1053,6185,cast,3,John Connor
1053,19677,cast,4,T-1000
1053,5999,cast,5,Dr. Silberman
1053,11201,cast,6,Miles Dyson
1053,20302,cast,7,Tarissa Dyson
1053,3403,cast,8,Enrique Salceda
1053,4800,cast,9,Tim
1053,10624,cast,10,Janelle Voight
1053,23954,cast,11,Todd Voight
1053,13875,cast,12,Twin Sarah
1053,12862,cast,13,Douglas
1053,19741,cast,14,Cigar Biker
1053,18261,cast,15,Lloyd
1053,20947,cast,16,Trucker
1053,16054,cast,17,Old John Connor
1053,10217,cast,18,Kid
1053,3391,cast,19,Kid
1053,6617,cast,20,Bryant
1053,9907,director,1,
1053,9907,writer,1,
1053,23867,writer,2,
1054,21139,cast,1,Aurora Greenway
1054,5297,cast,2,Emma Horton
1054,9692,cast,3,Garrett Breedlove
1054,4805,cast,4,Vernon Dahlart
1054,10549,cast,5,Flap Horton
1054,11513,cast,6,Sam Burns
1054,14092,cast,7,Patsy Clark
1054,2369,cast,8,Rosie Dunlop
1054,9148,cast,9,Teddy Horton
1054,22995,cast,10,Tommy Horton
1054,20946,cast,11,Younger Tommy Horton
1054,15828,cast,12,Melanie Horton
1054,22108,cast,13,Baby Melanie
1054,17439,cast,14,Edward Johnson
1054,10649,cast,15,Young Emma
1054,12581,cast,16,Janice
1054,22750,cast,17,Dr. Budge
1054,18064,cast,18,Dr. Maise
1054,6959,cast,19,Doctor
1054,887,cast,20,Meg
1054,9994,director,1,
1054,13497,writer,1,
1054,9994,writer,2,
1055,1579,cast,1,Ahmed Ibn Fahdlan
1055,5537,cast,2,Queen Weilew
1055,5422,cast,3,Herger - Joyous
1055,23460,cast,4,Buliwyf - Leader
1055,17602,cast,5,Melchisidek
1055,1034,cast,6,Wigliff - King's Son
1055,19230,cast,7,Skeld - Superstitious
1055,22827,cast,8,Weath - Musician
1055,16580,cast,9,Rethel - Archer
1055,17085,cast,10,Roneth - Rider
1055,1805,cast,11,Halga - Wise
1055,4315,cast,12,Helfdane - Fat
1055,4756,cast,13,Edgtho - Silent
1055,17563,cast,14,Haltaf - Boy
1055,21923,cast,15,King Hrothgar
1055,478,cast,16,Hyglak - Quarrelsome
1055,11398,cast,17,Ragnar - Dour
1055,6711,cast,18,Caravan Leader
1055,14952,cast,19,Olga
1055,19339,cast,20,One-Eyed Old Man
1055,11548,director,1,
1055,16030,writer,1,
1055,23867,writer,2,
1055,23581,writer,3,
1056,19565,cast,1,Hannay
1056,14583,cast,2,Pamela
1056,14376,cast,3,Miss Smith
1056,8194,cast,4,Professor Jordan
1056,18189,cast,5,Crofter's Wife
1056,11503,cast,6,Crofter
1056,8811,cast,7,Mrs. Jordan
1056,7311,cast,8,The Sheriff
1056,23948,cast,9,Memory
1056,8397,cast,10,Commercial Traveller
1056,10778,cast,11,Commercial Traveller
1056,18199,cast,12,Maid
1056,9568,cast,13,Political Meeting Chairman
1056,3578,cast,14,Second Passerby Near the Bus
1056,17378,cast,15,Minor Role
1056,6949,cast,16,Police Sergeant
1056,23500,cast,17,Palladium Doorman
1056,15639,cast,18,Fake Police Officer
1056,17804,cast,19,M.C. Who Introduces Mr Memory
1056,685,cast,20,Passerby Near the Bus
1056,685,director,1,
1056,11342,writer,1,
1056,3578,writer,2,
1056,9261,writer,3,
1057,6038,cast,1,Bud Brigman
1057,15445,cast,2,Lindsey Brigman
1057,15989,cast,3,Lt. Coffey
1057,13786,cast,4,Catfish De Vries
1057,22612,cast,5,Alan 'Hippy' Carnes
1057,11321,cast,6,Jammer Willis
1057,10353,cast,7,'Sonny' Dawson
1057,13153,cast,8,Lisa 'One Night' Standing
1057,3182,cast,9,Lew Finler
1057,7880,cast,10,Wilhite
1057,4084,cast,11,Schoenick
1057,91,cast,12,Ensign Monk
1057,5567,cast,13,Dwight Perry
1057,10975,cast,14,Leland McBride
1057,9590,cast,15,DeMarco
1057,12865,cast,16,Gerard Kirkhill
1057,3883,cast,17,Bendix
1057,18406,cast,18,Captain
1057,15978,cast,19,Barnes
1057,2758,cast,20,Executive
1057,9907,director,1,
1057,9907,writer,1,
1058,1609,cast,1,Self - Executioner in 1965
1058,8937,cast,2,Self - Gangster and Paramilitary Leader
1058,21932,cast,3,Self - Governor of North Sumatra
1058,9299,cast,4,Self - Newspaper Publisher
1058,24024,cast,5,Self - Leader of Pancasila Youth
1058,20342,cast,6,Self - Local Paramilitary Leader
1058,12405,cast,7,Self - Vice President of Indonesia
1058,130,cast,8,Self - Fellow Executioner in 1965
1058,21340,cast,9,Self - Journalist
1058,21834,cast,10,Self - Anwar's Neighbor
1058,8483,cast,11,Self - Member of North Sumatra Parliament
1058,8482,cast,12,Self - Paramilitary Leader and Businessman
1058,20354,cast,13,Self - Deputy Minister of Youth and Sport
1058,2001,cast,14,Self
1058,12068,director,1,
1058,4004,director,2,
1058,1470,director,3,
1059,11570,cast,1,Hieronymus Karl Frederick Baron von Munchausen
1059,6668,cast,2,"Desmond, Berthold"
1059,20633,cast,3,Sally Salt
1059,17556,cast,4,Vulcan
1059,3659,cast,5,"Rupert, Adolphus"
1059,23898,cast,6,"Bill, Albrecht"
1059,9700,cast,7,"Jeremy, Gustavus"
1059,23137,cast,8,"Queen Ariadne, Violet"
1059,11832,cast,9,The Right Ordinary Horatio Jackson
1059,2470,cast,10,Henry Salt
1059,18364,cast,11,Sultan
1059,23091,cast,12,"Venus, Rose"
1059,774,cast,13,Daisy
1059,18974,cast,14,Functionary
1059,5724,cast,15,Commander
1059,21753,cast,16,Heroic Officer
1059,1154,cast,17,Colonel
1059,11912,cast,18,Dr. Death
1059,16634,cast,19,Executioner
1059,19797,cast,20,King of the Moon
1059,22260,director,1,
1059,3659,writer,1,
1059,22260,writer,2,
1059,8233,writer,3,
1059,20152,writer,4,
1060,6777,cast,1,Robin Hood
1060,17566,cast,2,Maid Marian
1060,2116,cast,3,Sir Guy of Gisbourne
1060,4226,cast,4,Prince John
1060,17825,cast,5,Will Scarlett
1060,6857,cast,6,Friar Tuck
1060,391,cast,7,Little John
1060,15894,cast,8,High Sheriff of Nottingham
1060,9264,cast,9,King Richard the Lion-Heart
1060,23096,cast,10,Bess
1060,8929,cast,11,Much
1060,16711,cast,12,Bishop of the Black Canons
1060,13835,cast,13,Sir Essex
1060,19672,cast,14,Sir Ralf
1060,12920,cast,15,Sir Mortimer
1060,19734,cast,16,Sir Geoffrey
1060,4361,cast,17,Sir Baldwin
1060,13895,cast,18,Sir Ivor
1060,8660,cast,19,Dickon Malbete
1060,9551,cast,20,Proprietor of Kent Road Tavern
1060,16034,director,1,
1060,23806,director,2,
1060,17457,writer,1,
1060,20900,writer,2,
1060,20095,writer,3,
1061,10090,cast,1,Tintin
1061,1206,cast,2,"Captain Haddock, Sir Francis Haddock"
1061,4711,cast,3,"Sakharine, Red Rackham"
1061,21281,cast,4,Thompson
1061,17191,cast,5,Thomson
1061,4743,cast,6,"Allan, Pirate Flunky #1"
1061,7587,cast,7,Ben Salaad
1061,22597,cast,8,Silk
1061,11222,cast,9,Barnaby
1061,6616,cast,10,"Nestor, Mr. Crabtree"
1061,14566,cast,11,"Tom, Pirate Flunky #2"
1061,22827,cast,12,Lieutenant Delcourt
1061,21386,cast,13,Mrs. Finch
1061,3384,cast,14,Pilot
1061,18561,cast,15,"Co-Pilot, French Medic"
1061,19941,cast,16,"Sailor, Lookout"
1061,15215,cast,17,"Afghar Outpost Soldier, Secretary"
1061,17022,cast,18,Market Artist
1061,20807,cast,19,"Pedro, 1st Mate"
1061,13136,cast,20,Bianca Castafiore
1061,21733,director,1,
1061,21728,writer,1,
1061,6112,writer,2,
1061,11171,writer,3,
1061,8932,writer,4,
1062,9203,cast,1,Charlie Allnutt
1062,12612,cast,2,Rose Sayer
1062,19666,cast,3,Rev. Samuel Sayer - The Brother
1062,18291,cast,4,Captain of Louisa
1062,22355,cast,5,First Officer
1062,23537,cast,6,Second Officer
1062,18434,cast,7,First Officer of Shona
1062,19324,cast,8,Second Officer of Shona
1062,8639,cast,9,German Sergeant Major at Kungdu
1062,6778,cast,10,Undetermined Role
1062,11990,cast,11,African Sergeant
1062,7949,cast,12,Petty Officer
1062,11685,cast,13,German Officer
1062,11472,director,1,
1062,4525,writer,1,
1062,9873,writer,2,
1062,11472,writer,3,
1062,11376,writer,4,
1062,18440,writer,5,
1063,4716,cast,1,Newland Archer
1063,16310,cast,2,Ellen Olenska
1063,23897,cast,3,May Welland
1063,14021,cast,4,Female Opera Singer
1063,16175,cast,5,Male Opera Singer
1063,22257,cast,6,Male Opera Singer
1063,11743,cast,7,Male Opera Singer
1063,19264,cast,8,Larry Lefferts
1063,498,cast,9,Sillerton Jackson
1063,7955,cast,10,Mrs. Welland
1063,15435,cast,11,Regina Beaufort
1063,21785,cast,12,Julius Beaufort
1063,9099,cast,13,Beaufort Guest
1063,11545,cast,14,Party Guest
1063,4087,cast,15,Party Guest
1063,16571,cast,16,Mrs. Mingott
1063,21197,cast,17,Mrs. Archer
1063,3361,cast,18,Janey Archer
1063,16073,cast,19,Henry van der Luyden
1063,670,cast,20,Louisa van der Luyden
1063,15383,director,1,
1063,6127,writer,1,
1063,10315,writer,2,
1063,15383,writer,3,
1064,18941,cast,1,Self - Inmate
1064,19576,cast,2,Self - Inmate
1064,15896,cast,3,Self - Inmate
1064,20575,cast,4,Self - Steven's Mother
1064,2777,cast,5,Self - Steven's Brother
1064,8545,cast,6,Self - Civil Rights Lawyer
1064,10048,cast,7,Self - Steven's Cellmate
1064,18745,cast,8,Self - Former Correctional Officer
1064,21468,cast,9,Self - Former Correctional Officer
1064,21684,cast,10,Self - Alabama Attorney General
1064,17303,cast,11,Self - Robert Earl's Friend
1064,3451,cast,12,Self - Robert Earl's Niece
1064,6012,cast,13,Self - Robert Earl's Mother
1064,19577,cast,14,Self - Robert Earl's Father
1064,4137,cast,15,Self - Robert Earl's Daughter
1064,10587,cast,16,Self - Deputy Commissioner
1064,15180,cast,17,"Self - Reporter, WSFA-12"
1064,21718,cast,18,Self - Murdered Inmate
1064,10585,cast,19,"Self - Commissioner, Alabama Department of Corrections"
1064,19829,cast,20,Self - Donaldson Correctional Facility Officer
1064,1148,director,1,
1064,3727,director,2,
1064,1148,writer,1,
1064,3727,writer,2,
1064,17713,writer,3,
1065,9677,cast,1,C.C. Baxter
1065,21139,cast,2,Fran Kubelik
1065,7444,cast,3,Jeff D. Sheldrake
1065,18992,cast,4,Joe Dobisch
1065,9674,cast,5,Dr. Dreyfuss
1065,5073,cast,6,Al Kirkeby
1065,9082,cast,7,Mrs. Margie MacDougall
1065,11085,cast,8,Sylvia
1065,16929,cast,9,Mrs. Mildred Dreyfuss
1065,11725,cast,10,Karl Matuschka
1065,12094,cast,11,The Blonde
1065,23723,cast,12,Mr. Vanderhoff
1065,5211,cast,13,Mr. Eichelberger
1065,6114,cast,14,Miss Olsen
1065,5849,cast,15,Office Worker
1065,2412,cast,16,TV Movie Host
1065,17975,cast,17,Office Worker
1065,2263,cast,18,Charlie - Bartender
1065,21656,cast,19,Restaurant Patron
1065,14517,cast,20,Elevator Supervisor with Clicker
1065,2544,director,1,
1065,2544,writer,1,
1065,9242,writer,2,
1066,14750,cast,1,Lorraine Dunbar
1066,4002,cast,2,Lisa Thompson
1066,16970,cast,3,The Girl
1066,17780,cast,4,Young Lorraine
1066,4830,cast,5,"Max Stafford-Clark, The Father"
1066,12601,cast,6,The Mother
1066,13941,cast,7,Billy
1066,19621,cast,8,Fred
1066,12033,cast,9,Policeman
1066,7680,cast,10,Self
1066,10105,cast,11,Self
1066,10971,cast,12,Yousaf
1066,19582,cast,13,Young David
1066,12655,cast,14,Pamela Dunbar
1066,11813,cast,15,David Dunbar
1066,19262,cast,16,Peter
1066,20709,cast,17,Chris
1066,1417,cast,18,Gemma Norman
1066,21050,cast,19,Shelly Norman
1066,7807,cast,20,Jimmy 'The Wig'
1066,4304,director,1,
1067,10393,cast,1,George Valentin
1067,2278,cast,2,Peppy Miller
1067,11440,cast,3,Al Zimmer
1067,9921,cast,4,Clifton
1067,18208,cast,5,Doris
1067,16585,cast,6,Constance
1067,2348,cast,7,Peppy's Maid
1067,6043,cast,8,Peppy's Butler
1067,11245,cast,9,Policeman Fire
1067,6411,cast,10,Norma
1067,12857,cast,11,Pawnbroker
1067,14699,cast,12,The Butler
1067,2114,cast,13,Auctioneer
1067,2432,cast,14,Policeman Tuxedo
1067,17338,cast,15,Admiring Woman
1067,21612,cast,16,Set Assistant
1067,4895,cast,17,Peppy's Boyfriend
1067,2145,cast,18,Peppy's Boyfriend
1067,566,cast,19,Guard
1067,23678,cast,20,Guard
1067,16261,director,1,
1067,16261,writer,1,
1068,21633,cast,1,Dix Handley
1068,14268,cast,2,Alonzo D. Emmerich
1068,10406,cast,3,Doll Conovan
1068,10081,cast,4,Gus Minissi
1068,20435,cast,5,Doc Erwin Riedenschneider
1068,11542,cast,6,Police Commissioner Hardy
1068,14803,cast,7,Cobby
1068,2088,cast,8,Lt. Ditrich
1068,1488,cast,9,Louis Ciavelli
1068,22235,cast,10,Maria Ciavelli
1068,15091,cast,11,Angela Phinlay
1068,23862,cast,12,Timmons
1068,5869,cast,13,May Emmerich
1068,2748,cast,14,Bob Brannom
1068,11532,cast,15,Dr. Swanson
1068,15425,cast,16,Police Broadcaster
1068,18969,cast,17,Detective in Hardy's Office
1068,4957,cast,18,Father Sortine
1068,3784,cast,19,Man at Line-Up
1068,2263,cast,20,Taxi Driver
1068,11472,director,1,
1068,2203,writer,1,
1068,11472,writer,2,
1068,23940,writer,3,
1069,17233,cast,1,Self
1069,6313,cast,2,Self
1069,21513,cast,3,Self
1069,8015,cast,4,Self
1069,992,cast,5,Self
1069,9416,cast,6,Self
1069,9424,cast,7,Self
1069,6841,cast,8,Self
1069,6311,cast,9,Self
1069,13955,cast,10,Self
1069,655,cast,11,Self
1069,9417,cast,12,Self
1069,6513,cast,13,Self
1069,6514,cast,14,Self
1069,13842,cast,15,Self
1069,4441,cast,16,Self
1069,9346,cast,17,Self
1069,4442,cast,18,Self
1069,10978,cast,19,Self
1069,20037,cast,20,Self
1069,1109,director,1,
1069,1109,writer,1,
1070,13839,cast,1,Howard Hughes
1070,3409,cast,2,Katharine Hepburn
1070,12576,cast,3,Ava Gardner
1070,11350,cast,4,Noah Dietrich
1070,492,cast,5,Juan Trippe
1070,374,cast,6,Senator Ralph Owen Brewster
1070,9263,cast,7,Professor Fitz
1070,4813,cast,8,Jack Frye
1070,8443,cast,9,Jean Harlow
1070,12150,cast,10,Errol Flynn
1070,98,cast,11,Johnny Meyer
1070,15627,cast,12,Glenn Odekirk
1070,12808,cast,13,Faith Domergue
1070,7187,cast,14,Mrs. Hepburn
1070,2823,cast,15,Robert Gross
1070,21492,cast,16,Louis B. Mayer
1070,6190,cast,17,Joseph Breen
1070,23724,cast,18,Roland Sweet
1070,12931,cast,19,Dr. Hepburn
1070,10352,cast,20,Ludlow
1070,15383,director,1,
1070,11517,writer,1,
1071,9441,cast,1,Lucy Warriner
1071,3385,cast,2,Jerry Warriner
1071,18854,cast,3,Daniel Leeson
1071,601,cast,4,Armand Duvalle
1071,3460,cast,5,Aunt Patsy
1071,16667,cast,6,Barbara Vance
1071,6807,cast,7,Mrs. Leeson
1071,12091,cast,8,Dixie Belle Lee
1071,19500,cast,9,Frank Randall
1071,19734,cast,10,Mr. Vance
1071,15450,cast,11,Mrs. Vance
1071,4209,cast,12,Lord Fabian
1071,1848,cast,13,Mr. Smith
1071,331,cast,14,Motor Cop
1071,23949,cast,15,Mrs. Barnsley
1071,20228,cast,16,Minor Role
1071,5822,cast,17,Minor Role
1071,12647,cast,18,Celeste
1071,6105,cast,19,Motor Cop
1071,9649,cast,20,Nightclub Patron
1071,13794,director,1,
1071,23345,writer,1,
1071,1774,writer,2,
1071,21209,writer,3,
1072,6794,cast,1,Amelia Vanek
1072,17361,cast,2,Samuel
1072,4732,cast,3,Robbie
1072,8754,cast,4,Claire
1072,2057,cast,5,Mrs. Roach
1072,2227,cast,6,Oskar
1072,3838,cast,7,Ruby
1072,9813,cast,8,Beverly
1072,2911,cast,9,Norma
1072,1447,cast,10,Old Woman in Corridor
1072,22858,cast,11,Principal
1072,3285,cast,12,Teacher
1072,22469,cast,13,Supermarket Mum
1072,14409,cast,14,Supermarket Little Girl
1072,21422,cast,15,Checkout Chick
1072,14245,cast,16,Kissing Woman
1072,3927,cast,17,Kissing Man
1072,22221,cast,18,Doctor
1072,4481,cast,19,Warren Newton
1072,3442,cast,20,Prue Flannery
1072,10651,director,1,
1072,10651,writer,1,
1073,13425,cast,1,Georgia Lorrison
1073,13181,cast,2,Jonathan Shields
1073,23553,cast,3,Harry Pebbel
1073,5561,cast,4,James Lee Bartlow
1073,2102,cast,5,Fred Amiel
1073,8178,cast,6,Rosemary Bartlow
1073,8055,cast,7,'Gaucho'
1073,13789,cast,8,Henry Whitfield
1073,23189,cast,9,Kay Amiel
1073,18100,cast,10,Syd Murphy
1073,20495,cast,11,Gus
1073,6293,cast,12,Lila
1073,9561,cast,13,Von Ellstein
1073,10306,cast,14,Mr. Z - Party Guest
1073,21487,cast,15,Sheriff
1073,5327,cast,16,Georgia's Makeup Artist - Screen Test Scene
1073,2175,cast,17,Joe - Party Guest
1073,2011,cast,18,Evelyn Lucien - Costumer
1073,11327,cast,19,Ferraday
1073,14594,cast,20,Mrs. Rosser
1073,23381,director,1,
1073,3679,writer,1,
1073,7790,writer,2,
1074,7425,cast,1,Tony Hunter
1074,4547,cast,2,Gabrielle Gerard
1074,17649,cast,3,Lester Marton
1074,16920,cast,4,Lily Marton
1074,9634,cast,5,Jeffrey Cordova
1074,10022,cast,6,Paul Byrd
1074,19602,cast,7,Hal Benton
1074,9384,cast,8,Gabrielle Gerard
1074,7423,cast,9,Hot Dog Vendor
1074,19211,cast,10,Stagehand
1074,6747,cast,11,Train Porter
1074,2004,cast,12,Dancer
1074,17928,cast,13,Dancer
1074,14532,cast,14,Dancer in Troupe
1074,15433,cast,15,Theatre Patron
1074,2773,cast,16,Auction Guest
1074,18853,cast,17,Dancer in Troupe
1074,5705,cast,18,Producer
1074,8493,cast,19,Chorus Member in Hotel Suite
1074,14594,cast,20,Investor
1074,23381,director,1,
1074,2361,writer,1,
1074,142,writer,2,
1074,17445,writer,3,
1074,395,writer,4,
1075,4354,cast,1,Pádraic Súilleabháin
1075,2810,cast,2,Colm Doherty
1075,12967,cast,3,Siobhán Súilleabháin
1075,17819,cast,4,Jonjo Devine
1075,7660,cast,5,Peadar Kearney
1075,11747,cast,6,Gerry
1075,2089,cast,7,Dominic Kearney
1075,21029,cast,8,Mrs. McCormick
1075,11363,cast,9,Older Musician 1
1075,17542,cast,10,Older Musician 2
1075,13515,cast,11,Female Singer
1075,5124,cast,12,Priest
1075,2904,cast,13,Mrs. O'Riordan
1075,8,cast,14,Declan
1075,9911,cast,15,Student Musician 1
1075,4405,cast,16,Student Musician 2
1075,20269,cast,17,Student Musician 3
1075,10670,cast,18,Jenny
1075,16761,cast,19,Sammy
1075,16533,cast,20,Minnie the Pony
1075,15373,director,1,
1075,15373,writer,1,
1076,2770,cast,1,Ali La Pointe
1076,10442,cast,2,Col. Mathieu
1076,23993,cast,3,Djafar
1076,20485,cast,4,Fathia
1076,23080,cast,5,Captain
1076,7539,cast,6,Halima
1076,16635,cast,7,Petit Omar
1076,21194,cast,8,Larbi Ben M'hidi
1076,7253,cast,9,Mahmoud
1076,22776,cast,10,Captain
1076,20090,cast,11,The Drunk Man
1076,7741,cast,12,
1076,8082,director,1,
1076,7256,writer,1,
1076,8082,writer,2,
1077,206,cast,1,Self
1077,1060,cast,2,Self
1077,2583,cast,3,Self
1077,23360,cast,4,Self
1077,1104,cast,5,Self
1077,21550,cast,6,Self
1077,4025,cast,7,Self
1077,20032,cast,8,Self
1077,15587,cast,9,Self
1077,4024,cast,10,Self
1077,16559,cast,11,Self
1077,5577,cast,12,Self
1077,1413,cast,13,Agnès Varda jeune
1077,7938,cast,14,Self
1077,10945,cast,15,Self
1077,22942,cast,16,Self
1077,17851,cast,17,Self
1077,24299,cast,18,Self
1077,19357,cast,19,Self
1077,6852,cast,20,Self
1077,206,director,1,
1077,206,writer,1,
1077,5577,writer,2,
1078,15098,cast,1,Olga
1078,5373,cast,2,Antoine
1078,14450,cast,3,Xan
1078,5582,cast,4,Lorenzo
1078,15036,cast,5,Marie
1078,14454,cast,6,Madre Anta
1078,11920,cast,7,Pepiño
1078,7039,cast,8,Cabo 1 Mariano
1078,10302,cast,9,Cabo 2 Xosé
1078,5092,cast,10,Cabo 3 Alfonso
1078,23958,cast,11,Sargento Espín
1078,8202,cast,12,Breixo
1078,18230,cast,13,Granjero
1078,14556,cast,14,Rafael
1078,14445,cast,15,Perri
1078,15869,cast,16,Eusebio
1078,11901,cast,17,Paulino
1078,18891,cast,18,Poli
1078,18687,cast,19,Miguelito
1078,7020,cast,20,Amadeo
1078,19853,director,1,
1078,9492,writer,1,
1078,19853,writer,2,
1079,14428,cast,1,Nicola Carati
1079,547,cast,2,Matteo Carati
1079,10234,cast,3,Giorgia Esposti
1079,168,cast,4,Adriana Carati
1079,21376,cast,5,Giulia Monfalco
1079,6975,cast,6,Carlo Tommasi
1079,15793,cast,7,Mirella Utano
1079,23136,cast,8,Francesca Carati
1079,1091,cast,9,Angelo Carati
1079,13959,cast,10,Giovanna Carati
1079,4249,cast,11,Vitale Micavi
1079,17750,cast,12,Luigino
1079,8118,cast,13,Berto
1079,19203,cast,14,Andrea Utano
1079,3152,cast,15,Sara Carati
1079,15125,cast,16,Professore di Medicina
1079,16287,cast,17,Professore di Lettere
1079,22366,cast,18,Thérèse
1079,21523,cast,19,Spacciatore
1079,8116,cast,20,Magrebino
1079,14870,director,1,
1079,20561,writer,1,
1079,21525,writer,2,
1080,16836,cast,1,Milly Stephenson
1080,4669,cast,2,Fred Derry
1080,7497,cast,3,Al Stephenson
1080,22240,cast,4,Peggy Stephenson
1080,23419,cast,5,Marie Derry
1080,3446,cast,6,Wilma Cameron
1080,9041,cast,7,Butch Engle
1080,8616,cast,8,Homer Parrish
1080,8144,cast,9,Hortense Derry
1080,19925,cast,10,Pat Derry
1080,18973,cast,11,Mr. Milton
1080,16532,cast,12,Mrs. Parrish
1080,23520,cast,13,Mr. Parrish
1080,21658,cast,14,Cliff
1080,5850,cast,15,Mrs. Cameron
1080,5705,cast,16,Mr. Cameron
1080,15277,cast,17,Luella Parrish
1080,3632,cast,18,Prew
1080,18991,cast,19,Mr. Mollett
1080,9126,cast,20,Thorpe
1080,23869,director,1,
1080,19575,writer,1,
1080,14568,writer,2,
1081,13338,cast,1,Kumail
1081,24377,cast,2,Emily
1081,9048,cast,3,Beth
1081,18989,cast,4,Terry
1081,1606,cast,5,Azmat
1081,24323,cast,6,Sharmeen
1081,112,cast,7,Naveed
1081,2603,cast,8,CJ
1081,242,cast,9,Mary
1081,13350,cast,10,Chris
1081,23225,cast,11,Khadija
1081,16833,cast,12,Nurse Judy
1081,10720,cast,13,Bob Dalavan
1081,4926,cast,14,Andy Dodd
1081,6040,cast,15,Sam Highsmith
1081,21054,cast,16,Fatima
1081,19044,cast,17,Jesse
1081,13336,cast,18,Zubeida
1081,16604,cast,19,Yazmin
1081,3484,cast,20,Denise
1081,16195,director,1,
1081,6560,writer,1,
1081,13338,writer,2,
1082,9203,cast,1,Philip Marlowe
1082,13570,cast,2,Vivian Rutledge
1082,11612,cast,3,Eddie Mars
1082,15331,cast,4,Carmen Sternwood
1082,5863,cast,5,Acme Book Shop Proprietress
1082,18192,cast,6,Mona Mars
1082,19091,cast,7,Chief Inspector Bernie Ohls
1082,3687,cast,8,General Sternwood
1082,3601,cast,9,Norris
1082,2656,cast,10,Lash Canino
1082,6368,cast,11,Harry Jones
1082,14281,cast,12,Joe Brody
1082,22965,cast,13,Art Huck
1082,12081,cast,14,Taxi Driver
1082,15742,cast,15,Max
1082,5264,cast,16,Waitress
1082,23727,cast,17,Casino Patron
1082,22089,cast,18,Waitress
1082,9640,cast,19,Croupier
1082,17797,cast,20,Mona Mars
1082,9106,director,1,
1082,23780,writer,1,
1082,13743,writer,2,
1082,12191,writer,3,
1082,19007,writer,4,
1083,19797,cast,1,Armand Goldman
1083,17020,cast,2,Albert
1083,7725,cast,3,Senator Keeley
1083,5541,cast,4,Louise Keeley
1083,4645,cast,5,Val Goldman
1083,3122,cast,6,Barbara Keeley
1083,8540,cast,7,Agador
1083,3999,cast,8,Katharine
1083,22710,cast,9,Harry Radman
1083,8275,cast,10,Photographer
1083,13176,cast,11,Chauffeur
1083,9996,cast,12,Stage manager
1083,14348,cast,13,Celsius
1083,14436,cast,14,Goldman girl
1083,1056,cast,15,Goldman girl
1083,22840,cast,16,Goldman girl
1083,4832,cast,17,Goldman girl
1083,20721,cast,18,Goldman girl
1083,12987,cast,19,Goldman girl
1083,22501,cast,20,Waiter in club
1083,16420,director,1,
1083,10481,writer,1,
1083,7232,writer,2,
1083,6151,writer,3,
1083,14842,writer,4,
1083,6291,writer,5,
1084,19824,cast,1,Mitch Brenner
1084,22572,cast,2,Melanie Daniels
1084,10843,cast,3,Lydia Brenner
1084,21905,cast,4,Annie Hayworth
1084,23255,cast,5,Cathy Brenner
1084,6834,cast,6,Mrs. Bundy
1084,3658,cast,7,Sebastian Sholes
1084,20235,cast,8,Mrs. MacGruder
1084,14196,cast,9,Deke Carter
1084,11198,cast,10,Traveling Salesman at Diner's Bar
1084,5817,cast,11,Fisherman Helping with Rental Boat
1084,14691,cast,12,Deputy Al Malone
1084,11541,cast,13,Postal Clerk
1084,12545,cast,14,Drunken Doomsayer in Diner
1084,19252,cast,15,Mitch's City Neighbor
1084,6412,cast,16,Helen Carter
1084,2474,cast,17,Sam
1084,5826,cast,18,Hysterical Mother in Diner
1084,20965,cast,19,Cathy's friend
1084,21132,cast,20,Townswoman
1084,685,director,1,
1084,4837,writer,1,
1084,6890,writer,2,
1085,6517,cast,1,Professor Immanuel Rath
1085,15280,cast,2,Lola Lola
1085,13353,cast,3,"Kiepert, Zauberkünstler"
1085,20029,cast,4,"Guste, seine Frau"
1085,8569,cast,5,Mazeppa
1085,19099,cast,6,Der Clown
1085,6158,cast,7,Der Schuldirektor
1085,8580,cast,8,Der Pedell
1085,19921,cast,9,Angst
1085,19916,cast,10,Lohmann
1085,3200,cast,11,Ertzum
1085,19638,cast,12,Goldstaub
1085,12558,cast,13,Der Wirt
1085,23688,cast,14,Der Kapitän
1085,7982,cast,15,Der Polizist
1085,9355,cast,16,Raths Wirtschafterin
1085,5580,cast,17,Group Cast Performers
1085,7511,cast,18,Pianist
1085,6124,cast,19,Prostitute
1085,23914,cast,20,"Gymnasiast, Pupil"
1085,11940,director,1,
1085,8796,writer,1,
1085,3227,writer,2,
1085,12549,writer,3,
1085,19642,writer,4,
1085,11940,writer,5,
1085,3225,writer,6,
1086,11322,cast,1,Joliet Jake
1086,4630,cast,2,Elwood
1086,3109,cast,3,Curtis
1086,11355,cast,4,Burton Mercer
1086,22666,cast,5,Prison Guard
1086,7952,cast,6,Prison Guard
1086,23550,cast,7,Prison Guard
1086,7361,cast,8,Corrections Officer
1086,12630,cast,9,Sister Mary Stigmata
1086,842,cast,10,Choirmaster
1086,9897,cast,11,Reverend Cleophus James
1086,3530,cast,12,Choir Soloist
1086,21437,cast,13,Choir
1086,1681,cast,14,Trooper Daniel
1086,21737,cast,15,Trooper Mount
1086,21571,cast,16,Charming Trooper
1086,11499,cast,17,Trooper La Fong
1086,13296,cast,18,Sales Girl
1086,7664,cast,19,Man in Toy Store
1086,3375,cast,20,Mystery Woman
1086,11499,director,1,
1086,4630,writer,1,
1086,11499,writer,2,
1087,23398,cast,1,Rosie
1087,6423,cast,2,Áila
1087,3704,cast,3,Cat
1087,2028,cast,4,Sophie
1087,10313,cast,5,Cory
1087,21397,cast,6,Taxi Driver #1
1087,22859,cast,7,Neighbour
1087,11067,cast,8,Gladys
1087,18034,cast,9,Dr. Phillips
1087,14118,cast,10,Nurse
1087,1217,cast,11,Mother
1087,236,cast,12,Jessa
1087,9877,cast,13,Cole
1087,1485,cast,14,Jonah
1087,3638,cast,15,Taxi Driver #2
1087,1207,cast,16,Receptionist
1087,8158,cast,17,Clerk
1087,12632,director,1,
1087,6423,director,2,
1087,12632,writer,1,
1087,6423,writer,2,
1088,7400,cast,1,Marie
1088,15605,cast,2,Bourne
1088,3879,cast,3,Conklin
1088,4311,cast,4,The Professor
1088,2849,cast,5,Ward Abbott
1088,126,cast,6,Wombosi
1088,7562,cast,7,Zorn
1088,23563,cast,8,Research Tech
1088,12039,cast,9,Research Tech
1088,12221,cast,10,Nicolette
1088,17634,cast,11,Giancarlo
1088,22488,cast,12,Eamon
1088,5365,cast,13,Picot
1088,17222,cast,14,Castel
1088,5160,cast,15,Marshall
1088,5350,cast,16,Com Tech
1088,20208,cast,17,Manheim
1088,1508,cast,18,Security Chief
1088,9144,cast,19,Morgue Boss
1088,4943,cast,20,Consulate Clerk
1088,5890,director,1,
1088,22838,writer,1,
1088,23751,writer,2,
1088,19650,writer,3,
1089,15605,cast,1,Jason Bourne
1089,7400,cast,2,Marie
1089,11060,cast,3,Pamela Landy
1089,2849,cast,4,Ward Abbott
1089,12221,cast,5,Nicky
1089,12548,cast,6,Kirill
1089,7562,cast,7,Danny Zorn
1089,15407,cast,8,Jarda
1089,22677,cast,9,Tom Cronin
1089,11321,cast,10,Teddy
1089,6830,cast,11,Kurt
1089,16309,cast,12,Kim
1089,12493,cast,13,Gretkov
1089,22762,cast,14,Martin Marshall
1089,17513,cast,15,Irena Neski
1089,24066,cast,16,Mr. Neski
1089,15106,cast,17,Mrs. Neski
1089,22494,cast,18,Nevins
1089,20792,cast,19,Vic
1089,15768,cast,20,Ivan
1089,18013,director,1,
1089,19650,writer,1,
1089,22838,writer,2,
1090,15605,cast,1,Jason Bourne
1090,6108,cast,2,Paz
1090,11060,cast,3,Pam Landy
1090,12221,cast,4,Nicky Parsons
1090,5180,cast,5,Noah Vosen
1090,20716,cast,6,Ezra Kramer
1090,17708,cast,7,Simon Ross
1090,448,cast,8,Dr. Albert Hirsch
1090,22677,cast,9,Tom Cronin
1090,4432,cast,10,Wills
1090,4703,cast,11,Martin Kreutz
1090,11257,cast,12,Desh
1090,4370,cast,13,Neal Daniels
1090,4644,cast,14,Jimmy
1090,14410,cast,15,Lucy
1090,3029,cast,16,Technician
1090,1667,cast,17,Technician
1090,11616,cast,18,Technician
1090,20195,cast,19,Technician
1090,15173,cast,20,Betancourt
1090,18013,director,1,
1090,22838,writer,1,
1090,20749,writer,2,
1090,7866,writer,3,
1090,19650,writer,4,
1091,21365,cast,1,Mahito Maki
1091,15529,cast,2,The Grey Heron
1091,13231,cast,3,Kiriko
1091,248,cast,4,Himi
1091,24153,cast,5,Natsuko
1091,22045,cast,6,Shoichi Maki
1091,12760,cast,7,Maid #1
1091,12320,cast,8,Maid #2
1091,20693,cast,9,Maid #3
1091,12518,cast,10,Wara Wara
1091,21118,cast,11,Maid #4
1091,12324,cast,12,The Parakeet King
1091,12480,cast,13,Old Pelican
1091,21157,cast,14,Great-Uncle
1091,16886,cast,15,Additional Voice
1091,13212,cast,16,Additional Voice
1091,20296,cast,17,Additional Voice
1091,22047,cast,18,Additional Voice
1091,7597,cast,19,Additional Voice
1091,20585,cast,20,Additional Voice
1091,8747,director,1,
1091,8747,writer,1,
1092,6537,cast,1,Andrew Clark
1092,12148,cast,2,John Bender
1092,16669,cast,3,Claire Standish
1092,830,cast,4,Allison Reynolds
1092,18009,cast,5,Richard Vernon
1092,1522,cast,6,Brian Johnson
1092,11484,cast,7,Carl
1092,18243,cast,8,Allison's Father
1092,15440,cast,9,Brian's Sister
1092,19945,cast,10,Andy's Father
1092,22492,cast,11,Claire's Father
1092,7178,cast,12,Allison's Mom
1092,15910,cast,13,Brian's Mom
1092,11792,cast,14,Janitor
1092,11469,cast,15,Brian's Father
1092,11469,director,1,
1092,11469,writer,1,
1093,2727,cast,1,The Monster
1093,6474,cast,2,"Mary Wollstonecraft Shelley, The Monster's Mate"
1093,4352,cast,3,Henry Frankenstein
1093,23162,cast,4,Elizabeth
1093,6761,cast,5,Doctor Pretorius
1093,7695,cast,6,Lord Byron
1093,5912,cast,7,Percy Bysshe Shelley
1093,23096,cast,8,Minnie
1093,6233,cast,9,Burgomaster
1093,14382,cast,10,Butler
1093,17614,cast,11,Hermit
1093,5969,cast,12,Karl
1093,19081,cast,13,Hans
1093,15455,cast,14,Hans' Wife
1093,1396,cast,15,Shepherdess
1093,22169,cast,16,Ludwig
1093,19497,cast,17,Hunter in Woods
1093,17436,cast,18,Archbishop
1093,2505,cast,19,Baby
1093,7299,cast,20,Villager
1093,10080,director,1,
1093,15493,writer,1,
1093,23800,writer,2,
1093,11497,writer,3,
1093,11937,writer,4,
1093,13639,writer,5,
1093,19589,writer,6,
1093,18519,writer,7,
1093,22726,writer,8,
1093,19025,writer,9,
1093,6141,writer,10,
1093,16765,writer,11,
1094,23795,cast,1,Shears
1094,497,cast,2,Colonel Nicholson
1094,9664,cast,3,Major Warden
1094,20891,cast,4,Colonel Saito
1094,9933,cast,5,Major Clipton
1094,7764,cast,6,Lieutenant Joyce
1094,1062,cast,7,Colonel Green
1094,18453,cast,8,Captain Reeves
1094,11338,cast,9,Major Hughes
1094,18238,cast,10,Grogan
1094,8605,cast,11,Baker
1094,1321,cast,12,Nurse
1094,8790,cast,13,Captain Kanematsu
1094,12751,cast,14,Lieutenant Miura
1094,16783,cast,15,Yai
1094,23340,cast,16,Siamese Girl
1094,17127,cast,17,Siamese Girl
1094,10293,cast,18,Siamese Girl
1094,12476,cast,19,Siamese Girl
1094,23005,cast,20,Tokyo Rose
1094,5063,director,1,
1094,18604,writer,1,
1094,3208,writer,2,
1094,16229,writer,3,
1095,4297,cast,1,Robert Kincaid
1095,15933,cast,2,Francesca Johnson
1095,1448,cast,3,Carolyn Johnson
1095,23313,cast,4,Michael Johnson
1095,10927,cast,5,Richard Johnson
1095,20652,cast,6,Young Carolyn
1095,4067,cast,7,Young Michael
1095,18580,cast,8,Betty
1095,5295,cast,9,Madge
1095,19308,cast,10,Lawyer Peterson
1095,16298,cast,11,Lucy Redfield
1095,777,cast,12,Child #1
1095,2774,cast,13,Child #2
1095,18174,cast,14,Wife
1095,19028,cast,15,Husband
1095,22084,cast,16,Waitress #1
1095,2500,cast,17,Waitress #2
1095,1731,cast,18,Cashier
1095,13424,cast,19,Saleswoman
1095,13494,cast,20,UPS Driver
1095,4297,director,1,
1095,19309,writer,1,
1095,19634,writer,2,
1096,176,cast,1,László Tóth
1096,7049,cast,2,Erzsébet Tóth
1096,8433,cast,3,Harrison Lee Van Buren Sr.
1096,11150,cast,4,Harry Lee
1096,18825,cast,5,Zsófia
1096,21470,cast,6,Maggie Lee
1096,9486,cast,7,Gordon
1096,546,cast,8,Attila
1096,1650,cast,9,Older Zsofia
1096,16060,cast,10,Jim Simpson
1096,6581,cast,11,Audrey
1096,11810,cast,12,Leslie Woodrow
1096,18402,cast,13,Michael Hoffman
1096,14985,cast,14,Michelle Hoffman
1096,20407,cast,15,Orazio
1096,24324,cast,16,Teenage William
1096,3702,cast,17,Young William
1096,13904,cast,18,Hungarian Refugee
1096,2235,cast,19,Binyamin
1096,18314,cast,20,Habbi Zuniz
1096,2768,director,1,
1096,2768,writer,1,
1096,16677,writer,2,
1097,1832,cast,1,Evan
1097,981,cast,2,Kayleigh
1097,15892,cast,3,Andrea
1097,6297,cast,4,Lenny
1097,23810,cast,5,Tommy
1097,11585,cast,6,Evan at 13
1097,9455,cast,7,Kayleigh at 13
1097,13014,cast,8,Lenny at 13
1097,10808,cast,9,Tommy at 13
1097,14168,cast,10,Evan at 7
1097,20649,cast,11,Kayleigh at 7
1097,9847,cast,12,Lenny at 7
1097,3139,cast,13,Tommy at 7
1097,6688,cast,14,Mr. Miller
1097,3127,cast,15,Jason
1097,14208,cast,16,Mrs. Boswell
1097,17029,cast,17,Dr. Redfield
1097,11671,cast,18,Priest
1097,12896,cast,19,Mrs. Kagan
1097,22176,cast,20,Anchor
1097,6650,director,1,
1097,9591,director,2,
1097,6650,writer,1,
1097,9591,writer,2,
1098,13144,cast,1,Eom Joong-ho
1098,8463,cast,2,Jee Young-min
1098,24061,cast,3,Kim Mi-jin
1098,24118,cast,4,Eun-ji
1098,9375,cast,5,Detective Lee
1098,3852,cast,6,Chief of Police
1098,16513,cast,7,Team Chief
1098,9230,cast,8,Detective Oh
1098,2700,cast,9,Oh-jot
1098,23923,cast,10,Seong-hee
1098,10870,cast,11,Hee-jung
1098,11846,cast,12,Profiler
1098,24088,cast,13,Detective Kang
1098,20849,cast,14,Detective Park
1098,5436,cast,15,Detective Choi
1098,10689,cast,16,Detective Kim
1098,8017,cast,17,Prosecutor
1098,3532,cast,18,Connoisseur
1098,16725,cast,19,Police commissioner
1098,23926,cast,20,Detective 1
1098,16840,director,1,
1098,16840,writer,1,
1098,21099,writer,2,
1098,23917,writer,3,
1099,22473,cast,1,White Witch
1099,7931,cast,2,Lucy Pevensie
1099,23819,cast,3,Peter Pevensie
1099,21313,cast,4,Edmund Pevensie
1099,1366,cast,5,Susan Pevensie
1099,10015,cast,6,Mr. Tumnus
1099,10910,cast,7,Professor Kirke
1099,13175,cast,8,Ginarrbrik
1099,9919,cast,9,Father Christmas
1099,12184,cast,10,Mrs. Pevensie
1099,6390,cast,11,Mrs. Macready
1099,17895,cast,12,Oreius
1099,20944,cast,13,General Otmin
1099,2776,cast,14,Boy on Train
1099,3401,cast,15,Girl on Train
1099,16760,cast,16,Train Conductor
1099,21049,cast,17,Distraught Mother
1099,21851,cast,18,Distraught Mother
1099,14891,cast,19,Distraught Mother
1099,10305,cast,20,Soldier
1099,1119,director,1,
1099,1314,writer,1,
1099,1119,writer,2,
1099,4074,writer,3,
1099,21608,writer,4,
1099,4526,writer,5,
1100,22589,cast,1,Homer Wells
1100,3721,cast,2,Candy Kendall
1100,16004,cast,3,Dr. Wilbur Larch
1100,5346,cast,4,Mr. Rose
1100,18087,cast,5,Wally Worthington
1100,10136,cast,6,Nurse Edna
1100,12657,cast,7,Nurse Angela
1100,6786,cast,8,Rose Rose
1100,13078,cast,9,Buster
1100,12598,cast,10,Olive Worthington
1100,8774,cast,11,Peaches
1100,12409,cast,12,Muddy
1100,18169,cast,13,Mary Agnes
1100,11025,cast,14,Ray Kendall
1100,6893,cast,15,Jack
1100,10985,cast,16,Vernon
1100,14195,cast,17,Hero
1100,6718,cast,18,Fuzzy
1100,21445,cast,19,Curly
1100,20763,cast,20,Copperfield
1100,13517,director,1,
1100,11475,writer,1,
1101,15514,cast,1,Maryam Parvin Almani (Arezou)
1101,16939,cast,2,Nargess Mamizadeh Razlighi
1101,16659,cast,3,Zan
1101,6326,cast,4,Elham Saboktakin
1101,16707,cast,5,Monir
1101,14616,cast,6,Maedeh
1101,15507,cast,7,Havou (Parveneh)
1101,13060,cast,8,Madarbozorg
1101,17072,cast,9,Koodak (Negar)
1101,21362,cast,10,Khahar_e Pari
1101,7066,cast,11,Fereshteh (Pari)
1101,7010,cast,12,Madar (Nayer)
1101,20,cast,13,Father of Pari
1101,1854,cast,14,Haji
1101,20337,cast,15,Soldier
1101,9826,director,1,
1101,12456,writer,1,
1101,9826,writer,2,
1102,3593,cast,1,A Tramp
1102,15925,cast,2,The Proprietor's Step-Daughter Merna - A Circus Rider
1102,332,cast,3,The Circus Proprietor and Ring Master
1102,8661,cast,4,Rex - A Tight Rope Walker
1102,7811,cast,5,A Magician
1102,8887,cast,6,An Old Clown
1102,22569,cast,7,The Head Property Man
1102,11604,cast,8,An Assistant Property Man
1102,21689,cast,9,A Pickpocket
1102,437,cast,10,Clown
1102,3780,cast,11,Cop
1102,6843,cast,12,Cop
1102,9627,cast,13,Man in Circus Audience
1102,21489,cast,14,Cop
1102,8792,cast,15,Clown
1102,9389,cast,16,Oracle
1102,22889,cast,17,Man in Circus Audience
1102,9039,cast,18,Man in Circus Audience
1102,2371,cast,19,The Vanishing Lady
1102,23950,cast,20,Crowd
1102,3593,director,1,
1102,3593,writer,1,
1103,19967,cast,1,One
1103,4721,cast,2,Krank
1103,12175,cast,3,Miette
1103,5691,cast,4,"Le scaphandrier, Les clones"
1103,10377,cast,5,Marcello
1103,7744,cast,6,La Pieuvre
1103,17501,cast,7,La Pieuvre
1103,16560,cast,8,Mademoiselle Bismuth
1103,20859,cast,9,Gabriel Marie (Cyclops Leader)
1103,20165,cast,10,Peeler
1103,22466,cast,11,Ex-Acrobat
1103,11993,cast,12,Denree
1103,14776,cast,13,Lune
1103,2838,cast,14,Bottle
1103,18630,cast,15,Pipo
1103,667,cast,16,Tadpole
1103,13796,cast,17,Jeannot
1103,8364,cast,18,Child
1103,7264,cast,19,Killer
1103,5681,cast,20,Bogdan
1103,14790,director,1,
1103,10471,director,2,
1103,8064,writer,1,
1103,10471,writer,2,
1103,14790,writer,3,
1103,8367,writer,4,
1104,7258,cast,1,François Marin
1104,193,cast,2,Agame
1104,1247,cast,3,Angélica
1104,1751,cast,4,Arthur
1104,2736,cast,5,Boubacar
1104,3067,cast,6,Burak
1104,3219,cast,7,Carl
1104,3771,cast,8,Cherif
1104,4606,cast,9,Dalla
1104,4618,cast,10,Damien
1104,6791,cast,11,Esmeralda
1104,6884,cast,12,Eva
1104,8878,cast,13,Henriette
1104,12301,cast,14,Juliette
1104,12400,cast,15,Justine
1104,18793,cast,16,Khoumba
1104,13530,cast,17,Laura
1104,14306,cast,18,Louise
1104,14375,cast,19,Lucie
1104,16945,cast,20,Nassim
1104,13602,director,1,
1104,13602,writer,1,
1104,19775,writer,2,
1104,7258,writer,3,
1105,4809,cast,1,Albert
1105,23675,cast,2,Celie
1105,17616,cast,3,Sofia
1105,14884,cast,4,Shug Avery
1105,23721,cast,5,Harpo
1105,324,cast,6,Nettie
1105,5475,cast,7,Young Celie
1105,140,cast,8,Old Mr.
1105,18809,cast,9,Squeak
1105,4680,cast,10,Miss Millie
1105,13824,cast,11,Pa
1105,2256,cast,12,Grady
1105,11588,cast,13,Preacher
1105,3198,cast,14,Reverend Samuel
1105,21839,cast,15,Corrine
1105,10068,cast,16,Buster
1105,18562,cast,17,Mayor
1105,13588,cast,18,Swain
1105,18458,cast,19,Adam
1105,13758,cast,20,Olivia
1105,21733,director,1,
1105,15907,writer,1,
1105,741,writer,2,
1106,10420,cast,1,Marcello
1106,21522,cast,2,Giulia
1106,7689,cast,3,Manganiello
1106,5693,cast,4,Anna
1106,18609,cast,5,Lino
1106,6640,cast,6,Professor Quadri
1106,11929,cast,7,Italo
1106,7172,cast,8,Il colonnello
1106,24266,cast,9,Madre di Giulia
1106,16490,cast,10,Madre di Marcello
1106,8133,cast,11,Padre di Marcello
1106,1590,cast,12,Confessore
1106,545,cast,13,Cieco ubriaco
1106,15573,cast,14,Cieco
1106,3953,cast,15,Raoul
1106,18590,cast,16,Franz
1106,17792,cast,17,Marcello bambino
1106,8030,cast,18,Allievo Prof. Quadri
1106,11234,cast,19,Allievo Prof. Quadri
1106,3958,cast,20,Gipsy
1106,2307,director,1,
1106,474,writer,1,
1106,2307,writer,2,
1107,7725,cast,1,Harry Caul
1107,11370,cast,2,Stan
1107,819,cast,3,Bernie Moran
1107,7473,cast,4,Mark
1107,4148,cast,5,Ann
1107,16085,cast,6,Paul
1107,6396,cast,7,Meredith
1107,22241,cast,8,Amy
1107,8631,cast,9,Martin Stett
1107,15269,cast,10,Receptionist
1107,19710,cast,11,The Mime
1107,18565,cast,12,Lurleen
1107,18887,cast,13,Millard
1107,8020,cast,14,Boy in Church
1107,7818,cast,15,TV Anchor
1107,19573,cast,16,The Director
1107,19283,cast,17,"Confessional Priest, Security Guard"
1107,7860,cast,18,Salesman
1107,348,cast,19,Salesman at Surveillance Convention
1107,19993,cast,20,Hotel Desk Clerk
1107,7226,director,1,
1107,7226,writer,1,
1108,10915,cast,1,Edmond
1108,8433,cast,2,Fernand
1108,4027,cast,3,Maurice
1108,10349,cast,4,Luigi Vampa
1108,8418,cast,5,Mansion Owner
1108,2074,cast,6,Old Man Dantes
1108,8890,cast,7,Albert Mondego
1108,2901,cast,8,Casino Prostitute
1108,2808,cast,9,Viscount
1108,14660,cast,10,Partygoer No. 2
1108,4578,cast,11,Mercedes
1108,21530,cast,12,Partygoer No. 3
1108,9952,cast,13,Villefort
1108,17889,cast,14,Morrell
1108,14439,cast,15,Jacopo
1108,11189,cast,16,Partygoer No. 1
1108,19286,cast,17,Abbe Faria
1108,12620,cast,18,Julianne
1108,7467,cast,19,Colonel Villefort
1108,11994,cast,20,Gardener
1108,13043,director,1,
1108,644,writer,1,
1108,10335,writer,2,
1109,19337,cast,1,Self - Earth Island Institute
1109,14262,cast,2,"Self - Co-Founder, Oceanic Preservation Society"
1109,8590,cast,3,Self
1109,16095,cast,4,"Self - Institute of Antartica and Southern Ocean Studies, University of Tasmania"
1109,11734,cast,5,Self
1109,9251,cast,6,Self
1109,18112,cast,7,Self
1109,5884,cast,8,Self - U.S. Deputy Commissioner for the IWC
1109,4916,cast,9,"Self - Co-Founder, Surfers for Cetaceans"
1109,3633,cast,10,Self
1109,8749,cast,11,Self
1109,12729,cast,12,Self
1109,21264,cast,13,Self
1109,11166,cast,14,Self
1109,14741,cast,15,"Self, Freediver"
1109,13184,cast,16,"Self, Freediver"
1109,19897,cast,17,Self
1109,8967,cast,18,Self
1109,4648,cast,19,Self
1109,22296,cast,20,Self
1109,14262,director,1,
1109,15231,writer,1,
1110,2781,cast,1,Eric Draven
1110,16230,cast,2,Top Dollar
1110,19807,cast,3,Sarah
1110,6772,cast,4,Sgt. Albrecht
1110,1981,cast,5,Myca
1110,21348,cast,6,Shelly Webster
1110,1377,cast,7,Darla
1110,5120,cast,8,T-Bird
1110,1213,cast,9,Skank
1110,13595,cast,10,Tin Tin
1110,16133,cast,11,Funboy
1110,22879,cast,12,Grange
1110,11756,cast,13,Gideon
1110,2475,cast,14,Mickey
1110,14866,cast,15,Torres
1110,13138,cast,16,Annabella
1110,19812,cast,17,Lead Cop
1110,17454,cast,18,Roscoe
1110,10546,cast,19,Waldo
1110,8905,cast,20,MJ
1110,584,director,1,
1110,10030,writer,1,
1110,5043,writer,2,
1110,11640,writer,3,
1111,21617,cast,1,Fergus
1111,10338,cast,2,Dil
1111,7165,cast,3,Jody
1111,16555,cast,4,Jude
1111,149,cast,5,Maguire
1111,2796,cast,6,Tinker
1111,11213,cast,7,Eddie
1111,2560,cast,8,Tommy
1111,1100,cast,9,Jane
1111,10910,cast,10,Col
1111,18856,cast,11,Dave
1111,22877,cast,12,Deveroux
1111,9637,cast,13,Franknum
1111,12024,cast,14,Bar Performer 1
1111,20961,cast,15,Bar Performer 2
1111,3022,cast,16,Judge
1111,18976,cast,17,Security Man 1
1111,4979,cast,18,Security Man 2
1111,3654,cast,19,Bouncer
1111,17084,director,1,
1111,17084,writer,1,
1112,2755,cast,1,Benjamin Button
1112,3409,cast,2,Daisy
1112,22473,cast,3,Elizabeth Abbott
1112,12216,cast,4,Caroline
1112,7017,cast,5,Dorothy Baker
1112,6336,cast,6,Monsieur Gateau
1112,5801,cast,7,Blanche Devereux
1112,9760,cast,8,Martin Gateau
1112,6004,cast,9,Man at Train Station
1112,6044,cast,10,Teddy Roosevelt
1112,10254,cast,11,Thomas Button
1112,4829,cast,12,Priest Giving Last Rites
1112,5046,cast,13,Doctor at Benjamin's Birth
1112,11231,cast,14,Caroline Button
1112,22110,cast,15,Queenie
1112,14644,cast,16,Tizzy
1112,7108,cast,17,Mrs. Hollister
1112,17915,cast,18,Dr. Rose
1112,15141,cast,19,Mrs. Horton
1112,18320,cast,20,Benjamin 1928-31
1112,4997,director,1,
1112,6684,writer,1,
1112,19795,writer,2,
1112,6958,writer,3,
1113,4380,cast,1,Don Revie
1113,8899,cast,2,Manny Cussins
1113,5141,cast,3,Sam Bolton
1113,10999,cast,4,Keith Archer
1113,17560,cast,5,Nigel Clough
1113,20255,cast,6,Simon Clough
1113,16194,cast,7,Brian Clough
1113,15173,cast,8,Austin Mitchell
1113,22546,cast,9,Peter Taylor
1113,15725,cast,10,Jimmy Gordon
1113,21590,cast,11,Billy Bremner
1113,18389,cast,12,Johnny Giles
1113,15183,cast,13,Norman Hunter
1113,7380,cast,14,Younger Nigel Clough
1113,5987,cast,15,Younger Simon Clough
1113,21945,cast,16,Younger Elizabeth Clough
1113,6382,cast,17,Barbara Clough
1113,10910,cast,18,Sam Longson
1113,15217,cast,19,Groundsman
1113,13943,cast,20,Les Cocker
1113,22693,director,1,
1113,18395,writer,1,
1113,5123,writer,2,
1114,17686,cast,1,Francis
1114,176,cast,2,Peter
1114,10280,cast,3,Jack
1114,891,cast,4,Rita
1114,23505,cast,5,Brendan
1114,23571,cast,6,The Chief Steward
1114,9468,cast,7,The Father
1114,2060,cast,8,The Mechanic
1114,3154,cast,9,Alice
1114,2464,cast,10,The Businessman
1114,1289,cast,11,Patricia
1114,1617,cast,12,Taxi Driver
1114,13340,cast,13,Old Man
1114,4608,cast,14,Waiter
1114,23001,cast,15,German Lady #1
1114,14938,cast,16,German Lady #2
1114,9035,cast,17,Electronics Vendor
1114,13199,cast,18,Shoe Vendor
1114,2393,cast,19,Pepper Spray Vendor
1114,16790,cast,20,Pet Shop Vendor
1114,23655,director,1,
1114,23655,writer,1,
1114,19926,writer,2,
1114,10280,writer,3,
1115,10930,cast,1,"Jen, a Gelfling (performer), High Priest, Ritual Master (performer)"
1115,12654,cast,2,"Kira, a Gelfling (performer)"
1115,7361,cast,3,"Aughra, a Keeper Of Secrets (performer), Chamberlain (performer)"
1115,4905,cast,4,"Fizzgig, a Friendly Monster (performer), General, Garthim Master (performer)"
1115,21706,cast,5,Scientist (performer)
1115,14305,cast,6,Gourmand (performer)
1115,2877,cast,7,"Ornamentalist (performer and voice), Urzah (performer), Dying Master (performer and voice)"
1115,2644,cast,8,"Historian, Scrollkeeper (performer)"
1115,16424,cast,9,Slave Master (performer)
1115,22514,cast,10,Treasurer (performer)
1115,10463,cast,11,Mystic Weaver (performer)
1115,9174,cast,12,"Mystic Cook (performer), Landstrider (performer)"
1115,19489,cast,13,"Mystic Numerologist (performer), Landstrider (performer)"
1115,21929,cast,14,"Mystic Hunter (performer), Landstrider (performer)"
1115,21267,cast,15,Mystic Chanter (performer)
1115,9215,cast,16,Mystic Scribe (performer)
1115,22601,cast,17,Mystic Alchemist (performer)
1115,5016,cast,18,Mystic Healer (performer)
1115,19362,cast,19,Mystic Healer (performer)
1115,13175,cast,20,Additional Performer
1115,10930,director,1,
1115,7361,director,2,
1115,5109,writer,1,
1115,10930,writer,2,
1116,3955,cast,1,Bruce Wayne
1116,8763,cast,2,Joker
1116,5,cast,3,Harvey Dent
1116,16004,cast,4,Alfred
1116,14633,cast,5,Rachel
1116,7666,cast,6,Gordon
1116,16740,cast,7,Lucius Fox
1116,16702,cast,8,Ramirez
1116,19945,cast,9,Wuertz
1116,4143,cast,10,Scarecrow
1116,3821,cast,11,Lau
1116,17119,cast,12,Mayor
1116,6682,cast,13,Maroni
1116,19455,cast,14,Chechen
1116,1522,cast,15,Engel
1116,12800,cast,16,Stephens
1116,4365,cast,17,Loeb
1116,12063,cast,18,Reese
1116,15872,cast,19,Barbara Gordon
1116,17015,cast,20,James Gordon
1116,4088,director,1,
1116,11829,writer,1,
1116,4088,writer,2,
1116,5145,writer,3,
1116,2636,writer,4,
1117,4102,cast,1,Johnny Smith
1117,2943,cast,2,Sarah Bracknell
1117,22734,cast,3,Sheriff Bannerman
1117,8927,cast,4,Dr. Sam Weizak
1117,1551,cast,5,Roger Stuart
1117,4373,cast,6,Henrietta Dodd
1117,15386,cast,7,Greg Stillson
1117,17149,cast,8,Frank Dodd
1117,20794,cast,9,Herb Smith
1117,9728,cast,10,Vera Smith
1117,8009,cast,11,Sonny Elliman
1117,19751,cast,12,Alma Frechette
1117,21261,cast,13,Chris Stuart
1117,18322,cast,14,Dardis
1117,12249,cast,15,Amy
1117,2080,cast,16,Walt
1117,18826,cast,17,Denny #1
1117,12884,cast,18,Vice President
1117,8217,cast,19,Five-Star General
1117,2425,cast,20,Secretary of State
1117,4980,director,1,
1117,21598,writer,1,
1117,10588,writer,2,
1118,5874,cast,1,Sandu Sterian
1118,16686,cast,2,Mariana
1118,752,cast,3,Dr. Zamfir
1118,5828,cast,4,Ambulantier
1118,16505,cast,5,Dr. Mirica
1118,16366,cast,6,Dr. Breslasu
1118,5920,cast,7,Misu
1118,19534,cast,8,Robert
1118,4638,cast,9,Medic triaj Spitalui Universitar
1118,16562,cast,10,Marioara
1118,13536,cast,11,"Medic ecograf, Spitalui Sf. Spiridon"
1118,4676,cast,12,Mihaela Sterian
1118,2689,cast,13,"Medic, Spitalui Sf. Spiridon"
1118,657,cast,14,"Brancardier, Spitalui Sf. Spiridon"
1118,9418,cast,15,Mr. Lazarescu (Domnui Lazarescu)
1118,14482,cast,16,Mioara Avram
1118,7153,cast,17,"Asistenta, Spitalui Sf. Spiridon"
1118,23024,cast,18,Dr. Kelemen
1118,19836,cast,19,"Asistenta, Spitalui Universitar"
1118,3502,cast,20,"Asistenta, Spitalui Filaret"
1118,4510,director,1,
1118,4510,writer,1,
1118,19024,writer,2,
1119,21653,cast,1,Nikita Khrushchev
1119,21285,cast,2,Lavrenti Beria
1119,10605,cast,3,Georgy Malenkov
1119,1088,cast,4,Svetlana
1119,17529,cast,5,Maria Veniaminovna Yudina
1119,22643,cast,6,Sergei
1119,17708,cast,7,Andreyev
1119,12375,cast,8,Spartak Sokolov (Conductor 1)
1119,158,cast,9,Josef Stalin
1119,16155,cast,10,Vyacheslav Molotov
1119,18078,cast,11,NKVD Officer Delov
1119,12215,cast,12,Woman in Layers of Clothes
1119,1107,cast,13,Man in Layers of Clothes
1119,19860,cast,14,Musician 1
1119,10712,cast,15,Musician 2
1119,1197,cast,16,Citizen Bundled into Car
1119,17522,cast,17,Young Man Snitch
1119,20191,cast,18,Middle Aged Man
1119,791,cast,19,Middle Aged Wife
1119,17178,cast,20,Boris Bresnavich (Conductor 2)
1119,1690,director,1,
1119,6967,writer,1,
1119,22373,writer,2,
1119,1690,writer,3,
1119,5153,writer,4,
1119,9269,writer,5,
1119,18332,writer,6,
1120,6860,cast,1,Self - Light Bulb Kid
1120,716,cast,2,Themselves
1120,2573,cast,3,Themselves
1120,3441,cast,4,Themselves
1120,4153,cast,5,Themselves
1120,7033,cast,6,Themselves
1120,22328,cast,7,Themselves
1120,23952,cast,8,X
1120,23602,cast,9,Self - Owner - Club 88
1120,2813,cast,10,Self - Owner - Masque
1120,8296,cast,11,Self - Black Flag (Guitar)
1120,4116,cast,12,Self - Black Flag (Bass)
1120,19799,cast,13,Self - Black Flag (Drums)
1120,19969,cast,14,Self - Black Flag (Vocals)
1120,17268,cast,15,Self - Germs' Manager
1120,4842,cast,16,Self - Germs (Vocals)
1120,16297,cast,17,Self - Darby Crash's Roommate
1120,17820,cast,18,Self - Germs (Guitar)
1120,14232,cast,19,Self - Germs (Bass)
1120,5709,cast,20,Self - Germs (Drums)
1120,18212,director,1,
1121,19561,cast,1,Michael
1121,4102,cast,2,Nick
1121,11370,cast,3,Stan
1121,11632,cast,4,Steven
1121,15933,cast,5,Linda
1121,7819,cast,6,John
1121,4115,cast,7,Axel
1121,21141,cast,8,Steven's Mother
1121,20226,cast,9,Angela
1121,18635,cast,10,Julien
1121,14609,cast,11,Axel's Girl
1121,989,cast,12,Bridesmaid
1121,15427,cast,13,Stan's Girl
1121,19306,cast,14,Linda's Father
1121,11187,cast,15,Bandleader
1121,4038,cast,16,Wedding Man
1121,23323,cast,17,Sad Looking Girl
1121,9705,cast,18,Cold Old Man
1121,11224,cast,19,Bingo Caller
1121,8831,cast,20,Helen
1121,16016,director,1,
1121,16016,writer,1,
1121,5455,writer,2,
1121,14277,writer,3,
1121,18758,writer,4,
1121,15933,writer,5,
1122,4720,cast,1,Morán
1122,6796,cast,2,Román
1122,14922,cast,3,Norma
1122,7984,cast,4,"Del Toro, Garrincha"
1122,5605,cast,5,brother Pedro
1122,13554,cast,6,Laura Ortega
1122,15005,cast,7,Marianela
1122,7568,cast,8,Flor
1122,3475,cast,9,Morna
1122,10303,cast,10,Ramón
1122,13416,cast,11,Isnardi
1122,9241,cast,12,Barrientos
1122,215,cast,13,Vespucio
1122,167,cast,14,Clienta del Banco
1122,6962,cast,15,Maestro Zen
1122,1901,cast,16,Aurora
1122,13809,cast,17,León
1122,17702,cast,18,Guardia 1
1122,11794,cast,19,Carbajal
1122,7248,cast,20,Toni
1122,19849,director,1,
1122,19849,writer,1,
1123,13839,cast,1,Billy
1123,15605,cast,2,Colin
1123,9692,cast,3,Costello
1123,15264,cast,4,Dignam
1123,15386,cast,5,Queenan
1123,18993,cast,6,Mr. French
1123,23235,cast,7,Madolyn
1123,1484,cast,8,Brown
1123,492,cast,9,Ellerby
1123,13004,cast,10,Cousin Sean
1123,9884,cast,11,Barrigan
1123,5111,cast,12,Fitzy
1123,15244,cast,13,Delahunt
1123,19730,cast,14,Lazio (FBI)
1123,13291,cast,15,Gwen
1123,22386,cast,16,Governor
1123,19292,cast,17,Uncle Edward
1123,10352,cast,18,Realtor
1123,15470,cast,19,Billy's Aunt
1123,18188,cast,20,Mrs. Kennefick
1123,15383,director,1,
1123,23818,writer,1,
1123,404,writer,2,
1123,7053,writer,3,
1124,13427,director,1,
1124,5183,writer,1,
1124,13427,writer,2,
1125,7805,cast,1,Matt King
1125,20931,cast,2,Alexandra King
1125,892,cast,3,Scottie King
1125,17198,cast,4,Sid
1125,17846,cast,5,Elizabeth King
1125,8240,cast,6,Scottie's Teacher
1125,13104,cast,7,School Counselor
1125,12507,cast,8,Barb Higgins
1125,3295,cast,9,Lani Higgins
1125,12692,cast,10,Matt's Secretary Noe
1125,2139,cast,11,Cousin Hugh
1125,15603,cast,12,Cousin Ralph
1125,15609,cast,13,Cousin Hal
1125,16153,cast,14,Cousin Milo
1125,21507,cast,15,Cousin Stan
1125,11754,cast,16,Cousin Six
1125,9159,cast,17,Cousin Wink
1125,22462,cast,18,Cousin Connie
1125,22714,cast,19,Cousin Dave
1125,16497,cast,20,Dr. Johnston
1125,620,director,1,
1125,620,writer,1,
1125,16951,writer,2,
1125,10955,writer,3,
1125,12692,writer,4,
1126,21003,cast,1,Sarah
1126,16973,cast,2,Juno
1126,587,cast,3,Beth
1126,20671,cast,4,Rebecca
1126,16823,cast,5,Sam
1126,17415,cast,6,Holly
1126,17550,cast,7,Paul
1126,16666,cast,8,Jessica
1126,4485,cast,9,Crawler - Scar
1126,13890,cast,10,Crawler
1126,15187,cast,11,Crawler
1126,21601,cast,12,Crawler
1126,3421,cast,13,Crawler
1126,12261,cast,14,Crawler
1126,21424,cast,15,Crawler
1126,22994,cast,16,Crawler
1126,21777,cast,17,Crawler
1126,12377,cast,18,Crawler
1126,17086,director,1,
1126,17086,writer,1,
1127,12739,cast,1,Kevin Lomax
1127,349,cast,2,John Milton
1127,3721,cast,3,Mary Ann Lomax
1127,10597,cast,4,Eddie Barzoon
1127,12165,cast,5,Mrs. Alice Lomax
1127,4398,cast,6,Christabella Andreoli
1127,4498,cast,7,Alexander Cullen
1127,22067,cast,8,Mrs. Jackie Heath
1127,20135,cast,9,Leamon Heath
1127,5295,cast,10,Pam Garrety
1127,23478,cast,11,Mitch Weaver - Justice Department
1127,13544,cast,12,Melissa Black
1127,17731,cast,13,Mrs. Diana Barzoon
1127,7900,cast,14,Meisel
1127,3865,cast,15,Lloyd Gettys
1127,4396,cast,16,Mrs. Bernice Gettys
1127,11789,cast,17,Gettys' Son
1127,8771,cast,18,Barbara
1127,16803,cast,19,Barbara's Father
1127,13786,cast,20,Florida Prosecutor
1127,22148,director,1,
1127,1157,writer,1,
1127,11815,writer,2,
1127,22838,writer,3,
1128,15145,cast,1,Carmen
1128,6163,cast,2,Jacinto
1128,7038,cast,3,Dr. Casares
1128,7090,cast,4,Carlos
1128,9409,cast,5,Jaime
1128,9451,cast,6,Conchita
1128,11922,cast,7,Marcelo
1128,7238,cast,8,El Puerco
1128,12351,cast,9,Santi
1128,2329,cast,10,Alma
1128,153,cast,11,Gálvez
1128,4722,cast,12,Marcos
1128,16361,cast,13,
1128,12117,cast,14,
1128,10296,cast,15,Búho
1128,23292,cast,16,
1128,11919,cast,17,
1128,852,cast,18,
1128,11772,cast,19,
1128,4713,cast,20,
1128,8373,director,1,
1128,8373,writer,1,
1128,1600,writer,2,
1128,5102,writer,3,
1129,2162,cast,1,Minnie
1129,626,cast,2,Monroe
1129,13294,cast,3,Charlotte
1129,4080,cast,4,Pascal
1129,23875,cast,5,Domino the Cat
1129,30,cast,6,Gretel
1129,16550,cast,7,Andrea
1129,3381,cast,8,Michael Cocaine
1129,11583,cast,9,Burt
1129,14587,cast,10,Kimmie
1129,1907,cast,11,Ricky Wasserman
1129,18760,cast,12,Chuck
1129,5230,cast,13,Arnie
1129,3651,cast,14,Cool English Teacher
1129,4998,cast,15,Old Hippie
1129,21881,cast,16,Voice of Aline Kominsky
1129,2653,cast,17,Man on Docks
1129,1549,cast,18,Frankie
1129,12062,cast,19,Drag Queen
1129,14920,cast,20,Tabatha
1129,15068,director,1,
1129,18569,writer,1,
1129,15068,writer,2,
1130,7087,cast,1,Don Rafael Acosta
1130,5344,cast,2,Simone Thévenot
1130,18005,cast,3,François Thévenot
1130,3062,cast,4,Florence
1130,21541,cast,5,Alice Sénéchal
1130,10467,cast,6,Henri Sénéchal
1130,12279,cast,7,Monsignor Dufour
1130,16472,cast,8,Ines
1130,14964,cast,9,Guerrilla
1130,4225,cast,10,Colonel
1130,16793,cast,11,Peasant
1130,18625,cast,12,Police Sergeant
1130,7269,cast,13,Inspector Delecluze
1130,16269,cast,14,Interior Minister
1130,6424,cast,15,
1130,3956,cast,16,Lt. Hubert de Rochcahin
1130,17579,cast,17,
1130,19520,cast,18,
1130,1418,cast,19,
1130,10446,cast,20,
1130,14435,director,1,
1130,14435,writer,1,
1130,10375,writer,2,
1131,15585,cast,1,Jean-Do
1131,6600,cast,2,Céline
1131,15048,cast,3,Henriette Roi
1131,1395,cast,4,Claude
1131,17874,cast,5,Le Docteur Lepage
1131,17277,cast,6,Roussin
1131,17518,cast,7,Marie Lopez
1131,10467,cast,8,Père Lucien et le Vendeur
1131,15101,cast,9,Joséphine
1131,15764,cast,10,Papinou
1131,7976,cast,11,Le Docteur Cocheton
1131,22349,cast,12,Théophile
1131,7113,cast,13,Céleste
1131,22057,cast,14,Hortense
1131,9486,cast,15,Laurent
1131,6570,cast,16,L'Impératrice Eugénie
1131,10461,cast,17,Le Docteur Mercier et Nortier de Villefort
1131,17245,cast,18,Nijinski
1131,1385,cast,19,Betty
1131,7281,cast,20,Madame Bauby
1131,12239,director,1,
1131,19992,writer,1,
1131,10391,writer,2,
1132,9443,cast,1,"Weronika, Véronique"
1132,23905,cast,2,Le père de Weronika
1132,8510,cast,3,La Tante
1132,12446,cast,4,La femme barjolée
1132,516,cast,5,Le chef d'orchestre
1132,10783,cast,6,Antek
1132,10210,cast,7,L'avocat
1132,18557,cast,8,Alexandre Fabbri
1132,20558,cast,9,Catherine
1132,14275,cast,10,Le professeur
1132,4215,cast,11,Le père de Véronique
1132,14240,cast,12,Claude
1132,8365,cast,13,Serge
1132,8067,cast,14,Jean-Pierre
1132,364,cast,15,Le facteur
1132,24177,cast,16,Le cheminot
1132,22370,cast,17,Le prof
1132,3548,cast,18,La réceptionniste
1132,17035,cast,19,Nicole
1132,2693,cast,20,La femme au chapeau
1132,13328,director,1,
1132,13328,writer,1,
1132,13331,writer,2,
1133,21218,cast,1,Cynthia
1133,16696,cast,2,Lorna
1133,3798,cast,3,Evelyn
1133,12569,cast,4,Dr. Lurida
1133,24362,cast,5,Dr. Schuller
1133,8346,cast,6,Dr. in Audience
1133,6818,cast,7,Dr. Viridana
1133,7014,cast,8,The Carpenter
1133,6864,cast,9,"Dr. Fraxini, The Scream"
1133,18432,director,1,
1133,18432,writer,1,
1134,1987,cast,1,Nejat Aksu
1134,8395,cast,2,Sohn des Tankstelleninhabers
1134,3501,cast,3,Tankstelleninhaber
1134,23030,cast,4,Ali Aksu
1134,17480,cast,5,Yeter Öztürk
1134,17476,cast,6,Ayten Öztürk
1134,9311,cast,7,Ärztin
1134,6741,cast,8,Cousin Ufuk
1134,23035,cast,9,Cem
1134,6296,cast,10,Elcim
1134,17481,cast,11,Nurten
1134,1852,cast,12,Türkan
1134,8198,cast,13,Junger Polizeibeamter
1134,17096,cast,14,Kommissar
1134,13511,cast,15,Herr Obermüller
1134,697,cast,16,Zivilpolizist 1. Mai
1134,16864,cast,17,Frau im Treppenhaus
1134,20914,cast,18,Nurhan
1134,17693,cast,19,Gefangene
1134,8197,cast,20,Gefangene
1134,7011,director,1,
1134,7011,writer,1,
1135,1516,cast,1,Dr. Frederick Treves
1135,11471,cast,2,John Merrick
1135,1387,cast,3,Mrs. Kendal
1135,11439,cast,4,Carr Gomm
1135,23641,cast,5,Mothershead
1135,7467,cast,6,Bytes
1135,16056,cast,7,Night Porter
1135,8560,cast,8,Mrs. Treves
1135,8827,cast,9,Princess Alex
1135,11650,cast,10,Fox
1135,5492,cast,11,Bytes' Boy
1135,13865,cast,12,Nora
1135,18571,cast,13,Merrick's Mother
1135,17802,cast,14,Fairground Bobby
1135,4165,cast,15,Fat Lady
1135,17628,cast,16,Skeleton Man
1135,17933,cast,17,Distraught Woman
1135,7490,cast,18,Alderman
1135,21760,cast,19,Fire Eater
1135,19295,cast,20,Hodges
1135,5077,director,1,
1135,4042,writer,1,
1135,6647,writer,2,
1135,5077,writer,3,
1135,7491,writer,4,
1135,1821,writer,5,
1136,13940,cast,1,Self - Narrator
1136,12226,cast,2,Self (Grandson of expedition member)
1136,11331,cast,3,Self (Grandson of expedition member)
1136,4967,cast,4,Hubert Hudson
1136,11455,cast,5,William Bakewell
1136,15443,cast,6,Self (daughter of Tom Crean)
1136,22655,cast,7,Self
1136,21717,cast,8,"Alexander Macklin, 'Chippy' McNish, James Wordie"
1136,2851,cast,9,Frank Wild
1136,10591,cast,10,Crewman
1136,5924,cast,11,Frank Hurley
1136,5673,cast,12,Thomas Orde-Lees
1136,23541,cast,13,Self
1136,19913,cast,14,Self (historian)
1136,13820,cast,15,Self
1136,19955,cast,16,Walter How
1136,22713,cast,17,Self (Grandson of McNish)
1136,21282,cast,18,Ernest Shackleton
1136,18082,cast,19,Frank Worsley
1136,6759,cast,20,Self
1136,7795,director,1,
1136,3342,writer,1,
1136,11969,writer,2,
1137,18863,cast,1,Almásy
1137,12300,cast,2,Hana
1137,23724,cast,3,Caravaggio
1137,13304,cast,4,Katharine Clifton
1137,17039,cast,5,Kip
1137,4355,cast,6,Geoffrey Clifton
1137,12241,cast,7,Madox
1137,12361,cast,8,Major Muller
1137,13053,cast,9,Hardy
1137,4309,cast,10,Fenelon-Barnes
1137,17343,cast,11,D'Agostino
1137,8959,cast,12,Fouad
1137,18411,cast,13,Bermann
1137,7773,cast,14,Oliver
1137,22897,cast,15,Mary
1137,13964,cast,16,Jan
1137,19008,cast,17,Rupert Douglas
1137,18533,cast,18,Corporal Dade
1137,13722,cast,19,Spalding
1137,1543,cast,20,Beach Interrogation Officer
1137,1524,director,1,
1137,16151,writer,1,
1137,1524,writer,2,
1138,2965,cast,1,Ashley 'Ash' J. Williams
1138,6437,cast,2,Cheryl
1138,19253,cast,3,Scott
1138,2352,cast,4,Linda
1138,22364,cast,5,Shelly
1138,18490,cast,6,Fake Shemp
1138,22187,cast,7,Fake Shemp
1138,5868,cast,8,Fake Shemp
1138,9558,cast,9,Fake Shemp
1138,3775,cast,10,Fake Shemp
1138,2487,cast,11,Fake Shemp
1138,2015,cast,12,Fake Shemp
1138,15436,cast,13,Fake Shemp
1138,5035,cast,14,Fake Shemp
1138,20738,cast,15,Fake Shemp
1138,23625,cast,16,Fake Shemp
1138,11353,cast,17,Fake Shemp
1138,5729,cast,18,Fake Shemp
1138,11116,cast,19,Fake Shemp
1138,21766,cast,20,Fake Shemp
1138,20446,director,1,
1138,20446,writer,1,
1139,6425,cast,1,Chris MacNeil
1139,15764,cast,2,Father Merrin
1139,14015,cast,3,Regan
1139,13706,cast,4,Lt. Kinderman
1139,13210,cast,5,Sharon
1139,9681,cast,6,Burke Dennings
1139,10266,cast,7,Father Karras
1139,23824,cast,8,Father Dyer
1139,2106,cast,9,Dr. Klein
1139,18387,cast,10,Dr. Barringer - Clinic Director
1139,20150,cast,11,Karl
1139,8090,cast,12,Willi
1139,19721,cast,13,Dr. Taney
1139,1781,cast,14,Psychiatrist
1139,22390,cast,15,Tom - President of University
1139,23211,cast,16,Karras' Mother
1139,22579,cast,17,Karras' Uncle
1139,11524,cast,18,Language Lab Director
1139,23503,cast,19,Bishop Michael
1139,19950,cast,20,"Chuck - Assistant Director, Demonic Voice"
1139,23786,director,1,
1139,23826,writer,1,
1140,16316,cast,1,Mitzi Fabelman
1140,7560,cast,2,Sammy Fabelman
1140,17988,cast,3,Burt Fabelman
1140,12146,cast,4,Uncle Boris
1140,20897,cast,5,Bennie Loewy
1140,15579,cast,6,Younger Sammy Fabelman
1140,12744,cast,7,Natalie Fabelman
1140,753,cast,8,Younger Natalie Fabelman
1140,12202,cast,9,Reggie Fabelman
1140,2559,cast,10,Younger Reggie Fabelman
1140,21410,cast,11,Lisa Fabelman
1140,10525,cast,12,Hadassah Fabelman
1140,19772,cast,13,Tina Schildkraut
1140,20447,cast,14,Logan Hall
1140,17488,cast,15,Chad Thomas
1140,3836,cast,16,Monica Sherwood
1140,9501,cast,17,Claudia Denning
1140,3538,cast,18,Renee
1140,8408,cast,19,Sal
1140,17238,cast,20,Hark
1140,21733,director,1,
1140,21733,writer,1,
1140,22854,writer,2,
1141,10543,cast,1,Jack Baker
1141,16310,cast,2,Susie Diamond
1141,2139,cast,3,Frank Baker
1141,6447,cast,4,Nina
1141,23954,cast,5,Lloyd
1141,4593,cast,6,Charlie
1141,12872,cast,7,Ray
1141,450,cast,8,Henry
1141,22250,cast,9,Girl in Bed
1141,8326,cast,10,Vince Nancy
1141,2759,cast,11,Earl
1141,4974,cast,12,Kid at Vet
1141,22614,cast,13,Theo
1141,10572,cast,14,Hotel Masseuse
1141,16905,cast,15,Laughing Bar Patron
1141,2156,cast,16,Waitress
1141,5331,cast,17,Man with Cleaver
1141,9115,cast,18,Bathroom Attendant
1141,21780,cast,19,Veterinarian
1141,19622,cast,20,Doorman
1141,21680,director,1,
1141,21680,writer,1,
1142,11876,cast,1,Delilah
1142,4261,cast,2,Stokely
1142,13545,cast,3,Marybeth
1142,12040,cast,4,Zeke
1142,21009,cast,5,Stan
1142,20395,cast,6,Nurse Harper
1142,6989,cast,7,Miss Burke
1142,18664,cast,8,Mrs. Olson
1142,4078,cast,9,Casey's Dad
1142,2148,cast,10,Principal Drake
1142,19677,cast,11,Coach Willis
1142,23107,cast,12,Gabe
1142,11764,cast,13,Mr. Furlong
1142,4766,cast,14,Mr. Tate
1142,6344,cast,15,Casey
1142,21824,cast,16,F'%# You Girl
1142,11738,cast,17,F'%# You Boy
1142,21876,cast,18,Mrs. Brummel
1142,18257,cast,19,Meat
1142,22560,cast,20,Tattoo Girl
1142,19697,director,1,
1142,5206,writer,1,
1142,2980,writer,2,
1142,13054,writer,3,
1143,13718,cast,1,"Roy Walker, Masked Bandit"
1143,3450,cast,2,Alexandria
1143,12399,cast,3,"Nurse Evelyn, Sister Evelyn"
1143,13139,cast,4,"Doctor, Alexander the Great"
1143,240,cast,5,Alexander's Messenger
1143,20776,cast,6,Walt Purdy
1143,19989,cast,7,Otto
1143,1161,cast,8,Mr. Sabatini
1143,16094,cast,9,Dr. Whitaker
1143,8278,cast,10,Father Augustine
1143,6516,cast,11,"Alexandria's Father, Black Bandit"
1143,19793,cast,12,"Luigi, One Legged Actor"
1143,10538,cast,13,"Indian, Orange Picker"
1143,13784,cast,14,"Darwin, Orderly"
1143,14877,cast,15,"Otta Benga, Ice Delivery Man"
1143,1946,cast,16,Indian's Bride
1143,12227,cast,17,"Mystic, Orange Picker"
1143,12983,cast,18,Chief Mystic
1143,3156,cast,19,Crying Woman
1143,6488,cast,20,Alexandria's Mother
1143,22119,director,1,
1143,4647,writer,1,
1143,17225,writer,2,
1143,22119,writer,3,
1143,23145,writer,4,
1144,18871,cast,1,Baines
1144,16289,cast,2,Julie
1144,21379,cast,3,Mrs. Baines
1144,2674,cast,4,Phillipe
1144,5374,cast,5,Inspector Crowe
1144,9664,cast,6,Detective Ames
1144,23536,cast,7,Dr. Fenton
1144,4689,cast,8,Mrs. Patterson
1144,11090,cast,9,Mrs. Barrow
1144,12494,cast,10,First Secretary
1144,7971,cast,11,Ambassador
1144,22896,cast,12,Policeman
1144,9971,cast,13,Perry
1144,7766,cast,14,Detective Davis
1144,2299,cast,15,Detective Hart
1144,11624,cast,16,Dr. Wilson
1144,8745,cast,17,Clock Winder
1144,5821,cast,18,Rose
1144,7899,cast,19,Police Sergeant
1144,19544,cast,20,Policeman
1144,3326,director,1,
1144,8262,writer,1,
1144,13868,writer,2,
1144,23854,writer,3,
1145,21191,cast,1,Nai Nai
1145,1930,cast,2,Billi
1145,23953,cast,3,Suze
1145,9066,cast,4,Little Nai Nai
1145,9065,cast,5,Doctor Wu
1145,23071,cast,6,Haiyan
1145,5513,cast,7,Lu Jian
1145,24010,cast,8,Mr. Li
1145,2150,cast,9,Shirley
1145,24113,cast,10,Uncle Haibin
1145,8533,cast,11,Hao Hao
1145,1614,cast,12,Aiko
1145,23973,cast,13,Aunty Ling
1145,9071,cast,14,Aunty Gao
1145,21090,cast,15,Michael
1145,11013,cast,16,Gu Gu
1145,11014,cast,17,Bao
1145,23967,cast,18,Wedding Coordinator
1145,21072,cast,19,Big Chef
1145,14006,cast,20,Reception at Massage Parlor
1145,14480,director,1,
1145,14480,writer,1,
1146,7323,cast,1,Self
1146,3369,cast,2,Self
1146,11364,cast,3,Self
1146,13648,cast,4,Self
1146,22536,cast,5,Self
1146,6208,cast,6,Self
1146,17213,cast,7,Self
1146,13505,cast,8,Self
1146,3645,cast,9,Self
1146,7176,cast,10,Self
1146,9944,cast,11,Self
1146,7344,cast,12,Self
1146,21904,cast,13,Self
1146,11750,cast,14,Self
1146,8783,cast,15,Self
1146,3177,cast,16,Self
1146,1147,cast,17,Self
1146,4912,cast,18,Self
1146,7086,cast,19,Self
1146,14027,cast,20,Self
1146,6505,director,1,
1146,6505,writer,1,
1147,1516,cast,1,Anthony
1147,17565,cast,2,Anne
1147,15205,cast,3,The Man
1147,17576,cast,4,The Woman
1147,9370,cast,5,Laura
1147,20167,cast,6,Paul
1147,1945,cast,7,Dr Sarai
1147,19931,cast,8,Boy
1147,137,cast,9,Passerby
1147,2889,cast,10,Hospital Visitor
1147,6937,cast,11,Lucy
1147,7150,director,1,
1147,4056,writer,1,
1147,7150,writer,2,
1148,17565,cast,1,Queen Anne
1148,6586,cast,2,Abigail
1148,18800,cast,3,Lady Sarah
1148,17160,cast,4,Harley
1148,6571,cast,5,Queen's Maid
1148,7029,cast,6,Sarah's Maid
1148,18101,cast,7,Wanking Man
1148,10669,cast,8,Mrs Meg
1148,13992,cast,9,Sally
1148,5387,cast,10,Kitchen Servant
1148,10059,cast,11,Godolphin
1148,15205,cast,12,Lord Marlborough
1148,9086,cast,13,Fastest Duck in the City
1148,23725,cast,14,Central Tory Booker
1148,6166,cast,15,Earl of Stratford
1148,3371,cast,16,Madam Tournee
1148,11514,cast,17,Eviction Courtier
1148,6921,cast,18,"Servant, Upstairs"
1148,2113,cast,19,Footman #2
1148,5304,cast,20,Footman #4
1148,24126,director,1,
1148,5277,writer,1,
1148,22862,writer,2,
1149,2999,cast,1,Korben Dallas
1149,16486,cast,2,Leeloo
1149,7666,cast,3,Zorg
1149,9263,cast,4,Cornelius
1149,3937,cast,5,Ruby Rhod
1149,14469,cast,6,Billy
1149,2927,cast,7,General Munro
1149,22701,cast,8,President Lindberg
1149,13694,cast,9,Fog
1149,3699,cast,10,David
1149,22981,cast,11,Right Arm
1149,11570,cast,12,General Staedert
1149,11334,cast,13,Professor Pacoli
1149,15588,cast,14,Mugger
1149,4047,cast,15,Mactilburgh
1149,13099,cast,16,Thai
1149,19311,cast,17,Neighbour
1149,12275,cast,18,Major Iceborg
1149,345,cast,19,General Tudor
1149,14664,cast,20,Diva
1149,14337,director,1,
1149,14337,writer,1,
1149,19658,writer,2,
1150,17004,cast,1,Self
1150,15652,director,1,
1151,10543,cast,1,Jack Lucas
1151,19797,cast,2,Parry
1151,80,cast,3,Radio Engineer
1151,18053,cast,4,Radio Engineer
1151,5039,cast,5,Lou Rosen
1151,22190,cast,6,Limo Bum
1151,13448,cast,7,Sondra
1151,23584,cast,8,TV Anchorman
1151,7422,cast,9,News Reporter
1151,15913,cast,10,Anne Napolitano
1151,12665,cast,11,Crazed Video Customer
1151,8696,cast,12,Sitcom Actor Ben Starr
1151,15870,cast,13,Sitcom Wife
1151,10045,cast,14,Bum at Hotel
1151,15177,cast,15,Doorman
1151,11576,cast,16,Father at Hotel
1151,2878,cast,17,Little Boy
1151,10337,cast,18,First Punk
1151,4645,cast,19,Second Punk
1151,2762,cast,20,Hippie Bum
1151,22260,director,1,
1151,19309,writer,1,
1152,20127,cast,1,Toni
1152,666,cast,2,Beezy
1152,4891,cast,3,Jermaine
1152,13576,cast,4,Maia
1152,14683,cast,5,Legs
1152,9383,cast,6,Karisma
1152,1577,cast,7,Donté
1152,21164,cast,8,Madison
1152,14744,cast,9,Diamond
1152,12447,cast,10,April
1152,12474,cast,11,Kira
1152,18712,cast,12,Twin #1
1152,17760,cast,13,Twin #2
1152,16942,cast,14,Cateyez
1152,14689,cast,15,Laylay
1152,16553,cast,16,Ms.Josie
1152,12770,cast,17,Coach
1152,14530,cast,18,Coach
1152,18951,cast,19,Social Worker
1152,5261,cast,20,Karisma's Mom
1152,1369,director,1,
1152,1369,writer,1,
1152,20336,writer,2,
1152,14095,writer,3,
1153,2951,cast,1,Moonee
1153,2837,cast,2,Halley
1153,23724,cast,3,Bobby
1153,4097,cast,4,Scooty
1153,241,cast,5,Dicky
1153,12072,cast,6,Grandma Stacy
1153,23149,cast,7,Jancey
1153,6201,cast,8,Dicky's Dad
1153,17940,cast,9,Amber
1153,10228,cast,10,Luci
1153,20028,cast,11,Bertha
1153,15859,cast,12,Ashley
1153,13323,cast,13,Case Worker
1153,2941,cast,14,Twistee Treat Girl
1153,12820,cast,15,Twistee Treat Girl's Mom
1153,20571,cast,16,Gloria
1153,10954,cast,17,Cabbie
1153,1160,cast,18,Newlywed Groom
1153,3339,cast,19,Newlywed Bride
1153,22255,cast,20,Patrice
1153,20765,director,1,
1153,20765,writer,1,
1153,3866,writer,2,
1154,10559,cast,1,Seth Brundle
1154,7709,cast,2,Veronica Quaife
1154,11438,cast,3,Stathis Borans
1154,12083,cast,4,Tawny
1154,13871,cast,5,Dr. Cheevers
1154,7804,cast,6,Marky
1154,16024,cast,7,2nd Man in Bar
1154,4980,cast,8,Gynecologist
1154,3320,cast,9,Nurse
1154,21010,cast,10,Clerk
1154,1304,cast,11,Restaurant Patron
1154,23062,cast,12,Baboon
1154,4980,director,1,
1154,7845,writer,1,
1154,3614,writer,2,
1154,4980,writer,3,
1155,19661,cast,1,Self
1155,11415,cast,2,Self
1155,7093,cast,3,Self
1155,19336,cast,4,Self
1155,2083,cast,5,Self
1155,14508,cast,6,Self
1155,17300,cast,7,Self
1155,4539,cast,8,Self
1155,6779,cast,9,Interviewer
1155,8687,cast,10,Self - TV interviewer
1155,7415,cast,11,Self
1155,23930,cast,12,Self
1155,6779,director,1,
1156,7725,cast,1,Jimmy Doyle
1156,20118,cast,2,Buddy Russo
1156,7087,cast,3,Alain Charnier
1156,22856,cast,4,Sal Boca
1156,14822,cast,5,Pierre Nicoli
1156,7470,cast,6,Devereaux
1156,2442,cast,7,Mulderig
1156,1316,cast,8,Marie Charnier
1156,8603,cast,9,Weinstock
1156,1670,cast,10,Angie Boca
1156,6077,cast,11,Simonson
1156,1054,cast,12,La Valle
1156,21393,cast,13,Klein
1156,2265,cast,14,Lou Boca
1156,17906,cast,15,Chemist
1156,424,cast,16,Pusher
1156,333,cast,17,Informant
1156,9471,cast,18,Police Mechanic
1156,18929,cast,19,Police Sergeant
1156,23764,cast,20,Motorman
1156,23786,director,1,
1156,6763,writer,1,
1156,19788,writer,2,
1156,23786,writer,3,
1157,8631,cast,1,Dr. Richard Kimble
1157,22785,cast,2,Samuel Gerard
1157,20827,cast,3,Helen Kimble
1157,12246,cast,4,Dr. Anne Eastman
1157,11203,cast,5,Cosmo Renfro
1157,1093,cast,6,Sykes
1157,10731,cast,7,Dr. Charles Nichols
1157,4754,cast,8,Biggs
1157,13391,cast,9,Poole
1157,22757,cast,10,Newman
1157,19945,cast,11,Detective Kelly
1157,11973,cast,12,Detective Rosetti
1157,16360,cast,13,Chicago Cop #1
1157,11404,cast,14,Newscaster
1157,22834,cast,15,Chicago Cop #2
1157,11972,cast,16,Otto Sloan
1157,10002,cast,17,Paul
1157,4982,cast,18,Dr. Lentz
1157,22678,cast,19,Surgeon
1157,9945,cast,20,Surgeon
1157,1134,director,1,
1157,10528,writer,1,
1157,5193,writer,2,
1157,20112,writer,3,
1158,19539,cast,1,Gaz
1158,22752,cast,2,Gerald
1158,15167,cast,3,Dave
1158,23891,cast,4,Nathan
1158,21674,cast,5,Lomper
1158,17962,cast,6,Horse
1158,9185,cast,7,Guy
1158,13867,cast,8,Jean
1158,6563,cast,9,Mandy
1158,5318,cast,10,Linda
1158,17982,cast,11,Barry
1158,4910,cast,12,Alan
1158,2979,cast,13,Reg
1158,1153,cast,14,Terry
1158,23394,cast,15,Sharon
1158,12593,cast,16,Bee
1158,11111,cast,17,Sheryl
1158,5534,cast,18,Louise
1158,12601,cast,19,Dole Clerk
1158,12331,cast,20,Lomper's Mum
1158,18300,director,1,
1158,21254,writer,1,
1159,15953,cast,1,Wang Wei
1159,11226,cast,2,Navin
1159,6631,cast,3,Rainy
1159,2872,cast,4,Ho
1159,24044,cast,5,Tak
1159,10537,cast,6,Matia
1159,11259,cast,7,Paklung
1159,20345,cast,8,Mr. Song
1159,14736,cast,9,Yadong
1159,8390,cast,10,Marky
1159,23894,cast,11,Donkey Head
1159,20346,cast,12,Kun Tai Luo
1159,15417,cast,13,Madi
1159,21392,cast,14,Carter
1159,3746,cast,15,Ramu
1159,22079,cast,16,Basso
1159,13205,cast,17,Sacha
1159,16506,cast,18,Hair Salon Owner
1159,20935,cast,19,Shelter Director
1159,18673,cast,20,Local Gangster A
1159,12908,director,1,
1159,22551,writer,1,
1159,24346,writer,2,
1159,13360,writer,3,
1159,7336,writer,4,
1160,921,cast,1,Self
1160,1925,cast,2,Self
1160,1921,cast,3,Self
1160,23992,cast,4,Self
1160,3308,cast,5,Self
1160,24238,cast,6,Self
1160,5931,director,1,
1161,6943,cast,1,The Ghost
1161,18591,cast,2,Adam Lang
1161,17576,cast,3,Ruth Lang
1161,11739,cast,4,Rick Ricardelli
1161,22511,cast,5,Roy
1161,10905,cast,6,John Maddox
1161,22539,cast,7,Sidney Kroll
1161,1331,cast,8,SKY TV Newsreader
1161,24268,cast,9,Stewardess
1161,16502,cast,10,Taxi Driver
1161,783,cast,11,Protection Officer #1
1161,22491,cast,12,Barry
1161,13098,cast,13,Amelia Bly
1161,12582,cast,14,Alice
1161,21402,cast,15,Dep
1161,13701,cast,16,Duc
1161,11489,cast,17,Protection Officer #2
1161,8577,cast,18,Protection Officer #3
1161,21767,cast,19,Protection Officer #4
1161,15015,cast,20,Lucy
1161,19930,director,1,
1161,19617,writer,1,
1161,19930,writer,2,
1162,16149,cast,1,Mikael Blomkvist
1162,17409,cast,2,Lisbeth Salander
1162,6940,cast,3,Harriet Vanger
1162,13765,cast,4,Erika Berger
1162,21919,cast,5,Henrik Vanger
1162,18349,cast,6,Martin Vanger
1162,18265,cast,7,Nils Bjurman
1162,15076,cast,8,Cecilia Vanger
1162,9408,cast,9,Dirch Frode
1162,2572,cast,10,Gustav Morell
1162,16242,cast,11,Dragan Armanskij
1162,1461,cast,12,Annika Giannini
1162,21345,cast,13,Malin Eriksson
1162,22765,cast,14,Plague
1162,4985,cast,15,Janne Dahlman
1162,21519,cast,16,Hans-Erik Wennerström
1162,8231,cast,17,Harald Vanger
1162,7498,cast,18,Gunnar Brännlund
1162,9753,cast,19,Christer Malm
1162,8386,cast,20,Isabella Vanger
1162,17276,director,1,
1162,17309,writer,1,
1162,18957,writer,2,
1162,21752,writer,3,
1163,7279,cast,1,Self
1163,206,cast,2,Self
1163,10414,cast,3,Self
1163,2686,cast,4,Self
1163,206,director,1,
1163,206,writer,1,
1164,15284,cast,1,Don Vito Corleone
1164,349,cast,2,Michael
1164,9903,cast,3,Sonny
1164,5531,cast,4,Kay Adams
1164,19353,cast,5,Clemenza
1164,19573,cast,6,Tom Hagen
1164,21633,cast,7,Capt. McCluskey
1164,11528,cast,8,Jack Woltz
1164,19239,cast,9,Barzini
1164,340,cast,10,Sollozzo
1164,47,cast,11,Tessio
1164,22056,cast,12,Connie
1164,8032,cast,13,Carlo
1164,11370,cast,14,Fredo
1164,20155,cast,15,Cuneo
1164,344,cast,16,Johnny Fontane
1164,16753,cast,17,Mama Corleone
1164,13777,cast,18,Luca Brasi
1164,11531,cast,19,Paulie Gatto
1164,20403,cast,20,Bonasera
1164,7226,director,1,
1164,15124,writer,1,
1164,7226,writer,2,
1165,349,cast,1,Michael
1165,19561,cast,2,Vito Corleone
1165,19573,cast,3,Tom Hagen
1165,5531,cast,4,Kay
1165,11370,cast,5,Fredo Corleone
1165,22056,cast,6,Connie Corleone
1165,13725,cast,7,Hyman Roth
1165,16218,cast,8,Frankie Pentangeli
1165,7705,cast,9,Senator Pat Geary
1165,19231,cast,10,Al Neri
1165,7689,cast,11,Fanucci
1165,22729,cast,12,Rocco Lampone
1165,3013,cast,13,Young Clemenza
1165,7379,cast,14,Genco
1165,7202,cast,15,Young Mama Corleone
1165,16753,cast,16,Mama Corleone
1165,15013,cast,17,Deanna Corleone
1165,13855,cast,18,Signor Roberto
1165,5671,cast,19,Johnny Ola
1165,919,cast,20,Michael's Bodyguard
1165,7226,director,1,
1165,7226,writer,1,
1165,15124,writer,2,
1166,3593,cast,1,The Lone Prospector
1166,14563,cast,2,Big Jim McKay
1166,22717,cast,3,Black Larsen
1166,8887,cast,4,Hank Curtis
1166,14704,cast,5,Jack Cameron
1166,7926,cast,6,Georgia
1166,9615,cast,7,Man in Dance Hall
1166,7286,cast,8,Eskimo Child
1166,13815,cast,9,Eskimo Child
1166,13984,cast,10,Woman in Dance Hall
1166,20410,cast,11,Man in Dance Hall
1166,4211,cast,12,Man in Dance Hall
1166,8640,cast,13,Georgia's Friend
1166,2504,cast,14,Extra on Boat
1166,437,cast,15,Prospector
1166,7118,cast,16,Man in Dance Hall
1166,15310,cast,17,Woman in Dance Hall
1166,23745,cast,18,Man in Dance Hall
1166,7218,cast,19,Man in Dance Hall
1166,5992,cast,20,Man in Dance Hall
1166,3593,director,1,
1166,3593,writer,1,
1167,4297,cast,1,Blondie
1167,6333,cast,2,Tuco
1167,13730,cast,3,"Sentenza, Angel Eyes"
1167,484,cast,4,Alcoholic Union Captain
1167,14429,cast,5,Father Pablo Ramirez
1167,18802,cast,6,Maria
1167,6638,cast,7,Storekeeper
1167,4251,cast,8,Mexican Peon
1167,11319,cast,9,Sheriff
1167,14127,cast,10,Baker
1167,1580,cast,11,"Jackson, Bill Carson"
1167,20562,cast,12,Mexican Peon
1167,2242,cast,13,Member of Angel Eyes' Gang
1167,1260,cast,14,Monk
1167,1581,cast,15,Stevens
1167,489,cast,16,Member of Angel Eyes' Gang
1167,346,cast,17,One-Armed Bounty Hunter
1167,20879,cast,18,Blonde Bounty Hunter
1167,1592,cast,19,Capt. Harper
1167,14215,cast,20,Clem
1167,20878,director,1,
1167,14373,writer,1,
1167,20878,writer,2,
1167,201,writer,3,
1167,7537,writer,4,
1167,16338,writer,5,
1168,21372,cast,1,"Yoon Tae-goo, The Weird"
1168,13688,cast,2,"Park Chang-yi, The Bad"
1168,12345,cast,3,"Park Do-won, The Good"
1168,10357,cast,4,Byung-choon
1168,20909,cast,5,Man-gil
1168,21374,cast,6,Kim Pan-joo
1168,3101,cast,7,Seo Jae-sik
1168,4597,cast,8,Messenger for Kim Pan-joo
1168,4130,cast,9,Song-yi
1168,13361,cast,10,Two Blades
1168,14541,cast,11,Bear
1168,13367,cast,12,Doo-chao
1168,8538,cast,13,Kanemaru
1168,9232,cast,14,Ghost Market Gang Leader
1168,13727,cast,15,Chef
1168,3541,cast,16,Granny
1168,24173,cast,17,Chang-yi's Gang
1168,3766,cast,18,Chang-yi's Gang
1168,20912,cast,19,Chang-yi's Gang
1168,5436,cast,20,Chang-yi's Gang
1168,10535,director,1,
1168,10535,writer,1,
1168,16515,writer,2,
1169,5959,cast,1,Ben Braddock
1169,1387,cast,2,Mrs. Robinson
1169,12614,cast,3,Elaine Robinson
1169,23768,cast,4,Mr. Braddock
1169,16807,cast,5,Mr. Robinson
1169,6412,cast,6,Mrs. Braddock
1169,3044,cast,7,Room Clerk
1169,2842,cast,8,Carl Smith
1169,23525,cast,9,Mr. McGuire
1169,17448,cast,10,Mr. McCleery
1169,730,cast,11,Mrs. Singleman
1169,15137,cast,12,Miss DeWitte
1169,6093,cast,13,Woman on Bus
1169,7293,cast,14,Hotel Guest
1169,7791,cast,15,Church Member
1169,8653,cast,16,Bar Patron
1169,7618,cast,17,Hotel Guest
1169,3052,cast,18,Bellhop in Hotel Lobby
1169,19261,cast,19,Boarding House Resident
1169,2626,cast,20,The Newlywed Game Host
1169,16420,director,1,
1169,3119,writer,1,
1169,3044,writer,2,
1169,3690,writer,3,
1170,18863,cast,1,M. Gustave
1170,6957,cast,2,Mr. Moustafa
1170,15585,cast,3,Serge X.
1170,176,cast,4,Dmitri
1170,23724,cast,5,Jopling
1170,10559,cast,6,Deputy Kovacs
1170,8724,cast,7,Ludwig
1170,12150,cast,8,Young Writer
1170,2464,cast,9,M. Ivan
1170,6200,cast,10,Henckels
1170,20592,cast,11,Agatha
1170,10280,cast,12,M. Jean
1170,13665,cast,13,Clotilde
1170,22473,cast,14,Madame D.
1170,22752,cast,15,Author
1170,17686,cast,16,M. Chuck
1170,22871,cast,17,Zero
1170,13500,cast,18,Mr. Mosher
1170,8123,cast,19,Serge's Sister
1170,7149,cast,20,Pinky
1170,23655,director,1,
1170,21520,writer,1,
1170,23655,writer,2,
1170,9184,writer,3,
1171,8896,cast,1,Tom Joad
1171,10144,cast,2,Ma Joad
1171,11359,cast,3,Casy
1171,3694,cast,4,Grandpa
1171,5872,cast,5,Rosasharn
1171,20214,cast,6,Pa Joad
1171,17690,cast,7,Al
1171,11600,cast,8,Muley
1171,6088,cast,9,Connie
1171,24313,cast,10,Grandma
1171,7385,cast,11,Noah
1171,7318,cast,12,Uncle John
1171,4879,cast,13,Winfield
1171,21140,cast,14,Ruth Joad
1171,19885,cast,15,Thomas
1171,8277,cast,16,Caretaker
1171,3601,cast,17,Wilkie
1171,11303,cast,18,Davis
1171,23570,cast,19,Policeman
1171,8703,cast,20,Bert
1171,11423,director,1,
1171,17473,writer,1,
1171,11652,writer,2,
1172,22810,cast,1,Jep Gambardella
1172,3251,cast,2,Romano
1172,20311,cast,3,Ramona
1172,3242,cast,4,Lello Cava
1172,9237,cast,5,Trumeau
1172,17738,cast,6,Viola
1172,7601,cast,7,Stefania
1172,7250,cast,8,Conte Colonna
1172,8108,cast,9,Stefano
1172,15571,cast,10,Alfio Bracco
1172,21381,cast,11,Contessa Colonna
1172,1340,cast,12,Ragazza Esangue
1172,14347,cast,13,Andrea
1172,20855,cast,14,Lorena
1172,9552,cast,15,Ron Sweet
1172,23250,cast,16,Arturo
1172,4849,cast,17,Assistente Santa
1172,17793,cast,18,Lillo De Gregorio
1172,14374,cast,19,Alfredo Marti
1172,487,cast,20,Cardinale
1172,17756,director,1,
1172,17756,writer,1,
1172,23093,writer,2,
1173,21686,cast,1,Hilts 'The Cooler King'
1173,9960,cast,2,Hendley 'The Scrounger'
1173,19215,cast,3,Bartlett 'Big X'
1173,3589,cast,4,Danny 'Tunnel King'
1173,9933,cast,5,Ramsey 'The SBO'
1173,5778,cast,6,Blythe 'The Forger'
1173,9916,cast,7,Sedgwick 'Manufacturer'
1173,8566,cast,8,Von Luger 'The Kommandant'
1173,5087,cast,9,Ashley-Pitt 'Dispersal'
1173,8216,cast,10,MacDonald 'Intelligence'
1173,11512,cast,11,Willie 'Tunnel King'
1173,1266,cast,12,Ives 'The Mole'
1173,17291,cast,13,Cavendish 'The Surveyor'
1173,19607,cast,14,Werner 'The Ferret'
1173,12143,cast,15,Goff
1173,8579,cast,16,Herr Kuhn
1173,8689,cast,17,Strachwitz
1173,23839,cast,18,Sorren
1173,19595,cast,19,Capt. Posen
1173,23084,cast,20,Preissen
1173,11659,director,1,
1173,17977,writer,1,
1173,9914,writer,2,
1173,23940,writer,3,
1174,23375,cast,1,Professor Ratigan
1174,2070,cast,2,"Basil, Bartholomew"
1174,23125,cast,3,"Dawson, Thug Guard"
1174,21887,cast,4,Olivia
1174,3174,cast,5,"Fidget, Bar Patron"
1174,5505,cast,6,Mrs. Judson
1174,6901,cast,7,The Mouse Queen
1174,428,cast,8,Flaversham
1174,2116,cast,9,Sherlock Holmes
1174,13619,cast,10,Watson
1174,20950,cast,11,Lady Mouse
1174,6429,cast,12,Bar Maid
1174,23499,cast,13,"Citizen, Thug Guard"
1174,23593,cast,14,Thug Guard
1174,22815,cast,15,Thug Guard
1174,15884,cast,16,Miss Kitty Mouse
1174,14023,cast,17,"Singing Ant, Singing Fly, Singing Grasshopper"
1174,22870,cast,18,Wolf
1174,11217,cast,19,Felicia the Cat (yowling)
1174,19943,director,1,
1174,3071,director,2,
1174,5094,director,3,
1174,11569,director,4,
1174,18457,writer,1,
1174,23184,writer,2,
1174,21675,writer,3,
1174,19943,writer,4,
1174,11569,writer,5,
1174,15667,writer,6,
1174,3071,writer,7,
1174,5094,writer,8,
1174,15856,writer,9,
1174,6908,writer,10,
1174,18007,writer,11,
1175,5476,cast,1,Gawain
1175,747,cast,2,"Essel, The Lady"
1175,11238,cast,3,The Lord
1175,20658,cast,4,Mother
1175,1014,cast,5,Helen
1175,11152,cast,6,Paris
1175,17393,cast,7,Madam
1175,17349,cast,8,Older Sister
1175,22104,cast,9,Middle Sister
1175,1855,cast,10,Youngest Sister
1175,20779,cast,11,King
1175,12583,cast,12,Queen
1175,3906,cast,13,Lord in Waiting
1175,18864,cast,14,Green Knight
1175,6601,cast,15,Magician
1175,2807,cast,16,Taverngoer
1175,5809,cast,17,Bishop
1175,2089,cast,18,Scavenger
1175,6533,cast,19,First Thief
1175,1525,cast,20,Second Thief
1175,5076,director,1,
1175,5076,writer,1,
1175,22327,writer,2,
1176,22684,cast,1,Paul Edgecomb
1176,16017,cast,2,John Coffey
1176,5100,cast,3,Brutus 'Brutal' Howell
1176,2712,cast,4,Jan Edgecomb
1176,9921,cast,5,Warden Hal Moores
1176,16105,cast,6,Eduard Delacroix
1176,8263,cast,7,Arlen Bitterbuck
1176,5886,cast,8,Percy Wetmore
1176,20451,cast,9,'Wild Bill' Wharton
1176,2096,cast,10,Dean Stanton
1176,10593,cast,11,Harry Terwilliger
1176,17836,cast,12,Melinda Moores
1176,8664,cast,13,Toot-Toot
1176,4570,cast,14,Old Paul Edgecomb
1176,6902,cast,15,Elaine Connelly
1176,23842,cast,16,Klaus Detterick
1176,14562,cast,17,Orderly Hector
1176,18831,cast,18,Man in Nursing Home
1176,6154,cast,19,Lady in Nursing Home
1176,18132,cast,20,Marjorie Detterick
1176,7317,director,1,
1176,21598,writer,1,
1176,7317,writer,2,
1177,1289,cast,1,Lilly Dillon
1177,11391,cast,2,Roy Dillon
1177,1437,cast,3,Myra Langtry
1177,10120,cast,4,Guy at Bar
1177,19736,cast,5,Racetrack Announcer
1177,21627,cast,6,Jeweler
1177,10996,cast,7,Bartender
1177,19291,cast,8,Cop
1177,8902,cast,9,Simms
1177,16118,cast,10,Irv
1177,6082,cast,11,Mintz
1177,20564,cast,12,Doctor
1177,14250,cast,13,Nurse
1177,7596,cast,14,Joe
1177,17394,cast,15,Nurse Carol Flynn
1177,9565,cast,16,Maid
1177,17808,cast,17,Bobo Justus
1177,17951,cast,18,Sailor - Young Paul
1177,10716,cast,19,Sailor - Freshman
1177,8337,cast,20,Sailor - Spooney
1177,21587,director,1,
1177,10965,writer,1,
1177,5765,writer,2,
1178,8331,cast,1,Jimmy Ringo
1178,8835,cast,2,Peggy Walsh
1178,16487,cast,3,Marshal Mark Strett
1178,10451,cast,4,Molly
1178,12540,cast,5,Mac
1178,21316,cast,6,Hunt Bromley
1178,1538,cast,7,Deputy Charlie Norris
1178,23245,cast,8,Mrs. August Pennyfeather
1178,6426,cast,9,Mrs. Devlin
1178,19297,cast,10,Eddie
1178,23282,cast,11,Townsman at Funeral
1178,16804,cast,12,Townsman at Funeral
1178,3456,cast,13,Street Loafer
1178,3199,cast,14,Street Loafer
1178,2373,cast,15,Indian Woman
1178,8312,cast,16,Pete's Pal
1178,1743,cast,17,Townsman at Funeral
1178,3784,cast,18,Townsman at Funeral
1178,18287,cast,19,Card Player
1178,13468,cast,20,Bit Part
1178,8903,director,1,
1178,23754,writer,1,
1178,23844,writer,2,
1178,1047,writer,3,
1178,19869,writer,4,
1178,17473,writer,5,
1179,24271,cast,1,Alan
1179,2760,cast,2,Phil
1179,12369,cast,3,Doug
1179,6039,cast,4,Stu
1179,8768,cast,5,Jade
1179,20665,cast,6,Tracy
1179,10605,cast,7,Sid
1179,12866,cast,8,Mr. Chow
1179,18775,cast,9,Melissa
1179,16434,cast,10,Mike Tyson
1179,16391,cast,11,Black Doug
1179,10730,cast,12,Leonard
1179,19486,cast,13,Officer Franklin
1179,4276,cast,14,Officer Garden
1179,3020,cast,15,Eddie
1179,15633,cast,16,Dr. Valsh
1179,9244,cast,17,Chow's #1
1179,16124,cast,18,Chow's #2
1179,21368,cast,19,Linda
1179,8081,cast,20,Stephanie
1179,22618,director,1,
1179,11753,writer,1,
1179,20730,writer,2,
1180,23396,cast,1,Aibileen Clark
1180,6586,cast,2,Skeeter Phelan
1180,17493,cast,3,Minny Jackson
1180,3035,cast,4,Hilly Holbrook
1180,10820,cast,5,Celia Foote
1180,230,cast,6,Elizabeth Leefolt
1180,827,cast,7,Charlotte Phelan
1180,1333,cast,8,Jolene French
1180,6304,cast,9,Mae Mobley
1180,6578,cast,10,Mae Mobley
1180,4072,cast,11,Stuart Whitworth
1180,4142,cast,12,Constantine Jefferson
1180,16435,cast,13,Johnny Foote
1180,21304,cast,14,Missus Walters
1180,2870,cast,15,Robert Phelan
1180,23657,cast,16,Carlton Phelan
1180,1892,cast,17,Yule Mae Davis
1180,22194,cast,18,William Holbrook
1180,20940,cast,19,Raleigh Leefolt
1180,20074,cast,20,Pascagoula
1180,22123,director,1,
1180,22123,writer,1,
1180,12656,writer,2,
1181,22914,cast,1,General Rokurota Makabe
1181,16577,cast,2,Princess Yuki
1181,16538,cast,3,Tahei
1181,12454,cast,4,Matashichi
1181,21894,cast,5,General Hyoe Tadokoro
1181,22023,cast,6,"The Old General, Izumi Nagakura"
1181,6253,cast,7,Old Lady-in-Waiting
1181,22911,cast,8,Farmer's Daughter bought from slave trader
1181,24178,cast,9,Barrier guard
1181,24158,cast,10,Samurai on horse
1181,13249,cast,11,Old man in front of sign
1181,22038,cast,12,"Fleeing, bloody samurai"
1181,13244,cast,13,Guard
1181,22890,cast,14,Magistrate of the bridge barrier
1181,13073,cast,15,Slave Trader
1181,16880,cast,16,Potential slave buyer
1181,24137,cast,17,Potential slave buyer
1181,9336,cast,18,Gambler
1181,20836,cast,19,Soldier
1181,20324,cast,20,Captured foot soldier
1181,311,director,1,
1181,20299,writer,1,
1181,8972,writer,2,
1181,21117,writer,3,
1181,311,writer,4,
1182,21372,cast,1,Park Gang-Doo
1182,3099,cast,2,Park Hee-bong
1182,17767,cast,3,Park Nam-il
1182,1973,cast,4,Park Nam-joo
1182,13229,cast,5,Park Hyun-seo
1182,4597,cast,6,The Monster
1182,9819,cast,7,Se-jin
1182,5793,cast,8,Se-joo
1182,10357,cast,9,Homeless Man
1182,18644,cast,10,Fat Guevara
1182,19854,cast,11,Hazmat Suit Man at Funeral
1182,24059,cast,12,District officer Mr. Jo
1182,17352,cast,13,Inquiry officer
1182,21789,cast,14,Hostage nurse
1182,20748,cast,15,Douglas
1182,13108,cast,16,Civilian Military Mr. Kim
1182,18048,cast,17,American Doctor
1182,2888,cast,18,Young Korean Doctor
1182,4930,cast,19,Donald
1182,20907,cast,20,Donald's girlfriend
1182,2702,director,1,
1182,2702,writer,1,
1182,12330,writer,2,
1182,4127,writer,3,
1183,22473,cast,1,Woman
1183,212,cast,2,Shop assistant
1183,16355,cast,3,
1183,17696,cast,4,
1183,5588,cast,5,
1183,3264,cast,6,
1183,4892,cast,7,Dash the Dog
1183,18175,director,1,
1183,18175,writer,1,
1183,10385,writer,2,
1184,5352,cast,1,Esmeralda
1184,10237,cast,2,Hugo
1184,15467,cast,3,"Quasimodo's Mother, Djali, Additional Voices"
1184,4426,cast,4,"Brutish Guard, Additional Voices"
1184,10917,cast,5,"Guards, Gypsies"
1184,2432,cast,6,Oafish Guard
1184,22695,cast,7,Quasimodo
1184,22850,cast,8,Frollo
1184,18038,cast,9,Clopin
1184,3643,cast,10,Victor
1184,13023,cast,11,Phoebus
1184,8786,cast,12,Esmeralda
1184,17910,cast,13,"Guards, Gypsies, Additional Voices"
1184,7677,cast,14,The Old Heretic
1184,5110,cast,15,Archdeacon
1184,7395,cast,16,Baby Bird
1184,15503,cast,17,Laverne
1184,10169,cast,18,Additional Laverne Dialogue
1184,9619,cast,19,Additional Voices
1184,11063,cast,20,Additional Voices
1184,7677,director,1,
1184,13187,director,2,
1184,21983,writer,1,
1184,23298,writer,2,
1184,9445,writer,3,
1184,2658,writer,4,
1184,23702,writer,5,
1184,21796,writer,6,
1184,4001,writer,7,
1184,13182,writer,8,
1184,7227,writer,9,
1184,7159,writer,10,
1184,7708,writer,11,
1184,9957,writer,12,
1184,12836,writer,13,
1184,11630,writer,14,
1185,20771,cast,1,Marko Ramius
1185,492,cast,2,Jack Ryan
1185,20716,cast,3,Bart Mancuso
1185,20443,cast,4,Captain Borodin
1185,9940,cast,5,Admiral Greer
1185,12076,cast,6,Andrei Lysenko
1185,19300,cast,7,Jeffrey Pelt
1185,18333,cast,8,Ivan Putin
1185,22483,cast,9,Dr. Petrov
1185,4468,cast,10,Seaman Jones
1185,21534,cast,11,Captain Tupolev
1185,10597,cast,12,Skip Tyler
1185,22534,cast,13,Bill Steiner
1185,13477,cast,14,Chief of the Boat
1185,7455,cast,15,Admiral Painter
1185,4715,cast,16,Captain Davenport
1185,17067,cast,17,Seaman Beaumont - USS Dallas
1185,1529,cast,18,Lt. Comm. Thompson - USS Dallas
1185,15192,cast,19,Seaman - USS Dallas
1185,22673,cast,20,Seaman - USS Dallas
1185,11548,director,1,
1185,22648,writer,1,
1185,13477,writer,2,
1185,5764,writer,3,
1185,5162,writer,4,
1186,10717,cast,1,Staff Sergeant William James
1186,1520,cast,2,Sergeant JT Sanborn
1186,2862,cast,3,Specialist Owen Eldridge
1186,8433,cast,4,Sergeant Matt Thompson
1186,18863,cast,5,Contractor Team Leader
1186,5100,cast,6,Colonel Reed
1186,6897,cast,7,Connie James
1186,3963,cast,8,Colonel John Cambridge
1186,21808,cast,9,Black Suit Man
1186,4098,cast,10,Beckham
1186,16843,cast,11,Professor Nabil
1186,20458,cast,12,Contractor Charlie
1186,20448,cast,13,Contractor Jimmy
1186,7042,cast,14,Contractor Feisal
1186,2071,cast,15,Contractor Chris
1186,9361,cast,16,Iraqi Police Captain at UN
1186,6736,cast,17,Mortuary Affairs Officer
1186,12371,cast,18,Sergeant Carter
1186,14692,cast,19,Sergeant Foster
1186,13317,cast,20,Soldier at Intersection
1186,12646,director,1,
1186,15175,writer,1,
1187,18072,cast,1,Eddie Felson
1187,9734,cast,2,Minnesota Fats
1187,18664,cast,3,Sarah Packard
1187,7796,cast,4,Bert Gordon
1187,16837,cast,5,Charlie Burns
1187,16807,cast,6,Findley
1187,16022,cast,7,Big John
1187,21516,cast,8,Preacher
1187,4288,cast,9,Turk
1187,9849,cast,10,Bartender
1187,8211,cast,11,Cashier
1187,621,cast,12,Score Keeper
1187,3359,cast,13,Waitress
1187,3226,cast,14,Young Hustler
1187,23361,cast,15,Bartender
1187,23729,cast,16,Old Doctor
1187,22632,cast,17,Bartender
1187,3568,cast,18,Waiter at Parisien Restaurant
1187,5713,cast,19,Small Role
1187,8176,cast,20,Girl with Fur Coat
1187,19700,director,1,
1187,21210,writer,1,
1187,19700,writer,2,
1187,23562,writer,3,
1188,13023,cast,1,Ben Hood
1188,11060,cast,2,Elena Hood
1188,23760,cast,3,Ted Shackley
1188,21228,cast,4,Janey Carver
1188,8891,cast,5,George Clair
1188,22589,cast,6,Paul Hood
1188,3996,cast,7,Wendy Hood
1188,6344,cast,8,Mikey Carver
1188,86,cast,9,Sandy Carver
1188,5060,cast,10,Francis Davenport
1188,10086,cast,11,Jim Carver
1188,12578,cast,12,Dorothy Franklin
1188,16033,cast,13,Philip Edwards
1188,14653,cast,14,Mrs. Gadd
1188,12673,cast,15,Libbets Casey
1188,16055,cast,16,Pharmacist
1188,4008,cast,17,Marie Earle
1188,8161,cast,18,Neil Conrad
1188,827,cast,19,Dot Halford
1188,11801,cast,20,Ted Franklin
1188,1212,director,1,
1188,19402,writer,1,
1188,10052,writer,2,
1189,10376,cast,1,"The Illusionist, French Cinema Manager"
1189,6267,cast,2,Alice
1189,5948,cast,3,Additional Voices
1189,19015,cast,4,Additional Voices
1189,10064,cast,5,Additional Voices
1189,22745,cast,6,Additional Voices
1189,17961,cast,7,Additional Voices
1189,9809,cast,8,Monsieur Hulot
1189,21950,director,1,
1189,21950,writer,1,
1189,9809,writer,2,
1190,4498,cast,1,"Bob Parr, Mr. Incredible"
1190,20512,cast,2,"Lucius Best, Frozone"
1190,9048,cast,3,"Helen Parr, Elastigirl"
1190,10262,cast,4,"Buddy Pine, Syndrome"
1190,5687,cast,5,Bomb Voyage
1190,22197,cast,6,Newsreel Narrator
1190,10497,cast,7,Mrs. Hogenson
1190,6328,cast,8,Jack-Jack Parr
1190,14619,cast,9,Jack-Jack Parr
1190,23504,cast,10,Gilbert Huph
1190,21447,cast,11,Dashiell 'Dash' Parr
1190,14254,cast,12,Bernie Kropp
1190,23594,cast,13,Principal
1190,20646,cast,14,Violet Parr
1190,15990,cast,15,Tony Rydinger
1190,6404,cast,16,Mirage
1190,3047,cast,17,Rick Dicker
1190,2745,cast,18,Edna 'E' Mode
1190,2824,cast,19,Kari
1190,13149,cast,20,Honey
1190,2745,director,1,
1190,2745,writer,1,
1191,1900,cast,1,Janet
1191,21133,cast,2,Self
1191,3900,cast,3,Rich
1191,15959,cast,4,Mike
1191,6670,cast,5,Julian
1191,17484,cast,6,Patricia
1191,17469,cast,7,Gwen
1191,1287,cast,8,Stephanie
1191,12237,cast,9,Old Head
1191,23106,cast,10,Self
1191,22548,cast,11,Jamel
1191,6641,director,1,
1191,6641,writer,1,
1192,5282,cast,1,Miss Giddens
1192,18455,cast,2,Peter Quint
1192,15831,cast,3,Mrs. Grose
1192,16174,cast,4,The Uncle
1192,15390,cast,5,Miles
1192,17729,cast,6,Flora
1192,4326,cast,7,Miss Jessel
1192,9525,cast,8,Anna
1192,6698,cast,9,Coachman
1192,9641,director,1,
1192,8901,writer,1,
1192,11566,writer,2,
1192,23733,writer,3,
1192,23002,writer,4,
1193,20203,cast,1,Jeffrey Wigand
1193,349,cast,2,Lowell Bergman
1193,4092,cast,3,Mike Wallace
1193,5537,cast,4,Liane Wigand
1193,18491,cast,5,Don Hewitt
1193,14041,cast,6,Sharon Tiller
1193,5274,cast,7,Debbie De Luca
1193,21627,cast,8,Eric Kluster
1193,4379,cast,9,Richard Scruggs
1193,2988,cast,10,Ron Motley
1193,8085,cast,11,Helen Caperelli
1193,16067,cast,12,Thomas Sandefur
1193,19441,cast,13,John Scanlon
1193,14529,cast,14,Mrs. Williams
1193,8518,cast,15,Barbara Wigand
1193,16162,cast,16,Norman the Cameraman
1193,14026,cast,17,Mrs. Wigand
1193,19615,cast,18,Mark Stern
1193,17120,cast,19,FBI Agent Robertson
1193,18255,cast,20,NY Times Reporter
1193,16131,director,1,
1193,15031,writer,1,
1193,6684,writer,2,
1193,16131,writer,3,
1194,22570,cast,1,Self
1194,912,cast,2,Self
1194,22929,cast,3,Self
1194,4327,cast,4,Self
1194,7675,cast,5,Self
1194,6008,cast,6,Self
1194,3048,cast,7,Self
1194,12926,cast,8,Self
1194,3181,cast,9,Self
1194,21026,cast,10,Self
1194,691,cast,11,Self
1194,16468,cast,12,Self
1194,16470,cast,13,Self
1194,13986,cast,14,Self
1194,18954,cast,15,Self
1194,14698,cast,16,Self
1194,2634,cast,17,Self
1194,1288,cast,18,Self
1194,19167,cast,19,Self
1194,6063,cast,20,Self
1194,21678,director,1,
1194,573,writer,1,
1195,16273,cast,1,Louis Trebor
1195,8315,cast,2,Sidney
1195,24052,cast,3,La jeune femme russe
1195,1993,cast,4,La pharmacienne
1195,7136,cast,5,Antoinette
1195,14184,cast,6,La sauvageonne
1195,558,cast,7,Le prêtre
1195,5792,cast,8,Le propriétaire du bateau
1195,20755,cast,9,L'associé du propriétaire du bateau
1195,9068,cast,10,L'homme du marché aux poissons
1195,6219,cast,11,Le patron de la quincaillerie
1195,8876,cast,12,Henri
1195,10434,cast,13,Tony
1195,1376,cast,14,La mère
1195,2131,cast,15,La reine de l'hémisphère nord
1195,4166,director,1,
1195,4166,writer,1,
1195,10482,writer,2,
1195,10425,writer,3,
1196,4226,cast,1,Dr. Jack Griffin aka The Invisible Man
1196,8182,cast,2,Flora Cranley
1196,23791,cast,3,Dr. Arthur Kemp
1196,8913,cast,4,Dr. Cranley
1196,23096,cast,5,Jenny Hall
1196,7168,cast,6,Herbert Hall
1196,9053,cast,7,Chief of Police
1196,6233,cast,8,Constable Jaffers
1196,5941,cast,9,Chief Detective
1196,8698,cast,10,Inspector Bird
1196,5781,cast,11,Inspector Lane
1196,15923,cast,12,Millie
1196,19497,cast,13,Detective Thompson
1196,6101,cast,14,Radio Announcer
1196,22169,cast,15,Villager Playing Darts
1196,23523,cast,16,Townsman
1196,23524,cast,17,Bicycle Owner
1196,19530,cast,18,Farmer
1196,14610,cast,19,Mary Purdy
1196,19445,cast,20,Townswoman at Pub
1196,10080,director,1,
1196,8954,writer,1,
1196,19025,writer,2,
1197,19561,cast,1,Frank Sheeran
1197,349,cast,2,Jimmy Hoffa
1197,11205,cast,3,Russell Bufalino
1197,8724,cast,4,Angelo Bruno
1197,18989,cast,5,Bill Bufalino
1197,2668,cast,6,Skinny Razor
1197,1364,cast,7,Older Peggy Sheeran
1197,21590,cast,8,Anthony 'Tony Pro' Provenzano
1197,21559,cast,9,Irene Sheeran
1197,9667,cast,10,"Robert Kennedy, RFK"
1197,12644,cast,11,Carrie Bufalino
1197,10812,cast,12,Chuckie O'Brien
1197,5668,cast,13,Fat Tony Salerno
1197,18024,cast,14,Whispers DiTullio
1197,7633,cast,15,Frank 'Fitz' Fitzsimmons
1197,15093,cast,16,Older Dolores Sheeran
1197,14406,cast,17,Young Peggy Sheeran
1197,11826,cast,18,Assisted Living Priest
1197,4890,cast,19,Nurse
1197,23622,cast,20,Josephine 'Jo' Hoffa
1197,15383,director,1,
1197,21740,writer,1,
1197,3587,writer,2,
1198,6332,cast,1,Hogarth Hughes
1198,8658,cast,2,Dean McCoppin
1198,10634,cast,3,Annie Hughes
1198,23344,cast,4,The Iron Giant
1198,9958,cast,5,"Foreman Marv Loach, Floyd Turbeaux"
1198,4317,cast,6,Mrs. Tensedge
1198,4078,cast,7,Kent Mansley
1198,11525,cast,8,General Rogard
1198,14537,cast,9,Earl Stutz
1198,9619,cast,10,Additional Voices
1198,2616,cast,11,Additional Voices
1198,15467,cast,12,Additional Voices
1198,15990,cast,13,Additional Voices
1198,5482,cast,14,Additional Voices
1198,19833,cast,15,Additional Voices
1198,19545,cast,16,Additional Voices
1198,10638,cast,17,Additional Voices
1198,24286,cast,18,Additional Voices
1198,17995,cast,19,Additional Voices
1198,2433,cast,20,Additional Voices
1198,2745,director,1,
1198,22504,writer,1,
1198,2745,writer,2,
1198,22178,writer,3,
1199,18479,cast,1,Baloo the Bear
1199,20802,cast,2,Bagheera the Panther
1199,14292,cast,3,King Louie of the Apes
1199,7883,cast,4,Shere Khan the Tiger
1199,21634,cast,5,Kaa the Snake
1199,9596,cast,6,"Col. Hathi the Elephant, Buzzie"
1199,2992,cast,7,Mowgli the Man Cub
1199,23245,cast,8,Elephant
1199,4298,cast,9,Elephant
1199,3525,cast,10,Vulture
1199,14199,cast,11,Vulture
1199,11289,cast,12,Wolf
1199,2228,cast,13,Wolf
1199,4856,cast,14,The Girl
1199,13788,cast,15,Flunkey
1199,18256,cast,16,Monkey
1199,2452,cast,17,"Shere Khan, Elephant Soldier"
1199,10007,cast,18,"Shere Khan's Roars, Bagheera's Roars"
1199,2483,cast,19,Monkey
1199,8500,cast,20,"Slob Elephant, Monkey"
1199,23913,director,1,
1199,13471,writer,1,
1199,18878,writer,2,
1199,12849,writer,3,
1199,23184,writer,4,
1199,20162,writer,5,
1199,2472,writer,6,
1200,18867,cast,1,Daniel LaRusso
1200,17812,cast,2,Mr. Miyagi
1200,6363,cast,3,Ali Mills
1200,15364,cast,4,John Kreese
1200,18919,cast,5,Lucille LaRusso
1200,23871,cast,6,Johnny Lawrence
1200,19976,cast,7,Bobby Brown
1200,19471,cast,8,Tommy
1200,3522,cast,9,Dutch
1200,22867,cast,10,Jimmy
1200,9533,cast,11,Freddy Fernandez
1200,23742,cast,12,Mr. Mills
1200,13462,cast,13,Jerry
1200,12197,cast,14,Susan
1200,4668,cast,15,Barbara
1200,7306,cast,16,Chucky
1200,10555,cast,17,Billy
1200,12855,cast,18,Chris
1200,22676,cast,19,Alan
1200,17799,cast,20,Referee
1200,11431,director,1,
1200,19658,writer,1,
1201,22401,cast,1,Cyril
1201,3470,cast,2,Samantha
1201,10694,cast,3,Guy Catoul
1201,6976,cast,4,Le libraire
1201,6241,cast,5,Wes
1201,17584,cast,6,Avec la participation de
1201,2000,cast,7,Éducateur 1
1201,20506,cast,8,Éducateur 2
1201,3212,cast,9,Instituteur
1201,4252,cast,10,Homme gare de bus
1201,10445,cast,11,Voisin Val Polet
1201,7471,cast,12,Concierge
1201,16835,cast,13,L'assistante médicale
1201,20551,cast,14,Éducatrice
1201,8957,cast,15,Directeur
1201,19923,cast,16,Logan
1201,3663,cast,17,Brian
1201,10291,cast,18,Nabil
1201,16557,cast,19,Boulangère
1201,16776,cast,20,Garagiste
1201,10468,director,1,
1201,14339,director,2,
1201,10468,writer,1,
1201,14339,writer,2,
1202,1437,cast,1,Nic
1202,12246,cast,2,Jules
1202,15250,cast,3,Paul
1202,15950,cast,4,Joni
1202,12043,cast,5,Laser
1202,24043,cast,6,Tanya
1202,13344,cast,7,Jai
1202,6080,cast,8,Clay
1202,24392,cast,9,Sasha
1202,11129,cast,10,Luis
1202,19042,cast,11,Brooke
1202,14088,cast,12,Stella
1202,6662,cast,13,Joel
1202,20669,cast,14,Waify Girl
1202,10006,cast,15,Clay's Dad
1202,14933,cast,16,Bartender
1202,21769,cast,17,Sous-chef
1202,5583,cast,18,Waiter
1202,966,cast,19,Pregnant Woman
1202,20474,cast,20,Waitress
1202,14082,director,1,
1202,14082,writer,1,
1202,21769,writer,2,
1203,21633,cast,1,Johnny Clay
1203,4345,cast,2,Fay
1203,23350,cast,3,Val Cannon
1203,10311,cast,4,Marvin Unger
1203,22174,cast,5,Patrolman Randy Kennan
1203,15065,cast,6,Sherry Peatty
1203,6368,cast,7,George Peatty
1203,11214,cast,8,Mike O'Reilly
1203,9941,cast,9,Track Parking Attendant
1203,22533,cast,10,Nikki Arcane
1203,13250,cast,11,Maurice Oboukhoff
1203,10306,cast,12,Leo the Loanshark
1203,22578,cast,13,Joe Piano
1203,5850,cast,14,Ruthie O'Reilly
1203,8924,cast,15,Second American Airlines Clerk
1203,9967,cast,16,Mr. Grimes
1203,3462,cast,17,Lady with Small Dog
1203,11227,cast,18,Tiny
1203,21688,cast,19,Brown
1203,15439,cast,20,Woman Asking Kennan for Help
1203,21496,director,1,
1203,21496,writer,1,
1203,10965,writer,2,
1203,14072,writer,3,
1204,10442,cast,1,L'oiseau
1204,17785,cast,2,Le roi
1204,19004,cast,3,Le chef de la police
1204,207,cast,4,La bergère
1204,19117,cast,5,Le ramoneur
1204,9141,cast,6,Le sentencieux
1204,19864,cast,7,L'aveugle
1204,18542,cast,8,"Le liftier, Le speaker"
1204,459,cast,9,"Le belluaire, Le haut hurleur"
1204,4225,cast,10,Le maire du palais
1204,14066,cast,11,
1204,9782,cast,12,
1204,19645,cast,13,
1204,10443,cast,14,
1204,23369,cast,15,
1204,18704,cast,16,
1204,18633,cast,17,
1204,3015,cast,18,
1204,10501,cast,19,
1204,10521,cast,20,
1204,18014,director,1,
1204,8571,writer,1,
1204,9804,writer,2,
1204,18014,writer,3,
1205,19561,cast,1,Rupert Pupkin
1205,10763,cast,2,Jerry Langford
1205,5500,cast,3,Rita Keane
1205,20540,cast,4,Masha
1205,6041,cast,5,Ed Herlihy
1205,14247,cast,6,Lou Brown - Band Leader
1205,14220,cast,7,Stage Door Fan
1205,18403,cast,8,Stage Door Fan
1205,23392,cast,9,Stage Door Fan
1205,23668,cast,10,Stage Door Guard
1205,5652,cast,11,Chauffeur
1205,15311,cast,12,Young Girl
1205,12624,cast,13,Autograph Seeker
1205,3641,cast,14,Autograph Seeker
1205,19219,cast,15,Caricaturist
1205,3435,cast,16,Rupert's Mom
1205,3448,cast,17,Dolores
1205,4119,cast,18,Man in Chinese Restaurant
1205,14142,cast,19,Liza Minnelli
1205,13878,cast,20,Roberta Posner
1205,15383,director,1,
1205,17987,writer,1,
1206,4355,cast,1,King George VI
1206,7769,cast,2,Lionel Logue
1206,8838,cast,3,Queen Elizabeth
1206,5444,cast,4,Archbishop Cosmo Lang
1206,19683,cast,5,Equerry
1206,19256,cast,6,Private Secretary
1206,18104,cast,7,Chauffeur
1206,164,cast,8,BBC Radio Announcer
1206,1146,cast,9,Robert Wood
1206,3569,cast,10,BBC Technician
1206,19880,cast,11,Dr. Blandine Bentham
1206,3128,cast,12,Laurie Logue
1206,10640,cast,13,Myrtle Logue
1206,5670,cast,14,Valentine Logue
1206,2226,cast,15,Anthony Logue
1206,7507,cast,16,Princess Elizabeth
1206,18895,cast,17,Princess Margaret
1206,4943,cast,18,Theatre Director
1206,9845,cast,19,Willie
1206,16067,cast,20,King George V
1206,22693,director,1,
1206,5159,writer,1,
1207,2054,cast,1,Jean Harrington
1207,8896,cast,2,Charles Pike
1207,3595,cast,3,'Colonel' Harrington
1207,6857,cast,4,Mr. Horace Pike
1207,23771,cast,5,Muggsy
1207,6649,cast,6,Sir Alfred McGlennan Keith
1207,15894,cast,7,Gerald
1207,15327,cast,8,Martha
1207,10174,cast,9,Mrs. Janet Pike
1207,19610,cast,10,Burrows
1207,5822,cast,11,Gertrude
1207,14430,cast,12,Pike's Chef
1207,44,cast,13,Man with Potted Palm
1207,17436,cast,14,Sir Alfred's Servant
1207,15422,cast,15,Passenger on Ship
1207,20412,cast,16,Husband on Ship
1207,8634,cast,17,Lawyer
1207,2666,cast,18,Ship's Waiter with Toupee
1207,910,cast,19,Mac
1207,5854,cast,20,Party Guest
1207,18718,director,1,
1207,16683,writer,1,
1207,18718,writer,2,
1208,14906,cast,1,Iris Matilda Henderson
1208,16174,cast,2,Gilbert Redman
1208,18054,cast,3,Dr. Egon Hartz
1208,15787,cast,4,Miss Froy
1208,3465,cast,5,Mr. Todhunter
1208,14039,cast,6,'Mrs.' Todhunter
1208,17034,cast,7,Caldicott
1208,2115,cast,8,Charters
1208,15441,cast,9,Baroness Athona
1208,6523,cast,10,Hotel Manager
1208,8205,cast,11,Blanche
1208,20391,cast,12,Julie
1208,18516,cast,13,Signor Doppo
1208,20833,cast,14,Signora Doppo
1208,3427,cast,15,The Nun
1208,12025,cast,16,Madame Kummer
1208,3671,cast,17,The Officer
1208,12640,cast,18,Anna
1208,6750,cast,19,Foreign Office Man
1208,23500,cast,20,Gasthof Petrus Guest
1208,685,director,1,
1208,6835,writer,1,
1208,21213,writer,2,
1208,7341,writer,3,
1209,497,cast,1,Professor Marcus
1209,18418,cast,2,Harry Robinson
1209,3465,cast,3,Claude
1209,8927,cast,4,Louis
1209,4811,cast,5,One-Round
1209,9719,cast,6,The Superintendent
1209,12674,cast,7,Louisa Wilberforce
1209,18526,cast,8,The Sergeant
1209,7408,cast,9,The Barrow Boy
1209,14595,cast,10,Large Lady
1209,8847,cast,11,Hypatia
1209,10979,cast,12,Bystander
1209,12914,cast,13,Cab Driver
1209,16025,cast,14,Burglar
1209,16026,cast,15,Burglar
1209,1750,cast,16,Detective
1209,8605,cast,17,Parcels Clerk
1209,7438,cast,18,Junk Man
1209,14407,cast,19,Miss Pringle
1209,7836,cast,20,Security Van Driver
1209,617,director,1,
1209,23836,writer,1,
1209,10997,writer,2,
1210,17808,cast,1,"Narrator, Rooter"
1210,7556,cast,2,Littlefoot
1210,8828,cast,3,Littlefoot's Mother
1210,2431,cast,4,Grandfather
1210,3168,cast,5,Cera
1210,3070,cast,6,Daddy Topps
1210,12156,cast,7,Ducky
1210,23711,cast,8,Petrie
1210,2034,cast,9,Grandmother
1210,17330,cast,10,Flyer Family
1210,6877,cast,11,Petrie's Mother
1210,8091,cast,12,Mama Swimmer
1210,7395,cast,13,"Spike, The Sharptooth, Domeheads Gang"
1210,5708,director,1,
1210,21762,writer,1,
1210,12180,writer,2,
1210,22837,writer,3,
1211,9692,cast,1,Buddusky
1211,18931,cast,2,Meadows
1211,17663,cast,3,Mulhall
1211,4293,cast,4,M.A.A.
1211,3319,cast,5,Young Whore
1211,16144,cast,6,Marine O.D.
1211,14332,cast,7,Donna
1211,12636,cast,8,Annette
1211,16896,cast,9,Nancy
1211,7999,cast,10,Henry
1211,5733,cast,11,Bartender
1211,17845,cast,12,Madame
1211,16014,cast,13,Taxi Driver
1211,10929,cast,14,Sweek
1211,5449,cast,15,Nichiren Shoshu Member
1211,8060,cast,16,Nichiren Shoshu Member
1211,10932,cast,17,Nichiren Shoshu Member
1211,11368,cast,18,Nichiren Shoshu Member
1211,8491,cast,19,Bearded Man at Bar in Darts Scene
1211,7938,cast,20,Skater at Ice Rink
1211,8491,director,1,
1211,19725,writer,1,
1211,4882,writer,2,
1212,4716,cast,1,Hawkeye
1212,14586,cast,2,Cora
1212,20210,cast,3,Chingachgook
1212,6685,cast,4,Uncas
1212,11137,cast,5,Alice Munro
1212,21735,cast,6,Maj. Duncan Heyward
1212,23659,cast,7,Magua
1212,15725,cast,8,Col. Edmund Munro
1212,17826,cast,9,Gen Montcalm
1212,6172,cast,10,Jack Winthrop
1212,22265,cast,11,John Cameron
1212,22934,cast,12,Alexandra Cameron
1212,12384,cast,13,James Cameron
1212,5395,cast,14,Ongewasgone
1212,18260,cast,15,Capt. Beams
1212,4380,cast,16,Maj. Ambrose
1212,14549,cast,17,Gen. Webb
1212,14702,cast,18,Phelps
1212,5154,cast,19,Sergeant Major
1212,6658,cast,20,Coureur De Bois
1212,16131,director,1,
1212,9946,writer,1,
1212,11497,writer,2,
1212,18074,writer,3,
1212,4746,writer,4,
1212,18501,writer,5,
1212,16131,writer,6,
1212,4039,writer,7,
1213,22530,cast,1,Sonny Crawford
1213,10543,cast,2,Duane Jackson
1213,4546,cast,3,Jacy Farrow
1213,2198,cast,4,Sam the Lion
1213,4317,cast,5,Ruth Popper
1213,6425,cast,6,Lois Farrow
1213,6255,cast,7,Genevieve
1213,4322,cast,8,Abilene
1213,20416,cast,9,Billy
1213,20984,cast,10,Charlene Duggs
1213,18931,cast,11,Lester Marlow
1213,11191,cast,12,The Sheriff
1213,2485,cast,13,Coach Popper
1213,2062,cast,14,Joe Bob Blanton
1213,10850,cast,15,Miss Mosey
1213,7636,cast,16,Bobby Sheen
1213,8842,cast,17,Jimmie Sue
1213,14327,cast,18,Leroy
1213,19603,cast,19,Gene Farrow
1213,11458,cast,20,Teacher
1213,18279,director,1,
1213,13497,writer,1,
1213,18279,writer,2,
1214,22656,cast,1,Nathan Algren
1214,12892,cast,2,Katsumoto
1214,2517,cast,3,Zebulon Gant
1214,23735,cast,4,Winchester Rep
1214,3521,cast,5,Winchester Rep Assistant
1214,18979,cast,6,Convention Hall Attendee
1214,22839,cast,7,Colonel Bagley
1214,15545,cast,8,Omura
1214,15543,cast,9,Omura's Companion
1214,11492,cast,10,Omura's Bodyguard
1214,22546,cast,11,Simon Graham
1214,21075,cast,12,Emperor Meiji
1214,22622,cast,13,General Hasegawa
1214,20678,cast,14,N.C.O.
1214,21121,cast,15,Young Recruit
1214,21095,cast,16,Nobutada
1214,9027,cast,17,Ujio
1214,21186,cast,18,Nakao
1214,13273,cast,19,Taka
1214,21433,cast,20,Higen
1214,6218,director,1,
1214,11517,writer,1,
1214,6218,writer,2,
1214,15306,writer,3,
1215,14022,cast,1,Bridget Gregory
1215,18277,cast,2,Mike Swale
1215,2473,cast,3,Clay Gregory
1215,16172,cast,4,Phone Sales Rep.
1215,24288,cast,5,Gas Station Attendant
1215,2914,cast,6,Chris
1215,5252,cast,7,Shep
1215,5806,cast,8,Stacy
1215,16370,cast,9,Ray
1215,12111,cast,10,Frank Griffith
1215,6712,cast,11,Beston Passerby #1
1215,17857,cast,12,Beston Passerby #2
1215,8920,cast,13,Bob Trotter
1215,2468,cast,14,Harlan
1215,19143,cast,15,Receptionist
1215,2540,cast,16,Mail Boy
1215,23516,cast,17,Detective
1215,1402,cast,18,Nurse
1215,16413,cast,19,Bert
1215,20853,cast,20,Trish Swale
1215,11393,director,1,
1215,21642,writer,1,
1216,23724,cast,1,Jesus
1216,8724,cast,2,Judas
1216,2031,cast,3,Mary Magdalene
1216,18012,cast,4,Zealot
1216,21700,cast,5,Centurian
1216,23244,cast,6,Mary Mother of Jesus
1216,19769,cast,7,Aged Master
1216,2093,cast,8,Jeroboam
1216,7633,cast,9,Andrew Apostle
1216,9469,cast,10,Zebedee
1216,23285,cast,11,Peter Apostle
1216,15981,cast,12,John Apostle
1216,18024,cast,13,Phillip Apostle
1216,11519,cast,14,James Apostle
1216,13786,cast,15,Nathaniel Apostle
1216,1057,cast,16,John The Baptist
1216,18191,cast,17,Martha Sister of Lazarus
1216,18927,cast,18,Mary Sister of Lazarus
1216,19714,cast,19,Man At Wedding
1216,5846,cast,20,Woman with Mary Mother of Jesus
1216,15383,director,1,
1216,17315,writer,1,
1216,18091,writer,2,
1217,497,cast,1,Holland
1217,21495,cast,2,Pendlebury
1217,21215,cast,3,Lackery
1217,673,cast,4,Shorty
1217,15162,cast,5,Mrs. Chalk
1217,6115,cast,6,Miss Evesham
1217,11629,cast,7,Parkin
1217,19983,cast,8,Turner
1217,1753,cast,9,Wallis
1217,8034,cast,10,Godwin
1217,11443,cast,11,Farrow
1217,4310,cast,12,Station Sergeant
1217,21944,cast,13,Clayton
1217,15032,cast,14,Senora Gallardo
1217,1883,cast,15,Chiquita
1217,23784,cast,16,Gregory
1217,16215,cast,17,British Ambassador
1217,1306,cast,18,Kiosk Girl
1217,9777,cast,19,Customs Official
1217,6849,cast,20,Customs Official
1217,3598,director,1,
1217,22165,writer,1,
1218,22515,cast,1,Novecento
1218,18732,cast,2,Max
1218,15866,cast,3,La ragazza
1218,2468,cast,4,Danny
1218,4200,cast,5,'Jelly Roll' Morton
1218,18438,cast,6,Negoziante
1218,17141,cast,7,Capo del porto
1218,7570,cast,8,Contadino
1218,23251,cast,9,Fritz Hermann
1218,477,cast,10,Machinista messicano
1218,11304,cast,11,
1218,4455,cast,12,Lemon - age 8
1218,17443,cast,13,Impresario
1218,21211,cast,14,Musician
1218,12691,cast,15,
1218,14427,cast,16,Neapolitan Stoker
1218,211,cast,17,Banjo Player
1218,17231,cast,18,
1218,8666,cast,19,Captain Smith
1218,1139,cast,20,Foreman
1218,8141,director,1,
1218,543,writer,1,
1218,8141,writer,2,
1219,3074,cast,1,Prince Don Fabrizio Salina
1219,361,cast,2,Tancredi Falconeri
1219,4235,cast,3,"Angelica Sedara, Bastiana"
1219,17757,cast,4,Don Calogero Sedara
1219,19435,cast,5,Princess Maria Stella Salina
1219,19936,cast,6,Father Pirrone
1219,22226,cast,7,Count Cavriaghi
1219,18609,cast,8,Francesco Paolo
1219,14384,cast,9,Concetta
1219,8130,cast,10,Garibaldi's General
1219,9308,cast,11,Carolina
1219,17664,cast,12,Caterina
1219,3250,cast,13,Paolo
1219,2942,cast,14,Little Prince
1219,1355,cast,15,"Mademoiselle Dombreuil, the Governess"
1219,14178,cast,16,Donna Margherita
1219,15110,cast,17,Tutor
1219,9117,cast,18,Don Diego
1219,22558,cast,19,
1219,14839,cast,20,
1219,14364,director,1,
1219,8140,writer,1,
1219,21893,writer,2,
1219,17791,writer,3,
1219,6623,writer,4,
1219,15569,writer,5,
1219,14364,writer,6,
1220,19890,cast,1,Clive Candy
1220,5282,cast,2,"Edith Hunter, Barbara Wynne, Angela 'Johnny' Cannon"
1220,1569,cast,3,Theo Kretschmar-Schuldorff
1220,10019,cast,4,Spud Wilson
1220,17123,cast,5,Stuffy Graves
1220,23364,cast,6,Club Porter (1942)
1220,5038,cast,7,Hoppy
1220,21451,cast,8,Period Blimp
1220,19911,cast,9,Colonel Betteridge
1220,9993,cast,10,Club Porter (1902)
1220,5394,cast,11,Café Orchestra Leader
1220,5199,cast,12,Kaunitz
1220,10129,cast,13,Indignant Citizen
1220,23142,cast,14,von Schönborn
1220,3213,cast,15,von Reumann
1220,456,cast,16,von Ritter
1220,6674,cast,17,Colonel Goodhead
1220,7513,cast,18,Baby-Face Fitzroy
1220,19616,cast,19,Embassy Secretary
1220,1784,cast,20,Embassy Counsellor
1220,16169,director,1,
1220,6506,director,2,
1220,16169,writer,1,
1220,6506,writer,2,
1221,15663,cast,1,Mick Haller
1221,15146,cast,2,Maggie McPherson
1221,20270,cast,3,Louis Roulet
1221,23790,cast,4,Frank Levin
1221,12045,cast,5,Ted Minton
1221,11509,cast,6,Val Valenzuela
1221,16163,cast,7,Jesus Martinez
1221,2630,cast,8,Cecil Dobbs
1221,7190,cast,9,Mary Windsor
1221,3023,cast,10,Detective Lankford
1221,22932,cast,11,Eddie Vogel
1221,13595,cast,12,Earl
1221,14920,cast,13,Reggie Campo
1221,18206,cast,14,Lorna
1221,21022,cast,15,Corliss
1221,12597,cast,16,Gloria
1221,16157,cast,17,Detective Kurlen
1221,16238,cast,18,Detective Sobel
1221,14565,cast,19,Hayley Haller
1221,19068,cast,20,Judge Fullbright
1221,2750,director,1,
1221,11618,writer,1,
1221,16020,writer,2,
1222,15641,cast,1,Simba
1222,10708,cast,2,Scar
1222,9940,cast,3,Mufasa
1222,23675,cast,4,Shenzi
1222,20092,cast,5,Zazu
1222,17296,cast,6,Young Nala
1222,10917,cast,7,Ed
1222,19611,cast,8,Rafiki
1222,16655,cast,9,Nala
1222,17020,cast,10,Timon
1222,24379,cast,11,Sarafina
1222,3752,cast,12,Banzai
1222,6773,cast,13,Pumbaa
1222,14597,cast,14,Sarabi
1222,11842,cast,15,Young Simba
1222,7395,cast,16,"Lion Roars, Hyenas, Wildebeests"
1222,3443,cast,17,Additional Voices
1222,12154,cast,18,Additional Voices
1222,4568,cast,19,Additional Voices
1222,5088,cast,20,Additional Voices
1222,19859,director,1,
1222,19480,director,2,
1222,9445,writer,1,
1222,11836,writer,2,
1222,14038,writer,3,
1222,3071,writer,4,
1222,2087,writer,5,
1222,2799,writer,6,
1222,17405,writer,7,
1222,13187,writer,8,
1223,11139,cast,1,Ariel
1223,20507,cast,2,Sebastian
1223,19118,cast,3,Louis
1223,4041,cast,4,Eric
1223,17796,cast,5,Ursula
1223,17707,cast,6,"Flotsam, Jetsam"
1223,3054,cast,7,Scuttle
1223,10264,cast,8,Flounder
1223,12923,cast,9,Triton
1223,6116,cast,10,Carlotta
1223,23711,cast,11,Seahorse
1223,2228,cast,12,Grimsby
1223,4823,cast,13,Glut the Shark
1223,19943,director,1,
1223,11569,director,2,
1223,11569,writer,1,
1223,19943,writer,2,
1223,8571,writer,3,
1223,9096,writer,4,
1223,7989,writer,5,
1223,20430,writer,6,
1223,3897,writer,7,
1224,23087,cast,1,Hauptmann Gerd Wiesler
1224,15399,cast,2,Christa-Maria Sieland
1224,20804,cast,3,Georg Dreyman
1224,23090,cast,4,Oberstleutnant Anton Grubitz
1224,22444,cast,5,Minister Bruno Hempf
1224,8582,cast,6,Paul Hauser
1224,23472,cast,7,Albert Jerska
1224,15681,cast,8,Karl Wallner
1224,3737,cast,9,Udo
1224,8926,cast,10,Gregor Hessenstein
1224,2118,cast,11,Häftling 227
1224,15045,cast,12,Frau Meineke
1224,23470,cast,13,Schriftexperte
1224,23652,cast,14,Einsatzleiter in Uniform
1224,15342,cast,15,Einsatzleiter Meyer
1224,9147,cast,16,Egon Schwalber
1224,22385,cast,17,Nowack
1224,8998,cast,18,Unterleutnant Axel Stigler
1224,18001,cast,19,Onkel Frank Hauser
1224,14423,cast,20,Benedikt Lehmann
1224,7148,director,1,
1224,7148,writer,1,
1225,6455,cast,1,Philip Marlowe
1225,17340,cast,2,Eileen Wade
1225,21633,cast,3,Roger Wade
1225,15252,cast,4,Marty Augustine
1225,8898,cast,5,Dr. Verringer
1225,4932,cast,6,Harry
1225,10907,cast,7,Terry Lennox
1225,23573,cast,8,Morgan
1225,11027,cast,9,Jo Ann Eggenweiler
1225,21579,cast,10,Detective Farmer
1225,9673,cast,11,Mabel
1225,18227,cast,12,Pepe
1225,23371,cast,13,Vince
1225,17742,cast,14,Doctor
1225,6629,cast,15,Jefe
1225,20226,cast,16,Rutanya Sweet
1225,22078,cast,17,Dancer
1225,9704,cast,18,Riley
1225,12886,cast,19,Colony Guard
1225,10760,cast,20,Detective Green
1225,19502,director,1,
1225,13743,writer,1,
1225,19007,writer,2,
1226,129,cast,1,Self - brother of murdered Ramli Rukun
1226,16821,cast,2,Self - former commander of a civilian militia
1226,23467,cast,3,Self - Sprecher
1226,940,cast,4,Self - former leader of death squad
1226,9411,cast,5,Self - former leader the village death squad
1226,12846,cast,6,Self - survivor from Snake River massacre
1226,12068,cast,7,Self
1226,71,cast,8,Self - Sprecher
1226,942,cast,9,Self - former commander of Snake River death squads
1226,22195,cast,10,"Self - reporter, NBC News"
1226,12068,director,1,
1227,6344,cast,1,Frodo
1227,9274,cast,2,Gandalf
1227,17629,cast,3,Legolas
1227,20766,cast,4,Boromir
1227,393,cast,5,The Ring
1227,17376,cast,6,Everard Proudfoot
1227,20764,cast,7,Sam
1227,20362,cast,8,"Sauron, Goblin, Uruk-hai"
1227,2510,cast,9,Pippin
1227,1206,cast,10,Gollum
1227,15407,cast,11,Celeborn
1227,23334,cast,12,Aragorn
1227,15822,cast,13,Mrs. Proudfoot
1227,16057,cast,14,"Gondorian Archivist, Cirdan the Shipwright"
1227,3409,cast,15,Galadriel
1227,15200,cast,16,Gil-galad
1227,9263,cast,17,Bilbo
1227,4069,cast,18,Saruman
1227,13651,cast,19,Lurtz
1227,2820,cast,20,Witch-king
1227,18361,director,1,
1227,12108,writer,1,
1227,7180,writer,2,
1227,18536,writer,3,
1227,18361,writer,4,
1228,6344,cast,1,Frodo
1228,23334,cast,2,Aragorn
1228,9274,cast,3,Gandalf
1228,17629,cast,4,Legolas
1228,17376,cast,5,Everard Proudfoot
1228,699,cast,6,Elanor Gamgee
1228,20764,cast,7,Sam
1228,4936,cast,8,Gondorian Soldier 3
1228,11310,cast,9,Madril
1228,20766,cast,10,Boromir
1228,3409,cast,11,Galadriel
1228,2510,cast,12,Pippin
1228,20333,cast,13,Eldarion
1228,780,cast,14,Damrod
1228,15407,cast,15,Celeborn
1228,2749,cast,16,Wormtongue (extended edition)
1228,19265,cast,17,Gondorian Soldier 1
1228,10253,cast,18,Uruk 2
1228,2295,cast,19,Theoden
1228,9263,cast,20,Bilbo
1228,18361,director,1,
1228,12108,writer,1,
1228,7180,writer,2,
1228,18536,writer,3,
1228,18361,writer,4,
1229,6344,cast,1,Frodo
1229,9274,cast,2,Gandalf
1229,23334,cast,3,Aragorn
1229,17629,cast,4,Legolas
1229,2956,cast,5,Aldor
1229,20764,cast,6,Sam
1229,11310,cast,7,Madril
1229,20362,cast,8,Man Flesh Uruk
1229,3409,cast,9,Galadriel
1229,2510,cast,10,Pippin
1229,10532,cast,11,"Sharku, Snaga"
1229,20419,cast,12,Eothain
1229,2749,cast,13,Wormtongue
1229,3128,cast,14,Haleth
1229,2295,cast,15,Theoden
1229,2976,cast,16,Gamling
1229,17763,cast,17,Theodred
1229,4069,cast,18,Saruman
1229,17030,cast,19,Ugluk
1229,11510,cast,20,Háma
1229,18361,director,1,
1229,12108,writer,1,
1229,7180,writer,2,
1229,18536,writer,3,
1229,21620,writer,4,
1230,10271,cast,1,Michael
1230,4430,cast,2,Sam
1230,5541,cast,3,Lucy
1230,2066,cast,4,Grandpa
1230,6190,cast,5,Max
1230,13074,cast,6,David
1230,10087,cast,7,Star
1230,4427,cast,8,Edgar Frog
1230,10108,cast,9,Alan Frog
1230,2947,cast,10,Paul
1230,2545,cast,11,Dwayne
1230,593,cast,12,Marko
1230,3535,cast,13,Laddie
1230,596,cast,14,Greg
1230,17423,cast,15,Shelly
1230,22610,cast,16,Surf Nazi #1
1230,4090,cast,17,Surf Nazi #2
1230,12776,cast,18,Surf Nazi #3
1230,7953,cast,19,Surf Nazi #4
1230,6666,cast,20,Surf Nazi #5
1230,11250,director,1,
1230,10116,writer,1,
1230,9981,writer,2,
1230,10588,writer,3,
1231,17565,cast,1,Leda
1231,10847,cast,2,Young Leda
1231,4595,cast,3,Nina
1231,6038,cast,4,Lyle
1231,18416,cast,5,Professor Hardy
1231,4578,cast,6,Callie
1231,18065,cast,7,Will
1231,9654,cast,8,Joe
1231,19803,cast,9,Bianca
1231,6445,cast,10,Martha
1231,17547,cast,11,Toni
1231,17746,cast,12,Vassili
1231,654,cast,13,Professor Cole
1231,434,cast,14,Female Hiker
1231,17316,cast,15,Male Hiker
1231,1856,cast,16,Elena
1231,21459,cast,17,Rough Boy 1
1231,13260,cast,18,Rough Boy 2
1231,6591,cast,19,Woman at Ticket Window
1231,838,cast,20,Babysitter
1231,14633,director,1,
1231,14633,writer,1,
1231,6315,writer,2,
1232,3955,cast,1,Trevor Reznik
1232,10648,cast,2,Stevie
1232,259,cast,3,Marie
1232,11639,cast,4,Ivan
1232,16097,cast,5,Miller
1232,13640,cast,6,Jackson
1232,19064,cast,7,Jones
1232,1357,cast,8,Mrs. Shrike
1232,15672,cast,9,Nicholas
1232,19646,cast,10,Supervisor Furman
1232,4370,cast,11,Inspector Rogers
1232,4497,cast,12,Tucker
1232,7092,cast,13,Gonzales
1232,10725,cast,14,Evangelisti
1232,17438,cast,15,DMV Clerk
1232,16899,cast,16,Waitress
1232,19369,cast,17,Radiologist
1232,3057,cast,18,Marge
1232,19066,cast,19,Bartender
1232,18888,cast,20,Detective
1232,2744,director,1,
1232,20724,writer,1,
1233,17286,cast,1,George III
1233,8822,cast,2,Queen Charlotte
1233,20184,cast,3,Greville
1233,874,cast,4,Lady Pembroke
1233,3725,cast,5,Amelia
1233,18286,cast,6,Royal Children
1233,6903,cast,7,Royal Child
1233,22398,cast,8,Royal Child
1233,11102,cast,9,Royal Child
1233,3399,cast,10,Royal Child
1233,20209,cast,11,Royal Child
1233,16976,cast,12,Royal Child
1233,20181,cast,13,Prince of Wales
1233,12236,cast,14,Duke of York
1233,5069,cast,15,Footman
1233,15361,cast,16,Footman
1233,1487,cast,17,Fitzroy
1233,15660,cast,18,Papandiek
1233,164,cast,19,Fortnum
1233,17985,cast,20,Braun
1233,17161,director,1,
1233,379,writer,1,
1234,15764,cast,1,Albert Emanuel Vogler
1234,9407,cast,2,Manda Vogler (alias Mr. Aman)
1234,8381,cast,3,"Dr. Vergerus, Minister of Health"
1234,16875,cast,4,Granny Vogler
1234,2237,cast,5,Johan Spegel
1234,2398,cast,6,Sara Lindqvist
1234,8002,cast,7,Ottilia Egerman
1234,13509,cast,8,"Simson, the coach driver"
1234,22624,cast,9,Police Superintendant Starbeck
1234,6742,cast,10,Consul Egerman
1234,273,cast,11,Tubal
1234,21226,cast,12,Sofia Garp
1234,17650,cast,13,"Antonsson, burly stableman"
1234,23083,cast,14,Henrietta Starbeck
1234,1932,cast,15,"Rustan, young manservant"
1234,2564,cast,16,Sanna
1234,7514,cast,17,Border Officer
1234,22887,cast,18,Border Officer
1234,1710,cast,19,Customs Officer
1234,8693,cast,20,Customs officer
1234,9398,director,1,
1234,9398,writer,1,
1235,22496,cast,1,George Minafer
1235,11965,cast,2,Eugene Morgan
1235,5661,cast,3,Isabel Amberson Minafer
1235,1388,cast,4,Lucy Morgan
1235,204,cast,5,Fanny Minafer
1235,18973,cast,6,Jack Amberson
1235,6781,cast,7,Roger Bronson
1235,19225,cast,8,Major Amberson
1235,17636,cast,9,Narrator
1235,6220,cast,10,Citizen
1235,7923,cast,11,Matron
1235,8634,cast,12,Citizen
1235,17537,cast,13,Mary - Maid
1235,9625,cast,14,Reverend Smith
1235,23752,cast,15,Young Man at Accident
1235,14500,cast,16,Citizen
1235,2670,cast,17,George Minafer as a Boy
1235,5716,cast,18,Wilbur Minafer
1235,8781,cast,19,Workman
1235,11409,cast,20,Guest
1235,17636,director,1,
1235,7436,director,2,
1235,19743,director,3,
1235,2722,writer,1,
1235,17636,writer,2,
1235,11965,writer,3,
1235,9689,writer,4,
1236,9203,cast,1,Samuel Spade
1236,15430,cast,2,Brigid O'Shaughnessy
1236,8144,cast,3,Iva Archer
1236,18379,cast,4,Joel Cairo
1236,2107,cast,5,Lt. of Detectives Dundy
1236,13719,cast,6,Effie Perine
1236,21937,cast,7,Kasper Gutman
1236,23570,cast,8,Detective Tom Polhaus
1236,10733,cast,9,Miles Archer
1236,6368,cast,10,Wilmer Cook
1236,9899,cast,11,Luke
1236,16804,cast,12,Frank Richman
1236,11445,cast,13,Bryan
1236,3609,cast,14,Reporter
1236,3783,cast,15,Bit Part
1236,4504,cast,16,Stenographer
1236,19625,cast,17,Policeman
1236,23798,cast,18,Reporter
1236,23543,cast,19,Captain Jacoby
1236,8544,cast,20,Reporter
1236,11472,director,1,
1236,11472,writer,1,
1236,4896,writer,2,
1237,10063,cast,1,Dr. Benjamin McKenna
1237,5837,cast,2,Josephine Conway McKenna
1237,2800,cast,3,Lucy Drayton
1237,2303,cast,4,Edward Drayton
1237,18876,cast,5,"Inspector Buchanan, Special Branch"
1237,4727,cast,6,Louis Bernard
1237,16629,cast,7,Ambassador
1237,407,cast,8,Val Parnell
1237,8989,cast,9,Jan Peterson
1237,4089,cast,10,Hank McKenna
1237,19073,cast,11,French Marksman
1237,19374,cast,12,Albert Hall Assistant Manager
1237,17391,cast,13,"Woburn, Special Branch"
1237,786,cast,14,Helen Parnell
1237,24250,cast,15,French Police Inspector
1237,3363,cast,16,Cindy Fontaine
1237,14190,cast,17,London Symphony Orchestra
1237,2294,cast,18,Conductor
1237,4476,cast,19,Covent Garden Chorus
1237,2035,cast,20,Soloist
1237,685,director,1,
1237,11554,writer,1,
1237,3578,writer,2,
1237,5242,writer,3,
1237,1270,writer,4,
1238,10063,cast,1,Ransom Stoddard
1238,11692,cast,2,Tom Doniphon
1238,23241,cast,3,Hallie Stoddard
1238,13713,cast,4,Liberty Valance
1238,6128,cast,5,Dutton Peabody
1238,1195,cast,6,Link Appleyard
1238,12879,cast,7,Doc Willoughby
1238,11359,cast,8,Maj. Cassius Starbuckle
1238,10508,cast,9,Nora Ericson
1238,11600,cast,10,Peter Ericson
1238,23880,cast,11,Jason Tully - Conductor
1238,3239,cast,12,Maxwell Scott
1238,23935,cast,13,Pompey
1238,5431,cast,14,Amos Carruthers
1238,21761,cast,15,Floyd
1238,13730,cast,16,Reese
1238,19586,cast,17,Handy Strong
1238,17690,cast,18,Herbert Carruthers
1238,17970,cast,19,Mayor Winder
1238,11983,cast,20,Charlie Hasbrouck - Reporter for 'The Star'
1238,11423,director,1,
1238,10077,writer,1,
1238,23882,writer,2,
1238,5862,writer,3,
1239,20771,cast,1,Daniel Dravot
1239,16004,cast,2,Peachy Carnehan
1239,4092,cast,3,Rudyard Kipling
1239,20335,cast,4,Billy Fish
1239,13455,cast,5,Ootah
1239,9682,cast,6,District Commissioner
1239,12562,cast,7,Kafu Selim
1239,16645,cast,8,Babu
1239,462,cast,9,Ghulam
1239,17955,cast,10,Mulvaney
1239,8258,cast,11,Officer
1239,22322,cast,12,Dancers
1239,20933,cast,13,Roxanne
1239,16853,cast,14,Dancer
1239,24265,cast,15,Dancer
1239,8394,cast,16,Sikh Soldier
1239,13148,cast,17,Sikh Soldier
1239,11472,director,1,
1239,11472,writer,1,
1239,8146,writer,2,
1239,20162,writer,3,
1240,7378,cast,1,Major Bennett Marco
1240,13592,cast,2,Raymond Shaw
1240,10182,cast,3,Eugenie Rose Chaney
1240,1227,cast,4,Mrs. Eleanor Shaw Iselin
1240,8910,cast,5,Chunjin
1240,9966,cast,6,Senator John Yerkes Iselin
1240,13887,cast,7,Jocelyn Jordan
1240,11539,cast,8,Senator Thomas Jordan
1240,13065,cast,9,Dr. Yen Lo
1240,9941,cast,10,Corporal Allen Melvin
1240,5901,cast,11,Colonel Milt
1240,463,cast,12,Zilkov
1240,2088,cast,13,Secretary of Defense
1240,14157,cast,14,Holborn Gaines
1240,14577,cast,15,Female Berezovo
1240,11149,cast,16,Psychiatrist
1240,857,cast,17,Woman
1240,2253,cast,18,Chauffeur
1240,7298,cast,19,Photographer
1240,15434,cast,20,Woman in Lobby
1240,11427,director,1,
1240,19238,writer,1,
1240,7784,writer,2,
1240,11427,writer,3,
1241,10913,cast,1,"Stanley Ipkiss, The Mask"
1241,3142,cast,2,Tina Carlyle
1241,18408,cast,3,Lt. Mitch Kellaway
1241,18346,cast,4,Dorian
1241,990,cast,5,Peggy Brandt
1241,19298,cast,6,Charlie Schumaker
1241,17623,cast,7,Niko
1241,22477,cast,8,Irv
1241,16905,cast,9,Mrs. Peenman
1241,11730,cast,10,Burt
1241,19064,cast,11,Freeze
1241,10920,cast,12,Doyle
1241,5367,cast,13,Sweet Eddy
1241,11947,cast,14,Police Officer
1241,2567,cast,15,Alley Punk #1
1241,3415,cast,16,Cigarette Girl
1241,18473,cast,17,Guard
1241,13281,cast,18,Lady Cop
1241,5290,cast,19,Alley Punk #3
1241,2584,cast,20,Murray
1241,4124,director,1,
1241,16061,writer,1,
1241,15261,writer,2,
1241,16438,writer,3,
1242,11131,cast,1,Freddie Quell
1242,18525,cast,2,Lancaster Dodd
1242,952,cast,3,Peggy Dodd
1242,10812,cast,4,Val Dodd
1242,18722,cast,5,V.A. Doctor
1242,16403,cast,6,Rorschach Doctor
1242,20639,cast,7,V.A. Nurse
1242,2972,cast,8,"V.A. Doctor, Interview"
1242,15618,cast,9,V.A. Patient
1242,4629,cast,10,V.A. Patient
1242,1151,cast,11,V.A. Patient
1242,10607,cast,12,V.A. Patient
1242,17921,cast,13,V.A. Patient
1242,20253,cast,14,V.A. Patient
1242,10324,cast,15,V.A. Patient
1242,65,cast,16,V.A. Patient
1242,22553,cast,17,Portrait Customer
1242,13018,cast,18,Portrait Customer
1242,9209,cast,19,Portrait Customer
1242,20278,cast,20,Portrait Customer
1242,18103,director,1,
1242,18103,writer,1,
1243,12739,cast,1,Neo
1243,13588,cast,2,Morpheus
1243,3372,cast,3,Trinity
1243,9189,cast,4,Agent Smith
1243,8177,cast,5,Oracle
1243,11203,cast,6,Cypher
1243,14873,cast,7,Tank
1243,12224,cast,8,Apoc
1243,15608,cast,9,Mouse
1243,2168,cast,10,Switch
1243,1537,cast,11,Dozer
1243,18011,cast,12,Agent Brown
1243,19722,cast,13,Agent Jones
1243,4936,cast,14,Rhineheart
1243,14781,cast,15,Choi
1243,73,cast,16,Dujour
1243,5362,cast,17,Priestess
1243,20093,cast,18,Spoon Boy
1243,6307,cast,19,Potential
1243,22059,cast,20,Potential
1243,13426,director,1,
1243,13993,director,2,
1243,13993,writer,1,
1243,13426,writer,2,
1244,12739,cast,1,Neo
1244,13588,cast,2,Morpheus
1244,3372,cast,3,Trinity
1244,9189,cast,4,Agent Smith
1244,18966,cast,5,Power Station Guard
1244,3998,cast,6,Kali
1244,1188,cast,7,Police #2
1244,750,cast,8,Link's Niece
1244,8854,cast,9,The Architect
1244,21645,cast,10,Soren
1244,5704,cast,11,Vector
1244,16687,cast,12,Persephone
1244,4700,cast,13,Agent Johnson
1244,23153,cast,14,Priestess
1244,9248,cast,15,Bane
1244,13975,cast,16,Old Woman at Zion
1244,16001,cast,17,Zion Controller
1244,21757,cast,18,Bike Carrier Driver
1244,12814,cast,19,Ice
1244,12019,cast,20,Zion Virtual Control Operator
1244,13426,director,1,
1244,13993,director,2,
1244,13993,writer,1,
1244,13426,writer,2,
1245,6065,cast,1,Norval Jones
1245,2366,cast,2,Trudy Kockenlocker
1245,5514,cast,3,Emmy Kockenlocker
1245,23771,cast,4,Constable Edmund Kockenlocker
1245,18706,cast,5,Justice of the Peace
1245,6606,cast,6,Mr. Tuerck
1245,331,cast,7,Mr. Johnson
1245,12314,cast,8,Mr. Rafferty
1245,23310,cast,9,Newspaper Editor
1245,2855,cast,10,Governor McGinty
1245,293,cast,11,The Boss
1245,7423,cast,12,Aide
1245,5701,cast,13,Party Guest
1245,8541,cast,14,Homecoming Spectator
1245,10140,cast,15,Nurse
1245,7925,cast,16,Mrs. Johnson
1245,2419,cast,17,Short Soldier
1245,17411,cast,18,Head Nurse
1245,22649,cast,19,Reporter
1245,3782,cast,20,Pete
1245,18718,director,1,
1245,18718,writer,1,
1246,18908,cast,1,Narrator
1246,10364,cast,2,Narrator
1246,19457,director,1,
1246,19457,writer,1,
1246,4019,writer,2,
1247,2283,cast,1,"Marie, Alexandre's live-in girlfriend"
1247,10472,cast,2,Alexandre
1247,7281,cast,3,"Veronika, Alexandre's live-in girlfriend"
1247,9510,cast,4,"Gilberte, Alexandre's ex-girlfriend"
1247,9805,cast,5,"L'ami d'Alexandre, Alexander's friend"
1247,10450,cast,6,Le fan d'Offenbach
1247,10794,cast,7,L'amie à la main blessée
1247,2332,cast,8,"L'amie de Marie, Mary's friend"
1247,7747,cast,9,"L'amie de Veronika, Veronika's friend"
1247,15109,cast,10,
1247,10373,cast,11,Un homme aux Deux Magots
1247,18612,cast,12,
1247,10392,cast,13,Un homme au Café de Flore
1247,5878,cast,14,
1247,2288,cast,15,Maurice
1247,10397,cast,16,"Le mari de Gilberte, Gilbert's husband"
1247,3350,cast,17,Une jeune fille qui lit le journal en terrasse
1247,17390,cast,18,Un homme au Café de Flore
1247,1071,cast,19,Un homme aux Deux Magots
1247,10397,director,1,
1247,10397,writer,1,
1248,7588,cast,1,Ernesto Guevara de la Serna
1248,19846,cast,2,Alberto Granado
1248,15947,cast,3,Chichina Ferreyra
1248,15912,cast,4,Celia de la Serna (Argentina)
1248,10477,cast,5,Ernesto Guevara Lynch (Argentina)
1248,14357,cast,6,Roberto Guevara (Argentina)
1248,15100,cast,7,Celita Guevara (Argentina)
1248,21343,cast,8,Ana María Guevara (Argentina)
1248,7255,cast,9,Juan Martín Guevara (Argentina)
1248,19190,cast,10,Uncle Jorge (Argentina)
1248,20872,cast,11,Young Traveler (Argentina)
1248,4734,cast,12,Young Traveler (Argentina)
1248,5586,cast,13,Rodolfo (Argentina)
1248,6977,cast,14,Tomás Granado (Argentina)
1248,15594,cast,15,Kid (Argentina)
1248,5590,cast,16,Kid (Argentina)
1248,1657,cast,17,Kid (Argentina)
1248,8410,cast,18,Kid (Argentina)
1248,21878,cast,19,Aunt Rosana (Argentina)
1248,16961,cast,20,La Negra (Argentina)
1248,23555,director,1,
1248,6766,writer,1,
1248,472,writer,2,
1248,11930,writer,3,
1249,2809,cast,1,Rick O'Connell
1249,18800,cast,2,Evelyn
1249,11446,cast,3,Jonathan
1249,1719,cast,4,Imhotep
1249,13021,cast,5,Beni
1249,11810,cast,6,Egyptologist
1249,17495,cast,7,Ardeth Bay
1249,6711,cast,8,Curator
1249,21584,cast,9,Henderson
1249,4432,cast,10,Daniels
1249,23021,cast,11,Burns
1249,17605,cast,12,Warden
1249,217,cast,13,Pharaoh Seti
1249,2290,cast,14,Winston Havelock
1249,17861,cast,15,Anck Su Namun
1249,3205,cast,16,Hook
1249,16647,cast,17,Hangman
1249,40,cast,18,Camel Trader
1249,9839,cast,19,Mummy
1249,15559,cast,20,Mummy
1249,21621,director,1,
1249,21621,writer,1,
1249,14159,writer,2,
1249,13022,writer,3,
1249,11497,writer,4,
1249,17341,writer,5,
1249,19358,writer,6,
1250,16004,cast,1,Scrooge
1250,4905,cast,2,"The Great Gonzo, Robert Marley, Bunsen Honeydew"
1250,21706,cast,3,"Rizzo the Rat, Bean Bunny, Kermit the Frog"
1250,10767,cast,4,"Tiny Tim Cratchit, Jacob Marley, Ghost of Christmas Present"
1250,7361,cast,5,"Miss Piggy, Fozzie Bear, Sam Eagle"
1250,5144,cast,6,"Rat, Peter Cratchit, Old Joe"
1250,5702,cast,7,"Ghost of Christmas Present (performer), Ghost of Christmas Yet to Come (performer)"
1250,19728,cast,8,"Ghost of Christmas Yet to Come (performer), Ghost of Christmas Past (performer), Turkey"
1250,12512,cast,9,"Daughter Mouse, Ghost of Christmas Past (performer), Additional Muppet Performer"
1250,23855,cast,10,"Ghost of Christmas Past, Additional Muppets"
1250,10821,cast,11,Ghost of Christmas Past
1250,21726,cast,12,Fred
1250,15915,cast,13,Belle
1250,19796,cast,14,Clara
1250,19008,cast,15,Young Scrooge
1250,20209,cast,16,Young Scrooge
1250,22350,cast,17,Young Scrooge
1250,13319,cast,18,Young Scrooge
1250,6206,cast,19,Young Scrooge
1250,1509,cast,20,Boy #1
1250,2865,director,1,
1250,3607,writer,1,
1250,10761,writer,2,
1251,10930,cast,1,"Kermit the Frog, Rowlf, Dr. Teeth"
1251,7361,cast,2,"Miss Piggy, Fozzie Bear, Animal"
1251,10767,cast,3,"Floyd Pepper, Crazy Harry, Robin the Frog"
1251,19294,cast,4,"Scooter, Statler, Janice"
1251,4905,cast,5,"The Great Gonzo, Zoot, Dr. Bunsen Honeydew"
1251,3612,cast,6,Doc Hopper
1251,1909,cast,7,Max
1251,6102,cast,8,"Self, Charlie McCarthy"
1251,16498,cast,9,Mad Man Mooney
1251,15849,cast,10,Professor Max Krassman
1251,9916,cast,11,El Sleezo Cafe Owner
1251,5667,cast,12,Bernie the Agent
1251,6455,cast,13,Beauty Contest Compere
1251,2632,cast,14,Ice Cream Vendor
1251,14590,cast,15,El Sleezo Patron
1251,3319,cast,16,Myth
1251,4317,cast,17,Lord's Secretary
1251,21685,cast,18,Insolent Waiter
1251,19343,cast,19,Balloon Vendor
1251,22203,cast,20,El Sleezo Tough
1251,9955,director,1,
1251,10761,writer,1,
1251,9635,writer,2,
1252,13885,cast,1,Lt. Frank Drebin
1252,18728,cast,2,Jane Spencer
1252,17509,cast,3,Det. Nordberg
1252,19195,cast,4,Vincent Ludwig
1252,7841,cast,5,Capt. Ed Hocken
1252,21839,cast,6,Mrs. Wilma Nordberg
1252,16910,cast,7,Mayor Lillian Barkley
1252,18996,cast,8,Pahpshmir
1252,10523,cast,9,Queen Elizabeth II
1252,6055,cast,10,Ted Olsen
1252,22568,cast,11,Al
1252,23619,cast,12,'Weird Al'
1252,13881,cast,13,'Weird Leslie'
1252,23895,cast,14,Stephanie
1252,11187,cast,15,Foreman
1252,22820,cast,16,Enrico Pallazzo
1252,14198,cast,17,Woman On Ledge
1252,17179,cast,18,Thug #1
1252,19990,cast,19,Thug #27
1252,5839,cast,20,Nurse #2
1252,5220,director,1,
1252,10781,writer,1,
1252,10900,writer,2,
1252,5220,writer,3,
1252,17816,writer,4,
1253,19664,cast,1,Harry Powell
1253,21046,cast,2,Willa Harper
1253,13985,cast,3,Rachel Cooper
1253,9964,cast,4,Uncle Birdie Steptoe
1253,6916,cast,5,Icey Spoon
1253,18345,cast,6,Ben Harper
1253,5705,cast,7,Walt Spoon
1253,2515,cast,8,John Harper
1253,20383,cast,9,Pearl Harper
1253,8174,cast,10,Ruby
1253,4425,cast,11,Young Man in Town
1253,17641,cast,12,Townsman
1253,17978,cast,13,Bart the Hangman
1253,17410,cast,14,Townswoman
1253,3773,cast,15,Mary
1253,600,cast,16,Judge
1253,16013,cast,17,Ruby's Boyfriend
1253,17363,cast,18,Townsman
1253,15447,cast,19,Clary
1253,11397,cast,20,Prison Guard
1253,3647,director,1,
1253,5223,writer,1,
1253,9873,writer,2,
1253,3647,writer,3,
1254,4807,cast,1,"Jack Skellington Sung By, Barrel, Clown with the Tear Away Face"
1254,3930,cast,2,Jack (Speaking)
1254,3431,cast,3,"Sally, Shock"
1254,23794,cast,4,Evil Scientist
1254,8169,cast,5,Mayor
1254,18081,cast,6,Lock
1254,12883,cast,7,Oogie Boogie
1254,6192,cast,8,Santa
1254,21864,cast,9,"Big Witch, W.W.D."
1254,5272,cast,10,"Corpse Kid, Corpse Mom, Small Witch"
1254,8305,cast,11,"Harlequin Demon, Devil, Sax Player"
1254,12969,cast,12,"Man Under Stairs, Vampire, Corpse Dad"
1254,18926,cast,13,"Mr. Hyde, Behemoth, Vampire"
1254,21065,cast,14,"Mummy, Vampire"
1254,3306,cast,15,"Undersea Gal, Man Under the Stairs"
1254,8171,cast,16,Wolfman
1254,8909,director,1,
1254,22480,writer,1,
1254,16134,writer,2,
1254,3356,writer,3,
1255,7714,cast,1,Allie Calhoun
1255,9960,cast,2,Duke
1255,18790,cast,3,Allie
1255,20260,cast,4,Noah
1255,11060,cast,5,Anne Hamilton
1255,10089,cast,6,Martha Shaw
1255,19132,cast,7,Nurse at Counter
1255,20664,cast,8,Wife of Buyer
1255,17491,cast,9,Band Leader
1255,15637,cast,10,Dr. Barnwell
1255,19984,cast,11,Male Nurse
1255,7480,cast,12,Postman
1255,6381,cast,13,Lon's Secretary
1255,16499,cast,14,Lon's Employee
1255,2761,cast,15,Injured Soldier
1255,4708,cast,16,Buyer
1255,13001,cast,17,Fin
1255,11389,cast,18,Maitre D'
1255,4714,cast,19,Recruitment Officer
1255,16901,cast,20,Mary Allen
1255,17185,director,1,
1255,10711,writer,1,
1255,10125,writer,2,
1255,17174,writer,3,
1256,9499,cast,1,Alex
1256,965,cast,2,Jamie
1256,5604,cast,3,Dani
1256,11793,cast,4,Coach Pete
1256,12585,cast,5,Coach Edwards
1256,3732,cast,6,Erin
1256,20343,cast,7,Janssen
1256,3549,cast,8,Highsmith
1256,10625,cast,9,Winona
1256,17305,cast,10,Try-Hard
1256,6904,cast,11,Groundman
1256,329,cast,12,Dean
1256,17077,cast,13,Frat Boy
1256,19631,cast,14,Bouncer
1256,12433,cast,15,Moore
1256,10576,cast,16,Bartender
1256,17287,cast,17,Dani's Guitarist
1256,23672,cast,18,The Paper Shakers (Lead Singer)
1256,21979,cast,19,The Paper Shakers (Guitar & Lead Singer)
1256,9744,cast,20,The Paper Shakers (Electric Guitar)
1256,13578,director,1,
1256,13578,writer,1,
1257,9677,cast,1,Felix Ungar
1257,23552,cast,2,Oscar Madison
1257,11418,cast,3,Vinnie
1257,8918,cast,4,Murray
1257,5165,cast,5,Roy
1257,13483,cast,6,Speed
1257,16691,cast,7,Cecily
1257,3336,cast,8,Gwendolyn
1257,9460,cast,9,Waitress
1257,15688,cast,10,Matty Alou
1257,2412,cast,11,Sports Announcer
1257,328,cast,12,Home Plate Umpire
1257,11347,cast,13,Hotel Clerk
1257,22168,cast,14,Bartender
1257,2494,cast,15,Chambermaid
1257,17839,cast,16,Bowler
1257,12852,cast,17,Ken Boyer
1257,8953,cast,18,Hetwood Hale Brpun - Sports Writer
1257,10747,cast,19,Jerry Buchek
1257,19758,cast,20,Roberto Clemente
1257,7738,director,1,
1257,17089,writer,1,
1258,15605,cast,1,Odysseus
1258,22691,cast,2,Telemachus
1258,1406,cast,3,Penelope
1258,19678,cast,4,Antinous
1258,22951,cast,5,Bard
1258,4431,cast,6,Polybus
1258,10221,cast,7,Leodes
1258,17306,cast,8,Peisander
1258,6452,cast,9,Sinon
1258,21088,cast,10,First Trojan
1258,18827,cast,11,Second Trojan
1258,6495,cast,12,Elatus
1258,9310,cast,13,Amphimedon
1258,10097,cast,14,Agelus
1258,11296,cast,15,Beggar in Ithaca
1258,18835,cast,16,Teenage Antinous
1258,15560,cast,17,Teenage Sinon
1258,11509,cast,18,Eumaeus
1258,15945,cast,19,Melantho
1258,20263,cast,20,Mentor
1258,4088,director,1,
1258,4088,writer,1,
1258,9057,writer,2,
1259,8331,cast,1,Robert Thorn
1259,13721,cast,2,Katherine Thorn
1259,8728,cast,3,Damien
1259,5200,cast,4,Jennings
1259,2503,cast,5,Mrs. Baylock
1259,17917,cast,6,Father Brennan
1259,15340,cast,7,Father Spiletto
1259,19693,cast,8,Monk
1259,22780,cast,9,Priest
1259,11656,cast,10,The Psychiatrist
1259,1526,cast,11,Dr. Becker
1259,9051,cast,12,Nanny
1259,20101,cast,13,Reporter
1259,7461,cast,14,Nun
1259,21034,cast,15,Mrs. Horton
1259,19652,cast,16,Horton
1259,2963,cast,17,Thorn's Aide
1259,5720,cast,18,Thorn's Second Aide
1259,17905,cast,19,Photographer
1259,5238,cast,20,Chambermaid
1259,19259,director,1,
1259,5161,writer,1,
1259,8720,writer,2,
1260,18020,cast,1,Fernando
1260,11123,cast,2,António
1260,23962,cast,3,"Jesus, Tomé"
1260,8535,cast,4,Fei
1260,3533,cast,5,Ling
1260,12190,cast,6,Caçadora Loira
1260,7128,cast,7,Caçadora 1
1260,9505,cast,8,Caçadora 2
1260,643,cast,9,
1260,1055,cast,10,
1260,5170,cast,11,
1260,8044,cast,12,
1260,16356,cast,13,
1260,17474,cast,14,
1260,19192,cast,15,
1260,542,cast,16,
1260,11123,director,1,
1260,11123,writer,1,
1261,2167,cast,1,Laura
1261,7074,cast,2,Carlos
1261,19898,cast,3,Simón
1261,14547,cast,4,Pilar
1261,16718,cast,5,Benigna
1261,1113,cast,6,Enrique
1261,6110,cast,7,Bálaban
1261,17642,cast,8,Tomás
1261,16556,cast,9,Laura Niña
1261,7932,cast,10,Rita
1261,3230,cast,11,Martín
1261,510,cast,12,Víctor
1261,3298,cast,13,Alicia
1261,17648,cast,14,Guillermo
1261,7955,cast,15,Aurora
1261,6620,cast,16,Jefe Grupo Terapia
1261,2591,cast,17,Mujer Grupo Terapia
1261,3327,cast,18,Benigna Joven
1261,9490,cast,19,Antonia Cuidadora
1261,7083,cast,20,Médico
1261,9604,director,1,
1261,20877,writer,1,
1262,4297,cast,1,Josey Wales
1262,21369,cast,2,Laura Lee
1262,3810,cast,3,Lone Watie
1262,2458,cast,4,Captain Terrill
1262,11682,cast,5,Captain Fletcher
1262,18138,cast,6,Grandma Sarah
1262,20416,cast,7,Jamie
1262,7959,cast,8,Little Moonlight
1262,23929,cast,9,Carpetbagger
1262,12094,cast,10,Rose
1262,21023,cast,11,Travis Cobb
1262,20126,cast,12,Ten Spot
1262,15602,cast,13,Kelly
1262,11683,cast,14,Chato
1262,23712,cast,15,Ten Bears
1262,23823,cast,16,Sim Carstairs
1262,11599,cast,17,Comanchero Leader
1262,7374,cast,18,Senator Lane
1262,3045,cast,19,Shopkeeper
1262,13762,cast,20,Abe
1262,4297,director,1,
1262,7166,writer,1,
1262,18508,writer,2,
1262,21378,writer,3,
1263,10332,cast,1,Self
1263,1087,cast,2,Self
1263,406,cast,3,Self
1263,21051,cast,4,Self
1263,12742,cast,5,Self
1263,15976,cast,6,Self
1263,17997,cast,7,Self
1263,12787,cast,8,Self
1263,8152,cast,9,Self
1263,22258,cast,10,Self
1263,11625,cast,11,Self
1263,10810,director,1,
1263,10810,writer,1,
1264,16932,cast,1,Kitty Fane
1264,6200,cast,2,Walter Fane
1264,13963,cast,3,Charlie Townsend
1264,3413,cast,4,Hostess
1264,2547,cast,5,Te-Ming
1264,2550,cast,6,Student 1
1264,385,cast,7,Mr. Garstin
1264,15050,cast,8,Sister St. Joseph
1264,20381,cast,9,Mary
1264,12292,cast,10,Dorothy Townsend
1264,22597,cast,11,Waddington
1264,14242,cast,12,Sister Maryse
1264,8449,cast,13,Angry Chinese Man
1264,13928,cast,14,Sung Ching
1264,8006,cast,15,Amah
1264,24075,cast,16,Student 2
1264,9284,cast,17,Geoffrey Denison
1264,5518,cast,18,Mother Superior
1264,21234,cast,19,Warlord Kwei
1264,13947,cast,20,Student 3
1264,11390,director,1,
1264,19962,writer,1,
1264,23482,writer,2,
1265,9692,cast,1,Locke
1265,14987,cast,2,Girl
1265,10678,cast,3,Rachel
1265,9262,cast,4,Knight
1265,21712,cast,5,Stephen
1265,909,cast,6,Achebe
1265,11925,cast,7,Hotel Keeper
1265,9908,cast,8,Witch doctor
1265,14743,cast,9,German stranger
1265,10365,cast,10,Murderer
1265,1214,cast,11,Police inspector
1265,3667,cast,12,Robertson
1265,16543,cast,13,
1265,9832,cast,14,
1265,11076,cast,15,Hotel Clerk
1265,16937,cast,16,Murderer's accomplice
1265,8412,cast,17,
1265,6624,cast,18,Cameraman
1265,16279,director,1,
1265,15239,writer,1,
1265,6624,writer,2,
1265,16279,writer,3,
1265,18454,writer,4,
1265,16357,writer,5,
1266,14962,cast,1,Jeanne d'Arc
1266,6858,cast,2,Évêque Pierre Cauchon (Bishop Pierre Cauchon)
1266,1044,cast,3,Jean d'Estivet
1266,15727,cast,4,Nicolas Loyseleur
1266,1576,cast,5,Jean Massieu
1266,16272,cast,6,Jean Lemaître
1266,10395,cast,7,Guillaume Evrard
1266,14293,cast,8,Jean Beaupère
1266,1683,cast,9,Juge (Judge)
1266,9775,cast,10,Juge (Judge)
1266,645,cast,11,Juge (Judge)
1266,13807,cast,12,Juge (Judge)
1266,10361,cast,13,Juge (Judge)
1266,3157,cast,14,"Richard Beauchamp, 13th Earl of Warwick"
1266,8047,cast,15,Juge (Judge)
1266,8048,cast,16,Jean Lemaître
1266,17990,cast,17,Martin Ladvenu
1266,5607,cast,18,Juge (Judge)
1266,7174,cast,19,Juge (Judge)
1266,8865,cast,20,Juge (Judge)
1266,3223,director,1,
1266,11967,writer,1,
1266,3223,writer,2,
1267,10915,cast,1,Jesus
1267,16687,cast,2,Magdalen
1267,14654,cast,3,Mary
1267,4015,cast,4,John
1267,7208,cast,5,Peter
1267,15684,cast,6,Caiphas
1267,22804,cast,7,Annas
1267,14346,cast,8,Judas
1267,9131,cast,9,Pontius Pilate
1267,4237,cast,10,Claudia Procles
1267,6970,cast,11,Abenader
1267,8018,cast,12,Joseph of Arimathea
1267,517,cast,13,Nicodemus
1267,21033,cast,14,Woman in Audience
1267,14397,cast,15,Old Temple Guard
1267,17706,cast,16,Whipping Guard
1267,113,cast,17,Temple Guard
1267,14370,cast,18,Second Man
1267,114,cast,19,Thomas
1267,7247,cast,20,Accuser
1267,15852,director,1,
1267,2233,writer,1,
1267,15852,writer,2,
1268,2278,cast,1,Marie Brisson
1268,21999,cast,2,Samir
1268,709,cast,3,Ahmad
1268,18151,cast,4,Lucie
1268,6494,cast,5,Fouad
1268,10518,cast,6,Léa
1268,20313,cast,7,Naïma
1268,1967,cast,8,Shahryar
1268,23147,cast,9,Valeria
1268,530,cast,10,Céline
1268,10449,cast,11,Médecin
1268,18620,cast,12,Juge
1268,1420,cast,13,Avocate
1268,6323,cast,14,Collègue Marie
1268,11796,cast,15,Agent aéroport
1268,21966,cast,16,Infirmière
1268,13071,cast,17,Ahmad
1268,9307,cast,18,
1268,15839,cast,19,Mark
1268,14643,cast,20,
1268,1808,director,1,
1268,1808,writer,1,
1269,23932,cast,1,Larry Flynt
1269,4471,cast,2,Althea Leasure Flynt
1269,6200,cast,3,Alan Isaacman
1269,2830,cast,4,Jimmy Flynt
1269,5802,cast,5,Ruth Carter Stapleton
1269,9921,cast,6,Charles Keating
1269,4507,cast,7,Arlo
1269,23377,cast,8,Chester
1269,16474,cast,9,Miles
1269,9912,cast,10,Simon Leis
1269,19341,cast,11,Reverend Jerry Falwell
1269,3075,cast,12,Roy Grutman
1269,10128,cast,13,The Assassin
1269,4330,cast,14,10-Year-Old Larry
1269,20271,cast,15,8-Year-Old Jimmy
1269,19560,cast,16,Old Hillbilly
1269,12418,cast,17,Young Ma Flynt
1269,11628,cast,18,Young Pa Flynt
1269,12633,cast,19,1st Stripper
1269,8306,cast,20,Disc Jockey
1269,16494,director,1,
1269,20704,writer,1,
1269,13489,writer,2,
1270,3385,cast,1,C.K. Dexter Haven
1270,12612,cast,2,Tracy Lord
1270,10063,cast,3,Macaulay Connor
1270,20232,cast,4,Elizabeth Imbrie
1270,11465,cast,5,George Kittredge
1270,19917,cast,6,Uncle Willie
1270,11444,cast,7,Seth Lord
1270,15483,cast,8,Margaret Lord
1270,23423,cast,9,Dinah Lord
1270,8893,cast,10,Sidney Kidd
1270,14069,cast,11,Edward
1270,19152,cast,12,Thomas
1270,13163,cast,13,Wedding Guest
1270,8989,cast,14,Main Line Society Woman
1270,23222,cast,15,Elsie
1270,14119,cast,16,Manicurist
1270,20193,cast,17,John
1270,20374,cast,18,Party Guest
1270,4973,cast,19,Mac
1270,17540,cast,20,Wedding Guest
1270,7809,director,1,
1270,5777,writer,1,
1270,18492,writer,2,
1270,23496,writer,3,
1271,176,cast,1,Wladyslaw Szpilman
1271,22425,cast,2,Captain Wilm Hosenfeld
1271,7328,cast,3,Father
1271,6531,cast,4,Dorota
1271,16240,cast,5,Jurek
1271,6052,cast,6,Henryk
1271,15704,cast,7,Mother
1271,10828,cast,8,Halina
1271,12217,cast,9,Regina
1271,23568,cast,10,SS Slapping Father
1271,19346,cast,11,Mr. Lipa
1271,17403,cast,12,Feather Woman
1271,1523,cast,13,Man Waiting to Cross
1271,14416,cast,14,Street Musician
1271,19827,cast,15,Street Musician
1271,2194,cast,16,Street Musician
1271,22426,cast,17,Schutzpolizei
1271,11050,cast,18,Schutzpolizei
1271,20119,cast,19,Itzak Heller
1271,17976,cast,20,Yehuda
1271,19930,director,1,
1271,19992,writer,1,
1271,23906,writer,2,
1272,9048,cast,1,Ada McGrath
1272,8724,cast,2,George Baines
1272,20443,cast,3,Alisdair Stewart
1272,1364,cast,4,Flora McGrath
1272,12972,cast,5,Aunt Morag
1272,7746,cast,6,Nessie
1272,23033,cast,7,Hira
1272,9278,cast,8,Reverend
1272,18312,cast,9,Head Seaman
1272,22163,cast,10,Chief Nihe
1272,18263,cast,11,Hone
1272,2956,cast,12,Blind Piano Tuner
1272,4283,cast,13,Mana
1272,3235,cast,14,Heni (Mission Girl)
1272,14645,cast,15,Mere (Mission Girl)
1272,9087,cast,16,Mutu
1272,8215,cast,17,Te Kori
1272,15914,cast,18,Chief Nihe's Daughter
1272,13188,cast,19,Marama
1272,22083,cast,20,Mahina
1272,10141,director,1,
1272,10141,writer,1,
1273,9500,cast,1,Erika Kohut
1273,1451,cast,2,The Mother
1273,2272,cast,3,Walter Klemmer
1273,21886,cast,4,Mrs. Schober
1273,23074,cast,5,Dr. George Blonskij
1273,1374,cast,6,Anna Schober
1273,4444,cast,7,Mme Gerda Blonskij
1273,22448,cast,8,Baritone
1273,7774,cast,9,Man in drive-in
1273,18535,cast,10,Naprawnik
1273,23815,cast,11,Teacher
1273,20149,cast,12,Director
1273,16190,cast,13,Teacher
1273,7571,cast,14,Margot
1273,5594,cast,15,Singing teacher
1273,23469,cast,16,Teacher
1273,15401,cast,17,Teacher
1273,1436,cast,18,Teacher
1273,12557,cast,19,Teacher
1273,13978,cast,20,Secretary
1273,16080,director,1,
1273,16080,writer,1,
1273,6324,writer,2,
1274,22513,cast,1,Griffin Mill
1274,8343,cast,2,June Gudmundsdottir
1274,7457,cast,3,Walter Stuckel
1274,23675,cast,4,Detective Avery
1274,18341,cast,5,Larry Levy
1274,2927,cast,6,Joel Levison
1274,4555,cast,7,Bonnie Sherow
1274,23357,cast,8,David Kahane
1274,5257,cast,9,Andy Civella
1274,19264,cast,10,Tom Oakley
1274,21943,cast,11,Dick Mellen
1274,14501,cast,12,Detective DeLongpre
1274,5612,cast,13,Celia
1274,1225,cast,14,Jan
1274,13667,cast,15,Sandy
1274,18025,cast,16,Jimmy Chase
1274,18911,cast,17,Reg Goldman
1274,10716,cast,18,Steve Reeves
1274,8085,cast,19,Whitney Gersh
1274,7296,cast,20,Frank Murphy
1274,19502,director,1,
1274,16212,writer,1,
1275,2232,cast,1,Phil Burbank
1275,13190,cast,2,Rose Gordon
1275,10812,cast,3,George Burbank
1275,13234,cast,4,Peter Gordon
1275,7746,cast,5,Mrs Lewis
1275,12928,cast,6,Barkeep
1275,20781,cast,7,Sven
1275,7856,cast,8,Cricket
1275,18896,cast,9,Theo
1275,4986,cast,10,Angelo
1275,4338,cast,11,Bobby
1275,15756,cast,12,Juan
1275,12049,cast,13,Lee
1275,782,cast,14,Jock
1275,6068,cast,15,Stan
1275,726,cast,16,Buster
1275,3040,cast,17,Queenie
1275,9764,cast,18,Jeanie
1275,24262,cast,19,Hettie
1275,257,cast,20,Evie
1275,10141,director,1,
1275,10141,writer,1,
1275,22442,writer,2,
1276,3955,cast,1,Alfred Borden
1276,9166,cast,2,Robert Angier
1276,20699,cast,3,Olivia Wenscombe
1276,16004,cast,4,Cutter
1276,18665,cast,5,Julia McCullough
1276,19039,cast,6,Sarah
1276,20476,cast,7,Jess
1276,4960,cast,8,Tesla
1276,1206,cast,9,Alley
1276,4715,cast,10,Judge
1276,10953,cast,11,Prosecutor
1276,4085,cast,12,Defender
1276,15251,cast,13,Captain
1276,19900,cast,14,Owens
1276,10097,cast,15,Sullen Warder
1276,16722,cast,16,Stagecoach Driver
1276,19966,cast,17,Hotel Manager
1276,19416,cast,18,Milton
1276,9598,cast,19,Virgil
1276,1496,cast,20,Boy
1276,4088,director,1,
1276,11829,writer,1,
1276,4088,writer,2,
1276,4093,writer,3,
1277,23127,cast,1,"Moses, God"
1277,18863,cast,2,Rameses
1277,16310,cast,3,Tzipporah
1277,20541,cast,4,Miriam
1277,10559,cast,5,Aaron
1277,4809,cast,6,Jethro
1277,17913,cast,7,Seti
1277,8822,cast,8,The Queen
1277,21685,cast,9,Hotep
1277,15388,cast,10,Huy
1277,2677,cast,11,Rameses Son
1277,6098,cast,12,Young Miriam
1277,17503,cast,13,Yocheved
1277,9881,cast,14,Additional Voices
1277,1646,cast,15,Additional Voices
1277,21564,cast,16,Additional Voices
1277,7205,cast,17,Additional Voices
1277,21126,cast,18,Hebrew Child
1277,16267,cast,19,Hebrew Child
1277,4075,cast,20,Hebrew Child
1277,2799,director,1,
1277,21672,director,2,
1277,21287,director,3,
1277,18515,writer,1,
1277,17166,writer,2,
1278,3384,cast,1,Westley
1278,14740,cast,2,Inigo Montoya
1278,19798,cast,3,The Princess Bride
1278,3930,cast,4,Prince Humperdinck
1278,4055,cast,5,Count Rugen
1278,23504,cast,6,Vizzini
1278,1067,cast,7,Fezzik
1278,7452,cast,8,The Grandson
1278,18329,cast,9,The Grandfather
1278,18303,cast,10,The Impressive Clergyman
1278,15857,cast,11,The Albino
1278,3319,cast,12,Valerie
1278,2519,cast,13,Miracle Max
1278,1400,cast,14,The Queen
1278,14928,cast,15,The Ancient Booer
1278,14702,cast,16,Yellin
1278,23883,cast,17,The King
1278,2353,cast,18,The Mother
1278,17959,cast,19,The Assistant Brute
1278,4796,cast,20,Rodent Of Unusual Size
1278,19485,director,1,
1278,23788,writer,1,
1279,24326,cast,1,Max Bialystock
1279,7742,cast,2,Leo Bloom
1279,5563,cast,3,L.S.D. - Lorenzo St. DuBois
1279,12923,cast,4,Franz Liebkind
1279,6806,cast,5,Hold Me Touch Me
1279,4057,cast,6,Roger De Bris
1279,1098,cast,7,Carmen Ghia
1279,13714,cast,8,Ulla
1279,19144,cast,9,Eva Braun
1279,16039,cast,10,Production Tenor
1279,11709,cast,11,Drama Critic
1279,14592,cast,12,Concierge
1279,7308,cast,13,The Bartender
1279,1776,cast,14,Auditioning Hitler
1279,24298,cast,15,Jason Green
1279,2317,cast,16,Auditioning Hitler
1279,20220,cast,17,Auditioning Hitler
1279,1505,cast,18,Auditioning Hitler
1279,15474,cast,19,Old Lady
1279,916,cast,20,Old Lady
1279,15849,director,1,
1279,15849,writer,1,
1280,10485,cast,1,Leon
1280,7666,cast,2,Stansfield
1280,16977,cast,3,Mathilda
1280,4794,cast,4,Tony
1280,18267,cast,5,Malky
1280,23726,cast,6,1st Stansfield Man
1280,5714,cast,7,2nd Stansfield Man
1280,12773,cast,8,3rd Stansfield Man
1280,18923,cast,9,4th Stansfield Man
1280,15973,cast,10,Mathilda's Father
1280,6433,cast,11,Mathilda's Mother
1280,6406,cast,12,Mathilda's Sister
1280,3211,cast,13,Mathilda's Brother
1280,7375,cast,14,Fatman
1280,14399,cast,15,Tonto
1280,6652,cast,16,Bodyguard Chief
1280,14336,cast,17,Mickey
1280,14664,cast,18,Blond Babe
1280,10848,cast,19,Old Lady
1280,7855,cast,20,Receptionist
1280,14337,director,1,
1280,14337,writer,1,
1281,15944,cast,1,Cecilia
1281,10549,cast,2,"Tom Baxter, Gil Shepherd"
1281,4794,cast,3,Monk
1281,9475,cast,4,Theater Manager
1281,21556,cast,5,Cecilia's Sister
1281,5054,cast,6,Diner Boss
1281,6289,cast,7,Diner Patron
1281,23330,cast,8,Diner Patron
1281,15209,cast,9,Diner Patron
1281,23485,cast,10,Diner Patron
1281,11979,cast,11,Diner Patron
1281,5740,cast,12,Diner Patron
1281,15715,cast,13,Diner Patron
1281,18024,cast,14,Penny Pitcher
1281,19406,cast,15,Penny Pitcher
1281,18299,cast,16,Penny Pitcher
1281,16501,cast,17,Ticket Buyer
1281,16510,cast,18,Ticket Buyer
1281,22658,cast,19,Ticket Taker
1281,15459,cast,20,Popcorn Seller
1281,23931,director,1,
1281,23931,writer,1,
1282,8822,cast,1,The Queen
1282,16194,cast,2,Tony Blair
1282,9921,cast,3,Prince Philip
1282,568,cast,4,Prince Charles
1282,19858,cast,5,Robin Janvrin
1282,21964,cast,6,Queen Mother
1282,22506,cast,7,Stephen Lamport
1282,19794,cast,8,Equerry
1282,14182,cast,9,Janvrin's Secretary
1282,5905,cast,10,Lord Airlie
1282,12093,cast,11,Balmoral Maid
1282,17810,cast,12,Head Ghillie
1282,878,cast,13,Queen's Dresser
1282,11540,cast,14,Balmoral Head Ghillie
1282,8282,cast,15,Charles' Valet
1282,5658,cast,16,Balmoral Switchboard Operator
1282,9859,cast,17,Prince William
1282,4893,cast,18,Prince Harry
1282,8821,cast,19,Cherie Blair
1282,15173,cast,20,Alastair Campbell
1282,21587,director,1,
1282,18395,writer,1,
1283,3374,cast,1,Eibhlín
1283,1122,cast,2,Seán
1283,3416,cast,3,Cáit
1283,16161,cast,4,Da
1283,12599,cast,5,Mam
1283,11086,cast,6,Úna
1283,22101,cast,7,Sorcha
1283,17060,cast,8,Gráinne
1283,5994,cast,9,Aoife
1283,3358,cast,10,The Woman
1283,17712,cast,11,Mac Gearailt
1283,2794,cast,12,Ó Cathasaigh
1283,20787,cast,13,Ó Floinn
1283,251,cast,14,Woman of the Shop
1283,6292,cast,15,Áine
1283,15139,cast,16,Brid
1283,10827,cast,17,Cáit's Half-Twin
1283,19908,cast,18,Siobhán
1283,8270,cast,19,Sinéad
1283,13092,cast,20,Úna's Son
1283,4378,director,1,
1283,4172,writer,1,
1283,4378,writer,2,
1284,11692,cast,1,Sean Thornton
1284,15706,cast,2,Mary Kate Danaher
1284,2079,cast,3,Michaleen Oge Flynn
1284,23570,cast,4,Father Peter Lonergan
1284,23305,cast,5,Squire 'Red' Will Danaher
1284,16469,cast,6,The Widow Sarah Tillane
1284,7225,cast,7,Dan Tobin
1284,6258,cast,8,Mrs. Elizabeth Playfair
1284,15783,cast,9,Fishwoman with Basket at Station
1284,1780,cast,10,Reverend Cyril Playfair
1284,3572,cast,11,Hugh Forbes
1284,10032,cast,12,Father Paul
1284,20785,cast,13,Owen Glynn
1284,9681,cast,14,Ignatius Feeney
1284,12004,cast,15,Molouney - Train Guard
1284,6665,cast,16,Costello - Engine Driver
1284,13025,cast,17,Train Fireman
1284,17710,cast,18,Railway Porter
1284,7293,cast,19,Man in Bar
1284,22822,cast,20,Boxing Second
1284,11423,director,1,
1284,7373,writer,1,
1284,15730,writer,2,
1284,11423,writer,3,
1285,12607,cast,1,Hanna Schmitz
1285,18863,cast,2,Michael Berg
1285,3012,cast,3,Professor Rohl
1285,10506,cast,4,Brigitte
1285,5059,cast,5,Young Michael Berg
1285,21886,cast,6,Carla Berg
1285,778,cast,7,Emily Berg
1285,7145,cast,8,Thomas Berg
1285,7510,cast,9,Angela Berg
1285,15682,cast,10,Peter Berg
1285,7509,cast,11,Doctor
1285,15028,cast,12,Hanna's Neighbour
1285,8856,cast,13,Woodyard Worker
1285,18839,cast,14,Teacher
1285,22898,cast,15,Sports Master
1285,16755,cast,16,Holger
1285,11053,cast,17,Stamp Dealer
1285,2048,cast,18,Waitress
1285,8573,cast,19,Clerk
1285,12362,cast,20,Gerhard Bade
1285,21581,director,1,
1285,5021,writer,1,
1285,2314,writer,2,
1286,6594,cast,1,The Father
1286,22694,cast,2,The Son (young adult)
1286,1998,cast,3,The Son (child)
1286,1931,cast,4,The Baby
1286,2010,cast,5,The Mother
1286,15693,cast,6,Mother
1286,16329,cast,7,Father
1286,6340,cast,8,Son
1286,16049,director,1,
1286,16049,writer,1,
1286,17788,writer,2,
1287,1516,cast,1,Stevens
1287,6588,cast,2,Miss Kenton
1287,11451,cast,3,Auctioneer
1287,4096,cast,4,Lewis
1287,3348,cast,5,Landlady
1287,9951,cast,6,Lord Darlington
1287,18438,cast,7,Father
1287,18129,cast,8,"Mrs. Mortimer, the Cook"
1287,2184,cast,9,"Charlie, Head Footman"
1287,21662,cast,10,"George, Second Footman"
1287,54,cast,11,Housemaid
1287,17889,cast,12,Spencer
1287,18301,cast,13,Sir Leonard Bax
1287,18350,cast,14,Canon Tufnell
1287,9163,cast,15,Cardinal
1287,22219,cast,16,Trimmer
1287,10614,cast,17,Viscount Bigge
1287,9175,cast,18,Scullery Boy
1287,16126,cast,19,Dupont D'Ivry
1287,2920,cast,20,Baroness
1287,9980,director,1,
1287,12725,writer,1,
1287,20240,writer,2,
1288,23458,cast,1,Andrey
1288,9550,cast,2,Ivan
1288,13256,cast,3,Otets
1288,16984,cast,4,Mat
1288,7607,cast,5,Babushka
1288,539,cast,6,Zavodila
1288,13657,cast,7,Khuligan
1288,6415,cast,8,Ofitsiantka
1288,14533,cast,9,Devushka v zerkalakh
1288,1178,cast,10,Chelovek v portu
1288,536,cast,11,
1288,23336,cast,12,
1288,21512,cast,13,
1288,1727,cast,14,
1288,21351,cast,15,
1288,1726,cast,16,
1288,794,cast,17,
1288,6929,cast,18,
1288,1179,director,1,
1288,23462,writer,1,
1288,527,writer,2,
1289,2769,cast,1,Brady Blackburn
1289,16729,cast,2,Gus
1289,22498,cast,3,Wayne Blackburn
1289,13991,cast,4,Lilly Blackburn
1289,13858,cast,5,Frank
1289,3404,cast,6,Cat Clifford
1289,22092,cast,7,Tanner Langdeau
1289,9906,cast,8,James Calhoon
1289,13439,cast,9,Lane Scott
1289,3148,cast,10,Rodeo Cowboy #1
1289,11879,cast,11,Rodeo Cowboy #2
1289,5813,cast,12,Rodeo Cowboy #3
1289,22248,cast,13,Terri Dawn
1289,823,cast,14,Bill
1289,8287,cast,15,Bar Owner
1289,13020,cast,16,Bar Patron #1
1289,15303,cast,17,Bar Patron #2
1289,7384,cast,18,Miles
1289,6831,cast,19,Miles' Son
1289,8848,cast,20,Job Center Coordinator
1289,3844,director,1,
1289,3844,writer,1,
1290,20456,cast,1,Chuck Yeager
1290,20716,cast,2,Alan Shepard
1290,6038,cast,3,John Glenn
1290,5420,cast,4,Gordon Cooper
1290,7457,cast,5,Gus Grissom
1290,2031,cast,6,Glennis Yeager
1290,13134,cast,7,Pancho Barnes
1290,23255,cast,8,Betty Grissom
1290,17736,cast,9,Trudy Cooper
1290,20734,cast,10,Deke Slayton
1290,3622,cast,11,Scott Carpenter
1290,13433,cast,12,Wally Schirra
1290,5775,cast,13,Lyndon B. Johnson
1290,13907,cast,14,"Jack Ridley, Narrator"
1290,15464,cast,15,Annie Glenn
1290,20748,cast,16,Scott Crossfield
1290,12657,cast,17,Louise Shepard
1290,16335,cast,18,Marge Slayton
1290,21856,cast,19,Rene Carpenter
1290,16616,cast,20,Jo Schirra
1290,18508,director,1,
1290,18508,writer,1,
1290,22756,writer,2,
1291,15852,cast,1,Max
1291,2995,cast,2,The Gyro Captain
1291,16170,cast,3,Pappagallo
1291,15758,cast,4,The Toadie
1291,23253,cast,5,Wez
1291,13218,cast,6,The Humungus
1291,6519,cast,7,The Feral Kid
1291,23413,cast,8,Warrior Woman
1291,23872,cast,9,Zetta
1291,1668,cast,10,The Captain's Girl
1291,21677,cast,11,Mechanic
1291,21933,cast,12,Curmudgeon
1291,16654,cast,13,Big Rebecca
1291,4991,cast,14,Nathan
1291,5172,cast,15,Quiet Man
1291,13315,cast,16,Mechanic's Assistant
1291,15748,cast,17,Broken Victim
1291,23049,cast,18,Defiant Victim
1291,10770,cast,19,Golden Youth
1291,22830,cast,20,Grinning Mohawker
1291,7862,director,1,
1291,22261,writer,1,
1291,7862,writer,2,
1291,2863,writer,3,
1291,3096,writer,4,
1292,20771,cast,1,John Patrick Mason
1292,17237,cast,2,Stanley Goodspeed
1292,6038,cast,3,General Francis X. Hummel
1292,11649,cast,4,F.B.I. Director Womack
1292,5100,cast,5,Major Tom Baxter
1292,23782,cast,6,Ernest Paxton
1292,15989,cast,7,Commander Anderson
1292,23195,cast,8,Carla Pestalozzi
1292,11349,cast,9,Marine Captain Hendrix
1292,8337,cast,10,Captain Frye
1292,22879,cast,11,Captain Darrow
1292,2695,cast,12,Sergeant Crisp
1292,10944,cast,13,Private Scarpetti
1292,8291,cast,14,Private Gamble
1292,2811,cast,15,Private Cox
1292,21670,cast,16,Private McCoy
1292,4822,cast,17,Lieutenant Shepard
1292,4168,cast,18,Jade Angelou
1292,3488,cast,19,Stacy Richards
1292,22616,cast,20,Marvin Isherwood
1292,15977,director,1,
1292,5207,writer,1,
1292,5896,writer,2,
1292,15249,writer,3,
1293,22483,cast,1,Dr. Frank-N-Furter - A Scientist
1293,21871,cast,2,Janet Weiss - A Heroine
1293,2073,cast,3,Brad Majors - A Hero
1293,19338,cast,4,Riff Raff - A Handyman
1293,17856,cast,5,Magenta - A Domestic
1293,17098,cast,6,Columbia - A Groupie
1293,11779,cast,7,Dr. Everett V. Scott - A Rival Scientist
1293,18357,cast,8,Rocky Horror - A Creation
1293,15811,cast,9,Eddie - Ex Delivery Boy
1293,3627,cast,10,The Criminologist - An Expert
1293,10714,cast,11,Ralph Hapschatt
1293,8983,cast,12,Betty Munroe
1293,18600,cast,13,A Transylvanian
1293,4030,cast,14,A Transylvanian
1293,7702,cast,15,A Transylvanian
1293,9521,cast,16,A Transylvanian
1293,21575,cast,17,A Transylvanian
1293,9155,cast,18,A Transylvanian
1293,9367,cast,19,A Transylvanian
1293,22825,cast,20,A Transylvanian
1293,10958,director,1,
1293,19338,writer,1,
1293,10958,writer,2,
1294,14825,cast,1,Robert de la Chesnaye
1294,17414,cast,2,Christine de la Chesnaye
1294,18143,cast,3,"Lisette, sa camériste"
1294,16461,cast,4,Geneviève de Marras
1294,17499,cast,5,Mme de la Plante
1294,4171,cast,6,Mme de la Bruyère
1294,1421,cast,7,"Jackie, nièce de Christine"
1294,14117,cast,8,Radio-Reporter
1294,12281,cast,9,"Marceau, le braconnier"
1294,19915,cast,10,André Jurieux
1294,7687,cast,11,"Schumacher, le garde-chasse"
1294,10486,cast,12,Octave
1294,18624,cast,13,Le général
1294,6094,cast,14,"Corneille, le majordome"
1294,18628,cast,15,St. Aubin
1294,19271,cast,16,La Bruyère
1294,13807,cast,17,Le cuisinier
1294,17235,cast,18,L'invité sud-américain
1294,9778,cast,19,"Adolphe, un domestique"
1294,8862,cast,20,Le domestique anglais
1294,10486,director,1,
1294,10486,writer,1,
1294,3214,writer,2,
1294,2146,writer,3,
1295,6742,cast,1,Alexander
1295,21849,cast,2,Adelaide
1295,801,cast,3,Otto
1295,8392,cast,4,Maria
1295,21923,cast,5,Victor
1295,23165,cast,6,Julia
1295,7096,cast,7,Marta
1295,22783,cast,8,Gossen
1295,18232,cast,9,Ambulansförare
1295,22788,cast,10,Ambulansförare
1295,22566,cast,11,
1295,8839,cast,12,
1295,2562,cast,13,
1295,10148,cast,14,
1295,15367,cast,15,
1295,10121,cast,16,
1295,1108,director,1,
1295,1108,writer,1,
1296,20928,cast,1,Emad
1296,22114,cast,2,Rana
1296,1967,cast,3,Babak
1296,16521,cast,4,Sanam
1296,16661,cast,5,Majid
1296,6245,cast,6,Mrs. Shahnazari
1296,14780,cast,7,Kati
1296,20462,cast,8,Sadra
1296,15836,cast,9,Siavash
1296,20348,cast,10,Mojgan
1296,21128,cast,11,Esmat
1296,7003,cast,12,Piremard
1296,24028,cast,13,
1296,1956,cast,14,
1296,6500,cast,15,Ali
1296,19164,cast,16,
1296,1701,cast,17,
1296,191,cast,18,
1296,928,cast,19,
1296,1979,cast,20,
1296,1808,director,1,
1296,1808,writer,1,
1297,13549,cast,1,Wendy Savage
1297,18525,cast,2,Jon Savage
1297,18494,cast,3,Lenny Savage
1297,18338,cast,4,Larry
1297,5219,cast,5,Eduardo
1297,7704,cast,6,Jimmy
1297,3186,cast,7,Kasia
1297,22886,cast,8,Ms. Robinson
1297,8416,cast,9,Bill Lachman
1297,5295,cast,10,Nancy Lachman
1297,20064,cast,11,Doris Metzger
1297,8598,cast,12,Burt
1297,11078,cast,13,Lizzie
1297,20344,cast,14,Real Estate Agent
1297,20365,cast,15,Mr. Sperry
1297,20542,cast,16,Attendant
1297,18337,cast,17,Matt
1297,10654,cast,18,Manicurist #1
1297,13312,cast,19,Nurse
1297,4044,cast,20,Doctor
1297,22060,director,1,
1297,22060,writer,1,
1298,11692,cast,1,Ethan Edwards
1298,10596,cast,2,Martin Pawley
1298,23241,cast,3,Laurie Jorgensen
1298,23570,cast,4,Rev. Capt. Samuel Johnston Clayton
1298,16981,cast,5,Debbie Edwards - Age 15
1298,11600,cast,6,Lars Jorgensen
1298,17538,cast,7,Mrs. Jorgensen
1298,8889,cast,8,"Scar, Cicatriz"
1298,12854,cast,9,Charlie McCorry
1298,8655,cast,10,Brad Jorgensen
1298,1593,cast,11,Emilio Gabriel Fernandez y Figueroa
1298,8547,cast,12,Mose Harper
1298,2373,cast,13,Look
1298,23531,cast,14,Aaron Edwards
1298,5861,cast,15,Martha Edwards
1298,18667,cast,16,Lucy Edwards
1298,17920,cast,17,Lt. Greenhill
1298,13428,cast,18,Younger Debbie Edwards
1298,8003,cast,19,Wedding Guest
1298,18662,cast,20,Comanche Indian
1298,11423,director,1,
1298,7373,writer,1,
1298,401,writer,2,
1299,19800,cast,1,Clóvis
1299,20137,cast,2,Natalício
1299,13956,cast,3,António
1299,11058,cast,4,Frentista
1299,14846,cast,5,João Pedro
1299,6965,cast,6,Dra. Inês
1299,8941,cast,7,Cláudia
1299,14854,cast,8,Sargento
1299,8319,cast,9,Salvatore
1299,3049,cast,10,Anísio
1299,21916,cast,11,Carmen
1299,6740,cast,12,Severino
1299,6980,cast,13,Das Dores
1299,7706,cast,14,Elisângela
1299,9512,cast,15,Daniela
1299,23888,cast,16,Chico
1299,758,cast,17,Lenira Nascimento
1299,11125,cast,18,Haroldo
1299,721,cast,19,Fátima Nascimento
1299,14369,cast,20,Henrique Ghirotti
1299,13227,director,1,
1299,13227,writer,1,
1300,19189,cast,1,Benjamín Espósito
1300,21361,cast,2,Irene Menéndez Hastings
1300,17703,cast,3,Ricardo Morales
1300,3233,cast,4,Liliana Coloto
1300,10301,cast,5,Isidoro Gómez
1300,2045,cast,6,Chica Piropo
1300,20159,cast,7,Ordóñez
1300,506,cast,8,Pinche Mariano
1300,15113,cast,9,Juez Fortuna Lacalle
1300,8374,cast,10,Pablo Sandoval
1300,20801,cast,11,Pinche Tino
1300,15021,cast,12,Romano
1300,11916,cast,13,Inspector Báez
1300,12124,cast,14,Agente Cardozo
1300,13087,cast,15,Molinari
1300,7085,cast,16,Sicora
1300,15776,cast,17,Guardia Comisaría
1300,20883,cast,18,Jacinto Cáceres
1300,6486,cast,19,Juan Robles
1300,4989,cast,20,Escribano Andretta
1300,12123,director,1,
1300,6164,writer,1,
1300,12123,writer,2,
1301,5628,cast,1,Barrett
1301,20628,cast,2,Vera
1301,23638,cast,3,Susan
1301,9951,cast,4,Tony
1301,3427,cast,5,Lady Mounset
1301,19371,cast,6,Lord Mounset
1301,1302,cast,7,Person in Restaurant - Society Woman
1301,5845,cast,8,Person in Restaurant - Older Woman
1301,17901,cast,9,Person in Restaurant - Bishop
1301,10893,cast,10,Person in Restaurant - Younger Woman
1301,848,cast,11,Person in Restaurant - Curate
1301,8614,cast,12,Person in Restaurant - Society Man
1301,5453,cast,13,Person in Restaurant - Head Waiter
1301,2883,cast,14,Man in Pub
1301,8761,cast,15,Woman in Bedroom
1301,18537,cast,16,Girl in Bedroom
1301,5855,cast,17,Girl in Phone Box
1301,773,cast,18,Girl in Pub
1301,3944,cast,19,Cashier in Coffee Bar
1301,7994,cast,20,Waiter
1301,11992,director,1,
1301,8614,writer,1,
1301,19787,writer,2,
1302,15764,cast,1,Antonius Block
1302,8381,cast,2,Squire Jöns
1302,2237,cast,3,Death
1302,17318,cast,4,"Jof, Joseph"
1302,2398,cast,5,"Mia, Mary - Jof's Wife"
1302,9391,cast,6,Lisa - Blacksmith's Wife
1302,15694,cast,7,Witch
1302,9393,cast,8,Karin - Block's Wife
1302,8386,cast,9,Girl
1302,2335,cast,10,Raval
1302,1031,cast,11,The Monk
1302,273,cast,12,Blacksmith Plog
1302,8383,cast,13,"Albertus Pictor, Church Painter"
1302,6721,cast,14,Jonas Skat
1302,21308,cast,15,Flagellant
1302,21535,cast,16,Knight
1302,8641,cast,17,The Landlord
1302,2254,cast,18,Merchant at the Inn
1302,3414,cast,19,Young Woman Kneeling for the Flagellants
1302,13763,cast,20,Young Woman Kneeling for the Flagellants
1302,9398,director,1,
1302,9398,writer,1,
1303,20381,cast,1,Elisa Esposito
1303,17493,cast,2,Zelda Fuller
1303,16192,cast,3,Richard Strickland
1303,5887,cast,4,Amphibian Man
1303,19299,cast,5,Giles
1303,16205,cast,6,Dr. Robert Hoffstetler
1303,5033,cast,7,Fleming
1303,17215,cast,8,General Hoyt
1303,21744,cast,9,Bernard
1303,17282,cast,10,Mihalkov
1303,13581,cast,11,Elaine Strickland
1303,15379,cast,12,Brewster Fuller
1303,813,cast,13,Yolanda
1303,11484,cast,14,Mr. Arzoumanian
1303,16743,cast,15,Pie Guy
1303,15418,cast,16,Burly Russian
1303,5932,cast,17,Military Policeman
1303,23643,cast,18,Sally (Secretary)
1303,4336,cast,19,Guard
1303,5585,cast,20,Worker
1303,8373,director,1,
1303,8373,writer,1,
1303,23200,writer,2,
1304,22513,cast,1,Andy Dufresne
1304,16740,cast,2,Ellis Boyd 'Red' Redding
1304,2630,cast,3,Warden Norton
1304,23842,cast,4,Heywood
1304,4181,cast,5,Captain Hadley
1304,8040,cast,6,Tommy
1304,15244,cast,7,Bogs Diamond
1304,10081,cast,8,Brooks Hatlen
1304,10593,cast,9,1946 D.A.
1304,13466,cast,10,Skeet
1304,17080,cast,11,Jigger
1304,2874,cast,12,Floyd
1304,5134,cast,13,Snooze
1304,12007,cast,14,Ernie
1304,12149,cast,15,Guard Mert
1304,18058,cast,16,Guard Trout
1304,19133,cast,17,Andy Dufresne's Wife
1304,20726,cast,18,Glenn Quentin
1304,11463,cast,19,1946 Judge
1304,8214,cast,20,1947 Parole Hearings Man
1304,7317,director,1,
1304,21598,writer,1,
1304,7317,writer,2,
1305,14915,cast,1,Klara Novak
1305,10063,cast,2,Alfred Kralik
1305,7357,cast,3,Hugo Matuschek
1305,12009,cast,4,Ferencz Vadas
1305,20601,cast,5,Flora
1305,7050,cast,6,Pirovitch
1305,23856,cast,7,Pepi Katona
1305,9388,cast,8,Ilona
1305,20617,cast,9,Woman Customer
1305,6225,cast,10,Doctor
1305,3632,cast,11,Detective
1305,3682,cast,12,Rudy
1305,3570,cast,13,Policeman
1305,11065,cast,14,Customer Recognizing Matuschek
1305,15438,cast,15,Grandmother
1305,14546,cast,16,Aunt Anna
1305,4167,cast,17,Customer
1305,23778,cast,18,Waiter
1305,8244,cast,19,Plump Woman
1305,6775,cast,20,Director - in Trailer
1305,6775,director,1,
1305,20498,writer,1,
1305,16455,writer,2,
1305,2196,writer,3,
1306,11144,cast,1,Clarice Starling
1306,1516,cast,2,Dr. Hannibal Lecter
1306,20716,cast,3,Jack Crawford
1306,22183,cast,4,Jame Gumb
1306,1511,cast,5,Dr. Frederick Chilton
1306,2948,cast,6,Catherine Martin
1306,5527,cast,7,Senator Ruth Martin
1306,12565,cast,8,Ardelia Mapp
1306,3668,cast,9,Lt. Boyle
1306,22937,cast,10,Lamar
1306,19869,cast,11,FBI Director Hayden Burke
1306,19977,cast,12,Paul Krendler
1306,4803,cast,13,Sgt. Tate
1306,10613,cast,14,Clarice's Father
1306,7406,cast,15,Barney
1306,18048,cast,16,Dr. Pilcher
1306,4635,cast,17,Roden
1306,3898,cast,18,SWAT Commander
1306,13631,cast,19,FBI Instructor
1306,13653,cast,20,Agent Burroughs
1306,11795,director,1,
1306,22411,writer,1,
1306,22192,writer,2,
1307,4637,cast,1,"Homer Simpson, Itchy, Barney"
1307,12266,cast,2,"Marge Simpson, Selma Bouvier, Patty Bouvier"
1307,16897,cast,3,"Bart Simpson, Maggie Simpson, Ralph Wiggum"
1307,24047,cast,4,Lisa Simpson
1307,8540,cast,5,"Professor Frink, Comic Book Guy, Moe Szyslak"
1307,8696,cast,6,"Scratchy, Mr. Burns, Rev. Lovejoy"
1307,17734,cast,7,"Milhouse Van Houten, Rod Flanders, Jimbo Jones"
1307,22960,cast,8,"Booberella, Sweet Old Lady, Colin"
1307,441,cast,9,Russ Cargill
1307,12550,cast,10,"Man, EPA Driver"
1307,14851,cast,11,Mrs. Krabappel
1307,20219,cast,12,Martin Prince
1307,14638,cast,13,Helen Lovejoy
1307,18488,cast,14,TV Dad
1307,2498,cast,15,Green Day
1307,22952,cast,16,Green Day
1307,16385,cast,17,Green Day
1307,11197,cast,18,Fat Tony
1307,22684,cast,19,Tom Hanks
1307,2523,cast,20,Homer's Lookalike
1307,5171,director,1,
1307,9994,writer,1,
1307,15614,writer,2,
1307,338,writer,3,
1307,9271,writer,4,
1307,16426,writer,5,
1307,11661,writer,6,
1307,15629,writer,7,
1307,16428,writer,8,
1307,11767,writer,9,
1307,5097,writer,10,
1307,7861,writer,11,
1308,2999,cast,1,Malcolm Crowe
1308,8507,cast,2,Cole Sear
1308,22807,cast,3,Lynn Sear
1308,17576,cast,4,Anna Crowe
1308,22974,cast,5,Tommy Tammisimo
1308,5812,cast,6,Vincent Gray
1308,18266,cast,7,Darren
1308,10612,cast,8,Bobby
1308,2991,cast,9,Stanley Cunningham
1308,8161,cast,10,Sean
1308,8311,cast,11,Mr. Collins
1308,16579,cast,12,Kyra Collins
1308,1246,cast,13,Mrs. Collins
1308,14112,cast,14,Bridesmaid
1308,7116,cast,15,Young Man Buying Ring
1308,20486,cast,16,Young Woman Buying Ring
1308,8752,cast,17,Darren's Mom
1308,10197,cast,18,Kitchen Woman
1308,17094,cast,19,Visitor #2
1308,20635,cast,20,Visitor #3
1308,14540,director,1,
1308,14540,writer,1,
1309,1579,cast,1,Robert Ledgard
1309,6310,cast,2,Vera Cruz
1309,10109,cast,3,Vicente
1309,15145,cast,4,Marilia
1309,19752,cast,5,Zeca
1309,6157,cast,6,Fulgencio
1309,11917,cast,7,Presidente del Instituto de Biotecnología
1309,2593,cast,8,Norma Ledgard
1309,21890,cast,9,Madre de Vicente
1309,2039,cast,10,Cristina
1309,7074,cast,11,Médico
1309,3763,cast,12,Policía
1309,3059,cast,13,Cantante
1309,1006,cast,14,Norma joven
1309,22237,cast,15,Casilda Efraiz
1309,7082,cast,16,
1309,212,cast,17,Agustín
1309,16355,cast,18,Hijo de Agustín
1309,15314,cast,19,Profesora de Yoga en TV
1309,24103,cast,20,Conference participant
1309,18175,director,1,
1309,18175,writer,1,
1309,212,writer,2,
1309,22372,writer,3,
1310,10803,cast,1,Mark Zuckerberg
1310,1144,cast,2,Eduardo Saverin
1310,12392,cast,3,Sean Parker
1310,20015,cast,4,Erica Albright
1310,3017,cast,5,Billy Olson
1310,5957,cast,6,Phoenix Club President
1310,11995,cast,7,Dustin Moskovitz
1310,17903,cast,8,Chris Hughes
1310,22600,cast,9,Phoenix Member Playing Facemash
1310,503,cast,10,Girl at Phoenix Club
1310,10088,cast,11,Student Playing Facemash
1310,9926,cast,12,Student Playing Facemash
1310,19558,cast,13,Student Playing Facemash
1310,20751,cast,14,Student Playing Facemash
1310,10340,cast,15,Student Playing Facemash
1310,14836,cast,16,Erica's Roommate
1310,22977,cast,17,B.U. Guy in Bra
1310,2091,cast,18,Mr. Cox
1310,15513,cast,19,Mrs. Cox
1310,18928,cast,20,Student in Communications Office
1310,4997,director,1,
1310,12,writer,1,
1310,2207,writer,2,
1311,17584,cast,1,Olivier
1311,16746,cast,2,Francis
1311,9496,cast,3,Magali
1311,16946,cast,4,Omar
1311,13026,cast,5,Raoul
1311,7047,cast,6,Steve
1311,19108,cast,7,Philippo
1311,1438,cast,8,La Directrice du Centre
1311,6963,cast,9,Rino
1311,18629,cast,10,Apprenti Soudeur 1
1311,21536,cast,11,Apprenti Soudeur 2
1311,5083,cast,12,Apprenti Soudeur 3
1311,36,cast,13,Apprenti Soudeur 4
1311,10981,cast,14,Dany
1311,1404,cast,15,La Mère de Dany
1311,5608,cast,16,Le Client du Café
1311,13808,cast,17,L'Éducateur
1311,4347,cast,18,La Cuisinière
1311,1398,cast,19,La Boulangère
1311,20563,cast,20,Le Vendeur de Hot-Dog
1311,10468,director,1,
1311,14339,director,2,
1311,10468,writer,1,
1311,14339,writer,2,
1312,22644,cast,1,Anthony
1312,22473,cast,2,Rosalind
1312,7412,cast,3,Frankie
1312,22923,cast,4,Phil
1312,9075,cast,5,Julie
1312,8554,cast,6,Tracy
1312,10176,cast,7,Janet
1312,4135,cast,8,Ray
1312,9685,cast,9,Jack
1312,17092,cast,10,Radio Interviewer
1312,736,cast,11,Elisa
1312,2046,cast,12,Barbara
1312,9931,cast,13,James
1312,5550,cast,14,Head of Film School
1312,4506,cast,15,Head of Production
1312,10062,cast,16,William
1312,19216,cast,17,Patrick
1312,14497,cast,18,Lydia
1312,10339,cast,19,Marland
1312,6283,cast,20,Susan
1312,11103,director,1,
1312,11103,writer,1,
1313,22473,cast,1,Rosalind
1313,9075,cast,2,Julie (Harte)
1313,10062,cast,3,William
1313,736,cast,4,Elisa
1313,17535,cast,5,Simon
1313,1650,cast,6,Garance
1313,10339,cast,7,Marland
1313,2046,cast,8,Barbara
1313,9931,cast,9,James
1313,7594,cast,10,Parapsychologist
1313,24032,cast,11,Patrick's Assistant
1313,3706,cast,12,Jim
1313,19216,cast,13,Patrick
1313,6724,cast,14,Patrick's Director of Photography
1313,588,cast,15,Patrick's Art Director
1313,6610,cast,16,Patrick's Assistant Director
1313,13860,cast,17,Patrick's Choreographer
1313,14497,cast,18,Lydia
1313,7412,cast,19,Frankie
1313,9685,cast,20,Jack
1313,11103,director,1,
1313,11103,writer,1,
1314,22700,cast,1,"SpongeBob, Narrator, Gary"
1314,10605,cast,2,King Neptune
1314,19833,cast,3,"Squidward, Fish #4"
1314,3364,cast,4,Sandy
1314,4181,cast,5,Mr. Krabs
1314,2432,cast,6,"Patrick Star, Fish #2, Chum Customer"
1314,16781,cast,7,"Plankton, Fish #7, Attendant #2, Lloyd"
1314,10896,cast,8,"Karen, Old Lady"
1314,15463,cast,9,Mrs. Puff
1314,20699,cast,10,Mindy
1314,492,cast,11,Dennis
1314,5024,cast,12,David Hasselhoff
1314,13318,cast,13,Squinty the Pirate
1314,5916,cast,14,Bonesy the Pirate
1314,4344,cast,15,Scruffy the Pirate
1314,5980,cast,16,Stitches the Pirate
1314,2105,cast,17,Captain Bart the Pirate
1314,8904,cast,18,Inky the Pirate
1314,18921,cast,19,Tiny the Pirate
1314,18122,cast,20,Upper Deck the Pirate
1314,21592,director,1,
1314,5440,writer,1,
1314,22495,writer,2,
1314,21592,writer,3,
1314,12948,writer,4,
1315,17683,cast,1,Frank Berkman
1315,10549,cast,2,Bernard Berkman
1315,13549,cast,3,Joan Berkman
1315,10803,cast,4,Walt Berkman
1315,23741,cast,5,Ivan
1315,4951,cast,6,Carl
1315,1364,cast,7,Lili
1315,16663,cast,8,Graduate Student
1315,2602,cast,9,Graduate Student
1315,15654,cast,10,Graduate Student
1315,21269,cast,11,Graduate Student
1315,15656,cast,12,Graduate Student
1315,4781,cast,13,Graduate Student
1315,6400,cast,14,Graduate Student
1315,2216,cast,15,Graduate Student
1315,982,cast,16,Graduate Student
1315,12055,cast,17,Graduate Student
1315,6587,cast,18,Graduate Student
1315,427,cast,19,Graduate Student
1315,9968,cast,20,Man with Joan
1315,17354,director,1,
1315,17354,writer,1,
1316,18317,cast,1,Finbar McBride
1316,17836,cast,2,Olivia Harris
1316,2668,cast,3,Joe Oramas
1316,17968,cast,4,Henry Styles
1316,10225,cast,5,Store Customer
1316,18126,cast,6,Cashier
1316,12050,cast,7,Carl
1316,19305,cast,8,Louis Tiboni
1316,14518,cast,9,Patty at the Good to Go
1316,18964,cast,10,Cleo
1316,15275,cast,11,Janice
1316,16316,cast,12,Emily
1316,10337,cast,13,Chris
1316,11195,cast,14,Danny
1316,11646,cast,15,David
1316,14658,cast,16,Pappy's Waitress
1316,20611,cast,17,Girl in Bar
1316,9341,cast,18,Mrs. Kahn
1316,10698,cast,19,Jacob
1316,1449,cast,20,'What about blimps' Girl
1316,22706,director,1,
1316,22706,writer,1,
1317,18072,cast,1,Henry Gondorff
1317,19690,cast,2,Johnny Hooker
1317,19708,cast,3,Doyle Lonnegan
1317,3612,cast,4,Lt. Wm. Snyder
1317,18992,cast,5,J.J. Singleton
1317,6255,cast,6,Billie
1317,8606,cast,7,Kid Twist
1317,11453,cast,8,Eddie Niles
1317,4677,cast,9,F.B.I. Agent Polk
1317,9668,cast,10,Erie Kid
1317,5606,cast,11,Loretta
1317,19578,cast,12,Luther Coleman
1317,10058,cast,13,Mottola
1317,3608,cast,14,Floyd (Bodyguard)
1317,13720,cast,15,Bodyguard
1317,20385,cast,16,Crystal
1317,1924,cast,17,Benny Garfield
1317,1632,cast,18,Combs
1317,6023,cast,19,Granger
1317,2758,cast,20,Cole
1317,7882,director,1,
1317,5148,writer,1,
1318,19269,cast,1,Alvin
1318,21304,cast,2,Rose
1318,10149,cast,3,Dorothy
1318,11946,cast,4,Bud
1318,5788,cast,5,Sig
1318,22935,cast,6,Nurse
1318,4640,cast,7,Doctor Gibbons
1318,10639,cast,8,Brenda
1318,6036,cast,9,Pete
1318,9717,cast,10,Apple
1318,15762,cast,11,Farm Dog
1318,8045,cast,12,Bus Driver
1318,2037,cast,13,Woman on Bus
1318,6924,cast,14,Tom the John Deere Dealer
1318,1021,cast,15,Crystal
1318,15615,cast,16,Steve
1318,2457,cast,17,Rat
1318,2026,cast,18,Deer Woman
1318,9904,cast,19,Danny Riordan
1318,20394,cast,20,Darla Riordan
1318,5077,director,1,
1318,11615,writer,1,
1318,15496,writer,2,
1319,9263,cast,1,Mitchell Stephens
1319,20633,cast,2,Nicole Burnell
1319,3110,cast,3,Zoe Stephens
1319,22705,cast,4,Sam Burnell
1319,7579,cast,5,Dolores Driscoll
1319,467,cast,6,Risa Walker
1319,15739,cast,7,Wendell Walker
1319,21560,cast,8,Allison O'Donnell
1319,13193,cast,9,Stewardess
1319,1729,cast,10,Wanda Otto
1319,6006,cast,11,Hartley Otto
1319,21251,cast,12,Bear Otto
1319,5029,cast,13,Abbott Driscoll
1319,2973,cast,14,Billy Adsel
1319,20636,cast,15,Jessica Adsel
1319,14794,cast,16,Mason Adsel
1319,5484,cast,17,Sean Walker
1319,7094,cast,18,Klara Stephens
1319,14628,cast,19,Young Zoe Stephens
1319,9923,cast,20,Young Mitchell Stephens
1319,1859,director,1,
1319,1859,writer,1,
1319,20200,writer,2,
1320,13537,cast,1,Jennifer
1320,10275,cast,2,Bill
1320,4387,cast,3,Martin
1320,6385,cast,4,Mrs. G
1320,10839,cast,5,Jenny (15 Years)
1320,13528,cast,6,Young Nettie
1320,12196,cast,7,Grandmother
1320,15670,cast,8,Aaron
1320,6425,cast,9,Nettie
1320,11452,cast,10,William P. Allens
1320,4679,cast,11,Dr. G.
1320,16,cast,12,Raymond (Ray)
1320,21018,cast,13,Young Becky
1320,9494,cast,14,Young Franny
1320,11141,cast,15,Rebecca
1320,9504,cast,16,Jenny (13 Years)
1320,4701,cast,17,Joe
1320,3760,cast,18,Samantha
1320,19414,cast,19,Student #1
1320,10682,cast,20,Student #2
1320,10641,director,1,
1320,10641,writer,1,
1321,282,cast,1,"Kaguya hime, Jokan"
1321,12902,cast,2,Sutemaru
1321,22034,cast,3,Okina
1321,17367,cast,4,"Ôna, Narration"
1321,1862,cast,5,Sagami
1321,22796,cast,6,Menowarawa
1321,21119,cast,7,Inbe no akita
1321,22029,cast,8,Ishitsukuri no miko
1321,8981,cast,9,Abe no udaijin
1321,20289,cast,10,Ôtomo no dainagon
1321,21075,cast,11,Mikado
1321,9516,cast,12,Kuramochi no miko
1321,16548,cast,13,Kaguya hime (child)
1321,7523,cast,14,Voice Appearance
1321,19094,cast,15,Shônen
1321,12696,cast,16,Voice Appearance
1321,16540,cast,17,Voice Appearance
1321,299,cast,18,Voice Appearance
1321,9427,cast,19,Voice Appearance
1321,12424,cast,20,Voice Appearance
1321,9518,director,1,
1321,9518,writer,1,
1321,19433,writer,2,
1322,15605,cast,1,Tom Ripley
1322,8451,cast,2,Marge Sherwood
1322,12150,cast,3,Dickie Greenleaf
1322,3409,cast,4,Meredith Logue
1322,18525,cast,5,Freddie Miles
1322,9647,cast,6,Peter Smith-Kingsley
1322,10043,cast,7,Herbert Greenleaf
1322,20882,cast,8,Inspector Roverini
1322,18491,cast,9,Alvin MacCarron
1322,3494,cast,10,Aunt Joan
1322,7114,cast,11,Fausto
1322,21521,cast,12,Silvana
1322,9564,cast,13,Colonnello Verrecchia
1322,1353,cast,14,Signora Buffi
1322,544,cast,15,Sergeant Baggio
1322,14086,cast,16,Emily Greenleaf
1322,8345,cast,17,Fran
1322,9722,cast,18,Greenleaf Chaffeur
1322,7479,cast,19,Fran's Boyfriend
1322,4848,cast,20,Police Officer
1322,1524,director,1,
1322,17848,writer,1,
1322,1524,writer,2,
1323,12300,cast,1,Eugénie
1323,2272,cast,2,Dodin Bouffant
1323,6595,cast,3,Rabaz
1323,17877,cast,4,Grimaud
1323,7600,cast,5,Violette
1323,10118,cast,6,Magot
1323,7472,cast,7,Beaubois
1323,2710,cast,8,Pauline
1323,10433,cast,9,Augustin
1323,24021,cast,10,Le père de Pauline
1323,20609,cast,11,La mère de Pauline
1323,15939,cast,12,Le Prince
1323,18617,cast,13,L'officier de bouche du Prince
1323,4274,cast,14,L'ambassadeur du Prince
1323,13605,cast,15,Médecin
1323,7127,cast,16,Jeune femme
1323,3839,cast,17,Une candidate
1323,1473,cast,18,Une candidate
1323,20645,cast,19,Une candidate
1323,3467,cast,20,Une candidate
1323,1273,director,1,
1323,1273,writer,1,
1323,14831,writer,2,
1324,1718,cast,1,Terminator
1324,14024,cast,2,Sarah Connor
1324,15989,cast,3,Kyle Reese
1324,18119,cast,4,Traxler
1324,13433,cast,5,Vukovich
1324,19409,cast,6,Matt
1324,2343,cast,7,Ginger
1324,5999,cast,8,Silberman
1324,5559,cast,9,Pawn Shop Clerk
1324,21013,cast,10,Nancy
1324,2984,cast,11,Desk Sergeant
1324,7246,cast,12,Future Terminator
1324,2471,cast,13,Punk Leader
1324,2756,cast,14,Punk
1324,2898,cast,15,Punk
1324,23867,cast,16,Policeman
1324,12861,cast,17,Policeman
1324,22720,cast,18,Policeman
1324,6032,cast,19,Cop in Alley
1324,11181,cast,20,TV Anchorman
1324,9907,director,1,
1324,9907,writer,1,
1324,7602,writer,2,
1324,23867,writer,3,
1325,15084,cast,1,Sally
1325,6227,cast,2,Hitchhiker
1325,816,cast,3,Jerry
1325,17949,cast,4,Franklin
1325,23858,cast,5,Kirk
1325,22243,cast,6,Pam
1325,10960,cast,7,Old Man
1325,8382,cast,8,Leatherface
1325,11405,cast,9,Grandfather
1325,19548,cast,10,Window Washer
1325,23767,cast,11,Bearded Man
1325,11456,cast,12,Storyteller
1325,10753,cast,13,Cowboy
1325,6037,cast,14,Cattle Truck Driver
1325,11161,cast,15,Drunk
1325,18246,cast,16,Pick Up Driver
1325,11501,cast,17,Narration
1325,13906,cast,18,Radio Announcer
1325,22588,director,1,
1325,13111,writer,1,
1325,22588,writer,2,
1326,23829,cast,1,Nick Charles
1326,16836,cast,2,Nora Charles
1326,15707,cast,3,Dorothy Wynant
1326,16953,cast,4,Lt. John Guild
1326,16532,cast,5,Mimi Jorgenson
1326,18706,cast,6,Herbert MacCaulay
1326,8915,cast,7,Tommy
1326,23793,cast,8,Gilbert Wynant
1326,8607,cast,9,Nunheim
1326,3505,cast,10,Chris Jorgenson
1326,16974,cast,11,Julia Wolf
1326,6174,cast,12,Morelli
1326,6180,cast,13,Clyde Wynant
1326,4563,cast,14,Tanner
1326,1848,cast,15,Asta
1326,23694,cast,16,Minor Role
1326,23736,cast,17,Wynant's Butler
1326,18691,cast,18,Janitress
1326,1742,cast,19,Detective
1326,2952,cast,20,Night Club Patron
1326,23942,director,1,
1326,449,writer,1,
1326,7193,writer,2,
1326,4896,writer,3,
1327,10915,cast,1,Pvt. Witt
1327,20790,cast,2,1st Sgt. Welsh
1327,17207,cast,3,Lt. Col. Tall
1327,13178,cast,4,Pvt. Tella
1327,18207,cast,5,Witt's Mother
1327,2243,cast,6,Melanesian Villager
1327,21255,cast,7,Lt. Col. Billig
1327,15176,cast,8,Pvt. Peale
1327,176,cast,9,Cpl. Fife
1327,17456,cast,10,Pvt. Henry
1327,2184,cast,11,Pvt. Bell
1327,7805,cast,12,Capt. Bosche
1327,11391,cast,13,Capt. John Gaff
1327,10222,cast,14,Cpl. Thorne
1327,15608,cast,15,Pvt. Coombs
1327,22947,cast,16,Pvt. Weld
1327,18010,cast,17,1st Lt. Band
1327,23932,cast,18,Sgt. Keck
1327,5023,cast,19,Cpl. Queen
1327,5723,cast,20,Sgt. Becker
1327,22247,director,1,
1327,9984,writer,1,
1327,22247,writer,2,
1328,13355,cast,1,MacReady
1328,23680,cast,2,Blair
1328,12782,cast,3,Childs
1328,19327,cast,4,Clark
1328,22584,cast,5,Nauls
1328,4971,cast,6,Palmer
1328,19263,cast,7,Dr. Copper
1328,3631,cast,8,Norris
1328,18385,cast,9,Bennings
1328,5775,cast,10,Garry
1328,11247,cast,11,Fuchs
1328,22406,cast,12,Windows
1328,17421,cast,13,Norwegian
1328,13479,cast,14,Norwegian Passenger with Rifle
1328,16996,cast,15,Helicopter Pilot
1328,23873,cast,16,Pilot
1328,178,cast,17,Computer
1328,11358,cast,18,Norwegian
1328,10530,cast,19,Dog Thing
1328,2450,cast,20,Norwegian
1328,11358,director,1,
1328,2450,writer,1,
1328,11686,writer,2,
1329,17636,cast,1,Harry Lime
1329,11965,cast,2,Holly Martins
1329,749,cast,3,Anna Schmidt
1329,22967,cast,4,Maj. Calloway
1329,18027,cast,5,Karl
1329,6774,cast,6,Baron Kurtz
1329,6709,cast,7,Dr. Winkel
1329,21220,cast,8,Popescu
1329,8778,cast,9,Anna's Landlady
1329,2299,cast,10,Sgt. Paine
1329,23686,cast,11,Crabbin
1329,17107,cast,12,Kurtz's Mother
1329,9621,cast,13,International Patrol A
1329,8596,cast,14,Soldier
1329,8645,cast,15,Man Chasing Holly
1329,13783,cast,16,Casanova Barman
1329,17970,cast,17,Military Policeman
1329,15341,cast,18,Russian Military Policeman
1329,14595,cast,19,Guest at Casanova Bar
1329,19531,cast,20,British Military Policeman in Sewer Chase
1329,3326,director,1,
1329,8262,writer,1,
1329,17636,writer,2,
1329,614,writer,3,
1329,3326,writer,4,
1330,17821,cast,1,Self
1330,12032,cast,2,Self - Narrator
1330,15497,cast,3,Self
1330,20199,cast,4,Self
1330,17916,cast,5,Self
1330,18509,cast,6,Self
1330,21475,cast,7,Self
1330,10270,cast,8,Self
1330,3027,cast,9,Self
1330,15064,cast,10,Self
1330,19368,cast,11,Self
1330,13050,cast,12,Self
1330,7898,cast,13,Self
1330,6981,cast,14,Afghan translator
1330,11533,cast,15,Self
1330,5779,cast,16,Self
1330,20453,cast,17,Afghani boy
1330,11235,cast,18,Self
1330,938,director,1,
1330,15231,writer,1,
1330,938,writer,2,
1331,2172,cast,1,Doug MacRay
1331,19039,cast,2,Claire Keesey
1331,11745,cast,3,FBI S.A. Adam Frawley
1331,10717,cast,4,James Coughlin
1331,2589,cast,5,Krista Coughlin
1331,7799,cast,6,Albert 'Gloansy' Magloan
1331,17678,cast,7,Desmond Elden
1331,22580,cast,8,Dino Ciampa
1331,18260,cast,9,Fergus 'Fergie' Colm
1331,3879,cast,10,Stephen MacRay
1331,5416,cast,11,Rusty
1331,4424,cast,12,Agent Quinlan
1331,2891,cast,13,Henry
1331,12961,cast,14,Henry's Girl
1331,22881,cast,15,Vericom Crew Chief
1331,9480,cast,16,Alex Colazzo
1331,16235,cast,17,Beacon G.I. Joe Driver
1331,4771,cast,18,BPD Sergeant at Krista's Accident
1331,10991,cast,19,Inside Man at Fenway
1331,15174,cast,20,Young Security Guard
1331,2172,director,1,
1331,18306,writer,1,
1331,2172,writer,2,
1331,14,writer,3,
1331,4117,writer,4,
1332,5433,cast,1,Macbeth
1332,7197,cast,2,Lady Macbeth
1332,564,cast,3,Ross
1332,2334,cast,4,Banquo
1332,2810,cast,5,Duncan
1332,4431,cast,6,Macduff
1332,8678,cast,7,Malcolm
1332,16473,cast,8,Lennox
1332,15617,cast,9,Donalbain
1332,16770,cast,10,Lady Macduff
1332,12653,cast,11,"Witches, Old Man"
1332,20741,cast,12,Murderer
1332,2898,cast,13,Murderer
1332,14351,cast,14,Fleance
1332,21619,cast,15,Porter
1332,19599,cast,16,Angus
1332,6826,cast,17,Macduff's Son
1332,10070,cast,18,Seyton
1332,19360,cast,19,Siward
1332,20789,cast,20,Monteith
1332,11236,director,1,
1332,11236,writer,1,
1332,23845,writer,2,
1333,22759,cast,1,Costi
1333,161,cast,2,Adrian
1333,4446,cast,3,Cornel
1333,18806,cast,4,Vanzator
1333,4638,cast,5,Lica
1333,9547,cast,6,Vanzatoare
1333,15153,cast,7,Politist 2
1333,7152,cast,8,Sef Costi
1333,13614,cast,9,Petrescu
1333,4152,cast,10,Politist 1
1333,224,cast,11,
1333,1005,cast,12,Copil Adrian
1333,4513,cast,13,Raluca
1333,17226,cast,14,Alin
1333,4267,cast,15,Emma Dumont
1333,4447,director,1,
1333,4447,writer,1,
1334,9203,cast,1,Dobbs
1334,23543,cast,2,Howard
1334,22496,cast,3,Curtin
1334,2962,cast,4,Cody
1334,2107,cast,5,Pat McCormick
1334,676,cast,6,Gold Hat
1334,1792,cast,7,Presidente
1334,14762,cast,8,El Jefe
1334,11933,cast,9,Pablo
1334,14925,cast,10,Pancho
1334,19523,cast,11,Mexican Boy Selling Lottery Tickets
1334,8371,cast,12,Mexican Storeowner
1334,19757,cast,13,Mexican Lieutenant
1334,21442,cast,14,Proprietor
1334,9732,cast,15,Flashy Girl
1334,18861,cast,16,Flophouse Bum
1334,6767,cast,17,Mexican Bandit
1334,17801,cast,18,Customer in Bar Who Warns Curtin and Dobbs about Pat McCormick
1334,15358,cast,19,Railroad Conductor
1334,9665,cast,20,Flophouse Bum
1334,11472,director,1,
1334,11472,writer,1,
1334,1962,writer,2,
1335,2755,cast,1,Mr. O'Brien
1335,20790,cast,2,Jack
1335,10820,cast,3,Mrs. O'Brien
1335,9211,cast,4,Young Jack
1335,13454,cast,5,R.L.
1335,23046,cast,6,Steve
1335,7110,cast,7,Grandmother
1335,10822,cast,8,Guide
1335,17242,cast,9,Mr. Reynolds
1335,23717,cast,10,Architect
1335,12822,cast,11,Father Haynes
1335,3034,cast,12,Robert
1335,10983,cast,13,Jimmy
1335,12457,cast,14,Cayler
1335,4341,cast,15,Harry Bates
1335,5955,cast,16,George Walsh
1335,2793,cast,17,Jo Bates
1335,11101,cast,18,Jack's Wife
1335,9438,cast,19,Messenger
1335,7103,cast,20,Jack @ 2
1335,22247,director,1,
1335,22247,writer,1,
1336,16284,cast,1,Triplet #3
1336,10376,cast,2,"Le Géneral de Gaulle, Les commentateurs Sportifs, Le clochard"
1336,16271,cast,3,'Champion' adulte
1336,16697,cast,4,Madame Souza
1336,5629,cast,5,"Les commentateurs Sportifs, Le clochard (Dutch version)"
1336,8284,cast,6,Madame Souza (Englsh version)
1336,21915,cast,7,Triplette
1336,17270,cast,8,Triplette
1336,7983,cast,9,Triplette
1336,8834,cast,10,"Triplette, Singing voice"
1336,6915,cast,11,"Triplette, Singing voice"
1336,19971,cast,12,"Triplette, Singing voice"
1336,8851,cast,13,Additional voice
1336,10739,cast,14,Additional voice
1336,10539,cast,15,Additional voice
1336,8857,cast,16,Additional voice
1336,6592,cast,17,Additional voice
1336,15746,cast,18,Additional voice
1336,12554,cast,19,Additional voice
1336,1435,cast,20,Additional voice
1336,21950,director,1,
1336,21950,writer,1,
1337,10913,cast,1,Truman Burbank
1337,6038,cast,2,Christof
1337,13549,cast,3,"Meryl Burbank, Hannah Gill"
1337,17356,cast,4,"Marlon, Louis Coltrane"
1337,16991,cast,5,"Lauren Garland, Sylvia"
1337,9047,cast,6,Truman's Mother
1337,2853,cast,7,Truman's Father
1337,2578,cast,8,Young Truman
1337,18374,cast,9,Lawrence - Truman's World
1337,8787,cast,10,Vivien - Truman's World
1337,19975,cast,11,Ron - Truman's World
1337,5750,cast,12,Don - Truman's World
1337,22188,cast,13,Spencer - Truman's World
1337,12178,cast,14,Travel Agent - Truman's World
1337,7516,cast,15,Truman's Neighbor - Truman's World
1337,1216,cast,16,Truman's Neighbor - Truman's World
1337,16948,cast,17,Truman's Neighbor - Truman's World
1337,16801,cast,18,Teacher - Truman's World
1337,14684,cast,19,News Vendor - Truman's World
1337,12177,cast,20,Insurance Co-Worker - Truman's World
1337,18444,director,1,
1337,1158,writer,1,
1338,3419,cast,1,Geneviève Emery
1338,17343,cast,2,Guy Foucher
1338,1431,cast,3,Madame Emery
1338,14808,cast,4,Roland Cassard
1338,6428,cast,5,Madeleine
1338,16561,cast,6,Tante Élise
1338,10370,cast,7,Aubin
1338,18606,cast,8,Bernard
1338,10470,cast,9,Jean
1338,2291,cast,10,Gas Station Apprentice
1338,16246,cast,11,Umbrella Buyer
1338,18544,cast,12,Garage Customer in 1957
1338,5848,cast,13,Girl in Cafe
1338,10142,cast,14,Ginny
1338,8587,cast,15,Monsieur Dubourg
1338,4787,cast,16,Geneviève Emery
1338,11902,cast,17,Guy Foucher
1338,3983,cast,18,Madame Emery
1338,7906,cast,19,Roland Cassard
1338,4247,cast,20,Madeleine
1338,9786,director,1,
1338,9786,writer,1,
1339,13005,cast,1,Eliot Ness
1339,20771,cast,2,Jim Malone
1339,19561,cast,3,Al Capone
1339,3655,cast,4,Oscar Wallace
1339,1196,cast,5,George Stone
1339,19229,cast,6,Mike
1339,9668,cast,7,Payne
1339,2758,cast,8,George
1339,2524,cast,9,Nitti
1339,17836,cast,10,Ness' Wife
1339,23430,cast,11,Bowtie Driver
1339,21721,cast,12,Scoop
1339,18271,cast,13,Lt. Anderson
1339,5723,cast,14,Preseuski
1339,19720,cast,15,Mountie Captain
1339,11478,cast,16,Bartender
1339,5328,cast,17,Alderman
1339,4371,cast,18,Mrs. Blackmer
1339,8303,cast,19,Rangemaster
1339,20777,cast,20,Cop Cousin
1339,2852,director,1,
1339,5082,writer,1,
1339,17643,writer,2,
1339,6349,writer,3,
1339,18085,writer,4,
1339,3828,writer,5,
1340,13046,cast,1,Verbal
1340,7552,cast,2,Keaton
1340,3750,cast,3,Dave Kujan
1340,21569,cast,4,McManus
1340,2239,cast,5,Fenster
1340,13042,cast,6,Hockney
1340,18260,cast,7,Kobayashi
1340,21913,cast,8,Edie Finneran
1340,8023,cast,9,Jack Baer
1340,4651,cast,10,Jeff Rabin
1340,17966,cast,11,Smuggler
1340,3203,cast,12,Saul Berg
1340,18564,cast,13,Fortier
1340,9708,cast,14,Renault
1340,4007,cast,15,Dr. Plummer
1340,4205,cast,16,Dr. Walters
1340,16741,cast,17,Arkosh Kovash
1340,12855,cast,18,Translator
1340,16300,cast,19,Sketch Artist
1340,14285,cast,20,Strausz
1340,3030,director,1,
1340,4079,writer,1,
1341,22338,cast,1,Themselves
1341,11352,cast,2,"Self - Songwriter, Musician & Producer"
1341,14253,cast,3,"Self - Songwriter, Musician & Author"
1341,8895,cast,4,"Self - Composer, Musician, Philosopher & Writer"
1341,13392,cast,5,"Self - Composer, Musician, Writer & Founder of Theatre of Eternal Music & the Dream Syndicate"
1341,15004,cast,6,"Self - Artist, Musician & of Theatre of Eternal Music & the Dream Syndicate"
1341,805,cast,7,"Self - High School & College Friend, Bandmate of Lou Reed"
1341,15928,cast,8,Self - Sister of Lou Reed
1341,19332,cast,9,Self - College Friend & Bandmate of Lou Reed
1341,21047,cast,10,Self - Lou Reed's College Girlfriend
1341,4808,cast,11,Self - Music Manager & Publicist
1341,11775,cast,12,"Self - Filmmaker, Artist & Founder of Anthology Film Archives"
1341,984,cast,13,Self - Actress & Visitor to the Factory
1341,22271,cast,14,Self - Musician & Executive at Pickwick Records
1341,21637,cast,15,Self - Musician
1341,15325,cast,16,Self - Wife of Sterling Morrison
1341,15709,cast,17,Self - Songwriter & Musician
1341,15505,cast,18,"Self - Warhol Superstar, Actress & Author"
1341,17224,cast,19,Self - Songwriter & Musician
1341,9742,cast,20,Self - Songwriter & Musician
1341,22613,director,1,
1341,22613,writer,1,
1342,13190,cast,1,Lux Lisbon
1342,12040,cast,2,Trip Fontaine
1342,10084,cast,3,Mr. Lisbon
1342,12641,cast,4,Mrs. Lisbon
1342,16157,cast,5,Adult Trip Fontaine
1342,20716,cast,6,Father Moody
1342,4805,cast,7,Dr. Horniker
1342,263,cast,8,Mary Lisbon
1342,8550,cast,9,Cecilia Lisbon
1342,13876,cast,10,Therese Lisbon
1342,3759,cast,11,Bonnie Lisbon
1342,1497,cast,12,Chase Buell
1342,13711,cast,13,David Barker
1342,19705,cast,14,Paul Baldino
1342,7175,cast,15,Parkie Denton
1342,11843,cast,16,Tim Weiner
1342,11212,cast,17,Kevin Head
1342,8750,cast,18,Jake Hill Conley
1342,3893,cast,19,Peter Sisten
1342,11174,cast,20,Dominic Palazzolo
1342,21344,director,1,
1342,10595,writer,1,
1342,21344,writer,2,
1343,24254,cast,1,Mario Livi
1343,3685,cast,2,M. Jo
1343,18437,cast,3,Bimba
1343,7162,cast,4,Luigi
1343,23234,cast,5,Linda
1343,23857,cast,6,Bill O'Brien
1343,4851,cast,7,Pepito Hernandez
1343,11033,cast,8,Hans Smerloff
1343,1582,cast,9,Camp Chief
1343,14438,cast,10,Bernardo
1343,8316,cast,11,
1343,11945,cast,12,
1343,7019,cast,13,
1343,20818,cast,14,
1343,4861,cast,15,
1343,19119,cast,16,
1343,3617,cast,17,Bradley
1343,17809,cast,18,
1343,6911,cast,19,
1343,10741,cast,20,Dick
1343,8866,director,1,
1343,7904,writer,1,
1343,8866,writer,2,
1343,10384,writer,3,
1344,15980,cast,1,Swan
1344,10044,cast,2,Ajax
1344,5873,cast,3,Cleon
1344,2899,cast,4,Snow
1344,5022,cast,5,Cochise
1344,22712,cast,6,Cowboy
1344,14833,cast,7,Rembrandt
1344,22268,cast,8,Vermin
1344,5288,cast,9,Mercy
1344,19883,cast,10,Cyrus
1344,5120,cast,11,Luther
1344,14529,cast,12,D.J.
1344,8098,cast,13,Candy Store Girl
1344,15913,cast,14,Policewoman
1344,11648,cast,15,Gas Station Man
1344,5402,cast,16,Masai
1344,8452,cast,17,Prom Couple
1344,11142,cast,18,Prom Couple
1344,10603,cast,19,Prom Couple
1344,3204,cast,20,Prom Couple
1344,23540,director,1,
1344,21358,writer,1,
1344,5162,writer,2,
1344,23540,writer,3,
1345,6215,cast,1,Sergeant Howie
1345,4069,cast,2,Lord Summerisle
1345,5528,cast,3,Miss Rose
1345,2928,cast,4,Willow
1345,9406,cast,5,Librarian
1345,14045,cast,6,Alder MacGreagor
1345,20218,cast,7,Harbour Master
1345,1875,cast,8,"Old Gardener, Gravedigger"
1345,9449,cast,9,May Morrison
1345,23527,cast,10,School Master
1345,9252,cast,11,Oak
1345,13870,cast,12,Hairdresser
1345,20101,cast,13,Broome
1345,18285,cast,14,Musician
1345,2051,cast,15,Woman with Baby
1345,12290,cast,16,Villager on Summerisle
1345,20079,cast,17,Communicant
1345,18219,cast,18,Gillie
1345,16106,cast,19,Musician
1345,12999,cast,20,Old Fisherman
1345,19779,director,1,
1345,1542,writer,1,
1345,5126,writer,2,
1346,23795,cast,1,Pike
1346,6751,cast,2,Dutch
1346,19703,cast,3,Thornton
1346,6128,cast,4,Sykes
1346,23583,cast,5,Lyle Gorch
1346,9835,cast,6,Angel
1346,2198,cast,7,Tector Gorch
1346,6538,cast,8,Mapache
1346,21761,cast,9,Coffer
1346,14330,cast,10,T.C
1346,444,cast,11,Harrigan
1346,2606,cast,12,Crazy Lee
1346,5939,cast,13,Wainscoat
1346,18021,cast,14,Ross
1346,11888,cast,15,Zamorra
1346,675,cast,16,Herrera
1346,3544,cast,17,Don Jose
1346,6471,cast,18,Elsa
1346,2440,cast,19,Jess
1346,18998,cast,20,Buck
1346,20444,director,1,
1346,23510,writer,1,
1346,20444,writer,2,
1346,20116,writer,3,
1347,7278,cast,1,Dr. Jean Itard
1347,10466,cast,2,Victor - Wild Boy of Aveyron
1347,7282,cast,3,Madame Guérin
1347,18108,cast,4,Rémy - The Old Man
1347,18614,cast,5,Orderly at Institute
1347,10388,cast,6,Professor Philippe Pinel
1347,19537,cast,7,Aveyron Countryman
1347,22927,cast,8,Boy at Farm
1347,6660,cast,9,Boy at Farm
1347,7494,cast,10,Girl at Farm
1347,10405,cast,11,Visitor at Institute
1347,5686,cast,12,Child at Farm
1347,19128,cast,13,Police Official in Rodez
1347,8126,cast,14,Aveyron Countrywoman
1347,10427,cast,15,Dr. Gruault - Itard's Doctor
1347,1456,cast,16,Madame Lémeri
1347,4221,cast,17,Monsieur Lémeri
1347,17023,cast,18,Baby Lémeri
1347,8369,cast,19,Boy at Farm
1347,15590,cast,20,Mathieu Lémeri
1347,7278,director,1,
1347,7278,writer,1,
1347,10405,writer,2,
1347,10410,writer,3,
1348,5656,cast,1,Sinan Karasu
1348,16795,cast,2,Idris Karasu
1348,2261,cast,3,Asuman Karasu
1348,8757,cast,4,Hatice
1348,20889,cast,5,Suleyman
1348,22071,cast,6,Grandfather Recep
1348,17609,cast,7,Imam Nazmi
1348,225,cast,8,Ali Riza
1348,295,cast,9,Imam Veysel
1348,13335,cast,10,Ilhami
1348,6643,cast,11,Grandfather Ramazan
1348,12421,cast,12,Mayor Adnan
1348,17691,cast,13,Grandmother Hayriye
1348,20835,cast,14,Nevzat
1348,1807,cast,15,Yasemin Karasu
1348,1278,cast,16,Sefer
1348,45,cast,17,Seydi
1348,17477,director,1,
1348,6017,writer,1,
1348,17477,writer,2,
1348,295,writer,3,
1349,14488,cast,1,"Roz, Rummage"
1349,18182,cast,2,Fink
1349,13201,cast,3,Brightbill
1349,2467,cast,4,Longneck
1349,21557,cast,5,Vontra
1349,15601,cast,6,Paddler
1349,23390,cast,7,Thunderbolt
1349,15208,cast,8,Thorn
1349,3431,cast,9,Pinktail
1349,2719,cast,10,Baby Brightbill
1349,637,cast,11,Snowdown
1349,18944,cast,12,Peck
1349,18068,cast,13,Feather
1349,6086,cast,14,Honkington
1349,5306,cast,15,"Raccoons, Squirrels, Badgers"
1349,18934,cast,16,RECOs
1349,1926,cast,17,Automated Alarms
1349,12978,cast,18,Weasel 1
1349,15757,cast,19,Weasel 2
1349,18658,cast,20,"Broadfoot, Weasel 3"
1349,3929,director,1,
1349,3929,writer,1,
1349,18288,writer,2,
1350,4143,cast,1,Damien
1350,17711,cast,2,Teddy
1350,13934,cast,3,Dan
1350,17627,cast,4,Sinead
1350,15486,cast,5,Peggy
1350,15482,cast,6,Bernadette
1350,13586,cast,7,Micheail
1350,4620,cast,8,Finbar - Volunteer
1350,7303,cast,9,Leo - Volunteer
1350,16831,cast,10,Rory - Volunteer
1350,15368,cast,11,Congo - Volunteer
1350,238,cast,12,Steady Boy - Volunteer
1350,20937,cast,13,Kevin - Volunteer
1350,11386,cast,14,Chris - Volunteer
1350,14661,cast,15,Sean - Volunteer
1350,12784,cast,16,Terence - Volunteer
1350,13080,cast,17,Francis - Volunteer
1350,7973,cast,18,Donacha - Volunteer
1350,20943,cast,19,Ned - Volunteer
1350,13038,cast,20,Tim - Volunteer
1350,12874,director,1,
1350,18047,writer,1,
1351,2159,cast,1,Engineer
1351,17402,cast,2,
1351,20091,cast,3,
1351,1976,cast,4,
1351,20929,cast,5,
1351,19095,cast,6,
1351,15562,cast,7,
1351,711,cast,8,
1351,7284,cast,9,
1351,15557,cast,10,
1351,7009,cast,11,
1351,13958,cast,12,
1351,21,director,1,
1351,14648,writer,1,
1351,21,writer,2,
1352,12181,cast,1,Dorothy
1352,7357,cast,2,Professor Marvel
1352,18970,cast,3,Hunk
1352,2323,cast,4,Zeke
1352,9661,cast,5,Hickory
1352,2495,cast,6,Glinda
1352,14901,cast,7,Miss Gulch
1352,3694,cast,8,Uncle Henry
1352,17822,cast,9,Nikko
1352,4182,cast,10,Auntie Em
1352,22253,cast,11,Toto
1352,22337,cast,12,The Munchkins
1352,8148,cast,13,Munchkin
1352,11314,cast,14,Munchkin
1352,7420,cast,15,Munchkin
1352,11941,cast,16,Munchkin
1352,3395,cast,17,Munchkin
1352,11663,cast,18,Munchkin
1352,5854,cast,19,Emerald City Manicurist
1352,914,cast,20,Ozmite
1352,23294,director,1,
1352,13168,director,2,
1352,7809,director,3,
1352,19367,director,4,
1352,17463,director,5,
1352,17389,writer,1,
1352,7140,writer,2,
1352,6100,writer,3,
1352,13390,writer,4,
1352,13168,writer,5,
1352,19367,writer,6,
1352,21203,writer,7,
1352,7884,writer,8,
1352,19681,writer,9,
1352,17505,writer,10,
1352,9687,writer,11,
1353,869,cast,1,"María, Ana, Pedro"
1353,18838,cast,2,Wolf
1353,12535,cast,3,Introduction
1353,3258,cast,4,Introduction
1353,16958,cast,5,Introduction
1353,3280,cast,6,Introduction
1353,10304,cast,7,Introduction
1353,11128,director,1,
1353,4519,director,2,
1353,505,writer,1,
1353,11128,writer,2,
1353,4519,writer,3,
1354,18863,cast,1,"Roald Dahl, Policeman"
1354,2232,cast,2,"Henry Sugar, Make-Up Artist"
1354,5476,cast,3,"Dr. Chatterjee, John Winston"
1354,2200,cast,4,"Imdad Khan, Croupier"
1354,19216,cast,5,"Dr. Marshall, Yogi"
1354,10224,cast,6,"Canasta Player, Manor Guest, Friend of Henry Sugar"
1354,19034,cast,7,"Canasta Player, Manor Guest, Friend of Henry Sugar"
1354,5010,cast,8,Casino Croupier
1354,15356,cast,9,Casino Guest
1354,200,cast,10,Casino Guest
1354,4063,cast,11,Casino Guest
1354,19361,cast,12,Casino Guest
1354,12018,cast,13,Casino Guest
1354,14018,cast,14,Casino Guest
1354,19776,cast,15,Casino Guest
1354,2625,cast,16,Casino Guest
1354,19526,cast,17,Casino Guest
1354,14036,cast,18,Casino Guest
1354,246,cast,19,Casino Guest
1354,10398,cast,20,Casino Guest
1354,23655,director,1,
1354,19465,writer,1,
1354,23655,writer,2,
1355,1516,cast,1,Burt Munro
1355,5532,cast,2,Ada
1355,9240,cast,3,George
1355,22287,cast,4,Sarah
1355,9,cast,5,Tom
1355,22517,cast,6,Frank
1355,1460,cast,7,Fran
1355,8299,cast,8,Duncan
1355,1604,cast,9,Jeff
1355,12605,cast,10,Doris
1355,4488,cast,11,Antarctic Angel
1355,10908,cast,12,Cook
1355,764,cast,13,Doctor
1355,18568,cast,14,Janice Springfield
1355,3675,cast,15,Bank Manager
1355,2099,cast,16,Burt's Neighbour
1355,2477,cast,17,Burt's Neighbour
1355,16327,cast,18,Brian
1355,22884,cast,19,Captain
1355,23661,cast,20,Troy
1355,19872,director,1,
1355,19872,writer,1,
1356,19114,cast,1,Julie
1356,1030,cast,2,Aksel
1356,8930,cast,3,Eivind
1356,8576,cast,4,Ole Magnus
1356,8846,cast,5,Karianne
1356,23331,cast,6,Per Harald
1356,14966,cast,7,Sunniva
1356,13516,cast,8,Kristoffer
1356,12516,cast,9,Tone
1356,15018,cast,10,Eva
1356,22341,cast,11,Åse
1356,5392,cast,12,Adil
1356,6246,cast,13,Synne
1356,20139,cast,14,Young Actor
1356,22894,cast,15,Director
1356,19053,cast,16,Marthe Refstad
1356,21230,cast,17,Journalist
1356,1638,cast,18,Publishing Editor
1356,21301,cast,19,Publishing Director
1356,21347,cast,20,Nathalie
1356,11054,director,1,
1356,6790,writer,1,
1356,11054,writer,2,
1357,4993,cast,1,Agent Fox Mulder
1357,8073,cast,2,Agent Dana Scully
1357,11570,cast,3,The Well-Manicured Man
1357,23737,cast,4,The Cigarette-Smoking Man
1357,15365,cast,5,Kurtzweil
1357,16593,cast,6,Assistant Director Walter Skinner
1357,10593,cast,7,Bronschweig
1357,2599,cast,8,Cassidy
1357,22270,cast,9,Michaud
1357,1699,cast,10,Strughold
1357,14352,cast,11,Stevie
1357,4048,cast,12,2nd Boy
1357,4335,cast,13,3rd Boy
1357,2590,cast,14,4th Boy
1357,5250,cast,15,Langly
1357,2975,cast,16,Byers
1357,22640,cast,17,Frohike
1357,5744,cast,18,Group Elder
1357,7864,cast,19,2nd Elder
1357,16191,cast,20,Black-Haired Man
1357,19467,director,1,
1357,3873,writer,1,
1357,7382,writer,2,
1358,6544,cast,1,Queen Victoria
1358,20183,cast,2,Prince Albert
1358,17969,cast,3,Lord Melbourne
1358,16555,cast,4,Duchess of Kent
1358,10910,cast,5,King William
1358,22425,cast,6,King Leopold
1358,15257,cast,7,Sir John Conroy
1358,10789,cast,8,Baron Stockmar
1358,8627,cast,9,Queen Adelaide
1358,10506,cast,10,Baroness Lehzen
1358,12231,cast,11,Duke of Wellington
1358,16130,cast,12,Sir Robert Peel
1358,16321,cast,13,Ernest
1358,7748,cast,14,Lady Flora Hastings
1358,18778,cast,15,Duchess of Sutherland
1358,16767,cast,16,Watson
1358,11936,cast,17,Edward Oxford
1358,22643,cast,18,Man on Soap Box
1358,16237,cast,19,Young Victoria Age 11
1358,8250,cast,20,Young Victoria Age 5
1358,10435,director,1,
1358,12230,writer,1,
1359,3969,cast,1,Rudolf Höss
1359,20546,cast,2,Hedwig Höss
1359,11274,cast,3,Claus Höss
1359,14442,cast,4,Hans Höss
1359,17097,cast,5,Inge-Brigitt Höss
1359,13982,cast,6,Heideraud Höss
1359,1024,cast,7,Annagret Höss
1359,3478,cast,8,Annagret Höss
1359,12448,cast,9,Annagret Höss
1359,15815,cast,10,Elfryda
1359,15743,cast,11,Schwarzer
1359,21323,cast,12,Dilla
1359,1176,cast,13,Bronek
1359,12200,cast,14,Young Polish Housemaid
1359,21563,cast,15,Sophie
1359,15414,cast,16,Marta
1359,24397,cast,17,Aniela
1359,2251,cast,18,"Fritz Sander, Topf & Sons"
1359,22438,cast,19,"Karl Prüfer, Topf & Sons"
1359,13222,cast,20,Obersturmbannführer Bischoff
1359,11802,director,1,
1359,11802,writer,1,
1359,15335,writer,2,
1360,21871,cast,1,Louise
1360,7709,cast,2,Thelma
1360,8724,cast,3,Hal
1360,16128,cast,4,Jimmy
1360,4078,cast,5,Darryl
1360,21627,cast,6,Max
1360,2755,cast,7,J.D.
1360,22534,cast,8,Harlan
1360,14395,cast,9,"Lena, the Waitress"
1360,10241,cast,10,State Trooper
1360,21391,cast,11,Albert
1360,21048,cast,12,East Indian Motel Clerk
1360,12889,cast,13,Major
1360,3321,cast,14,Waitress
1360,21615,cast,15,Surveillance Man
1360,19487,cast,16,Plainclothes Cop
1360,9678,cast,17,I.D. Tech
1360,16043,cast,18,Silver Bullet Dancer
1360,13285,cast,19,Girl Smoker
1360,17388,cast,20,Mountain Bike Rider
1360,19425,director,1,
1360,3125,writer,1,
1361,4716,cast,1,Daniel Plainview
1361,17988,cast,2,"Paul Sunday, Eli Sunday"
1361,4140,cast,3,Fletcher
1361,15391,cast,4,Silver Assay Worker
1361,15640,cast,5,Silver Assay Worker
1361,9759,cast,6,Silver Assay Worker
1361,12002,cast,7,Silver Assay Worker
1361,2077,cast,8,H.B. Ailman
1361,8633,cast,9,Baby HW
1361,21756,cast,10,Baby HW
1361,18000,cast,11,Prescott
1361,5602,cast,12,HW
1361,12993,cast,13,Signal Hill Man
1361,10949,cast,14,Signal Hill Married Man
1361,6706,cast,15,Signal Hill Woman
1361,18913,cast,16,Mr. Bankside
1361,4328,cast,17,Mrs. Bankside
1361,21941,cast,18,Mary Sunday
1361,5213,cast,19,Abel Sunday
1361,4011,cast,20,Mother Sunday
1361,18103,director,1,
1361,18103,writer,1,
1361,23099,writer,2,
1362,19826,cast,1,Nada
1362,12782,cast,2,Frank
1362,15816,cast,3,Holly
1362,7792,cast,4,Drifter
1362,18362,cast,5,Gilbert
1362,19017,cast,6,Street Preacher
1362,10277,cast,7,Family Man
1362,11504,cast,8,Bearded Man
1362,21838,cast,9,Brown Haired Woman
1362,21931,cast,10,Black Revolutionary
1362,23637,cast,11,Family Man's Daughter
1362,14391,cast,12,Female Interviewer
1362,21840,cast,13,Ingenue
1362,17437,cast,14,Foreman
1362,4673,cast,15,Black Junkie
1362,11413,cast,16,Well Dressed Customer
1362,17446,cast,17,Vendor
1362,22345,cast,18,Rich Lady
1362,21758,cast,19,Depressed Human
1362,19165,cast,20,Arab Clerk
1362,11358,director,1,
1362,18988,writer,1,
1362,11358,writer,2,
1363,22384,cast,1,Self - Bedfordshire Regiment
1363,23734,cast,2,Self - Royal Naval Air Service
1363,11306,cast,3,Self - The Duke of Cambridge's Own (Middlesex Regiment)
1363,1872,cast,4,Self - British Army
1363,23518,cast,5,Self - East Yorkshire Regiment
1363,5757,cast,6,Self - Seaforth Highlanders
1363,22389,cast,7,"Self - Chatham Battalion, Royal Naval Division"
1363,7786,cast,8,Self - 50th Division Headquarters
1363,23522,cast,9,Self - Northhampyonshire Yeomanry
1363,1741,cast,10,Self - Royal Navy Air Service
1363,19518,cast,11,Self - British Army
1363,23748,cast,12,"Self - Hawke Battalion, Royal Navy Division"
1363,11954,cast,13,Self - Durham Light Infantry
1363,6221,cast,14,Self - Worcestershire Regiment
1363,9085,cast,15,Self - Tanks Corps
1363,6131,cast,16,Self - Royal Sussex Regiment
1363,4193,cast,17,Self - Army Service Corps
1363,797,cast,18,Self - The Duke of Edinburgh's ((Whiltshire Regiment))
1363,5758,cast,19,Self - Royal Naval Air Service
1363,7305,cast,20,"Self - 6th Battalion, Australian Imperial Force"
1363,18361,director,1,
1363,18361,writer,1,
1364,9903,cast,1,Frank
1364,23026,cast,2,Jessie
1364,23879,cast,3,Okla
1364,10905,cast,4,Barry
1364,19686,cast,5,Leo
1364,22732,cast,6,Attaglia
1364,5400,cast,7,Carl
1364,17206,cast,8,Nick
1364,23939,cast,9,Mitch
1364,17431,cast,10,Guido
1364,11631,cast,11,Urizzi
1364,7697,cast,12,Boreksco
1364,4114,cast,13,Ancell
1364,20417,cast,14,Martello
1364,21452,cast,15,Bukowski
1364,23558,cast,16,D. Simpson
1364,20460,cast,17,Large Detective in Suit
1364,23808,cast,18,Joseph
1364,14197,cast,19,Paula
1364,8495,cast,20,Joe Gags
1364,16131,director,1,
1364,16131,writer,1,
1364,7335,writer,2,
1365,9500,cast,1,Nathalie Chazeaux
1365,1061,cast,2,Heinz
1365,19927,cast,3,Fabien
1365,6125,cast,4,Yvette Lavastre
1365,20624,cast,5,Chloé
1365,21359,cast,6,Johann
1365,8432,cast,7,L'éditeur
1365,24252,cast,8,Daniel
1365,18779,cast,9,Amélie
1365,3720,cast,10,La chef de rayon aux Editions Cartet
1365,6367,cast,11,Elsa
1365,14067,cast,12,Hugo
1365,13459,cast,13,Ruth
1365,14058,cast,14,Linus
1365,4268,cast,15,Clemens
1365,8317,cast,16,Simon (élève lycée)
1365,14008,cast,17,Antonia
1365,11047,cast,18,Félix (élève lycée)
1365,1472,cast,19,Charlotte (élève lycée)
1365,12194,cast,20,Elève bac
1365,15946,director,1,
1365,15946,writer,1,
1366,21372,cast,1,Sang-hyun
1366,13126,cast,2,Tae-ju
1366,8779,cast,3,Nurse Sa
1366,20839,cast,4,Hyo-sung
1366,9223,cast,5,Doctor Koo
1366,18768,cast,6,Nurse Yu
1366,9376,cast,7,Priest Roh
1366,6738,cast,8,Emmanuel Research Director
1366,22317,cast,9,Emmanuel Research Nun
1366,11848,cast,10,Grandfather
1366,24111,cast,11,Devotee
1366,9226,cast,12,Whistle Girl
1366,13107,cast,13,Mrs. Ra
1366,21091,cast,14,Kang-woo
1366,4597,cast,15,Young-doo
1366,15909,cast,16,Evelyn
1366,21374,cast,17,Seung-dae
1366,3767,cast,18,Investigator
1366,13109,cast,19,Oh Veronica
1366,21993,cast,20,Security Guard
1366,17766,director,1,
1366,6530,writer,1,
1366,17766,writer,2,
1366,4131,writer,3,
1367,22446,cast,1,Shaun
1367,21590,cast,2,Combo
1367,11035,cast,3,Cynth
1367,1168,cast,4,Milky
1367,23279,cast,5,Lol
1367,11185,cast,6,Woody
1367,20038,cast,7,Smell
1367,1140,cast,8,Gadget
1367,18242,cast,9,Meggy
1367,7865,cast,10,Banjo
1367,7333,cast,11,Lenny
1367,9696,cast,12,Pukey Nicholls
1367,13279,cast,13,Mr. Sandhu
1367,13079,cast,14,Kes
1367,3539,cast,15,Kelly
1367,4788,cast,16,Trev
1367,21417,cast,17,Pob
1367,8564,cast,18,Shoe Shop Assistant
1367,4911,cast,19,Mr. Dudley
1367,16198,cast,20,"Bully, Harvey"
1367,20941,director,1,
1367,20941,writer,1,
1368,16104,cast,1,Self
1368,549,cast,2,Self
1368,632,cast,3,Self
1368,17181,cast,4,Self
1368,15979,cast,5,Self
1368,9453,cast,6,Self
1368,4706,cast,7,Self
1368,15846,cast,8,Self
1368,16476,cast,9,Dancer at the Audition
1368,3892,cast,10,Self
1368,16582,cast,11,Self
1368,12163,cast,12,Self
1368,5830,cast,13,Self
1368,20956,cast,14,Dancer
1368,5478,cast,15,Self
1368,2111,cast,16,Self
1368,3644,cast,17,Self
1368,11817,cast,18,Self
1368,18777,cast,19,Self
1368,11825,cast,20,Self
1368,12939,director,1,
1369,15500,cast,1,Mantoa
1369,10765,cast,2,Lesiba Player
1369,14675,cast,3,Priest
1369,23007,cast,4,Chief Khotso
1369,21300,cast,5,Pono
1369,22306,cast,6,Lasaro
1369,22307,cast,7,Mokolobetsi
1369,21236,cast,8,Morui
1369,491,cast,9,Evangelist Priest
1369,20647,cast,10,Evangelist's Wife
1369,13760,director,1,
1369,13760,writer,1,
1370,9826,cast,1,Self
1370,9319,cast,2,Self - pet lizard
1370,16784,cast,3,Self
1370,16660,cast,4,Self
1370,18846,cast,5,Self
1370,21243,cast,6,Self - owner of Micky the dog
1370,16348,cast,7,Self - Sima's dog
1370,8730,cast,8,Self - part-time janitor
1370,16660,director,1,
1370,9826,director,2,
1370,9826,writer,1,
1371,19485,cast,1,Marty DiBergi
1371,16135,cast,2,David St. Hubbins
1371,4055,cast,3,Nigel Tufnel
1371,13154,cast,4,Heavy Metal Fan
1371,3748,cast,5,Heavy Metal Fan
1371,20964,cast,6,Heavy Metal Fan
1371,19463,cast,7,Mick Shrimpton
1371,5049,cast,8,Viv Savage
1371,22847,cast,9,Ian Faith
1371,8696,cast,10,Derek Smalls
1371,3013,cast,11,Tommy Pischedda
1371,10387,cast,12,Ethereal Fan
1371,17902,cast,13,New York M.C.
1371,6025,cast,14,John 'Stumpy' Pepys
1371,4815,cast,15,Ronnie Pudding
1371,7177,cast,16,Bobbi Flekman
1371,17900,cast,17,Sir Denis Eton-Hogg
1371,15898,cast,18,Bartender
1371,12271,cast,19,Mime Waitress
1371,4674,cast,20,Mime Waiter
1371,19485,director,1,
1371,4055,writer,1,
1371,16135,writer,2,
1371,8696,writer,3,
1371,19485,writer,4,
1372,7197,cast,1,Mildred
1372,23932,cast,2,Willoughby
1372,20451,cast,3,Dixon
1372,3120,cast,4,Red Welby
1372,12967,cast,5,Pamela
1372,508,cast,6,Latino
1372,4208,cast,7,Abercrombie
1372,4864,cast,8,Jerome
1372,26,cast,9,Anne
1372,19460,cast,10,Polly
1372,20828,cast,11,Jane
1372,14356,cast,12,Robbie
1372,24317,cast,13,Desk Sergeant
1372,886,cast,14,Denise
1372,14690,cast,15,Gabriella
1372,20573,cast,16,Momma Dixon
1372,18317,cast,17,James
1372,4029,cast,18,Tony
1372,8329,cast,19,Doctor
1372,10779,cast,20,Geoffrey
1372,15373,director,1,
1372,15373,writer,1,
1373,12300,cast,1,Julie
1373,24309,cast,2,Karol Karol (cameo)
1373,12257,cast,3,Dominique (cameo)
1373,2274,cast,4,Olivier
1373,7138,cast,5,Sandrine
1373,3733,cast,6,Lucille
1373,8850,cast,7,La journaliste
1373,18557,cast,8,L'agent immobilier
1373,4215,cast,9,Le médecin
1373,9192,cast,10,Patrice (Mari de Julie)
1373,6599,cast,11,La mère
1373,7142,cast,12,La copiste
1373,4741,cast,13,Le voisin du dessous
1373,9613,cast,14,Le flutiste
1373,3436,cast,15,La voisine
1373,24018,cast,16,Antoine
1373,369,cast,17,L'avocat
1373,9507,cast,18,"Marie, La servante"
1373,18615,cast,19,Le Jardinier
1373,18550,cast,20,
1373,13328,director,1,
1373,13328,writer,1,
1373,13331,writer,2,
1373,210,writer,3,
1373,6217,writer,4,
1373,21326,writer,5,
1374,9443,cast,1,Valentine
1374,10420,cast,2,Le juge
1374,7495,cast,3,Karin
1374,10473,cast,4,Auguste
1374,20514,cast,5,Le photographe (Photographer)
1374,15140,cast,6,Le vétérinaire
1374,22167,cast,7,Le barman
1374,2289,cast,8,Le disquaire
1374,10490,cast,9,Le voisin
1374,6498,cast,10,La femme
1374,18107,cast,11,L'ami de Karin
1374,10437,cast,12,Le gardien du théâtre
1374,19910,cast,13,Le trafiquant
1374,2924,cast,14,
1374,13795,cast,15,
1374,16850,cast,16,
1374,3472,cast,17,
1374,1430,cast,18,
1374,17075,cast,19,
1374,10829,cast,20,
1374,13328,director,1,
1374,13331,writer,1,
1374,13328,writer,2,
1374,210,writer,3,
1374,6217,writer,4,
1374,6196,writer,5,
1374,14853,writer,6,
1375,24309,cast,1,Karol Karol
1375,12257,cast,2,Dominique Vidal
1375,10207,cast,3,Mikolaj
1375,10786,cast,4,Jurek
1375,516,cast,5,Le notaire
1375,8353,cast,6,L'elégant
1375,3512,cast,7,L'inspecteur
1375,10784,cast,8,La vieux payson
1375,10787,cast,9,Monsieur Bronek
1375,3513,cast,10,Le propriétaire du bureau de change
1375,16265,cast,11,L'interprète
1375,18551,cast,12,Le juge (The Judge)
1375,18657,cast,13,L'homme de haute taille
1375,7220,cast,14,L'employé de banque
1375,2025,cast,15,La caissière
1375,24020,cast,16,L'employée du metro
1375,15516,cast,17,L'employée du Mariott
1375,9789,cast,18,L'avocat de Dominique
1375,22234,cast,19,Madame Jadwiga
1375,13324,cast,20,
1375,13328,director,1,
1375,13328,writer,1,
1375,13331,writer,2,
1375,210,writer,3,
1375,6217,writer,4,
1375,6196,writer,5,
1375,14853,writer,6,
1376,7805,cast,1,Maj. Archie Gates
1376,15264,cast,2,SFC Troy Barlow
1376,9301,cast,3,Chief Elgin
1376,21454,cast,4,PFC Conrad Vig
1376,4283,cast,5,Amir Abdulah
1376,17413,cast,6,Adriana Cruz
1376,10100,cast,7,Walter Wogaman
1376,20350,cast,8,Captain Said
1376,16827,cast,9,Colonel Horn
1376,9055,cast,10,Captain Van Meter
1376,12182,cast,11,Cathy Daitch
1376,4071,cast,12,Teebaux
1376,11762,cast,13,Paco
1376,14139,cast,14,"Debbie Barlow, Troy's Wife"
1376,15297,cast,15,Amir's Wife
1376,713,cast,16,Amir's Daughter
1376,9610,cast,17,Hairdressing Twin #1
1376,8013,cast,18,Hairdressing Twin #2
1376,2705,cast,19,Western Dressed Village Woman
1376,9766,cast,20,Traditional Village Woman
1376,5107,director,1,
1376,11613,writer,1,
1376,5107,writer,2,
1377,8838,cast,1,Narrator
1377,8420,cast,2,
1377,22403,cast,3,
1377,8165,cast,4,Self
1377,1183,cast,5,Self
1377,6912,cast,6,Self
1377,15492,cast,7,Self
1377,24311,cast,8,Self
1377,12572,cast,9,Self
1377,16773,cast,10,Self
1377,2397,director,1,
1377,2397,writer,1,
1377,8165,writer,2,
1378,9298,cast,1,Kidane
1378,48,cast,2,Abdelkerim
1378,22926,cast,3,Satima
1378,13655,cast,4,Toya
1378,15835,cast,5,Issan
1378,8960,cast,6,Djihadiste
1378,12981,cast,7,Zabou
1378,7016,cast,8,La chanteuse Fatou
1378,116,cast,9,L'Imam
1378,20364,cast,10,Le chef djihadiste
1378,14722,cast,11,Djihadiste
1378,24130,cast,12,Djihadiste
1378,3754,cast,13,Omar
1378,24360,cast,14,Tina
1378,23621,cast,15,Juge
1378,5642,cast,16,Juge
1378,17600,cast,17,Amadou
1378,4623,cast,18,Abu Jaafar
1378,41,director,1,
1378,41,writer,1,
1378,12977,writer,2,
1379,21198,cast,1,Self
1379,19596,cast,2,Self
1379,14647,cast,3,Self
1379,19106,cast,4,Self
1379,13596,cast,5,Self
1379,7500,cast,6,Self
1379,12403,cast,7,Self
1379,19594,cast,8,Self
1379,18200,cast,9,Self
1379,19991,cast,10,Self
1379,10916,cast,11,Self
1379,5645,cast,12,Self
1379,7943,cast,13,Self
1379,8546,cast,14,Self
1379,7617,cast,15,Self
1379,7617,director,1,
1380,1897,cast,1,Vincent
1380,12533,cast,2,Muriel
1380,20858,cast,3,Jean-Michel
1380,10474,cast,4,Father
1380,16703,cast,5,Mother
1380,17244,cast,6,Julien
1380,15033,cast,7,Alice
1380,7052,cast,8,Félix
1380,17588,cast,9,Stan
1380,15773,cast,10,Nono
1380,6358,cast,11,Jeanne
1380,17288,cast,12,Jaffrey
1380,4020,cast,13,Fred
1380,5576,cast,14,Philippe
1380,18546,cast,15,Human resources director
1380,18152,cast,16,Laetitia
1380,10106,cast,17,Fati
1380,5574,cast,18,Luc
1380,21415,cast,19,Valerie
1380,17784,cast,20,Patrick
1380,13602,director,1,
1380,19775,writer,1,
1380,13602,writer,2,
1381,7666,cast,1,George Smiley
1381,4355,cast,2,Bill Haydon
1381,22685,cast,3,Ricki Tarr
1381,15257,cast,4,Jim Prideaux
1381,11471,cast,5,Control
1381,24387,cast,6,Magyar
1381,18368,cast,7,Hungarian Waiter
1381,9353,cast,8,Woman in Window
1381,9373,cast,9,KGB Agent
1381,22597,cast,10,Percy Alleline
1381,4985,cast,11,Toby Esterhase
1381,4140,cast,12,Roy Bland
1381,12659,cast,13,Connie Sachs
1381,2232,cast,14,Peter Guillam
1381,21590,cast,15,Jerry Westerby
1381,1770,cast,16,Bryant
1381,21274,cast,17,Oliver Lacon
1381,875,cast,18,Belinda
1381,18392,cast,19,Fawn
1381,19891,cast,20,Mendel
1381,22760,director,1,
1381,11506,writer,1,
1381,2910,writer,2,
1381,18431,writer,3,
1382,13839,cast,1,Jack Dawson
1382,12607,cast,2,Rose DeWitt Bukater
1382,2546,cast,3,Cal Hockley
1382,12658,cast,4,Molly Brown
1382,7190,cast,5,Ruth DeWitt Bukater
1382,8182,cast,6,Old Rose
1382,2471,cast,7,Brock Lovett
1382,2295,cast,8,Captain Smith
1382,5200,cast,9,Spicer Lovejoy
1382,23295,cast,10,Thomas Andrews
1382,11810,cast,11,Bruce Ismay
1382,21913,cast,12,Lizzy Calvert
1382,13911,cast,13,Lewis Bodine
1382,17150,cast,14,Bobby Buell
1382,1027,cast,15,Anatoly Milkailavich
1382,4822,cast,16,Fabrizio
1382,10239,cast,17,Tommy Ryan
1382,6945,cast,18,1st Officer Murdoch
1382,9413,cast,19,Fifth Officer Lowe
1382,11856,cast,20,2nd Officer Lightoller
1382,9907,director,1,
1382,9907,writer,1,
1383,7914,cast,1,L'institueur
1383,789,cast,2,Les enfants de la classe
1383,1935,cast,3,Les enfants de la classe
1383,8362,cast,4,Les enfants de la classe
1383,10845,cast,5,Les enfants de la classe
1383,11267,cast,6,Les enfants de la classe - Jojo
1383,11272,cast,7,Les enfants de la classe
1383,11778,cast,8,Les enfants de la classe
1383,12278,cast,9,Les enfants de la classe
1383,13526,cast,10,Les enfants de la classe
1383,13898,cast,11,Les enfants de la classe
1383,15042,cast,12,Les enfants de la classe
1383,16998,cast,13,Les enfants de la classe
1383,17577,cast,14,Les enfants de la classe
1383,7241,cast,15,"Les frères et soeurs, les nouveaux..."
1383,12985,cast,16,"Les frères et soeurs, les nouveaux..."
1383,10732,cast,17,"Les frères et soeurs, les nouveaux..."
1383,14622,cast,18,"Les frères et soeurs, les nouveaux..."
1383,13661,cast,19,"Les frères et soeurs, les nouveaux..."
1383,17492,cast,20,"Les frères et soeurs, les nouveaux..."
1383,17248,director,1,
1384,3335,cast,1,Maria Tura
1384,9626,cast,2,Joseph Tura
1384,19715,cast,3,Lieutenant Stanislav Sobinski
1384,7050,cast,4,Greenberg
1384,14062,cast,5,Rawitch
1384,21501,cast,6,Professor Siletsky
1384,21227,cast,7,Colonel Ehrhardt
1384,22662,cast,8,Bronski
1384,3632,cast,9,Producer Jan Dobosz
1384,7850,cast,10,Actor-Adjutant
1384,8914,cast,11,Captain Schultz
1384,15697,cast,12,Anna
1384,8520,cast,13,General Armstrong
1384,16479,cast,14,Major Cunningham
1384,20151,cast,15,Gestapo Sergeant at Desk at Top of Hotel Stairs
1384,17964,cast,16,Polish RAF Pilot
1384,21921,cast,17,German Soldier
1384,4797,cast,18,Member of Audience at Performance of Hamlet
1384,3079,cast,19,Townsman
1384,18293,cast,20,Wilhelm Kunze
1384,6775,director,1,
1384,15867,writer,1,
1384,6224,writer,2,
1384,6775,writer,3,
1385,17265,cast,1,Suzanne Stone
1385,15607,cast,2,Larry Maretto
1385,11131,cast,3,Jimmy Emmett
1385,3389,cast,4,Russel Hines
1385,9352,cast,5,Janice Maretto
1385,769,cast,6,Lydia Mertz
1385,4651,cast,7,Joe Maretto
1385,23601,cast,8,Ed Grant
1385,13359,cast,9,Earl Stone
1385,9047,cast,10,Carol Stone
1385,21874,cast,11,Faye Stone
1385,14993,cast,12,Angela Maretto
1385,22497,cast,13,Mike Warden
1385,16177,cast,14,Ben DeLuca
1385,3044,cast,15,Mr. H. Finlaysson
1385,7997,cast,16,George
1385,22675,cast,17,Fisherman
1385,388,cast,18,Fisherman
1385,16862,cast,19,Sexy Woman
1385,4408,cast,20,Weaselly Guy
1385,8399,director,1,
1385,12096,writer,1,
1385,3044,writer,2,
1386,9203,cast,1,Harry 'Steve' Morgan
1386,13570,cast,2,Marie 'Slim' Browning
1386,23524,cast,3,Eddie
1386,5664,cast,4,Mme. Hellene de Bursac
1386,9041,cast,5,Cricket
1386,21041,cast,6,Lt. Coyo
1386,23561,cast,7,Paul de Bursac
1386,14825,cast,8,Gerard aka Frenchy
1386,23556,cast,9,Johnson
1386,4662,cast,10,Capt. M. Renard
1386,485,cast,11,Renard's Bodyguard
1386,17118,cast,12,Band member with Hoagy Carmichael
1386,1879,cast,13,Dancer
1386,12299,cast,14,Black Woman
1386,12081,cast,15,Madame de Bursac
1386,6844,cast,16,Quartermaster
1386,9900,cast,17,Bit Part
1386,9640,cast,18,Guide
1386,14301,cast,19,Waitress
1386,180,cast,20,Cashier
1386,9106,director,1,
1386,6754,writer,1,
1386,12191,writer,2,
1386,23780,writer,3,
1386,4278,writer,4,
1386,23670,writer,5,
1387,8331,cast,1,Atticus Finch
1387,11550,cast,2,Dill Harris
1387,7360,cast,3,Sheriff Heck Tate
1387,20064,cast,4,Maudie Atkinson
1387,20248,cast,5,Mrs. Dubose
1387,2935,cast,6,Tom Robinson
1387,6800,cast,7,Calpurnia
1387,18002,cast,8,Judge Taylor
1387,4377,cast,9,Mayella Violet Ewell
1387,9876,cast,10,Bob Ewell
1387,730,cast,11,Aunt Stephanie Crawford
1387,19573,cast,12,Boo Radley
1387,23865,cast,13,Mr. Gilmer
1387,4478,cast,14,Walter Cunningham Sr.
1387,19284,cast,15,Nathan Radley
1387,15432,cast,16,Scout Finch
1387,18559,cast,17,Jem Finch
1387,19464,cast,18,Man
1387,23519,cast,19,Courtroom Spectator
1387,6061,cast,20,Courtroom Spectator
1387,19668,director,1,
1387,8619,writer,1,
1387,9088,writer,2,
1388,1861,cast,1,Yoko
1388,21167,cast,2,Yoshioka
1388,22629,cast,3,Sasaki
1388,136,cast,4,Temur
1388,20281,cast,5,Iwao
1388,16818,cast,6,
1388,15415,cast,7,
1388,13213,director,1,
1388,13213,writer,1,
1389,22900,cast,1,Gin
1389,24134,cast,2,Hana
1389,1938,cast,3,Miyuki
1389,21170,cast,4,Ôta
1389,20825,cast,5,Kâ-san
1389,9024,cast,6,Yasuo
1389,20293,cast,7,Rô-jin
1389,24230,cast,8,Miyuki no chichi
1389,13385,cast,9,Sachiko
1389,14728,cast,10,Gin no musume
1389,301,cast,11,Isha
1389,19430,cast,12,Shinrô
1389,20674,cast,13,Kiyoko (Ôta's daughter)
1389,8969,cast,14,
1389,16613,cast,15,
1389,6732,cast,16,
1389,3834,cast,17,
1389,289,cast,18,
1389,12709,cast,19,
1389,17374,cast,20,
1389,20677,director,1,
1389,21154,director,2,
1389,20677,writer,1,
1389,12759,writer,2,
1390,3832,cast,1,Shukichi Hirayama
1390,3816,cast,2,Tomi Hirayama
1390,21337,cast,3,Koichi Hirayama
1390,20901,cast,4,Noriko Hirayama
1390,8710,cast,5,Shige Kaneko
1390,13347,cast,6,Fumiko Hirayama - his wife
1390,13382,cast,7,Kyôko Hirayama
1390,6250,cast,8,Sanpei Numata
1390,17371,cast,9,Kurazo Kaneko
1390,21142,cast,10,Keizo Hirayama
1390,9031,cast,11,Osamu Hattori
1390,22281,cast,12,Yone Hattori
1390,16816,cast,13,Oden-ya no onna
1390,22930,cast,14,Rinka no saikun
1390,22899,cast,15,Tetsudou-shokuin
1390,20321,cast,16,Aparto no onna
1390,24320,cast,17,Minoru Hirayama - Koichi's son
1390,16605,cast,18,Isamu Hirayama - Koichi's son
1390,12353,cast,19,Biyouin no joshu
1390,20285,cast,20,Biyouin no kyaku
1390,24037,director,1,
1390,13237,writer,1,
1390,24037,writer,2,
1391,13355,cast,1,Wyatt Earp
1391,23127,cast,2,Doc Holliday
1391,20427,cast,3,Virgil Earp
1391,2471,cast,4,Morgan Earp
1391,18707,cast,5,Curly Bill Brocius
1391,15989,cast,6,Johnny Ringo
1391,3736,cast,7,Henry Hooker
1391,10272,cast,8,Billy Breckinridge
1391,11766,cast,9,Behan
1391,21602,cast,10,Ike Clanton
1391,22410,cast,11,Billy Clanton
1391,4675,cast,12,Josephine Marcus
1391,18132,cast,13,Allie Earp
1391,14084,cast,14,Louisa Earp
1391,4685,cast,15,Mattie Earp
1391,11108,cast,16,Kate
1391,16180,cast,17,Sherman McMasters
1391,8655,cast,18,Marshal Fred White
1391,2508,cast,19,Johnny Tyler
1391,22762,cast,20,Frank Stillwell
1391,7869,director,1,
1391,13022,writer,1,
1392,20546,cast,1,Ines Conradi
1392,18421,cast,2,Winfried
1392,16233,cast,3,Henneberg
1392,22429,cast,4,Gerald
1392,23003,cast,5,Tim
1392,9401,cast,6,Anca
1392,8469,cast,7,Tatjana
1392,14415,cast,8,Steph
1392,23317,cast,9,Flavia
1392,658,cast,10,Dascalu
1392,23324,cast,11,Natalja
1392,9403,cast,12,Annegret
1392,12360,cast,13,Gerhard
1392,20241,cast,14,Renate
1392,17251,cast,15,Coach Leopold
1392,16367,cast,16,Mann am Ölfeld
1392,18806,cast,17,Bogdan
1392,17278,cast,18,Kurierfahrer
1392,18807,cast,19,Manager Spa
1392,13221,cast,20,Irma
1392,14883,director,1,
1392,14883,writer,1,
1393,5959,cast,1,"Michael Dorsey, Dorothy Michaels"
1393,10830,cast,2,Julie Nichols
1393,22241,cast,3,Sandy Lester
1393,4571,cast,4,Ron Carlisle
1393,3612,cast,5,Les Nichols
1393,2464,cast,6,Jeff Slater
1393,21943,cast,7,George Fields
1393,7828,cast,8,John Van Horn
1393,7709,cast,9,April Page
1393,5836,cast,10,Rita Marshall
1393,6430,cast,11,Jacqui
1393,18342,cast,12,Rick
1393,14529,cast,13,Jo
1393,19994,cast,14,Phil Weintraub
1393,5296,cast,15,Mrs. Mallory
1393,972,cast,16,Amy
1393,12941,cast,17,Boy
1393,21865,cast,18,Page
1393,16182,cast,19,Middle-Aged Man
1393,19555,cast,20,Stage Hand
1393,21943,director,1,
1393,5734,writer,1,
1393,13481,writer,2,
1393,16810,writer,3,
1393,2090,writer,4,
1393,19597,writer,5,
1393,19635,writer,6,
1393,6291,writer,7,
1394,7425,cast,1,Jerry Travers
1394,8095,cast,2,Dale Tremont
1394,6181,cast,3,Horace Hardwick
1394,6719,cast,4,Alberto Beddini
1394,6649,cast,5,Bates
1394,8803,cast,6,Madge Hardwick
1394,19497,cast,7,London Hotel Clerk
1394,14386,cast,8,Flower Clerk
1394,22577,cast,9,Minor Role
1394,23727,cast,10,Club Member
1394,22641,cast,11,Minor Role
1394,20102,cast,12,Minor Role
1394,22301,cast,13,Hotel Guest
1394,18685,cast,14,Dancer
1394,18575,cast,15,Dancer
1394,8101,cast,16,Venice Hotel Manager
1394,22652,cast,17,Minor Role
1394,14229,cast,18,Dancer
1394,17540,cast,19,Hotel Guest
1394,10318,cast,20,Guest Leaving Elevator
1394,15254,director,1,
1394,5973,writer,1,
1394,811,writer,2,
1394,357,writer,3,
1394,20533,writer,4,
1394,2197,writer,5,
1394,12559,writer,6,
1394,18874,writer,7,
1395,10910,cast,1,William Schwenck Gilbert
1395,799,cast,2,Arthur Sullivan
1395,5492,cast,3,Louis
1395,21813,cast,4,Clothilde
1395,19882,cast,5,Stage Doorkeeper
1395,23645,cast,6,Helen Lenoir
1395,21514,cast,7,Frank Cellier
1395,7765,cast,8,Armourer
1395,22546,cast,9,Richard Temple
1395,7229,cast,10,Butt
1395,2466,cast,11,Cook
1395,99,cast,12,Shrimp
1395,15382,cast,13,George Grossmith
1395,13866,cast,14,Lucy Gilbert (Kitty)
1395,12584,cast,15,Mrs. Judd
1395,12919,cast,16,Pidgeon
1395,12743,cast,17,Maidservant
1395,19944,cast,18,Richard D'Oyly Carte
1395,6303,cast,19,Fanny Ronalds
1395,7681,cast,20,Pianist in Brothel
1395,16411,director,1,
1395,16411,writer,1,
1396,1718,cast,1,Quaid
1396,20982,cast,2,Lori
1396,16097,cast,3,Richter
1396,18799,cast,4,Melina
1396,20012,cast,5,Cohaagen
1396,15300,cast,6,"George, Kuato"
1396,15853,cast,7,Benny
1396,16011,cast,8,Helm
1396,20103,cast,9,Dr. Edgemar
1396,18967,cast,10,McClane
1396,20061,cast,11,Dr. Lull
1396,5055,cast,12,Ernie
1396,661,cast,13,Tiffany
1396,5252,cast,14,Tony
1396,15184,cast,15,Bartender
1396,5267,cast,16,Thumbelina
1396,14496,cast,17,Mary
1396,19547,cast,18,Harry
1396,16116,cast,19,Stevens
1396,18724,cast,20,Fat Lady
1396,18106,director,1,
1396,18507,writer,1,
1396,19999,writer,2,
1396,4658,writer,3,
1396,11757,writer,4,
1396,7647,writer,5,
1397,16874,cast,1,Sol
1397,16719,cast,2,Nuria
1397,15148,cast,3,Alejandra
1397,20593,cast,4,Ester
1397,15577,cast,5,Tonatiuh
1397,22239,cast,6,Cruz
1397,9295,cast,7,Lucia
1397,469,cast,8,Roberto
1397,12120,cast,9,Napo
1397,15147,cast,10,Lúdica
1397,7605,cast,11,Isa
1397,14462,cast,12,Chavita
1397,11924,cast,13,Tío Octavio
1397,761,cast,14,Tía Aurora
1397,19848,cast,15,Arielito
1397,50,cast,16,Kayú
1397,18226,cast,17,Iván
1397,7933,cast,18,Tía Claudia
1397,24395,cast,19,Ruth
1397,16308,cast,20,Lulú
1397,13967,director,1,
1397,13967,writer,1,
1398,3736,cast,1,Mike Vargas
1398,17636,cast,2,Police Captain Hank Quinlan
1398,10182,cast,3,Susan Vargas
1398,11961,cast,4,Police Sergeant Pete Menzies
1398,293,cast,5,'Uncle' Joe Grandi
1398,11107,cast,6,Marcia Linnekar
1398,18973,cast,7,District Attorney Adair
1398,5425,cast,8,Mirador Motel Night Manager
1398,23130,cast,9,Pancho
1398,16763,cast,10,Al Schwartz
1398,23306,cast,11,Manelo Sanchez
1398,13415,cast,12,Risto
1398,16186,cast,13,Pretty Boy
1398,18480,cast,14,Blaine
1398,11732,cast,15,Zita
1398,8695,cast,16,Chief Gould
1398,15280,cast,17,Tanya
1398,24393,cast,18,Strip-Club Owner
1398,11155,cast,19,Young Delinquent
1398,18968,cast,20,Townsman
1398,17636,director,1,
1398,17636,writer,1,
1398,23666,writer,2,
1398,7413,writer,3,
1398,18069,writer,4,
1399,16721,cast,1,Neal Spelce
1399,23401,cast,2,Claire Wilson James
1399,4339,cast,3,Tom Eckman
1399,486,cast,4,Aleck Hernandez Jr.
1399,2577,cast,5,Houston McCoy
1399,23276,cast,6,Brenda Bell
1399,3882,cast,7,Allen Crum
1399,20758,cast,8,John 'Artly' Fox
1399,14261,cast,9,Ramiro 'Ray' Martinez
1399,12022,cast,10,Rita Starpattern
1399,13736,cast,11,Anthony Martinez
1399,19031,cast,12,Comforting Woman
1399,19968,cast,13,Phil Miller
1399,21665,cast,14,Man in Suit
1399,22542,cast,15,Kent Kirkley
1399,12500,cast,16,Margaret C. Berry
1399,10700,cast,17,Jerry Day
1399,4340,cast,18,James Love
1399,23057,cast,19,Student with Rifle
1399,11421,cast,20,Billy Speed
1399,12791,director,1,
1399,17727,writer,1,
1400,22684,cast,1,Woody
1400,22475,cast,2,Buzz Lightyear
1400,5742,cast,3,Mr. Potato Head
1400,10967,cast,4,Slinky Dog
1400,23504,cast,5,Rex
1400,11608,cast,6,Hamm
1400,1457,cast,7,Bo Peep
1400,11565,cast,8,Andy
1400,6722,cast,9,Sid
1400,13621,cast,10,Mrs. Davis
1400,18767,cast,11,Sergeant
1400,20634,cast,12,Hannah
1400,18217,cast,13,TV Announcer
1400,9619,cast,14,"Shark, Rocky Gibraltar"
1400,21441,cast,15,Wounded Soldier
1400,8288,cast,16,Local Announcer
1400,14081,cast,17,Kid
1400,12897,cast,18,Kid
1400,5271,cast,19,"Aliens, Pizza Planet Announcer"
1400,4333,cast,20,Kid
1400,11502,director,1,
1400,11502,writer,1,
1400,18252,writer,2,
1400,1171,writer,3,
1400,11208,writer,4,
1400,12078,writer,5,
1400,11237,writer,6,
1400,501,writer,7,
1401,22684,cast,1,Woody
1401,22475,cast,2,Buzz Lightyear
1401,11074,cast,3,Jessie
1401,12838,cast,4,Prospector
1401,5742,cast,5,Mr. Potato Head
1401,10967,cast,6,Slinky Dog
1401,23504,cast,7,Rex
1401,11608,cast,8,Hamm
1401,1457,cast,9,Bo Peep
1401,23601,cast,10,Al McWhiggin
1401,11565,cast,11,Andy
1401,13621,cast,12,Andy's Mom
1401,6801,cast,13,Mrs. Potato Head
1401,18767,cast,14,Sarge
1401,11139,cast,15,Barbie
1401,11808,cast,16,The Cleaner
1401,11208,cast,17,Wheezy
1401,1171,cast,18,Emperor Zurg
1401,10575,cast,19,"Aliens, Mr. Spell"
1401,9619,cast,20,"Rocky Gibraltar, Shark"
1401,11502,director,1,
1401,1809,director,2,
1401,13729,director,3,
1401,11502,writer,1,
1401,18252,writer,2,
1401,1809,writer,3,
1401,1171,writer,4,
1401,19449,writer,5,
1402,22684,cast,1,Woody
1402,22475,cast,2,Buzz Lightyear
1402,11074,cast,3,Jessie
1402,17062,cast,4,Lotso
1402,5742,cast,5,Mr. Potato Head
1402,16109,cast,6,Ken
1402,23504,cast,7,Rex
1402,11608,cast,8,Hamm
1402,6801,cast,9,Mrs. Potato Head
1402,11565,cast,10,Andy
1402,11139,cast,11,Barbie
1402,6556,cast,12,Bonnie
1402,13621,cast,13,Andy's Mom
1402,2584,cast,14,Slinky Dog
1402,22197,cast,15,Chatter Telephone
1402,3047,cast,16,Chuckles
1402,2124,cast,17,Molly
1402,10300,cast,18,Spanish Buzz
1402,22535,cast,19,Mr. Pricklepants
1402,14222,cast,20,Bonnie's Mom
1402,13729,director,1,
1402,11502,writer,1,
1402,1171,writer,2,
1402,13729,writer,3,
1402,15967,writer,4,
1402,15169,writer,5,
1402,12396,writer,6,
1402,5139,writer,7,
1403,6085,cast,1,Billy Ray Valentine
1403,4630,cast,2,Louis Winthorpe III
1403,18854,cast,3,Randolph Duke
1403,5700,cast,4,Mortimer Duke
1403,5361,cast,5,Coleman
1403,15731,cast,6,Duke & Duke Employee
1403,19249,cast,7,Duke & Duke Employee
1403,10924,cast,8,Duke & Duke Employee
1403,1499,cast,9,Duke & Duke Employee
1403,2708,cast,10,Duke & Duke Employee
1403,21829,cast,11,Duke & Duke Employee
1403,10025,cast,12,Duke & Duke Employee
1403,15494,cast,13,Duke & Duke Employee
1403,2714,cast,14,Duke & Duke Employee
1403,5156,cast,15,Duke & Duke Employee
1403,22658,cast,16,Duke Domestic
1403,23812,cast,17,Duke Domestic
1403,386,cast,18,Duke Domestic
1403,7130,cast,19,Duke Domestic
1403,18975,cast,20,Duke Domestic
1403,11499,director,1,
1403,22538,writer,1,
1403,8945,writer,2,
1404,16046,cast,1,Robert Wakefield
1404,2239,cast,2,Javier Rodríguez
1404,3440,cast,3,Helena Ayala
1404,9762,cast,4,Manolo Sanchez
1404,1131,cast,5,Desert Truck Driver
1404,16187,cast,6,Desert Truck Driver
1404,22766,cast,7,General Arturo Salazar
1404,12107,cast,8,"Salazar Soldier, The Torturer"
1404,6539,cast,9,Salazar Soldier #2
1404,16152,cast,10,Lawyer Rodman
1404,20205,cast,11,Clerk
1404,14210,cast,12,State Capitol Reporter #1
1404,6657,cast,13,State Capitol Reporter #2
1404,2142,cast,14,DEA Agent - CalTrans
1404,18426,cast,15,DEA Agent - CalTrans
1404,10001,cast,16,DEA Agent - CalTrans
1404,10705,cast,17,DEA Agent - CalTrans
1404,20215,cast,18,DEA Agent - CalTrans
1404,14439,cast,19,Ray Castro
1404,5712,cast,20,Montel Gordon
1404,21732,director,1,
1404,21277,writer,1,
1404,21589,writer,2,
1405,11238,cast,1,Robert Grainier
1405,4292,cast,2,Boomer
1405,7049,cast,3,Gladys Grainier
1405,686,cast,4,Fu Sheng
1405,5121,cast,5,Toomis
1405,11586,cast,6,Mr. Sears
1405,4126,cast,7,Silent Man
1405,19484,cast,8,Curious Logger
1405,18090,cast,9,Apostle Frank
1405,2782,cast,10,Elijah Brown
1405,23790,cast,11,Arn Peeples
1405,17026,cast,12,Ignatius Jack
1405,6680,cast,13,Boss
1405,11400,cast,14,Billy
1405,2140,cast,15,Young Logger
1405,19407,cast,16,Foreman New Cut
1405,22151,cast,17,Logger New Cut
1405,1835,cast,18,Avery Pinkham
1405,12967,cast,19,Claire Thompson
1405,24381,cast,20,Kate Returned
1405,4296,director,1,
1405,8301,writer,1,
1405,5368,writer,2,
1405,4296,writer,3,
1406,5433,cast,1,Alonzo
1406,6824,cast,2,Jake
1406,20716,cast,3,Roger
1406,22638,cast,4,Stan Gursky
1406,8629,cast,5,Doug Rosselli
1406,19012,cast,6,Lou Jacobs
1406,4283,cast,7,Smiley
1406,5917,cast,8,Paul
1406,21336,cast,9,Blue
1406,14571,cast,10,Sandman's Wife
1406,3723,cast,11,Lisa
1406,6882,cast,12,Sara
1406,17188,cast,13,Tim
1406,9833,cast,14,Mark
1406,19009,cast,15,Sniper
1406,17385,cast,16,Moreno
1406,20471,cast,17,Letty
1406,19232,cast,18,Waiter (Dining Car)
1406,19988,cast,19,Gangster
1406,23779,cast,20,Dice Player #4
1406,1560,director,1,
1406,4939,writer,1,
1407,6943,cast,1,Renton
1407,6946,cast,2,Spud
1407,11853,cast,3,Sick Boy
1407,13033,cast,4,Tommy
1407,19539,cast,5,Begbie
1407,12825,cast,6,Diane
1407,18396,cast,7,Swanney
1407,9919,cast,8,David Renton
1407,6263,cast,9,Cathy Renton
1407,21875,cast,10,Allison
1407,18154,cast,11,Lizzy
1407,21136,cast,12,Gail
1407,21779,cast,13,"Gavin, US Tourist"
1407,9470,cast,14,Mikey Forrester
1407,4602,cast,15,Game Show Host
1407,12774,cast,16,Dealer
1407,12988,cast,17,Andreas
1407,1454,cast,18,Gail's Mother
1407,2539,cast,19,Gail's Father
1407,7105,cast,20,Diane's Mother
1407,4798,director,1,
1407,9470,writer,1,
1407,11459,writer,2,
1408,2672,cast,1,Jim Hawkins
1408,19671,cast,2,Long John Silver
1408,2117,cast,3,Captain Smollett
1408,23536,cast,4,Squire Trelawney
1408,5374,cast,5,Dr. Livesy
1408,7100,cast,6,Capt. Billy Bones
1408,18876,cast,7,George Merry
1408,7766,cast,8,Israel Hands
1408,7772,cast,9,Ben Gunn
1408,11503,cast,10,Blind Pew
1408,7222,cast,11,Black Dog
1408,4983,cast,12,Mr. Arrow
1408,11443,cast,13,Redruth
1408,1123,cast,14,Gray
1408,23773,cast,15,Morgan
1408,9097,cast,16,Williams
1408,8677,cast,17,Haggott
1408,20437,cast,18,Cady
1408,21594,cast,19,Job
1408,8609,cast,20,Scully
1408,3092,director,1,
1408,13638,writer,1,
1408,19649,writer,2,
1409,13554,cast,1,Laura
1409,6953,cast,2,Ezequiel 'Chicho'
1409,18821,cast,3,Rafa
1409,3475,cast,4,Normita
1409,12243,cast,5,Juliana
1409,6351,cast,6,Elisa Esperanza
1409,23544,cast,7,Marcio
1409,19918,cast,8,Rolo
1409,23260,cast,9,Romina
1409,19851,cast,10,Rodro
1409,6863,cast,11,Patita
1409,13971,cast,12,Lila
1409,15593,cast,13,Curcio
1409,213,cast,14,Leo
1409,1079,cast,15,Alda Bossi
1409,4777,cast,16,Grace
1409,5589,cast,17,Alberto Speciale
1409,13535,director,1,
1409,13535,writer,1,
1409,13554,writer,2,
1410,13554,cast,1,Laura
1410,6953,cast,2,Ezequiel 'Chicho'
1410,18821,cast,3,Rafa
1410,3475,cast,4,Normita
1410,12243,cast,5,Juliana
1410,6351,cast,6,Elisa Esperanza
1410,23544,cast,7,Marcio
1410,19918,cast,8,Rolo
1410,23260,cast,9,Romina
1410,19851,cast,10,Rodro
1410,6863,cast,11,Patita
1410,13971,cast,12,Lila
1410,15593,cast,13,Curcio
1410,213,cast,14,Leo
1410,1079,cast,15,Alda Bossi
1410,4777,cast,16,Grace
1410,5589,cast,17,Alberto Speciale
1410,13535,director,1,
1410,13535,writer,1,
1410,13554,writer,2,
1411,3419,cast,1,Tristana
1411,7087,cast,2,Don Lope
1411,7254,cast,3,Horacio
1411,14181,cast,4,Saturna
1411,1581,cast,5,Don Cosme
1411,10855,cast,6,Saturno
1411,23267,cast,7,Don Ambrosio
1411,11905,cast,8,Campanero
1411,7075,cast,9,Dr. Miquis
1411,1587,cast,10,Comprador
1411,11925,cast,11,Don Zenón
1411,3172,cast,12,Ciudadana
1411,11130,cast,13,Don Joaquín
1411,15489,cast,14,Muchacha
1411,12141,cast,15,Don Cándido
1411,11904,cast,16,Comandante
1411,694,cast,17,
1411,20879,cast,18,Headmaster
1411,14432,cast,19,
1411,14446,cast,20,
1411,14435,director,1,
1411,12304,writer,1,
1411,14435,writer,2,
1411,2241,writer,3,
1412,2221,cast,1,Tugg Speedman
1412,9631,cast,2,Jeff Portnoy
1412,19570,cast,3,Kirk Lazarus
1412,10560,cast,4,Snooty Waiter
1412,1539,cast,5,Platoon Sergeant Shot in Head
1412,10308,cast,6,Kevin Sandusky
1412,2785,cast,7,Alpa Chino
1412,6697,cast,8,Chopper Pilot
1412,21660,cast,9,Damien Cockburn
1412,23151,cast,10,Damien's Assistant
1412,15622,cast,11,Cameraperson
1412,5132,cast,12,First Assistant Director
1412,983,cast,13,Script Supervisor
1412,4820,cast,14,Cody
1412,5355,cast,15,Special Effects Assistant
1412,2438,cast,16,Studio Executive Rob Slolom
1412,17207,cast,17,Four Leaf Tayback
1412,10580,cast,18,Speedman Assistant
1412,16860,cast,19,Speedman Assistant
1412,18780,cast,20,Speedman Assistant
1412,2221,director,1,
1412,12391,writer,1,
1412,2221,writer,2,
1412,6819,writer,3,
1413,1718,cast,1,Harry Tasker
1413,10101,cast,2,Helen Tasker
1413,22634,cast,3,Albert Gibson
1413,2471,cast,4,Simon
1413,22458,cast,5,Juno
1413,1736,cast,6,Salim Abu Aziz
1413,6371,cast,7,Dana Tasker
1413,8275,cast,8,Faisil
1413,15307,cast,9,Jamal Khaled
1413,9875,cast,10,Colonel
1413,5596,cast,11,Boathouse Guard
1413,10162,cast,12,Janice
1413,12687,cast,13,Allison
1413,4524,cast,14,Charlene
1413,17502,cast,15,Yusif
1413,17965,cast,16,Old Guy in Bathroom
1413,3563,cast,17,Helicopter Pilot
1413,10381,cast,18,Jean-Claude
1413,23115,cast,19,Lead Terrorist
1413,14667,cast,20,High-Rise Terrorist
1413,9907,director,1,
1413,9907,writer,1,
1413,4230,writer,2,
1413,21276,writer,3,
1413,5575,writer,4,
1414,3980,cast,1,Clarence Worley
1414,17833,cast,2,Alabama Whitman
1414,5407,cast,3,Clifford Worley
1414,23127,cast,4,Mentor
1414,7666,cast,5,Drexl Spivey
1414,2755,cast,6,Floyd (Dick's Roommate)
1414,4102,cast,7,Vincenzo Coccotti
1414,2937,cast,8,Elliot Blitzer
1414,20512,cast,9,Big Don
1414,16171,cast,10,Dick Ritchie
1414,20687,cast,11,Lee Donowitz
1414,4389,cast,12,Mary Louise Ravencroft
1414,9959,cast,13,Virgil
1414,1377,cast,14,Lucy
1414,23285,cast,15,Lenny
1414,17967,cast,16,Marty
1414,3919,cast,17,Nicky Dimes
1414,22733,cast,18,Cody Nicholson
1414,20349,cast,19,Clerk
1414,8337,cast,20,Burger Stand Customer
1414,22874,director,1,
1414,18752,writer,1,
1414,19861,writer,2,
1415,23056,cast,1,Dale
1415,421,cast,2,Tucker
1415,12680,cast,3,Allison
1415,10811,cast,4,Chad
1415,18506,cast,5,Sheriff
1415,2780,cast,6,Jason
1415,3987,cast,7,Naomi
1415,3756,cast,8,Chloe
1415,22949,cast,9,Chuck
1415,551,cast,10,Todd
1415,78,cast,11,Mitch
1415,11948,cast,12,Mike
1415,16599,cast,13,College Kid #1
1415,1223,cast,14,College Kid #2
1415,12515,cast,15,Cheryl
1415,23045,cast,16,Dad
1415,4899,cast,17,Clerk
1415,2411,cast,18,BJ Bald Hillbilly
1415,15263,cast,19,Killer Hillbilly #1
1415,21002,cast,20,Killer Hillbilly #2
1415,6327,director,1,
1415,6327,writer,1,
1415,16742,writer,2,
1416,1841,cast,1,Asa
1416,22631,cast,2,Boni
1416,20467,cast,3,Samal
1416,17607,cast,4,Ondas
1416,2277,cast,5,Beke
1416,17482,cast,6,Nuka
1416,14642,cast,7,Maha
1416,890,cast,8,Tulpan's Father
1416,22160,cast,9,Tulpan's Mother
1416,24333,cast,10,Boss
1416,6789,cast,11,Veterinarian
1416,20863,director,1,
1416,20863,writer,1,
1416,7751,writer,2,
1417,21428,cast,1,Satellite
1417,1918,cast,2,Agrin
1417,9002,cast,3,Hengov
1417,42,cast,4,Riga
1417,20328,cast,5,Pashow
1417,268,cast,6,Shirkooh
1417,15290,cast,7,
1417,5600,cast,8,Dijwar
1417,6608,cast,9,Ali Reza
1417,1976,director,1,
1417,1976,writer,1,
1418,2999,cast,1,James Cole
1418,14586,cast,2,Kathryn Railly
1418,2755,cast,3,Jeffrey Goines
1418,11999,cast,4,Young Cole
1418,11759,cast,5,Jose
1418,16012,cast,6,Scarface
1418,23249,cast,7,Tiny
1418,8460,cast,8,Botanist
1418,2610,cast,9,Geologist
1418,21268,cast,10,Zoologist
1418,3317,cast,11,Astrophysicist
1418,2475,cast,12,Microbiologist
1418,6746,cast,13,Engineer
1418,9467,cast,14,Poet
1418,11263,cast,15,Detective Franki
1418,2981,cast,16,Policeman No. 1
1418,23684,cast,17,Policeman No. 2
1418,20131,cast,18,Billings
1418,17099,cast,19,Ward Nurse
1418,7489,cast,20,L.J. Washington
1418,22260,director,1,
1418,3905,writer,1,
1418,5204,writer,2,
1418,10185,writer,3,
1419,21068,cast,1,Laura Palmer
1419,18994,cast,2,Leland Palmer
1419,14578,cast,3,Shelly Johnson
1419,4670,cast,4,Bobby Briggs
1419,18566,cast,5,Ronette Pulaski
1419,4960,cast,6,Phillip Jeffries
1419,6659,cast,7,Leo Johnson
1419,16358,cast,8,Albert Rosenfeld
1419,17730,cast,9,Teresa Banks
1419,8768,cast,10,Annie Blackburn
1419,3898,cast,11,Special Agent Chester Desmond
1419,16655,cast,12,Donna Hayward
1419,18193,cast,13,Norma Jennings
1419,5077,cast,14,Gordon Cole
1419,10011,cast,15,James Hurley
1419,12361,cast,16,Woodsman
1419,8664,cast,17,Carl Rodd
1419,13074,cast,18,Sam Stanley
1419,13779,cast,19,Harold Smith
1419,8251,cast,20,Sarah Palmer
1419,5077,director,1,
1419,5077,writer,1,
1419,19583,writer,2,
1419,15204,writer,3,
1420,15135,cast,1,Sandra
1420,6976,cast,2,Manu
1420,3434,cast,3,Juliette
1420,2000,cast,4,M. Dumont
1420,18647,cast,5,Estelle
1420,21259,cast,6,Maxime
1420,13451,cast,7,Femme de Willy
1420,363,cast,8,Willy
1420,16835,cast,9,Mireille
1420,6969,cast,10,Nadine
1420,1209,cast,11,Nanna
1420,18935,cast,12,Fille Timur
1420,3951,cast,13,Barwoman
1420,22550,cast,14,Timur
1420,8734,cast,15,Femme de Hicham
1420,21435,cast,16,Caissier maghrébin
1420,8957,cast,17,Hicham
1420,18545,cast,18,Yvon
1420,24092,cast,19,Jérôme
1420,20341,cast,20,Copine de Jérôme
1420,10468,director,1,
1420,14339,director,2,
1420,10468,writer,1,
1420,14339,writer,2,
1421,10066,cast,1,The Driver
1421,23583,cast,2,G.T.O
1421,13616,cast,3,The Girl
1421,5426,cast,4,The Mechanic
1421,4992,cast,5,Needles Station Attendant
1421,19352,cast,6,Needles Station Mechanic
1421,20160,cast,7,Hot Rod Driver
1421,9748,cast,8,Driver's Girl
1421,2448,cast,9,Texas Hitchhiker
1421,8664,cast,10,Oklahoma Hitchhiker
1421,5745,cast,11,Texas Policeman #1
1421,3664,cast,12,Texas Policeman #2
1421,22682,cast,13,Boswell Attendant
1421,23664,cast,14,Parts Store Owner
1421,422,cast,15,Man in Roadhouse
1421,9351,cast,16,Waitress in Roadhouse
1421,7863,cast,17,Truck Driver at Accident
1421,265,cast,18,Tennessee Hitchhiker
1421,12623,cast,19,Old Woman
1421,15880,cast,20,Little Girl with Old Woman picked up by G.T.O.
1421,16713,director,1,
1421,20160,writer,1,
1421,23699,writer,2,
1421,7158,writer,3,
1422,11131,cast,1,Leonard Kraditor
1422,8451,cast,2,Michelle Rausch
1422,23389,cast,3,Sandra Cohen
1422,1408,cast,4,Leonard's Ex-Fiancée
1422,6454,cast,5,Bystander
1422,4501,cast,6,Bystander #2
1422,3299,cast,7,Lady with Baby Carriage
1422,5772,cast,8,Another Bystander
1422,3952,cast,9,Some Kid
1422,9495,cast,10,Ruth Kraditor
1422,16684,cast,11,Reuben Kraditor
1422,12253,cast,12,Carol Cohen
1422,2612,cast,13,Michael Cohen
1422,9238,cast,14,David Cohen
1422,20473,cast,15,Stephanie
1422,10510,cast,16,Dayna
1422,16362,cast,17,Antonio
1422,4301,cast,18,Bouncer
1422,5893,cast,19,Maitre d'
1422,5142,cast,20,Waiter
1422,9965,director,1,
1422,9965,writer,1,
1422,19182,writer,2,
1423,524,cast,1,Kornev
1423,9566,cast,2,Old Prisoner
1423,22549,cast,3,Petty officer
1423,7691,cast,4,Guardian
1423,23082,cast,5,Prison Guard
1423,1181,cast,6,Duty assistant
1423,23477,cast,7,Prison Governor
1423,23476,cast,8,Prison Officer
1423,9330,cast,9,Block 5 Superintendent
1423,17622,cast,10,Corridor Warder
1423,1110,cast,11,Guardian 8
1423,1794,cast,12,Corridor Guard
1423,521,cast,13,"Stepniak, Wooden leg"
1423,13405,cast,14,Toothless Man
1423,15102,cast,15,Woman with bag
1423,609,cast,16,Pale Man
1423,22127,cast,17,Austere Woman
1423,14461,cast,18,Young prosecutor
1423,23173,cast,19,Old prosecutor
1423,17115,cast,20,Vyshinsky Secretary
1423,20868,director,1,
1423,7936,writer,1,
1423,20868,writer,2,
1424,18396,cast,1,Joseph
1424,17565,cast,2,Hannah
1424,6083,cast,3,James
1424,9828,cast,4,Gurav
1424,16395,cast,5,Dan
1424,17984,cast,6,Terry
1424,13723,cast,7,Paul
1424,1634,cast,8,Post Office Cashier
1424,20504,cast,9,Samuel
1424,21196,cast,10,Kelly
1424,18077,cast,11,Bod
1424,19774,cast,12,Jack
1424,20373,cast,13,Marie
1424,17064,cast,14,Tommy
1424,7106,cast,15,Woman in Shop
1424,12213,cast,16,Drunk Woman
1424,3943,cast,17,Wake Singer
1424,4484,cast,18,Craig
1424,19621,cast,19,Rob
1424,23270,cast,20,Woman Viewing House
1424,17708,director,1,
1424,17708,writer,1,
1425,23619,cast,1,George Newman
1425,23322,cast,2,Teri
1425,13030,cast,3,R.J. Fletcher
1425,16176,cast,4,Stanley Spadowski
1425,4959,cast,5,Bob
1425,21490,cast,6,Uncle Harvey
1425,1506,cast,7,Philo
1425,22988,cast,8,Raul Hernandez
1425,7707,cast,9,Kuni
1425,2505,cast,10,Noodles
1425,11582,cast,11,Richard Fletcher
1425,7177,cast,12,Pamela Finklestein
1425,21795,cast,13,Aunt Esther
1425,5134,cast,14,Head Thug
1425,8276,cast,15,Killer Thug
1425,6604,cast,16,Joe Earley
1425,10325,cast,17,Gandhi
1425,2890,cast,18,The Kipper Kids
1425,15392,cast,19,The Kipper Kids
1425,14422,cast,20,Cameraman
1425,10325,director,1,
1425,23619,writer,1,
1425,10325,writer,2,
1425,3635,writer,3,
1426,3241,cast,1,Umberto Domenico Ferrari
1426,14983,cast,2,Maria
1426,14009,cast,3,Antonia Belloni
1426,9340,cast,4,Woman in Umberto's Room
1426,6319,cast,5,Nun
1426,15897,cast,6,Patient
1426,468,cast,7,Paolo
1426,23092,cast,8,Young Doctor
1426,17790,cast,9,
1426,19201,cast,10,
1426,13420,cast,11,
1426,15120,cast,12,Tram Ticket-seller
1426,15122,cast,13,Young Doctor
1426,5243,cast,14,Battistini
1426,23433,director,1,
1426,3510,writer,1,
1427,2999,cast,1,David Dunn
1427,20512,cast,2,Elijah Price
1427,19798,cast,3,Audrey Dunn
1427,21450,cast,4,Joseph Dunn
1427,3556,cast,5,Elijah's Mother
1427,5996,cast,6,Dr. Mathison
1427,13891,cast,7,Kelly
1427,11720,cast,8,Elijah Age 13
1427,16239,cast,9,Babysitter
1427,2735,cast,10,Comic Book Clerk
1427,6395,cast,11,School Nurse
1427,5222,cast,12,David Dunn Age 20
1427,13556,cast,13,Audrey Inverso Age 20
1427,3534,cast,14,Orange Suit Man
1427,16110,cast,15,ER Doctor
1427,7116,cast,16,Businessman
1427,11276,cast,17,Saleswoman
1427,9970,cast,18,Priest
1427,20389,cast,19,Ancient Personnel Secretary
1427,19242,cast,20,Noel
1427,14540,director,1,
1427,14540,writer,1,
1428,6944,director,1,
1428,1372,director,2,
1428,6944,writer,1,
1428,1372,writer,2,
1429,22313,cast,1,Boonmee
1429,10628,cast,2,"Jen, Huay's sister"
1429,20353,cast,3,"Tong, Boonmee's nephew"
1429,17033,cast,4,"Huay, Boonmee's deceased wife"
1429,7710,cast,5,"Boonsong, Boonmee's son"
1429,23506,cast,6,Princess
1429,12477,cast,7,"Roong, Jen's friend"
1429,20499,cast,8,"Jaai, Boonmee's assistant"
1429,21821,cast,9,Soldier
1429,15589,cast,10,Farmer
1429,23333,cast,11,Farmer
1429,271,cast,12,
1429,18711,cast,13,
1429,17314,cast,14,
1429,3859,cast,15,
1429,23893,cast,16,
1429,13342,cast,17,
1429,16602,cast,18,
1429,18468,cast,19,
1429,17483,cast,20,
1429,1620,director,1,
1429,18572,writer,1,
1429,1620,writer,2,
1430,11355,cast,1,Buck Russell
1430,14552,cast,2,Miles Russell
1430,10421,cast,3,Tia Russell
1430,7586,cast,4,Maizy Russell
1430,975,cast,5,Chanice Kobolowski
1430,6287,cast,6,Cindy Russell
1430,7621,cast,7,Bob Russell
1430,13621,cast,8,Marcie Dahlgren-Frost
1430,10334,cast,9,Bug
1430,2895,cast,10,E. Roger Coswell
1430,16432,cast,11,Pooter-the-Clown
1430,21908,cast,12,Mrs. Hogarth
1430,23865,cast,13,Mr. Hatfield
1430,5398,cast,14,Pal
1430,11248,cast,15,Miles' Friend #1
1430,4349,cast,16,Miles' Friend #2
1430,6723,cast,17,Miles' Friend #3
1430,15248,cast,18,Party Boy #1
1430,5892,cast,19,Party Boy #2
1430,23600,cast,20,Party Boy #3
1430,11469,director,1,
1430,11469,writer,1,
1431,96,cast,1,Howard Ratner
1431,12204,cast,2,Julia De Fiore
1431,9312,cast,3,Dinah Ratner
1431,15934,cast,4,Wounded Miner
1431,21825,cast,5,Mine Foreman
1431,13948,cast,6,Mine Management 1
1431,21831,cast,7,Mine Management 2
1431,5360,cast,8,Lead Miner 1
1431,8467,cast,9,Lead Miner 2
1431,23577,cast,10,Dr. Blauman
1431,12802,cast,11,Phil
1431,22784,cast,12,Nico
1431,13412,cast,13,Demany
1431,14682,cast,14,Yussi
1431,3113,cast,15,Ca$h Out
1431,1082,cast,16,Joani
1431,19929,cast,17,Roman
1431,18695,cast,18,Lexis
1431,17718,cast,19,Kat
1431,16399,cast,20,Gary
1431,2267,director,1,
1431,12053,director,2,
1431,19985,writer,1,
1431,12053,writer,2,
1431,2267,writer,3,
1432,3730,cast,1,Marie Drillon
1432,3010,cast,2,Jean Drillon
1432,9800,cast,3,Vincent
1432,641,cast,4,Amanda
1432,18639,cast,5,Gérard
1432,1103,cast,6,Suzanne
1432,15789,cast,7,German woman
1432,4614,cast,8,Chief lifeguard
1432,5130,cast,9,Young lifeguard
1432,18636,cast,10,Policeman
1432,199,cast,11,In charge of luxury store
1432,13594,cast,12,Apartment seller
1432,10402,cast,13,Paris doctor
1432,13597,cast,14,Paris doctor's secretary
1432,6968,cast,15,Pharmacist
1432,11034,cast,16,Taxi driver
1432,16250,cast,17,Superintendent
1432,15710,cast,18,Landes doctor
1432,17838,cast,19,Evelyne
1432,17890,cast,20,Jose
1432,7273,director,1,
1432,7273,writer,1,
1432,6597,writer,2,
1432,15097,writer,3,
1432,14850,writer,4,
1433,4297,cast,1,Bill Munny
1433,7725,cast,2,Little Bill Daggett
1433,16740,cast,3,Ned Logan
1433,19286,cast,4,English Bob
1433,9837,cast,5,The 'Schofield Kid'
1433,20687,cast,6,W.W. Beauchamp
1433,7190,cast,7,Strawberry Alice
1433,1377,cast,8,Delilah Fitzgerald
1433,5101,cast,9,Quick Mike
1433,19469,cast,10,Davey Bunting
1433,1517,cast,11,Skinny Dubois
1433,22102,cast,12,Little Sue
1433,2377,cast,13,Silky
1433,13964,cast,14,Faith
1433,12073,cast,15,Crow Creek Kate
1433,20942,cast,16,Will Munny
1433,757,cast,17,Penny Munny
1433,3772,cast,18,Sally Two Trees
1433,19639,cast,19,Crocker
1433,19980,cast,20,Clyde Ledbetter
1433,4297,director,1,
1433,5204,writer,1,
1434,4925,cast,1,Todd Beamer
1434,17573,cast,2,Nicole Carol Miller
1434,14140,cast,3,Waleska Martinez
1434,11022,cast,4,Captain Jason M. Dahl
1434,7643,cast,5,First Officer LeRoy Homer
1434,18690,cast,6,Deborah Welsh
1434,17615,cast,7,CeeCee Lyles
1434,21510,cast,8,Wanda Anita Green
1434,22990,cast,9,Sandra Bradshaw
1434,16911,cast,10,Lorraine G. Bay
1434,19222,cast,11,William Joseph Cashman
1434,21841,cast,12,Jane Folger
1434,18972,cast,13,Joseph DeLuca
1434,3964,cast,14,"Thomas E. Burnett, Jr."
1434,14231,cast,15,Linda Gronlund
1434,5427,cast,16,Colleen Fraser
1434,22982,cast,17,Deora Frances Bodley
1434,12591,cast,18,Lauren Catuzzi Grandcolas
1434,18355,cast,19,Jeremy Glick
1434,22103,cast,20,Kristin White Gould
1434,18013,director,1,
1434,18013,writer,1,
1435,6169,cast,1,Carl Fredricksen
1435,11870,cast,2,Russell
1435,11608,cast,3,Construction Foreman Tom
1435,4092,cast,4,Charles Muntz
1435,2648,cast,5,"Dug, Alpha"
1435,5346,cast,6,Beta
1435,10737,cast,7,Gamma
1435,5052,cast,8,Newsreel Announcer
1435,6339,cast,9,Young Ellie
1435,10710,cast,10,Young Carl
1435,16347,cast,11,Police Officer Edith
1435,4819,cast,12,Construction Worker Steve
1435,5768,cast,13,Nurse George
1435,10791,cast,14,Nurse AJ
1435,12034,cast,15,Omega
1435,18252,cast,16,Campmaster Strauch
1435,15169,cast,17,Additional Voices
1435,2616,cast,18,Additional Voices
1435,2799,cast,19,Additional Voices
1435,6569,cast,20,Additional Voices
1435,18252,director,1,
1435,2648,director,2,
1435,18252,writer,1,
1435,2648,writer,2,
1435,22706,writer,3,
1436,7805,cast,1,Ryan Bingham
1436,23235,cast,2,Alex Goran
1436,1350,cast,3,Natalie Keener
1436,10240,cast,4,Craig Gregory
1436,977,cast,5,Kara Bingham
1436,15863,cast,6,Julie Bingham
1436,11025,cast,7,Bob
1436,20427,cast,8,Maynard Finch
1436,4820,cast,9,Jim Miller
1436,24271,cast,10,Steve
1436,4072,cast,11,Kevin
1436,21664,cast,12,Samuels
1436,15420,cast,13,Young MC
1436,4542,cast,14,Conference DJ
1436,182,cast,15,Tammy
1436,15809,cast,16,Flight Attendant
1436,5961,cast,17,Ned
1436,22066,cast,18,Club Hostess
1436,13527,cast,19,Check-in Lady
1436,15830,cast,20,Business Woman
1436,10274,director,1,
1436,23545,writer,1,
1436,10274,writer,2,
1436,21042,writer,3,
1437,9189,cast,1,V
1437,16977,cast,2,Evey
1437,20184,cast,3,Dominic
1437,21617,cast,4,Finch
1437,21588,cast,5,Deitrich
1437,11471,cast,6,Adam Sutler
1437,22510,cast,7,Creedy
1437,19858,cast,8,Lewis Prothero
1437,2208,cast,9,Dascomb
1437,21296,cast,10,Delia Surridge
1437,16994,cast,11,Valerie
1437,11650,cast,12,Lilliman
1437,6083,cast,13,Etheridge
1437,4306,cast,14,Guy Fawkes
1437,6574,cast,15,Guy Fawkes Lover
1437,9250,cast,16,Tweed Coat Fingerman
1437,15241,cast,17,Willy Fingerman
1437,783,cast,18,Baldy Fingerman
1437,2496,cast,19,Little Glasses Girl
1437,8426,cast,20,Heyer
1437,10021,director,1,
1437,13993,writer,1,
1437,13426,writer,2,
1437,5075,writer,3,
1438,17237,cast,1,Peter Loew
1438,14957,cast,2,Alva Restrepo
1438,10635,cast,3,Rachel
1438,6377,cast,4,Dr. Glaser
1438,12565,cast,5,Jackie
1438,19651,cast,6,Emilio
1438,10832,cast,7,Sharon
1438,11728,cast,8,Donald
1438,2730,cast,9,Fantasy Cabbie
1438,16113,cast,10,Andrew
1438,11555,cast,11,Ed
1438,11146,cast,12,Joke Girl
1438,14793,cast,13,Joke Guy
1438,5039,cast,14,Theater Guy
1438,983,cast,15,Theater Girl
1438,8816,cast,16,Secretary in Ladies Room
1438,21356,cast,17,Alva's Mother
1438,10890,cast,18,Victim Girl
1438,19158,cast,19,Sidney Langdon
1438,19568,cast,20,Editor #3
1438,19522,director,1,
1438,12001,writer,1,
1439,206,cast,1,Self
1439,20557,cast,2,Self
1439,8947,cast,3,Self
1439,17479,cast,4,Self
1439,6810,cast,5,Self
1439,5577,director,1,
1439,206,director,2,
1439,206,writer,1,
1439,5577,writer,2,
1440,12882,cast,1,Iwao Enokizu
1440,19148,cast,2,Shizuo Enokizu
1440,3847,cast,3,Kayo Enokizu
1440,16606,cast,4,Kazuko Enokizu
1440,15802,cast,5,Haru Asano
1440,17293,cast,6,Hisano Asano
1440,22003,cast,7,Tanejirô Shibata
1440,8230,cast,8,Daihachi Baba
1440,16626,cast,9,Chiyoko Hata
1440,12716,cast,10,Sachiko Yoshizato
1440,7535,cast,11,Inspector Kawai
1440,22888,cast,12,Agent Yoshino
1440,24036,cast,13,Inspector assistant Kuwata
1440,307,cast,14,Detective Ichikawa
1440,12720,cast,15,Detective Kuchiishi
1440,12727,cast,16,Haru's master
1440,21157,cast,17,Haru's mahjong friend
1440,22909,cast,18,Keiko Oka
1440,20300,cast,19,Asano no Kyaku
1440,3858,cast,20,Pawnshop owner
1440,21158,director,1,
1440,15539,writer,1,
1440,20300,writer,2,
1440,21187,writer,3,
1441,10063,cast,1,John 'Scottie' Ferguson
1441,13125,cast,2,"Madeleine Elster, Judy Barton"
1441,2009,cast,3,Marjorie 'Midge' Wood
1441,22688,cast,4,Gavin Elster
1441,8902,cast,5,Coroner
1441,19001,cast,6,Scottie's Doctor
1441,6426,cast,7,Manager of McKittrick Hotel
1441,13258,cast,8,Pop Leibel
1441,13719,cast,9,Car Owner Mistaken for Madeleine
1441,4922,cast,10,Priest
1441,9487,cast,11,Undetermined Role
1441,9620,cast,12,Undetermined Role
1441,14885,cast,13,Nun
1441,11324,cast,14,Salesman
1441,4797,cast,15,Juror
1441,14890,cast,16,Ransohoff's Saleslady
1441,17978,cast,17,Capt. Hansen
1441,2740,cast,18,Diner at Ernie's
1441,21659,cast,19,Burglar
1441,10386,cast,20,Mrs. Elster
1441,685,director,1,
1441,494,writer,1,
1441,20501,writer,2,
1441,18603,writer,3,
1441,22437,writer,4,
1441,15780,writer,5,
1442,5628,cast,1,Melville Farr
1442,21964,cast,2,Laura
1442,5419,cast,3,Calloway
1442,1526,cast,4,Lord Fullbrook
1442,18304,cast,5,Paul Mandrake
1442,17440,cast,6,Harold Doe
1442,18390,cast,7,Barrett
1442,5759,cast,8,Eddy Stone
1442,5458,cast,9,Sandy
1442,11316,cast,10,Det. Inspector Harris
1442,11351,cast,11,Sergeant Bridie
1442,403,cast,12,Scott Hankin
1442,17291,cast,13,Phip Mortimer
1442,7364,cast,14,Barman
1442,15740,cast,15,Madge
1442,3652,cast,16,Henry
1442,8995,cast,17,P.H.
1442,4995,cast,18,Mickey
1442,17386,cast,19,Patterson
1442,14897,cast,20,Miss Benham
1442,2112,director,1,
1442,10179,writer,1,
1442,11536,writer,2,
1443,8112,cast,1,Ida Dalser
1443,7098,cast,2,"Benito Mussolini, Benito Albino adulto"
1443,7022,cast,3,Riccardo Paicher
1443,16277,cast,4,Rachele Mussolini
1443,18587,cast,5,Pietro Fedele
1443,4451,cast,6,Dottor Cappelletti
1443,17754,cast,7,Giulio Bernardi
1443,3006,cast,8,Giudice
1443,7206,cast,9,Adelina Dalser
1443,21289,cast,10,Madre Superiora
1443,23199,cast,11,Suora Misericordiosa
1443,8113,cast,12,Tedesca
1443,17927,cast,13,Cantante
1443,21241,cast,14,Scarpette rosse
1443,4435,cast,15,Lacrime
1443,8120,cast,16,Poliziotto di guardia
1443,8109,cast,17,Secondo poliziotto di guardia
1443,6974,cast,18,Il piccolo Benito Albino
1443,1329,cast,19,Suora San Clemente
1443,470,cast,20,Questore Montanari
1443,14857,director,1,
1443,14857,writer,1,
1443,4774,writer,2,
1444,23427,cast,1,
1444,23232,cast,2,
1444,14771,cast,3,
1444,7236,cast,4,
1444,15094,cast,5,
1444,17319,cast,6,
1444,14100,cast,7,
1444,3005,cast,8,
1444,9366,cast,9,
1444,11121,cast,10,
1444,11124,cast,11,
1444,2276,cast,12,
1444,18178,director,1,
1444,18178,writer,1,
1444,23427,writer,2,
1445,18210,cast,1,Raimunda
1445,3301,cast,2,Irene
1445,14180,cast,3,Sole
1445,2592,cast,4,Agustina
1445,24093,cast,5,Paula
1445,4133,cast,6,Tía Paula
1445,1584,cast,7,Paco
1445,3254,cast,8,Emilio
1445,14968,cast,9,Regina
1445,17121,cast,10,Inés
1445,13674,cast,11,Auxiliar Producción
1445,18224,cast,12,Vecina
1445,24104,cast,13,Presentadora TV
1445,6487,cast,14,Vecina
1445,14949,cast,15,Vecina
1445,6996,cast,16,Vecina
1445,6331,cast,17,Vecina
1445,3264,cast,18,Carlos
1445,14625,cast,19,Vecina
1445,9488,cast,20,Vecina
1445,18175,director,1,
1445,18175,writer,1,
1446,5959,cast,1,Stanley Motss
1446,19561,cast,2,Conrad Brean
1446,1407,cast,3,Winifred Ames
1446,23932,cast,4,Sgt. William Schumann
1446,5371,cast,5,Fad King
1446,23879,cast,6,Johnny Dean
1446,1085,cast,7,Liz Butsky
1446,15983,cast,8,President
1446,21902,cast,9,Amy Cain
1446,11555,cast,10,John Levy
1446,21912,cast,11,Grace
1446,13190,cast,12,Tracy Lime
1446,10249,cast,13,A.D.
1446,5056,cast,14,Director
1446,8594,cast,15,Pet Wrangler
1446,20784,cast,16,Bob Richardson
1446,23790,cast,17,Mr. Young
1446,2296,cast,18,Technician
1446,10630,cast,19,Sharon
1446,15732,cast,20,Kid with Shoes
1446,2090,director,1,
1446,13464,writer,1,
1446,8984,writer,2,
1446,5082,writer,3,
1447,3564,cast,1,Self
1447,11782,cast,2,Self
1447,19510,cast,3,Self
1447,8622,cast,4,Self
1447,21643,cast,5,Self
1447,3485,cast,6,Self
1447,22321,cast,7,Themselves
1447,7760,cast,8,Self
1447,9910,cast,9,Self
1447,22607,cast,10,Self
1447,22324,cast,11,Themselves
1447,16396,cast,12,Self
1447,155,cast,13,Self
1447,9104,cast,14,Self
1447,22326,cast,15,Themselves
1447,13893,cast,16,Self
1447,22329,cast,17,Themselves
1447,6667,cast,18,Self
1447,22330,cast,19,Themselves
1447,13434,cast,20,Self
1447,5224,director,1,
1447,5224,writer,1,
1447,2534,writer,2,
1448,5778,cast,1,Doc Tydon
1448,7635,cast,2,John Grant
1448,3831,cast,3,Jock Crawford
1448,21958,cast,4,Janette Hynes
1448,9714,cast,5,Dick
1448,18451,cast,6,Joe
1448,355,cast,7,Tim Hynes
1448,11551,cast,8,Charlie
1448,11305,cast,9,Atkins
1448,21328,cast,10,Jarvis
1448,14631,cast,11,Receptionist
1448,17447,cast,12,Joe the Cook
1448,17684,cast,13,1st Controller
1448,11395,cast,14,2nd Controller
1448,3080,cast,15,Charlie Jones
1448,22302,cast,16,Stubbs
1448,4360,cast,17,Stockman
1448,9741,cast,18,Van Driver
1448,16907,cast,19,Robyn
1448,5236,cast,20,Joyce
1448,22182,director,1,
1448,6891,writer,1,
1448,12915,writer,2,
1448,22182,writer,3,
1449,6824,cast,1,Jesse
1449,22968,cast,2,Young Boy Playing Paper Game
1449,14201,cast,3,Young Girl Playing Paper Game
1449,23679,cast,4,Main Character
1449,8184,cast,5,Accordion Player
1449,13449,cast,6,Violin Player
1449,920,cast,7,Viola Player
1449,13746,cast,8,Viola Player
1449,20604,cast,9,Cello Player
1449,10509,cast,10,Piano Player
1449,6713,cast,11,Bass Player
1449,2491,cast,12,Boat Car Guy
1449,19535,cast,13,Philosophy Professor
1449,13122,cast,14,Self
1449,5995,cast,15,Shape-Shifting Man
1449,10354,cast,16,Burning Man
1449,12257,cast,17,Celine
1449,3630,cast,18,Angry Man in Jail
1449,5173,cast,19,Self
1449,569,cast,20,Man in Car with P.A.
1449,19318,director,1,
1449,19318,writer,1,
1450,11131,cast,1,John R. Cash
1450,19063,cast,2,June Carter
1450,8097,cast,3,Vivian Cash
1450,19677,cast,4,Ray Cash
1450,4607,cast,5,Sam Phillips
1450,4654,cast,6,Luther Perkins
1450,13463,cast,7,Marshall Grant
1450,21040,cast,8,Carrie Cash
1450,23052,cast,9,Elvis Presley
1450,23591,cast,10,Jerry Lee Lewis
1450,21165,cast,11,Waylon Jennings
1450,20544,cast,12,Maybelle Carter
1450,4631,cast,13,Ezra Carter
1450,4256,cast,14,W.S. 'Fluke' Holland
1450,11711,cast,15,Roy Orbison
1450,11460,cast,16,Carl Perkins
1450,19424,cast,17,Young J.R.
1450,14361,cast,18,Young Jack Cash
1450,3282,cast,19,Young Reba Cash
1450,15807,cast,20,Reba Cash
1450,10008,director,1,
1450,11715,writer,1,
1450,8063,writer,2,
1450,10008,writer,3,
1450,17873,writer,4,
1451,8473,cast,1,Byung-soo
1451,13703,cast,2,Ms. Kim
1451,21373,cast,3,Sunhee
1451,24215,cast,4,Jiyoung
1451,15942,cast,5,Jeongsu
1451,20846,cast,6,Jules
1451,9067,director,1,
1451,9067,writer,1,
1452,10671,cast,1,Girl
1452,5017,cast,2,Black Boy
1452,14342,cast,3,White Boy
1452,11551,cast,4,Father
1452,19660,cast,5,Man
1452,18298,cast,6,No Hoper
1452,11473,cast,7,Girl's Husband
1452,8982,cast,8,Father's Wife
1452,2078,cast,9,Australian Scientist
1452,17392,cast,10,German Scientist
1452,3244,cast,11,Italian Scientist
1452,7881,cast,12,Radio Announcer
1452,17249,director,1,
1452,6173,writer,1,
1452,5769,writer,2,
1452,17249,writer,3,
1453,2180,cast,1,"WALL·E, M-O"
1453,6369,cast,2,EVE
1453,10556,cast,3,Captain
1453,7458,cast,4,Shelby Forthright - BNL CEO
1453,5597,cast,5,Self - AUTO
1453,11608,cast,6,John
1453,12665,cast,7,Mary
1453,21228,cast,8,Ship's Computer
1453,12552,cast,9,"Mom, Toasting Couple"
1453,13121,cast,10,Hoverchair Mother
1453,17299,cast,11,Pool Mother
1453,7622,cast,12,Blond Boy in Commercial
1453,14227,cast,13,"PR-T, Beautician Bot"
1453,10841,cast,14,Young Girlfriend
1453,12431,cast,15,Brunette Boy in Commercial
1453,16213,cast,16,Commercial Human
1453,1171,director,1,
1453,1171,writer,1,
1453,18252,writer,2,
1453,10956,writer,3,
1454,3716,cast,1,Bud Fox
1454,16046,cast,2,Gordon Gekko
1454,22067,cast,3,Carolyn
1454,7414,cast,4,Dan
1454,4122,cast,5,Chuckie
1454,11349,cast,6,Marvin
1454,8497,cast,7,Lou Mannheim
1454,9987,cast,8,Lynch
1454,13880,cast,9,Natalie
1454,6987,cast,10,Natalie's Assistant
1454,7287,cast,11,Charlie
1454,11356,cast,12,Dominick
1454,15386,cast,13,Carl Fox
1454,21911,cast,14,Girl in Bed
1454,4693,cast,15,Receptionist
1454,7262,cast,16,Alex
1454,12046,cast,17,Ollie
1454,1324,cast,18,Susan
1454,14113,cast,19,Gina
1454,19805,cast,20,Maitre'd '21'
1454,17561,director,1,
1454,21505,writer,1,
1454,17561,writer,2,
1455,18415,cast,1,"Wallace, Hutch"
1455,8838,cast,2,Lady Campanula Tottington
1455,18863,cast,3,Victor Quartermaine
1455,18369,cast,4,PC Mackintosh
1455,17173,cast,5,Reverend Clement Hedges
1455,14138,cast,6,Mrs. Mulch
1455,11669,cast,7,Mr. Windfall
1455,15205,cast,8,Miss Blight
1455,23358,cast,9,Mr. Caliche
1455,7960,cast,10,Miss Thripp
1455,6195,cast,11,Mr. Growbag
1455,5568,cast,12,Mr. Mulch
1455,19626,cast,13,Mr. Dibber
1455,18251,cast,14,Mr. Crock
1455,17404,cast,15,Mrs. Girdling
1455,2225,cast,16,Mr. Leaching
1455,4047,cast,17,Additional Voice
1455,10014,cast,18,Additional Voice
1455,23859,cast,19,Additional Voice
1455,21023,cast,20,Screaming Citizen
1455,21650,director,1,
1455,17208,director,2,
1455,21650,writer,1,
1455,17208,writer,2,
1455,15181,writer,3,
1455,2613,writer,4,
1456,1644,cast,1,Self
1456,19940,cast,2,Self - Interviewee
1456,20013,cast,3,Self - Interviewee
1456,17624,cast,4,Self - Interviewee
1456,21150,cast,5,Self - Interviewee
1456,24293,cast,6,Self - Interviewee
1456,5930,cast,7,Self - Interviewee
1456,16449,cast,8,Boaz Rein-Buskila
1456,24049,cast,9,Carmi Cna'an
1456,1644,director,1,
1456,1644,writer,1,
1457,15641,cast,1,David Lightman
1457,830,cast,2,Jennifer
1457,11703,cast,3,Falken
1457,4571,cast,4,McKittrick
1457,2076,cast,5,General Beringer
1457,12138,cast,6,Pat Healy
1457,12950,cast,7,Cabot
1457,5413,cast,8,Watson
1457,11177,cast,9,Conley
1457,9475,cast,10,Richter
1457,16059,cast,11,Beringer's Aide
1457,23753,cast,12,Mr. Lightman
1457,21845,cast,13,Mrs. Lightman
1457,10069,cast,14,Wigan
1457,4972,cast,15,Stockman
1457,5928,cast,16,Ayers
1457,11433,cast,17,Corporal in the Infirmary
1457,5950,cast,18,Major Lem
1457,2537,cast,19,Radar Analyst
1457,11649,cast,20,Jerry
1457,11311,director,1,
1457,13649,writer,1,
1457,23534,writer,2,
1458,22685,cast,1,Tommy Conlon
1458,17207,cast,2,Paddy Conlon
1458,11238,cast,3,Brendan Conlon
1458,10657,cast,4,Tess Conlon
1458,7332,cast,5,Frank Campana
1458,13010,cast,6,Principal Zito
1458,15775,cast,7,Colt Boyd
1458,3020,cast,8,Bryan Callen
1458,20457,cast,9,Sam Sheridan
1458,7076,cast,10,Fenroy
1458,9852,cast,11,Mark Bradford
1458,23196,cast,12,Pilar Fernandez
1458,5434,cast,13,Stephon
1458,3270,cast,14,Tito
1458,17200,cast,15,Nash
1458,13534,cast,16,KC
1458,3180,cast,17,Emily Conlon
1458,13922,cast,18,Rosie Conlon
1458,17356,cast,19,Dan Taylor
1458,4636,cast,20,Dan 'Punkass' Caldwell
1458,7698,director,1,
1458,7698,writer,1,
1458,1545,writer,2,
1458,4284,writer,3,
1459,16419,cast,1,Wayne Campbell
1459,4674,cast,2,Garth Algar
1459,19475,cast,3,Benjamin Oliver
1459,22458,cast,4,Cassandra
1459,2856,cast,5,Noah Vanderhoff
1459,13446,cast,6,Stacy
1459,16040,cast,7,Alan
1459,4632,cast,8,Neil
1459,13728,cast,9,Terry
1459,13352,cast,10,Russell
1459,20795,cast,11,Phil
1459,4372,cast,12,Mrs. Vanderhoff
1459,5800,cast,13,Dreamwoman
1459,7481,cast,14,Officer Koharski
1459,16401,cast,15,Davy
1459,3885,cast,16,Security Guard
1459,15811,cast,17,Tiny
1459,3669,cast,18,Ron Paxton
1459,19677,cast,19,Bad Cop
1459,9422,cast,20,Elyse
1459,18212,director,1,
1459,16419,writer,1,
1459,2715,writer,2,
1459,22276,writer,3,
1460,16544,cast,1,Bobo
1460,16545,cast,2,Klara
1460,14124,cast,3,Hedvig
1460,11271,cast,4,Kenneth
1460,15687,cast,5,Roger
1460,11777,cast,6,Elis
1460,855,cast,7,Mackan
1460,1371,cast,8,Bobos mamma
1460,18325,cast,9,Bobos pappa
1460,3703,cast,10,Linus
1460,13764,cast,11,Klaras mamma
1460,4985,cast,12,Klaras pappa
1460,6609,cast,13,Klaras lillebror
1460,1323,cast,14,Hedvigs mamma
1460,14000,cast,15,Hedvigs lillasyster
1460,17196,cast,16,Iron Fist
1460,6165,cast,17,Iron Fist
1460,7054,cast,18,Iron Fist
1460,23309,cast,19,Iron Fist
1460,18460,cast,20,Bobos mammas kompis
1460,14460,director,1,
1460,14460,writer,1,
1460,4329,writer,2,
1461,22473,cast,1,Eva Khatchadourian
1461,11350,cast,2,Franklin
1461,6955,cast,3,"Kevin, Teenager"
1461,10290,cast,4,"Kevin, 6-8 Years"
1461,19816,cast,5,"Kevin, Toddler"
1461,1813,cast,6,Celia
1461,21297,cast,7,Wanda
1461,577,cast,8,Colin
1461,12917,cast,9,Soweto
1461,13880,cast,10,Smash Lady
1461,17992,cast,11,"Corrections Officer, Al"
1461,16006,cast,12,Corrections Officer
1461,9593,cast,13,Prison Boy
1461,15195,cast,14,Eva's Lawyer
1461,9913,cast,15,Dr. Foulkes
1461,13575,cast,16,Dr. Goldblatt
1461,2585,cast,17,Young Suited Man #1
1461,1198,cast,18,Young Suited Man #2
1461,12834,cast,19,Mother of Little Girl
1461,23104,cast,20,Little Girl
1461,14528,director,1,
1461,14528,writer,1,
1461,20023,writer,2,
1461,14070,writer,3,
1462,6056,cast,1,Self
1462,4731,cast,2,Self
1462,8419,cast,3,Self
1462,6262,cast,4,Self
1462,2663,cast,5,Self
1462,15932,cast,6,Self - S.F. Health Director
1462,10750,cast,7,Self - The Moral Majority
1462,4279,cast,8,Self
1462,17972,cast,9,Self
1462,22642,cast,10,Self - NBC News Anchor
1462,5208,director,1,
1462,2489,director,2,
1463,22657,cast,1,Russell
1463,3913,cast,2,Glen
1463,11833,cast,3,Jamie
1463,13542,cast,4,Jill
1463,14216,cast,5,Cathy
1463,11845,cast,6,Johnny
1463,20614,cast,7,Helen
1463,10727,cast,8,Damien
1463,11175,cast,9,Justin
1463,13079,cast,10,Sam
1463,15190,cast,11,Straight Man in Bar
1463,21648,cast,12,Straight Man in Bar
1463,12311,cast,13,Paul
1463,15336,cast,14,Martin
1463,3357,cast,15,House Party Girl 1
1463,3345,cast,16,House Party Girl 2
1463,3178,cast,17,(Self-Traveler)
1463,1145,director,1,
1463,1145,writer,1,
1464,17525,cast,1,"Self - Director, Moscow Community Center for LGBT+ Initiatives"
1464,5041,cast,2,"Self - Crisis Response Coordinator, The Russian LGBT Network"
1464,18901,cast,3,Self
1464,15769,cast,4,Self
1464,23464,cast,5,Self
1464,5004,director,1,
1464,5004,writer,1,
1464,23051,writer,2,
1465,9959,cast,1,Doug Riley
1465,13292,cast,2,Mallory
1465,15882,cast,3,Lois Riley
1465,5046,cast,4,Ed
1465,11167,cast,5,Jerry
1465,830,cast,6,Harriet
1465,22467,cast,7,Tara
1465,6274,cast,8,Vivian
1465,13431,cast,9,Hamilton 'Ham' Watkins
1465,18201,cast,10,Brenda
1465,20976,cast,11,Sharon
1465,12663,cast,12,Charlene
1465,12966,cast,13,Waitress
1465,12863,cast,14,Danny
1465,6456,cast,15,Randy
1465,8294,cast,16,Ernie
1465,5359,cast,17,Parking Officer
1465,13447,cast,18,Sales Clerk
1465,9688,cast,19,Roger
1465,7821,cast,20,Desk Clerk
1465,9854,director,1,
1465,12863,writer,1,
1466,13511,cast,1,János Valuska
1466,18334,cast,2,György Eszter
1466,8553,cast,3,Tünde Eszter
1466,10205,cast,4,Man In The Broad-Cloth Coat
1466,5644,cast,5,Man In Western Boots
1466,22069,cast,6,Man In The Sailor-Cap
1466,7065,cast,7,Director
1466,16369,cast,8,Factotum
1466,18740,cast,9,Porter
1466,6615,cast,10,
1466,6872,cast,11,Aunt Piri
1466,9435,cast,12,Mrs. Harrer
1466,687,cast,13,Lajos Harrer
1466,8454,cast,14,Mr. Nadabán
1466,13409,cast,15,Mr. Volent
1466,1039,cast,16,Mr. Árgyelán
1466,8457,cast,17,
1466,12102,cast,18,
1466,18318,cast,19,Chief Constable
1466,8008,cast,20,
1466,2165,director,1,
1466,203,director,2,
1466,13518,writer,1,
1466,2165,writer,2,
1466,18318,writer,3,
1466,8457,writer,4,
1466,8455,writer,5,
1467,16981,cast,1,Maria
1467,7800,cast,2,Bernardo
1467,19226,cast,3,Tony
1467,20197,cast,4,Riff
1467,19453,cast,5,Anita
1467,21279,cast,6,Schrank
1467,17066,cast,7,Doc
1467,23755,cast,8,Krupke
1467,23023,cast,9,Ice
1467,22865,cast,10,Action
1467,5215,cast,11,A-rab
1467,6347,cast,12,Baby John
1467,2324,cast,13,Snowboy
1467,4950,cast,14,Tiger
1467,19512,cast,15,Joyboy
1467,1540,cast,16,Big Deal
1467,8721,cast,17,Mouthpiece
1467,22778,cast,18,Gee-Tar
1467,21867,cast,19,Anybodys
1467,8093,cast,20,Graziella
1467,10738,director,1,
1467,19743,director,2,
1467,6756,writer,1,
1467,1766,writer,2,
1467,10738,writer,3,
1468,1476,cast,1,Tony
1468,18801,cast,2,María
1468,1648,cast,3,Anita
1468,4928,cast,4,Bernardo
1468,19453,cast,5,Valentina
1468,2851,cast,6,Officer Krupke
1468,4433,cast,7,Lieutenant Schrank
1468,16393,cast,8,Riff
1468,12029,cast,9,Chino
1468,9463,cast,10,Anybodys
1468,4937,cast,11,Aníbal
1468,20809,cast,12,Braulio
1468,19197,cast,13,Chago
1468,3262,cast,14,Chucho
1468,19420,cast,15,Flaco
1468,1105,cast,16,Jochi
1468,174,cast,17,Julito
1468,9756,cast,18,Junior
1468,12841,cast,19,Manolo
1468,3277,cast,20,Pipo
1468,21733,director,1,
1468,22854,writer,1,
1468,1766,writer,2,
1469,3519,cast,1,Self
1469,3038,cast,2,Self
1469,15394,cast,3,Self
1469,2479,director,1,
1469,23037,director,2,
1470,8788,cast,1,Self
1470,16404,cast,2,Self
1470,20049,cast,3,Self
1470,22456,cast,4,Self
1470,15068,director,1,
1470,8788,writer,1,
1471,11718,cast,1,Gilbert Grape
1471,13839,cast,2,Arnie Grape
1471,12302,cast,3,Becky
1471,15495,cast,4,Betty Carver
1471,4857,cast,5,Momma
1471,13544,cast,6,Amy Grape
1471,15466,cast,7,Ellen Grape
1471,13049,cast,8,Mr. Carver
1471,11350,cast,9,Tucker Van Dyke
1471,4507,cast,10,Bobby McBurney
1471,18209,cast,11,Becky's Grandma
1471,22493,cast,12,Mr. Lamson
1471,21861,cast,13,Mrs. Lamson
1471,19508,cast,14,Minister
1471,15219,cast,15,Todd Carver
1471,3143,cast,16,Doug Carver
1471,2767,cast,17,Sheriff Farrel
1471,22518,cast,18,Deputy
1471,17175,cast,19,Boy #1
1471,13952,cast,20,Waitress
1471,13517,director,1,
1471,18353,writer,1,
1472,13270,cast,1,Meiko
1472,1954,cast,2,"Kazuaki "")"
1472,9233,cast,3,"Tsugumi "")"
1472,13211,cast,4,Segawa (segment: Door Wide Open)
1472,12682,cast,5,Nao (segment: Door Wide Open)
1472,21169,cast,6,Sasaki (segment: Door Wide Open)
1472,7538,cast,7,Moka (segment: Once Again)
1472,1612,cast,8,Nana (segment: Once Again)
1472,20297,director,1,
1472,20297,writer,1,
1473,4855,cast,1,Self
1473,10307,cast,2,Self
1473,21052,cast,3,Self
1473,13681,cast,4,Self
1473,8271,cast,5,Self
1473,11318,cast,6,Self
1473,19515,cast,7,Self
1473,8644,cast,8,Self
1473,23690,cast,9,Self
1473,22220,cast,10,Self
1473,12625,cast,11,Self
1473,5894,cast,12,Self
1473,11959,cast,13,Self
1473,12498,cast,14,Self
1473,14271,cast,15,Self
1473,12170,cast,16,Self
1473,3777,cast,17,Self
1473,23697,cast,18,Self
1473,6072,cast,19,Self
1473,8659,cast,20,Self
1473,21455,director,1,
1474,16482,cast,1,Andrew
1474,11025,cast,2,Fletcher
1474,15875,cast,3,Nicole
1474,18080,cast,4,Jim Neimann
1474,1913,cast,5,Ryan
1474,16997,cast,6,Carl Tanner
1474,3912,cast,7,Uncle Frank
1474,4626,cast,8,Mr. Kramer
1474,21791,cast,9,Aunt Emma
1474,15753,cast,10,Dorm Neighbor
1474,3710,cast,11,Dustin
1474,10346,cast,12,Travis
1474,13236,cast,13,Bassist (Nassau)
1474,12695,cast,14,Assistant - Sophie
1474,4158,cast,15,Metz
1474,22116,cast,16,Pianist (Studio Band)
1474,23055,cast,17,Saxophonist #2 (Studio Band)
1474,19856,cast,18,Trumpeter #1 (Studio Band)
1474,145,cast,19,Trumpeter #2 (Studio Band)
1474,3130,cast,20,Saxophonist (Studio Band)
1474,4617,director,1,
1474,4617,writer,1,
1475,24098,cast,1,Shizuku Tsukishima
1475,9537,cast,2,Seiji Amasawa
1475,22024,cast,3,Seiya Tsukishima
1475,21081,cast,4,Asako Tsukishima
1475,21082,cast,5,The Baron
1475,12754,cast,6,Shiro Nishi
1475,24128,cast,7,Shiho Tsukishima
1475,16523,cast,8,Kosaka-sensei
1475,14657,cast,9,Yuko Harada
1475,24152,cast,10,Sugimura
1475,15800,cast,11,Kinuyo
1475,14651,cast,12,Nao
1475,16457,cast,13,
1475,21987,cast,14,
1475,13266,cast,15,
1475,22046,cast,16,
1475,16871,cast,17,
1475,21156,cast,18,
1475,20675,cast,19,
1475,4586,cast,20,
1475,24136,director,1,
1475,1613,writer,1,
1475,8747,writer,2,
1476,9905,cast,1,Cody Jarrett
1476,23419,cast,2,Verna Jarrett
1476,6128,cast,3,Hank Fallon aka Vic Pardo
1476,14917,cast,4,Ma Jarrett
1476,21658,cast,5,Big Ed Somers
1476,11302,cast,6,Philip Evans
1476,23508,cast,7,Cotton Valletti
1476,7429,cast,8,The Trader aka Winston
1476,11232,cast,9,Operative
1476,4233,cast,10,Cashier
1476,18969,cast,11,Guard
1476,15301,cast,12,Chief of Police
1476,3784,cast,13,Convict
1476,11346,cast,14,Motorist at Gas Station
1476,19541,cast,15,Agent at Directional Map
1476,2419,cast,16,Car-Hop at Drive-In Theatre
1476,2422,cast,17,Guard
1476,13787,cast,18,Railroad Fireman
1476,7430,cast,19,Happy Taylor
1476,22649,cast,20,Court Officer
1476,18942,director,1,
1476,9553,writer,1,
1476,2214,writer,2,
1476,23415,writer,3,
1477,2633,cast,1,Eddie Valiant
1477,4070,cast,2,Judge Doom
1477,11097,cast,3,Dolores
1477,3620,cast,4,"Roger Rabbit, Benny the Cab, Greasy"
1477,21787,cast,5,Marvin Acme
1477,420,cast,6,R.K. Maroon
1477,19313,cast,7,Lt. Santino
1477,14251,cast,8,Baby Herman
1477,2353,cast,9,Jessica's Performance Model
1477,11251,cast,10,Raoul
1477,18098,cast,11,Augie
1477,19346,cast,12,Angelo
1477,6222,cast,13,Arthritic Cowboy
1477,14043,cast,14,Soldier
1477,16388,cast,15,Stretch
1477,16737,cast,16,"Editor, Gorilla"
1477,4799,cast,17,Kid #1
1477,4058,cast,18,Kid #2
1477,11589,cast,19,Kid #3
1477,13541,cast,20,Blonde Starlet
1477,19746,director,1,
1477,10602,writer,1,
1477,18413,writer,2,
1477,7652,writer,3,
1478,23312,cast,1,Dr. Eberhard Isak Borg
1478,2398,cast,2,"Sara, Hitchhiker"
1478,9407,cast,3,Marianne Borg
1478,8381,cast,4,Dr. Evald Borg
1478,12315,cast,5,Agda
1478,7163,cast,6,Anders
1478,2571,cast,7,Viktor
1478,16875,cast,8,Mrs. Borg - Isak's Mother
1478,8385,cast,9,Berit Alman
1478,8002,cast,10,Karin Borg - Isak's wife
1478,21226,cast,11,Aunt Olga
1478,8384,cast,12,"Sten Alman, The Examiner"
1478,15764,cast,13,Henrik Åkerman
1478,273,cast,14,Karin's Lover
1478,24086,cast,15,Uncle Aron
1478,18235,cast,16,Sigfrid Borg
1478,8104,cast,17,Sigbritt Borg
1478,8386,cast,18,Charlotta Borg
1478,15694,cast,19,Angelica Borg
1478,1309,cast,20,Eva Åkerman
1478,9398,director,1,
1478,9398,writer,1,
1479,2467,cast,1,Victor Maynard
1479,6544,cast,2,Rose
1479,20185,cast,3,Tony
1479,20181,cast,4,Ferguson
1479,6254,cast,5,Louisa Maynard
1479,15357,cast,6,Hector Dixon
1479,8318,cast,7,Mike
1479,7754,cast,8,Fabian
1479,20019,cast,9,Gerry Bailey
1479,5945,cast,10,Jeweller
1479,8268,cast,11,Appraiser
1479,10031,cast,12,Barney
1479,7877,cast,13,Waiter
1479,669,cast,14,First Hotel Receptionist
1479,21195,cast,15,Smart Hotel Receptionist
1479,10672,cast,16,Hotel Maid
1479,18493,cast,17,Hotel Barman
1479,17078,cast,18,Garage Attendant
1479,165,cast,19,Forger
1479,11821,cast,20,Parrot
1479,11821,director,1,
1479,14394,writer,1,
1479,18634,writer,2,
1480,23127,cast,1,Madmartigan
1480,11120,cast,2,Sorsha
1480,23587,cast,3,Willow
1480,10441,cast,4,Queen Bavmorda
1480,17847,cast,5,Raziel
1480,2505,cast,6,High Aldwin
1480,17818,cast,7,Kael
1480,7693,cast,8,Airk
1480,5178,cast,9,Meegosh
1480,18478,cast,10,Vohnkar
1480,22826,cast,11,Vohnkar Warrior
1480,19600,cast,12,Vohnkar Warrior
1480,15234,cast,13,Burglekutt
1480,13042,cast,14,Rool
1480,19405,cast,15,Franjean
1480,14967,cast,16,Cherlindrea
1480,12272,cast,17,Kiaya
1480,15259,cast,18,Ranon
1480,5234,cast,19,Mims
1480,16027,cast,20,Druid
1480,19954,director,1,
1480,2623,writer,1,
1480,7849,writer,2,
1481,7742,cast,1,Willy Wonka
1481,9617,cast,2,Grandpa Joe
1481,18399,cast,3,Charlie Bucket
1481,20115,cast,4,Mr. Salt
1481,12256,cast,5,Veruca Salt
1481,13831,cast,6,Mr. Beauregarde
1481,5388,cast,7,Violet Beauregarde
1481,17412,cast,8,Mrs. Teevee
1481,17765,cast,9,Mike Teevee
1481,23105,cast,10,Mrs. Gloop
1481,15993,cast,11,Augustus Gloop
1481,5520,cast,12,Mrs. Bucket
1481,1878,cast,13,Bill
1481,4948,cast,14,Mr. Turkentine
1481,8388,cast,15,Mr. Slugworth
1481,18295,cast,16,The Tinker
1481,23654,cast,17,Mr. Jopeck
1481,18433,cast,18,Winkelmann
1481,5819,cast,19,Grandma Georgina
1481,23286,cast,20,Doctor
1481,15858,director,1,
1481,19465,writer,1,
1481,19635,writer,2,
1481,5161,writer,3,
1482,3012,cast,1,Damiel
1482,21364,cast,2,Marion
1482,17671,cast,3,Cassiel
1482,4531,cast,4,Homer
1482,18329,cast,5,Der Filmstar
1482,8574,cast,6,In weiteren Rollen - Der Sterbende
1482,6463,cast,7,In weiteren Rollen - Ein trauriger Mann
1482,21233,cast,8,In weiteren Rollen - Der Selbstmörder
1482,2134,cast,9,In weiteren Rollen - Das Strichmädchen
1482,13411,cast,10,Im Zirkus - Marion's Trainer
1482,3014,cast,11,Im Zirkus - Der Clown
1482,13611,cast,12,Im Zirkus - Der Kapellmeister
1482,3805,cast,13,Im Zirkus - Der Schlagzeuger
1482,17668,cast,14,Im Zirkus - Die Jongleure
1482,4018,cast,15,Im Zirkus - Der Jongleure
1482,18447,cast,16,Im Zirkus - Der Manager
1482,21888,cast,17,Im Zirkus
1482,17979,cast,18,Im Zirkus
1482,12525,cast,19,Im Zirkus
1482,9447,cast,20,Im Zirkus
1482,23892,director,1,
1482,23892,writer,1,
1482,18351,writer,2,
1482,19344,writer,3,
1482,2288,writer,4,
1483,10917,cast,1,"Winnie the Pooh, Tigger"
1483,4487,cast,2,Owl
1483,11373,cast,3,Narrator
1483,3047,cast,4,Eeyore
1483,9633,cast,5,Christopher Robin
1483,22950,cast,6,Piglet
1483,13287,cast,7,Kanga
1483,23944,cast,8,Roo
1483,22700,cast,9,Rabbit
1483,9151,cast,10,Backson
1483,14098,cast,11,Additional Voices
1483,19648,cast,12,Additional Voices
1483,21593,director,1,
1483,5722,director,2,
1483,21593,writer,1,
1483,4305,writer,2,
1483,5718,writer,3,
1483,5722,writer,4,
1483,17266,writer,5,
1483,6760,writer,6,
1483,2,writer,7,
1483,10722,writer,8,
1483,2871,writer,9,
1484,8522,cast,1,Aydin
1484,15874,cast,2,Nihal
1484,5349,cast,3,Necla
1484,1942,cast,4,Söför Hidayet
1484,20888,cast,5,Imam Hamdi
1484,17096,cast,6,Ismail
1484,22071,cast,7,Suavi
1484,16863,cast,8,Ögretmen Levent
1484,15838,cast,9,Otel Müsterisi Timur
1484,6566,cast,10,Ilyas
1484,6282,cast,11,Atçi Ekrem
1484,18772,cast,12,Fatma
1484,7013,cast,13,Sevda
1484,15527,cast,14,Japon Turist Erkek
1484,12355,cast,15,Japon Turist Kadin
1484,8379,cast,16,Hamdi Anne
1484,17692,cast,17,Aydin Hizmetçi
1484,8377,cast,18,Suavi Hizmetçi
1484,704,cast,19,Istasyon Görevlisi
1484,8976,cast,20,Istasyondaki Adam
1484,17477,director,1,
1484,6017,writer,1,
1484,17477,writer,2,
1484,1565,writer,3,
1485,10652,cast,1,Ree
1485,11450,cast,2,Teardrop
1485,7616,cast,3,Sheriff Baskin
1485,9514,cast,4,Sonny
1485,1810,cast,5,Ashlee
1485,23171,cast,6,Connie
1485,21045,cast,7,Sonya
1485,23863,cast,8,Blond Milton
1485,18893,cast,9,Parenting Teacher
1485,13583,cast,10,Gail
1485,1128,cast,11,Baby Ned
1485,18496,cast,12,Baby Ned
1485,9485,cast,13,Baby Ned
1485,4331,cast,14,Floyd
1485,4149,cast,15,Victoria
1485,3392,cast,16,Megan
1485,12993,cast,17,Little Arthur
1485,4598,cast,18,Merab
1485,21068,cast,19,April
1485,15025,cast,20,Singer at Party
1485,5293,director,1,
1485,5293,writer,1,
1485,1427,writer,2,
1485,4770,writer,3,
1486,19264,cast,1,Withnail
1486,18059,cast,2,...& I
1486,19280,cast,3,Monty
1486,18856,cast,4,Danny
1486,16056,cast,5,Jake
1486,4841,cast,6,Irishman
1486,16223,cast,7,Isaac Parkin
1486,23094,cast,8,Mrs. Parkin
1486,17387,cast,9,General
1486,9450,cast,10,Waitress
1486,14151,cast,11,Tea Shop Proprietor
1486,19673,cast,12,Policeman 1
1486,1550,cast,13,Policeman 2
1486,6090,cast,14,Presuming Ed
1486,12092,cast,15,Lady in Tea Room
1486,502,cast,16,Lady in Tea Room
1486,7459,cast,17,Man in Cafe
1486,2993,director,1,
1486,2993,writer,1,
1487,8631,cast,1,John Book
1487,12828,cast,2,Rachel
1487,14459,cast,3,Samuel
1487,11939,cast,4,Schaeffer
1487,10123,cast,5,Eli Lapp
1487,604,cast,6,Daniel Hochleitner
1487,4809,cast,7,McFee
1487,2818,cast,8,Carter
1487,17936,cast,9,Elaine
1487,1268,cast,10,Fergie
1487,7487,cast,11,Stoltzfus
1487,23334,cast,12,Moses Hochleitner
1487,11435,cast,13,Bishop Tchantz
1487,2383,cast,14,Mrs. Yoder
1487,6031,cast,15,Sheriff
1487,22534,cast,16,Zenovich
1487,21957,cast,17,Tourist Lady
1487,15001,cast,18,Mrs. Schaeffer
1487,14953,cast,19,Schaeffer's Daughter
1487,20131,cast,20,T-Bone
1487,18444,director,1,
1487,23807,writer,1,
1487,17739,writer,2,
1487,6011,writer,3,
1488,377,cast,1,Self
1488,2072,cast,2,Self
1488,2717,cast,3,Self
1488,23769,cast,4,Self
1488,16888,cast,5,Self
1488,10807,cast,6,Self
1488,18359,cast,7,Self
1488,19303,cast,8,Self
1488,6042,cast,9,Self
1488,21599,cast,10,Self
1488,7179,cast,11,Self
1488,11481,cast,12,Self
1488,23646,cast,13,Self
1488,18222,cast,14,Self
1488,22725,cast,15,Self
1488,16913,cast,16,Self
1488,19998,cast,17,Self
1488,13086,cast,18,Self
1488,11004,cast,19,
1488,5786,cast,20,Self
1488,3907,director,1,
1489,9074,cast,1,Robyn Goodfellowe
1489,6887,cast,2,Mebh Óg MacTíre
1489,20766,cast,3,Bill Goodfellowe
1489,21274,cast,4,Lord Protector
1489,22790,cast,5,Seán Óg
1489,14961,cast,6,"Mebh's Mother, Moll MacTíre"
1489,11747,cast,7,"Stringy Woodcutter, Ned"
1489,11567,cast,8,Stumpy Woodcutter
1489,17418,cast,9,"Head Housekeeper, Bridget"
1489,17549,cast,10,"Street Children Ringleader, Padraig"
1489,18121,cast,11,Sheep Farmer
1489,17142,cast,12,Fishmonger
1489,2174,cast,13,Soldier
1489,10734,cast,14,Soldier
1489,23349,cast,15,Soldier
1489,20760,cast,16,"Soldier, Additional Voices"
1489,8053,cast,17,Soldier
1489,14467,cast,18,Soldier
1489,9288,cast,19,Soldier
1489,9636,cast,20,Street Children
1489,22775,director,1,
1489,20084,director,2,
1489,23698,writer,1,
1489,22775,writer,2,
1489,20084,writer,3,
1490,11062,cast,1,Self
1490,19386,cast,2,Self
1490,19870,cast,3,Self - The Who
1490,11169,cast,4,Self
1490,22339,cast,5,Themselves
1490,20921,cast,6,Themselves
1490,4465,cast,7,Themselves
1490,1678,cast,8,Self
1490,4521,cast,9,Themselves
1490,22210,cast,10,Themselves
1490,11638,cast,11,Self
1490,20587,cast,12,Themselves
1490,21332,cast,13,Themselves
1490,10970,cast,14,Self
1490,3179,cast,15,Themselves
1490,2620,cast,16,Self
1490,13983,cast,17,Lilli
1490,10584,cast,18,Themselves
1490,10198,cast,19,Self
1490,8725,cast,20,Canned Heat
1490,16222,director,1,
1491,19811,cast,1,Mitch Wayne
1491,13570,cast,2,Lucy Moore Hadley
1491,19715,cast,3,Kyle Hadley
1491,5863,cast,4,Marylee Hadley
1491,19636,cast,5,Jasper Hadley
1491,8279,cast,6,Biff Miley
1491,19633,cast,7,Dan Willis
1491,6202,cast,8,Doctor Paul Cochrane
1491,8695,cast,9,Hoak Wayne
1491,11500,cast,10,Roy Carter
1491,11982,cast,11,R.J. Courtney
1491,20110,cast,12,Sam
1491,14656,cast,13,Bertha
1491,23843,cast,14,Reporter
1491,11115,cast,15,Brunette
1491,4692,cast,16,Blonde
1491,5865,cast,17,Secretary
1491,2253,cast,18,Courtroom Spectator
1491,14479,cast,19,Party Guest
1491,7592,cast,20,Hotel Floorlady
1491,5908,director,1,
1491,7902,writer,1,
1491,19740,writer,2,
1492,10015,cast,1,Charles Xavier (24 Years)
1492,16062,cast,2,Erik Lensherr
1492,10652,cast,3,"Raven, Mystique"
1492,12990,cast,4,Sebastian Shaw
1492,13587,cast,5,Charles Xavier (12 Years)
1492,2460,cast,6,Young Erik
1492,20050,cast,7,Moira MacTaggert
1492,2347,cast,8,Mrs. Xavier
1492,16744,cast,9,Young Raven (10 Years)
1492,17555,cast,10,Man in Black Suit
1492,560,cast,11,"Janos Quested, Riptide"
1492,10254,cast,12,Azazel
1492,24378,cast,13,Angel Salvadore
1492,10206,cast,14,Emma Frost
1492,17160,cast,15,"Hank, Beast"
1492,3120,cast,16,"Cassidy, Banshee"
1492,6113,cast,17,"Darwin, Armando Muñoz"
1492,4432,cast,18,Chief Warden
1492,14361,cast,19,"Alex Summers, Havok"
1492,5350,cast,20,Levene
1492,15678,director,1,
1492,1820,writer,1,
1492,24289,writer,2,
1492,10150,writer,3,
1492,15678,writer,4,
1493,17913,cast,1,Professor Charles Xavier
1493,9166,cast,2,"Logan, Wolverine"
1493,8516,cast,3,"Ororo Munroe, Storm"
1493,9274,cast,4,"Eric Lehnsherr, Magneto"
1493,6989,cast,5,Jean Grey
1493,10009,cast,6,"Scott Summers, Cyclops"
1493,1364,cast,7,Rogue
1493,19047,cast,8,"Raven Darkholme, Mystique, Grace"
1493,2849,cast,9,William Stryker
1493,383,cast,10,"Kurt Wagner, Nightcrawler"
1493,2966,cast,11,Senator Kelly
1493,13,cast,12,"John Allerdyce, Pyro"
1493,21006,cast,13,"Bobby Drake, Ice Man"
1493,12821,cast,14,"Yuriko Oyama, Deathstrike"
1493,12677,cast,15,Kitty Pryde
1493,12738,cast,16,"Jubilation Lee, Jubilee"
1493,4462,cast,17,President McKenna
1493,3802,cast,18,WhiteHouse Tour Guide
1493,9726,cast,19,President's Secretary
1493,16199,cast,20,White House Checkpoint Agent
1493,3030,director,1,
1493,24297,writer,1,
1493,5026,writer,2,
1493,3030,writer,3,
1493,16045,writer,4,
1493,4650,writer,5,
1494,15023,cast,1,Luisa Cortés
1494,7588,cast,2,Julio Zapata
1494,4730,cast,3,Narrator
1494,999,cast,4,Ana Morelos
1494,5587,cast,5,Tenoch Iturbide
1494,17018,cast,6,Manuel Huerta
1494,23259,cast,7,María Eugenia Calles de Huerta
1494,14950,cast,8,Cecilia Huerta
1494,8125,cast,9,Nicole Bazaine
1494,1791,cast,10,Esteban Morelos
1494,1111,cast,11,Diego 'Saba' Madero
1494,5504,cast,12,Silvia Allende de Iturbide
1494,6536,cast,13,Miguel Iturbide
1494,15309,cast,14,Enriqueta 'Queta' Allende
1494,12116,cast,15,Alejandro 'Jano' Montes de Oca
1494,13954,cast,16,Leodegaria 'Leo' Victoria
1494,21239,cast,17,Jesús 'Chuy' Carranza
1494,15797,cast,18,Mabel Juárez de Carranza
1494,1083,cast,19,Lucero Carranza
1494,898,cast,20,Christian Carranza
1494,677,director,1,
1494,3259,writer,1,
1494,677,writer,2,
1495,9905,cast,1,George M. Cohan
1495,11079,cast,2,Mary
1495,23543,cast,3,Jerry Cohan
1495,19378,cast,4,Sam Harris
1495,9444,cast,5,Fay Templeton
1495,7893,cast,6,Dietz
1495,20060,cast,7,Nellie Cohan
1495,10513,cast,8,Josie Cohan
1495,7195,cast,9,Nora Bayes - Singer 'Over There'
1495,7787,cast,10,Erlanger
1495,21975,cast,11,Schwab
1495,23528,cast,12,Theatre Manager
1495,5897,cast,13,George M. Cohan - As a Boy of 13
1495,6079,cast,14,Eddie Foy
1495,16536,cast,15,Albee
1495,3781,cast,16,Goff
1495,17498,cast,17,Madame Bartholdi
1495,17932,cast,18,Josie Cohan - As a Girl of 12
1495,9723,cast,19,The President
1495,6059,cast,20,Reporter
1495,16034,director,1,
1495,19533,writer,1,
1495,6138,writer,2,
1495,12310,writer,3,
1496,1655,cast,1,Y
1496,6235,cast,2,Yasmin
1496,16841,cast,3,Leah
1496,538,cast,4,Big Billionaire
1496,20972,cast,5,Avinoam
1496,17701,cast,6,Big Billionaire Secretary
1496,9314,cast,7,Rich Woman
1496,15845,cast,8,Rich Woman's Husband
1496,945,cast,9,"Ari, Rich Woman's Grandson"
1496,6446,cast,10,Baby Noah
1496,12085,cast,11,Baby Noah
1496,17358,cast,12,Young Noah
1496,1802,cast,13,Gym Manager
1496,21127,cast,14,Singing Yacht Attendant
1496,4844,cast,15,Babysitter
1496,19951,cast,16,Boy in Y's Dream
1496,19835,cast,17,Army General
1496,18781,cast,18,Copy Shop Woman
1496,17494,cast,19,Cocaine Man
1496,16799,cast,20,Cocaine Woman
1496,16848,director,1,
1496,16848,writer,1,
1497,17280,cast,1,N.J.
1497,6290,cast,2,Min-Min
1497,9536,cast,3,Mr. Ota
1497,12824,cast,4,Ting-Ting
1497,11791,cast,5,Yang-Yang
1497,9132,cast,6,A-Di
1497,21790,cast,7,Sherry Chang-Breitner
1497,4111,cast,8,Dada
1497,21173,cast,9,Xiao-Yan
1497,15903,cast,10,Lili
1497,17743,cast,11,Pangzi
1497,20132,cast,12,Grandma
1497,21174,cast,13,Mrs. Jiang
1497,9135,cast,14,Yunyun
1497,24218,cast,15,Migo
1497,21071,cast,16,Nancy
1497,10885,cast,17,Wu Jie
1497,13348,cast,18,Shu Ge
1497,13802,cast,19,Liren
1497,15842,cast,20,N.J.'s Neighbor
1497,6216,director,1,
1497,6216,writer,1,
1498,22914,cast,1,"Sanjuro Kuwabatake, The Samurai"
1498,6250,cast,2,Gonji - Tavern Keeper
1498,22133,cast,3,Unosuke - Gunfighter
1498,24101,cast,4,Nui
1498,9540,cast,5,Orin
1498,4587,cast,6,Inokichi - Ushitora's Rotund Brother
1498,20824,cast,7,Seibê - Brothel Operator
1498,22023,cast,8,Tokuemon - Sake Brewer
1498,9018,cast,9,Yoichiro
1498,24165,cast,10,Kohei's Son
1498,12454,cast,11,Tazaemon
1498,9336,cast,12,Hansuke
1498,1866,cast,13,The Cooper - Coffin-Maker
1498,21894,cast,14,Homma - Instructor Who Skips Town
1498,13389,cast,15,Ushitora
1498,13230,cast,16,Kuma
1498,22038,cast,17,Ronin Kobuhachi
1498,9304,cast,18,First Samurai
1498,20324,cast,19,First Foot Soldier
1498,317,cast,20,Kame
1498,311,director,1,
1498,311,writer,1,
1498,20299,writer,2,
1499,13549,cast,1,Sammy
1499,15641,cast,2,Brian
1499,980,cast,3,Mrs. Prescott
1499,16028,cast,4,Mr. Prescott
1499,88,cast,5,Sheriff Darryl
1499,8517,cast,6,Amy
1499,23674,cast,7,Young Sammy
1499,18373,cast,8,Young Terry
1499,2351,cast,9,Minister
1499,20017,cast,10,Rudy
1499,9601,cast,11,Mabel
1499,11766,cast,12,Bob
1499,7586,cast,13,Sheila
1499,15250,cast,14,Terry
1499,14076,cast,15,Waitress
1499,12922,cast,16,Ron
1499,17327,cast,17,Nancy
1499,19293,cast,18,Plumber
1499,13127,cast,19,Rudy Sr.'s Girlfriend
1499,12045,cast,20,Rudy Sr.
1499,12922,director,1,
1499,12922,writer,1,
1500,7742,cast,1,Dr. Frederick Frankenstein
1500,14590,cast,2,Elizabeth
1500,15411,cast,3,Igor
1500,18282,cast,4,The Monster
1500,4317,cast,5,Frau Blücher
1500,22241,cast,6,Inga
1500,12923,cast,7,Inspector Kemp
1500,19287,cast,8,Herr Falkstein
1500,13935,cast,9,Mr. Hilltop
1500,4810,cast,10,Medical Student
1500,17640,cast,11,Sadistic Jailor
1500,1768,cast,12,Village Elder
1500,19209,cast,13,Insp. Kemp's Aide
1500,16714,cast,14,Gravedigger
1500,20220,cast,15,Gravedigger
1500,1389,cast,16,Little Girl
1500,7725,cast,17,Blindman
1500,11522,cast,18,Villager
1500,11397,cast,19,Orderly in Frankenstein's Class
1500,19404,cast,20,Villager
1500,15849,director,1,
1500,7742,writer,1,
1500,15849,writer,2,
1500,15493,writer,3,
1501,8896,cast,1,Abraham Lincoln
1501,718,cast,2,Abigail Clay
1501,15166,cast,3,Mary Todd
1501,1669,cast,4,Sarah Clay
1501,6071,cast,5,Efe Turner
1501,18156,cast,6,Ann Rutledge
1501,19246,cast,7,Matt Clay
1501,5774,cast,8,Prosecutor John Felder
1501,12158,cast,9,Carrie Sue
1501,6088,cast,10,Adam Clay
1501,21443,cast,11,Judge Herbert A. Bell
1501,23570,cast,12,John Palmer Cass
1501,6771,cast,13,Man with Lynch Mob
1501,20412,cast,14,Townsman Dancing at Party
1501,1740,cast,15,New Salem Townsman
1501,5872,cast,16,Carrie Sue
1501,23409,cast,17,Peach Pie Baker
1501,17994,cast,18,Loafer
1501,7801,cast,19,Loafer
1501,4282,cast,20,Sheriff Gil Billings
1501,11423,director,1,
1501,13418,writer,1,
1501,20058,writer,2,
1502,24254,cast,1,Z
1502,9448,cast,2,Hélène
1502,10420,cast,3,Le juge d'instruction
1502,7274,cast,4,Le procureur
1502,9802,cast,5,Le photojournaliste
1502,3606,cast,6,Manuel
1502,18613,cast,7,Le général de gendarmerie Missou
1502,7912,cast,8,Nick
1502,2292,cast,9,Matt
1502,14822,cast,10,Vago
1502,12285,cast,11,Le colonel de gendarmerie
1502,14623,cast,12,La soeur de Nick
1502,19115,cast,13,Yago
1502,8466,cast,14,
1502,4319,cast,15,Shoula
1502,15712,cast,16,Le maçon héroïque
1502,21199,cast,17,
1502,814,cast,18,
1502,8736,cast,19,Le chauffeur du général
1502,7969,cast,20,Barone
1502,4458,director,1,
1502,23216,writer,1,
1502,11891,writer,2,
1502,4458,writer,3,
1502,2176,writer,4,
1503,4730,cast,1,Zama
1503,14180,cast,2,Luciana
1503,15581,cast,3,"Vicuña Porto, Soldado Gaspar Toledo"
1503,12128,cast,4,Ventura Prieto
1503,16872,cast,5,Fernández
1503,15008,cast,6,Malemba
1503,3261,cast,7,El Oriental
1503,18821,cast,8,Capitán Parrilla
1503,3255,cast,9,Guardia
1503,11887,cast,10,Reo
1503,8405,cast,11,Gobernador I
1503,15566,cast,12,Mensajero I
1503,7984,cast,13,Indalecio
1503,23268,cast,14,Hijo Oriental
1503,5665,cast,15,Amanda
1503,4184,cast,16,Eulalia
1503,12131,cast,17,Bermúdez
1503,18127,cast,18,Rita
1503,19194,cast,19,Domingo
1503,3755,cast,20,Sirviente negro Domingo I
1503,14401,director,1,
1503,1586,writer,1,
1503,14401,writer,2,
1504,10820,cast,1,Maya
1504,11238,cast,2,Patrick - Squadron Team Leader
1504,3922,cast,3,Justin - DEVGRU
1504,15257,cast,4,George
1504,10248,cast,5,Dan
1504,19055,cast,6,Ammar
1504,13369,cast,7,Joseph Bradley
1504,10640,cast,8,Jessica
1504,8613,cast,9,Jack
1504,10723,cast,10,Thomas
1504,11023,cast,11,J.J.
1504,23489,cast,12,Detainee on Monitor
1504,613,cast,13,Detainee on Monitor
1504,16842,cast,14,Detainee on Monitor
1504,1947,cast,15,Detainee on Monitor
1504,21249,cast,16,Detainee on Monitor
1504,705,cast,17,Interrogator on Monitor
1504,17779,cast,18,Interrogator on Monitor
1504,296,cast,19,Interrogator on Monitor
1504,5452,cast,20,Interrogator on Monitor
1504,12646,director,1,
1504,15175,writer,1,
1505,9844,cast,1,Robert Graysmith
1505,19570,cast,2,Paul Avery
1505,15250,cast,3,Inspector David Toschi
1505,1501,cast,4,Inspector William Armstrong
1505,2849,cast,5,Melvin Belli
1505,11361,cast,6,Arthur Leigh Allen
1505,19388,cast,7,"Zodiac 1, Zodiac 2"
1505,2657,cast,8,Zodiac 3
1505,11498,cast,9,Zodiac 4
1505,3843,cast,10,Melanie
1505,6049,cast,11,Al Hyman
1505,11438,cast,12,Templeton Peck
1505,11667,cast,13,Charles Thieriot
1505,3175,cast,14,Carol Fisher
1505,6336,cast,15,Sgt. Jack Mulanax
1505,5457,cast,16,Captain Marty Lee
1505,5755,cast,17,Captain Ken Narlow
1505,12333,cast,18,Mrs. Toschi
1505,4138,cast,19,Darlene Ferrin
1505,13717,cast,20,Young Mike Mageau
1505,4997,director,1,
1505,10072,writer,1,
1505,19608,writer,2,
1506,10803,cast,1,Columbus
1506,6586,cast,2,Wichita
1506,23932,cast,3,Tallahassee
1506,53,cast,4,Little Rock
1506,903,cast,5,406
1506,2464,cast,6,Bill Murray
1506,5441,cast,7,Clown Zombie
1506,3503,cast,8,Customer at the Pump
1506,9754,cast,9,Banjo Zombie
1506,9206,cast,10,Best Man
1506,6421,cast,11,Zombie Meter Maid
1506,3145,cast,12,Zombie
1506,15970,cast,13,Police Officer Zombie
1506,3190,cast,14,Amusement Park Guest
1506,15860,cast,15,Hippie Girl
1506,4704,cast,16,Frightened Pedestrian
1506,3871,cast,17,Bicycle Zombie
1506,18764,cast,18,Zombie
1506,4609,cast,19,Bubbie & Pee Paw's Grandson
1506,2582,cast,20,Groom
1506,20133,director,1,
1506,19168,writer,1,
1506,18115,writer,2,
