id,slug,title,year,metascore,userscore,users_rated,summary,link,in_metascore_ranking,in_userscore_ranking
1,-1963,8½,1963,93,81,85,A harried movie director retreats into his memories and fantasies.,https://www.metacritic.com/movie/-1963/,true,true
2,10-things-i-hate-about-you,10 Things I Hate About You,1999,70,74,301,"A re-telling of Shakespeare's ""The Taming of the Shrew,"" set in a modern-day Seattle high school.",https://www.metacritic.com/movie/10-things-i-hate-about-you/,false,true
3,101-dalmatians-1961,101 Dalmatians,1961,83,80,121,"When a litter of Dalmatian puppies are abducted by the minions of Cruella de Vil, the parents must find them before she uses them for a diabolical fashion statement.",https://www.metacritic.com/movie/101-dalmatians-1961/,false,true
4,12-angry-men,12 Angry Men,1957,97,92,911,"12 Angry Men, by Sidney Lumet, is a behind-closed-doors look at the American legal system. This iconic adaptation of Reginald Rose’s teleplay stars Henry Fonda as the dissenting member on a jury of white men ready to pass judgment on a Puerto Rican teenager charged with murdering his father. The result is a saga of epic proportions that plays out over a tense afternoon in one sweltering room.",https://www.metacritic.com/movie/12-angry-men/,true,true
5,12-years-a-slave,12 Years a Slave,2013,96,80,1820,"In the pre-Civil War United States, Solomon Northup, a free black man living in upstate New York, is abducted and sold into slavery.",https://www.metacritic.com/movie/12-years-a-slave/,true,false
6,127-hours,127 Hours,2010,82,79,727,127 HOURS is the true story of mountain climber Aron Ralston's remarkable adventure to save himself after a fallen boulder crashes on his arm and traps him in an isolate canyon in Utah. (Fox Searchlight),https://www.metacritic.com/movie/127-hours/,false,true
7,2000-meters-to-andriivka,2000 Meters to Andriivka,2025,88,78,18,"Amid a failing counteroffensive, a journalist follows a Ukrainian platoon on their mission to traverse one mile of heavily fortified forest and liberate a strategic village from Russian occupation. But the farther they advance through their destroyed homeland, the more they realize that this war may never end.",https://www.metacritic.com/movie/2000-meters-to-andriivka/,true,false
8,2001-a-space-odyssey,2001: A Space Odyssey,1968,84,87,1404,"2001: A Space Odyssey is a countdown to tomorrow, a road map to human destiny, a quest for the infinite. To begin his voyage into the future, Kubrick visits our prehistoric ape-ancestry past, then leaps millenia (via one of the most mind-blowing jump cuts ever conceived) into colonized space, and ultimately whisks astronaut Bowman (Dullea) into uncharted realms of space, perhaps even into immortality. ""Open the pod bay doors, HAL."" Let the awe and mystery of a journey unlike any other begin. (Warner Bros.)",https://www.metacritic.com/movie/2001-a-space-odyssey/,false,true
9,21-grams,21 Grams,2003,70,76,230,They say we all lose 21 grams at the exact moment of our death.  (Focus Features),https://www.metacritic.com/movie/21-grams/,false,true
10,24-hour-party-people,24 Hour Party People,2002,85,76,43,"Spanning from the late 1970's to the early 1990's, this is the story of the Manchester music scene, as seen by the founders of the legendary Factory Records label.",https://www.metacritic.com/movie/24-hour-party-people/,true,false
11,3-idiots,3 Idiots,2010,67,84,226,"Two friends embark on a quest for a lost buddy.  On this journey, they encounter a long forgotten bet, a wedding they must crash, and a funeral that goes impossibly out of control.  As they make their way through the perilous landscape, another journey begins: their inner journey through memory lane and the story of their friend--the irrepressible free-thinker Rancho, who in his unique way, touched and changed their lives.  It’s a story of their hostel days that swings between Rancho’s romance with the spirited Pia, and his clash with an oppressive mentor, Viru Sahastrabudhhe . And then one day, suddenly, Rancho is gone. (Reliance BIG Pictures)",https://www.metacritic.com/movie/3-idiots/,false,true
12,310-to-yuma,3:10 to Yuma,2007,76,76,341,"In Arizona in the late 1800's, infamous outlaw Ben Wade and his vicious gang of thieves and murderers have plagued the Southern Railroad. When Wade is captured, Civil War veteran Dan Evans, struggling to survive on his drought-plagued ranch, volunteers to deliver him alive to the 3:10 to Yuma, a train that will take the killer to trial. On the trail, Evans and Wade, each from very different worlds, begin to earn each other’s respect. But with Wade’s outfit on their trail – and dangers at every turn – the mission soon becomes a violent, impossible journey toward each man's destiny. (Lions Gate)",https://www.metacritic.com/movie/310-to-yuma/,false,true
13,32-sounds,32 Sounds,2023,90,60,4,"32 Sounds is an immersive feature documentary and profound sensory experience from Academy Award-nominated filmmaker Sam Green (The Weather Underground) featuring original music by JD Samson (Le Tigre, MEN).  The film explores the elemental phenomenon of sound by weaving together 32 specific sound explorations into a cinematic meditation on the power of sound to bend time, cross borders, and profoundly shape our perception of the world around us.  Join Oscar-nominated filmmaker Green as he takes the audience on a journey through time and space — exploring everything from forgotten childhood memories, to the soundtrack of resistance, to subaquatic symphonies — and experience in new ways the astonishing sounds of our everyday lives. 32 Sounds investigates the mysterious nature of perception and the subtle yet radical politics that arise from sensation and being present in one’s body. [Abramorama]",https://www.metacritic.com/movie/32-sounds/,true,false
14,35-shots-of-rum,35 Shots of Rum,2009,92,71,36,"A widowed conductor, looking forward to retirement, lives with his grown daughter in a Paris suburb.  When a neighbor starts to show interest in his ""little girl"", the conductor tries to adjust.",https://www.metacritic.com/movie/35-shots-of-rum/,true,false
15,4-little-girls,4 Little Girls,1997,88,75,15,"On September 15, 1963, a bomb destroyed a black church in Birmingham, Alabama, killing four young girls who were there for Sunday school. It was a crime that shocked the nation -- and a defining moment in the history of America's civil-rights movement. Now, acclaimed filmmaker Spike Lee tells the full story of the bombing, through heart-wrenching testimonials from surviving members of the victims' families, insights from Bill Cosby, Walter Cronkite, Andrew Young, Coretta Scott King and many others, and a rare and revealing interview with former Alabama Governor George Wallace.  [HBO Documentary Films]",https://www.metacritic.com/movie/4-little-girls/,true,false
16,4-months-3-weeks-and-2-days,"4 Months, 3 Weeks and 2 Days",2008,97,80,266,"During the final days of communism in Romania, two college roommates Otilia and Gabita are busy preparing for a night away. But rather than planning for a holiday, they are making arrangements for Gabita's illegal abortion and unwittingly, both find themselves burrowing deep down a rabbit hole of unexpected revelations. [IFC Films]",https://www.metacritic.com/movie/4-months-3-weeks-and-2-days/,true,true
17,42-forty-two-up,42: Forty Two Up,1999,86,87,7,"Director Michael Apted revisits the same group of British-born adults after a 7 year wait. One of the most interesting film experiments ever. This time the group is 42,  with eleven of the original fourteen still being documented.",https://www.metacritic.com/movie/42-forty-two-up/,true,false
18,45-years,45 Years,2015,94,73,204,"There is just one week until Kate Mercer's (Charlotte Rampling) 45th wedding anniversary and the planning for the party is going well. But then a letter arrives for her husband (Tom Courtenay). The body of his first love has been discovered, frozen and preserved in the icy glaciers of the Swiss Alps. By the time the party is upon them, five days later, there may not be a marriage left to celebrate. [IFC Films]",https://www.metacritic.com/movie/45-years/,true,false
19,45365,45365,2010,88,70,8,45365 takes us on an unforgettable journey into the heartland of the USA. Through beautiful imagery and an open invitation into the participants' lives we have a rare opportunity to meet people we would never have a chance to in real life. From the man who calls 911 because his cable is out to an ex-con who is just trying to get by we walk away with a greater understanding of each other and can revel in a truly American experience. (Seventh Art Releasing),https://www.metacritic.com/movie/45365/,true,false
20,500-days-of-summer,(500) Days of Summer,2009,76,80,740,"This is a story of boy meets girl, begins the wry, probing narrator of 500 Days of Summer, and with that the film takes off at breakneck speed into a funny, true to life and unique dissection of the unruly and unpredictable year-and-a-half of one young man’s no-holds-barred love affair.",https://www.metacritic.com/movie/500-days-of-summer/,false,true
21,5050,50/50,2011,72,80,523,"Inspired by personal experiences, 50/50 is an original story about friendship, love, survival and finding humor in unlikely places.  Two best friends lives change when one of them is diagnosed with cancer. (Summit Entertainment)",https://www.metacritic.com/movie/5050/,false,true
22,63-up,63 Up,2019,89,77,6,Director Michael Apted revisits the same group of British-born adults after a 7 year wait. The subjects are interviewed as to the changes that have occurred in their lives during the last seven years.,https://www.metacritic.com/movie/63-up/,true,false
23,a-beautiful-mind,A Beautiful Mind,2001,72,81,517,"A human drama about the struggle of a true genius, inspired by events in the life of John Forbes Nash, Jr.  [Universal Pictures]",https://www.metacritic.com/movie/a-beautiful-mind/,false,true
24,a-bread-factory-part-one-for-the-sake-of-gold,A Bread Factory Part One: For the Sake of Gold,2018,91,81,7,"After 40 years of running their community arts space, The Bread Factory, Dorothea and Greta are suddenly fighting for survival when a celebrity couple--performance artists from China--come to Checkford and build an enormous complex down the street catapulting big changes in their small town.",https://www.metacritic.com/movie/a-bread-factory-part-one-for-the-sake-of-gold/,true,false
25,a-bread-factory-part-two-walk-with-me-a-while,A Bread Factory Part Two: Walk With Me a While,2018,91,83,4,"At The Bread Factory, they rehearse the Greek play, Hecuba. But the real theatrics are outside the theater where the town has been invaded by bizarre tourists and mysterious tech start-up workers. There is a new normal in Checkford, if it is even really Checkford any longer.",https://www.metacritic.com/movie/a-bread-factory-part-two-walk-with-me-a-while/,true,false
26,a-bronx-tale,A Bronx Tale,1993,80,80,153,A young man grows up with his loyalties torn between his father and the mob boss who runs the streets.,https://www.metacritic.com/movie/a-bronx-tale/,false,true
27,a-bugs-life,A Bug's Life,1998,78,76,487,The story of an ant named Flik who is searching for better ways to be a bug.,https://www.metacritic.com/movie/a-bugs-life/,false,true
28,a-canterbury-tale,A Canterbury Tale,1949,85,72,5,Three modern-day pilgrims investigate a bizarre crime in a small town while on their way to Canterbury.,https://www.metacritic.com/movie/a-canterbury-tale/,true,false
29,a-christmas-story,A Christmas Story,1983,77,77,165,This delightfully funny holiday gem tells the story of Ralphie Parker a 1940's nine-year-old who pulls out all the stops to obtain the ultimate Christmas present. (Warner Bros.),https://www.metacritic.com/movie/a-christmas-story/,false,true
30,a-film-unfinished,A Film Unfinished,2010,88,72,15,"Yael Hersonski's powerful documentary achieves a remarkable feat through its penetrating look at another film-the now-infamous Nazi-produced film about the Warsaw Ghetto. Discovered after the war, the unfinished work, with no soundtrack, quickly became a resource for historians seeking an authentic record, despite its elaborate propagandistic construction. The later discovery of a long-missing reel complicated earlier readings, showing the manipulations of camera crews in these ""everyday"" scenes. Well-heeled Jews attending elegant dinners and theatricals (while callously stepping over the dead bodies of compatriots) now appeared as unwilling, but complicit, actors, alternately fearful and in denial of their looming fate.",https://www.metacritic.com/movie/a-film-unfinished/,true,false
31,a-fish-called-wanda,A Fish Called Wanda,1988,80,80,136,"In this zany comedy, four disparate characters (John Cleese, Jamie Lee Curtis, Kevin Kline, and Michael Palin) attempt a daring jewel heist.",https://www.metacritic.com/movie/a-fish-called-wanda/,false,true
32,a-fistful-of-dollars,A Fistful of Dollars,1967,65,79,170,"A wandering gunfighter plays two rival families against each other in a town torn apart by greed, pride, and revenge.",https://www.metacritic.com/movie/a-fistful-of-dollars/,false,true
33,a-hard-days-night,A Hard Day's Night,1964,96,83,109,"Meet the Beatles! Just one month after they exploded onto the U.S. scene with their Ed Sullivan Show appearance, John, Paul, George, and Ringo began working on a project that would bring their revolutionary talent to the big screen. A Hard Day’s Night, in which the bandmates play cheeky comic versions of themselves, captured the astonishing moment when they officially became the singular, irreverent idols of their generation and changed music forever.",https://www.metacritic.com/movie/a-hard-days-night/,true,true
34,a-history-of-violence,A History of Violence,2005,82,75,293,"Tom Stall is living a happy and quiet life with his lawyer wife and their two children in the small town of Millbrook, Indiana, until one night their idyllic existence is shattered when Tom foils a vicious attempted robbery in his diner.  (New Line Cinema)",https://www.metacritic.com/movie/a-history-of-violence/,false,true
35,a-league-of-their-own,A League of Their Own,1992,69,79,89,Two sisters join the first female professional baseball league and struggle to help it succeed amidst their own growing rivalry.,https://www.metacritic.com/movie/a-league-of-their-own/,false,true
36,a-little-prayer,A Little Prayer,2025,86,72,25,"Bill (David Strathairn), a Vietnam veteran who has lived in suburban Winston-Salem, North Carolina, for decades with his wife, Venida (Celia Weston), confronts the limits of patriarchal power while parenting his adult children, both of whom are experiencing personal difficulties. Their son David (Will Pullen), is a PTSD-stricken veteran whom Bill suspects of cheating on his wife Tammy (Jane Levy). Tammy and Bill have a special bond for a father and daughter-in-law and appear to completely understand each other, so when he believes his son has strayed, he is at a loss for how to proceed. Meanwhile Patti (Anna Camp), their wilder child, unexpectedly arrives with their granddaughter Hadley (Billie Roy), having left her opioid-addicted husband Cassius for the third time. Bill's every thought is consumed by worries about these three adult children. The heartbreak he so desperately wants to spare them from is something he struggles with, as does how to best support them in their challenges. He attempts to maintain his composure in the face of chaos and eventually discovers the limits of patriarchal interference, for better or worse.",https://www.metacritic.com/movie/a-little-prayer/,true,false
37,a-little-princess,A Little Princess,1995,83,75,53,A young girl must rely on her wits and imagination when she is separated from her soldier father and sent to a strict boarding school. [Warner Bros.],https://www.metacritic.com/movie/a-little-princess/,false,true
38,a-nice-indian-boy,A Nice Indian Boy,2025,85,71,29,"When Naveen brings his fiance Jay home to meet his family, his traditional Indian parents must contend with accepting his white partner and helping them plan the most fabulous same sex Indian wedding the Bay Area has ever seen.",https://www.metacritic.com/movie/a-nice-indian-boy/,true,false
39,a-night-of-knowing-nothing,A Night of Knowing Nothing,2022,87,67,6,"Through fictional love letters found in a cupboard at the Film and Television Institute of India, we meet L, a film student writing to her estranged lover while he is away. Gradually we’re immersed in the drastic changes taking place at the school and in the lives of young people across the country as they take to the streets to protest widespread discrimination.",https://www.metacritic.com/movie/a-night-of-knowing-nothing/,true,false
40,a-nightmare-on-elm-street-1984,A Nightmare on Elm Street,1984,76,82,434,"Nancy Thompson is suffering from violent nightmares about a badly burned man wearing a glove made of knives. She quickly learns that this man – child molester Freddy Krueger – is also terrorizing the dreams of her friends and boyfriend, Glen. As they begin to die one by one in their sleep, Nancy learns, that years prior, the parents of Elm Street burned Krueger alive – and now Freddy is back to claim their children’s lives as revenge! As the teenagers of Elm Street fight to stay awake, Nancy must save their lives and her own by bringing Freddy out of their dreams and back into the real world to destroy him forever. (New Line Cinema)",https://www.metacritic.com/movie/a-nightmare-on-elm-street-1984/,false,true
41,a-nightmare-on-elm-street-3-dream-warriors,A Nightmare on Elm Street 3: Dream Warriors,1987,49,74,127,Survivors of undead serial killer Freddy Krueger - who stalks his victims in their dreams - learn to take control of their own dreams in order to fight back.,https://www.metacritic.com/movie/a-nightmare-on-elm-street-3-dream-warriors/,false,true
42,a-poet,A Poet,2026,85,85,14,"An aging poet finds purpose mentoring Yurlady, a talented teen, though exposing her to the poetry scene might be unwise. His own poetic pursuits led nowhere, leaving him a stereotypical obscure writer.",https://www.metacritic.com/movie/a-poet/,true,false
43,a-prophet,A Prophet,2010,90,83,182,"Condemned to six years in prison, Malik El Djebena cannot read or write. Arriving at the jail entirely alone, he appears younger and more fragile than the other convicts. He is 19 years old. Cornered by the leader of the Corsican gang who rules the prison, he is given a number of ""missions"" to carry out, toughening him up and gaining the gang leader's confidence in the process. But Malik is brave and a fast learner, daring to secretly develop his own plans. (Sony Pictures Classics)",https://www.metacritic.com/movie/a-prophet/,true,false
44,a-real-pain,A Real Pain,2024,85,72,268,Mismatched cousins David and Benji reunite for a tour through Poland to honor their beloved grandmother. The adventure takes a turn when the pair’s old tensions resurface against the backdrop of their family history.,https://www.metacritic.com/movie/a-real-pain/,true,false
45,a-separation,A Separation,2011,95,89,790,"Set in contemporary Iran, A Separation is a compelling drama about the dissolution of a marriage. Simin wants to leave Iran with her husband Nader and daughter Termeh. Simin sues for divorce when Nader refuses to leave behind his Alzheimer-suffering father. Her request having failed, Simin returns to her parents' home, but Termeh decides to stay with Nader. When Nader hires a young woman to assist with his father in his wife's absence, he hopes that his life will return to a normal state. However, when he discovers that the new maid has been lying to him, he realizes that there is more on the line than just his marriage. [Sony Pictures Classic]",https://www.metacritic.com/movie/a-separation/,true,true
46,a-serious-man,A Serious Man,2009,88,73,235,"A Serious Man is the story of an ordinary man’s search for clarity in a universe where Jefferson Airplane is on the radio and F-Troop is on TV. It is 1967, and Larry Gopnik, a physics professor at a quiet Midwestern university, has just been informed by his wife Judith that she is leaving him. She has fallen in love with one of his more pompous acquaintances, Sy Ableman, who seems to her a more substantial person than the feckless Larry. Larry’s unemployable brother Arthur is sleeping on the couch, his son Danny is a discipline problem and a shirker at Hebrew school, and his daughter Sarah is filching money from his wallet in order to save up for a nose job. Struggling for equilibrium, Larry seeks advice from three different rabbis. Can anyone help him cope with his afflictions and become a righteous person – a mensch – a serious man? (Focus Features)",https://www.metacritic.com/movie/a-serious-man/,true,false
47,a-simple-plan,A Simple Plan,1998,81,79,100,"Captivated by the lure of sudden wealth, the quiet rural lives of two brothers (Paxton, Thornton) erupt into conflicts of greed, paranoia and distrust when over four million dollars in cash is discovered at the remote site of a downed small airplane.  (Paramount Pictures)",https://www.metacritic.com/movie/a-simple-plan/,false,true
48,a-single-man,A Single Man,2009,77,81,199,"Set in Los Angeles in 1962, at the height of the Cuban missile crisis, A Single Man, is the story of George Falconer, a 52 year old British college professor who is struggling to find meaning to his life after the death of his long time partner, Jim. George dwells on the past and cannot see his future as we follow him through a single day, where a series of events and encounters, ultimately leads him to decide if there is a meaning to life after Jim. George is consoled by his closest friend Charley, a 48 year old beauty who is wrestling with her own questions about the future. A young student of George’s, Kenny, who is coming to terms with his true nature, stalks George as he feels in him a kindred spirit. (The Weinstein Company)",https://www.metacritic.com/movie/a-single-man/,false,true
49,a-star-is-born,A Star Is Born,2018,88,84,1760,"In this new take on the tragic love story, seasoned musician Jackson Maine (Bradley Cooper) discovers—and falls in love with—struggling artist Ally (Lady Gaga). She has just about given up on her dream to make it big as a singer… until Jack coaxes her into the spotlight. But even as Ally’s career takes off, the personal side of their relationship is breaking down, as Jack fights an ongoing battle with his own internal demons. [Warner Bros.]",https://www.metacritic.com/movie/a-star-is-born/,true,false
50,a-star-is-born-1954,A Star Is Born,1954,89,82,33,"A film star helps a young singer and actress find fame, even as age and alcoholism send his own career on a downward spiral.",https://www.metacritic.com/movie/a-star-is-born-1954/,true,false
51,a-streetcar-named-desire,A Streetcar Named Desire,1951,97,83,106,Disturbed Blanche DuBois (Vivien Leigh) moves in with her sister in New Orleans and is tormented by her brutish brother-in-law (Marlon Brando) while her reality crumbles around her.,https://www.metacritic.com/movie/a-streetcar-named-desire/,true,true
52,a-summers-tale,A Summer's Tale,2014,91,70,24,"Gaspard (Melvil Poupaud), a recent university graduate, arrives at the seaside in Bretagne for a three week vacation before starting a new job. He’s hoping his sort-of girlfriend, the fickle Léna (Aurélia Nolin), will join him there; but as the days pass, he welcomes the interest of Margot (Amanda Langlet), a student of ethnology working as a waitress for the summer. Things start to get complicated when the spoken-for Margot encourages Gaspard to have a summer romance with her friend, Solène (Gwenaëlle Simon), and he complies. When Léna turns up, and scheduling complications abound, Gaspard will have to make a choice. [Big World Pictures]",https://www.metacritic.com/movie/a-summers-tale/,true,false
53,a-tale-of-two-cities,A Tale of Two Cities,1935,87,65,6,"A pair of lookalikes, one a former French aristocrat and the other an alcoholic English lawyer, fall in love with the same woman amongst the turmoil of the French Revolution.",https://www.metacritic.com/movie/a-tale-of-two-cities/,true,false
54,a-tale-of-two-sisters,A Tale of Two Sisters,2004,65,75,87,"Based on a famous Korean folktale, this grim fairy tale is one of the most heart-breaking and unexpected movies about loss, guilt and grief ever made.  (Tartan Films)",https://www.metacritic.com/movie/a-tale-of-two-sisters/,false,true
55,a-very-long-engagement,A Very Long Engagement,2004,76,76,54,An extraordinary love story set against the background of World War I.,https://www.metacritic.com/movie/a-very-long-engagement/,false,true
56,a-woman-under-the-influence,A Woman Under the Influence,1974,88,78,34,"Mabel, a wife and mother, is loved by her husband Nick but her mental illness proves to be a problem in the marriage.",https://www.metacritic.com/movie/a-woman-under-the-influence/,true,false
57,about-dry-grasses,About Dry Grasses,2024,88,67,36,"Samet, a young art teacher, is finishing his fourth year of compulsory service in a remote village in Anatolia. After a turn of events he can hardly make sense of, he loses his hopes of escaping the grim life he seems to be stuck in. Will his encounter with Nuray, herself a teacher, help him overcome his angst?",https://www.metacritic.com/movie/about-dry-grasses/,true,false
58,about-elly-2009,About Elly (2009),2015,87,88,139,"A group of middle-class friends travel from Tehran to spend the weekend at the seaside. Sepideh invites Elly, who is her daughter's teacher, to travel with the three families in order to introduce her to their recently divorced friend Ahmad, now living in Germany. The next morning, the two women go shopping in the town and Elly says that she has to return to Tehran because her mother has been recently submitted to hospital for heart surgery, but Sepideh asks her to stay and hides her luggage. The children are playing in the sea and one mother asks Elly to watch them. Out of the blue, Sepideh's daughter calls to some men playing volleyball to rescue one of the children from the water. After rescuing the little boy they seek out Elly, questioning whether she has drowned or returned to Tehran. What has happened to Elly?",https://www.metacritic.com/movie/about-elly-2009/,true,false
59,about-endlessness,About Endlessness,2021,87,59,20,"About Endlessness is a reflection on human life in all its beauty and cruelty, its splendour and banality. We wander, dreamlike, gently guided by our Scheherazade-esque narrator. Inconsequential moments take on the same significance as historical events: a couple floats over a war-torn Cologne; on the way to a birthday party, a father stops to tie his daughter’s shoelaces in the pouring rain; teenage girls dance outside a café; a defeated army marches to a prisoner of war camp. Simultaneously an ode and a lament, About Endlessness presents a kaleidoscope of all that is eternally human, an infinite story of the vulnerability of existence. [Venice]",https://www.metacritic.com/movie/about-endlessness/,true,false
60,about-schmidt,About Schmidt,2002,85,78,122,"Warren Schmidt (Nicholson) has arrived at several of life's crossraods all at the same time.  With no job, no wife, and no family, he is desperate to find something meaningful in his thoroughly unimpressive life.  He sets out on a journey of self-discovery, exploring his roots across Nebraska in a 35-foot motor home. (New Line Productions)",https://www.metacritic.com/movie/about-schmidt/,true,true
61,adams-rib,Adam's Rib,1949,87,70,16,Domestic and professional tensions mount when a husband and wife work as opposing lawyers in a case involving a woman who shot her husband.,https://www.metacritic.com/movie/adams-rib/,true,false
62,adaptation,Adaptation.,2002,83,81,278,"The lives of screenwriter Charlie Kaufman (Cage), author Susan Orlean (Streep) and orchid poacher John Laroche (Cooper) become strangely intertwined as each one's search for passion collides with the others' in this adaptation of the best-selling ""The Orchid Thief."" [Columbia Pictures]",https://www.metacritic.com/movie/adaptation/,false,true
63,after-hours,After Hours,1985,89,81,177,A Manhattan Yuppie's night out becomes a comic nightmare. (Warner Bros.),https://www.metacritic.com/movie/after-hours/,true,true
64,after-life,After Life,1999,91,71,30,"After death, people have just one week to choose only a memory to keep for eternity.",https://www.metacritic.com/movie/after-life/,true,false
65,afternoons-of-solitude,Afternoons of Solitude,2025,85,73,12,"Afternoons of Solitude is a spellbinding documentary that turns its gaze on the ceremonial splendor and devastating brutality of bullfighting in Spain. With quiet intensity, Serra follows famed matador Andrés Roca Rey, from the solitude of his hotel room and the meticulousness of his preparations to the charged spectacle of the arena. Through his immersive and unhurried lens, Serra reveals Rey’s profound physical, spiritual, and aesthetic commitment to a centuries-old ritual—one that demands he take part in a timeless duel between man and beast.",https://www.metacritic.com/movie/afternoons-of-solitude/,true,false
66,aftershock-2022,Aftershock,2022,87,57,10,"Following the deaths of two young women due to childbirth complications, two bereaved families galvanize activists, birth-workers and physicians to reckon with one of the most pressing American crises today: the US maternal health crisis.",https://www.metacritic.com/movie/aftershock-2022/,true,false
67,aftersun,Aftersun,2022,95,80,319,Sophie reflects on the shared joy and private melancholy of a holiday she took with her father twenty years earlier. Memories real and imagined fill the gaps between miniDV footage as she tries to reconcile the father she knew with the man she didn’t.,https://www.metacritic.com/movie/aftersun/,true,false
68,ai-artificial-intelligence,A.I. Artificial Intelligence,2001,65,74,328,"Started by Stanley Kubrick and finished by Steven Spielberg, this project was adapted from Brian Aldiss's 1966 short story ""Super-Toys Last All Summer Long.""  The film explores the idea of programming a child robot so that he is able to love.",https://www.metacritic.com/movie/ai-artificial-intelligence/,false,true
69,airplane!,Airplane!,1980,78,78,188,A straight-faced yet absurdist comedy about a burned out lovelorn ex-pilot is pressed into service when an airliner's crew succumbs to food poisoning.,https://www.metacritic.com/movie/airplane!/,false,true
70,aladdin,Aladdin,1992,86,85,337,"When a street urchin vies for the love of a beautiful princess, he uses a genie's magic power to make himself off as a prince in order to marry her.",https://www.metacritic.com/movie/aladdin/,true,true
71,alcarras,Alcarràs,2023,85,73,23,"In a small Catalonian village, the peach farmers of the Solé family spend every summer together picking fruit from their orchard. But when plans arise to install solar panels and cut down trees, the members of this tight-knit group suddenly face eviction — and the loss of far more than their home.",https://www.metacritic.com/movie/alcarras/,true,false
72,alice-in-wonderland-1951,Alice in Wonderland,1951,68,77,111,Alice stumbles into the world of Wonderland. Will she get home? Not if the Queen of Hearts has her way.,https://www.metacritic.com/movie/alice-in-wonderland-1951/,false,true
73,alien-1979,Alien,1979,89,89,1477,"For the first time in nearly a quarter-century, Alien returns to the big screen with a digitally remastered special edition of director Ridley Scott's science fiction/horror classic. [Fox]",https://www.metacritic.com/movie/alien-1979/,true,true
74,aliens,Aliens,1986,84,89,1243,"In this action-packed sequel to Alien, Sigourney Weaver returns as Ripley, the only survivor from mankind's first encounter with the monstrous Alien. Her account of the Alien and the fate of her crew are received with skepticism - until the mysterious disappearance of colonists on LV-426 leads her to join a team of high-tech colonial marines sent in to investigate. [20th Century Fox]",https://www.metacritic.com/movie/aliens/,false,true
75,all-about-eve,All About Eve,1950,98,86,149,An ingenue insinuates herself into the company of an established but aging stage actress and her circle of theater friends.,https://www.metacritic.com/movie/all-about-eve/,true,false
76,all-about-my-mother,All About My Mother,1999,87,83,120,This is the story of a mother (Roth) recovering from the death of her teenage son.  She travels to Barcelona to find her son's father and  revisits many places of her youth.,https://www.metacritic.com/movie/all-about-my-mother/,true,true
77,all-dirt-roads-taste-of-salt,All Dirt Roads Taste of Salt,2023,87,64,23,"A decades-spanning exploration of a woman’s life in Mississippi and an ode to the generations of people, places, and ineffable moments that shape us.",https://www.metacritic.com/movie/all-dirt-roads-taste-of-salt/,true,false
78,all-is-lost,All Is Lost,2013,87,67,284,"Deep into a solo voyage in the Indian Ocean, an unnamed man wakes to find his 39-foot yacht taking on water after a collision with a shipping container left floating on the high seas. With his navigation equipment and radio disabled, the man sails unknowingly into the path of a violent storm. Despite his success in patching the breached hull, his mariner&acirc;",https://www.metacritic.com/movie/all-is-lost/,true,false
79,all-of-us-strangers,All of Us Strangers,2023,90,80,198,"One night in his near-empty tower block in contemporary London, Adam (Andrew Scott) has a chance encounter with a mysterious neighbor Harry (Paul Mescal), which punctures the rhythm of his everyday life. As a relationship develops between them, Adam is preoccupied with memories of the past and finds himself drawn back to the suburban town where he grew up, and the childhood home where his parents (Claire Foy and Jamie Bell), appear to be living, just as they were on the day they died, 30 years before.",https://www.metacritic.com/movie/all-of-us-strangers/,true,false
80,all-quiet-on-the-western-front,All Quiet on the Western Front,1930,91,83,79,A young soldier faces profound disillusionment in the soul-destroying horror of World War I.,https://www.metacritic.com/movie/all-quiet-on-the-western-front/,true,true
81,all-that-breathes,All That Breathes,2022,87,79,23,"In one of the world’s most populated cities, two brothers — Nadeem and Saud — devote their lives to the quixotic effort of protecting the black kite, a majestic bird of prey essential to the ecosystem of New Delhi that has been falling from the sky at alarming rates. Amid environmental toxicity and social unrest, the ‘kite brothers’ spend day and night caring for the creatures in their makeshift avian basement hospital.",https://www.metacritic.com/movie/all-that-breathes/,true,false
82,all-the-beauty-and-the-bloodshed,All the Beauty and the Bloodshed,2022,91,79,36,"All the Beauty and the Bloodshed is an epic, emotional and interconnected story about internationally renowned artist and activist Nan Goldin told through her slideshows, intimate interviews, ground-breaking photography, and rare footage of her personal fight to hold the Sackler family accountable for the overdose crisis. [Neon]",https://www.metacritic.com/movie/all-the-beauty-and-the-bloodshed/,true,false
83,all-we-imagine-as-light,All We Imagine as Light,2024,93,69,61,"In Mumbai, Nurse Prabha’s routine is troubled when she receives an unexpected gift from her estranged husband. Her younger roommate, Anu, tries in vain to find a spot in the city to be intimate with her boyfriend. A trip to a beach town allows them to find a space for their desires to manifest.",https://www.metacritic.com/movie/all-we-imagine-as-light/,true,false
84,almost-famous,Almost Famous,2000,90,84,332,"In the 1970's, a high school boy (Fugit) is given an opportunity to follow and write a story about the hot new rock band Stillwater (with lead guitarist  Crudup) as they tour the USA.",https://www.metacritic.com/movie/almost-famous/,true,true
85,alphaville,Alphaville,1965,92,82,13,A U.S. secret agent is sent to the distant space city of Alphaville where he must find a missing person and free the city from its tyrannical ruler.,https://www.metacritic.com/movie/alphaville/,true,false
86,amadeus,Amadeus,1984,87,87,441,Amadeus portrays the rivalry between the genius Mozart (Tom Hulce) and the jealous court composer (F.Murray Abraham) who may have ruined Mozart's career and shortened his life.,https://www.metacritic.com/movie/amadeus/,true,true
87,amazing-grace-1972,Amazing Grace,2018,94,81,41,"A documentary presenting Aretha Franklin with choir at the New Bethel Baptist Church in Watts, Los Angeles in January 1972.",https://www.metacritic.com/movie/amazing-grace-1972/,true,false
88,amelie,Amélie,2001,70,83,488,"Amélie, a young waitress in a tiny Parisian café, discovers an old box of childhood treasures hidden beneath her apartment floorboards which leads her on an odyssey to transform the lives of her neighbors, and perhaps even her own.",https://www.metacritic.com/movie/amelie/,false,true
89,american-beauty,American Beauty,1999,84,87,867,"Provoked by forbidden passions, Lester Burnham (Spacey) decides to make a few changes in his rut of a life, changes that are less midlife crisis than adolescence reborn. The freer he gets, the happier he gets, which is even more maddening to his wife, Carolyn (Bening), and daughter Jane (Birch) --especially when he turns his lustful gaze toward Jane's friend, the sultry Angela (Suvari).  (Dreamworks SKG)",https://www.metacritic.com/movie/american-beauty/,false,true
90,american-doctor,American Doctor,2026,86,93,7,"When three American doctors — Palestinian, Jewish, and Zoroastrian — enter Gaza to save lives, they find themselves caught between medicine and politics, risking everything to expose the truth.",https://www.metacritic.com/movie/american-doctor/,true,false
91,american-factory,American Factory,2019,86,77,65,"In post-industrial Ohio, a Chinese billionaire opens a new factory in the husk of an abandoned General Motors plant, hiring two thousand blue-collar Americans. Early days of hope and optimism give way to setbacks as high-tech China clashes with working-class America.",https://www.metacritic.com/movie/american-factory/,true,false
92,american-gangster,American Gangster,2007,76,78,350,"Nobody used to notice Frank Lucas, the quiet driver for one of the inner city's leading black crime bosses. But when his boss suddenly dies, Frank exploits the opening in the power structure to build his own empire and create his own version of the American Dream. Through ingenuity and a strict business ethic, he comes to rule the inner-city drug trade and floods the streets with a purer product at a better price. Lucas outplays all of the leading crime syndicates and becomes not only one of the city's mainline corrupters, but part of its circle of legit civic superstars. Richie Roberts is an outcast cop close enough to the streets to feel a shift of control in the drug underworld. Roberts believes someone is climbing the rungs above the known Mafia families and starts to suspect that a black power player has come from nowhere to dominate the scene. Both Lucas and Roberts share a rigorous ethical code that sets them apart from their own colleagues, which makes them lone figures on opposite sides of the law. The destinies of these two men will become intertwined as they approach a confrontation in which only one of them can come out on top. [Universal]",https://www.metacritic.com/movie/american-gangster/,false,true
93,american-graffiti,American Graffiti,1973,97,75,156,A couple of high school grads spend one final night cruising the strip with their buddies before they go off to college.,https://www.metacritic.com/movie/american-graffiti/,true,true
94,american-history-x,American History X,1998,62,83,587,A groundbreaking controversial drama about the tragic consequences of racism in a family.  (New Line Cinema),https://www.metacritic.com/movie/american-history-x/,false,true
95,american-hustle,American Hustle,2013,90,74,1401,"A fictional film set in the alluring world of one of the most stunning scandals to rock our nation, American Hustle tells the story of con man Irving Rosenfeld (Christian Bale), who along with his equally cunning and seductive partner Sydney Prosser (Amy Adams) is forced to work for a wild FBI agent Richie DiMaso (Bradley Cooper). DiMaso pushes them into a world of Jersey powerbrokers and mafia that's as dangerous as it is enchanting. Caught between the con-artists and Feds is Carmine Polito (Jeremy Renner), the passionate, volatile, New Jersey political operator, but it's Irving's unpredictable wife Rosalyn (Jennifer Lawrence) who could be the one to pull the thread that brings the entire world crashing down. [Sony Pictures]",https://www.metacritic.com/movie/american-hustle/,true,false
96,american-psycho,American Psycho,2000,64,78,881,"Based on the novel by Bret Easton Ellis and featuring the sounds of Huey Lewis and other classic early 80s gems, this satire set in 1980s Manhattan follows the dual life of Patrick Bateman (Bale), zealously materialistic and misogynisitc Wall Street executive by day, murdering sociopath by night.",https://www.metacritic.com/movie/american-psycho/,false,true
97,american-splendor,American Splendor,2003,90,74,73,"The true saga of a working-class Everyman who pursues self-expression without self-censorship -- and finds a grateful audience, critical admiration, and that most remarkable of happy endings, a loving family.  (Fine Line Features)",https://www.metacritic.com/movie/american-splendor/,true,false
98,amores-perros,Amores Perros,2001,83,84,212,"As three lives from disparate parts of Mexico City converge in a fatal car crash, their fractured stories unfold – revealing they are more connected than they seem.",https://www.metacritic.com/movie/amores-perros/,false,true
99,amour,Amour,2012,95,81,382,"Georges and Anne are in their eighties. They are cultivated, retired music teachers. Their daughter, who is also a musician, lives abroad with her family. One day, Anne has an attack. The couple's bond of love is severely tested. [Sony Pictures Classics]",https://www.metacritic.com/movie/amour/,true,false
100,amy-2015,Amy,2015,85,80,171,"Amy tells the story of six-time Grammy-winner Amy Winehouse – in her own words. A once-in-a-generation talent, Amy Winehouse was a musician that captured the world’s attention. A pure jazz artist in the most authentic sense – she wrote and sung from the heart using her musical gifts to analyze her own problems. The combination of her raw honesty and supreme talent resulted in some of the most unique and adored songs of the modern era. Her huge success, however, resulted in relentless and invasive media attention which coupled with Amy’s troubled relationships and precarious lifestyle saw her life tragically begin to unravel. Amy Winehouse died from alcohol poisoning in July 2011 at the age of 27. [A24]",https://www.metacritic.com/movie/amy-2015/,true,false
101,an-autumn-afternoon,An Autumn Afternoon,1964,91,81,14,An aging widower arranges a marriage for his only daughter.,https://www.metacritic.com/movie/an-autumn-afternoon/,true,false
102,an-education,An Education,2009,85,76,175,"In the post-war, pre-Beatles London suburbs, a bright schoolgirl is torn between studying for a place at Oxford and the more exciting alternative offered to her by a
charismatic older man. (Sony Pictures Classics)",https://www.metacritic.com/movie/an-education/,true,true
103,an-elephant-sitting-still,An Elephant Sitting Still,2019,86,80,21,"Under the gloomy sky of a small town in northern China, different protagonists’ lives are intertwined in this furious tale of nihilistic rage. While protecting his friend from a dangerous school bully, 16-year-old Wei Bu pushes the tormentor down a staircase. Wei escapes the scene and later learns that the bully is hospitalized and gravely injured. Wei’s neighbor, the 60-year-old Wang Jin, is estranged from his family and, with nothing to lose, decides to join him. Later the pair is joined by Huang Ling, Wei’s classmate. She is bedeviled by a destructive affair with a married school official. Together, this unlikely and desperate trio, decide their only hope is to flee as the bully’s gangster brother, enraged parents and vindictive school authorities all go on a cold-blooded hunt for Wei across town. As Wei threads his way through the urban wilderness, he begins to come to terms with his own lost life. In the end, he boards a long-distance bus with Huang and Wang toward a city in Manchuria, where it is rumored that a circus elephant is said to be sitting still, seeming oblivious to the pain and tribulations of the world at large.",https://www.metacritic.com/movie/an-elephant-sitting-still/,true,false
104,anatomy-of-a-fall,Anatomy of a Fall,2023,86,79,308,"For the past year, Sandra (Sandra Hüller), her husband Samuel, and their eleven-year-old son Daniel have lived a secluded life in a remote town in the French Alps. When Samuel is found dead in the snow below their chalet, the police question whether he was murdered or committed suicide. Samuel's suspicious death is presumed murder, and Sandra becomes the main suspect. What follows is not just an investigation into the circumstances of Samuel's death but an unsettling psychological journey into the depths of Sandra and Samuel's conflicted relationship.",https://www.metacritic.com/movie/anatomy-of-a-fall/,true,false
105,anatomy-of-a-murder,Anatomy of a Murder,1959,95,83,63,"In a murder trial, the defendant says he suffered temporary insanity after the victim raped his wife. What is the truth, and will he win his case?",https://www.metacritic.com/movie/anatomy-of-a-murder/,true,false
106,andy-warhol-a-documentary-film,Andy Warhol: A Documentary Film,2006,86,86,5,"Ric Burns's 4-hour, epic Andy Warhol: A Documentary Film, is a portrait of one of the 20th century's most influential, controversial, and paradoxically mystifying artists.  (FilmForum)",https://www.metacritic.com/movie/andy-warhol-a-documentary-film/,true,false
107,animal-kingdom,Animal Kingdom,2010,83,78,148,Tells the story of seventeen year-old J (Josh) as he navigates his survival amongst an explosive criminal family and the detective who thinks he can save him.,https://www.metacritic.com/movie/animal-kingdom/,false,true
108,annie-hall-1977,Annie Hall,1977,92,72,267,"Woody Allen portrays a neurotic, highly insecure and indecisive comedy writer who falls head over heels in love with a naive small-town girl who aspires to be a singer. The opening rounds of their relationship involve every romantic cliche. And despite having moved in together, his insecurities get the best of him as he interprets her every move as rejection. While her self-confidence grows, his progressively fades. Can this oddball romance survive?",https://www.metacritic.com/movie/annie-hall-1977/,true,false
109,anomalisa,Anomalisa,2015,88,75,345,"Michael Stone, an author of books on the subject of customer service, struggles to connect with people. One night, while on a routine business trip, he meets Lisa, a stranger with a unique voice.",https://www.metacritic.com/movie/anomalisa/,true,false
110,anora,Anora,2024,91,65,841,"Anora, a young sex worker from Brooklyn, gets her chance at a Cinderella story when she meets and impulsively marries the son of an oligarch. Once the news reaches Russia, her fairytale is threatened as the parents set out for New York to get the marriage annulled.",https://www.metacritic.com/movie/anora/,true,false
111,another-year,Another Year,2010,81,75,78,"In the Spring, happily married Gerri, a medical counselor, and Tom, a geologist, tend their allotment. They entertain Gerri's lonely work colleague Mary, and their community lawyer son Joe, throughout the year. [Sony Classics]",https://www.metacritic.com/movie/another-year/,false,true
112,apocalypse-now,Apocalypse Now,1979,94,87,845,"During the Vietnam War, Captain Willard is sent on a dangerous mission into Cambodia to assassinate a renegade colonel who has set himself up as a god among a local tribe.",https://www.metacritic.com/movie/apocalypse-now/,true,true
113,apocalypse-now-final-cut,Apocalypse Now: Final Cut,2019,92,86,65,"Francis Ford Coppola's masterful 1979 Vietnam War epic was previously expanded in 2001 into Apocalypse Now Redux by adding back 49 minutes of excised footage. This 2019 version of the film clocks in midway between the two prior releases by including just some of that added footage. In addition, the entire film has been remastered in 4K.",https://www.metacritic.com/movie/apocalypse-now-final-cut/,true,false
114,apocalypse-now-redux,Apocalypse Now Redux,2001,92,86,92,"During the Vietnam War, Captain Willard is sent on a dangerous mission into Cambodia to assassinate a renegade colonel who has set himself up as a god among a local tribe.",https://www.metacritic.com/movie/apocalypse-now-redux/,true,true
115,apocalypto,Apocalypto,2006,68,80,313,A heart stopping mythic action-adventure set against the turbulent end times of the once great Mayan civilization.  (Touchstone),https://www.metacritic.com/movie/apocalypto/,false,true
116,apollo-11,Apollo 11,2019,88,81,113,"From director Todd Douglas Miller (Dinosaur 13) comes a cinematic event fifty years in the making. Crafted from a newly discovered trove of 65mm footage, and more than 11,000 hours of uncatalogued audio recordings, Apollo 11 takes us straight to the heart of NASA’s most celebrated mission—the one that first put men on the moon, and forever made Neil Armstrong and Buzz Aldrin into household names. Immersed in the perspectives of the astronauts, the team in Mission Control, and the millions of spectators on the ground, we vividly experience those momentous days and hours in 1969 when humankind took a giant leap into the future.",https://www.metacritic.com/movie/apollo-11/,true,false
117,apollo-13,Apollo 13,1995,78,81,290,"Stranded 205,000 miles from Earth in a crippled spacecraft, astronauts Jim Lovell (Hanks), Fred Haise (Paxton) and Jack Swigert (Bacon) fight a desperate battle to survive. Meanwhile, at Mission Control, astronaut Ken Mattingle (Sinise), flight director Gene Kranz (Harris) and a heroic ground crew race against time -- and the odds -- to bring them home. [Universal]",https://www.metacritic.com/movie/apollo-13/,false,true
118,april,April,2025,86,62,13,"Nina, an OB-GYN, faces accusations after a newborn's death. Her life undergoes scrutiny during investigation. She persists in her medical duties, determined to provide care others hesitate to offer, despite risks.",https://www.metacritic.com/movie/april/,true,false
119,april-and-the-extraordinary-world,April and the Extraordinary World,2016,85,75,55,"Paris, 1941. A family of scientists is on the brink of discovering a powerful longevity serum when all of a sudden a mysterious force abducts them, leaving their young daughter April behind. Ten years later, April (voiced by Marion Cotillard) lives alone with her dear cat, Darwin, and carries on her family’s research in secret. But she soon finds herself at the center of a shadowy and far-reaching conspiracy, and on the run from government agents, bicycle-powered dirigibles and cyborg rat spies. Undaunted, she continues her quest to find her parents and discover the truth behind their disappearance. [Gkids]",https://www.metacritic.com/movie/april-and-the-extraordinary-world/,true,false
120,aquarius,Aquarius,2016,88,86,112,"Clara (Sonia Braga), a 65 year old widow and retired music critic, was born into a wealthy and traditional family in Recife, Brazil. She is the last resident of the Aquarius, an original two-story building, built in the 1940s, in the upper-class, seaside Avenida Boa Viagem, Recife. All the neighboring apartments have already been acquired by a company which has other plans for that plot. Clara has pledged to only leave her place upon her death, and will engage in a cold war of sorts with the company. This tension both disturbs Clara and gives her that edge on her daily routine. It also gets her thinking about her loved ones, her past and her future.",https://www.metacritic.com/movie/aquarius/,true,false
121,argo,Argo,2012,86,77,1150,"Based on true events, “Argo” chronicles the life-or-death covert operation to rescue six Americans, which unfolded behind the scenes of the Iran hostage crisis—the truth of which was unknown by the public for decades. On November 4, 1979, as the Iranian revolution reaches its boiling point, militants storm the U.S. embassy in Tehran, taking 52 Americans hostage. But, in the midst of the chaos, six Americans manage to slip away and find refuge in the home of the Canadian ambassador. Knowing it is only a matter of time before the six are found out and likely killed, a CIA “exfiltration” specialist named Tony Mendez comes up with a risky plan to get them safely out of the country. A plan so incredible, it could only happen in the movies. (Warner Bros.)",https://www.metacritic.com/movie/argo/,true,false
122,army-of-darkness,Army of Darkness,1993,59,79,286,"Bruce Campbell stars as Ash, a hapless housewares clerk time-warped back to the Dark Ages by the demonic power of the Necronomicon. Now armed with only a '73 Oldsmobile, his trusty chainsaw and a 12-gauge double-barreled S-Mart shotgun, our knuckleheaded hero must battle vicious she-bitches, a diabolical Evil Ash and the relentless hordes of the medieval dead in the most outrageously spectacular horror comedy every made. (Anchor Bay Entertainment)",https://www.metacritic.com/movie/army-of-darkness/,false,true
123,army-of-shadows,Army of Shadows,2006,99,74,100,"Making its U.S. debut, Jean-Pierre Melville's 1969 Army of Shadows is an intimate epic of the French Resistance in WWII.",https://www.metacritic.com/movie/army-of-shadows/,true,false
124,arthur-christmas,Arthur Christmas,2011,69,75,163,"Set on Christmas night, the story of Arthur Christmas at last reveals the incredible, never-before seen answer to every child's question: 'So how does Santa deliver all those presents in one night?' The answer: Santa's exhilarating, ultra-high-tech operation hidden beneath the North Pole. But at the heart of the film is a story with the ingredients of a Christmas classic – a family in a state of comic dysfunction and an unlikely hero, Arthur, with an urgent mission that must be completed before Christmas morning dawns. (Sony Pictures)",https://www.metacritic.com/movie/arthur-christmas/,false,true
125,as-good-as-it-gets,As Good as It Gets,1997,67,75,212,"An unusual friendship develops between three people in New York City: a single mother working as a waitress (Hunt), a writer with obsessive-compulsive disorder (Nicholson), and his neighbor, a gay artist (Kinnear).",https://www.metacritic.com/movie/as-good-as-it-gets/,false,true
126,ash-is-purest-white,Ash Is Purest White,2019,85,71,47,"Qiao (Zhao Tao) is in love with Bin, a local mobster. During a fight between rival gangs, she fires a gun to protect him. Qiao gets five years in prison for this act of loyalty. Upon her release, she goes looking for Bin to pick up where they left off.",https://www.metacritic.com/movie/ash-is-purest-white/,true,false
127,assault-on-precinct-13-1976,Assault on Precinct 13,1976,89,75,72,The lone inhabitants of an abandoned police station are under attack by the overwhelming numbers of a seemingly unstoppable street gang.,https://www.metacritic.com/movie/assault-on-precinct-13-1976/,true,false
128,atanarjuat-the-fast-runner,Atanarjuat: The Fast Runner,2002,91,83,21,"Evil in the form of an unknown shaman divides a small community of nomadic Inuit, upsetting its balance and spirit.  Twenty years pass. Two brothers emerge to challenge the evil order: Amaqjuaq, the Strong One, and Atanarjuat, the Fast Runner. [Lot 47 Films]",https://www.metacritic.com/movie/atanarjuat-the-fast-runner/,true,false
129,athlete-a,Athlete A,2020,85,69,44,"In Athlete A, filmmakers Bonni Cohen and Jon Shenk delve into the unchecked abuse inside the world of elite competitive gymnastics. Equal parts devastating and inspiring, the film follows the IndyStar reporters as they reveal the extensive cover-up and culture of cruelty that was allowed to thrive within elite gymnastics, the attorney fighting the institutions, and most importantly, the brave whistle-blowers who refuse to be silenced. [Netflix]",https://www.metacritic.com/movie/athlete-a/,true,false
130,atlantics,Atlantics,2019,85,69,56,"In a popular suburb of Dakar, workers on the construction site of a futuristic tower, without pay for months, decide to leave the country by the ocean for a better future. Among them is Suleiman, the lover of Ada, promised to another.",https://www.metacritic.com/movie/atlantics/,true,false
131,atlantis,Atlantis,2021,85,68,10,"Eastern Ukraine, 2025. A desert unsuitable for human habitation. Water is a dear commodity brought by trucks. A Wall is being build-up on the border. Sergiy, a former soldier, is having trouble adapting to his new reality. He meets Katya while on the Black Tulip mission dedicated to exhuming the past. Together, they try to return to some sort of normal life in which they are also allowed to fall in love again.",https://www.metacritic.com/movie/atlantis/,true,false
132,atonement,Atonement,2007,85,79,307,"Atonement spans several decades. In 1935, 13-year-old fledgling writer Briony Tallis and her family live a life of wealth and privilege in their enormous mansion. On the warmest day of the year, the country estate takes on an unsettling hothouse atmosphere, stoking Briony's vivid imagination. Robbie Turner, the educated son of the family's housekeeper, carries a torch for Briony's headstrong older sister, Cecilia. Cecilia, he hopes, has comparable feelings; all it will take is one spark for this relationship to combust. When it does, Briony--who has a crush on Robbie--is compelled to interfere, going so far as to accuse Robbie of a crime he did not commit. Cecilia and Robbie declare their love for each other, but Robbie is arrested--and with Briony bearing false witness, the course of three lives is changed forever. Briony continues to seek forgiveness for her childhood misdeed. Through a terrible and courageous act of imagination, she finds the path to her uncertain atonement and to an understanding of the power of enduring love. (Focus Features)",https://www.metacritic.com/movie/atonement/,true,true
133,attica,Attica,2021,87,63,9,"Survivors, observers, and expert government officials recount the 1971 uprising at the Attica Correctional Facility. The violent five-day standoff between mostly Black and Latino inmates and law enforcement gripped America then, and highlights the urgent, ongoing need for reform 50 years later.",https://www.metacritic.com/movie/attica/,true,false
134,au-hasard-balthazar,Au hasard Balthazar,1966,98,72,136,Robert Bresson's 1966 film focuses on the story of the donkey Balthazar and the people around him.,https://www.metacritic.com/movie/au-hasard-balthazar/,true,false
135,au-revoir-les-enfants,Au Revoir les Enfants,1988,88,83,16,"A French boarding school run by priests seems to be a haven from World War II until a new student arrives. He becomes the roommate of the top student in his class. Rivals at first, the roommates form a bond and share a secret.",https://www.metacritic.com/movie/au-revoir-les-enfants/,true,false
136,awakenings,Awakenings,1990,74,81,145,"By opening one man's eyes to the world... he opened his own.  A true story of a maverick doctor and the patients whose lives he changes. Dr. Malcolm Sayer, a shy research physician who uses an experimental drug to ""awaken"" the catatonic victims of a rare disease beginning with Leonard, the first patient to receive the controversial treatment. His awakening, filled with awe and enthusiasm, proves a rebirth for Sayer too, as the exuberant patient reveals life's simple but unutterably sweet pleasures to the introverted doctor. Encouraged by Leonard's stunning recovery, Sayer administers the drug to the other patients. The story of their friendship during this emotional journey is a testament to both the tenderness of the human heart and the strength of the human soul. (Sony Pictures)",https://www.metacritic.com/movie/awakenings/,false,true
137,away-from-her,Away from Her,2007,88,78,42,"This beautiful yet unconventional story of a couple coming to grips with the onset of memory loss is adapted from celebrated author Alice Munro's short story ""The Bear Came Over the Mountain.""  (Lionsgate)",https://www.metacritic.com/movie/away-from-her/,true,false
138,azor,Azor,2021,88,64,14,"Yvan De Wiel, a private banker from Geneva, goes to Argentina in the midst of a dictatorship to replace his partner, the object of the most worrying rumours, who disappeared overnight.",https://www.metacritic.com/movie/azor/,true,false
139,babe,Babe,1995,83,75,151,A comic live-action fable about not fitting in and the lengths to which an ordinary pig will go to find acceptance.,https://www.metacritic.com/movie/babe/,false,true
140,babel,Babel,2006,69,75,306,"In the remote sands of the Moroccan desert, a rifle shot rings out -- detonating a chain of events that will link an American tourist couple's frantic struggle to survive, two Moroccan boys involved in an accidental crime, a nanny illegally crossing into Mexico with two American children and a Japanese teen rebel whose father is sought by the police in Tokyo.  (Paramount Vantage)",https://www.metacritic.com/movie/babel/,false,true
141,baby-driver,Baby Driver,2017,86,78,1573,"A talented, young getaway driver (Ansel Elgort) relies on the beat of his personal soundtrack to be the best in the game. When he meets the girl of his dreams (Lily James), Baby sees a chance to ditch his criminal life and make a clean getaway. But after being coerced into working for a crime boss (Kevin Spacey), he must face the music when a doomed heist threatens his life, love and freedom.",https://www.metacritic.com/movie/baby-driver/,true,false
142,back-to-the-future,Back to the Future,1985,88,90,1222,"Marty McFly goes back in time, in a DeLorean invented by his friend, Dr. Emmett Brown, and must make sure his high-school-age parents get together, so he doesn't cease to exist.",https://www.metacritic.com/movie/back-to-the-future/,true,true
143,back-to-the-future-part-ii,Back to the Future Part II,1989,57,82,604,"After visiting 2015, Marty McFly must return to 1955 to prevent disastrous changes to his life in 1985.",https://www.metacritic.com/movie/back-to-the-future-part-ii/,false,true
144,back-to-the-future-part-iii,Back to the Future Part III,1990,55,79,506,"Marty McFly travels to 1885 to save his good friend, Doc Brown.",https://www.metacritic.com/movie/back-to-the-future-part-iii/,false,true
145,bad-education,Bad Education,2004,81,76,67,"In the early 60s, two boys - Ignacio and Enrique - discover love, movies and fear in a Christian school. Father Manolo, the school principal and Literature teacher, both witnesses and takes part in these discoveries. The three characters come against one another twice again, in the late 70s and in 1980. These meetings are set to change the life and death of some of them.  (Club Cultura)",https://www.metacritic.com/movie/bad-education/,false,true
146,badlands,Badlands,1973,94,78,157,"Loosely based on the Starkweather-Fugate killing spree of 1958, Terrence Malick's debut features follows outlaws Kit and Holly from Fort Dupre, South Dakota to the badlands of Montana.",https://www.metacritic.com/movie/badlands/,true,true
147,bambi,Bambi,1942,91,75,200,The story of a young deer growing up in the forest.,https://www.metacritic.com/movie/bambi/,true,false
148,band-of-outsiders-re-release,Band of Outsiders,1966,93,75,36,Two restless young men (Sami Frey and Claude Brasseur) enlist the object of both of their fancies (Anna Karina) to help them commit a robbery—in her own home.,https://www.metacritic.com/movie/band-of-outsiders-re-release/,true,false
149,barbara,Barbara,2012,86,71,52,"A doctor in 1960s East Germany makes the mistake of applying for an exit visa and is, as a result, banished to a small hospital in the hinterlands.",https://www.metacritic.com/movie/barbara/,true,false
150,barry-lyndon,Barry Lyndon,1975,89,85,179,An Irish rogue wins the heart of a rich widow and assumes her dead husband's aristocratic position in 18th-century England.,https://www.metacritic.com/movie/barry-lyndon/,true,true
151,barton-fink,Barton Fink,1991,69,79,139,The Coen brothers' apocalyptic masterpiece about the creative process.,https://www.metacritic.com/movie/barton-fink/,false,true
152,batman,Batman,1989,69,78,817,Tim Burton's 1989 Blockbuster introduces us to the origins of Gotham City's fearless crimestopper Batman (Keaton) and his arch-enemy The Joker (Nicholson).,https://www.metacritic.com/movie/batman/,false,true
153,batman-mask-of-the-phantasm,Batman: Mask of the Phantasm,1993,65,82,69,Batman is wrongly implicated in a series of murders of mob bosses actually done by a new vigilante assassin.,https://www.metacritic.com/movie/batman-mask-of-the-phantasm/,false,true
154,batman-returns,Batman Returns,1992,68,77,522,"In the second of the blockbuster Batman films, the legendary hero does battle against the mysterious Cat Woman and the diabolical Penguin. Gotham City faces two monstrous criminal menaces: the bizarre, sinister Penguin (Danny DeVito) and the slinky, mysterious Catwoman (Michelle Pfeiffer). Can Batman (Michael Keaton) battle two formidable foes at once? Especially when one wants to be mayor and the other is romantically attracted to Bruce Wayne? [Warner Bros.]",https://www.metacritic.com/movie/batman-returns/,false,true
155,battleship-potemkin,Battleship Potemkin,1926,97,81,75,"In the midst of the Russian Revolution of 1905, the crew of the battleship Potemkin mutiny against the brutal, tyrannical regime of the vessel's officers. The resulting street demonstration in Odessa brings on a police massacre.",https://www.metacritic.com/movie/battleship-potemkin/,true,true
156,beasts-of-the-southern-wild,Beasts of the Southern Wild,2012,86,75,344,"In a forgotten but defiant bayou community cut off from the rest of the world by a sprawling levee, a six-year-old girl exists on the brink of orphanhood. Buoyed by her childish optimism and extraordinary imagination, she believes that the natural world is in balance with the universe until a fierce storm changes her reality. Desperate to repair the structure of her world in order to save her ailing father and sinking home, this tiny hero must learn to survive unstoppable catastrophes of epic proportions. (Fox Searchlight Pictures)",https://www.metacritic.com/movie/beasts-of-the-southern-wild/,true,false
157,beau-travail,Beau Travail,2000,91,75,48,"The soldiers of a small French Foreign Legion outpost spend their days practicing  drills and exercising.  Sergeant Galoup seems to be the perfect Legionnaire: a brooding, young loner who runs his troop efficiently until Sentain, a new recruit, arrives and threatens to upset the balance of his world.",https://www.metacritic.com/movie/beau-travail/,true,false
158,beauty-and-the-beast-1991,Beauty and the Beast,1991,95,84,532,"This 'tale as old as time' follows the adventures of Belle, a bright young woman who finds herself imprisoned in a castle of a mysterious beast. With the assistance of the castle's enchanted staff, a delightful and tender romance develops between these two unlikely friends and Belle soon learns the most important lesson of all - that true beauty comes from within.",https://www.metacritic.com/movie/beauty-and-the-beast-1991/,true,false
159,beauty-and-the-beast-re-release,Beauty and the Beast (re-release),2002,92,75,47,"Jean Cocteau's 1946 classic, newly restored to its original glorious black and white splendor.  (Film Forum)",https://www.metacritic.com/movie/beauty-and-the-beast-re-release/,true,false
160,beetlejuice,Beetlejuice,1988,71,78,427,"What's a couple of stay-at-home ghosts to do when their beloved home is taken over by trendy yuppies? They call on Beetlejuice (Michael Keaton), the afterlife's freelance bio-exorcist to scare off the family – and everyone gets more than she, he or it bargains for! [Warner Bros]",https://www.metacritic.com/movie/beetlejuice/,false,true
161,before-midnight,Before Midnight,2013,94,83,636,"In this follow-up to Before Sunrise and Before Sunset, we meet Jesse and Celine nine years later in Greece. Almost two decades have passed since their first meeting on that train bound for Vienna.",https://www.metacritic.com/movie/before-midnight/,true,false
162,before-night-falls,Before Night Falls,2000,85,69,31,A richly imagined joumey into the life and writings of the brilliant Cuban author and exile Reinaldo Arenas.  [Fine Line Features],https://www.metacritic.com/movie/before-night-falls/,true,false
163,before-sunrise,Before Sunrise,1995,79,87,370,A romantic look at the relationship between an American traveler and a French grad student who decide to spend a day together in Vienna.,https://www.metacritic.com/movie/before-sunrise/,false,true
164,before-sunset,Before Sunset,2004,91,87,402,The timeless romantic story of two questing hearts and minds whose powerful bond defies time and place.  [Warner Independent Pictures],https://www.metacritic.com/movie/before-sunset/,true,true
165,before-the-devil-knows-youre-dead,Before the Devil Knows You're Dead,2007,86,75,131,"Andy, an overextended broker, lures his younger brother--Hank--into a larcenous scheme: the pair will rob a suburban mom-and-pop jewelry store that appears to be the quintessential easy target. The problem is, the store owners are Andy and Hank's actual mom and pop--and--when the seemingly perfect crime goes awry, the damage lands right at their doorstep. (THINKFilm)",https://www.metacritic.com/movie/before-the-devil-knows-youre-dead/,true,true
166,behemoth,Behemoth,2017,85,58,79,"Beginning with a mining explosion in Mongolia and ending in a ghost city west of Beijing, political documentarian Zhao Liang’s visionary new film Behemoth details, in one breathtaking sequence after another, the social and ecological devastation behind an economic miracle that may yet prove illusory. [Grasshopper Films]",https://www.metacritic.com/movie/behemoth/,true,false
167,being-john-malkovich,Being John Malkovich,1999,90,83,400,An out-of-work puppeteer takes a filing clerk job on the cramped 7 ½ floor of an office building where he discovers a hidden tunnel allowing him to enter the mind and life of actor John Malkovich for 15 mintues before being ejected onto the New Jersey Turnpike.,https://www.metacritic.com/movie/being-john-malkovich/,true,true
168,ben-hur-1959,Ben-Hur,1959,90,86,170,"When a Jewish prince is betrayed and sent into slavery by a Roman friend, he regains his freedom and comes back for revenge.",https://www.metacritic.com/movie/ben-hur-1959/,true,false
169,beverly-hills-cop,Beverly Hills Cop,1984,66,77,165,"Axel Foley, a freewheeling Detroit cop investigating the murder of his friend, finds himself dealing with the very different culture of Beverly Hills.",https://www.metacritic.com/movie/beverly-hills-cop/,false,true
170,bicentennial-man,Bicentennial Man,1999,42,75,133,"Follows the life and times of Andrew (Williams), a robot purchased by the Martin family as a household appliance programmed to perform menial tasks. As Andrew begins to experience emotions and creative thought, the Martins soon discover they don't have an ordinary robot.  (Touchstone Pictures)",https://www.metacritic.com/movie/bicentennial-man/,false,true
171,big-fish,Big Fish,2003,58,81,321,Director Tim Burton brings his inimitable imagination on a heartwarming journey that delves deep into a fabled relationship between a father and his son. [Sony Pictures],https://www.metacritic.com/movie/big-fish/,false,true
172,big-men,Big Men,2014,90,75,11,Big Men looks at the corruption in the oil industries of Ghana and Nigeria.,https://www.metacritic.com/movie/big-men/,true,false
173,billy-elliot,Billy Elliot,2000,74,78,122,"The life of 11-year old Billy Elliot (Bell), a coal miner's son in Northern England, is forever changed one day when he stumbles upon a ballet class during his weekly boxing lesson.  (Universal Focus)",https://www.metacritic.com/movie/billy-elliot/,false,true
174,birdman-or-the-unexpected-virtue-of-ignorance,Birdman or (The Unexpected Virtue of Ignorance),2014,87,80,1809,"An actor (Michael Keaton)—famous for portraying an iconic superhero—struggles to mount a Broadway play. In the days leading up to opening night, he battles his ego and attempts to recover his family, his career, and himself.",https://www.metacritic.com/movie/birdman-or-the-unexpected-virtue-of-ignorance/,true,false
175,birds-of-passage,Birds of Passage,2019,85,78,52,"From the Oscar®-nominated team behind the genre-defying Embrace of the Serpent, comes an equally audacious saga centered on the Wayúu indigenous people during a crucial period in recent Colombian history. Torn between his desire to become a powerful man and his duty to uphold his culture’s values, Rapayet (José Acosta) enters the drug trafficking business in the 1970s and finds quick success despite his tribe’s matriarch Ursula’s (Carmiña Martínez) disapproval. Ignoring ancient omens, Rapayet and his family get caught up in a conflict where honor is the highest currency and debts are paid with blood. A sprawling epic about the erosion of tradition in pursuit of material wealth, Birds of Passage is a visually striking exploration of loyalty, greed, and the voracious nature of change. [The Orchard]",https://www.metacritic.com/movie/birds-of-passage/,true,false
176,bisbee-17,Bisbee '17,2018,87,53,9,An old mining town on the Arizona-Mexico border finally reckons with its darkest day: the deportation of 1200 immigrant miners exactly 100 years ago. Locals collaborate to stage recreations of their controversial past.,https://www.metacritic.com/movie/bisbee-17/,true,false
177,black-bag,Black Bag,2025,85,69,286,"Black Bag is a gripping spy drama about legendary intelligence agents George Woodhouse (Michael Fassbender) and his beloved wife Kathryn (Cate Blanchett). When she is suspected of betraying the nation, George faces the ultimate test – loyalty to his marriage or his country.",https://www.metacritic.com/movie/black-bag/,true,false
178,black-hawk-down,Black Hawk Down,2001,74,79,375,Director Ridley Scott's adaptation of the true war story of the attack on a group of U.S. special forces sent into Somalia in 1993 to destabilize the government and bring food and humanitarian aid to the starving population.,https://www.metacritic.com/movie/black-hawk-down/,false,true
179,black-mother,Black Mother,2019,86,43,8,"Part film, part baptism, in Black Mother director Khalik Allah brings us on a spiritual journey through Jamaica. Soaking up its bustling metropolises and tranquil countryside, Allah introduces us to a succession of vividly rendered souls who call this island home. Their candid testimonies create a polyphonic symphony, set against a visual prayer of indelible portraiture. Thoroughly immersed between the sacred and profane, Black Mother channels rebellion and reverence into a deeply personal ode informed by Jamaica’s turbulent history but existing in the urgent present. [Grasshopper Film]",https://www.metacritic.com/movie/black-mother/,true,false
180,black-narcissus,Black Narcissus,1947,86,73,23,"A group of nuns struggle to establish a convent in the Himalayas, while isolation, extreme weather, altitude, and culture clashes all conspire to drive the well-intentioned missionaries mad.",https://www.metacritic.com/movie/black-narcissus/,true,false
181,black-panther,Black Panther,2018,88,63,3820,"After the events of Captain America: Civil War, King T’Challa returns home to the reclusive, technologically advanced African nation of Wakanda to serve as his country’s new leader. However, T’Challa soon finds that he is challenged for the throne from factions within his own country. When two foes conspire to destroy Wakanda, the hero known as Black Panther must team up with C.I.A. agent Everett K. Ross and members of the Dora Milaje, Wakanadan special forces, to prevent Wakanda from being dragged into a world war.",https://www.metacritic.com/movie/black-panther/,true,false
182,black-swan,Black Swan,2010,79,81,1367,"Black Swan is a psychological thriller set in the world of New York City ballet. Featured dancer, Nina, finds herself locked in a web of competitive intrigue with a new rival at the company. (Fox Searchlight)",https://www.metacritic.com/movie/black-swan/,false,true
183,blast-from-the-past,Blast from the Past,1999,50,76,64,"A romantic comedy about the fallout of falling in love. At its center are two children of the Nuclear Age -- one a savvy, cynical, modern L.A. woman; the other an innocent, naïve young man cocooned since 1962 in a bomb shelter.  (New Line)",https://www.metacritic.com/movie/blast-from-the-past/,false,true
184,blknws-terms-conditions,BLKNWS: Terms & Conditions,2025,92,48,6,"Preeminent West African curator and scholar Funmilayo Akechukwu’s magnum opus, The Resonance Field, leads her to the heart of the Atlantic Ocean, drawing a journalist into a journey that shatters her understanding of consciousness and time.",https://www.metacritic.com/movie/blknws-terms-conditions/,true,false
185,blood-simple,Blood Simple,1985,84,77,144,"Deep in the heart of Texas, a sleazy bar owner suspects his wife of having an affair and hires a private detective to confirm his suspicions—only to have the crosshairs turned back on himself. [Janus Films]",https://www.metacritic.com/movie/blood-simple/,false,true
186,bloody-sunday,Bloody Sunday,2002,90,76,40,"This controversial and critically acclaimed film depicts the events of January 30, 1972, when 27 civilians were shot by the British army during a peaceful civil rights march.  The event fueled a 25-year cycle of violence between Britain and elements of Ireland, North and South.  (Paramount Classics)",https://www.metacritic.com/movie/bloody-sunday/,true,false
187,blow-out,Blow Out,1981,86,79,84,A movie sound recordist (John Travolta) accidentally records the evidence that proves that a car accident was actually an intentional killing and consequently finds himself in jeopardy.,https://www.metacritic.com/movie/blow-out/,true,false
188,blue-heron,Blue Heron,2026,92,73,32,"In the late 1990s, eight-year-old Sasha and her family relocate to a new home on Vancouver Island, but their fresh start is interrupted by increasingly dangerous behavior from the eldest son, Jeremy. At wit’s end, their parents are presented with a shattering choice.",https://www.metacritic.com/movie/blue-heron/,true,false
189,blue-is-the-warmest-color,Blue Is the Warmest Color,2013,90,77,455,"Blue is the Warmest Color centers on a 15-year-old girl named Adèle (Adèle Exarchopoulos) who is climbing to adulthood and dreams of experiencing her first love. A handsome male classmate falls for her, but an unsettling erotic reverie upsets the romance before it begins. Adèle imagines that the mysterious, blue-haired girl she encountered in the street slips into her bed and possesses her with an overwhelming pleasure. That blue-haired girl is a confident older art student named Emma (Léa Seydoux), who will soon enter Adèle's life for real, leading to an intense and complicated love story that spans a decade and is touchingly universal in its depiction. [IFC Films]",https://www.metacritic.com/movie/blue-is-the-warmest-color/,true,false
190,blue-jean,Blue Jean,2023,87,69,31,"England, 1988 – Margaret Thatcher’s Conservative government are about to pass a law stigmatising gays and lesbians, forcing Jean, a PE teacher, to live a double life. As pressure mounts from all sides, the arrival of a new girl at school catalyses a crisis that will challenge Jean to her core.",https://www.metacritic.com/movie/blue-jean/,true,false
191,blue-velvet,Blue Velvet,1986,75,82,284,"Set in a small American town, Blue Velvet is a dark, sensuous mystery involving the intertwining lives of four very different individuals.  The film's painful realism reminds us that we are not immune to the disturbing events which transpire in Blue Velvet's sleepy community. There is a darker side of life waiting for us all.  (De Laurentiis Entertainment Group Inc.)",https://www.metacritic.com/movie/blue-velvet/,false,true
192,body-heat,Body Heat,1981,77,80,51,"Body Heat, a sexy, haunting tale of desire and skullduggery that echoes 1940s film noirs but is charged with an energy and passion that could only flare in the '80s. Sit back and bask in this contemporary classic's wicked warmth. (Warner Bros.)",https://www.metacritic.com/movie/body-heat/,false,true
193,bonnie-and-clyde,Bonnie and Clyde,1967,86,78,140,Warren Beatty and Faye Dunaway are the legendary Depression-era bandits and lovers in this landmark film that won two Academy Awards and triggered a revolution in screen violence. (Warner Bros.),https://www.metacritic.com/movie/bonnie-and-clyde/,true,true
194,boogie-nights,Boogie Nights,1997,87,84,404,"A multifaceted look at the porn industry in Los Angeles in the 70's and 80's, focusing on the journey of a young man (Wahlberg) from restaurant dishwasher to porn star and beyond.",https://www.metacritic.com/movie/boogie-nights/,true,true
195,borat-cultural-learnings-of-america-for-make-benefit-glorious-nation-of-kazakhstan,Borat: Cultural Learnings of America for Make Benefit Glorious Nation of Kazakhstan,2006,89,78,718,The movie film is a government assigned project to   broaden and enlight people and glory of nation. Cultural   learning is emportant to follow on global basis. We make our nation a better and more convenient place for house and living.  Kazakhs are progressive and asstonishing people that with conclusion of project will have new optimistic approach in daily life in world of same people. Our film will bring the US & A closer to us.   We help with needs of kazakh  knowledge and  Us&a culture is positive step for future  of our  glorious nation.  (20th Century Fox),https://www.metacritic.com/movie/borat-cultural-learnings-of-america-for-make-benefit-glorious-nation-of-kazakhstan/,true,true
196,born-on-the-fourth-of-july,Born on the Fourth of July,1989,75,77,115,"Based on a true story, the film follows the young Ron Kovic from a zealous teen who eagerly volunteers for the Vietnam War, to an embittered veteran paralyzed from the mid-chest down. Deeply in love with his country, Kovic returned to an environment vastly different from the one he left, and struggled before emerging as a brave new voice for the disenchanted. (Universal Studios)",https://www.metacritic.com/movie/born-on-the-fourth-of-july/,false,true
197,bottle-rocket,Bottle Rocket,1996,67,75,120,"Three best friends attempt to escape their suburban boredom through a life of crime. But these bickering, bumbling thieves are no match for the local ""godfather"" who leads them into the biggest heist of their careers.  [Sony Pictures]",https://www.metacritic.com/movie/bottle-rocket/,false,true
198,bowling-for-columbine,Bowling for Columbine,2002,72,75,93,"Famed documentarian Michael Moore returns with his first feature film in five years, as he tackles the issue of America's unique obsession with firearms.",https://www.metacritic.com/movie/bowling-for-columbine/,false,true
199,boyhood,Boyhood,2014,100,76,2762,"Filmed over 12 years with the same cast, Richard Linklater's Boyhood is a groundbreaking story of growing up as seen through the eyes of a child named Mason (Ellar Coltrane), who literally grows up on screen before our eyes. Starring Ethan Hawke and Patricia Arquette as Mason's parents and newcomer Lorelei Linklater as his sister Samantha, Boyhood charts the rocky terrain of childhood like no other film has before and is both a nostalgic time capsule of the recent past and an ode to growing up and parenting. [IFC Films]",https://www.metacritic.com/movie/boyhood/,true,false
200,boys-dont-cry,Boys Don't Cry,1999,86,78,120,"Based on a true story, Brandon Teena (Swank) is the popular new ""guy"" in a tiny Nebraska town and falls in love with local girl Lana (Sevigny).  When it is revealed that Brandon is actually a woman, Lana's family and friends put Brandon's life in jeopardy.",https://www.metacritic.com/movie/boys-dont-cry/,true,true
201,boyz-n-the-hood,Boyz n the Hood,1991,76,81,150,"Tre Styles (Cuba Gooding Jr.), is a teen caught between the steady, forceful guidance of his father, Furious (Laurence Fishburne), and the inescapable violence of his South Central Los Angeles neighborhood.",https://www.metacritic.com/movie/boyz-n-the-hood/,false,true
202,brazil,Brazil,1985,84,81,259,"Brazil is a surrealistic nightmare vision of a ""perfect"" future where technology reigns supreme. Everyone is monitored by a secret government agency that forbids love to interfere with efficiency. When a daydreaming bureaucrat (Pryce) becomes unwittingly involved with an underground superhero and a beautiful mystery woman, he becomes the tragic victim of his own romantic illusions. [Universal Pictures]",https://www.metacritic.com/movie/brazil/,false,true
203,breakdown,Breakdown,1997,74,75,72,"Jeff Taylor (Russell) and his wife Amy (Quinlan) are headed toward a new life in California when their car's engine dies on a remote highway. Amy accepts a ride from a helpful trucker (Walsh) while Jeff waits with the car. But when Jeff shows up at the agreed rendezvous, he finds his wife's not there. The locals aren't talking; the police aren't much help. With no one to turn to, Jeff battles his worst fears and begins a desperate, danger-ridden search to find Amy -- before it's too late!  (Paramount Pictures)",https://www.metacritic.com/movie/breakdown/,false,true
204,breakfast-at-tiffanys,Breakfast at Tiffany's,1961,77,76,158,"Based on Truman Capote's novella about Paul (Peppard), a struggling writer who is intrigued with his neighbor, Holly Golightly (Hepburn).",https://www.metacritic.com/movie/breakfast-at-tiffanys/,false,true
205,breaking-away,Breaking Away,1979,91,83,33,A small-town boy obsessed with the Italian cycling team vies for the affections of a college girl.,https://www.metacritic.com/movie/breaking-away/,true,false
206,breaking-the-waves,Breaking the Waves,1996,82,79,88,"Set in a remote coastal village in northern Scotland, this is the extraordinary tale of a young woman's love and devotion to her husband, recently paralyzed in an oil rig accident.",https://www.metacritic.com/movie/breaking-the-waves/,false,true
207,breathless-1960,Breathless,1961,96,74,24,"A small-time crook, hunted by the authorities for a car theft and the murder of a police officer, attempts to persuade a hip American journalism student to run away with him to Italy.",https://www.metacritic.com/movie/breathless-1960/,true,false
208,bridge-to-terabithia,Bridge to Terabithia,2007,74,75,208,"Based on the popular Newberry Award-winning novel, Bridge to Terabithia is a fantasy/adventure story of friendship, family and the power of imagination.  (Walt Disney Pictures)",https://www.metacritic.com/movie/bridge-to-terabithia/,false,true
209,brief-encounter,Brief Encounter,1946,92,75,36,"Meeting a stranger in a railway station, a woman is tempted to cheat on her husband.",https://www.metacritic.com/movie/brief-encounter/,true,false
210,bringing-out-the-dead,Bringing Out the Dead,1999,72,75,103,"Surrounded by the injured and the dying, EMS paramedic Frank (Cage) is dwelling in an urban night-world, crumbling under the accumulated weight of too many years of saving and losing lives. The film follows Frank over the course of fifty-six hours in his life - two days and three nights on the job - as he reaches the very brink of spiritual collapse and redemption. [Paramount Pictures]",https://www.metacritic.com/movie/bringing-out-the-dead/,false,true
211,bringing-up-baby,Bringing Up Baby,1938,91,74,51,"While trying to secure a $1 million donation for his museum, a befuddled paleontologist is pursued by a flighty and often irritating heiress and her pet leopard, Baby.",https://www.metacritic.com/movie/bringing-up-baby/,true,true
212,brokeback-mountain,Brokeback Mountain,2005,87,82,564,"Set against the sweeping vistas of Wyoming and Texas, the film tells the story of two young men -- a ranch-hand and a rodeo cowboy -- who meet in the summer of 1963, and unexpectedly forge a lifelong connection, one whose complications, joys, and tragedies provide a testament to the endurance and power of love.  (Focus Features)",https://www.metacritic.com/movie/brokeback-mountain/,true,false
213,brooklyn,Brooklyn,2015,88,78,432,"Eilis Lacey (Saoirse Ronan) is a young Irish immigrant navigating her way through 1950s Brooklyn. Lured by the promise of America, Eilis departs Ireland and the comfort of her mother’s home for the shores of New York City. The initial shackles of homesickness quickly diminish as a fresh romance sweeps Eilis into the intoxicating charm of love. But soon, her new vivacity is disrupted by her past, and she must choose between two countries and the lives that exist within. [Fox Searchlight Pictures]",https://www.metacritic.com/movie/brooklyn/,true,false
214,brothers-keeper,Brother's Keeper,1992,93,74,18,"This documentary by Joe Berlinger and Bruce Sinofsky details the murder trial of Delbert Ward. Delbert's of a family of 4 brothers (the other 3 being Roscoe, Lyman and William - Bill, for short), working as semi-literate farmers, and living together in isolation in a ramshackle shack, until William's death. The subsequent police investigation and medical examiner's autopsy suggested Bill may not have died from natural causes, and Delbert was arrested on charges of second-degree murder. Under questioning by police, Delbert appears to have waived his rights and signed a confession, but, it seems he might not have been competent, and was coerced into doing so. The film explores possible motives for the crime, from mercy-killing (Bill was ill at the time), to progressively more outré hypotheses. It also shows how residents of the rural community of Munnsville, NY rallied to the support of one of their own (residents previously considered the Wards as social outcasts), against what they felt were intrusive 'big-city' police and a district attorney involved in an election, who might've used the death to help bolster his candidacy.",https://www.metacritic.com/movie/brothers-keeper/,true,false
215,burning,Burning,2018,91,78,241,"The difficult life of Jongsu (Ah-in Yoo), a frustrated introvert, is complicated by the appearance of two people into his orbit: first, Haemi (Jong-seo Jun), a spirited woman who offers romantic possibility, and then, Ben (Steven Yeun), a wealthy and sophisticated young man she returns with from a trip. When Jongsu learns of Ben’s mysterious hobby and Haemi suddenly disappears, his confusion and obsessions begin to mount, culminating in a stunning finale.",https://www.metacritic.com/movie/burning/,true,false
216,butch-cassidy-and-the-sundance-kid,Butch Cassidy and the Sundance Kid,1969,66,81,150,"The Sundance Kid (Redford) is the frontier's fastest gun. His sidekick, Butch Cassidy (Newman), is always dreaming up new ways to get rich fast. Times are changing in the west and life is getting tougher. So Butch and Sundance pack their guns, don new duds, and, with Sundance's girlfriend (Ross), head down to Bolivia. Never mind that they don't speak Spanish - they'll manage somehow. (Twentieth Century Fox)",https://www.metacritic.com/movie/butch-cassidy-and-the-sundance-kid/,false,true
217,cabaret,Cabaret,1972,80,79,98,"Inside the Kit Kat Club of 1931 Berlin, starry-eyed singer Sally Bowles (Minnelli) and an impish emcee (Grey) sound the clarion call to decadent fun, while outside a certain political party grows into a brutal force. (Warner Bros.)",https://www.metacritic.com/movie/cabaret/,false,true
218,cache-hidden,Caché (Hidden),2005,87,81,94,"Georges (Auteuil), a television talk show host, and his wife Anne (Binoche), are living the perfect life of modern comfort and security. One day, their idyll is disrupted in the form of a mysterious videotape that appears on their doorstep.  On it they are being filmed by a hidden camera from across the street with no clues as to who shot it, or why. As more tapes arrive containing images that are disturbingly intimate and increasingly personal, Georges launches in to an investigation of his own as to who is behind this. As he does so, secrets from his past are revealed, and the walls of security he and Anne have built around themselves begin to crumble.  [Sony Pictures Classics]",https://www.metacritic.com/movie/cache-hidden/,true,true
219,california-split,California Split,1974,85,70,9,"When a casual gambler befriends a professional one, he begins to mirror his life, sending both deeper into the sleazy gambling world where the stakes keep getting bigger.",https://www.metacritic.com/movie/california-split/,true,false
220,call-me-by-your-name,Call Me by Your Name,2017,94,79,1346,"It’s the summer of 1983 in the north of Italy, and Elio Perlman (Timothée Chalamet), a precocious 17- year-old American-Italian, spends his days in his family’s 17th century villa transcribing and playing classical music, reading, and flirting with his friend Marzia (Esther Garrel). Elio enjoys a close relationship with his father (Michael Stuhlbarg), an eminent professor specializing in Greco-Roman culture, and his mother Annella (Amira Casar), a translator, who favor him with the fruits of high culture in a setting that overflows with natural delights. While Elio’s sophistication and intellectual gifts suggest he is already a fully-fledged adult, there is much that yet remains innocent and unformed about him, particularly about matters of the heart. One day, Oliver (Armie Hammer), a charming American scholar working on his doctorate, arrives as the annual summer intern tasked with helping Elio’s father. Amid the sun-drenched splendor of the setting, Elio and Oliver discover the heady beauty of awakening desire over the course of a summer that will alter their lives forever.",https://www.metacritic.com/movie/call-me-by-your-name/,true,false
221,cameraperson,Cameraperson,2016,89,64,20,"A boxing match in Brooklyn; life in postwar Bosnia and Herzegovina; the daily routine of a Nigerian midwife; an intimate family moment at home: these scenes and others are woven into Cameraperson, a tapestry of footage collected over the twenty-five-year career of documentary cinematographer Kirsten Johnson. Through a series of episodic juxtapositions, Johnson explores the relationships between image makers and their subjects, the tension between the objectivity and intervention of the camera, and the complex interaction of unfiltered reality and crafted narrative. A hybrid work that combines documentary, autobiography, and ethical inquiry, Cameraperson is both a moving glimpse into one filmmaker’s personal journey and a thoughtful examination of what it means to train a camera on the world. [Janus Films]",https://www.metacritic.com/movie/cameraperson/,true,false
222,can-you-ever-forgive-me,Can You Ever Forgive Me?,2018,87,75,168,"When bestselling celebrity biographer, Lee Israel, is no longer able to get published because she has fallen out of step with current tastes, she turns her art form to deception, abetted by her loyal friend, Jack.",https://www.metacritic.com/movie/can-you-ever-forgive-me/,true,false
223,candyman,Candyman,1992,61,75,88,"The Candyman, a murderous soul with a hook for a hand, is accidentally summoned to reality by a skeptic grad student researching the monster's myth.",https://www.metacritic.com/movie/candyman/,false,true
224,capote,Capote,2005,88,74,176,"A profile of Truman Capote during the years he researched the story that was to become the basis for the book ""In Cold Blood.""",https://www.metacritic.com/movie/capote/,true,false
225,captain-blood,Captain Blood,1935,89,75,22,"After being wrongly convicted as a traitor, Peter Blood, an English physician, is sent to exile in the British colonies of the Caribbean, where he becomes a pirate.",https://www.metacritic.com/movie/captain-blood/,true,false
226,capturing-the-friedmans,Capturing the Friedmans,2003,90,74,43,"The Friedmans are a seemingly typical, upper-middle-class Jewish family whose world is instantly transformed when the father and his youngest son are arrested and charged with shocking and horrible crimes.",https://www.metacritic.com/movie/capturing-the-friedmans/,true,false
227,carlos,Carlos,2010,94,79,96,"Carlos tells the story of Ilich Ramirez Sanchez who, for two decades, was one of the most wanted terrorists, on the planet. Between 1974 and 1994, he lived several lives under various pseudonyms, weaving his way through the complexities of international politics of the period. [IFC Films]",https://www.metacritic.com/movie/carlos/,true,true
228,carol,Carol,2015,94,79,787,"Set in 1950s New York, two women from very different backgrounds find themselves in the throes of love. A young woman in her 20s, Therese Belivet (Rooney Mara), is a clerk working in a Manhattan department store and dreaming of a more fulfilling life when she meets Carol (Cate Blanchett), an alluring woman trapped in a loveless, convenient marriage. As an immediate connection sparks between them, the innocence of their first encounter dims and their connection deepens. While Carol breaks free from the confines of marriage, her husband (Kyle Chandler) threatens her competence as a mother when Carol’s involvement with Therese and close relationship with her best friend Abby (Sarah Paulson) comes to light. As Carol leaves the comfort of home to travel with Therese, an internal journey of self-discovery coincides with her new sense of space. [TWC]",https://www.metacritic.com/movie/carol/,true,false
229,carrie-1976,Carrie,1976,86,78,189,"Carrie White, a shy, reclusive teenage girl who is sheltered by her domineering, religious mother, unleashes her telekinetic powers after being humiliated by her classmates at her senior prom.",https://www.metacritic.com/movie/carrie-1976/,true,true
230,casablanca,Casablanca,1943,100,87,761,"A Casablanca, Morocco casino owner in 1941 shelters his former lover and her husband, a Czechoslovakian freedom fighter, from the Nazis.",https://www.metacritic.com/movie/casablanca/,true,true
231,cashback,Cashback,2007,54,78,57,"Based on the Oscar nominated short, Cashback is the tale of life on the graveyard shift at a supermarket.  When a bad break-up leads to insomnia, art student Ben joins the nocturnal existence of a group of young grocers who indulge in the art of the imagination.  As Ben learns to let his run free, he begins to see beauty in the ordinary as well as the possibility to love again.",https://www.metacritic.com/movie/cashback/,false,true
232,casino,Casino,1995,73,83,451,"A in-depth look at the operation of a Las Vegas casino in the 1970s, Scorsese's film chronicles the rise and fall of casino manager Ace Rothstein (Robert De Niro).",https://www.metacritic.com/movie/casino/,false,true
233,casino-royale,Casino Royale,2006,80,84,908,"After earning his license to kill, James Bond's first 007 mission takes him to Madagascar where he is to spy on a terrorist. Not everything goes as planned and Bond decides to investigate, independently of MI6. Following a lead to the Bahamas, he encounters Alex Dimitrios (Simon Abkarian) and his girlfriend, Solange (Caterina Murino). He learns that Dimitrios is involved with Le Chiffre (Mads Mikkelsen), banker to the world's terrorist organizations. Intelligence reveals that Le Chiffre is planning to raise money in a high-stakes poker game in Montenegro at Le Casino Royale. MI6 assigns 007 to play against him, knowing that if Le Chiffre loses, it will destroy his organization, but Bond falls in love with Vesper Lynd (Eva Green), the treasury employee assigned to provide the money he needs to bankrupt Le Chiffre.",https://www.metacritic.com/movie/casino-royale/,false,true
234,cast-away,Cast Away,2000,74,79,425,"Hanks stars as Chuck Noland, a FedEx systems engineer whose personal and professional life are ruled by the clock.   His manic existence abruptly ends when, after a plane crash, he becomes isolated on a remote island - cast away into the most desolate environment imaginable.   (Twentieth Century Fox)",https://www.metacritic.com/movie/cast-away/,false,true
235,castle-in-the-sky,Castle in the Sky,1989,78,84,182,A young boy and a girl with a magic crystal must race against pirates and foreign agents in a search for a legendary floating castle.,https://www.metacritic.com/movie/castle-in-the-sky/,false,true
236,cat-people-1942,Cat People,1942,85,74,28,An American man marries a Serbian immigrant who fears that she will turn into the cat person of her homeland's fables if they are intimate together.,https://www.metacritic.com/movie/cat-people-1942/,true,false
237,catch-me-if-you-can,Catch Me If You Can,2002,75,83,673,"Frank W. Abagnale (DiCaprio) worked as a doctor, a lawyer and as a co-pilot for a major airline -- all before his 21st birthday.  A master of deception, he was also a brilliant forger, whose skill at check fraud had netted him millions of dollars in stolen funds.  FBI agent Carl Hanratty (Hanks) has made it his prime mission to capture Frank and bring him to justice, but Frank is always one step ahead of him, baiting him to continue the chase. [DreamWorks]",https://www.metacritic.com/movie/catch-me-if-you-can/,false,true
238,caught-by-the-tides,Caught by the Tides,2025,87,55,20,"Caught by the Tides tells the enduring but fragile love story shared by Qiaoqiao and Bin, set in China, from the early 2000s to the present day. Caught up in each other, Qiaoqiao and Bin enjoyed all that the city had to offer, singing and dancing. Until one day, Bin finds himself wanting to try his luck in a bigger place than Datong. He left without any notice. Some time later, Qiaoqiao decides to go on a journey to look for him.",https://www.metacritic.com/movie/caught-by-the-tides/,true,false
239,cave-of-forgotten-dreams,Cave of Forgotten Dreams,2011,86,67,55,"For over 20,000 years, Chauvet Cave has been completely sealed off by a fallen rock face, its crystal-encrusted interior as large as a football field and strewn with the petrified remains of giant ice age mammals. In 1994, scientists discovered the caverns, and found hundreds of pristine paintings within, spectacular artwork dating back over 30,000 years (almost twice as old as any previous finds) to a time when Neanderthals still roamed the earth and cave bears, mammoths, and ice age lions were the dominant populations of Europe. Since then, only a handful of specialists have stepped foot in the cave, and the true scope of its contents had largely gone unfelt—until Werner Herzog managed to gain access. Filming in 3D, Herzog captures the wonder and beauty of one of the most awe-inspiring sites on earth, all the while musing in his inimitable fashion about its original inhabitants, the birth of art, and the curious people surrounding the caves today. (IFC Films)",https://www.metacritic.com/movie/cave-of-forgotten-dreams/,true,false
240,cemetery-of-splendor,Cemetery of Splendor,2016,88,64,34,"Soldiers with a mysterious sleeping sickness are transferred to a temporary clinic in a former school. The memory-filled space becomes a revelatory world for housewife and volunteer Jenjira, as she watches over Itt, a handsome soldier with no family visitors. Jen befriends young medium Keng who uses her psychic powers to help loved ones communicate with the comatose men. Doctors explore ways, including coloured light therapy, to ease the mens’ troubled dreams. Jen discovers Itt’s cryptic notebook of strange writings and blueprint sketches. There may be a connection between the soldiers’ enigmatic syndrome and the mythic ancient site that lies beneath the clinic. Magic, healing, romance and dreams are all part of Jen’s tender path to a deeper awareness of herself and the world around her.",https://www.metacritic.com/movie/cemetery-of-splendor/,true,false
241,central-station,Central Station,1998,80,88,110,"A young boy's (Oliveira) mother is killed in front of Rio de Janeiro's Central Station. Homeless and with nowhere to turn, he is reluctantly befriended by a lonely and cynical woman (Montenegro). Resisting her initial impulse to make a quick profit off the child, she commits to returning him to his father in Brazil's remote Northeast.  The trip becomes a quest for their own identities: one boy's search for his father, and one woman's search for her heart. (Sony Pictures Classics)",https://www.metacritic.com/movie/central-station/,false,true
242,certified-copy,Certified Copy,2011,82,75,72,"In Italy to promote his latest book, a middle-aged English writer meets a young French woman and jets off to San Gimignano with her. (IFC Films)",https://www.metacritic.com/movie/certified-copy/,false,true
243,changeling,Changeling,2008,63,76,177,"Los Angeles, 1928: On a Saturday morning in a working-class suburb, Christine said goodbye to her son, Walter, and left for work. When she came home, she discovered he had vanished. A fruitless search ensues, and months later, a boy claiming to be the nine-year-old is returned. Dazed by the swirl of cops, reporters and her conflicted emotions, Christine allows him to stay overnight. But in her heart, she knows he is not Walter. As she pushes authorities to keep looking, she learns that in Prohibition-era L.A., women don't challenge the system and live to tell their story. Slandered as delusional and unfit, Christine finds an ally in activist Reverend Briegleb, who helps her fight the city to look for her missing boy. Based on the actual incident that rocked California's legal system, Changeling tells the shocking tale of a mother's quest to find her son, and those who won't stop until they silence her. (Universal Pictures)",https://www.metacritic.com/movie/changeling/,false,true
244,charade,Charade,1963,83,81,61,Romance and suspense ensue in Paris as a woman is pursued by several men who want a fortune her murdered husband had stolen. Whom can she trust?,https://www.metacritic.com/movie/charade/,false,true
245,chasing-amy,Chasing Amy,1997,71,75,103,"Lifelong best friends Holden (Affleck) and Banky (Lee) are enjoying success as the creators of the cult hit comic book ""Bluntman and Chronic.""  When they meet fellow comic book artist Alyssa (Adams), Holden's desire for the beautiful charmer is immediate. Alyssa, however, has set her romantic sights elsewhere.  (Miramax Films)",https://www.metacritic.com/movie/chasing-amy/,false,true
246,chasing-coral,Chasing Coral,2017,86,69,21,"Coral reefs are the nursery for all life in the oceans, a remarkable ecosystem that sustains us. Yet with carbon emissions warming the seas, a phenomenon called “coral bleaching”—a sign of mass coral death—has been accelerating around the world, and the public has no idea of the scale or implication of the catastrophe silently raging underwater. [Sundance]",https://www.metacritic.com/movie/chasing-coral/,true,false
247,chicken-run,Chicken Run,2000,88,79,361,"A claymation spoof of classic prison-camp flicks like ""The Great Escape.""  One of the birds hatches a plot to fly the coop at Tweedy's Chicken Farm.",https://www.metacritic.com/movie/chicken-run/,true,true
248,children-of-men,Children of Men,2006,84,84,678,"Children of Men envisages a world one generation from now that has fallen into anarchy on the heels of an infertility defect in the population. The world's youngest citizen has just died at 18, and humankind is facing the likelihood of its own extinction. Set against the backdrop of London torn apart by violence and nationalistic sects, the film follows disillusioned bureaucrat Theo (Owen) as he becomes an unlikely champion of Earth's survival.  (Universal Pictures)",https://www.metacritic.com/movie/children-of-men/,false,true
249,children-of-paradise-1945,Children of Paradise (1945),2012,96,77,35,"Children of Paradise is the tale of a woman loved by four different men. Deftly entwining theater, literature, music, and design, director Marcel Carné and screenwriter Jacques Prévert resurrect the tumultuous world of nineteenth-century Paris, teeming with hucksters and aristocrats, thieves and courtesans, pimps and seers. (Janus Films)",https://www.metacritic.com/movie/children-of-paradise-1945/,true,false
250,children-underground,Children Underground,2001,85,56,7,"This political documentary focuses on homeless children living in the subway tunnels of Bucharest, Romania.",https://www.metacritic.com/movie/children-underground/,true,false
251,chimes-at-midnight,Chimes at Midnight,1967,94,84,16,"The career of Shakespeare's Sir John Falstaff (Orson Welles) as a roistering companion to young Prince Hal (Keith Baxter), circa 1400 to 1413.",https://www.metacritic.com/movie/chimes-at-midnight/,true,false
252,chinatown,Chinatown,1974,92,87,426,"Jack Nicholson is private-eye Jake Gittes, living off the murky moral climate of sunbaked, pre-war Southern California. Hired by a beautiful socialite to investigate her husband's extramarital affair, Gittes is swept into a maelstrom of double dealings and deadly deceits, uncovering a web of personal and political scandals that come crashing together for one, unforgettable night in Chinatown. (Paramount)",https://www.metacritic.com/movie/chinatown/,true,true
253,chungking-express,Chungking Express,1996,78,80,122,"Wong Kar-Wai's movie about two love-struck cops is filmed in impressionistic splashes of motion and color. The first half deals with Cop 223, who has broken up with his girlfriend of five years. He purchases a tin of pineapples with an expiration date of May 1 each day for a month. By the end of that time, he feels that he will either be rejoined with his love or that it too will have expired forever. The second half shows Cop 663 dealing with his breakup with his flight attendant girlfriend. He talks to his apartment furnishings until he meets a new girl at a local lunch counter.",https://www.metacritic.com/movie/chungking-express/,false,true
254,cinderella-1950,Cinderella,1950,85,78,121,"When Cinderella's cruel stepmother prevents her from attending the Royal Ball, she gets some unexpected help from the lovable mice Gus and Jaq, and from her Fairy Godmother.",https://www.metacritic.com/movie/cinderella-1950/,true,true
255,cinema-paradiso,Cinema Paradiso,1990,80,89,222,"Set in an Italian village, Salvatore finds himself enchanted by the flickering images at the Cinema Paradiso, yearning for the secret of the cinema’s magic. When the projectionist, Alfredo, agrees to reveal the mysteries of moviemaking, a deep friendship is born. The day comes for Salvatore to leave the village and pursue his dream of making movies of his own. Thirty years later he receives a message that beckons him back home to a secret and beautiful discovery that awaits him. [Miramax]",https://www.metacritic.com/movie/cinema-paradiso/,false,true
256,citizen-kane-1941,Citizen Kane,1941,100,83,1030,"Following the death of a publishing tycoon, news reporters scramble to discover the meaning of his final utterance.",https://www.metacritic.com/movie/citizen-kane-1941/,true,true
257,citizenfour,Citizenfour,2014,88,76,167,"In January 2013, filmmaker Laura Poitras was in the process of constructing a film about abuses of national security in post-9/11 America when she started receiving encrypted e-mails from someone identifying himself as “citizen four,” who was ready to blow the whistle on the massive covert surveillance programs run by the NSA and other intelligence agencies. In June 2013, she and reporter Glenn Greenwald flew to Hong Kong for the first of many meetings with the man who turned out to be Edward Snowden. She brought her camera with her. [RADiUS-TWC]",https://www.metacritic.com/movie/citizenfour/,true,false
258,city-hall,City Hall,2020,88,65,12,"City government touches almost every aspect of our lives. Most of us are unaware of or take for granted these necessary services such as police, fire, sanitation, veterans affairs, elder support, parks, licensing of various professional activities, record keeping of birth, marriage and death as wells as hundreds of other activities that support Boston residents and visitors. City Hall, by Frederick Wiseman, shows the efforts by Boston city government to provide these services. The film also illustrates the variety of ways the city administration enters into civil discourse with the citizens of Boston. Mayor Walsh and his administration are presented addressing a number of their policy priorities which include racial justice, affordable housing, climate action, and homeless. City Hall shows a city government successfully offering a wide variety of services to a diverse population.",https://www.metacritic.com/movie/city-hall/,true,false
259,city-lights,City Lights,1931,99,86,258,The Tramp (Charlie Chaplin) struggles to help a blind flower girl he has fallen in love with.,https://www.metacritic.com/movie/city-lights/,true,false
260,city-of-ghosts-2017,City of Ghosts,2017,86,61,16,"City of Ghosts follows the journey of “Raqqa is Being Slaughtered Silently”— a handful of anonymous activists who banded together after their homeland was taken over by ISIS in 2014. With astonishing, deeply personal access, this is the story of a brave group of citizen journalists as they face the realities of life undercover, on the run, and in exile, risking their lives to stand up against one of the greatest evils in the world today.",https://www.metacritic.com/movie/city-of-ghosts-2017/,true,false
261,city-of-god,City of God,2003,79,90,546,"Welcome to the world's most notorious slum: Rio de Janeiro's 'City of God.' A place where combat photographers fear to tread, where Police rarely go, and residents are lucky if they live to the age of 20.  This is the true story of a young man who grew up on these streets and whose ambition as a photographer is our window in and ultimately may be him only way out. [Miramax]",https://www.metacritic.com/movie/city-of-god/,false,true
262,city-of-life-and-death,City of Life and Death,2011,85,80,30,"In December 1937, the Imperial Japanese Army laid siege to the Chinese capital of Nanking, killing as many as 300,000 citizens during a six-week reign of terror, the details of which Japan and China dispute to this day. Shot in dazzling black-and-white Cinemascope, City of Life and Death is a visionary re-telling of one of the most horrific chapters in modern Asian history, and an unforgettable masterpiece of contemporary world cinema. (Kino International)",https://www.metacritic.com/movie/city-of-life-and-death/,true,false
263,cleo-from-5-to-7,Cléo from 5 to 7,1962,87,79,18,"Cleo, a singer and hypochondriac, becomes increasingly worried that she might have cancer while awaiting test results from her doctor.",https://www.metacritic.com/movie/cleo-from-5-to-7/,true,false
264,close-encounters-of-the-third-kind,Close Encounters of the Third Kind,1977,90,79,341,"Power repairman Roy Neary (Richard Dreyfuss) has an extraordinary encounter with a strange spacecraft while out on a call. Recurring visions of a mountain fuel an increasing obsession that drives him to an emotional breaking point. Desperate to understand what he has experienced, he finds an ally in Jillian (Melinda Dillon), a single mother who believes her son has been abducted by the aliens. Meanwhile an international group of scientists led by French expert Claude Lacombe (Francois Truffaut) search for a breakthrough in human-alien communication. Their collective quest culminates in a remote Wyoming rendezvous and an event of unequalled importance in all of human history. [Sony Pictures]",https://www.metacritic.com/movie/close-encounters-of-the-third-kind/,true,true
265,close-up,Close-Up,1999,92,88,37,"This fiction-documentary hybrid uses a real-life sensational event - a young man arrested on charges that he fraudulently impersonated well-known filmmaker Mohsen Makhmalbaf - as the basis for a stunning, multi-layered investigation into movies, identity, artistic creation, and life itself. With its universal themes and fascinating narrative knots, Close-Up continues to resonate with viewers around the world. [Janus Films]",https://www.metacritic.com/movie/close-up/,true,false
266,close-your-eyes-2023,Close Your Eyes,2024,85,73,20,"Set in contemporary Madrid, an aging filmmaker named Miguel Garay is called upon to recount his memories of working on his final and still unfinished film, “The Farewell Gaze.” During its production, the lead actor and Miguel’s close friend, Julio Arenas, disappeared without a trace, leaving in his wake a mystery that would haunt the lives of everyone associated with the film. Miguel never directed another project, instead living a quiet life as a writer by the coast. He remained reluctant to unravel the mystery surrounding Julio until approached by an investigative television program reviving the case decades later. With careful reflection, he reconnects with the film’s crew, former lovers, and Julio’s daughter, seeking closure for the disappearance and what it meant for all of their lives.",https://www.metacritic.com/movie/close-your-eyes-2023/,true,false
267,clue,Clue,1985,41,77,176,"Here is the murderously funny movie based on the world-famous Clue board game. And now, with this special videocassette version, you can see all three surprise endings! Was it Colonel Mustard in the study with a gun? Miss Scarlet in the billiard room with the rope? Or was it Wadsworth the butler? Meet all the notorious suspects and discover all their foul play things. You'll love their dastardly doings as the bodies and the laughs pile up before your eyes. [Paramount Pictures]",https://www.metacritic.com/movie/clue/,false,true
268,clueless,Clueless,1995,73,75,150,"It's not easy being the most popular and glamorous girl at Beverly Hills High. Especially when you're the envy of scheming Betties (female babes), persistent Barney's (unattractive guys), loser loadies (potheads), and teachers who go postal (freak out) when you turn your homework in late! Yet somehow 15-year-old Cher (Silverstone) keeps it all together, even fining time for extracurricular projects like finding a love match for her debate class teacher (Shawn), and giving a dowdy friend (Murphy) a fashion makeover. But Cher's tidy world starts to unravel with the sudden appearance of two total Baldwins (hunks): a sexy and stylish new classmate (Walker), and Cher's square but cute ""ex-stepbrother"" (Rudd). Now Cher is about to learn that when it comes to love, she's... well, Clueless. [Paramount]",https://www.metacritic.com/movie/clueless/,false,true
269,cold-war,Cold War,2018,90,79,207,"Cold War is a passionate love story between a man and a woman who meet in the ruins of post-war Poland. With vastly different backgrounds and temperaments, they are fatefully mismatched and yet condemned to each other. Set against the background of the Cold War in 1950s Poland, Berlin, Yugoslavia and Paris, it’s the tale of a couple separated by politics, character flaws and unfortunate twists of fate — an impossible love story in impossible times. [Amazon Studios]",https://www.metacritic.com/movie/cold-war/,true,false
270,collateral,Collateral,2004,71,79,382,"Max (Foxx) has lived the mundane life of a cab driver for 12 years. The faces have come and gone from his rearview mirror, people and places he's long since forgotten -- until tonight.  Vincent (Cruise) is a contract killer. When an offshore narcotrafficking cartel learns they are about to be indicted by a federal grand jury, they mount an operation to identify and kill the key witnesses, and the last stage is tonight. Tonight, Vincent arrives in L.A. -- and five bodies are supposed to fall.  (DreamWorks)",https://www.metacritic.com/movie/collateral/,false,true
271,collective,Collective,2020,95,74,73,"Collective follows a heroic team of journalists as they uncover shocking, widespread corruption. After a deadly nightclub fire, the mysterious death of the owner of a powerful pharmaceutical firm, and the quiet resignation of a health minister—seemingly unrelated events, all within weeks of each other—the team of intrepid reporters exposes a much larger, much more explosive political scandal. COLLECTIVE is a fast-paced, real-time detective story about truth, accountability, and the value of an independent press in partisan times.",https://www.metacritic.com/movie/collective/,true,false
272,columbus,Columbus,2017,89,72,124,"When a renowned architecture scholar falls suddenly ill during a speaking tour, his son Jin (John Cho) finds himself stranded in Columbus, Indiana - a small Midwestern city celebrated for its many significant modernist buildings. Jin strikes up a friendship with Casey (Haley Lu Richardson), a young architecture enthusiast who works at the local library. As their intimacy develops, Jin and Casey explore both the town and their conflicted emotions: Jin's estranged relationship with his father, and Casey's reluctance to leave Columbus and her mother.",https://www.metacritic.com/movie/columbus/,true,false
273,coming-to-america,Coming to America,1988,47,74,139,"A very wealthy and pampered African prince comes to America in search of a bride. Accompanied by his closest companion, he quickly finds a job, new friends, new digs, new enemies - and lots of trouble. (Paramount Pictures)",https://www.metacritic.com/movie/coming-to-america/,false,true
274,conan-the-barbarian,Conan the Barbarian,1982,43,78,206,Conan (Schwarzenegger) seeks revenge from the group lead by Thulsa Doom who killed his parents and enslaved him.,https://www.metacritic.com/movie/conan-the-barbarian/,false,true
275,control,Control,2007,78,77,52,"Ian Curtis has aspirations beyond the trappings of small-town life in 1970s England. Wanting to emulate his musical heroes, such as David Bowie and Iggy Pop, he joins a band, and his musical ambition begins to thrive. Soon, though, the everyday fears and emotions that fuel his music slowly begin to eat away at him. Married young, with a daughter, he is distracted from his family commitments by a new love and the growing expectations of his band, Joy Division. The strain manifests itself in his health. With epilepsy adding to his guilt and depression, desperation takes hold. Surrendering to the weight on his shoulders, Ian's tortured soul consumes him. (The Weinstein Company)",https://www.metacritic.com/movie/control/,false,true
276,cool-hand-luke,Cool Hand Luke,1967,92,84,101,"When Luke Jackson (Paul Newman) is arrested for drunkenly vandalizing parking meters, he is sentenced to serve time on a prison chain gang. Although the warden, guards and prisoners all try to break Luke's spirit upon his arrival, it soon becomes clear that Luke is not about to play by anyone else's rules. He eventually earns the respect of his fellow inmates by refusing to back down in a fight, and he earns their friendship by figuring out a way for them to get their hard labor done in half the time. Luke eventually becomes a symbol of hope and resilience for his fellow prisoners, but the more he becomes revered by the inmates, the more he becomes a symbol of rebelliousness that must be stamped out by the Captain (Strother Martin). [Warner Bros.]",https://www.metacritic.com/movie/cool-hand-luke/,true,false
277,corpse-bride,Corpse Bride,2005,83,77,390,"Set in a 19th century European village, this stop-motion, animated features follows the story of Victor (Depp), a young man who is whisked away to the underworld and wed to a mysterious Corpse Bride (Bonham-Carter), while his real bride waits bereft in the land of the living.  (Warner Bros.)",https://www.metacritic.com/movie/corpse-bride/,false,true
278,courageous,Courageous,2011,42,75,72,"Four men, one calling: To serve and protect. As law enforcement officers, Adam Mitchell, Nathan Hayes, David Thomson, and Shane Fuller are confident and focused. Yet at the end of the day, they face a challenge that none of them are truly prepared to tackle: fatherhood. (Affirm Films)",https://www.metacritic.com/movie/courageous/,false,true
279,cover-up,Cover-Up,2025,86,70,23,"Cover-Up is a political thriller that traces the explosive career of Pulitzer Prize-winning investigative reporter Seymour Hersh. Urgent and deeply reported, Cover-Up is both a portrait of a relentless journalist and an indictment of institutional violence — revealing a cycle of impunity in the U.S. military and intelligence agencies. Drawing on exclusive access to Hersh’s notes, and interweaving primary documents and archival footage, Cover-Up captures the power and process of investigative journalism.",https://www.metacritic.com/movie/cover-up/,true,false
280,cowboy-bebop-the-movie-knockin-on-heavens-door,Cowboy Bebop the Movie: Knockin' on Heaven's Door,2003,62,82,143,"Set on Mars in the year 2071, this film, based on the wildly popular Japanese Anime TV series ""Cowboy Bebop,"" pits Spike and his gang of gypsy vigilantes against their deadliest adversary ever.",https://www.metacritic.com/movie/cowboy-bebop-the-movie-knockin-on-heavens-door/,false,true
281,crazy-stupid-love,"Crazy, Stupid, Love",2011,68,74,502,"At fortysomething, straight-laced Cal Weaver is living the dream—good job, nice house, great kids and marriage to his high school sweetheart. But when Cal learns that his wife, Emily, has cheated on him and wants a divorce, his ""perfect"" life quickly unravels. Worse, in today's single world, Cal, who hasn't dated in decades, stands out as the epitome of un-smooth. Now spending his free evenings sulking alone at a local bar, the hapless Cal is taken on as wingman and protege to handsome, thirty-something player Jacob Palmer. In an effort to help Cal get over his wife and start living his life, Jacob opens Cal's eyes to the many options before him: flirty women, manly drinks and a sense of style that can't be found at Supercuts or The Gap. Cal and Emily aren't the only ones looking for love in what might be all the wrong places: Cal's 13-year-old son, Robbie, is crazy about his 17-year-old babysitter, Jessica, who harbors a crush on Cal. And despite Cal's makeover and his many new conquests, the one thing that can't be made over is his heart, which seems to keep leading him back to where he began. [Warner Bros. Pictures]",https://www.metacritic.com/movie/crazy-stupid-love/,false,true
282,crime-+-punishment,Crime + Punishment,2018,88,68,4,"Amidst a landmark class action lawsuit over illegal policing quotas, Crime + Punishment chronicles the real lives and struggles of a group of black and Latino whistleblower cops and the young minorities they are pressured to arrest and summons in New York City. A highly intimate and cinematic experience with unprecedented access, Crime + Punishment examines the United States' most powerful police department through the brave efforts of a group of active duty officers and one unforgettable private investigator who risk their careers and safety to bring light to harmful policing practices which have plagued the precincts and streets of New York City for decades.",https://www.metacritic.com/movie/crime-+-punishment/,true,false
283,crimson-tide,Crimson Tide,1995,66,77,99,"In the midst of a global crisis, the USS Alabama receives an unconfirmed order to launch its nuclear missiles -- signaling the start of Word War III. The tension quickly rises as the sub's respected commander (Hackman) and his brilliant executive officer (Washington) clash over the validity of their orders, battling each other for control of the sub.  (BV Entertainment)",https://www.metacritic.com/movie/crimson-tide/,false,true
284,crip-camp-a-disability-revolution,Crip Camp: A Disability Revolution,2020,86,75,37,"Down the road from Woodstock, a revolution blossomed at a ramshackle summer camp for teenagers with disabilities, transforming their lives and igniting a landmark movement.",https://www.metacritic.com/movie/crip-camp-a-disability-revolution/,true,false
285,crouching-tiger-hidden-dragon,"Crouching Tiger, Hidden Dragon",2000,94,81,531,"In 19th century China, a magical sword given by a warrior (Chow Yun-Fat) to his lover (Michelle Yeoh) is stolen and the quest to find it ensues.  The search leads to the House of Yu where the story travels in a different direction with the introduction of a mysterious assassin and another love story.",https://www.metacritic.com/movie/crouching-tiger-hidden-dragon/,true,true
286,cruel-intentions,Cruel Intentions,1999,56,74,128,"Set in modern-day Manhattan, this is an adaptation of ""Les Liaisons Dangereuses,"" the classic and scandalous Pierre Laclos novel of sexual manipulation and romantic war games first published in 1782.  [Columbia TriStar]",https://www.metacritic.com/movie/cruel-intentions/,false,true
287,crumb,Crumb,1995,93,84,46,A documentary of artist Robert Crumb's life.,https://www.metacritic.com/movie/crumb/,true,false
288,cure,Cure,2001,71,78,61,A frustrated detective deals with the case of several gruesome murders committed by people who have no recollection of what they've done.,https://www.metacritic.com/movie/cure/,false,true
289,dahomey,Dahomey,2024,85,58,15,"The journey of 26 plundered royal treasures from the Kingdom of Dahomey exhibited in Paris, now being returned to Benin. Diop artistically voices a new generation's demands.",https://www.metacritic.com/movie/dahomey/,true,false
290,dancer-in-the-dark,Dancer in the Dark,2000,63,86,215,"Bjork stars as Selma, a Czech immigrant and single mother working in a factory in rural America. She is losing her eyesight and her 10 year-old son stands to suffer the same fate if she can't put away enough money to secure him an operation. (FilmFour)",https://www.metacritic.com/movie/dancer-in-the-dark/,false,true
291,dances-with-wolves,Dances with Wolves,1990,72,81,235,"Rewarded for his heroism in the Civil War, Lt. Dunbar (Costner) wants to see the American frontier before it is gone. He is assigned to an adandoned fort, where a sioux tribe is his only neighbor. Overcoming the language barrier and their mutual fear and distrust, Dunbar and the proud Indians gradually become friends. Eventually, he falls in love with the beautiful Stands With a Fist (McDonnell), a white woman raised by the tribe. (MGM)",https://www.metacritic.com/movie/dances-with-wolves/,false,true
292,dark-city,Dark City,1998,66,77,214,"Alex Proyas directs this futuristic thriller about a man (Sewell) waking up to find he is wanted for brutal murders he doesn't remember. Haunted by mysterious beings who stop time and alter reality, he seeks to unravel the riddle of his identity. [New Line]",https://www.metacritic.com/movie/dark-city/,false,true
293,das-boot,Das Boot,1982,85,86,199,"It is 1942 and the German submarine fleet is heavily engaged in the so called ""Battle of the Atlantic"" to harass and destroy English shipping. With better escorts of the Destroyer Class, however, German U-Boats have begun to take heavy losses. Das Boot is the story of one such U-Boat crew, with the film examining how these submariners maintained their professionalism as soldiers, attempted to accomplish impossible missions, while all the time attempting to understand and obey the ideology of the government under which they served. (Sony Pictures)",https://www.metacritic.com/movie/das-boot/,false,true
294,daughters,Daughters,2024,85,75,22,"Four young girls prepare for a special Daddy Daughter Dance with their incarcerated fathers, as part of a unique fatherhood program in a Washington, D.C., jail.",https://www.metacritic.com/movie/daughters/,true,false
295,david-byrnes-american-utopia,David Byrne’s American Utopia,2020,93,75,43,"David Byrne’s American Utopia brings the critically acclaimed Broadway show to HBO in a one-of-a-kind film directed by Spike Lee. Recorded during its run at Broadway’s Hudson Theatre in New York City, David Byrne is joined by an ensemble of 11 musicians, singers, and dancers from around the globe, inviting audiences into a joyous dreamworld where human connection, self-evolution, and social justice are paramount.",https://www.metacritic.com/movie/david-byrnes-american-utopia/,true,false
296,david-copperfield,David Copperfield,1935,91,66,8,A gentle orphan discovers life and love in an indifferent adult world.,https://www.metacritic.com/movie/david-copperfield/,true,false
297,dawson-city-frozen-time,Dawson City: Frozen Time,2017,86,63,11,"This meditation on cinema’s past from Decasia director Bill Morrison pieces together the bizarre true history of a long-lost collection of 533 nitrate film prints from the early 1900s. Located just south of the Arctic Circle, Dawson City was settled in 1896 and became the center of the Canadian Gold Rush that brought 100,000 prospectors to the area. It was also the final stop for a distribution chain that sent prints and newsreels to the Yukon. The films were seldom, if ever, returned. The now-famous Dawson City Collection was uncovered in 1978 when a bulldozer working its way through a parking lot dug up a horde of film cans. Morrison draws on these permafrost-protected, rare silent films and newsreels, pairing them with archival footage, interviews, historical photographs, and an enigmatic score by Sigur Rós collaborator and composer Alex Somers. Dawson City: Frozen Time depicts the unique history of this Canadian Gold Rush town by chronicling the life cycle of a singular film collection through its exile, burial, rediscovery, and salvation. [Kino Lorber]",https://www.metacritic.com/movie/dawson-city-frozen-time/,true,false
298,days,Days,2021,92,53,6,"Under the pain of illness and treatment, Kang (Lee Kang-sheng) finds himself adrift. He meets Non (Anong Houngheuangsy) in a foreign land. They find consolation in each other before parting ways and carrying on with their days.",https://www.metacritic.com/movie/days/,true,false
299,days-of-being-wild-re-release,Days of Being Wild (re-release),2004,93,81,62,"In his first hypnotic backward glance at Hong Kong in 1960, Wong Kar Wai creates a post-modern La Ronde set in a fluorescent labyrinth of cool desperation and unfulfilled need. Against the echoing rhythms of period rumbas, Days of Being Wild (1991) tracks a half dozen characters through their individual searches for intimate connection.  (Kino International)",https://www.metacritic.com/movie/days-of-being-wild-re-release/,true,true
300,days-of-heaven-re-release,Days of Heaven,1978,94,80,173,"One of the most critically acclaimed films of all time, Days Of Heaven is a moving story about two men who love the same woman. A fugitive from the slums of Chicago, finds himself pitted against a shy, rich Texan for the love of Abby. Writer/director Malick's film is an extraordinary cinematic achievement of sight and sound.  [Paramount Pictures]",https://www.metacritic.com/movie/days-of-heaven-re-release/,true,true
301,de-humani-corporis-fabrica,De Humani Corporis Fabrica,2023,92,64,12,"Five centuries ago, anatomist André Vésale opened up the human body to science for the first time in history. Today, De Humani Corporis Fabrica opens the human body to the cinema. It reveals that human flesh is an extraordinary landscape that exists only through the gaze and attention of others. As places of care, suffering and hope, hospitals are laboratories that connect every body in the world.",https://www.metacritic.com/movie/de-humani-corporis-fabrica/,true,false
302,dead-man,Dead Man,1996,62,74,115,"In search of a fresh start, William Blake embarks on an exciting journey to a new town, never realizing the danger that lies ahead. When a heated love triangle ends in double murder, Blake finds himself a wanted man, running scared—until a mysterious loner teaches him to face the dangers that follow a ""dead man.""  [BV Entertainment]",https://www.metacritic.com/movie/dead-man/,false,true
303,dead-ringers,Dead Ringers,1988,86,71,84,"The chilling story of identical twin gynecologists--suave Elliot and sensitive Beverly, bipolar sides of one personality--who share the same practice, the same apartment, the same women. When a new patient, glamorous actress Claire Niveau, challenges their eerie bond, they descend into a whirlpool of sexual confusion, drugs, and madness. Jeremy Irons' tour-de-force performance--as both twins?raises disturbing questions about the nature of personal identity. (Criterion Collection)",https://www.metacritic.com/movie/dead-ringers/,true,false
304,decision-to-leave,Decision to Leave,2022,85,77,145,"From a mountain peak in South Korea, a man plummets to his death. Did he jump, or was he pushed? When detective Hae-joon arrives on the scene, he begins to suspect the dead man’s wife Seo-rae. But as he digs deeper into the investigation, he finds himself trapped in a web of deception and desire.",https://www.metacritic.com/movie/decision-to-leave/,true,false
305,deep-red,Deep Red,1976,89,76,68,"After witnessing the murder of a famous psychic, a musician teams up with a feisty reporter to find the killer while evading attempts on their lives by the unseen assailant bent on keeping a dark secret buried.",https://www.metacritic.com/movie/deep-red/,true,true
306,dekalog-1988,Dekalog (1988),1996,100,73,275,"This masterwork by Krzysztof Kieślowski is one of the twentieth century’s greatest achievements in visual storytelling. Originally made for Polish television, Dekalog focuses on the residents of a housing complex in late-Communist Poland, whose lives become subtly intertwined as they face emotional dilemmas that are at once deeply personal and universally human. Its ten hour-long films, drawing from the Ten Commandments for thematic inspiration and an overarching structure, grapple deftly with complex moral and existential questions concerning life, death, love, hate, truth, and the passage of time. Shot by nine different cinematographers, with stirring music by Zbigniew Preisner and compelling performances from established and unknown actors alike, Dekalog arrestingly explores the unknowable forces that shape our lives. Also available are the longer theatrical versions of the series’ fifth and sixth films: A Short Film About Killing and A Short Film About Love. [Janus Films]",https://www.metacritic.com/movie/dekalog-1988/,true,false
307,deliver-us-from-evil,Deliver Us from Evil,2006,86,81,24,"This controversial documentary is the story of Father Oliver O'Grady, the most notorious pedophile in the history of the modern Catholic Church.",https://www.metacritic.com/movie/deliver-us-from-evil/,true,false
308,deliverance,Deliverance,1972,80,75,57,"Intent on seeing the Cahulawassee River before it's turned into one huge lake, outdoor fanatic Lewis Medlock takes his friends on a river-rafting trip they'll never forget into the dangerous American back-country.",https://www.metacritic.com/movie/deliverance/,false,true
309,departures,Departures,2009,68,80,53,"Departures follows Daigo Kobayashi, a devoted cellist in an orchestra that has just been dissolved and who is suddenly left without a job. Daigo decides to move back to his old hometown with his wife to look for work and start over. He answers a classified ad entitled “Departures” thinking it is an advertisement for a travel agency only to discover that the job is actually for a ""Nokanshi"" or ""encoffineer,"" a funeral professional who prepares deceased bodies for burial and entry into the next life. While his wife and others despise the job, Daigo takes a certain pride in his work and begins to perfect the art of “Nokanshi,” acting as a gentle gatekeeper between life and death, between the departed and the family of the departed. The film follows his profound and sometimes comical journey with death as he uncovers the wonder, joy and meaning of life and living. (Regent Releasing)",https://www.metacritic.com/movie/departures/,false,true
310,descendant,Descendant,2022,87,69,23,"Descendant tells the story of the Clotilda - the last known ship to smuggle stolen Africans to America - the unthinkable cover-up, and the impact of that crime on generations of descendants living in Africatown. Once the past is revealed, can the future be reclaimed?",https://www.metacritic.com/movie/descendant/,true,false
311,desire,Desire,1936,86,43,4,An automotive engineer bound for a holiday in Spain meets a sultry jewel thief.,https://www.metacritic.com/movie/desire/,true,false
312,despicable-me,Despicable Me,2010,72,76,742,"Gru delights in all things wicked. Armed with his arsenal of shrink rays, freeze rays, and battle-ready vehicles for land and air, he vanquishes all who stand in his way. Until the day he encounters the immense will of three little orphaned girls who look at him and see something that no one else has ever seen: a potential Dad.  The world's greatest villain has just met his greatest challenge: three little girls named Margo, Edith and Agnes. (Universal Pictures)",https://www.metacritic.com/movie/despicable-me/,false,true
313,dial-m-for-murder,Dial M for Murder,1954,75,82,122,"When American writer Mark Halliday (Robert Cummings) visits the very married Margot Wendice (Grace Kelly) in London, he unknowingly sets off a chain of blackmail and murder. After sensing Margot's affections for Halliday, her husband, Tony Wendice (Ray Milland), fears divorce and disinheritance, and plots her death. Knowing former school chum Captain Lesgate is involved in illegal activities, Tony blackmails him into conspiring to kill Margot. When she kills Lesgate in self-defense, Tony implicates her as being guilty of premeditated murder. Halliday must out-stratagize Tony to save Margot's live. [Warner Bros.]",https://www.metacritic.com/movie/dial-m-for-murder/,false,true
314,diane,Diane,2019,86,71,24,"For Diane (Mary Kay Place), everyone else comes first. Generous but with little patience for self-pity, she spends her days checking in on sick friends, volunteering at her local soup kitchen, and trying valiantly to save her troubled, drug-addicted adult son (Jake Lacy) from himself. But beneath her relentless routine of self-sacrifice, Diane is fighting a desperate internal battle, haunted by a past she can’t forget and which threatens to tear her increasingly chaotic world apart. [IFC Films]",https://www.metacritic.com/movie/diane/,true,false
315,dick-johnson-is-dead,Dick Johnson Is Dead,2020,89,74,60,"A lifetime of making documentaries has convinced the award-winning filmmaker Kirsten Johnson of the power of the real. But now she's ready to use every escapist movie-making trick in the book - staging inventive and fantastical ways for her 86-year-old psychiatrist father to die while hoping that cinema might help her bend time, laugh at pain, and keep her father alive forever.",https://www.metacritic.com/movie/dick-johnson-is-dead/,true,false
316,die-hard,Die Hard,1988,72,86,790,"When terrorists take over a Los Angeles skyscraper on Christmas Eve, visting New York cop John McClane (Willis) thwarts their plans.",https://www.metacritic.com/movie/die-hard/,false,true
317,die-hard-with-a-vengeance,Die Hard: With a Vengeance,1995,58,78,343,"In this third installment of the Die Hard series, hard-luck New York cop John McClane realizes once again that trouble always has a way of finding him. This time it comes in the form of Simon, whose brother Hans Gruber was the villainous mastermind killed by McClane in the first “Die Hard.”  (Fox)",https://www.metacritic.com/movie/die-hard-with-a-vengeance/,false,true
318,dirty-harry,Dirty Harry,1971,87,82,125,"When an individual known as 'the Scorpio Killer' menaces the city, tough as nails San Francisco Police Inspector Harry Callahan (Eastwoood) is assigned to track down and deal with the psychopath. ""Iknowwhatyou're thinking. Did he fire six shots or only five? Well, to tell you the truth, in all this excitement, I've kinda lost track myself. But being as this is a 44 Magnum, the most powerful handgun in the world, and would blow your head clean off, you've only got to ask yourself one question: 'Do I feel lucky?' Well, do ya punk?""",https://www.metacritic.com/movie/dirty-harry/,true,true
319,dirty-rotten-scoundrels,Dirty Rotten Scoundrels,1988,68,77,53,"Two wiley con-men living in the south of France join forces to bilk rich American women of their fortunes. WHen one decides to strike out on his own, a bet is made over who can take a rich American heiress for $50,000 first. After much outrageous tomfoolery, the boys learn the heiress has no money and all three join forces. [MGM]",https://www.metacritic.com/movie/dirty-rotten-scoundrels/,false,true
320,distant-voices-still-lives,"Distant Voices, Still Lives",1988,86,74,9,"The second film in Terence Davies's autobiographical series ('Trilogy', 'The Long Day Closes') is an impressionistic view of a working-class family in 1940s and 1950s Liverpool, based on Davies's own family. The first part, 'Distant Voices', opens with grown siblings Eileen (Angela Walsh), Maisie (Lorraine Ashbourne) and Tony (Dean Williams), and their mother (Freda Dowie) arranged in mourning clothes before the photograph of their smiling father (Pete Postlethwaite). Soon after, the family poses in a similar tableau, but for a happier occasion - Eileen's wedding. While relatives sing at her reception, Eileen hysterically grieves for her dad, and recalls happy times of her youth. Tony and Maisie's memories, however, are more troubled. Davies intermingles and contrasts scenes like the family peacefully lighting candles in church with the brutal man beating his wife and terrorizing his young children. In 'Still Lives', set (and filmed) two years later, the siblings are settled in life, but not all happily. For Eileen, relief from her drab existence comes only when singing at the pub. With his skillfully composed frames and evocative use of music in place of dialogue, Davies creates a lovely, affecting photo album of a troubled family wrestling with the complexity of love.",https://www.metacritic.com/movie/distant-voices-still-lives/,true,false
321,divine-love,Divine Love,2020,86,73,16,"Brazil, 2027. Joana (Dira Paes) uses her bureaucratic job to convince divorcing couples to stay together. Her secret weapon is Divine Love, an evangelical cult she belongs to that mixes in a little swinging and group fun into its more traditional prayers and services. Joana herself can’t seem to get pregnant by her own husband, but in an attempt to save her own marriage, she prays regularly at a very unusual religious drive-in, looking for a miracle to help her conceive.",https://www.metacritic.com/movie/divine-love/,true,false
322,do-not-expect-too-much-from-the-end-of-the-world,Do Not Expect Too Much From the End of the World,2024,95,69,97,An overworked and underpaid production assistant must drive around the city of Bucharest to film the casting for a workplace safety video commissioned by a multinational company. When one of her interviewees makes a statement that ignites a scandal she is forced to re-invent the whole story. [MUBI],https://www.metacritic.com/movie/do-not-expect-too-much-from-the-end-of-the-world/,true,false
323,do-the-right-thing,Do the Right Thing,1989,93,81,257,"Set on the hottest day of the summer, the film examines various personal, social and economic issues through the eyes of an ensemble of neighborhood characters on a Bedford Stuyvesant block in Brooklyn.",https://www.metacritic.com/movie/do-the-right-thing/,true,true
324,dog-day-afternoon,Dog Day Afternoon,1975,86,85,141,A man robs a bank to pay for his lover's operation; it turns into a hostage situation and a media circus.,https://www.metacritic.com/movie/dog-day-afternoon/,true,true
325,dogtooth,Dogtooth,2010,72,76,178,A surreal look at three teenagers kept under strict rule and regimen by their parents — an alternately hilarious and nightmarish experiment of manipulation and oppression. [Kino International],https://www.metacritic.com/movie/dogtooth/,false,true
326,dogville,Dogville,2004,61,84,212,Lars von Trier explores the concept of goodness in this story of a fugitive hiding in a small town in the Rocky Mountains in the 1930s.,https://www.metacritic.com/movie/dogville/,false,true
327,donnie-darko,Donnie Darko,2001,71,84,553,"A genre-busting fable that blasts the American suburban drama into a wildly imaginative realm of time travel, alternative universes and the manipulation of one's fate. (IFC Films)",https://www.metacritic.com/movie/donnie-darko/,false,true
328,donnie-darko-the-directors-cut,Donnie Darko: The Director's Cut,2004,88,86,389,This Director's Cut from writer/director Richard Kelly features 20 minutes of never-before-seen footage.,https://www.metacritic.com/movie/donnie-darko-the-directors-cut/,true,false
329,dont-look-now,Don't Look Now,1973,95,70,88,"A married couple grieving the recent death of their young daughter are in Venice when they encounter two elderly sisters, one of whom is psychic and brings a warning from beyond.",https://www.metacritic.com/movie/dont-look-now/,true,false
330,double-indemnity,Double Indemnity,1944,95,85,128,An insurance representative lets himself be talked into a murder/insurance fraud scheme that arouses an insurance investigator's suspicions.,https://www.metacritic.com/movie/double-indemnity/,true,true
331,doubt,Doubt,2008,70,80,122,"It's 1964, St. Nicholas in the Bronx. A vibrant, charismatic priest, Father Flynn, is trying to upend the school's strict customs, which have long been fiercely guarded by Sister Aloysius Beauvier, the iron-gloved Principal who believes in the power of fear and discipline. The winds of political change are sweeping through the country, and, indeed, the school has just accepted its first black student, Donald Miller. But when Sister James, a hopeful innocent, shares with Sister Aloysius her suspicion that Father Flynn is paying too much personal attention to Donald, Sister Aloysius is galvanized to begin a crusade to both unearth the truth and to expunge Flynn from the school. Now, without a shred of proof or evidence except her moral certainty, Sister Aloysius locks into a battle of wills with Father Flynn, a battle that threatens to tear apart the Church and school with devastating consequences. [Miramax]",https://www.metacritic.com/movie/doubt/,false,true
332,downfall,Downfall,2005,82,86,266,A portrait of Hitler's final days in his Berlin bunker at the end of WWII.,https://www.metacritic.com/movie/downfall/,false,true
333,downhill-racer,Downhill Racer,1969,89,74,11,"Quietly cocky David Chappellet (Robert Redford) joins the U.S. ski team as downhill racer and clashes with the team's coach, played by Gene Hackman.",https://www.metacritic.com/movie/downhill-racer/,true,false
334,dr-jekyll-and-mr-hyde,Dr. Jekyll and Mr. Hyde,1932,88,77,14,Dr. Jekyll faces horrible consequences when he lets his dark side run wild with a potion that transforms him into the animalistic Mr. Hyde.,https://www.metacritic.com/movie/dr-jekyll-and-mr-hyde/,true,false
335,dr-no,Dr. No,1963,78,74,161,A resourceful British government agent seeks answers in a case involving the disappearance of a colleague and the disruption of the American space program.,https://www.metacritic.com/movie/dr-no/,false,true
336,dr-strangelove-or-how-i-learned-to-stop-worrying-and-love-the-bomb,Dr. Strangelove or: How I Learned to Stop Worrying and Love the Bomb,1964,97,88,919,"Through a series of military and political accidents, a psychotic general - U.S. Air Force Commander Jack D. Ripper (Hayden) - triggers an ingenious, irrevocable scheme to attack Russia's strategic targets with nuclear bombs. The U.S. President (Sellers) and Dr. Strangelove (Sellers), a wheelchair-bound nuclear scientist who has bizarre ideas about man's future, work with the Soviet premier in a desperate effort to save the world.",https://www.metacritic.com/movie/dr-strangelove-or-how-i-learned-to-stop-worrying-and-love-the-bomb/,true,true
337,dreamcatcher-2015,Dreamcatcher,2015,86,63,15,"For twenty-five years Brenda Myers-Powell called herself Breezy and she dominated her world, or that's what she thought. It was a world that had turned her into a teenage, drug-addicted prostitute. After a violent encounter with a john, Brenda woke up in the hospital and decided to change her life. Today she is a beacon of hope and a pillar of strength for hundreds of women and girls as young as fourteen who want to change their own lives.",https://www.metacritic.com/movie/dreamcatcher-2015/,true,false
338,dreamgirls,Dreamgirls,2006,76,76,107,"Twenty-five years after bringing Broadway audiences to their feet, the Tony Award-winning musical sensation Dreamgirls comes to the big screen. Set in the turbulent early 1960s to mid-70s, Dreamgirls follows the rise of a trio of women (Hudson, Knowles and Rose) who have formed a promising girl group called The Dreamettes.  (Paramount Pictures)",https://www.metacritic.com/movie/dreamgirls/,false,true
339,dreams-in-nightmares,Dreams in Nightmares,2026,86,80,4,Three friends in their mid-thirties as they road trip across the Midwestern United States in search of their friend who has seemingly disappeared off the grid.,https://www.metacritic.com/movie/dreams-in-nightmares/,true,false
340,drive,Drive,2011,79,80,1729,"Drive is the story of a Hollywood stunt driver by day, a loner by nature, who moonlights as a top-notch getaway driver-for-hire in the criminal underworld. He finds himself a target for some of LA's most dangerous men after agreeing to aid the husband of his beautiful neighbor, Irene. When the job goes dangerously awry, the only way he can keep Irene and her son alive is to do what he does best—Drive! [FilmDistrict]",https://www.metacritic.com/movie/drive/,false,true
341,drive-my-car,Drive My Car,2021,91,76,188,"Two years after his wife’s unexpected death, Yusuke Kafuku (Hidetoshi Nishijima), a renowned stage actor and director, receives an offer to direct a production of Uncle Vanya at a theater festival in Hiroshima. There, he meets Misaki Watari (Toko Miura), a taciturn young woman assigned by the festival to chauffeur him in his beloved red Saab 900. As the production’s premiere approaches, tensions mount amongst the cast and crew, not least between Yusuke and Koji Takatsuki, a handsome TV star who shares an unwelcome connection to Yusuke’s late wife. Forced to confront painful truths raised from his past, Yusuke begins - with the help of his driver – to face the haunting mysteries his wife left behind.  Adapted from Haruki Murakami’s short story. [Janus Films]",https://www.metacritic.com/movie/drive-my-car/,true,false
342,drug-war,Drug War,2013,86,70,53,A drug cartel boss who is arrested in a raid is coerced into betraying his former accomplices as part of an undercover operation.,https://www.metacritic.com/movie/drug-war/,true,false
343,duck-soup,Duck Soup,1933,93,73,52,Rufus T. Firefly is named president/dictator of bankrupt Freedonia and declares war on neighboring Sylvania over the love of wealthy Mrs. Teasdale.,https://www.metacritic.com/movie/duck-soup/,true,false
344,dumb-and-dumber,Dumb and Dumber,1994,41,78,350,"Two stupid guys, Lloyd (Carrey) and Harry (Daniels) decide to drive across country from Providence, Rhode Island to Aspen, Colorado to return a briefcase left in the airport by Mary Swanson (Holly), the object of Lloyd's affection.",https://www.metacritic.com/movie/dumb-and-dumber/,false,true
345,dumbo-1941,Dumbo,1941,96,76,261,"This simple animated tale is set in a circus and spotlights a baby elephant, Dumbo, who is mocked and ridiculed because his ears are too big, only to be assisted by a mouse to achieve his full potential.",https://www.metacritic.com/movie/dumbo-1941/,true,false
346,dunkirk,Dunkirk,2017,94,82,3594,Dunkirk opens as hundreds of thousands of British and Allied troops are surrounded by enemy forces. Trapped on the beach with their backs to the sea they face an impossible situation as the enemy closes in. [Warner Bros.],https://www.metacritic.com/movie/dunkirk/,true,false
347,eastern-promises,Eastern Promises,2007,83,75,226,"The mysterious and charismatic Russian-born Nikolai Luzhin is a driver for one of London's most notorious organized crime families of Eastern European origin. The family is part of the Vory V Zakone criminal brotherhood. Headed by Semyon--whose courtly charm as the welcoming proprietor of the plush Trans-Siberian restaurant impeccably masks a cold, brutal core--the family is tested by Semyon's volatile son and enforcer, Kirill, who is more tightly bound to Nikolai than to his own father. But Nikolai's carefully maintained existence is jarred once he crosses paths at Christmastime with Anna Khitrova, a midwife at a North London hospital. Anna is deeply affected by the desperate situation of a young teenager who dies while giving birth to a baby. Anna resolves to try to trace the baby's lineage and relatives. The girl's personal diary also survives her, which is written in Russian; thus, Anna seeks answers in it.  Anna's mother, Helen, does not discourage her, but Anna's irascible Russian-born uncle Stepan urges caution. He is right to do so: By delving into the diary, Anna has accidentally unleashed the full fury of the Vory. [Focus Features]",https://www.metacritic.com/movie/eastern-promises/,false,true
348,easy-rider,Easy Rider,1969,85,74,116,"An alcoholic attorney (Nicholson) hooks up with two part-time, drug-dealing motorcyclists (Fonda and Hopper) in search of their ""American Dream."" Heading from California to New Orleans, they sample the highs and lows of America the beautiful in a stoned-out quest for life's true meaning. (Sony Pictures)",https://www.metacritic.com/movie/easy-rider/,true,true
349,ed-wood,Ed Wood,1994,71,83,211,Portrait of a young man (Johnny Depp) trying to claw his way up into Hollywood from the bottom.,https://www.metacritic.com/movie/ed-wood/,false,true
350,eighth-grade,Eighth Grade,2018,85,79,331,Thirteen-year-old Kayla endures the tidal wave of contemporary suburban adolescence as she makes her way through the last week of middle school—the end of her thus far disastrous eighth grade year—before she begins high school.,https://www.metacritic.com/movie/eighth-grade/,true,false
351,el-dorado,El Dorado,1967,85,73,20,"Cole Thornton, a gunfighter for hire, joins forces with an old friend, Sheriff J.P. Hara. Together with an old Indian fighter and a gambler, they help a rancher and his family fight a rival rancher that is trying to steal their water.",https://www.metacritic.com/movie/el-dorado/,true,false
352,election-1999,Election,1999,83,79,139,"This satirical comedy uses a high school election as the backdrop to take an uncommon look at ambition, morality, desire, love and the lies we never cease telling ourselves.  [Paramount Pictures]",https://www.metacritic.com/movie/election-1999/,false,true
353,elena,Elena,2012,87,74,55,"Elena is a gripping, modern twist on the classic noir thriller. Sixty-ish spouses Vladimir and Elena uneasily share his palatial Moscow apartment—he’s a still-virile, wealthy businessman; she’s his dowdy former nurse who has clearly “married up.” Estranged from his own wild-child daughter, Vladimir openly despises his wife’s freeloading son and family. But when a sudden illness and an unexpected reunion threaten the dutiful housewife’s potential inheritance, she must hatch a desperate plan...[Zeitgeist Films]",https://www.metacritic.com/movie/elena/,true,false
354,elevator-to-the-gallows,Elevator to the Gallows,1961,94,78,49,"(aka Elevator to the Gallows) A re-release of Louis Malle's 1957 masterpiece of suspense and film noir starring Jeanne Moreau, in the role that catapulted her to international stardom. (Rialto Pictures)",https://www.metacritic.com/movie/elevator-to-the-gallows/,true,false
355,elizabeth,Elizabeth,1998,75,75,81,"This historical drama chronicles the life of Queen Elizabeth I, from her days as an innocent young woman through her transformation into England's legendary ""Virgin Queen.""  Formidable. Untouchable. Unbeatable... (Gramercy Pictures)",https://www.metacritic.com/movie/elizabeth/,false,true
356,elle,Elle,2016,89,72,274,"Michèle seems indestructible. Head of a successful video game company, she brings the same ruthless attitude to her love life as to business. Being attacked in her home by an unknown assailant changes Michèle's life forever. When she resolutely tracks the man down, they are both drawn into a curious and thrilling game-a game that may, at any moment, spiral out of control.",https://www.metacritic.com/movie/elle/,true,false
357,empire-of-the-sun,Empire of the Sun,1987,62,77,138,"Empire of the Sun—based on J. G. Ballard's autobiographical novel—tells the story of a boy, James Graham, whose privileged life is upturned by the Japanese invasion of Shanghai, December 8, 1941. Separated from his parents, he is eventually captured, and taken to Soo Chow confinement camp, next to a captured Chinese airfield. Amidst the sickness and food shortages in the camp, Jim attempts to reconstruct his former life, all the while bringing spirit and dignity to those around him. [Warner Bros. Pictures]",https://www.metacritic.com/movie/empire-of-the-sun/,false,true
358,en-el-septimo-dia-on-the-seventh-day,En el Séptimo Día (On the Seventh Day),2018,87,75,6,"En el Séptimo Día (On the Seventh Day) follows a group of undocumented immigrants living in Sunset Park, Brooklyn over the course of seven days.  Bicycle delivery guys, construction workers, dishwashers, deli workers and cotton candy vendors, they work long hours six days a week and then savor their day of rest on Sundays on the soccer fields of Sunset Park. José, a bicycle delivery worker, is the team's captain - young, talented, hardworking and responsible. When José's team makes it to the finals, he and his teammates are thrilled. But his boss throws a wrench into the celebration when he tells José he has to work on Sunday, the day of the finals. If he doesn't work, his job and his future will be on the line. But if he doesn't stand up for himself and his teammates, his dignity will be crushed. [Cinema Guild]",https://www.metacritic.com/movie/en-el-septimo-dia-on-the-seventh-day/,true,false
359,enter-the-dragon,Enter the Dragon,1973,83,75,68,A martial artist agrees to spy on a reclusive crime lord using his invitation to a tournament there as cover.,https://www.metacritic.com/movie/enter-the-dragon/,false,true
360,epic-elvis-presley-in-concert,EPiC: Elvis Presley in Concert,2026,86,84,41,Baz Luhrmann’s account of Elvis Presley’s 1970s residency in Las Vegas features never-before-seen footage and recordings.,https://www.metacritic.com/movie/epic-elvis-presley-in-concert/,true,false
361,equilibrium,Equilibrium,2002,33,75,332,"In a future society, citizens are prevented from expressing emotions and are controlled by militaristic police with the enforced use of a dehumanizing drug.",https://www.metacritic.com/movie/equilibrium/,false,true
362,eraserhead,Eraserhead,1978,87,73,157,"Henry Spencer tries to survive his industrial environment, his angry girlfriend, and the unbearable screams of his newly born mutant child.",https://www.metacritic.com/movie/eraserhead/,true,false
363,ernest-celestine,Ernest & Célestine,2014,86,77,97,"Deep below snowy, cobblestone streets, tucked away in networks of winding subterranean tunnels, lives a civilization of hardworking mice, terrified of the bears who live above ground. Unlike her fellow mice, Celestine is an artist and a dreamer – and when she nearly ends up as breakfast for ursine troubadour Ernest, the two form an unlikely bond. But it isn’t long before their friendship is put on trial by their respective bear-fearing and mice-eating communities.",https://www.metacritic.com/movie/ernest-celestine/,true,false
364,et-the-extra-terrestrial,E.T. The Extra-Terrestrial,1982,92,82,708,"When an imaginative boy meets a lost alien, it is the beginning of one of cinema's most endearing friendships as Elliot (Henry Thomas) helps the marvelous creature he calls E.T. find his way back home before government agents can capture him.",https://www.metacritic.com/movie/et-the-extra-terrestrial/,true,true
365,eternal-sunshine-of-the-spotless-mind,Eternal Sunshine of the Spotless Mind,2004,89,88,1184,"Joel (Carrey) is stunned to discover that his girlfriend Clementine (Winslet) has had her memories of their tumultuous relationship erased.  Out of desperation, he contacts the inventor of the process, Dr. Howard Mierzwiak (Wilkinson), to have Clementine removed from his own memory.  But as Joel's memories progressively disappear, he begins to rediscover his love for Clementine.  (Focus Features)",https://www.metacritic.com/movie/eternal-sunshine-of-the-spotless-mind/,true,true
366,evangelion-20-you-can-not-advance,Evangelion: 2.0 You Can (Not) Advance,2011,46,78,120,"In the earliest battles against the monstrous Angels, young Eva pilots Shinji and Rei were forced to carry humanity’s hopes on their shoulders. Now, with the deadly onslaught of the Angels escalating and the apocalyptic Third Impact looming, Shinji and Rei find their burden shared by two new Eva pilots, the fiery Asuka and the mysterious Mari. Maneuvering their enormous Eva machines into combat, the four young souls fight desperately to save mankind from the heavens — but will they be able to save themselves? (FUNimation Entertainment)",https://www.metacritic.com/movie/evangelion-20-you-can-not-advance/,false,true
367,everybody-wants-some!!,Everybody Wants Some!!,2016,85,71,219,"Set in the world of 1980s college life, Everybody Wants Some follows a group of college baseball players as they navigate their way through the freedoms and responsibilities of unsupervised adulthood. Get ready for the best weekend ever.",https://www.metacritic.com/movie/everybody-wants-some!!/,true,false
368,evil-dead-ii,Evil Dead II,1987,72,82,308,"Ash (Campbell), the sole survivor of ""The Evil Dead,"" continues his struggle with the forces of the dead, with his girlfriend Linda. The two discover a mysterious tape recorder and hear the voice of Professor Knoby reciting passages from the Necronomicon, or Book of the Dead. The professor's words invoke a spell that unleashes the spirit of evil alive in the remote forest surrounding them. Watch in terror as the plot sickens and the supernatural demons invade the cabin on a gory crusade for human victims. In desperation, Ash attempts to escape his horrific fate by battling with the gruesome ghouls with the help of some unexpected visitors. However, he discovers that he is no match for the unspeakable creatures lurking behind every door, and waiting beyond every corner. (Anchor Bay Entertainment)",https://www.metacritic.com/movie/evil-dead-ii/,false,true
369,evita,Evita,1996,45,78,116,"Madonna stars in the riveting true-life story of Eva Peron, who rose above childhood poverty and a scandalous past to achieve unimaginable fortune and fame. (BV Entertainment)",https://www.metacritic.com/movie/evita/,false,true
370,ex-libris-the-new-york-public-library,EX LIBRIS: The New York Public Library,2017,91,77,14,"Frederick Wiseman’s film, EX LIBRIS – The New York Public Library, goes behind the scenes of one of the greatest knowledge institutions of the world. The film reveals the library as a place of welcome, cultural exchange and learning to 18 million patrons and 32 million online visitors annually. There are 92 library branches throughout Manhattan, the Bronx and Staten Island. The NYPL is committed to being a resource for all the inhabitants of this multifaceted and cosmopolitan city. It is accessible, open to everyone and exemplifies the deeply rooted American belief in the individual’s right to know and be informed. The library is one of the most democratic institutions in America—all races, social classes and ethnicities are welcome and are active participants in the life and work of the library. The library strives to inspire learning, advance knowledge and strengthen communities.",https://www.metacritic.com/movie/ex-libris-the-new-york-public-library/,true,false
371,existenz,eXistenZ,1999,70,74,104,A game designer on the run from assassins must play her latest virtual reality creation with a marketing trainee to determine if the game has been damaged.,https://www.metacritic.com/movie/existenz/,false,true
372,exit-through-the-gift-shop,Exit Through the Gift Shop,2010,85,81,136,"Exit Through the Gift Shop, the first film by renowned graffiti artist Banksy, became the hottest ticket at the 2010 Sundance Film Festival where it made its world debut. Banksy is a graffiti artist with a global reputation whose work can be seen on walls from post—hurricane New Orleans to the separation barrier on the Palestinian West Bank. Fiercely guarding his anonymity to avoid prosecution, Banksy has so far resisted all attempts to be captured on film. Exit Through the Gift Shop tells the incredible true story of how an eccentric French shop keeper turned documentary maker attempted to locate and befriend Banksy, only to have the artist turn the camera back on its owner – with spectacular results. The film contains exclusive footage of Banksy, Shepard Fairey, Invader and many of the world's most infamous graffiti artists at work, on walls and in interview. As Banksy describes it, ""It's basically the story of how one man set out to film the un—filmable. And failed."" [Paranoid Pictures]",https://www.metacritic.com/movie/exit-through-the-gift-shop/,true,true
373,eyes-wide-shut,Eyes Wide Shut,1999,69,80,455,"A doctor (Tom Cruise) becomes obsessed with having a sexual experience after his wife, Alice (Nicole Kidman), confesses to having fantasies about a random servicemen she briefly encountered over a year ago.",https://www.metacritic.com/movie/eyes-wide-shut/,false,true
374,eyes-without-a-face-re-release,Eyes Without a Face [re-release],2003,90,73,51,"In this 1960 French-Italian horror film, a father's love for his daughter becomes a nightmarish obsession, as he sacrifices many innocent girls in his attempt to reconstruct his once-beautiful daughter's disfigured face.",https://www.metacritic.com/movie/eyes-without-a-face-re-release/,true,false
375,f-for-fake,F for Fake,1975,87,72,9,A documentary about fraud and fakery.,https://www.metacritic.com/movie/f-for-fake/,true,false
376,faceoff,Face/Off,1997,82,76,339,"FBI agent Sean Archer (Travolta) knows how to stop elusive terrorist Castor Troy (Cage). He'll become him. Archer undergoes a futuristic surgery and has Troy's face mapped onto his, then infiltrates the terrorist's world to discover his deadly secrets. But as much as Archer looks and acts like Troy, he doesn't really know him. He never figures Troy will retaliate and force doctors to transform him into Archer. Now the agent faces a shattering nightmare: his archrival is living with his family.  (Paramount)",https://www.metacritic.com/movie/faceoff/,false,true
377,faces,Faces,1968,88,69,8,"A middle-aged man leaves his wife for a younger woman. Shortly after, his ex-wife also begins a relationship with a younger partner. The film follows their struggles to find love amongst each other.",https://www.metacritic.com/movie/faces/,true,false
378,faces-places,Faces Places,2017,94,71,92,"89-year old Agnes Varda, one of the leading figures of the French New Wave, and acclaimed 33 year-old French photographer and muralist JR teamed up to co-direct this enchanting documentary/road movie. Kindred spirits, Varda and JR share a lifelong passion for images and how they are created, displayed and shared. Together they travel around the villages of France in JR’s photo truck meeting locals, learning their stories and producing epic-size portraits of them. The photos are prominently displayed on houses, barns, storefronts and trains revealing the humanity in their subjects, and themselves. Faces Places documents these heart-warming encounters as well as the unlikely, tender friendship they formed along the way. [Cohen Media Group]",https://www.metacritic.com/movie/faces-places/,true,false
379,fallen-angels,Fallen Angels,1998,71,80,78,"Set in the neon-washed underworld of present-day Hong Kong, Fallen Angels intertwines two exhilarating tales of love and isolation in a blitz of ultra-hip style and classical cinematic sensibilities.  (Kino International)",https://www.metacritic.com/movie/fallen-angels/,false,true
380,fallen-leaves,Fallen Leaves,2023,86,73,68,"In modern-day Helsinki, two lonely souls (Alma Pöysti and Jussi Vatanen) in search of their first love meet by chance in a local karaoke bar. However, the pair’s path to happiness is beset by numerous obstacles – from lost phone numbers to mistaken addresses, alcoholism, and a charming stray dog.",https://www.metacritic.com/movie/fallen-leaves/,true,false
381,falling-down,Falling Down,1993,56,78,207,"A day in the life of a laid-off defense worker, estranged from hiswife and young daughter, and driven beyond frustration in an endless traffic jam. After he abandons his car in the middle of the freeway, he crosses the city on foot, leaving behind him an escalating wake of destruction as his sanity crumbles in the face of contemporary urbanreality. (Warner Bros.)",https://www.metacritic.com/movie/falling-down/,false,true
382,familiar-touch,Familiar Touch,2025,89,73,16,"Ruth (Kathleen Chalfant), a retired cook, prepares breakfast in her sunny and cozy kitchen — a dish she seems to have made many times before, although small and puzzling errors now punctuate her comfortable routine. When her son (H. Jon Benjamin) arrives to dine with her, she mistakes him for a suitor. Their “date” takes them to an assisted living facility, which Ruth does not remember that she had previously selected for herself. Among her fellow memory care residents, Ruth feels lost and adrift, certain she has found herself somewhere she does not belong. As she slowly begins to accept the warmth and support of care workers Vanessa (Carolyn Michelle) and Brian (Andy McQueen), she finds new ways to ground herself in her body, even as her mind embarks on a journey all its own. Writer-director Sarah Friedland’s coming-of-old-age feature compassionately follows the winding path of octogenarian Ruth’s shifting memories and desires while remaining rooted in her sage perspective.",https://www.metacritic.com/movie/familiar-touch/,true,false
383,fanny-and-alexander-re-release,Fanny and Alexander (re-release),2004,100,82,166,"Set in Sweden in the early 20th century, this film focuses on the young children of a wealthy, theatrical family.",https://www.metacritic.com/movie/fanny-and-alexander-re-release/,true,true
384,fantasia,Fantasia,1940,96,82,226,A collection of animated interpretations of great works of Western classical music.,https://www.metacritic.com/movie/fantasia/,true,true
385,fantastic-mr-fox,Fantastic Mr. Fox,2009,83,84,610,"Mr. and Mrs. Fox live an idyllic home life with their son Ash and visiting young nephew Kristopherson. But after 12 years, the bucolic existence proves too much for Mr Fox’s wild animal instincts. Soon he slips back into his old ways as a sneaky chicken thief and in doing so, endangers not only his beloved family, but the whole animal community. Trapped underground and with not enough food to go around, the animals band together to fight against the evil Farmers - Boggis, Bunce and Bean - who are determined to capture the audacious, fantastic Mr. Fox at any cost. [20th Century Fox]",https://www.metacritic.com/movie/fantastic-mr-fox/,false,true
386,fargo,Fargo,1996,88,84,737,"Jerry Lundegaard (William H. Macy) is a car salesman in Minneapolis who has landed himself deep into debt. Desperate for money, he hires two inept crooks to kidnap his own wife in the hope that her wealthy father will pay the ransom, giving him enough cash to pay off his associates and clear his debts.",https://www.metacritic.com/movie/fargo/,true,true
387,fast-five,Fast Five,2011,66,74,760,"Fugitive Dom Toretto (Vin Diesel) partners with former cop Brian O'Conner (Paul Walker) on the opposite side of the law in exotic Rio de Janeiro, Brazil. There they are hunted by a high-powered U.S. strike force led by its toughest Fed (Dwayne Johnson) and an army of corrupt cops working for a ruthless drug kingpin. To gain their freedom and win this ultimate high-stakes race, they must pull off one last job - an insane heist worth $100 million. [Universal Pictures]",https://www.metacritic.com/movie/fast-five/,false,true
388,fast-times-at-ridgemont-high,Fast Times at Ridgemont High,1982,61,76,82,Amy Heckerling's chronicle of a year in life of a group of teenagers at a Southern Calfornia high school in the 1970s is based on Cameron Crowe's undercover experiences and has clearly set the bar for all teen comedies to shoot for.,https://www.metacritic.com/movie/fast-times-at-ridgemont-high/,false,true
389,fateless,Fateless,2006,87,51,9,Fateless is based on the moving and disturbing novel by 2002 Nobel Prize winner Imre Kertész about a Hungarian Jewish boy's experiences in German concentration camps and his attempts to reconcile himself to those experiences after the war. (ThinkFilm),https://www.metacritic.com/movie/fateless/,true,false
390,fear-and-loathing-in-las-vegas,Fear and Loathing in Las Vegas,1998,41,75,272,"When a writing assignment lands journalist Raoul Duke (Depp) and sidekick DR. Gonzo (Del Toro) in Las Vegas, they decide to make it the ultimate business trip. But before long, business is forgotten and trip has become the key word. Fueled by a suitcase full of mind-bending pharmaceuticals, Duke and Gonzo set off on a fast and furious ride through nonstop neon, surreal surroundings and a crew of the craziest characters ever. (Universal Pictures)",https://www.metacritic.com/movie/fear-and-loathing-in-las-vegas/,false,true
391,festival-express,Festival Express,2004,85,74,5,"A rousing record of a little-known, but monumental, moment in rock n roll history.  Set in 1970, Festival Express was a multi-band, multi-day extravaganza that captured the spirit and imagination of a generation and a nation.  (ThinkFilm)",https://www.metacritic.com/movie/festival-express/,true,false
392,fight-club,Fight Club,1999,67,89,2223,"The film's narrator (Edward Norton) attends support groups of all kinds as a way to ""experience"" something within his unfeeling, commercial existence.  On a business trip, he meets Tyler Durden (Bradd Pitt) who encourages them to form a fight club as a release for their latent aggressive tendencies.",https://www.metacritic.com/movie/fight-club/,false,true
393,finding-nemo,Finding Nemo,2003,90,86,1278,This visually stunning underwater adventure follows the comedic and eventful journeys of two fish - a father and his son Nemo - who become separated in the Great Barrier Reef.  [Disney/Pixar],https://www.metacritic.com/movie/finding-nemo/,true,false
394,finding-neverland,Finding Neverland,2004,67,76,152,"A tale of magic and fantasy inspired by the life of James Barrie, the real-life author of the children's classic Peter Pan.  (Miramax)",https://www.metacritic.com/movie/finding-neverland/,false,true
395,fire-at-sea,Fire at Sea,2016,87,70,19,"Samuele is twelve and lives on an island in the Mediterranean, far away from the mainland. Like all boys of his age he does not always enjoy going to school. He would much rather climb the rocks by the shore, play with his slingshot or mooch about the port. But his home is not like other islands. For years, it has been the destination of men, women and children trying to make the crossing from Africa in boats that are far too small and decrepit. The island is Lampedusa which has become a metaphor for the flight of refugees to Europe, the hopes, hardship and fate of hundreds of thousands of emigrants. These people long for peace, freedom and happiness and yet so often only their dead bodies are pulled out of the water. Thus, every day the inhabitants of Lampedusa are bearing witness to the greatest humanitarian tragedy of our times. [Kino Lorber]",https://www.metacritic.com/movie/fire-at-sea/,true,false
396,first-blood,First Blood,1982,61,81,305,John Rambo (Stallone) escapes from jail and utilizes the skills he learned in war to evade the sheriff who arrested him.,https://www.metacritic.com/movie/first-blood/,false,true
397,first-cow,First Cow,2020,90,70,145,"A taciturn loner and skilled cook (John Magaro) has traveled west and joined a group of fur trappers in Oregon Territory, though he only finds true connection with a Chinese immigrant (Orion Lee) also seeking his fortune; soon the two collaborate on a successful business, although its longevity is reliant upon the clandestine participation of a nearby wealthy landowner’s prized milking cow.",https://www.metacritic.com/movie/first-cow/,true,false
398,first-reformed,First Reformed,2018,86,74,257,"Reverend Ernst Toller (Ethan Hawke) is a solitary, middle-aged parish pastor at a small Dutch Reform church in upstate New York on the cusp of celebrating its 250th anniversary. Once a stop on the Underground Railroad, the church is now a tourist attraction catering to a dwindling congregation, eclipsed by its nearby parent church, Abundant Life, with its state-of-the-art facilities and 5,000-strong flock. When a pregnant parishioner (Amanda Seyfried) asks Reverend Toller to counsel her husband, a radical environmentalist, the clergyman finds himself plunged into his own tormented past, and equally despairing future, until he finds redemption in an act of grandiose violence. [A24]",https://www.metacritic.com/movie/first-reformed/,true,false
399,fiume-o-morte,Fiume o morte!,2026,85,74,5,"In September 1919, Italian poet Gabriele D'Annunzio led a force of irregulars in an invasion of the town of Fiume, in what is today Croatia. Was he an egotist with dreams of heading his own state? A utopian with a strong nationalist bent? Or a fascist who cared little for the locals and helped pave the way for Mussolini’s rule?",https://www.metacritic.com/movie/fiume-o-morte/,true,false
400,five-easy-pieces,Five Easy Pieces,1970,85,77,34,"A dropout from upper-class America picks up work along the way on oil rigs when his life isn't spent in a squalid succession of bars, motels, and other points of interest.",https://www.metacritic.com/movie/five-easy-pieces/,true,false
401,flee,Flee,2021,91,80,80,"Amin Nawabi grapples with a painful secret he has kept hidden for 20 years, one that threatens to derail the life he has built for himself and his soon-to-be husband. Recounted mostly through animation to director Jonas Poher Rasmussen, he tells the story of his extraordinary journey as a child refugee from Afghanistan for the first time.",https://www.metacritic.com/movie/flee/,true,false
402,flight-of-the-red-balloon,Flight of the Red Balloon,2008,86,72,9,"A highlight at the 2007 Cannes, Toronto, and New York film festivals, Flight of the Red Balloon is the latest masterpiece from Hou Hsiao Hsien. Inspired by Albert Lamorisse's 1956 Academy Award-winning classic, Flight of the Red Balloon, Hou expands on that film's key elements--a young boy, a red balloon, and Paris--to weave an achingly beautiful tale about the mysteries of familial bonds and the lingering effects the past has on us all. Simon, a precocious young boy, must deal with the increasing fragility of his mother, the loving yet preoccupied Suzanne. Completely immersed in her own tribulations, Suzanne hires Song, a Taiwanese film student, to help care for Simon. Together with Song, a unique extended family is formed, utterly interdependent yet lost in separate thoughts and dreams mirrored by a delicate, shiny red balloon. (IFC First Take)",https://www.metacritic.com/movie/flight-of-the-red-balloon/,true,false
403,flipped,Flipped,2010,45,78,85,"Two eighth graders start to have feelings for each other despite being total opposites. Based on the novel ""Flipped"" by Wendelin Van Draanen.",https://www.metacritic.com/movie/flipped/,false,true
404,flow,Flow,2024,87,82,346,"A wondrous journey, through realms natural and mystical, Flow follows a courageous cat after his home is devastated by a great flood. Teaming up with a capybara, a lemur, a bird, and a dog to navigate a boat in search of dry land, they must rely on trust, courage, and wits to survive the perils of a newly aquatic planet.",https://www.metacritic.com/movie/flow/,true,false
405,for-a-few-dollars-more,For a Few Dollars More,1967,74,83,140,Two bounty hunters with the same intentions team up to track down a Western outlaw.,https://www.metacritic.com/movie/for-a-few-dollars-more/,false,true
406,for-sama,For Sama,2019,89,76,35,"For Sama  is both an intimate and epic journey into the female experience of war. A love letter from a young mother to her daughter, the film tells the story of Waad al-Kateab’s life through five years of the uprising in Aleppo, Syria as she falls in love, gets married and gives birth to Sama, all while cataclysmic conflict rises around her. Her camera captures incredible stories of loss, laughter and survival as Waad wrestles with an impossible choice– whether or not to flee the city to protect her daughter’s life, when leaving means abandoning the struggle for freedom for which she has already sacrificed so much.",https://www.metacritic.com/movie/for-sama/,true,false
407,forbidden-lie,Forbidden Lie$,2009,85,72,5,"Norma Khouri is a thief, a saint, a seductress or a sociopath, depending on who you talk to. Men want to marry her, Islamic extremists want to kill her, and the global publishing industry wishes she would just disappear. Khouri won fame and fortune with her 'true story' Forbidden Love, about a shocking honor killing in Jordan. The book was a runaway bestseller, translated into multiple languages and Khouri became the toast of the literary world. That was until July 2004, when esteemed Sydney Morning Herald journalist Malcolm Knox exposed her book as a work of fiction. Weaving between the literary salons of London, the mosque-lined vistas of Jordan, the beach side suburbs of Queensland and the seamy Chicago back streets of Norma's dubious past, Forbidden Lie$ pits Norma's tale against the stories of the those who believe she duped them: the publishers, the FBI, her next door neighbor...even her husband. But the most compelling character of all is Norma who, encouraged by director Anna Broinowski, journeys through every shade of gray that separates fact from fiction. Dir. Anna Broinowski. (Roxie Releasing)",https://www.metacritic.com/movie/forbidden-lie/,true,false
408,force-majeure,Force Majeure,2014,87,74,150,"A Swedish family travels to the French Alps to enjoy a few days of skiing and spend some precious time with each other. The sun is shining and the slopes are spectacular but, during a lunch at a mountainside restaurant, an avalanche turns everything upside down. With diners fleeing in all directions, mother Ebba calls for her husband Tomas as she tries to protect their children. Tomas, meanwhile, is running for his life. Reality returns to embarrassed laughter, the anticipated disaster having failed to occur, and yet the family's world has been shaken to its core, a question mark hanging over their father in particular. Tomas and Ebba's marriage now hangs in the balance as Tomas struggles desperately to reclaim his role as family patriarch.",https://www.metacritic.com/movie/force-majeure/,true,false
409,force-of-evil,Force of Evil,1949,89,70,11,"An unethical lawyer, with an older brother he wants to help, becomes a partner with a client in the numbers racket.",https://www.metacritic.com/movie/force-of-evil/,true,false
410,foreign-correspondent,Foreign Correspondent,1940,89,72,18,"On the eve of WW2, a young American reporter tries to expose enemy agents in London.",https://www.metacritic.com/movie/foreign-correspondent/,true,false
411,forgetting-sarah-marshall,Forgetting Sarah Marshall,2008,67,77,196,"Struggling musician Peter Bretter has spent six years idolizing his girlfriend, television star Sarah Marshall. He's the guy left holding her purse in paparazzi photos and accidentally omitted from award acceptance speeches. But his world is rocked when she dumps him and he finds himself alone. After an unsuccessful bout of womanizing and an on-the-job nervous breakdown, he sees that not having Sarah may just ruin his life. To clear his head, Peter takes an impulsive trip to Oahu, where he is confronted by his worst nightmare: His ex and her tragically hip new  British-rocker boyfriend, Aldous, are sharing his hotel. But as he torments himself with the reality of Sarah's new life, he finds relief in a flirtation with Rachel, a beautiful resort employee whose laid-back approach tempts him to rejoin the world. He also finds relief in several hundred embarrassing, fruity cocktails. For anyone who has ever had their heart ripped out and cut into a billion pieces comes a hilarious, heartfelt look at relationships. Part romantic comedy, part disaster film, Forgetting Sarah Marshall is the world's first romantic disaster comedy. (Universal Pictures)",https://www.metacritic.com/movie/forgetting-sarah-marshall/,false,true
412,forrest-gump,Forrest Gump,1994,82,89,1550,A sweeping look at thirty tumultuous years of American history seen through the eyes of the charmed simpleton Forrest Gump (Tom Hanks).,https://www.metacritic.com/movie/forrest-gump/,false,true
413,foxtrot,Foxtrot,2017,88,69,47,"Michael and Dafna experience gut-wrenching grief when army officials show up at their home to announce the death of their son Jonathan. Michael becomes increasingly frustrated by overzealous mourning relatives and well-meaning army bureaucrats. While his sedated wife rests, Michael spirals into a whirlwind of anger only to experience one of life's unfathomable twists – a twist that can only be rivaled by the surreal military experiences of his son. [Sony Pictures Classics]",https://www.metacritic.com/movie/foxtrot/,true,false
414,frankenstein,Frankenstein,1931,91,78,146,An obsessed scientist assembles a living being from parts of exhumed corpses.,https://www.metacritic.com/movie/frankenstein/,true,true
415,freedom-writers,Freedom Writers,2007,64,75,62,"Based on a true story and the diaries of real Long Beach teenagers after the L.A. riots, Freedom Writers is an inspirational tale and testimony to courage hope and the human spirit's triumph over intolerance.  (Paramount)",https://www.metacritic.com/movie/freedom-writers/,false,true
416,frenzy,Frenzy,1972,92,77,50,"A serial murderer is strangling women with a necktie. The London police have a suspect, but he is the wrong man.",https://www.metacritic.com/movie/frenzy/,true,true
417,friday,Friday,1995,54,75,118,Craig And Smokey's (Ice Cube and Chris Tucker) weekend in South Central LA.,https://www.metacritic.com/movie/friday/,false,true
418,from-here-to-eternity-re-release,From Here to Eternity,1953,85,70,38,"This 1953 classic portrays the loves, hopes and dreams of the soldiers in a close-knit Army barracks in Hawaii shortly before the attack on Pearl Harbor.",https://www.metacritic.com/movie/from-here-to-eternity-re-release/,true,false
419,full-metal-jacket,Full Metal Jacket,1987,78,84,628,The story of an 18-year-old marine recruit named Private Joker - from his carnage-and-machismo boot camp to his climactic involvement in the heavy fighting in Hue during the 1968 Tet Offensive. [Warner Bros.],https://www.metacritic.com/movie/full-metal-jacket/,false,true
420,funny-girl,Funny Girl,1968,88,78,45,A re-release of Barbra Streisand's 1968 film debut in the reprisal of her Broadway role as Ziegfeld star Fanny Brice.,https://www.metacritic.com/movie/funny-girl/,true,false
421,galaxy-quest,Galaxy Quest,1999,70,77,175,"Nearly twenty years after their hit TV seriers was canceled, the five stars of ""Galaxy Quest"" are still in costume, making appearances at science fiction conventions for their legions of die-hard fans.  They unexpectedly find themselves back in action when a group of aliens arrive at a convention and whisk Commander Taggart (Allen) and his crew into space to help them in their all-too-real war against a deadly adversary.  (Dreamworks)",https://www.metacritic.com/movie/galaxy-quest/,false,true
422,gandhi,Gandhi,1983,79,81,73,"Gandhi's character is fully explained as a man of nonviolence. Through his patience, he is able to drive the British out of the subcontinent. And the stubborn nature of Jinnah and his commitment towards Pakistan is portrayed.",https://www.metacritic.com/movie/gandhi/,false,true
423,gangs-of-new-york,Gangs of New York,2002,72,76,418,"Set in New York City between 1840 and 1863, this is the story of a young man named Amsterdam (DiCaprio) who seeks vengeance against Bill ""The Butcher"" Poole (Day-Lewis), the man who killed his father as a result of warfare between the powerful Manhattan gangs.",https://www.metacritic.com/movie/gangs-of-new-york/,false,true
424,gangs-of-wasseypur,Gangs of Wasseypur,2015,89,85,88,"Gangs of Wasseypur charts seventy years in the lives – and spectacular deaths – of two mafia-like families fighting for control of the coal-mining town of Wasseypur, India. Inspired by the real-life exploits of local gangs and beginning with the bandit-like career of Shahid Khan (Jaideep Ahlawat) in the 1940s, the film follows the ruthless rise of his son Sardar (Manoj Bajpayee) and his offspring Faizal (Nawazuddin Siddiqui), Danish, Perpendicular and Definitive and their their longtime nemesis, the wily and seemingly unstoppable Ramadhir Singh (Tigmanshu Dhulia). [Cinelicious Pics]",https://www.metacritic.com/movie/gangs-of-wasseypur/,true,false
425,garden-state,Garden State,2004,67,78,149,"Andrew Largeman (Braff) shuffled through life in a lithium-induced coma until his mother's death inspired a vacation from the pills to see what might happen. When he travels from L.A. back to his hometown, he meets Sam (Portman), a girl who is everything he isn't. Her warmth and fearlessness give him the courage to open his heart to the joy and pain of the infinite abyss that is life.  (Fox Searchlight Pictures)",https://www.metacritic.com/movie/garden-state/,false,true
426,gattaca,Gattaca,1997,64,80,300,An engrossing sci-fi thriller about an all-too-human man who dares to defy a system obsessed with genetic perfection.  [Sony],https://www.metacritic.com/movie/gattaca/,false,true
427,gavagai,Gavagai,2018,91,74,7,"German businessman Carsten Neuer travels to Norway to finish the impossible translation of some Norwegian poems by Tarjei Vesaas into Chinese, a project of his late wife. He hires Niko, a down-on-his-luck tour guide, to drive him to the poet’s home and places of inspiration to stimulate his own translation. On the road, the ghost of Carsten’s wife appears to him, while Niko struggles with the sudden consequences of his girlfriend’s pregnancy. On this journey, two very different men come to realize the transforming power of love, the limits of language, and the human need for friendship.",https://www.metacritic.com/movie/gavagai/,true,false
428,gencse-genesis,Genèse (Genesis),2019,87,54,5,"Three teenagers are shaken up by their first loves in the turmoil of their youth. At a time when others are conforming, they stand their ground and assert their right to love and be free. [Film Movement]",https://www.metacritic.com/movie/gencse-genesis/,true,false
429,get-out,Get Out,2017,85,74,1773,"Now that Chris (Daniel Kaluuya) and his girlfriend, Rose (Allison Williams), have reached the meet-the-parents milestone of dating, she invites him for a weekend getaway upstate with Missy (Catherine Keener) and Dean (Bradley Whitford).  At first, Chris reads the family’s overly accommodating behavior as nervous attempts to deal with their daughter’s interracial relationship, but as the weekend progresses, a series of increasingly disturbing discoveries lead him to a truth that he could have never imagined.",https://www.metacritic.com/movie/get-out/,true,false
430,gett-the-trial-of-viviane-amsalem,Gett: The Trial of Viviane Amsalem,2015,90,74,49,"In Israel there is neither civil marriage nor civil divorce. Only rabbis can legitimate a marriage or its dissolution. But this dissolution is only possible with full consent from the husband, who in the end has more power than the judges. Viviane Amsalem (Ronit Elkabetz) has been applying for divorce for three years. But her husband Elisha (Simon Abkarian) will not agree. His cold intransigence, Viviane's determination to fight for her freedom, and the ambiguous role of the judges shape a procedure in which tragedy vies with absurdity, and everything is brought out for judgment, apart from the initial request.",https://www.metacritic.com/movie/gett-the-trial-of-viviane-amsalem/,true,false
431,ghost,Ghost,1990,52,76,152,Patrick Swayze plays a ghost who teams with a psychic (Goldberg) to uncover the truth behind his murder - and to rescue his sweetheart (Moore) from a similar fate. (Paramount Pictures),https://www.metacritic.com/movie/ghost/,false,true
432,ghost-dog-the-way-of-the-samurai,Ghost Dog: The Way of the Samurai,2000,68,76,84,"Jarmusch's spiritual gangster film tells the story of an inner-city hit man (Whitaker) who lives on a rooftop, training himself as a samurai in the strictest sense.  He communicates primarily by carrier pigeon, while remaining loyal to a gangster (Tormey) who once saved his life.",https://www.metacritic.com/movie/ghost-dog-the-way-of-the-samurai/,false,true
433,ghost-in-the-shell,Ghost in the Shell,1996,76,85,277,"In the year 2029, cybernetic government agent, Major Motoko Kusanagi and the Internal Bureau of Investigations are hot on the trail of “The Puppet Master”—a mysterious and threatening computer virus is capable of infiltrating human hosts. Working closely with her fellow agents from Section 9, the Major embarks on a high-tech race against time to capture the omnipresent entity.",https://www.metacritic.com/movie/ghost-in-the-shell/,false,true
434,ghost-in-the-shell-2-innocence,Ghost in the Shell 2: Innocence,2004,68,74,108,"Ghost in the Shell 2: Innocence is set in 2032, when the line between humans and machines has been blurred almost beyond distinction. Batou, a cyborg detective for the government's covert anti-terrorist unit, is investigating the case of a gynoid - a hyper-realistic female robot created specifically for sexual companionship - who malfunctions and slaughters her owner. [Go Fish Pictures]",https://www.metacritic.com/movie/ghost-in-the-shell-2-innocence/,false,true
435,ghost-world,Ghost World,2001,91,76,169,"Based on the well-known comic, Ghost World tells the story of neo-cool Enid (Thora Birch) and Rebecca (Scarlett Johansson) who, faced with high school graduation take a hard look at the world they wryly observe and decide what they really want. [MGM / UA]",https://www.metacritic.com/movie/ghost-world/,true,false
436,ghostbusters,Ghostbusters,1984,71,82,591,"Bill Murray, Dan Aykroyd, Harold Ramis, and Ernie Hudson lead the cast as the “Ghostbusters,” spirit-exterminators who fearlessly take on the other-worldly evil infiltrating Manhattan, whether it manifests itself as wicked green slime or an ancient tyrant back from the dead to take over the world. The spooktacularly successful franchise captured the imagination of audiences around the world and redefined the action-comedy genre in the process. [Columbia Pictures]",https://www.metacritic.com/movie/ghostbusters/,false,true
437,gideons-army,Gideon's Army,2013,87,83,18,"Follows three young public defenders who are dedicated to working for the people society would rather forget. Long hours, low pay and staggering caseloads are so common that even the most committed often give up.",https://www.metacritic.com/movie/gideons-army/,true,false
438,gimme-shelter-1970,Gimme Shelter,1970,85,75,17,"Called the greatest rock film ever made, this landmark documentary follows the Rolling Stones on their notorious 1969 U.S. tour. When three hundred thousand members of the Love Generation collided with a few dozen Hells Angels at San Francisco’s Altamont Speedway, Direct Cinema pioneers David and Albert Maysles and Charlotte Zwerin were there to immortalize on film the bloody slash that transformed a decade's dreams into disillusionment.",https://www.metacritic.com/movie/gimme-shelter-1970/,true,false
439,girl-interrupted,"Girl, Interrupted",1999,51,75,161,In the 1960's a young woman (Ryder) commits herself to a mental institute after being diagnosed with BPD (Borderline Personality Disorder).  Based on writer Susanna Kaysen's account of her 18-month stay at a mental hospital.,https://www.metacritic.com/movie/girl-interrupted/,false,true
440,girlhood-2014,Girlhood,2015,85,70,49,"Fed up with her abusive family situation, lack of school prospects and the “boys’ law” in the neighborhood, Marieme starts a new life after meeting a group of three free-spirited girls. She changes her name, her style, drops out of school and starts stealing to be accepted into the gang. When her home situation becomes unbearable, Marieme seeks solace in an older man who promises her money and protection. Realizing this sort of lifestyle will never result in the freedom and independence she truly desires, she finally decides to take matters into her own hands. [Strand Releasing]",https://www.metacritic.com/movie/girlhood-2014/,true,false
441,gladiator,Gladiator,2000,67,87,1326,"Before Maximus (Crowe), the heroic Roman General, can honor the wishes of his dying emperor Marcus Aurelius (Harris) by assuming the emperor's role, the emperor's cruel and corrupt son Commodus (Phoenix) orders the execution of Maximus and his family.  Escaping death, Maximus assumes the life of an anonymous gladiator, fighting his way back to the Roman Colosseum where he seeks revenge and a return to justice for Rome.",https://www.metacritic.com/movie/gladiator/,false,true
442,glengarry-glen-ross,Glengarry Glen Ross,1992,84,80,129,"A group of real estate salesmen in Chicago compete for the best ""leads"" at a small firm selling property in ""resort"" areas, such as Florida and Arizona. When a hotshot executive from the head office arrives and proposes a vicious sales contest, competition gets stiff, and salesmen who have worked a lifetime for the company find their jobs in jeopardy. [Artisan]",https://www.metacritic.com/movie/glengarry-glen-ross/,false,true
443,gods-own-country,God's Own Country,2017,85,82,110,"Johnny Saxby (Josh O'Connor) works long hours in brutal isolation on his family's remote farm in the north of England. He numbs the daily frustration of his lonely existence with nightly binge-drinking at the local pub and casual sex. When a handsome Romanian migrant worker (Alec Secareanu) arrives to take up temporary work on the family farm, Johnny suddenly finds himself having to deal with emotions he has never felt before. An intense relationship forms between the two which could change Johnny's life forever.",https://www.metacritic.com/movie/gods-own-country/,true,false
444,godzilla,Godzilla,2004,79,83,130,"Never before released in the U.S., this is the original, uncut Japanese version of Godzilla directed by sci-fi master Ishiro Honda.",https://www.metacritic.com/movie/godzilla/,false,true
445,goldeneye,GoldenEye,1995,65,77,306,"This explosive, thrill-packed adventure pits James Bond against a vengeful adversary who controls an awesome space weapon capable of global destruction.  (MGM)",https://www.metacritic.com/movie/goldeneye/,false,true
446,goldfinger,Goldfinger,1965,87,80,180,"Investigating a gold magnate's smuggling, James Bond uncovers a plot to contaminate the Fort Knox gold reserve.",https://www.metacritic.com/movie/goldfinger/,true,true
447,gomorrah,Gomorrah,2009,87,76,81,"Power, money and blood: these are the values that the residents of the province of Naples and Caserta confront every day. They have practically no choice, and are forced to obey the rules of the ""System,"" the Camorra. Only a lucky few can even think of leading a normal life. Five stories are woven together in this violent scenario, set in a cruel and ostensibly invented world, but one that is deeply rooted in reality. (IFC Films)",https://www.metacritic.com/movie/gomorrah/,true,false
448,gone-baby-gone,Gone Baby Gone,2007,72,78,221,"Gone Baby Gone follows the explosive case of just one missing little girl. But inside this investigation lie secrets and a labyrinthine maze of class and corruption, evil and innocence...all leading up to one man's extraordinary choice in a world where right and wrong have become blurred. (Miramax)",https://www.metacritic.com/movie/gone-baby-gone/,false,true
449,gone-with-the-wind,Gone with the Wind,1940,97,82,314,"A Southern belle struggles with the devastation of the Civil War and Reconstruction. This classic won 8 Academy Awards, including Best Picture.",https://www.metacritic.com/movie/gone-with-the-wind/,true,false
450,good-morning,Good Morning,1962,87,82,6,Two boys begin a silence strike to press their parents into buying them a television set.,https://www.metacritic.com/movie/good-morning/,true,false
451,good-morning-vietnam,"Good Morning, Vietnam",1988,67,74,64,"In 1965, an unorthodox and irreverent DJ named Adrian Cronauer begins to shake up things when he is assigned to the U.S. Armed Services radio station in Vietnam.",https://www.metacritic.com/movie/good-morning-vietnam/,false,true
452,good-one,Good One,2024,87,63,39,"On a weekend backpacking trip in the Catskills, 17-year-old Sam contends with the competing egos of her father and his oldest friend.",https://www.metacritic.com/movie/good-one/,true,false
453,good-will-hunting,Good Will Hunting,1997,71,86,632,"Will Hunting (Matt Damon) is a brilliant mathematician, but also an angry young man. To avoid jail time, he agrees to work with Sean (Robin Williams) a therapist who comes from the same tough Boston neighborhood.",https://www.metacritic.com/movie/good-will-hunting/,false,true
454,goodbye-solo,Goodbye Solo,2009,89,70,16,"On the lonely roads of Winston-Salem, North Carolina, two men forge an improbable friendship that will change both of their lives forever. Solo is a Senegalese cab driver working to provide a better life for his young family. William is a tough Southern good ol‘ boy with a lifetime of regrets. One man‘s American dream is just beginning, while the other‘s is quickly winding down. But despite their differences, both men soon realize they need each other more than either is willing to admit. Through this unlikely but unforgettable friendship, Goodbye Solo deftly explores the passing of a generation as well as the rapidly changing face of America. (Roadside Attractions)",https://www.metacritic.com/movie/goodbye-solo/,true,false
455,goodfellas,Goodfellas,1990,92,90,1341,"Based on the bestselling book ""Wiseguy"" by Nicholas Pileggi, Scorsese's film profiles nearly 30 years of mob life in New York City.",https://www.metacritic.com/movie/goodfellas/,true,true
456,gosford-park,Gosford Park,2001,90,74,146,"This ensemble murder mystery satire, set in 1930's England, revolves around an elegant hunting party weekend at a country estate, featuring an aristocratic family and their friends.",https://www.metacritic.com/movie/gosford-park/,true,true
457,grave-of-the-fireflies-1988,Grave of the Fireflies (1988),1989,94,90,333,A young boy and his little sister struggle to survive in Japan during World War II.,https://www.metacritic.com/movie/grave-of-the-fireflies-1988/,true,true
458,gravity,Gravity,2013,96,77,3716,"Dr. Ryan Stone (Sandra Bullock) is a brilliant medical engineer on her first shuttle mission, with veteran astronaut Matt Kowalsky (George Clooney) in command of his last flight before retiring. But on a seemingly routine spacewalk, disaster strikes. The shuttle is destroyed, leaving Stone and Kowalsky completely alone - tethered to nothing but each other and spiraling out into the blackness. The deafening silence tells them they have lost any link to Earth - and any chance for rescue. As fear turns to panic, every gulp of air eats away at what little oxygen is left. But the only way home may be to go further out into the terrifying expanse of space.",https://www.metacritic.com/movie/gravity/,true,false
459,grease,Grease,1978,70,77,219,"Danny's the bad boy leader of the T-Bird's.  Sandy's the innocent Australian transfer.  With the debilitating shadow of 50's high school politics dooming their budding relationship, will Danny and Sandy be able to change before it is too late to end up together?",https://www.metacritic.com/movie/grease/,false,true
460,great-expectations-1947,Great Expectations,1947,90,74,14,A humble orphan suddenly becomes a gentleman with the help of an unknown benefactor.,https://www.metacritic.com/movie/great-expectations-1947/,true,false
461,great-freedom,Great Freedom,2022,89,65,32,"In post-war Germany, liberation by the Allies does not mean freedom for everyone. Hans is imprisoned again and again under Paragraph 175, a law criminalizing homosexuality. Over the course of decades, he develops an unlikely yet tender bond with his cellmate Viktor, a convicted murderer.",https://www.metacritic.com/movie/great-freedom/,true,false
462,green-border,Green Border,2024,90,69,28,"In the treacherous and swampy forests that make up the so-called “green border” between Belarus and Poland, refugees from the Middle East and Africa are lured by government propaganda promising easy passage to the European Union. Unable to cross into Europe and unable to turn back, they find themselves trapped in a rapidly escalating geopolitical stand-off. An unflinching depiction of the migrant crisis captured in stark black-and-white, this riveting film explores the intractable issue from multiple perspectives: a Syrian family fleeing ISIS caught between cruel border guards in both countries; young guards instructed to brutalize and reject the migrants; and activists who aid the refugees at great personal risk.",https://www.metacritic.com/movie/green-border/,true,false
463,gregory-crewdson-brief-encounters,Gregory Crewdson: Brief Encounters,2012,87,67,7,"Photographer Gregory Crewdson’s 10-year quest to create a series of haunting, surreal, and stunningly elaborate portraits of small-town American life — filmed with unprecedented access as he makes perfect renderings of a disturbing, imperfect world. [Ben Shapiro Productions]",https://www.metacritic.com/movie/gregory-crewdson-brief-encounters/,true,false
464,grisbi,Grisbi (re-release),2003,85,70,8,"The granddaddy of the modern Gallic gangster movie, Touchez Pas Au Grisbi (translation: ""Don't touch the loot!"") immediately created a market for offspring like Dassin's ""Rififi"" and Melville's ""Bob Le Flambeur.""  Adapted from the seminal 1952 ""Série Noire"" novel by Albert Simonin, Grisbi took the gangster saga to new heights of realism by portraying the criminal class as a larcenous subbourgeoisie and introducing authentic underworld slang to screen dialogue.  (Film Forum)",https://www.metacritic.com/movie/grisbi/,true,false
465,grizzly-man,Grizzly Man,2005,87,81,81,"In his mesmerizing new film, acclaimed director Werner Herzog explores the life and death of amateur grizzly bear expert and wildlife preservationist Timothy Treadwell. [Lions Gate Films]",https://www.metacritic.com/movie/grizzly-man/,true,false
466,groundhog-day,Groundhog Day,1993,72,84,461,"Teamed with a relentlessly cheerful producer (Andie MacDowell) and a smart-aleck cameraman (Chris Elliott), TV weatherman Phil Connors (Bill Murray) is sent to Punxsutawney, Pennsylvania, to cover the annual Groundhog Day festivities. But on his way out of town, Phil is caught in a giant blizzard, which he failed to predict, and finds himself stuck in small-town hell. Just when things couldn't get worse, they get worse; Phil wakes the next morning to find it's Groundhog Day all over again... and again... and again. [Sony]",https://www.metacritic.com/movie/groundhog-day/,false,true
467,gunda,Gunda,2020,89,72,23,"Experiential cinema in its purest form, Gunda chronicles the unfiltered lives of a mother pig, a flock of chickens, and a herd of cows with masterful intimacy. Using stark, transcendent black and white cinematography and the farm's ambient soundtrack, director Victor Kossakowsky invites the audience to slow down and experience life as his subjects do, taking in their world with a magical patience and an other worldly perspective. Gunda asks us to meditate on the mystery of animal consciousness, and reckon with the role humanity plays in it. [Neon]",https://www.metacritic.com/movie/gunda/,true,false
468,hale-county-this-morning-this-evening,"Hale County This Morning, This Evening",2018,85,61,13,"An inspired and intimate portrait of a place and its people, Hale County This Morning, This Evening looks at the lives of Daniel Collins and Quincy Bryant, two young African American men from rural Hale County, Alabama, over the course of five years. Collins attends college in search of opportunity while Bryant becomes a father to an energetic son in an open-ended, poetic form that privileges the patiently observed interstices of their lives. The audience is invited to experience the mundane and monumental, birth and death, the quotidian and the sublime. These moments combine to communicate the region’s deep culture and provide glimpses of the complex ways the African American community’s collective image is integrated into America’s visual imagination. [Cinema Guild]",https://www.metacritic.com/movie/hale-county-this-morning-this-evening/,true,false
469,half-nelson,Half Nelson,2006,85,73,128,"Dan, an idealistic inner-city junior high school teacher with a drug habit, and Drey, one of his troubled students, stumble into an unexpected friendship that threatens either to undo them or to provide the vital change they both need to move forward in their lives.  [ThinkFilm]",https://www.metacritic.com/movie/half-nelson/,true,false
470,halloween-1978,Halloween,1978,91,84,740,"On Halloween night in 1963, 6-year old Michael Myers stabbed his sister to death. After being in a mental hospital for 15 years, Myers escapes and returns to Haddonfield, Illinois to kill.",https://www.metacritic.com/movie/halloween-1978/,true,true
471,hamilton-2020,Hamilton,2020,88,78,348,"The real life of one of America's foremost founding fathers and first Secretary of the Treasury, Alexander Hamilton. Filmed live on Broadway from the Richard Rodgers Theatre with the original Broadway cast.",https://www.metacritic.com/movie/hamilton-2020/,true,false
472,hannah-and-her-sisters,Hannah and Her Sisters,1986,90,82,101,A comic look at the relationships among three sisters and their various romantic interests.,https://www.metacritic.com/movie/hannah-and-her-sisters/,true,true
473,happening,Happening,2022,86,73,33,"France, 1963. Anne is a bright young student with a promising future ahead of her. But when she falls pregnant, she sees the opportunity to finish her studies and escape the constraints of her social background disappearing. With her final exams fast approaching and her belly growing, Anne resolves to act, even if she has to confront shame and pain, even if she must risk prison to do so.",https://www.metacritic.com/movie/happening/,true,false
474,happiness,Happiness,1998,81,76,85,"A series of intertwining love stories, stories of connections missed and made between people, how people always struggle to make a connection, and to what degree they succeed or don't.  (Good Machine Releasing)",https://www.metacritic.com/movie/happiness/,false,true
475,happy-as-lazzaro,Happy as Lazzaro,2018,87,76,81,"This is the tale of a meeting between Lazzaro, a young peasant so good that he is often mistaken for simple-minded, and Tancredi, a young nobleman cursed by his imagination. Life in their isolated pastoral village Inviolata is dominated by the terrible Marchesa Alfonsina de Luna, the queen of cigarettes. A loyal bond is sealed when Tancredi asks Lazzaro to help him orchestrate his own kidnapping. This strange and improbable alliance is a revelation for Lazzaro. A friendship so precious that it will travel in time and transport Lazzaro in search of Tancredi. His first time in the big city, Lazzaro is like a fragment of the past lost in the modern world.",https://www.metacritic.com/movie/happy-as-lazzaro/,true,false
476,happy-together,Happy Together,1997,70,80,58,Yiu-Fai (Leung) and Po-Wing (Cheung) travel from Hong Kong to Argentina in an attempt to save their relationship.,https://www.metacritic.com/movie/happy-together/,false,true
477,harakiri,Harakiri,1964,85,87,85,An elder ronin samurai arrives at a feudal lord's home and requests an honorable place to commit suicide. But when the ronin inquires about a younger samurai who arrived before him things take an unexpected turn.,https://www.metacritic.com/movie/harakiri/,true,true
478,hard-boiled,Hard Boiled,1993,86,79,12,"Mobsters are smuggling guns into Hong Kong. The police orchestrate a raid at a teahouse where an ace detective loses his partner. Meanwhile, the two main gun smugglers are having a war over territory, and a young new gun is enlisted to wipe out informants and overcome barriers to growth. The detective, acting from inside sources, gets closer to the ring leaders and eventually must work with the inside man directly.",https://www.metacritic.com/movie/hard-boiled/,true,false
479,hard-to-be-a-god,Hard to Be a God,2015,93,55,50,"A group of research scientists has been sent to the planet Arkanar, living under an oppressed regime in a period equivalent to earth’s Middle Ages. The local population is suffering a ban issued on anyone who knows how to read and write. The scientists must refrain from influencing political and historical events on Arkanar. They must work incognito, and they must remain neutral. Don Rumata, recognized by the locals as a sort of futuristic god, tries to save the local intelligentsia from their punishment. He cannot avoid taking the stance: “What would you do in God’s place?” [Kino Lorber]",https://www.metacritic.com/movie/hard-to-be-a-god/,true,false
480,hard-truths-2024,Hard Truths,2024,88,62,72,"Pansy (Marianne Jean-Baptiste) is a woman wracked by fear, tormented by afflictions, and prone to raging tirades against her husband, son, and anyone who looks her way. Meanwhile, her easygoing younger sister (Michele Austin) is a single mother with a life as different from Pansy’s as their clashing temperaments - brimming with communal warmth from her salon clients and daughters alike.",https://www.metacritic.com/movie/hard-truths-2024/,true,false
481,harry-potter-and-the-deathly-hallows-part-2,Harry Potter and the Deathly Hallows: Part 2,2011,85,83,2123,"In Part 2 of the epic finale, the battle between the good and evil forces of the Wizarding world escalates into an all-out war. The stakes have never been higher and no one is safe. But it is Harry Potter who may be called upon to make the ultimate sacrifice as he draws closer to the climactic showdown with Lord Voldemort. It all ends here. (Warner Bros. Pictures)",https://www.metacritic.com/movie/harry-potter-and-the-deathly-hallows-part-2/,true,true
482,harry-potter-and-the-deathly-hallows-part-i,Harry Potter and the Deathly Hallows: Part I,2010,65,76,1377,"Fantasy Adventure. Harry Potter and the Deathly Hallows, the seventh and final adventure in the Harry Potter film series, is a much-anticipated motion picture event to be told in two full-length parts. Part 1 begins as Harry, Ron and Hermione set out on their perilous mission to track down and destroy the secret to Voldemort's immortality and destruction--the Horcruxes. On their own, without the guidance of their professors or the protection of Professor Dumbledore, the three friends must now rely on one another more than ever. But there are Dark Forces in their midst that threaten to tear them apart. Meanwhile, the wizarding world has become a dangerous place for all enemies of the Dark Lord. The long-feared war has begun and Voldemort's Death Eaters seize control of the Ministry of Magic and even Hogwarts, terrorizing and arresting anyone who might oppose them. But the one prize they still seek is the one most valuable to Voldemort: Harry Potter. The Chosen One has become the hunted one as the Death Eaters search for Harry with orders to bring him to Voldemort...alive. Harry's only hope is to find the Horcruxes before Voldemort finds him. But as he searches for clues, he uncovers an old and almost forgotten tale--the legend of the Deathly Hallows. And if the legend turns out to be true, it could give Voldemort the ultimate power he seeks. Little does Harry know that his future has already been decided by his past when, on that fateful day, he became ""the Boy Who Lived."" No longer just a boy, Harry Potter is drawing ever closer to the task for which he has been preparing since the day he first stepped into Hogwarts: the ultimate battle with Voldemort. (Warner Bros. Pictures)",https://www.metacritic.com/movie/harry-potter-and-the-deathly-hallows-part-i/,false,true
483,harry-potter-and-the-order-of-the-phoenix,Harry Potter and the Order of the Phoenix,2007,71,75,966,"In Harry Potter and the Order of the Phoenix, Harry returns for his fifth year of study at Hogwarts only to discover that much of the wizarding community has been led to believe that the story of the teenager's recent encounter with the evil Lord Voldemort is a lie, putting Harry's integrity in question.  Worse, the Minister for Magic, Cornelius Fudge, has appointed a new Defense Against the Dark Arts teacher, the duplicitous Professor Dolores Umbridge.  But Umbridge's ""Ministry-approved"" course of defensive magic leaves the young wizards woefully unprepared to defend themselves against the Dark forces threatening them, so at the prompting of his friends Hermione and Ron, Harry is convinced to take matters into his own hands.  Meeting secretly with a small group of students who name themselves ""Dumbledore's Army"",  Harry teaches them how to defend themselves against the Dark Arts, preparing the courageous young wizards for the extraordinary battle that lies ahead. (Warner Bros. Pictures)",https://www.metacritic.com/movie/harry-potter-and-the-order-of-the-phoenix/,false,true
484,harry-potter-and-the-prisoner-of-azkaban,Harry Potter and the Prisoner of Azkaban,2004,82,84,1251,"In Harry Potter and the Prisoner of Azkaban, Harry, Ron and Hermione, now teenagers, return for their third year at Hogwarts, where they are forced to face escaped prisoner, Sirius Black, who poses a great threat to Harry. Harry and his friends spend their third year learning how to handle a half-horse half-eagle Hippogriff, repel shape-shifting Boggarts and master the art of Divination. They also visit the wizarding village of Hogsmeade and the Shrieking Shack, which is considered the most haunted building in Britain. In addition to these new experiences, Harry must overcome the threats of the soul-sucking Dementors, outsmart a dangerous werewolf and finally deal with the truth about Sirius Black and his relationship to Harry and his parents. With his best friends, Harry masters advanced magic, crosses the barriers of time and changes the course of more than one life. [Warner Bros.]",https://www.metacritic.com/movie/harry-potter-and-the-prisoner-of-azkaban/,false,true
485,harry-potter-and-the-sorcerers-stone,Harry Potter and the Sorcerer's Stone,2001,65,79,1247,"An adaptation of the first of J.K. Rowling's immensely popular novels about Harry Potter, a boy whose life is tranformed on his eleventh  birthday when he learns that he is the orphaned son of two powerful wizards and possesses unique magical powers of his own.",https://www.metacritic.com/movie/harry-potter-and-the-sorcerers-stone/,false,true
486,hearts-of-darkness-a-filmmakers-apocalypse,Hearts of Darkness: A Filmmaker's Apocalypse,1991,95,85,11,"Documentary that chronicles how Francis Ford Coppola's Apocalypse Now (1979) was plagued by extraordinary script, shooting, budget, and casting problems - nearly destroying the life and career of the celebrated director.",https://www.metacritic.com/movie/hearts-of-darkness-a-filmmakers-apocalypse/,true,false
487,heat,Heat,1995,76,85,664,A riveting story about an intense rivalry between expert thief Neil McCauley (Robert De Niro) and volatile cop Vincent Hanna (Al Pacino).,https://www.metacritic.com/movie/heat/,false,true
488,heathers,Heathers,1989,72,75,127,"A razor sharp black comedy about high school politics centers on Veronica Sawyer (Ryder) who joins an exclusive clique of popular girls named Heather (Walker, Doherty, Falk) and plays along with her new boyfriend J.D. (Slater) in a series of pranks which turn into a series of murders made to look like suicides.",https://www.metacritic.com/movie/heathers/,false,true
489,heavenly-creatures,Heavenly Creatures,1994,86,73,28,"Two teenage girls share a unique bond; their parents, concerned that the friendship is too intense, separate them, and the girls take revenge.",https://www.metacritic.com/movie/heavenly-creatures/,true,false
490,hedwig-and-the-angry-inch,Hedwig and the Angry Inch,2001,85,79,48,"Adapted from the critically acclaimed off-Broadway rock theatre hit, Hedwig and the Angry Inch tells the story of an 'internationally ignored' rock singer, Hedwig, and her search for stardom and love.  (Fine Line Features)",https://www.metacritic.com/movie/hedwig-and-the-angry-inch/,true,false
491,hell-or-high-water,Hell or High Water,2016,88,80,775,"Two brothers—Toby (Chris Pine), a straight-living, divorced father trying to make a better life for his son; and Tanner (Ben Foster), a short-tempered ex-con with a loose trigger finger—come together to rob branch after branch of the bank that is foreclosing on their family land. The hold-ups are part of a last-ditch scheme to take back a future that powerful forces beyond their control have stolen from under their feet. Vengeance seems to be theirs until they find themselves in the crosshairs of a relentless, foul-mouthed Texas Ranger (Jeff Bridges) looking for one last triumph on the eve of his retirement. As the brothers plot a final bank heist to complete their plan, a showdown looms at the crossroads where the last honest law man and a pair of brothers with nothing to live for except family collide.",https://www.metacritic.com/movie/hell-or-high-water/,true,false
492,hellraiser,Hellraiser,1987,56,74,129,An unfaithful wife encounters the zombie of her dead lover; the demonic cenobites are pursuing him after he escaped their sadomasochistic underworld.,https://www.metacritic.com/movie/hellraiser/,false,true
493,her,Her,2013,91,85,1776,"Set in the Los Angeles of the slight future, Her follows Theodore Twombly, a complex, soulful man who makes his living writing touching, personal letters for other people. Heartbroken after the end of a long relationship, he becomes intrigued with a new, advanced operating system, which promises to be an intuitive entity in its own right, individual to each user. Upon initiating it, he is delighted to meet ""Samantha,"" a bright, female voice, who is insightful, sensitive and surprisingly funny. As her needs and desires grow, in tandem with his own, their friendship deepens into an eventual love for each other. [Warner Bros.]",https://www.metacritic.com/movie/her/,true,false
494,hercules-1997,Hercules,1997,74,79,190,"In order to return home to Mount Olympus, Hercules needs to prove he can move from ""zero"" to true hero with Pegasus, the flying stallion, and Phil -- a feisty personal trainer. Along the way, Hercules must match wits with Grecian beauty Meg and a comical hothead named Hades who, with the help of Pain and Panic, plans to take over the Universe.",https://www.metacritic.com/movie/hercules-1997/,false,true
495,here-2023,Here,2024,92,69,55,"Stefan, a Romanian construction worker living in Brussels, is about to return home to visit his mother, and maybe stay...longer. Using the leftovers from his fridge, he cooks up a big pot of soup and begins handing it out as farewell gifts to friends and family. But while waiting for his car to be fixed, he meets Shuxiu, a Belgian-Chinese woman preparing a doctorate on mosses. Her attention to the near-invisible stops him in his tracks.",https://www.metacritic.com/movie/here-2023/,true,false
496,hereditary,Hereditary,2018,87,75,1246,"When Ellen, the matriarch of the Graham family, passes away, her daughter's family begins to unravel cryptic and increasingly terrifying secrets about their ancestry. The more they discover, the more they find themselves trying to outrun the sinister fate they seem to have inherited. [A24]",https://www.metacritic.com/movie/hereditary/,true,false
497,hero,Hero,2004,85,79,189,The time: two thousand years ago.  The place: the violent dawn of the Qin dynasty. The story: the soon-to-be First Emperor of China is on the brink of conquering a war-torn land. Three opponents are determined to assassinate him and one loyal subject stands in their way.  [Miramax],https://www.metacritic.com/movie/hero/,true,true
498,high-and-low,High and Low,1963,90,84,61,An executive of a Yokohama shoe company becomes a victim of extortion when his chauffeur's son is kidnapped by mistake and held for ransom.,https://www.metacritic.com/movie/high-and-low/,true,true
499,high-fidelity,High Fidelity,2000,79,75,116,"In this biting romantic comedy, Rob Gordon (Cusack) is the owner of a semi-failing record store in Chicago, where he sells music the old-fashioned way -- on vinyl.  His needle, however, skips the love groove when his long-time girlfriend, Laura (Hjejle), walks out on him.  As he examines his failed attempts at romance and happiness, the process finds him being dragged, kicking and screaming, into adulthood.  (Touchstone Pictures)",https://www.metacritic.com/movie/high-fidelity/,false,true
500,high-noon-re-release,High Noon,1952,89,83,107,"This classic 1952 Western stars Gary Cooper as just-married lawman Will Kane, who is about to retire as a small-town sheriff and begin a new life with his bride (Grace Kelly) when he learns that gunslinger Frank Miller (Ian MacDonald) is due to arrive at high noon to settle an old score.",https://www.metacritic.com/movie/high-noon-re-release/,true,true
501,highlander,Highlander,1986,24,74,146,"Connor Macleod, an immortal Scottish swordsman, must confront the last of his immortal opponents, a murderously brutal barbarian who lusts for the fabled ""Prize"".",https://www.metacritic.com/movie/highlander/,false,true
502,his-girl-friday,His Girl Friday,1940,94,80,7,"When a newspaper editor's ace reporter ex-wife is about to quit her job and remarry, he buys himself time to win her back by promising her an exclusive interview with a death row convict.",https://www.metacritic.com/movie/his-girl-friday/,true,false
503,hit-the-road,Hit the Road,2022,91,71,33,"A family of four – two middle-aged parents and their sons, one a taciturn adult, the other an ebullient six-year-old – drive across the Iranian countryside. Over the course of the trip, they bond over memories of the past, grapple with fears of the unknown, and fuss over their sick dog.",https://www.metacritic.com/movie/hit-the-road/,true,false
504,holy-motors,Holy Motors,2012,85,75,144,"Inspired by the filmmaker’s fascination with the after hours life of stretch limousines, Denis Lavant plays Monsieur Oscar who, over the course of a single day, takes on 10 other guises, ranging from a gangster and ageing millionaire to a troubled parent and anarchic tramp. Including a few unexpected cameos, Holy Motors is the rarest of things – a true original. (Indomina Releasing)",https://www.metacritic.com/movie/holy-motors/,true,false
505,home-alone,Home Alone,1990,63,81,601,"Eight-year-old Kevin McCallister has become the man of the house, overnight!  Accidentally left behind when his family rushes off on a Christmas vacation, Kevin gets busy decorating the house for the holidays. But he's not decking the halls with tinsel and holly. Two bumbling burglars are trying to break in, and Kevin's rigging a bewildering battery of booby traps to welcome them! (20th Century Fox Corp.)",https://www.metacritic.com/movie/home-alone/,false,true
506,home-alone-2-lost-in-new-york,Home Alone 2: Lost in New York,1992,46,74,157,"One year after Kevin McCallister was left home alone and had to defeat a pair of bumbling burglars, he accidentally finds himself stranded in New York City - and the same criminals are not far behind.",https://www.metacritic.com/movie/home-alone-2-lost-in-new-york/,false,true
507,honeyland,Honeyland,2019,85,88,63,"Hatidze lives with her ailing mother in the mountains of Macedonia, making a living cultivating honey using ancient beekeeping traditions. When an unruly family moves in next door, what at first seems like a balm for her solitude becomes a source of tension as they, too, want to practice beekeeping, while disregarding her advice.",https://www.metacritic.com/movie/honeyland/,true,false
508,hoop-dreams,Hoop Dreams,1994,98,80,118,Two inner-city Chicago boys with hopes of becoming professional basketball players struggle to become college players.,https://www.metacritic.com/movie/hoop-dreams/,true,true
509,hope,Hope,2021,87,73,14,"Anja (Andrea Bræin Hovig) lives with Tomas (Stellan Skarsgård) in a large family of biological children and stepchildren. For a number of years the two adults have grown independent of each other, with creative jobs in parallel worlds. When Anja gets a terminal cancer diagnosis, their modern life breaks down and exposes neglected love. Alone with her grief and her fears, Anja realizes that she needs Tomas’ full help and support. It’s their only chance. How else will their children find the strength once she is gone, if their parents are unable to weather the storm together? Anja and Tomas are thrown into a crash course in mutual trust, and eventually a joint struggle, to deal with this unexpected and premature death. By getting to know each other anew, they unconsciously become principal characters in a love story, finally learning to truly love each other after a long life spent together.",https://www.metacritic.com/movie/hope/,true,false
510,hope-and-glory,Hope and Glory,1988,86,86,8,"Bill, a young boy living on the outskirts of London experiences the exhilaration of World War II. During this period, Bill learns about sex, death, love, hypocrisy, and the faults of adults as he prowls the ruins of bombed houses.",https://www.metacritic.com/movie/hope-and-glory/,true,false
511,hotel-rwanda,Hotel Rwanda,2004,79,80,178,"Based on true events from the civil war in Rwanda, this film profiles Paul Rusesabagina (Don Cheadle), the manager of a luxury hotel who opened his establishment to Tutsi refugees despite the danger to himself and his family.",https://www.metacritic.com/movie/hotel-rwanda/,false,true
512,house-of-flying-daggers,House of Flying Daggers,2004,89,77,163,"The year is 859 AD, and China's once flourishing Tang Dynasty is in decline. Unrest is raging throughout the land, and the corrupt government is locked in battle with rebel armies that are forming in protest. The largest and most prestigious of these rebel groups is the House of Flying Daggers, which is growing ever more powerful under a mysterious new leader.  (Sony Pictures Classics)",https://www.metacritic.com/movie/house-of-flying-daggers/,true,true
513,house-of-sand-and-fog,House of Sand and Fog,2003,71,75,67,"A gripping exploration of the American Dream gone awry, House of Sand and Fog is the story of two people driven to desperate measures to claim ownership of a house.  (DreamWorks Pictures)",https://www.metacritic.com/movie/house-of-sand-and-fog/,false,true
514,how-green-was-my-valley,How Green Was My Valley,1941,88,68,24,"At the turn of the century in a Welsh mining village, the Morgans, he stern, she gentle, raise coal-mining sons and hope their youngest will find a better life.",https://www.metacritic.com/movie/how-green-was-my-valley/,true,false
515,how-to-survive-a-plague,How to Survive a Plague,2012,86,83,32,"How To Survive A Plague is the untold story of the efforts that turned AIDS into a mostly manageable condition – and the improbable group of young men and women who, with no scientific training, infiltrated government agencies and the pharmaceutical industry, and helped identify promising new compounds, moving them through trials and into drugstores in record time. These drugs saved their lives and ended the darkest days of the epidemic, while virtually emptying AIDS wards in American hospitals. (IFC Films)",https://www.metacritic.com/movie/how-to-survive-a-plague/,true,false
516,how-to-train-your-dragon,How to Train Your Dragon,2010,75,86,972,"Set in the mythical world of burly Vikings and wild dragons, and based on the book by Cressida Cowell, the action comedy tells the story of Hiccup, a Viking teenager who doesn’t exactly fit in with his tribe's longstanding tradition of heroic dragon slayers. Hiccup's world is turned upside down when he encounters a dragon that challenges he and his fellow Vikings to see the world from an entirely different point of view. [Dreamworks Animation]",https://www.metacritic.com/movie/how-to-train-your-dragon/,false,true
517,howards-end,Howards End,1992,88,80,53,Merchant Ivory's adaptation of E.M. Forster's story of two unmarried sisters who befriend a poor young clerk and unwittingly ruin his life.,https://www.metacritic.com/movie/howards-end/,true,false
518,howls-moving-castle,Howl's Moving Castle,2005,82,86,597,An amazing new animated adventure that celebrates the power of love to transform and the resiliency of the human spirit in the face of adversity.  (Disney),https://www.metacritic.com/movie/howls-moving-castle/,false,true
519,hugo,Hugo,2011,83,75,847,"Based on Brian Selznick's captivating and imaginative New York Times bestseller ""The Invention of Hugo Cabret."" Hugo Cabret, Scorsese's first film shot in 3D, tells the tale of an orphan boy living a secret life in the walls of a Paris train station. When Hugo encounters a broken machine, an eccentric girl, and the cold, reserved man who runs the toy shop, he is caught up in a magical, mysterious adventure that could put all of his secrets in jeopardy. (Sony Pictures)",https://www.metacritic.com/movie/hugo/,false,true
520,hunger,Hunger,2008,82,77,128,"Hunger follows life in the Maze Prison, Northern Ireland, with an interpretation of the highly emotive events surrounding the 1981 IRA Hunger Strike led by Bobby Sands. With an epic eye for detail, the film provides a timely exploration of what happens when body and mind are pushed to the uttermost limit. (IFC Films)",https://www.metacritic.com/movie/hunger/,false,true
521,i-am-another-you,I Am Another You,2017,85,60,6,"When Chinese filmmaker Nanfu Wang first comes to America, Florida seems like an exotic frontier full of theme parks, prehistoric swamp creatures, and sunburned denizens. As she travels wide-eyed from one city to another, she encounters Dylan, a charismatic young drifter who left a comfortable home and loving family for a life of intentional homelessness. Fascinated by his choice and rejection of society's rules, Nanfu follows Dylan with her camera on a journey that takes her across America and explores the meaning of freedom - and its limits. [SXSW]",https://www.metacritic.com/movie/i-am-another-you/,true,false
522,i-am-cuba,I Am Cuba,1995,91,81,9,Four vignettes about the lives of the Cuban people set during the pre-revolutionary era.,https://www.metacritic.com/movie/i-am-cuba/,true,false
523,i-am-love,I Am Love,2010,79,74,81,"I am Love tells the story of the wealthy Recchi family, whose lives are undergoing sweeping changes. Eduardo Sr., the family patriarch, has decided to name a successor to the reins of his massive industrial company, surprising everyone by splitting power between his son Tancredi, and grandson Edo. But Edo dreams of opening a restaurant with his friend Antonio, a handsome and talented chef. At the heart of the family is Tancredi’s wife Emma, a Russian immigrant who has adopted the culture of Milan. An adoring and attentive mother, her existence is shocked to the core when she falls quickly and deeply in love with Edo’s friend and partner Antonio, and embarks on a passionate love affair that will change her family forever. [Magnolia]",https://www.metacritic.com/movie/i-am-love/,false,true
524,i-am-not-your-negro,I Am Not Your Negro,2016,95,54,226,"Director Raoul Peck envisions the book James Baldwin never finished - a radical narration about race in America, using the writer’s original words. He draws upon James Baldwin’s notes on the lives and assassinations of Medgar Evers, Malcolm X, and Martin Luther King Jr to explore and bring a fresh and radical perspective to the current racial narrative in America. [Magnolia Pictures]",https://www.metacritic.com/movie/i-am-not-your-negro/,true,false
525,i-called-him-morgan,I Called Him Morgan,2017,90,68,20,"On a snowy night in February 1972, the 33 year old jazz trumpet star Lee Morgan was shot dead by his common-law wife, Helen, during a gig at a club in New York City. The murder sent shockwaves through the jazz community, and the memory of the event still haunts the people who knew the Morgans. Helen served time for the crime and, following her release, retreated into obscurity. Over 20 years later, a chance encounter led her to give a remarkable interview. Helen’s revealing audio “testimony” acts as a refrain throughout the film, which draws together a wealth of archival photographs and footage, notable talking heads and incredible jazz music to tell the ill-fated pair’s story.",https://www.metacritic.com/movie/i-called-him-morgan/,true,false
526,i-killed-my-mother,I Killed My Mother,2010,77,77,75,"Hubert Minel (Xavier Dolan) is a 16-year-old Québécois living in suburban Montreal with his single mother, Chantale (Anne Dorval). Beautifully capturing the anxieties of a mother-son relationship, as well as their inability to re-affirm their love for each other, Dolan made a movie that tackles a variety of issues including bullying, the difficulties of single parenting, and many specific challenges facing queer youth.",https://www.metacritic.com/movie/i-killed-my-mother/,false,true
527,i-know-where-im-going!,I Know Where I'm Going!,1946,86,71,7,"A young Englishwoman goes to the Hebrides to marry her older, wealthier fiancé. When the weather keeps them separated on different islands, she begins to have second thoughts.",https://www.metacritic.com/movie/i-know-where-im-going!/,true,false
528,i-saw-the-devil,I Saw the Devil,2011,67,77,212,"On a freezing, snowy night, his latest victim is the beautiful Ju-yeon, daughter of a retired police chief and pregnant fiancée of elite special agent Dae-hoon. Obsessed with revenge, Dae-hoon decides to track down the murderer, even if doing so means becoming a monster himself. And when he finds Kyung-chul, turning him in to the authorities is the last thing on his mind. (Magnet Releasing)",https://www.metacritic.com/movie/i-saw-the-devil/,false,true
529,i-saw-the-tv-glow,I Saw the TV Glow,2024,86,63,253,"Teenager Owen is just trying to make it through life in the suburbs when his classmate introduces him to a mysterious late-night TV show — a vision of a supernatural world beneath their own. In the pale glow of the television, Owen’s view of reality begins to crack.",https://www.metacritic.com/movie/i-saw-the-tv-glow/,true,false
530,i-travel-because-i-have-to-i-come-back-because-i-love-you,"I Travel Because I Have to, I Come Back Because I Love You",2011,87,76,7,"José Renato, a 35 year old geologist, is sent on a fieldtrip to the scrublands of the Sertão, a semi-arid isolated region in the Northeast of Brazil. The goal of his survey is to assess possible routes for a water canal from the region’s only voluminous river. As the fieldtrip progresses, we sense that José Renato has something in common with the places he visits: emptiness, a sense of abandonment and isolation. But he presses ahead, continuing the trip in hope that the crossing can somehow transmute his feelings. [Figa Films]",https://www.metacritic.com/movie/i-travel-because-i-have-to-i-come-back-because-i-love-you/,true,false
531,i-vitelloni-re-release,I Vitelloni [re-release],2003,87,77,31,"Federico Fellini's first international success, this 1953 film, based on memories of his youth in Rimini, focuses on five layabouts in a sleepy seaside town during the winter offseason.  [Film Forum]",https://www.metacritic.com/movie/i-vitelloni-re-release/,true,false
532,ice-age,Ice Age,2002,61,77,466,"A quartet of misfits (including a fast talking but dim sloth named Sid; a moody woolly mammoth named Manny; a devilish saber-toothed tiger named Diego; and an acorn-crazy saber-toothed squirrel known as Scrat) unexpectedly, and reluctantly, comes together in a quest to return a human infant to his father.  (Twentieth Century Fox)",https://www.metacritic.com/movie/ice-age/,false,true
533,ida,Ida,2014,91,75,225,"Poland, 1962. Anna (Agata Trzebuchowska), an eighteen-year-old novitiate nun is on the verge of taking her vows when she discovers a dark family secret dating back to the years of the Nazi occupation.",https://www.metacritic.com/movie/ida/,true,false
534,identifying-features,Identifying Features,2021,85,69,20,"Middle-aged Magdalena (Mercedes Hernandez) has lost contact with her son after he took off with a friend from their town of Guanajuato to cross the border into the U.S., hopeful to find work. Desperate to find out what happened to him—and to know whether or not he’s even alive—she embarks on an ever-expanding and increasingly dangerous journey to discover the truth. At the same time, a young man named Miguel (David Illescas) has returned to Mexico after being deported from the U.S., and eventually his path converges with Magdalena’s.",https://www.metacritic.com/movie/identifying-features/,true,false
535,if-beale-street-could-talk,If Beale Street Could Talk,2018,87,70,179,"Set in early-1970s Harlem, If Beale Street Could Talk is a timeless and moving love story of both a couple's unbreakable bond and the African-American family's empowering embrace, as told through the eyes of 19-year old Tish Rivers (KiKi Layne).  A daughter and wife-to-be, Tish vividly recalls the passion, respect and trust that have connected her and her artist fiancé Alonzo Hunt, who goes by the nickname Fonny (Stephan James).  Friends since childhood, the devoted couple dream of a future together but their plans are derailed when Fonny is arrested for a crime he did not commit. Tish knows that Fonny is innocent, and is mindful that his good friend Daniel Carty (Brian Tyree Henry) has only recently been freed after an unjust incarceration.  While Fonny's mother (Aunjanue Ellis) clings to piety and his father (Michael Beach) grapples with feelings of powerlessness, Tish's earthy father Joseph (Colman Domingo) and fierce older sister Ernestine (Teyonah Parris) are unwavering in their support.  Even more anxious to clear Fonny's name is Tish's deeply compassionate mother Sharon (Regina King), readying to put herself on the line for her daughter and future son-in-law's happiness...and for the couple's unborn child, whose arrival will herald new joys and challenges.  Facing the unexpected prospect of parenthood and holding down a job without her partner at her side, Tish must adjust her perspective on the realities of her existence.  She visits Fonny regularly, trying to shore up his spirit even as prison takes its toll.  As the weeks turn to months, Tish reaffirms their hopes and resilience, relying on familial and inner strength. [Annapurna Pictures]",https://www.metacritic.com/movie/if-beale-street-could-talk/,true,false
536,ikiru,Ikiru,1956,92,88,73,A bureaucrat tries to find meaning in his life after he discovers he has terminal cancer.,https://www.metacritic.com/movie/ikiru/,true,true
537,ilo-ilo,Ilo Ilo,2014,85,77,29,"Set in Singapore during the 1997 Asian financial crisis. Ilo Ilo chronicles the day-to-day drama of the Lim family - troublesome grade-schooler Jiale and his overstressed parents, Heck and Leng. Comfortably middleclass and with another baby on the way, they hire Teresa, a Filipino immigrant, as a live-in maid and nanny. An outsider in both the family and Singapore itself, Teresa initially struggles to manage Jiale's antics and find her footing in her new community. The two eventually form a unique bond, but just as Teresa becomes an unspoken part of the family, unforeseen circumstances in an uncertain economy will challenge the new normal yet again. [Film Movement]",https://www.metacritic.com/movie/ilo-ilo/,true,false
538,im-going-home,I'm Going Home,2002,88,73,6,"The story of an aging French actor who - after learning his family has been killed in an accident - still carries on with his career, enjoys his morning espresso and newspaper, appreciates the endless beauty that is Paris, and takes a stand against the philistinism that plagues his professional life. [Film Forum]",https://www.metacritic.com/movie/im-going-home/,true,false
539,imitation-of-life,Imitation of Life,1959,87,79,10,"An aspiring white actress befriends an African American widow, but trouble arises when the latter is rejected by her daughter, who tries to pass for white.",https://www.metacritic.com/movie/imitation-of-life/,true,false
540,in-a-better-world,In a Better World,2011,65,79,54,"Anton is a doctor who commutes between his home in an idyllic town in Denmark, and his work at an African refugee camp. In these two very different worlds, he and his family are faced with conflicts that lead them to difficult choices between revenge and forgiveness. Anton and his wife Marianne, who have two young sons, are separated and struggling with the possibility of divorce. Their older, ten-year-old son Elias is being bullied at school, until he is defended by Christian, a new boy who has just moved from London with his father, Claus. Christian's mother recently lost her battle with cancer, and Christian is greatly troubled by her death.
Elias and Christian quickly form a strong bond, but when Christian involves Elias in a dangerous act of revenge with potentially tragic consequences, their friendship is tested and lives are put in danger. Ultimately, it is their parents who are left to help them come to terms with the complexity of human emotions, pain and empathy. (Sony Pictures Classics)",https://www.metacritic.com/movie/in-a-better-world/,false,true
541,in-bruges,In Bruges,2008,67,83,422,"Very much out of place amidst the gothic architecture, canals, and cobbled streets, the two hit men fill their days living the lives of tourists. Ray, still haunted by the bloodshed in London, hates the place, while Ken, even as he keeps a fatherly eye on Ray's often profanely funny exploits, finds his mind and soul being expanded by the beauty and serenity of the city. But the longer they stay waiting for Harry's call, the more surreal their experience becomes, as they find themselves in weird encounters with locals, tourists, violent medieval art, a dwarf American actor shooting a European art film, Dutch prostitutes, and a potential romance for Ray in the form of Chloe, who may have some dark secrets of her own.  And when the call from Harry does finally come, Ken and Ray's vacation becomes a life-and-death struggle of darkly comic proportions and surprisingly emotional consequences. [Focus Features]",https://www.metacritic.com/movie/in-bruges/,false,true
542,in-front-of-your-face,In Front of Your Face,2022,85,60,5,"After years living abroad, former actress Sangok (Lee Hyeyoung) is back in Seoul, staying with her sister Jeongok (Cho Yunhee) in her high-rise apartment. The siblings sleep late, have breakfast in a cafe and visit a restaurant owned by Jeongok's son. But as the details of Sangok's day accrue (a spill on her blouse, an encounter at her childhood home), it becomes clear that there is much she is not revealing. And these mysterious circumstances have something to do with her decision to meet with film director Jaewon (Kwon Haehyo) to discuss her return to acting.",https://www.metacritic.com/movie/in-front-of-your-face/,true,false
543,in-the-bedroom,In the Bedroom,2001,86,76,66,"Set in a tranquil town on the coast of Maine, In the Bedroom tells the story of a couple whose only child is involved in a love affair with a single mother.  When the relationship comes to a sudden and tragic end, each person must face the intensely difficult decision of how to respond. [Miramax]",https://www.metacritic.com/movie/in-the-bedroom/,true,true
544,in-the-heat-of-the-night,In the Heat of the Night,1967,76,79,58,An African American police detective is asked to investigate a murder in a racially hostile southern town.,https://www.metacritic.com/movie/in-the-heat-of-the-night/,false,true
545,in-the-line-of-fire,In the Line of Fire,1993,74,76,91,"Eastwood stars as Frank Horrigan, a veteran Secret Service agent haunted by his failure to protect John F. Kennedy from assassination. Thirty years later, he gets a chance to redeem himself when a brilliant psychopath threatens to kill the current president and take Horrigan with him. [Sony Pictures]",https://www.metacritic.com/movie/in-the-line-of-fire/,false,true
546,in-the-loop,In the Loop,2009,83,77,103,"With razor-sharp, truly laugh-out-loud dialogue the film pokes fun at the absurdity and ineptitude of our highest leaders. With everyone looking out for number one, and the fate of the free world at stake (but apparently incidental), the hilarious ensemble cast of characters bumbles its way through Machiavellian political dealings, across continents, and toward comic resolutions that are unforeseeable. (IFC Films)",https://www.metacritic.com/movie/in-the-loop/,false,true
547,in-the-mood-for-love,In the Mood for Love,2001,87,84,240,"Chow Mo-wan rents a room in a Hong Kong apartment building.  It's sheer coincidence that he moves in the same day that Su Li-zhen moves in next door.  They never have a real conversation until Mr. Chow realizes that their respective spouses are having an affair. This discovery shocks both of them. Mr. Chow, feeling hurt and wishing to understand how the affair happened, begins finding excuses to spend time with Mrs. Chan. [USA Films]",https://www.metacritic.com/movie/in-the-mood-for-love/,true,true
548,in-the-name-of-the-father,In the Name of the Father,1993,84,83,147,Academy Award winner Daniel Day-Lewis gives an impassioned performance in this riveting drama that mirrors one man's 15-year struggle and ultimate triumph over a terrible injustice.  [Universal Studios],https://www.metacritic.com/movie/in-the-name-of-the-father/,false,true
549,in-the-same-breath,In the Same Breath,2021,85,79,10,"In the Same Breath recounts the experiences of people on the ground in the earliest days of the novel coronavirus and the way two countries dealt with its initial spread, from the first days of the outbreak in Wuhan to its rampage across the United States. Directed with a deeply personal approach by Wang, who was born in China and now lives in the United States, the film explores the early confusion and parallel campaigns by authorities to try to contain the virus as well as shape the public narrative through misinformation, resulting in a devastating impact on citizens of both countries. [HBO]",https://www.metacritic.com/movie/in-the-same-breath/,true,false
550,in-transit,In Transit,2017,88,48,4,"In Transit journeys into the hearts and minds of everyday passengers aboard Amtrak's Empire Builder, the busiest long-distance train route in America. Captured in the tradition of Direct Cinema, the film unfolds as a series of interconnected vignettes, ranging from overheard conversations to moments of deep intimacy, in which passengers share their fears, hopes and dreams. In the space between stations, where 'real life' is suspended, we are swept into a fleeting community that transcends normal barriers, and where a peculiar atmosphere of contemplation and community develops. To some passengers, the train is flight and salvation, to others it is reckoning and loss. But for all, it is a place for personal reflection and connecting with others they may otherwise never know.",https://www.metacritic.com/movie/in-transit/,true,false
551,incendies,Incendies,2011,80,82,245,"When notary Lebel sits down with Jeanne and Simon Marwan to read them their mother Nawal’s will, the twins are stunned to receive a pair of envelopes – one for  the father they thought was dead and another for a brother they didn’t know existed.  In this enigmatic inheritance, Jeanne sees the key to Nawal’s retreat into unexplained silence during the final weeks of her life. With Lebel’s help, the twins piece together the story of the woman who brought them into the world, discovering a tragic fate as well as the courage of an exceptional woman. (Sony Pictures Classics)",https://www.metacritic.com/movie/incendies/,false,true
552,inception,Inception,2010,74,88,4162,"Dom Cobb is a skilled thief, the absolute best in the dangerous art of extraction, stealing valuable secrets from deep within the subconscious during the dream state, when the mind is at its most vulnerable. Cobb's rare ability has made him a coveted player in this treacherous new world of corporate espionage, but it has also made him an international fugitive and cost him everything he has ever loved. Now Cobb is being offered a chance at redemption. One last job could give him his life back but only if he can accomplish the impossible—inception. Instead of the perfect heist, Cobb and his team of specialists have to pull off the reverse: their task is not to steal an idea but to plant one. If they succeed, it could be the perfect crime. But no amount of careful planning or expertise can prepare the team for the dangerous enemy that seems to predict their every move. An enemy that only Cobb could have seen coming. This summer, your mind is the scene of the crime. [Warner Bros. Pictures]",https://www.metacritic.com/movie/inception/,false,true
553,indiana-jones-and-the-last-crusade,Indiana Jones and the Last Crusade,1989,65,86,711,"When Dr. Henry Jones Sr. suddenly goes missing while pursuing the Holy Grail, eminent archaeologist Indiana Jones must follow in his father's footsteps and stop the Nazis.",https://www.metacritic.com/movie/indiana-jones-and-the-last-crusade/,false,true
554,indiana-jones-and-the-temple-of-doom,Indiana Jones and the Temple of Doom,1984,57,77,623,"After arriving in India, Indiana Jones is asked by a desperate village to find a mystical stone. He agrees, and stumbles upon a secret cult plotting a terrible plan in the catacombs of an ancient palace.",https://www.metacritic.com/movie/indiana-jones-and-the-temple-of-doom/,false,true
555,infernal-affairs,Infernal Affairs,2004,75,82,96,A tightly wound thriller which centers on two Hong Kong police officers - one a gang mole on the force and the other an undercover cop in the gang - who share the same objectives and who find their destinies intertwined in this high-octane police actioner. [Miramax],https://www.metacritic.com/movie/infernal-affairs/,false,true
556,inside-job,Inside Job,2010,88,83,163,"Inside Job is the first film to expose the shocking truth behind the economic crisis of 2008. The global financial meltdown, at a cost of over $20 trillion, resulted in millions of people losing their homes and jobs. Through extensive research and interviews with major financial insiders, politicians and journalists, Inside Job traces the rise of a rogue industry and unveils the corrosive relationships which have corrupted politics, regulation and academia. (Sony Classics)",https://www.metacritic.com/movie/inside-job/,true,true
557,inside-llewyn-davis,Inside Llewyn Davis,2013,93,78,616,"Llewyn Davis is at a crossroads. Guitar in tow, huddled against the unforgiving New York winter of 1961, he struggles to make it as a musician against seemingly insurmountable obstacles - some of them of his own making.",https://www.metacritic.com/movie/inside-llewyn-davis/,true,false
558,inside-out-2015,Inside Out,2015,94,86,2719,"Growing up can be a bumpy road, and it’s no exception for Riley, who is uprooted from her Midwest life when her father starts a new job in San Francisco. Like all of us, Riley is guided by her emotions: Joy (Amy Poehler), Fear (Bill Hader), Anger (Lewis Black), Disgust (Mindy Kaling) and Sadness (Phyllis Smith). The emotions live in Headquarters, the control center inside Riley’s mind, where they help advise her through everyday life. As Riley and her emotions struggle to adjust to a new life in San Francisco, turmoil ensues in Headquarters. Although Joy, Riley’s main and most important emotion, tries to keep things positive, the emotions conflict on how best to navigate a new city, house, and school. [Pixar]",https://www.metacritic.com/movie/inside-out-2015/,true,false
559,inside-the-yellow-cocoon-shell,Inside the Yellow Cocoon Shell,2024,94,72,59,"After a car accident claims the life of his sister-in-law and leaves his 5-year-old nephew an orphan, a thirtysomething man named Thien (Le Phong Vu) leaves Saigon for a trip back to his rural hometown. During his meditative, wandering visit, Thien wrestles with his own agnosticism in the face of others’ religious beliefs, summons memories of his long-disappeared brother, and reconnects with a former girlfriend who now lives as a nun at a Christian church and school.",https://www.metacritic.com/movie/inside-the-yellow-cocoon-shell/,true,false
560,insomnia,Insomnia,2002,78,76,453,"From acclaimed director Christopher Nolan (""Memento"") comes the story of Will Dormer (Pacino), a veteran LAPD detective who travels to a small Alaskan town with his partner Hap (Donovan) to investigate the disturbing murder of a seventeen year-old girl.  (Warner Bros.)",https://www.metacritic.com/movie/insomnia/,false,true
561,interview-with-the-vampire-the-vampire-chronicles,Interview with the Vampire: The Vampire Chronicles,1994,62,75,234,"The undead are among us and livelier than ever when Tom Cruise, Brad Pitt and a talented group of young-bloods star in Interview with the Vampire, the spellbinding screen adaptation of Anne Rice's best seller.  [Warner Bros.]",https://www.metacritic.com/movie/interview-with-the-vampire-the-vampire-chronicles/,false,true
562,intolerance,Intolerance,1916,99,68,72,"The story of a poor young woman, separated by prejudice from her husband and baby, is interwoven with tales of intolerance from throughout history.",https://www.metacritic.com/movie/intolerance/,true,false
563,invasion-of-the-body-snatchers-1956,Invasion of the Body Snatchers,1956,92,81,91,A small-town doctor learns that the population of his community is being replaced by emotionless alien duplicates.,https://www.metacritic.com/movie/invasion-of-the-body-snatchers-1956/,true,true
564,investigation-of-a-citizen-above-suspicion-re-release,Investigation of a Citizen Above Suspicion [re-release],2003,89,75,15,A detective (Gian Maria Volontè) kills his mistress and deliberately leaves clues to prove his own responsibility for the crime in this 1970 Italian drama.,https://www.metacritic.com/movie/investigation-of-a-citizen-above-suspicion-re-release/,true,false
565,ip-man,Ip Man,2010,59,82,206,"Ip Man is the award winning film adaptation about the life story of Ip Man, the grand master of the Wing Chun style of kung fu and sifu (master) of legendary kung fu superstar Bruce Lee. Set in Foshan, China, during the Sino Japanese War, Ip Man vividly brings to life the brutality of the infamous Japanese occupation, where once proud men are forced to fight till their death for a precious bag of rice. Defined by courage and humility, one man rises to the fore, Grandmaster Ip Man, whose matchless fighting skills are revered all over China. Upon refusing to teach his beloved fighting art to the invading Japanese soldiers, he is forced to fight for the honor of his country in a series of battles that will culminate in a kill or be killed showdown with General Miura Japan’s greatest fighter. (Variance Films)",https://www.metacritic.com/movie/ip-man/,false,true
566,ip-man-2,Ip Man 2,2011,67,77,127,"During the Sino-Japanese War, Ip Man protected the dignity of Chinese by his wushu (martial art). As he had beaten the Japanese army and made them mad, he had to escape. After the war, the family lived in Foshan and experienced hardship. Ip therefore went to Hong Kong to start a new page with his family in 1949. (Mandarin Films)",https://www.metacritic.com/movie/ip-man-2/,false,true
567,it-happened-one-night,It Happened One Night,1934,87,80,80,A spoiled heiress running away from her family is helped by a man who is actually a reporter in need of a story.,https://www.metacritic.com/movie/it-happened-one-night/,true,true
568,it-was-just-an-accident,It Was Just an Accident,2025,91,74,135,What begins as a minor accident sets in motion a series of escalating consequences.,https://www.metacritic.com/movie/it-was-just-an-accident/,true,false
569,its-a-wonderful-life,It's a Wonderful Life,1947,89,88,271,An angel is sent from Heaven to help a desperately frustrated businessman by showing him what life would have been like if he had never existed.,https://www.metacritic.com/movie/its-a-wonderful-life/,true,true
570,its-such-a-beautiful-day-2012,It's Such a Beautiful Day,2012,90,87,90,"Bill struggles to put together his shattered psyche, in this new feature film version of Don Hertzfeldt's animated short film trilogy.",https://www.metacritic.com/movie/its-such-a-beautiful-day-2012/,true,false
571,jackie-brown,Jackie Brown,1997,62,76,451,"What do a sexy stewardess, a street-tough gun runner, a lonely bail bondsman, a shifty ex-con, an earnest federal agent, and a stoned-out beach bunny have in common? They're six players on the trail of a half million dollars in cash! The only questions are ... who's getting played ... and who's gonna make the big score! [Miramax]",https://www.metacritic.com/movie/jackie-brown/,false,true
572,jacobs-ladder,Jacob's Ladder,1990,62,74,155,The life of a traumatized Vietnam vet. begins to unravel as the line between reality and nightmarish visions becomes blurred.,https://www.metacritic.com/movie/jacobs-ladder/,false,true
573,jafar-panahis-taxi,Jafar Panahi's Taxi,2015,91,71,76,"Director Jafar Panahi drives a yellow cab through the vibrant streets of Tehran, picking up a diverse group of passengers in a single day. Each man, woman, and child candidly expresses his or her own view of the world, while being interviewed by the curious and gracious driver/director. His camera, placed on the dashboard of his mobile film studio, captures a spirited slice of Iranian society while also brilliantly redefining the borders of comedy, drama and cinema. [Kino Lorber]",https://www.metacritic.com/movie/jafar-panahis-taxi/,true,false
574,jane,Jane,2017,87,82,26,"Jane is the story of how Jane Goodall became Jane Goodall – using footage shot by future husband Hugo van Lawick of her first experiences in Gombe, Tanzinia in the 1960’s.  Previously thought to be lost forever, the footage was only recently discovered in a storage unit, and has been now masterfully intercut with interviews of present day Jane Goodall to provide an in-depth portrait of her life. With an enchanting score by Phillip Glass, JANE is a captivating and immersive look into how one woman can change the world through passion, dedication, and perseverance.",https://www.metacritic.com/movie/jane/,true,false
575,jane-fonda-in-five-acts,Jane Fonda in Five Acts,2018,87,66,18,"A look at the life, work, activism and controversies of actress and fitness tycoon, Jane Fonda.",https://www.metacritic.com/movie/jane-fonda-in-five-acts/,true,false
576,jaws,Jaws,1975,87,86,880,"When the seaside community of Amity finds itself under attack by a dangerous great white shark, the town’s chief of police (Roy Scheider), a young marine biologist (Richard Dreyfuss) and a grizzled shark hunter (Robert Shaw) embark on a desperate quest to destroy the beast before it strikes again. [Universal Pictures]",https://www.metacritic.com/movie/jaws/,true,true
577,jeanne-dielman-23-quai-du-commerce-1080-bruxelles,"Jeanne Dielman, 23, quai du commerce, 1080 Bruxelles",1978,94,70,28,"A lonely widowed housewife does her daily chores, takes care of her apartment where she lives with her teenage son, and turns the occasional trick to make ends meet. However, something happens that changes her safe routine.",https://www.metacritic.com/movie/jeanne-dielman-23-quai-du-commerce-1080-bruxelles/,true,false
578,jerry-maguire,Jerry Maguire,1996,77,74,187,"Maguire (Cruise), a high-powered sports agent, is enchanted by a young mother (Zellweger) who believes in him and oversees the career comeback of his struggling football player client Ron Tidwell (Cuba Gooding Jr.).",https://www.metacritic.com/movie/jerry-maguire/,false,true
579,jules-and-jim,Jules and Jim,1962,97,71,42,Decades of a love triangle concerning two friends and an impulsive woman.,https://www.metacritic.com/movie/jules-and-jim/,true,false
580,jumanji,Jumanji,1995,41,74,346,"When young Alan Parrish discovers a mysterious board game, he doesn't realize its unimaginable powers, until he is magically transported before the startled eyes of his friend, Sarah, into the untamed jungles of Jumanji. There he remains for 26 years until he is freed from the game's spell by two unsuspecting children.  [Sony]",https://www.metacritic.com/movie/jumanji/,false,true
581,jurassic-park,Jurassic Park,1993,68,89,1374,"Featuring incredible special effects and action-packed drama, Jurassic Park takes you to a remote island where an amazing theme park with living dinosaurs is about to turn deadly, as five people must battle to survive among the prehistoric predators. [Universal Pictures]",https://www.metacritic.com/movie/jurassic-park/,false,true
582,kaili-blues,Kaili Blues,2016,85,74,14,"In a small clinic in the rain-drenched city of Kaili, two preoccupied doctors live ghost-like lives. One of them, Chen, decides to fulfill his dead mother’s wish and sets off on a train journey to look for his brother’s abandoned child. His partner in the clinic, a lonely old lady, asks Chen to find her old lover, and give him an old photograph, a shirt and a music cassette. But on the way, Chen passes a mysterious town called Dangmai, where time is not linear and people’s lives complement each other. Here, Chen experiences the past, present and future. It’s unclear whether this world is the doctor’s dream, or the other way around. [Grasshopper Film]",https://www.metacritic.com/movie/kaili-blues/,true,false
583,kick-ass,Kick-Ass,2010,66,79,775,"“How come nobody’s ever tried to be a superhero?” When Dave Lizewski – ordinary New York teenager and rabid comic-book geek dons a green-and-yellow internet-bought wetsuit to become the no-nonsense vigilante, Kick-Ass, he soon finds an answer to his own question: because it hurts. But, overcoming all the odds, the eager yet inexperienced Dave quickly becomes a phenomenon, capturing the imagination of the public. However, he’s not the only superhero out there – the fearless and highly-trained father-daughter crime-fighting duo, Big Daddy and Hit Girl have been slowly but surely taking down the criminal empire of local Mafioso, Frank D’Amico. And, as Kick-Ass gets drawn into their no-holds-barred world of bullets and bloodletting with Frank’s son, Chris, now reborn as Kick-Ass’s arch-nemesis, Red Mist - the stage is set for a final showdown between the forces of good and evil - in which the DIY hero will have to live up to his name. Or die trying…[Lionsgate]",https://www.metacritic.com/movie/kick-ass/,false,true
584,kikis-delivery-service,Kiki's Delivery Service,1989,85,83,212,"A young witch, on her mandatory year of independent life, finds fitting into a new community difficult while she supports herself by running an air courier service.",https://www.metacritic.com/movie/kikis-delivery-service/,true,true
585,kill-bill-the-whole-bloody-affair,Kill Bill: The Whole Bloody Affair,2025,95,78,176,"Quentin Tarantino’s Kill Bill: The Whole Bloody Affair unites Volume 1 and Volume 2 into a single, unrated epic—presented exactly as he intended, complete with a new, never-before-seen anime sequence. Uma Thurman stars as The Bride, left for dead after her former boss and lover Bill ambushes her wedding rehearsal, shooting her in the head and stealing her unborn child. To exact her vengeance, she must first hunt down the four remaining members of the Deadly Viper Assassination Squad before confronting Bill himself.",https://www.metacritic.com/movie/kill-bill-the-whole-bloody-affair/,true,false
586,kill-bill-vol-1,Kill Bill: Vol. 1,2003,69,83,1145,An epic tale of one woman's quest for justice presented in two installments.  (Miramax),https://www.metacritic.com/movie/kill-bill-vol-1/,false,true
587,kill-bill-vol-2,Kill Bill: Vol. 2,2004,83,82,983,An epic tale of one woman's quest for justice presented in two installments. (Miramax),https://www.metacritic.com/movie/kill-bill-vol-2/,false,true
588,killer-klowns-from-outer-space,Killer Klowns from Outer Space,1988,43,76,50,Aliens who look like clowns come from outer space and terrorize a small town.,https://www.metacritic.com/movie/killer-klowns-from-outer-space/,false,true
589,killer-of-sheep,Killer of Sheep,2007,96,79,35,"Killer of Sheep examines the black Los Angeles ghetto of Watts in the mid-1970s through the eyes of Stan, a sensitive dreamer who is growing detached and numb from the psychic toll of working at a slaughterhouse. The film offers no solutions; it merely presents life -- sometimes hauntingly bleak, sometimes filled with transcendent joy and gentle humor.  [Milestone Film & Video]",https://www.metacritic.com/movie/killer-of-sheep/,true,false
590,killers-of-the-flower-moon,Killers of the Flower Moon,2023,89,76,631,"At the turn of the 20th century, oil brought a fortune to the Osage Nation, who became some of the richest people in the world overnight. The wealth of these Native Americans immediately attracted white interlopers, who manipulated, extorted and stole as much Osage money as they could before resorting to murder. Based on a true story and told through the improbable romance of Ernest Burkhart (Leonardo DiCaprio) and Mollie Kyle (Lily Gladstone), Killers of the Flower Moon is an epic western crime saga, where real love crosses paths with unspeakable betrayal.",https://www.metacritic.com/movie/killers-of-the-flower-moon/,true,false
591,king-kong,King Kong,2005,81,78,624,"Director Peter Jackson (The Lord of the Rings trilogy) helms the dramatic adventure King Kong, bringing his sweeping cinematic vision to the iconic story of the gigantic ape captured in the wild and brought to civilization where he meets his tragic fate.  (Universal Studios)",https://www.metacritic.com/movie/king-kong/,false,true
592,king-kong-1933,King Kong,1933,92,77,119,A film crew travels to a tropical island for an exotic location shoot and discovers a colossal ape who falls for their blonde starlet. He is then captured and transported back to New York City for public exhibition.,https://www.metacritic.com/movie/king-kong-1933/,true,true
593,king-of-the-hill,King of the Hill,1993,86,82,15,"Based on A. E. Hotchner's memoir, this coming-of-age story follows Aaron Kurlander (Jesse Bradford) as he struggles to survive on his own while his traveling salesman father is away and his mother is committed to a sanatorium with tuberculosis.",https://www.metacritic.com/movie/king-of-the-hill/,true,false
594,kings-queen,Kings & Queen,2005,85,86,9,"This film expertly mixes comedy, tragedy and melodrama to tell the emotionally gripping story of the intersecting lives of two former lovers.  (Wellspring Media)",https://www.metacritic.com/movie/kings-queen/,true,false
595,kiss-kiss-bang-bang,Kiss Kiss Bang Bang,2005,73,75,212,A petty thief (Robert Downey Jr.) posing as an actor is brought to Los Angeles for an unlikely audition and finds himself in the middle of a murder investigation along with his high school dream girl (Michelle Monaghan) and a detective (Val Kilmer) who's been training him for his upcoming role.,https://www.metacritic.com/movie/kiss-kiss-bang-bang/,false,true
596,knocked-up,Knocked Up,2007,85,72,291,In this film about a one-night stand with unexpected consequences.  Judd Apatow takes comic look at the best thing that will ever ruin your best-laid plans: parenthood.  (Universal),https://www.metacritic.com/movie/knocked-up/,true,false
597,kramer-vs-kramer,Kramer vs. Kramer,1979,77,83,123,"Ted Kramer (Hoffman) must raise his son Billy (Henry) on his own after his wife (Streep) leaves him. After a time has passed she returns, wanting custody of the boy.",https://www.metacritic.com/movie/kramer-vs-kramer/,false,true
598,krisha,Krisha,2016,86,77,70,"When Krisha shows up at her sister's Texas home on Thanksgiving morning, her close and extended family greet her with a mixture of warmth and wariness. Almost immediately, a palpable unease permeates the air, one which only grows in force as Krisha gets to work cooking the turkey and trying to make up for lost time by catching up with her various relatives, chief among them her nephew, Trey. As Krisha's attempts at reconciliation become increasingly rebuffed, tension and suspicion reach their peak, with long-buried secrets and deep-seated resentments coming to the fore as everyone becomes immersed in an emotionally charged familial reckoning. [A24]",https://www.metacritic.com/movie/krisha/,true,false
599,kung-fu-panda,Kung Fu Panda,2008,74,83,681,"Enthusiastic, big and a little clumsy, Po is the biggest fan of Kung Fu around…which doesn’t exactly come in handy while working every day in his family’s noodle shop. Unexpectedly chosen to fulfill an ancient prophecy, Po’s dreams become reality when he joins the world of Kung Fu and studies alongside his idols—the legendary fighters Tigress, Crane, Mantis, Viper and Monkey—under the leadership of their guru, Master Shifu.  But before they know it, the vengeful and treacherous snow leopard Tai Lung is headed their way, and it’s up to Po to defend everyone from the oncoming threat. Can he turn his dreams of becoming a Kung Fu master into reality? Po puts his heart-and his girth-into the task, and the unlikely hero ultimately finds that his greatest weaknesses turn out to be his greatest strengths. [Dreamworks]",https://www.metacritic.com/movie/kung-fu-panda/,false,true
600,kung-pow-enter-the-fist,Kung Pow: Enter the Fist,2002,14,82,171,A spoof of dubbed martial arts movies.,https://www.metacritic.com/movie/kung-pow-enter-the-fist/,false,true
601,la-chimera,La Chimera,2024,91,74,90,"Everyone has their own Chimera, something they try to achieve but never manage to find. For the band of tombaroli, thieves of ancient grave goods and archaeological wonders, the Chimera means redemption from work and the dream of easy wealth. For Arthur, the Chimera looks like the woman he lost, Beniamina. To find her, Arthur challenges the invisible, searches everywhere, goes inside the earth – in search of the door to the afterlife of which myths speak. In an adventurous journey between the living and the dead, between forests and cities, between celebrations and solitudes, the intertwined destinies of these characters unfold, all in search of the Chimera. [Cannes]",https://www.metacritic.com/movie/la-chimera/,true,false
602,la-confidential,L.A. Confidential,1997,91,85,551,"Based on James Ellroy's novel about the movie industry, corrupt cops, tabloid journalism, gangsters and sexual obsessions of every stripe, L.A. Confidential is set in 1950's Los Angeles.",https://www.metacritic.com/movie/la-confidential/,true,true
603,la-dolce-vita-re-release,La Dolce Vita,1961,95,84,109,A series of stories following a week in the life of a philandering paparazzo journalist (Marcello Mastroianni) living in Rome.,https://www.metacritic.com/movie/la-dolce-vita-re-release/,true,true
604,la-la-land,La La Land,2016,94,84,2782,"Mia (Emma Stone), an aspiring actress, serves lattes to movie stars in between auditions, and Sebastian (Ryan Gosling), a dedicated jazz musician, scrapes by playing cocktail piano gigs in dingy bars, but as success mounts they are faced with decisions that begin to fray the fragile fabric of their love affair, and the dreams they worked so hard to maintain in each other threaten to rip them apart.",https://www.metacritic.com/movie/la-la-land/,true,false
605,la-vie-en-rose,La Vie en Rose,2007,66,75,81,"A swirling, impressionistic portrait of an artist who regretted nothing, writer-director Olivier Dahan's La Vie en Rose stars Marion Cotillard as the legendary French icon Edith Piaf.  [Picturehouse]",https://www.metacritic.com/movie/la-vie-en-rose/,false,true
606,labyrinth,Labyrinth,1986,50,79,191,"Babysitting infant stepbrother Toby on a weekend night isn’t young Sarah’s idea of fun. Frustrated by his crying, she secretly imagines the Goblins from her favorite book, Labyrinth, carrying Toby away. When her fantasy comes true, a distraught Sarah must enter a maze of illusion to bring Toby back from a kingdom inhabited by mystical creatures and governed by the wicked Goblin King. (Sony Pictures)",https://www.metacritic.com/movie/labyrinth/,false,true
607,lady-bird,Lady Bird,2017,93,77,1158,"Christine ""Lady Bird"" McPherson (Saoirse Ronan) fights against but is exactly like her wildly loving, deeply opinionated and strong-willed mom (Laurie Metcalf), a nurse working tirelessly to keep her family afloat after Lady Bird's father (Tracy Letts) loses his job. Set in Sacramento, California in 2002, amidst a rapidly shifting American economic landscape, Lady Bird is an affecting look at the relationships that shape us, the beliefs that define us, and the unmatched beauty of a place called home. [A24]",https://www.metacritic.com/movie/lady-bird/,true,false
608,lagaan-once-upon-a-time-in-india,Lagaan: Once Upon a Time in India,2002,84,80,76,The year is 1893 when Britain's Queen Victoria was the unsympathetic ruler of India.  This is an inspiring story of a battle without bloodshed fought by a group of unlikely heroes.  (Sony Pictures Classics),https://www.metacritic.com/movie/lagaan-once-upon-a-time-in-india/,false,true
609,last-days-in-vietnam,Last Days in Vietnam,2014,86,81,36,"During the chaotic final days of the Vietnam War, the North Vietnamese Army closes in on Saigon as South Vietnamese resistance crumbles. The United States has only a skeleton crew of diplomats and military operatives still in the country. As Communist victory becomes inevitable and the U.S. readies to withdraw, some Americans begin to consider the certain imprisonment and possible death of their South Vietnamese allies, co-workers, and friends. Meanwhile, the prospect of an official evacuation of South Vietnamese becomes terminally delayed by Congressional gridlock and the inexplicably optimistic U.S. Ambassador. With the clock ticking and the city under fire, a number of heroic Americans take matters into their own hands, engaging in unsanctioned and often makeshift operations in a desperate effort to save as many South Vietnamese lives as possible.",https://www.metacritic.com/movie/last-days-in-vietnam/,true,false
610,last-train-home,Last Train Home,2010,86,78,35,"Every spring, China’s cities are plunged into chaos as 130 million migrant workers journey to their home villages for the New Year’s holiday. This mass exodus is the world’s largest human migration—an epic spectacle that reveals a country tragically caught between its rural past and industrial future. Working over several years in classic verité style Chinese-Canadian filmmaker Lixin Fan (with the producers of the award-winning hit documentary Up the Yangtze) travels with one couple who have embarked on this annual trek for
almost two decades. Like so many of China’s rural poor, Zhang Changhua and Chen Suqin left behind their two infant children for grueling factory jobs. Their daughter Qin—now a restless and rebellious teenager—both bitterly resents their absence and longs for her own freedom away from school, much to the utter devastation of her parents. Emotionally engaging and starkly beautiful,
Last Train Home’s intimate observation of one fractured family sheds light on the human cost of China’s ascendance as an economic superpower. (Zeitgeist Films)",https://www.metacritic.com/movie/last-train-home/,true,false
611,late-spring-1949,Late Spring (1949),1972,93,77,26,"Several people try to talk 27-year-old Noriko into marrying, but all she wants is to keep on caring for her widowed father.",https://www.metacritic.com/movie/late-spring-1949/,true,false
612,lawrence-of-arabia-re-release,Lawrence of Arabia (re-release),2002,100,84,591,"The 40th anniversary re-release of David Lean's 1962 masterpiece, starring Peter O'Toole in one of the most electrifying debuts in film history.",https://www.metacritic.com/movie/lawrence-of-arabia-re-release/,true,false
613,le-cercle-rouge-1970,Le Cercle Rouge (1970),2003,92,81,49,"Corey (Alain Delon) is an aristocratic thief, released from prison on the same day that Vogel (Gian-Maria Volonté), a murderer, escapes from the custody of Mattei (Bourvil), a cat-loving police superintendent. Corey robs Rico (André Ekyan), his mob boss, then enlists Vogel and an ex-police sharpshooter, Jansen (Yves Montand), in a jewel heist. While Corey is harried by the vengeful Rico, Mattei pressures Santi, a nightclub owner and pimp, to help him trap the thieves.",https://www.metacritic.com/movie/le-cercle-rouge-1970/,true,false
614,le-samourai,Le Samouraï,1972,90,82,30,"Jef Costello (Alain Delon) is a contract killer with samurai instincts. After carrying out a flawlessly planned hit, Jef finds himself caught between a persistent police investigator and a ruthless employer, and not even his armor of fedora and trench coat can protect him.",https://www.metacritic.com/movie/le-samourai/,true,false
615,leave-no-trace,Leave No Trace,2018,88,76,206,"Will (Ben Foster) and his teenage daughter, Tom (Thomasin Harcourt McKenzie), have lived off the grid for years in the forests of Portland, Oregon. When their idyllic life is shattered, both are put into social services. After clashing with their new surroundings, Will and Tom set off on a harrowing journey back to their wild homeland.",https://www.metacritic.com/movie/leave-no-trace/,true,false
616,leaving-las-vegas,Leaving Las Vegas,1995,82,78,137,"After being fired, an alcoholic screenwriter (Nicolas Cage) takes his final paycheck to Las Vegas where he plans to drink himself to death.  He comes in contact with a prostitute (Elizabeh Shue) who needs to be needed.",https://www.metacritic.com/movie/leaving-las-vegas/,false,true
617,lebanon,Lebanon,2010,85,62,39,"June, 1982 - The First Lebanon War. A lone tank and a paratroopers platoon are dispatched to search a hostile town - a simple mission that turns into a nightmare. The four members of a tank crew find themselves in a violent situation that they cannot contain. Motivated by fear and the basic instinct of survival, they desperately try not to lose themselves in the chaos of war.",https://www.metacritic.com/movie/lebanon/,true,false
618,lenfant-the-child,L'Enfant (The Child),2006,87,78,29,"Dispossessed twenty-year old Bruno lives with his eighteen-year-old girlfriend Sonia in Seraing, an eastern Belgian steel town. They live off Sonia's unemployment benefits and the panhandling and petty theft committed by Bruno and his gang. Their lives change forever when Sonia gives birth to their child, Jimmy.  [Sony Pictures Classics]",https://www.metacritic.com/movie/lenfant-the-child/,true,false
619,let-me-in,Let Me In,2010,79,79,391,"An alienated 12-year-old boy befriends a mysterious young newcomer to his small New Mexico town, and discovers an unconventional path to adulthood. (Overture Films)",https://www.metacritic.com/movie/let-me-in/,false,true
620,let-the-fire-burn,Let the Fire Burn,2013,86,84,7,"On May 13, 1985, a longtime feud between the city of Philadelphia and controversial radical urban group MOVE came to a deadly climax. By order of local authorities, police dropped military-grade explosives onto a MOVE-occupied rowhouse. TV cameras captured the conflagration that quickly escalated&acirc;",https://www.metacritic.com/movie/let-the-fire-burn/,true,false
621,let-the-right-one-in,Let the Right One In,2008,82,81,303,"A fragile, anxious boy, 12-year-old Oskar is regularly bullied by his stronger classmates but never strikes back. The lonely boy's wish for a friend seems to come true when he meets Eli, also 12, who moves in next door to him with her father. A pale, serious young girl, she only comes out at night and doesn't seem affected by the freezing temperatures. Coinciding with Eli's arrival is a series of inexplicable disappearances and murders. One man is found tied to a tree, another frozen in the lake, a woman bitten in the neck. Blood seems to be the common denominator. But by now a subtle romance has blossomed between Oskar and Eli, and she gives him the strength to fight back against his aggressors. (Magnolia Pictures)",https://www.metacritic.com/movie/let-the-right-one-in/,false,true
622,lethal-weapon,Lethal Weapon,1987,68,77,193,"Riggs (Mel Gibson) is a volatile, unregistered risk-taker, known as a ""lethal weapon"" by his law enforcement colleagues. Murtaugh (Danny Glover) is the conservative detective with a solid reputation. Forced to form an uneasy alliance, they begin to unravel the mystery of an apparent suicide that turns out to be murder -- and more. [Warner Bros.]",https://www.metacritic.com/movie/lethal-weapon/,false,true
623,lethal-weapon-2,Lethal Weapon 2,1989,70,76,139,"Riggs wows the pretties of a hotel spa before getting to Getz. Murtaugh receives bad bodywork news from an auto repairman after his beleaguered station wagon sees some Riggs-piloted street action. Plus, feisty Leo shares a newly included scene in which he recalls a suspect's address by complex spins of numbers that, well, no one can tell it like Leo. And no one would follow his lead but Riggs and Murtaugh. It's police procedure, Lethal style. (Warner Bros.)",https://www.metacritic.com/movie/lethal-weapon-2/,false,true
624,letters-from-iwo-jima,Letters from Iwo Jima,2006,89,82,227,"In this companion piece to ""Flags of Our Fathers,"" Clint Eastwood presents the untold story of the Japanese soldiers and their general who 61 years ago defended against the invading American forces on the island of Iwo Jima.  (Warner Bros.)",https://www.metacritic.com/movie/letters-from-iwo-jima/,true,false
625,leviathan-2014,Leviathan,2014,92,73,284,"Kolia lives in a small town near the Barents Sea in North Russia. He has his own auto-repair shop. His shop stands right next to the house where he lives with his young wife Lilya and his son from a previous marriage. Vadim Shelevyat, the Mayor of the town, wants to take away his business, his house and his land. First he tries buying off Kolia, but Kolia cannot stand losing everything he has, not only the land, but also all the beauty that has surrounded him from the day of his birth. So Vadim Shelevyat starts being more aggressive.",https://www.metacritic.com/movie/leviathan-2014/,true,false
626,liar-liar,Liar Liar,1997,70,74,230,"Jim Carrey stars as a fast-talking attorney and habitual liar who, forced by his son's birthday wish, must tell the truth for the next 24 hours.  (Universal)",https://www.metacritic.com/movie/liar-liar/,false,true
627,licorice-pizza,Licorice Pizza,2021,90,69,386,"Licorice Pizza is the story of Alana Kane and Gary Valentine growing up, running around and falling in love in the San Fernando Valley, 1973. Written and Directed by Paul Thomas Anderson, the film tracks the treacherous navigation of first love.",https://www.metacritic.com/movie/licorice-pizza/,true,false
628,life-is-sweet,Life Is Sweet,1991,88,73,16,"Just north of London live Wendy, Andy, and their twenty-something twins, Natalie and Nicola. Wendy clerks in a shop, leads aerobics at a primary school, jokes like a vaudevillian, agrees to waitress at a friend's new restaurant and dotes on Andy, a cook who forever puts off home remodeling projects, and with a drunken friend, buys a broken down lunch wagon. Natalie, with short neat hair and a snappy, droll manner, is a plumber; she has a holiday planned in America, but little else. Last is Nicola, odd man out: a snarl, big glasses, cigarette, mussed hair, jittery fingers, bulimic, jobless, and unhappy. How they interact and play out family conflict and love is the film's subject.",https://www.metacritic.com/movie/life-is-sweet/,true,false
629,life-itself,Life Itself,2014,87,79,87,"In 2013, we lost Roger Ebert—arguably the nation’s best-known and most influential movie critic. Based on his memoir of the same name, Life Itself recounts Ebert’s fascinating and flawed journey—from politicized school newspaperman, to Chicago Sun-Times movie critic, to Pulitzer Prize winner, to television household name, to the miracle of finding love at 50, and finally his “third act” as a major voice on the Internet when he could no longer physically speak. [Magnolia Pictures]",https://www.metacritic.com/movie/life-itself/,true,false
630,like-water-for-chocolate,Like Water for Chocolate,1993,86,66,19,"When tradition prevents her from marrying the man she loves, a young woman discovers she has a unique talent for cooking.",https://www.metacritic.com/movie/like-water-for-chocolate/,true,false
631,lilo-stitch,Lilo & Stitch,2002,75,80,304,"In Lilo & Stitch, get ready to crash-land on Earth with Stitch, a runaway genetic experiment from a faraway planet. As he wreaks havoc on the Hawaiian Islands, he becomes the mischievous adopted alien ""puppy"" of an independent little girl named Lilo and learns about loyalty, friendship, and 'ohana, the Hawaiian tradition of family.",https://www.metacritic.com/movie/lilo-stitch/,false,true
632,lincoln,Lincoln,2012,87,74,864,"Lincoln is a revealing drama that focuses on the 16th President's tumultuous final months in office. In a nation divided by war and the strong winds of change, Lincoln pursues a course of action designed to end the war, unite the country and abolish slavery. With the moral courage and fierce determination to succeed, his choices during this critical moment will change the fate of generations to come. (DreamWorks Pictures)",https://www.metacritic.com/movie/lincoln/,true,false
633,listen-to-me-marlon,Listen to Me Marlon,2015,87,77,29,"With exclusive access to personal archive, this is the definitive Marlon Brando cinema documentary. Charting his exceptional career as an actor and extraordinary life away from the stage and screen, the film will fully explore the complexities of the man by telling the story uniquely from Marlon’s perspective. [Showtime]",https://www.metacritic.com/movie/listen-to-me-marlon/,true,false
634,little-children,Little Children,2006,75,76,94,"Based on the novel by Tom Perrotta, Little Children centers on a handful of individuals whose lives intersect on the playgrounds, town pools and streets of their small community in surprising and potentially dangerous ways.  [New Line Cinema]",https://www.metacritic.com/movie/little-children/,false,true
635,little-men,Little Men,2016,86,76,59,"Jake (Theo Taplitz) is a quiet, sensitive middle schooler with dreams of being an artist. He meets the affably brash Tony (Michael Barbieri) at his grandfather's funeral, and the unlikely pair soon hit it off. The budding friendship is put at risk, however, when a rent dispute between Jake's father, Brian (Greg Kinnear), and Tony's mother, Leonor (Paulina Garcia), threatens to become contentious.",https://www.metacritic.com/movie/little-men/,true,false
636,little-shop-of-horrors,Little Shop of Horrors,1986,81,74,95,"When geeky Seymour Krelborn discovers a very strange and unusual plant, business starts to turn around at the flower shop where he works and (sadly) lives.  When the plant's health is threatened, Seymour desperately discovers the gory secret to keeping it alive.  As Seymour grows more and more anemic and the number of bandages adorning his fingers mounts, the plant thrives, business booms and Seymour gets the girl.  But as the plant grows bigger, so does its demand for the life-nourishing liquid is craves and Seymour must discover other, bigger sources for feeding it...like the sadistic dentist next door.",https://www.metacritic.com/movie/little-shop-of-horrors/,false,true
637,little-women,Little Women,1994,87,75,92,"With her husband off at war, Marmee (Susan Sarandon) is left alone to raise their four daughters, her little women. There is the spirited Jo (Winona Ryder); conservative Meg (Trini Alvarado); fragile Beth (Claire Danes); and romantic Amy (Kirsten Dunst and Samantha Mathis). As the years pass, the sisters share some of the most cherished and painful memories of self-discovery, as Marmee and Aunt March (Mary Wickes) guide them through issues of independence, romance and virtue. [Sony Pictures]",https://www.metacritic.com/movie/little-women/,true,false
638,little-women-1933,Little Women,1933,92,61,22,A chronicle of the lives of a group of sisters growing up in nineteenth-century America.,https://www.metacritic.com/movie/little-women-1933/,true,false
639,little-women-2019,Little Women,2019,91,76,592,"Little Women draws on both the classic novel and the writings of Louisa May Alcott, and unfolds as the author’s alter ego, Jo March, reflects back and forth on her fictional life.  In writer-director Greta Gerwig’s take, the beloved story of the March sisters—four young women each determined to live life on her own terms—is both timeless and timely.",https://www.metacritic.com/movie/little-women-2019/,true,false
640,lock-stock-and-two-smoking-barrels,"Lock, Stock and Two Smoking Barrels",1999,67,84,294,"In this wild comedy of errors, a group of London friends find themselves deep in debt to an unsavory underworld figure.",https://www.metacritic.com/movie/lock-stock-and-two-smoking-barrels/,false,true
641,lolita-1969,Lolita,1962,79,75,59,A middle-aged college professor becomes infatuated with a fourteen-year-old nymphet.,https://www.metacritic.com/movie/lolita-1969/,false,true
642,long-days-journey-into-night,Long Day's Journey Into Night,2019,88,71,46,"Bi Gan follows up his knockout debut, Kaili Blues, with this noir-tinged stunner about a lost soul (Jue Huang) on a quest to find a missing woman from his past (Wei Tang). Following leads across Guizhou province, he crosses paths with a series of colorful characters, among them a prickly hairdresser played by Taiwanese superstar Sylvia Chang. When the search leads him to a dingy movie theater, the film launches into an hour-long, gravity-defying 3D sequence shot that plunges its protagonist—and us—into a labyrinthine cityscape. {Kino Lober]",https://www.metacritic.com/movie/long-days-journey-into-night/,true,false
643,lord-of-war,Lord of War,2005,62,77,226,"The film, based on fact, follows the globetrotting exploits of arms dealer Yuri Orlov (Cage). Through some of the deadliest war zones, Yuri struggles to stay one step ahead of a relentless Interpol agent (Hawke), his business rivals, even some of his customers who include many of the world’s most notorious dictators. Finally, Yuri must also face his own conscience.  (Lions Gate)",https://www.metacritic.com/movie/lord-of-war/,false,true
644,los-angeles-plays-itself,Los Angeles Plays Itself,2004,86,80,10,This documentary examines how Los Angeles has been portrayed by Hollywood and the impact of the movie industry on the city.,https://www.metacritic.com/movie/los-angeles-plays-itself/,true,false
645,lost-in-translation,Lost in Translation,2003,91,80,715,"Unable to sleep, Bob (Bill Murray) and Charlotte (Scarlett Johansson), two Americans in Tokyo, cross paths one night in the luxury hotel bar. This chance meeting soon becomes a surprising friendship. Charlotte and Bob venture through Tokyo, having often hilarious encounters with its citizens, and ultimately discover a new belief in life's possibilities. [Focus Features]",https://www.metacritic.com/movie/lost-in-translation/,true,false
646,love-affair-1939,Love Affair,1939,91,59,9,"A French playboy and an American former nightclub singer fall in love aboard a ship. They arrange to reunite six months later, after he has had a chance to earn a decent living.",https://www.metacritic.com/movie/love-affair-1939/,true,false
647,love-friendship,Love & Friendship,2016,87,69,124,"Set in the opulent drawing rooms of eighteenth-century English society, Love & Friendship focuses on the machinations of a beautiful widow, Lady Susan Vernon (Kate Beckinsale), who, while waiting for social chatter about a personal indiscretion to pass, takes up temporary residence at her in-laws’ estate. While there, the intelligent, flirtatious, and amusingly egotistical Lady Vernon is determined to be a matchmaker for her daughter Frederica—and herself too, naturally. She enlists the assistance of her old friend Alicia (Chloë Sevigny), but two particularly handsome suitors (Xavier Samuel and Tom Bennett) complicate her orchestrations.",https://www.metacritic.com/movie/love-friendship/,true,false
648,loveless-2017,Loveless,2017,86,80,133,"Zhenya and Boris are going through a vicious divorce marked by resentment, frustration and recriminations. Already embarking on new lives, each with a new partner, they are impatient to start again, to turn the page – even if it means threatening to abandon their 12-year-old son Alyosha. Until, after witnessing one of their fights, Alyosha disappears.",https://www.metacritic.com/movie/loveless-2017/,true,false
649,lust-caution,"Lust, Caution",2007,61,77,57,"Shanghai, 1942. Japan's World War II occupation of this Chinese city continues in force. Mrs. Mak, a woman of sophistication and means, walks into a café, places a phone call, and then sits and waits. She remembers how her story began several years earlier, in China in 1938. She is not in fact Mrs. Mak, but shy Wong Chia Chi. With WWII underway, Wong has been left behind by her father, who has escaped to England. As a freshman at university, she meets fellow student Kuang Yu Min. Kuang has started a drama society to shore up patriotism, As the theater troupe's new leading lady, Wong realizes that she has found her calling, able to move and inspire audiences--and Kuang. He convenes a core group of students to carry out a radical and ambitious plan to assassinate a top Japanese collaborator, Mr. Yee. Each student has a part to play; Wong will be Mrs. Mak, who will gain Yee's trust by befriending his wife and then draw the man into an affair. Wong transforms herself utterly inside and out, and the scenario proceeds as scripted--until an unexpectedly fatal twist spurs her to flee. (Focus Features)",https://www.metacritic.com/movie/lust-caution/,false,true
650,ma-raineys-black-bottom,Ma Rainey's Black Bottom,2020,87,68,211,"Tensions and temperatures rise over the course of an afternoon recording session in 1920s Chicago as a band of musicians await trailblazing performer, the legendary “Mother of the Blues,” Ma Rainey (Viola Davis). Late to the session, the fearless, fiery Ma engages in a battle of wills with her white manager and producer over control of her music. As the band waits in the studio’s claustrophobic rehearsal room, ambitious trumpeter Levee (Chadwick Boseman) — who has an eye for Ma’s girlfriend and is determined to stake his own claim on the music industry — spurs his fellow musicians into an eruption of stories revealing truths that will forever change the course of their lives.",https://www.metacritic.com/movie/ma-raineys-black-bottom/,true,false
651,maborosi,Maborosi,1997,92,81,19,"A young woman's husband apparently commits suicide without warning or reason, leaving behind his wife and infant. Yumiko remarries and moves from Osaka to a small fishing village, yet continues to search for meaning in a lonely world.",https://www.metacritic.com/movie/maborosi/,true,false
652,mad-max-fury-road,Mad Max: Fury Road,2015,90,85,4534,"In the furthest reaches of our planet, in a stark desert landscape where humanity is broken, and everyone is fighting for the necessities of life, there are two rebels who just might be able to restore order—Max (Tom Hardy), a man of action and few words, who seeks peace of mind following the loss of his wife and child in the aftermath of the chaos, and Furiosa (Charlize Theron), a woman of action who believes her path to survival may be achieved if she can make it across the desert back to her childhood homeland.",https://www.metacritic.com/movie/mad-max-fury-road/,true,false
653,mafioso-re-release,Mafioso [re-release],2007,88,55,4,"This re-release of the 1962 classic mob comedy stars award winning Italian cultural icon and actor Albert Sordi. Mafioso explores the regionalisms, preconceptions, and ethnic stereotypes of Italian culture in a witty and often uproarious manner when a slightly foolish factory worker (Sordi) takes his wife on a trip to Italy to meet his Sicilian family.",https://www.metacritic.com/movie/mafioso-re-release/,true,false
654,magellan,Magellan,2026,89,59,22,"At the dawn of the modern era, Portuguese explorer Ferdinand Magellan (Gael García Bernal) navigated a fleet of ships to Southeast Asia, attempting the first voyage across the vast Pacific Ocean. On reaching the Malay Archipelago, the crew pushed to the brink of madness in the harshness of the high seas and overwhelming natural beauty of the islands, Magellan's obsession leads to a rebellion and reckoning with the consequences of power.",https://www.metacritic.com/movie/magellan/,true,false
655,magnolia,Magnolia,1999,78,84,405,"On one random day in the San Fernando Valley, a dying father, a young wife, a male caretaker, a famous lost son, a police officer in love, a boy genius, an ex-boy genius, a game show host and an estranged daughter will each become part of a dazzling multiplicity of plots, but one story.  [New Line Cinema]",https://www.metacritic.com/movie/magnolia/,false,true
656,maidan,Maidan,2014,86,61,10,"Maidan chronicles the civil uprising that toppled the government of Ukrainian president Victor Yanukovich and has since developed into an international crisis between Russia and the West. Filmed in stunning long takes, sans commentary, Maidan is a record of a momentous historical event and an extraordinary study of the popular uprising as a social, cultural and philosophical phenomenon. [Cinema Guild]",https://www.metacritic.com/movie/maidan/,true,false
657,malcolm-x,Malcolm X,1992,73,76,109,"Often misunderstood, Malcolm X was one of the leading forces of the United States' Civil Rights Movement. He inspired many--and frightened many--but is destined to be remembered as one of the greatest men of his era. This riveting biography directed by Spike Lee and starring Denzel Washington in an Academy Award-nominated performance reveals the man at the center of a storm of change. [Warner Bros.]",https://www.metacritic.com/movie/malcolm-x/,false,true
658,mami-wata,Mami Wata,2023,87,82,5,"In the oceanside village of Iyi, the revered Mama Efe (Rita Edochie) acts as an intermediary between the people and the all-powerful water deity Mami Wata. But when a young boy is lost to a virus, Efe’s devoted daughter Zinwe (Uzoamaka Aniunoh) and skeptical protégé Prisca (Evelyne Ily Juhen) warn Efe about unrest among the villagers. With the sudden arrival of a mysterious rebel deserter named Jasper (Emeka Amakeze), a conflict erupts, leading to a violent clash of ideologies and a crisis of faith for the people of Iyi.",https://www.metacritic.com/movie/mami-wata/,true,false
659,man-on-fire,Man on Fire,2004,47,74,248,"Denzel Washington stars as a government operative/soldier of fortune who has pretty much given up on life. In Mexico City, he reluctantly agrees to take a job to protect a child (Fanning) whose parents are threatened by a wave of kidnappings. He eventually becomes close to the child and their relationship reawakens and rekindles his spirit. When she is abducted, his fiery rage is unleashed on those he feels responsible, and he stops at nothing to save her.  (20th Century Fox)",https://www.metacritic.com/movie/man-on-fire/,false,true
660,man-on-wire,Man on Wire,2008,89,82,108,"On August 7th 1974, a young Frenchman named Philippe Petit stepped out on a wire illegally rigged between New York's twin towers, then the world’s tallest buildings. After nearly an hour dancing on the wire, he was arrested, taken for psychological evaluation, and brought to jail before he was finally released. Following six and a half years of dreaming of the towers, Petit spent eight months in New York City planning the execution of the coup. Aided by a team of friends and accomplices, Petit was faced with numerous extraordinary challenges: he had to find a way to bypass the WTC’s security; smuggle the heavy steel cable and rigging equipment into the towers; pass the wire between the two rooftops; anchor the wire and tension it to withstand the winds and the swaying of the buildings. The rigging was done by night in complete secrecy. At 7:15 AM, Philippe took his first step on the high wire 1,350 feet above the sidewalks of Manhattan. [Magnolia Pictures]",https://www.metacritic.com/movie/man-on-wire/,true,false
661,man-with-a-movie-camera,Man with a Movie Camera,1929,96,70,30,"A man travels around a city with a camera slung over his shoulder, documenting urban life with dazzling invention.",https://www.metacritic.com/movie/man-with-a-movie-camera/,true,false
662,manakamana,Manakamana,2014,86,51,16,"High above a jungle in Nepal, pilgrims make an ancient journey by cable car to worship Manakamana.",https://www.metacritic.com/movie/manakamana/,true,false
663,manchester-by-the-sea,Manchester by the Sea,2016,96,82,1167,"After the death of his older brother Joe (Kyle Chandler), Lee Chandler (Casey Affleck) is shocked to learn that Joe has made him sole guardian of his nephew Patrick (Lucas Hedges). Taking leave of his job, Lee reluctantly returns to Manchester-by-the-Sea to care for Patrick, a spirited 15-year-old, and is forced to deal with a past that separated him from his wife Randi (Michelle Williams) and the community where he was born and raised.   Bonded by the man who held their family together, Lee and Patrick struggle to adjust to a world without him.",https://www.metacritic.com/movie/manchester-by-the-sea/,true,false
664,manhattan,Manhattan,1979,83,83,166,Manhattan is an extraordinary and funny film that explores the embattled life and loves of a successful New York comedy writer. [MGM],https://www.metacritic.com/movie/manhattan/,false,true
665,manhunter,Manhunter,1986,75,76,126,"FBI Agent Will Graham (Petersen) has captured the diabolical Dr. Hannibal Lecter (Cox), nearly losing more than just his mind in the process. But when Graham is called out of retirement to hunt the psychopath known as ""The Tooth Fairy"" (Noonan) he must once again confront the horrors of ""Hannibal The Cannibal"". If Will Graham enters the mind of the serial killer, can he ever come back? (Anchor Bay Entertainment)",https://www.metacritic.com/movie/manhunter/,false,true
666,manuscripts-dont-burn,Manuscripts Don't Burn,2014,88,64,13,"Clandestinely produced in disavowal of a 20-year filmmaking ban passed down by the Iranian authorities, the scathing Manuscripts Don’t Burn brings a whole new level of clarity and audacity to Mohommad Rasoulof’s already laudable career. Drawing from the true story of the government’s attempted 1995 murder of several prominent writers and intellectuals, Rasoulof imagines a repressive regime so pervasive that even the morally righteous are subsumed or cast aside. A lacerating and slow-burning thriller filmed in a frigid palate of blues and greys, Manuscripts Don’t Burn is perhaps the most subversive and incendiary j’accuse lodged against an authoritarian regime since the fall of the Soviet Union. [Kino Lorber]",https://www.metacritic.com/movie/manuscripts-dont-burn/,true,false
667,march-of-the-penguins,March of the Penguins,2005,79,77,55,This documentary chronicles one year in the life of an emperor penguin flock.,https://www.metacritic.com/movie/march-of-the-penguins/,false,true
668,maria-full-of-grace,Maria Full of Grace,2004,87,78,54,"This film follows a bright, gutsy young woman on a life-changing -- and life-threatening -- odyssey from Colombia to New York, weaving a gripping narrative of risk, determination and survival. (Fine Line Features)",https://www.metacritic.com/movie/maria-full-of-grace/,true,true
669,marriage-story,Marriage Story,2019,94,81,801,An incisive and compassionate portrait of a marriage breaking up and a family staying together.,https://www.metacritic.com/movie/marriage-story/,true,false
670,marty-supreme,Marty Supreme,2025,89,68,488,"Marty Mauser, a young man with a dream no one respects, goes to hell and back in pursuit of greatness.",https://www.metacritic.com/movie/marty-supreme/,true,false
671,mary-poppins,Mary Poppins,1964,88,81,125,A magic nanny comes to work for a cold banker's unhappy family.,https://www.metacritic.com/movie/mary-poppins/,true,true
672,masculine-feminine,Masculine Feminine,1966,93,83,28,"Originally released in 1966, Godard's film chronicles the love affair between Paul (Léaud), a young revolutionary enthusiast, and Madeleine (Goya), an aspiring pop singer, in fifteen vignettes set in the kinetic world of Paris.",https://www.metacritic.com/movie/masculine-feminine/,true,false
673,match-point,Match Point,2005,72,77,196,"Match Point is a drama about ambition and obsession, the seduction of wealth, and the often discordant relationship between love and sexual passion.  Perhaps most importantly, however, the story reveals the huge part luck plays in the events of our lives, refuting the comforting misconception that more of life is under our control than really is.  (Dream Works Pictures)",https://www.metacritic.com/movie/match-point/,false,true
674,may-december,May December,2023,86,69,182,"After their relationship ignited a tabloid saga two decades ago, Gracie (Julianne Moore) and Joe (Charles Melton) now lead a seemingly perfect suburban life. Their domestic bliss is disrupted when Elizabeth (Natalie Portman), a famous television actress, arrives in their tight-knit community to research her upcoming role as Gracie. As Elizabeth ingratiates herself into the everyday lives of Gracie and Joe, the uncomfortable facts of their scandal unfurl, causing long-dormant emotions to resurface.",https://www.metacritic.com/movie/may-december/,true,false
675,mccabe-mrs-miller,McCabe & Mrs. Miller,1971,93,74,26,"A gambler and a prostitute become business partners in a remote Old West mining town, and their enterprise thrives until a large corporation arrives on the scene.",https://www.metacritic.com/movie/mccabe-mrs-miller/,true,false
676,mean-girls,Mean Girls,2004,66,80,441,"Raised in the African bush country by her zoologist parents, Cady Heron (Lindsay Lohan) thinks she knows about ""survival of the fittest.""  But the law of the jungle takes on a whole new meaning when the home-schooled 15-year-old enters public high school for the first time and falls prey to the psychological warfare and unwritten social rules that teenage girls face today. [Paramount Pictures]",https://www.metacritic.com/movie/mean-girls/,false,true
677,mean-streets,Mean Streets,1973,96,75,149,"Charlie (Harvey Keitel) is working his way up the ranks of a local mob. Teresa (Amy Robinson) is the girlfriend his family deems unsuitable because of her epilepsy. Johnny Boy (Robert De Niro) is a small-time gambler in big-time debt to loan sharks. This is a story Martin Scorsese lived, a semi-biographical tale of the first-generation sons and daughters of New York's Little Italy. [Warner Bros.]",https://www.metacritic.com/movie/mean-streets/,true,true
678,medium-cool,Medium Cool,1969,87,62,5,A TV news reporter finds himself becoming personally involved in the violence that erupts around the 1968 Democratic National Convention.,https://www.metacritic.com/movie/medium-cool/,true,false
679,meet-me-in-st-louis,Meet Me in St. Louis,1945,94,72,33,Young love and childish fears highlight a year in the life of a turn-of-the-century family.,https://www.metacritic.com/movie/meet-me-in-st-louis/,true,false
680,megamind,Megamind,2010,63,77,568,"Megamind is the most brilliant super-villain the world has ever known...and the least successful. Over the years, he has tried to conquer Metro City in every imaginable way - Each attempt, a colossal failure thanks to the caped superhero known as ""Metro Man,"" until the day Megamind actually defeats him in the throes of one of his botched evil plans. Suddenly, the fate of Metro City is threatened when a new villain arrives and chaos runs rampant, leaving everyone to wonder: Can the world's biggest ""mind"" actually be the one to save the day? (Paramount Pictures)",https://www.metacritic.com/movie/megamind/,false,true
681,memento,Memento,2001,83,88,1322,"Dismissed by the police, Leonard Shelby (Pearce) is obsessed with pursuing vengeance for the rape and murder of his wife.  The difficulty of his quest is compounded by his rare, untreatable form of memory loss.",https://www.metacritic.com/movie/memento/,false,true
682,memoria-2020,Memoria,2021,92,66,54,"A Scottish woman (Tilda Swinton), after hearing a loud ‘bang’ at daybreak, begins experiencing a mysterious sensory syndrome while traversing the jungles of Colombia.",https://www.metacritic.com/movie/memoria-2020/,true,false
683,memories-of-murder,Memories of Murder,2005,82,86,268,"Memories of Murder tells the harrowing true story of the hunt for a sadistic serial rapist and murderer terrorizing a small province in 1980s South Korea. Marking the first of many successful collaborations between four-time Oscar winner Bong Joon Ho and leading man Song Kang Ho, the film follows the paths of three increasingly desperate detectives as they attempt to decipher the violent mind of a killer in a futile effort to solve the case. [Neon]",https://www.metacritic.com/movie/memories-of-murder/,false,true
684,men-in-black,Men in Black,1997,72,78,514,"Jones is K, a veteran of a government agency so secretive no one in power knows it exists; Smith is J, a former New York cop turned rookie operative. The two dress like the FBI but better, and drive a Ford that moves like the Stealth bomber. And, when not hanging out in their bachelor pad-cum-mission control, they flex muscle like the INS--albeit toward aliens with multiple, mutating heads. [M. Dargis]",https://www.metacritic.com/movie/men-in-black/,false,true
685,men-of-honor,Men of Honor,2000,56,74,72,"Inspired by the life of Carl Brashear (Gooding, Jr.). The setting of his journey is the little known and dangerous world of deep-sea diving in the U.S. Navy of the 1950s and 60s.  (20th Century Fox Films)",https://www.metacritic.com/movie/men-of-honor/,false,true
686,menace-ii-society,Menace II Society,1993,76,76,51,"A Watts teenager becomes so immersed in his violent world, he can't get out. (New Line Cinema)",https://www.metacritic.com/movie/menace-ii-society/,false,true
687,menus-plaisirs---les-troisgros,Menus Plaisirs - Les Troisgros,2023,91,71,10,"Menus Plaisirs - Les Troisgros is a film about the Troisgros family and their three restaurants, Troisgros, Le Central and Colline, located in three neighboring locations in central France. Troisgros, a restaurant founded 93 years ago, has had three Michelin stars for 55 years and in 2020 was awarded a Michelin green star for exemplary sustainable practices. Much of the film takes place at Troisgros.  The present chef, Cesar Troisgros, is the fourth generation of the family to be in charge at Troisgros. The film shows the day-to-day operations involving the purchase, preparation and service at this restaurant .",https://www.metacritic.com/movie/menus-plaisirs---les-troisgros/,true,false
688,metropolis-re-release,Metropolis (re-release),2002,98,86,264,"Possibly the crowning achievement of silent cinema, Fritz Lang's 1927 blockbuster fuses the frenetic storytelling of twenties pulp fiction with Lang's personal fascination with the darker side of human nature.  (Kino International)",https://www.metacritic.com/movie/metropolis-re-release/,true,true
689,microcosmos,Microcosmos,1996,87,73,7,A documentary on insect life in meadows and ponds.,https://www.metacritic.com/movie/microcosmos/,true,false
690,midnight-cowboy,Midnight Cowboy,1969,79,79,74,"A naive hustler travels from Texas to New York to seek personal fortune but, in the process, finds himself a new friend.",https://www.metacritic.com/movie/midnight-cowboy/,false,true
691,midnight-in-paris,Midnight in Paris,2011,81,78,685,"This is a romantic comedy set in Paris about a family that goes there because of business, and two young people who are engaged to be married in the fall have experiences there that change their lives. It's about a young man's great love for a city, Paris and the illusion people have that a life different from theirs would be much better. (Sony Classic Pictures)",https://www.metacritic.com/movie/midnight-in-paris/,false,true
692,midnight-run,Midnight Run,1988,78,79,110,"Bounty hunter Jack Walsh (De Niro) is offered $100,000 from a bail bondsman to capture fugitive accountant Jonathan ""the Duke"" Mardukas (Grodin) and bring him to Los Angeles in time for his trial date.  Walsh must avoid a rival bounty hunter, the FBI, and the mob to earn his payday.",https://www.metacritic.com/movie/midnight-run/,false,true
693,mildred-pierce,Mildred Pierce,1945,88,80,22,A hard-working mother inches towards disaster as she divorces her husband and starts a successful restaurant business to support her spoiled daughter.,https://www.metacritic.com/movie/mildred-pierce/,true,false
694,milk,Milk,2008,83,76,192,"In 1977, Harvey Milk was elected to the San Francisco Board of Supervisors, becoming the first openly gay man to be voted into major public office in America. His victory was not just a victory for gay rights; he forged coalitions across the political spectrum. From senior citizens to union workers, Harvey Milk changed the very nature of what it means to be a fighter for human rights and became, before his untimely death in 1978, a hero for all Americans. (Focus Features)",https://www.metacritic.com/movie/milk/,false,true
695,millennium-actress,Millennium Actress,2003,70,76,56,"In this unique epic adventure, the lines between the past and the present, and truth and fiction, are blurred when a documentary filmmaker fulfills his quest to find the legendary actress Chiyoko Fujiwara, and learn why she mysteriously vanished at the height of her brilliant career.  (Go Fish Pictures)",https://www.metacritic.com/movie/millennium-actress/,false,true
696,millers-crossing,Miller's Crossing,1990,66,77,144,"In an unnamed Eastern city in 1929, the friendship between the local political boss (Finney) and Tom (Byrne), the man behind the man, is severed when they fall for same woman. Tom joins ranks with Johnny Caspar, Leo's enemy and rival, in a race for political power, resulting in a bloody, citywide gang war.",https://www.metacritic.com/movie/millers-crossing/,false,true
697,million-dollar-baby,Million Dollar Baby,2004,86,84,499,Two retired boxers who run a Los Angeles gym are caught off guard when a woman approaches them with her dream of stepping into the ring.,https://www.metacritic.com/movie/million-dollar-baby/,true,true
698,minari,Minari,2020,89,80,240,"A tender and sweeping story about what roots us, Minari follows a Korean-American family that moves to a tiny Arkansas farm in search of their own American Dream. The family home changes completely with the arrival of their sly, foul-mouthed, but incredibly loving grandmother. Amidst the instability and challenges of this new life in the rugged Ozarks, Minari shows the undeniable resilience of family and what really makes a home. [A24]",https://www.metacritic.com/movie/minari/,true,false
699,minding-the-gap,Minding the Gap,2018,89,80,56,"Welcome to Rockford, Illinois, in the heart of Rust-Belt America, home to debut filmmaker Bing Liu. With over 12 years of footage, Bing discovers connections between two of his skateboarder friends' volatile upbringings and the complexities of modern-day masculinity. As the film unfolds, Bing captures 23-year-old Zack’s tumultuous relationship with his girlfriend deteriorate after the birth of their son and 17-year-old Keire struggling with his racial identity as he faces new responsibilities following the death of his father. While navigating a difficult relationship between his camera and his friends, Bing weaves a story of generational forgiveness while exploring the precarious gap between childhood and adulthood.",https://www.metacritic.com/movie/minding-the-gap/,true,false
700,minority-report,Minority Report,2002,80,78,505,"Based on a story by famed science fiction writer Philip K. Dick, Minority Report is and action-detective thriller set in Washington, D.C. in 2054, where police utilize a psychic technology to arrest and convict murderers before they commit their crime.  (Fox/Dreamworks)",https://www.metacritic.com/movie/minority-report/,false,true
701,miracle-on-34th-street,Miracle on 34th Street,1947,88,78,45,"When a nice old man who claims to be Santa Claus is institutionalized as insane, a young lawyer decides to defend him by arguing in court that he is the real thing.",https://www.metacritic.com/movie/miracle-on-34th-street/,true,false
702,misery,Misery,1990,75,83,150,"After a famous author is rescued from a car crash by a fan of his novels, he comes to realize that the care he is receiving is only the beginning of a nightmare of captivity and abuse.",https://www.metacritic.com/movie/misery/,false,true
703,mission-impossible---ghost-protocol,Mission: Impossible - Ghost Protocol,2011,73,77,1014,"Blamed for the terrorist bombing of the Kremlin, IMF operative Ethan Hunt is disavowed along with the rest of the agency when the President initiates ""Ghost Protocol"".  Left without any resources or backup, Ethan must find a way to clear his agency's name and prevent another attack. To complicate matters further, Ethan is forced to embark on this mission with a team of fellow IMF fugitives whose personal motives he does not fully know. [Paramount Pictures]",https://www.metacritic.com/movie/mission-impossible---ghost-protocol/,false,true
704,mission-impossible-fallout,Mission: Impossible – Fallout,2018,87,83,1132,"The best intentions often come back to haunt you.  Mission: Impossible – Fallout finds Ethan Hunt (Tom Cruise) and his IMF team (Alec Baldwin, Simon Pegg, Ving Rhames) along with some familiar allies (Rebecca Ferguson, Michelle Monaghan) in a race against time after a mission gone wrong.  Henry Cavill, Angela Bassett, and Vanessa Kirby also join the dynamic cast with filmmaker Christopher McQuarrie returning to the helm.",https://www.metacritic.com/movie/mission-impossible-fallout/,true,false
705,mississippi-burning,Mississippi Burning,1989,65,78,98,"A fictionalized version of the murders of three civil rights activists on June 21, 1964 in Mississippi. The FBI comes in to solve the case and succeeds only after using unethical and illegal means. (MGM)",https://www.metacritic.com/movie/mississippi-burning/,false,true
706,modern-times-re-release,Modern Times (re-release),2003,96,87,230,"Playing a tramp struggling to survive in a modern industrial society, Charlie Chaplin created one of the most elaborate cinematic critiques of the effects of mass production on 20th century life with Modern Times.  This digital restoration of the 1936 film entailed treating over 126,000 frames of film, correcting negative scratches and picture deterioration, and restoring its rich black and white cinematography.",https://www.metacritic.com/movie/modern-times-re-release/,false,true
707,mona-lisa,Mona Lisa,1986,85,75,12,A man recently released from prison manages to get a job driving a call girl from customer to customer.,https://www.metacritic.com/movie/mona-lisa/,true,false
708,moneyball,Moneyball,2011,87,80,812,"Based on Michael Lewis' nonfiction bestseller ""Moneyball: The Art of Winning an Unfair Game,"" the book's subject is Oakland A's general manager Billy Beane, who assembled a contending baseball club on a shoestring budget by employing a sophisticated computer-based analysis to draft players. (Sony Pictures)",https://www.metacritic.com/movie/moneyball/,true,false
709,monsieur-hulots-holiday,Monsieur Hulot's Holiday,1954,90,69,7,"Monsieur Hulot comes to a beachside hotel for a vacation and accidentally, but good-naturedly, causes havoc.",https://www.metacritic.com/movie/monsieur-hulots-holiday/,true,false
710,monster,Monster,2003,74,75,151,"In a revelatory performance, Charlize Theron stars in the shocking and moving true-life story of Aileen Wuornos, a prostitute executed last year in Florida after being convicted of murdering six men. While Wuornos confessed to the six murders, including a policeman, she claimed to have killed only in self-defense, resisting violent assaults while working as a prostitute.  (Newmarket Films)",https://www.metacritic.com/movie/monster/,false,true
711,monsters-inc,"Monsters, Inc.",2001,79,86,828,"The Academy Award-winning creators of ""Toy Story"" open the door to a frightfully funny world of monsters and mayhem and scare up lots of laughs in their new movie, Monsters, Inc.  [Disney/Pixar]",https://www.metacritic.com/movie/monsters-inc/,false,true
712,monte-carlo,Monte Carlo,2011,43,77,127,"Based on the Jules Bass book ""Headhunters"", Monte Carlo tells the story of a girl and her best friend who travel to Paris, accompanied by her future, uptight stepsister. When one of the girls is mistaken for a spoiled British heiress, they are caught up in a whirlwind of attention and find themselves going on a dream vacation to Monte Carlo. (20th Century Fox)",https://www.metacritic.com/movie/monte-carlo/,false,true
713,monty-python-and-the-holy-grail,Monty Python and the Holy Grail,1975,91,86,546,"The Monty Python team are at it again in their second movie. This time we follow King Arthur and his knights in their search for the Holy Grail. This isn't your average medieval knights and horses story - for a start, due to a shortage in the kingdom, all the horses have been replaced by servants clopping coconuts together!",https://www.metacritic.com/movie/monty-python-and-the-holy-grail/,true,false
714,monty-pythons-life-of-brian,Monty Python's Life of Brian,1979,77,81,259,"Monty Python delivers the group's sharpest and smartest satire of both religion and Hollywood's epic films. Set in 33 A.D. Judea where the exasperated Romans try to impose order, it is a time of chaos and change with no shortage of messiahs and followers willing to believe them. At it's center is Brian Cohen, born in Bethlehem in a stable next door, who, by a series of absurd circumstances is caught up in the new religion and reluctantly mistake for the promised messiah, providing ample opportunity for the entire ensemble (Graham Chapman, John Cleese, Terry Gilliam, Eric Idle, Terry Jones and Michael Palin) to shine in multiple roles as they question everyone and everything from ex-lepers, Pontius Pilate and haggling to revolutionaries, crazy prophets, religious fanaticism, Roman centurions and crucifixion, forever changing our biblical view. [Sony Pictures]",https://www.metacritic.com/movie/monty-pythons-life-of-brian/,false,true
715,moolaade,Moolaadé,2004,91,89,15,"A rousing polemic directed against the still common African practice of female circumcision, Moolaadé is set in a small African village, where four young girls facing ritual ""purification"" flee to the household of Collé Ardo Gallo Sy, a strong-willed woman who has managed to shield her own teenage daughter from mutilation. Collé invokes the time-honored custom of moolaadé (sanctuary) to protect the fugitives, and tension mounts as the ensuing stand-off pits Collé against village traditionalists (both male and female) and endangers the prospective marriage of her daughter to the heir-apparent to the tribal throne. [New Yorker Films]",https://www.metacritic.com/movie/moolaade/,true,false
716,moonlight-2016,Moonlight,2016,99,71,2057,"Moonlight is the tender, heartbreaking story of a young man’s struggle to find himself, told across three defining chapters in his life as he experiences the ecstasy, pain, and beauty of falling in love, while grappling with his own sexuality.",https://www.metacritic.com/movie/moonlight-2016/,true,false
717,moonstruck,Moonstruck,1987,83,76,95,"In this romantic comedy, Loretta (Cher), a young widow, feels unlucky in love and is content to wed a man she does not love (Danny Aiello)...until she meets and falls hopelessly in love with his younger brother (Nicholas Cage).",https://www.metacritic.com/movie/moonstruck/,false,true
718,moulin-rouge!,Moulin Rouge!,2001,66,75,255,"Against the backdrop of 19th Century Paris and the famed Montmartre cabaret, this is the story of the doomed love affair between Christian (Ewan McGregor), a young poet, and Satine (Nicole Kidman), a courtesan and performer at the Moulin Rouge.",https://www.metacritic.com/movie/moulin-rouge!/,false,true
719,mr-bachmann-and-his-class,Mr. Bachmann and His Class,2022,89,84,5,"In a German city with a complex history of both excluding and integrating foreigners, a charismatic elementary school teacher provides his pupils, who all come from different countries originally, with the key to feeling at home in Germany and becoming citizens of the world. [MUBI]",https://www.metacritic.com/movie/mr-bachmann-and-his-class/,true,false
720,mr-smith-goes-to-washington,Mr. Smith Goes to Washington,1939,73,78,53,"A naive man (Jimmie Stewart) is appointed to fill a vacancy in the United States Senate. His plans promptly collide with political corruption, but he doesn't back down.",https://www.metacritic.com/movie/mr-smith-goes-to-washington/,false,true
721,mr-turner,Mr. Turner,2014,94,69,175,"Mr. Turner explores the last quarter century of the life of the great if eccentric British painter J.M.W. Turner (Timothy Spall). Profoundly affected by the death of his father, loved by a housekeeper he takes for granted and occasionally exploits sexually, he forms a close relationship with a seaside landlady with whom he eventually lives incognito in Chelsea, where he dies. Throughout this, he travels, paints, stays with the country aristocracy, visits brothels, is a popular if anarchic member of the Royal Academy of Arts, has himself strapped to the mast of a ship so that he can paint a snowstorm, and is both celebrated and reviled by the public and by royalty.",https://www.metacritic.com/movie/mr-turner/,true,false
722,mrs-doubtfire,Mrs. Doubtfire,1993,54,76,203,"An unemployed actor (Williams) loses custody of his children after his wife leaves him. Desperate to spend more time with the kids, the crafty thespian decides to dress up as a 60-year-old British woman and interview with his ex-wife for a nanny position. He lands the job, but he'll have to give the performance of his life to keep it.   (Fox)",https://www.metacritic.com/movie/mrs-doubtfire/,false,true
723,mudbound,Mudbound,2017,85,69,195,"Set in the post-WWII South, Mudbound follows the McAllan family, newly transplanted from the quiet civility of Memphis and unprepared for the harsh demands of farming. Despite the grandiose dreams of Henry (Jason Clarke), his wife Laura (Carey Mulligan) struggles to keep the faith in her husband's losing venture. Meanwhile, Hap and Florence Jackson (Rob Morgan, Mary J. Blige)—sharecroppers who have worked the land for generations—struggle bravely to build a small dream of their own despite the rigidly enforced social barriers they face. The war upends both families’ plans as their returning loved ones, Jamie McAllan (Garrett Hedlund) and Ronsel Jackson (Jason Mitchell), forge a fast but uneasy friendship that challenges the brutal realities of the Jim Crow South in which they live.",https://www.metacritic.com/movie/mudbound/,true,false
724,mulan,Mulan,1998,72,82,420,Mulan chronicles the daring adventures of a young Chinese woman whose irrepressible spirit clashes with her tradition-bound society.  [Disney],https://www.metacritic.com/movie/mulan/,false,true
725,mulholland-dr,Mulholland Dr.,2001,87,82,614,"In this complex tale of suspense, set in the unreal universe of Los Angeles, writer/director David Lynch explores the city's schizophrenic nature, an uneasy blend of innocence and corruption, love and loneliness, beauty and depravity. [Universal Focus]",https://www.metacritic.com/movie/mulholland-dr/,true,true
726,munich,Munich,2005,74,74,207,"Steven Spielberg directs an international cast in Munich, a gripping suspense thriller set in the aftermath of the massacre of 11 Israeli athletes at the 1972 Munch Olympics. This dramatic exploration inspired by true events follows a secret Israeli squad assigned to track down and kill the 11 Palestinians suspected to have planned the Munich attack -- and the personal toll this mission of revenge takes on the team and the man who led it. (Universal Pictures)",https://www.metacritic.com/movie/munich/,false,true
727,murder-on-the-orient-express-1974,Murder on the Orient Express,1974,62,74,52,"In December 1935, when his train is stopped by deep snow, detective Hercule Poirot is called on to solve a murder that occurred in his car the night before.",https://www.metacritic.com/movie/murder-on-the-orient-express-1974/,false,true
728,murderball,Murderball,2005,87,74,23,"Featuring fierce rivalry, stopwatch suspense, and larger-than-life personalities, Murderball is a film about tough, highly competitive quadriplegic rugby players.  (ThinkFilm)",https://www.metacritic.com/movie/murderball/,true,false
729,museo,Museo,2018,86,73,18,"Perennial students Juan and Wilson are planning a daring coup. They intend to break into the National Museum of Anthropology in Mexico City and steal precious Mayan, Mixtec and Zapotec artefacts, in particular the funerary mask of King Pakal. While their families celebrate Christmas they get down to business, just like a couple of seasoned criminals. Everything goes off without a hitch and, with their sports bags stuffed full of treasures, they return home to see on the news how their deed is described as an attack on the entire nation. Only now do they realise the gravity of their actions. Feeling more than a little queasy, they set about fencing their haul. The ensuing road movie takes us from the impressive Mayan ruins of Palenque to the chic seaside resort of Acapulco. Even when Juan and Wilson are behind the wheel, their endeavour has long since gone off the rails.",https://www.metacritic.com/movie/museo/,true,false
730,mutiny-on-the-bounty,Mutiny on the Bounty,1935,87,72,22,"A tyrannical ship captain decides to exact revenge on his abused crew after they form a mutiny against him, but the sailor he targets had no hand in it.",https://www.metacritic.com/movie/mutiny-on-the-bounty/,true,false
731,my-cousin-vinny,My Cousin Vinny,1992,68,77,72,"Two young New Yorkers are accused of murder in rural Alabama while on their way back to college, and one of their cousins--an inexperienced, loudmouth lawyer (Joe Pesci) not accustomed to Southern rules and manners--comes in to defend them.",https://www.metacritic.com/movie/my-cousin-vinny/,false,true
732,my-fair-lady,My Fair Lady,1964,95,77,77,A snobbish phonetics professor agrees to a wager that he can take a flower girl and make her presentable in high society.,https://www.metacritic.com/movie/my-fair-lady/,true,true
733,my-fathers-shadow,My Father's Shadow,2026,85,68,13,"Two young brothers explore Lagos with their estranged father during the 1993 Nigerian election crisis, witnessing both the city's magnitude and their father's daily struggles as political unrest threatens their journey home.",https://www.metacritic.com/movie/my-fathers-shadow/,true,false
734,my-golden-days,My Golden Days,2016,87,70,21,"Arnaud Desplechin returns to the world of My Sex Life, or … How I Got Into an Argument with My Golden Days, the continued story of Paul Dédalus (Mathieu Amalric), now an anthropologist preparing to leave Tajikistan. Reflecting on his life, he has a series of flashbacks starting from his childhood in Roubaix, his mother's attacks of madness, his father’s alienating depression. He remembers a student trip to the USSR, where a clandestine mission led him to offer up his own identity for a young Russian, whom he considered a phantom twin for the remainder of his life. He remembers university life, and returning to his hometown to party with his sister and her best friend, his shifting circle of friends and their casual betrayals. And most of all he remembers Esther, the beautiful, rude, haughty soul and love of his life. [Magnolia Pictures]",https://www.metacritic.com/movie/my-golden-days/,true,false
735,my-happy-family,My Happy Family,2017,86,78,20,"On the evening of her 52nd birthday, Georgian literature teacher Manana unexpectedly announces to her family that she is leaving. She has been married for 30 years and lives in a three-bedroom flat in Tbilisi with her husband, parents, two children and her son-in-law.The members of her family represent three generations and are completely different from each other: Manana's husband Soso (55); their daughter Nino (24), who is married and adores her husband Vakho (27); Manana's son Lasha (20); Manana's mother Lamara (72), the pillar of the family who takes care of everybody; and Manana's father Otar (80), who after a long and exhausting life, dreams of death which seems slow in coming. Initially, the family don't take Manana's decision seriously. But then she packs her suitcase and leaves. The family is shocked and incredulous: where is she going? Who upset her? She is past 'divorce age' after all, and has a good husband who doesn’t drink, take drugs or beat her.",https://www.metacritic.com/movie/my-happy-family/,true,false
736,my-journey-through-french-cinema,My Journey Through French Cinema,2017,87,53,7,"Writer-director Bertrand Tavernier is truly one of the grand auteurs of the movies. His experience is vast, his knowledge is voluminous, his love is inexhaustible and his perspective is matched only by that of Martin Scorsese. This magnificent, epic documentary has been a lifetime in the making. Tavernier knows his native cinema inside and out, from the giants like Renoir, Godard, and Melville (for whom he worked as an assistant) to now overlooked and forgotten figures like Edmund T. Gréville and Guy Gilles, and his observations and reminiscences are never less than penetrating and always deeply personal. [Cohen Media Group]",https://www.metacritic.com/movie/my-journey-through-french-cinema/,true,false
737,my-left-foot,My Left Foot,1989,97,83,135,"True story of cerebral palsied Christy Brown, who overcame his illness and poverty to become an accomplished artist, poet and writer.",https://www.metacritic.com/movie/my-left-foot/,true,true
738,my-life-as-a-zucchini,My Life as a Zucchini,2017,85,83,101,"After his mother’s sudden death, Zucchini is befriended by a police officer, Raymond, who accompanies him to his new foster home, filled with other orphans his age. At first he struggles to find his place in this at times strange and hostile environment. But with Raymond’s help and his newfound friends, Zucchini eventually learns to trust and love, as he searches for a new family of his own. [Gkids]",https://www.metacritic.com/movie/my-life-as-a-zucchini/,true,false
739,my-name-is-khan,My Name Is Khan,2010,50,85,106,"Rizvan Khan, a Muslim man from India, moves to San Francisco and lives with his brother and sister-in-law. Rizvan, who has Aspergers, falls in love with Mandira. Despite protests from his family they get married and start a small business together. They are happy until September 11, 2001 when attitudes towards Muslims undergo a sea-change. When tragedy strikes, Mandira is devastated and they split. Rizvan is confused and very upset that the love of his life has left him. To win her back, he embarks on a touching and inspiring journey across America. (Red Chillies Entertainment)",https://www.metacritic.com/movie/my-name-is-khan/,false,true
740,my-neighbor-totoro,My Neighbor Totoro,1988,87,85,339,"When two girls move to the country to be near their ailing mother, they have adventures with the wondrous forest spirits who live nearby.",https://www.metacritic.com/movie/my-neighbor-totoro/,true,true
741,my-own-private-idaho,My Own Private Idaho,1991,77,74,79,"In this loose reworking of Shakespeare's ""Henry IV,"" Reeves stars as the prodigal son who slums in the Pacific Northwest's junkie lowlife milieu with Phoenix, who plays a narcaleptic hustler.",https://www.metacritic.com/movie/my-own-private-idaho/,false,true
742,my-perestroika,My Perestroika,2011,90,73,19,"My Perestroika follows five ordinary Russians living in extraordinary times — from their sheltered Soviet childhood, to the collapse of the Soviet Union during their teenage years, to the constantly shifting political landscape of post-Soviet Russia. Together, these childhood classmates paint a complex picture of the dreams and disillusionment of those raised behind the Iron Curtain. (Red Square Productions)",https://www.metacritic.com/movie/my-perestroika/,true,false
743,my-undesirable-friends-part-i---last-air-in-moscow,My Undesirable Friends: Part I - Last Air in Moscow,2025,94,74,18,"Julia Loktev documents independent journalists in Moscow facing government crackdown as Russia invades Ukraine, capturing their fight for speech amid risks of being branded ""foreign agents"" and the country's drift towards authoritarianism.",https://www.metacritic.com/movie/my-undesirable-friends-part-i---last-air-in-moscow/,true,false
744,my-voyage-to-italy,My Voyage to Italy,2001,90,75,15,A four-hour odyssey through the history of Italian cinema and its influences on Scorsese's work.,https://www.metacritic.com/movie/my-voyage-to-italy/,true,false
745,naked,Naked,1993,85,82,56,"Johnny (David Thewlis) flees Manchester for London.  There he finds an old girlfriend, and spends some time homeless, ranting at strangers, and meeting characters in plights very much like his own.",https://www.metacritic.com/movie/naked/,true,true
746,nashville,Nashville,1975,96,79,44,"Over the course of a few hectic days, numerous interrelated people prepare for a political convention as secrets and lies are surfaced and revealed.",https://www.metacritic.com/movie/nashville/,true,false
747,national-gallery,National Gallery,2014,89,83,6,"The National Gallery in London is one of the great museums of the world with 2400 paintings from the 13th to the end of the 19th century. Almost every human experience is represented in one or the other of the paintings. The sequences of the film show the public in various galleries; the education programs, and the scholars, scientists and curators, studying, restoring and planning the exhibitions. The relation between painting and storytelling is explored.",https://www.metacritic.com/movie/national-gallery/,true,false
748,national-lampoons-vacation,National Lampoon's Vacation,1983,55,77,93,The Griswold family's cross-country drive to the Walley World theme park proves to be much more difficult than they ever anticipated.,https://www.metacritic.com/movie/national-lampoons-vacation/,false,true
749,nausicaa-of-the-valley-of-the-wind,Nausicaä of the Valley of the Wind,1985,86,84,177,Warrior/pacifist Princess Nausicaä desperately struggles to prevent two warring nations from destroying themselves and their dying planet.,https://www.metacritic.com/movie/nausicaa-of-the-valley-of-the-wind/,true,false
750,nebraska,Nebraska,2013,86,80,373,"An aging, booze-addled father makes the trip from Montana to Nebraska with his estranged son in order to claim a million dollar Mega Sweepstakes Marketing prize.",https://www.metacritic.com/movie/nebraska/,true,false
751,neil-young-heart-of-gold,Neil Young: Heart of Gold,2006,85,68,13,"Neil Young: Heart of Gold is filmmaker Jonathan Demme's intimate musical portrait of legendary singer/songwriter Neil Young, filmed on the occasion of the world premiere of Young's ""Prairie Wind"" concert at Nashville's hallowed Ryman Auditorium. (Paramount Classics)",https://www.metacritic.com/movie/neil-young-heart-of-gold/,true,false
752,never-rarely-sometimes-always,Never Rarely Sometimes Always,2020,92,70,263,"Faced with an unintended pregnancy and a lack of local support, Autumn (Sidney Flanigan) and her cousin Skylar (Talia Ryder) embark across state lines to New York City on a fraught journey of friendship, bravery and compassion",https://www.metacritic.com/movie/never-rarely-sometimes-always/,true,false
753,newtown,Newtown,2016,87,83,17,"Twenty months after the horrific mass shooting in Newtown, CT that took the lives of twenty elementary school children and six educators on December 14, 2014, 2012, the small New England town is a complex psychological web of tragic aftermath in the wake of yet another act of mass killing at the hands of a disturbed young gunman. Kim A. Snyder’s searing Newtown documents a traumatized community fractured by grief and driven towards a sense of purpose. [Abramorama]",https://www.metacritic.com/movie/newtown/,true,false
754,nickel-boys,Nickel Boys,2024,91,69,120,"Elwood Curtis’s college dream shatters alongside a two-lane Florida highway. Bearing the brunt of an innocent misstep, he’s sentenced to the netherworld of Nickel Academy, a brutal reformatory sunk deep in the Jim Crow South. He encounters another ward, the seen-it-all Turner. The two Black teens strike up an alliance: Turner dispensing fundamental tips for survival, Elwood, clinging to his optimistic worldview. Backdropped by the burgeoning Civil Rights Movement, Elwood and Turner’s existence appear worlds away from Rev. Martin Luther King’s burnished oratory. Despite Nickel’s brutality, Elwood strives to hold onto his humanity, awakening a new vision for Turner. Based on the Pulitzer Prize winning novel by Colson Whitehead.",https://www.metacritic.com/movie/nickel-boys/,true,false
755,night-of-the-living-dead,Night of the Living Dead,1968,89,81,183,There is panic throughout the nation as the dead suddenly come back to life. The film follows a group of characters who barricade themselves in an old farmhouse in an attempt to remain safe from these flesh eating monsters.,https://www.metacritic.com/movie/night-of-the-living-dead/,true,true
756,night-will-fall,Night Will Fall,2014,85,79,15,Researchers discover film footage from World War II that turns out to be a lost documentary shot by Alfred Hitchcock and Sidney Bernstein in 1945 about German concentration camps.,https://www.metacritic.com/movie/night-will-fall/,true,false
757,nine-queens,Nine Queens,2002,80,80,50,"Set in Buenos Aires, this is the story of two small-time swindlers who team up after meeting in a convenience store and become involved in a half million-dollar deal.  (Sony Pictures Classics)",https://www.metacritic.com/movie/nine-queens/,false,true
758,no-bears,No Bears,2022,93,78,28,"Two parallel love stories in which the partners are thwarted by hidden, inevitable obstacles, the force of superstition, and the mechanics of power.",https://www.metacritic.com/movie/no-bears/,true,false
759,no-country-for-old-men,No Country for Old Men,2007,92,85,1554,"The time is our own, when rustlers have given way to drug runners and small towns have become free-fire zones. The story begins when Llewelyn Moss finds a pickup truck surrounded by a sentry of dead men. A load of heroin and 2 million dollars in cash are still in the back. When Moss takes the money, he sets off a chain reaction of catastrophic violence that not even the law, in the person of aging, disillusioned Sheriff Bell, can contain. As Moss tries to evade his pursuers--in particular, a mysterious mastermind who flips coins for human lives--the film simultaneously strips down the American crime drama and broadens its concerns to encompass themes as ancient as the Bible and as bloodily contemporary as this morning's headline. (Miramax)",https://www.metacritic.com/movie/no-country-for-old-men/,true,true
760,no-end-in-sight,No End in Sight,2007,89,86,18,"The first film of its kind to chronicle the reasons behind Iraq’s descent into guerrilla war, warlord rule, criminality and anarchy, No End in Sight is a jaw-dropping, insider’s tale of wholesale incompetence, recklessness and venality. Based on over 200 hours of footage, the film provides a candid retelling of the events following the fall of Baghdad in 2003 by high ranking officials such as former Deputy Secretary of State Richard Armitage, Ambassador Barbara Bodine (in charge of Baghdad during the Spring of 2003), Colonel Lawrence Wilkerson, former Chief of Staff to Colin Powell, and General Jay Garner (in charge of the occupation of Iraq through May 2003), as well as Iraqi civilians, American soldiers and prominent analysts. No End in Sight examines the manner in which the principal errors of U.S. policy – the use of insufficient troop levels, allowing the looting of Baghdad, the purging of professionals from the Iraqi government and the disbanding of the Iraqi military – largely created the insurgency and chaos that engulf Iraq today. (Magnolia Pictures)",https://www.metacritic.com/movie/no-end-in-sight/,true,false
761,no-other-choice,No Other Choice,2025,86,76,170,"After being unemployed for several years, a man devises a unique plan to secure a new job: eliminate his competition.",https://www.metacritic.com/movie/no-other-choice/,true,false
762,no-other-land,No Other Land,2024,93,79,77,"Basel Adra, a young Palestinian activist from Masafer Yatta on the West Bank, has been fighting the mass expulsion of his community by Israel's occupation since childhood. He documents the slow-motion eradication of the villages in his home region where soldiers deployed by the Israeli government are gradually demolishing houses and driving out their residents. At some point, he meets Yuval, an Israeli journalist, who supports him in his efforts. An unlikely alliance develops. But the relationship between the two is strained by the enormous inequality between them: Basel lives under military occupation while Yuval lives freely and without restrictions.
This film by a Palestinian-Israeli collective of four young activists has been made as an act of creative resistance on the path to greater justice. [Berlin]",https://www.metacritic.com/movie/no-other-land/,true,false
763,nobody-knows,Nobody Knows,2005,88,80,51,"Set in Tokyo, this is an exceptional story of a makeshift family of children left to survive in an urban jungle.  (IFC Films)",https://www.metacritic.com/movie/nobody-knows/,true,true
764,nobodys-fool,Nobody's Fool,1995,86,78,19,An aging scoundrel (Paul Newman) is given a second chance at being a father when his estranged son and grandson come to town with problems only he can solve.,https://www.metacritic.com/movie/nobodys-fool/,true,false
765,nomadland,Nomadland,2020,87,73,389,"Following the economic collapse of a company town in rural Nevada, Fern (Frances McDormand) packs her van and sets off on the road exploring a life outside of conventional society as a modern-day nomad.",https://www.metacritic.com/movie/nomadland/,true,false
766,north-by-northwest,North by Northwest,1959,98,84,334,"A hapless New York advertising executive is mistaken for a government agent by a group of foreign spies, and is pursued across the country while he looks for a way to survive.",https://www.metacritic.com/movie/north-by-northwest/,true,true
767,nosferatu-the-vampyre,Nosferatu the Vampyre,1979,79,76,62,"Count Dracula moves from Transylvania to Wismar, spreading the Black Plague across the land. Only a woman pure of heart can bring an end to his reign of horror.",https://www.metacritic.com/movie/nosferatu-the-vampyre/,false,true
768,nostalgia-for-the-light,Nostalgia for the Light,2011,91,83,23,"Patricio Guzmán travels to Chile’s Atacama Desert where astronomers examine distant galaxies, and women dig for the remains of relatives. [Icarus Films]",https://www.metacritic.com/movie/nostalgia-for-the-light/,true,false
769,notes-on-a-scandal,Notes on a Scandal,2006,73,78,78,"Based on the novel by Zoe Heller, this psychological thriller portrays two women caught up in a drama of need and betrayal.  (Fox Searchlight Pictures)",https://www.metacritic.com/movie/notes-on-a-scandal/,false,true
770,notorious-1946,Notorious,1946,100,79,175,A woman is asked to spy on a group of Nazi friends in South America. How far will she have to go to ingratiate herself with them?,https://www.metacritic.com/movie/notorious-1946/,true,true
771,notting-hill,Notting Hill,1999,68,75,147,"Anna Scott (Roberts) is the world's most famous movie star.  William Thacker (Grant) owns a travel bookstore.  When Anna and William's paths unexpectedly cross in the eclectic neighborhood of Notting Hill, romance is the last thing on their minds.  This charming romantic comedy proves that love can spring from even the most unlikely of circumstances.  (Universal Pictures)",https://www.metacritic.com/movie/notting-hill/,false,true
772,o-brother-where-art-thou,"O Brother, Where Art Thou?",2000,69,77,252,"A trio of escaped prisoners (Clooney, Nelson, Turturro) embarks on the adventure of a lifetime as they set out to pursue their freedom and the promise of sharing in the division of a fortune in buried treasure.  (Touchstone Pictures)",https://www.metacritic.com/movie/o-brother-where-art-thou/,false,true
773,oasis-knebworth-1996,Oasis Knebworth 1996,2021,85,81,10,"On 10th & 11th August 1996, 250,000 young music fans converged on Knebworth Park to see Oasis play two record breaking, era defining shows. The landmark concerts sold out in under a day with over 2% of the UK population attempting to buy tickets.  This was a time when the UK was slowly recovering from a decade of recession. A surging confidence in arts and culture ushered in Cool Britannia and Oasis meteoric rise reflected the country's new found conviction and swagger. Featuring a setlist packed from beginning to end with stone cold classics, including Champagne Supernova, Wonderwall and Don’t Look Back In Anger, the Knebworth concerts were both the pinnacle of the band’s success and the landmark gathering for a generation.Oasis Knebworth 1996 is the story of that weekend and the special relationship between Oasis and their fans that made it possible. It is told through the eyes of the fans who were there, with additional interviews with the band and concert organisers.",https://www.metacritic.com/movie/oasis-knebworth-1996/,true,false
774,october-sky,October Sky,1999,71,78,102,"Based on Homer H. Hickman's memoir ""Rocket Boys,"" this film begins in 1957 with Russia's historic launch of the Sputnik satellite and chronicles its impact on a group of boys in West Virginia.",https://www.metacritic.com/movie/october-sky/,false,true
775,odd-man-out,Odd Man Out,1947,87,76,14,A wounded Irish nationalist leader attempts to evade police following a failed robbery in Belfast.,https://www.metacritic.com/movie/odd-man-out/,true,false
776,of-gods-and-men,Of Gods and Men,2011,86,69,48,"Eight French Christian monks live in harmony with their Muslim brothers in a monastery perched in the mountains of North Africa in the 1990s. When a crew of foreign workers is massacred by an Islamic fundamentalist group, fear sweeps though the region. The army offers them protection, but the monks refuse. Should they leave? Despite the growing menace in their midst, they slowly realize that they have no choice but to stay... come what may. This film is loosely based on the life of the Cistercian monks of Tibhirine in Algeria, from 1993 until their kidnapping in 1996. [Sony Pictures]",https://www.metacritic.com/movie/of-gods-and-men/,true,false
777,of-men-and-war,Of Men and War,2015,87,83,7,"Anger consumes a squad of combat vets years after they return from the front. The dozen warriors in Of Men and War come home to the United States, but their minds are stuck out on the battlefield. Like figures from a Greek tragedy, all have traumatic memories that haunt them to this day. Ghosts and echoes of the war fill their lives. Wives, children, and parents bear the brunt of their fractured spirits. At The Pathway Home, a pioneering PTSD therapy center, the protagonists resolve to end the ongoing destruction. Their therapist is a Vietnam vet himself, helping the boys forge meaning from their senseless trauma. Over years of therapy, Of Men and War explores their grueling paths to recovery, as they attempt to make peace with themselves, their past, and their families.",https://www.metacritic.com/movie/of-men-and-war/,true,false
778,of-mice-and-men,Of Mice and Men,1940,89,70,7,"Two itinerant migrant workers, one mentally disabled and the other his carer, take jobs as ranch hands during the Great Depression to fulfill their shared dream of owning their own ranch.",https://www.metacritic.com/movie/of-mice-and-men/,true,false
779,office-space,Office Space,1999,68,79,187,A comedy about the angst of suburban twenty-somethings in modern office life.,https://www.metacritic.com/movie/office-space/,false,true
780,offside,Offside,2007,85,79,21,Offside is a smart comedy illustrating the fight for women's rights in Iran.  (Sony Pictures Classics),https://www.metacritic.com/movie/offside/,true,false
781,oldboy,Oldboy,2005,78,85,685,"Oh Dae-su (Choi Min-sik) is an ordinary Seoul businessman with a wife and little daughter who, after a drunken night on the town, is locked up in a strange, private ""prison."" No one will tell him why he's there or who his jailer is. The imprisonment last for 15 years until one day when Dae-su finds himself unexpectedly deposited on a grass-covered high-rise roof, determined to discover the mysterious enemy who had him locked up.  (Tartan Films)",https://www.metacritic.com/movie/oldboy/,false,true
782,on-becoming-a-guinea-fowl,On Becoming a Guinea Fowl,2025,87,70,33,"On an empty road in the middle of the night, Shula stumbles across the body of her uncle. As funeral proceedings begin around them, she and her cousins bring to light the buried secrets of their middle-class Zambian family.",https://www.metacritic.com/movie/on-becoming-a-guinea-fowl/,true,false
783,on-the-waterfront,On the Waterfront,1954,91,84,182,"Marlon Brando gives one of the screen's most electrifying performances as Best Actor in this 1954 Academy Award winning Best Film as Ex-fighter Terry Malloy, who could have been a contender but now toils for boss Johnny Friendly (Lee J. Cobb) on the gang-ridden waterfront.  [Sony]",https://www.metacritic.com/movie/on-the-waterfront/,true,true
784,once,Once,2007,90,81,180,"A modern day musical set on the streets of Dublin. Featuring Glen Hansard from the Irish band ""The Frames,"" the film tells the story of a street musician and a Czech immigrant during an eventful week as they write, rehearse and record songs that reveal their unique love story.  (Fox Searchlight)",https://www.metacritic.com/movie/once/,true,true
785,once-upon-a-time-in-the-west,Once Upon a Time in the West (re-release),2005,82,87,295,"Sergio Leone's monumental epic is as big as its Monument Valley locations, as grand as its fine, distinguished cast, as tough and bawdy as every kid imagines the Old West.  (Paramount)",https://www.metacritic.com/movie/once-upon-a-time-in-the-west/,false,true
786,one-battle-after-another,One Battle After Another,2025,95,67,1260,"Washed-up revolutionary Bob (Leonardo DiCaprio) exists in a state of stoned paranoia, surviving off-grid with his spirited, self-reliant daughter, Willa (Chase Infiniti).  When his evil nemesis (Sean Penn) resurfaces after 16 years and she goes missing, the former radical scrambles to find her, father and daughter both battling the consequences of his past.",https://www.metacritic.com/movie/one-battle-after-another/,true,false
787,one-child-nation,One Child Nation,2019,85,82,29,"China’s One Child Policy, the extreme population control measure that made it illegal for couples to have more than one child, may have ended in 2015, but the process of dealing with the trauma of its brutal enforcement is only just beginning. From award-winning documentarian Nanfu Wang (Hooligan Sparrow, I Am Another You) and Jialing Zhang, the sweeping One Child Nation explores the ripple effect of this devastating social experiment, uncovering one shocking human rights violation after another - from abandoned newborns, to forced sterilizations and abortions, and government abductions. Wang digs fearlessly into her own personal life, weaving her experience as a new mother and the firsthand accounts of her family members into archival propaganda material and testimony from victims and perpetrators alike, yielding a revelatory and essential record of this chilling, unprecedented moment in human civilization. [Amazon Studios]",https://www.metacritic.com/movie/one-child-nation/,true,false
788,one-cut-of-the-dead,One Cut of the Dead,2019,86,75,84,"Things go badly for a hack director and film crew shooting a low budget zombie movie in an abandoned WWII Japanese facility, when they are attacked by real zombies.",https://www.metacritic.com/movie/one-cut-of-the-dead/,true,false
789,one-false-move,One False Move,1992,87,72,24,"Three criminals—Fantasia (Cynda Williams), Ray Malcolm (Billy Bob Thornton) and Pluto (Michael Beach)—travel from Los Angeles to Houston, finally arriving in a small Arkansas town to go into hiding. Two detectives from the LAPD, who are already on the case, contact the town's sheriff, Dale Dixon (Bill Paxton), to alert him of the fugitives' presence in the area. Underestimating Dixon, the criminals have no idea what they are about to face.",https://www.metacritic.com/movie/one-false-move/,true,false
790,one-fine-morning,One Fine Morning,2022,86,64,16,"Sandra (Léa Seydoux), a young mother who raises her daughter alone, pays regular visits to her sick father. While she and her family fight tooth and nail to get him the care he requires, Sandra reconnects with Clément (Melvil Poupaud), a friend she hasn’t seen in a while. Although he is married, a passionate relationship begins.",https://www.metacritic.com/movie/one-fine-morning/,true,false
791,one-flew-over-the-cuckoos-nest,One Flew Over the Cuckoo's Nest,1975,84,88,603,"A nice rest in a state mental hospital beats a stretch in the pen, right? Randle P. McMurphy (Nicholson), a free-spirited con with lightning in his veins and glib on his tongue, fakes insanity and moves in with what he calls the ""nuts."" Immediately, his contagious sense of disorder runs up against numbing routine. No way should guys pickled on sedatives shuffle around in bathrobes when the World Series is on. This means war! On one side is McMurphy. On the other is soft-spoken Nurse Ratched (Fletcher), among the most coldly monstrous villains in film history. At stake is the fate of every patient on the ward. (Warner Bros.)",https://www.metacritic.com/movie/one-flew-over-the-cuckoos-nest/,false,true
792,one-hour-photo,One Hour Photo,2002,64,74,109,A young suburban family finds themselves the objects of obsession of an employee (Williams) at their local one-hour photo lab.,https://www.metacritic.com/movie/one-hour-photo/,false,true
793,one-more-time-with-feeling,One More Time with Feeling,2016,92,85,50,"A unique one night only cinema event directed by Andrew Dominik, One More Time With Feeling will be the first ever opportunity anyone will have to hear Skeleton Tree, the sixteenth studio album from Nick Cave & the Bad Seeds. The film will screen in cinemas across the world on 8th September 2016, immediately prior to the release of Skeleton Tree the following day. Originally a performance based concept, One More Time With Feeling evolved into something much more significant as Dominik delved into the tragic backdrop of the writing and recording of the album. Interwoven throughout the Bad Seeds’ filmed performance of the new album are interviews and footage shot by Dominik, accompanied by Cave’s narration and improvised rumination.",https://www.metacritic.com/movie/one-more-time-with-feeling/,true,false
794,ong-bak,Ong Bak,2005,69,75,51,"One dark night, a former native of a rural Thai village, has his men steal the head of the town's Ong Bak (Buddha statue) to win favor with a ruthless crime boss. The locals regard the theft as a catastrophe, and seek a champion to retrieve their lost treasure. They find their man in Ting (Tony Jaa), an orphaned youngster raised at the local temple in an ancient system of Muay Thai: Nine Body Weapons. [Magnolia Pictures]",https://www.metacritic.com/movie/ong-bak/,false,true
795,only-angels-have-wings,Only Angels Have Wings,1939,86,72,29,"At a remote South American trading port, the manager of an air freight company is forced to risk his pilots' lives in order to win an important contract.",https://www.metacritic.com/movie/only-angels-have-wings/,true,false
796,only-yesterday-1991,Only Yesterday (1991),2016,90,83,155,"It’s 1982, and Taeko is 27 years old, unmarried, and has lived her whole life in Tokyo. She decides to visit her relatives in the countryside, and as  the train travels through the night, memories flood back of her younger years: the first immature stirrings of romance, the onset of puberty, and the frustrations  of math and boys. At the station she is met by young farmer Toshio, and the encounters with him begin to reconnect her to forgotten longings. In lyrical switches between the present and the past, Taeko contemplates the arc of her life, and wonders if she has been true to the dreams of her childhood self. [Gkids]",https://www.metacritic.com/movie/only-yesterday-1991/,true,false
797,oppenheimer,Oppenheimer,2023,90,84,2270,The story of American scientist J. Robert Oppenheimer and his role in the development of the atomic bomb.,https://www.metacritic.com/movie/oppenheimer/,true,false
798,ordinary-people,Ordinary People,1980,86,77,71,"In Robert Redford's directorial debut, the accidental death of the older son of an affluent family deeply strains the relationships among the austere mother (Mary Tyler Moore), the compassionate, well-meaning father (Donald Sutherland), and the guilt-ridden younger son (Timothy Hutton).",https://www.metacritic.com/movie/ordinary-people/,true,true
799,our-body,Our Body,2023,93,49,20,"Veteran documentarian Claire Simon observes the everyday operations of the gynecological ward in a public hospital in Paris. In the process, she questions what it means to live in a woman’s body, filming the diversity, singularity and beauty of patients in all stages of life. We see cancer screenings and fertility appointments, a teenager dealing with an unwanted pregnancy, a trans woman considering the beginnings of menopause. Through these encounters and many more, the specific fears, desires and struggles of these individuals become the health challenges we all face, even the filmmaker herself.",https://www.metacritic.com/movie/our-body/,true,false
800,our-daily-bread,Our Daily Bread,2006,86,98,4,"This documentary aims to show the industrial production of food as a reflection of our society's values: plenty of everything, made as quickly and as efficiently as modern technology permits.  (First Run/Icarus)",https://www.metacritic.com/movie/our-daily-bread/,true,false
801,our-father-the-devil,"Our Father, the Devil",2023,87,92,6,An African refugee's quiet existence in a sleepy mountain town in the south of France is upended by the arrival of a charismatic Catholic priest whom she recognizes as the warlord who slaughtered her family.,https://www.metacritic.com/movie/our-father-the-devil/,true,false
802,our-land-nuestra-tierra,Our Land (Nuestra Tierra),2026,86,63,7,"In 2009, a man and two accomplices try to evict members of the Indigenous community of Chuschagasta in northern Argentina. Claiming ownership of the land and armed with guns, they kill the community’s leader, Javier Chocobar. The murder is caught on video. It takes nine years of protests before court proceedings are finally opened in 2018. During all this time, the killers remain free. The film combines the voices and photographs of the community with courtroom footage to explore the long history of colonialism and land dispossession that led to this crime.",https://www.metacritic.com/movie/our-land-nuestra-tierra/,true,false
803,out-1-noli-me-tangere-1971,Out 1: Noli Me Tangere (1971),2015,87,54,7,"Paris, April 13th 1970. Two theater groups each rehearse avant-garde adaptations of plays by Aeschylus. A young deaf-mute begs for change in cafés while playing the harmonica. A young woman seduces men in order to rob them. As a conspiracy develops, the protagonists’ stories start to intertwine.",https://www.metacritic.com/movie/out-1-noli-me-tangere-1971/,true,false
804,out-of-the-past,Out of the Past,1947,85,76,20,"A private eye escapes his past to run a gas station in a small town, but his past catches up with him. Now he must return to the big city world of danger, corruption, double crosses and duplicitous dames.",https://www.metacritic.com/movie/out-of-the-past/,true,false
805,overlord-re-release,Overlord [re-release],2006,88,70,8,"Winner of the Silver Bear at the 1975 Berlin Film Festival, Overlord tells one soldier's story from his induction into the British army to the battle on the beaches at Normandy on D-Day, June 6, 1944.",https://www.metacritic.com/movie/overlord-re-release/,true,false
806,paddington-2,Paddington 2,2018,88,82,401,"Paddington, now happily settled with the Brown family and a popular member of the local community, picks up a series of odd jobs to buy the perfect present for his Aunt Lucy's 100th birthday, only for the gift to be stolen.",https://www.metacritic.com/movie/paddington-2/,true,false
807,pain-and-glory,Pain and Glory,2019,87,79,147,"Pain and Glory tells of a series of reencounters experienced by Salvador Mallo, a film director in his physical decline. Some of them in the flesh, others remembered: his childhood in the 60s, when he emigrated with his parents to a village in Valencia in search of prosperity, the first desire, his first adult love in the Madrid of the 80s, the pain of the breakup of that love while it was still alive and intense, writing as the only therapy to forget the unforgettable, the early discovery of cinema, and the void, the infinite void created by the incapacity to keep on making films. Pain and Glory talks about creation, about the difficulty of separating it from one's own life and about the passions that give it meaning and hope. In recovering his past, Salvador finds the urgent need to recount it, and in that need he also finds his salvation. [Sony Pictures Classics]",https://www.metacritic.com/movie/pain-and-glory/,true,false
808,pans-labyrinth,Pan's Labyrinth,2006,98,86,1850,"Following a bloody civil war, young Ofelia enters a world of unimaginable cruelty when she moves in with her new stepfather, a tyrannical military officer. Armed with only her imagination, Ofelia discovers a mysterious labyrinth and meets a faun who sets her on a path to saving herself and her ailing mother. But soon, the lines between fantasy and reality begin to blur, and before Ofelia can turn back, she finds herself at the center of a ferocious battle between good and evil. [Warner Bros.]",https://www.metacritic.com/movie/pans-labyrinth/,true,true
809,paprika,Paprika,2007,81,80,207,"Dr. Atsuko Chiba is a genius scientist by day, and a kick-ass dream warrior named Paprika by night. In this psychedelic sci-fi adventure anime, it will take the skills of both women to save the world.  (Sony Pictures Classics)",https://www.metacritic.com/movie/paprika/,false,true
810,parallel-mothers,Parallel Mothers,2021,88,73,96,"Two women, Janis and Ana, coincide in a hospital room where they are going to give birth. Both are single and became pregnant by accident. Janis, middle-aged, doesn’t regret it and she is exultant. The other, Ana, an adolescent, is scared, repentant and traumatized. Janis tries to encourage her while they move like sleepwalkers along the hospital corridors. The few words they exchange in these hours will create a very close link between the two, which by chance develops and complicates, and changes their lives in a decisive way.",https://www.metacritic.com/movie/parallel-mothers/,true,false
811,parasite,Parasite,2019,97,88,2391,"Meet the Park Family: the picture of aspirational wealth. And the Kim Family, rich in street smarts but not much else. Be it chance or fate, these two houses are brought together and the Kims sense a golden opportunity. Masterminded by college-aged Ki-woo, the Kim children expediently install themselves as tutor and art therapist, to the Parks. Soon, a symbiotic relationship forms between the two families. The Kims provide “indispensable” luxury services while the Parks obliviously bankroll their entire household. When a parasitic interloper threatens the Kims’ newfound comfort, a savage, underhanded battle for dominance breaks out, threatening to destroy the fragile ecosystem between the Kims and the Parks. [Neon]",https://www.metacritic.com/movie/parasite/,true,false
812,parenthood,Parenthood,1989,82,77,51,"Gil Martin is a funny and loving husband who's also tries too hard to be the ""perfect"" parent to his uniquely different kids. (Universal Studios)",https://www.metacritic.com/movie/parenthood/,false,true
813,paris-texas,"Paris, Texas",1984,81,76,94,"Travis Henderson, an aimless drifter who has been missing for four years, wanders out of the desert and must reconnect with society, himself, his life, and his family.",https://www.metacritic.com/movie/paris-texas/,false,true
814,particle-fever,Particle Fever,2014,87,83,32,"For the first time, a film gives audiences a front row seat to a significant and inspiring scientific breakthrough as it happens. Particle Fever follows six brilliant scientists during the launch of the Large Hadron Collider, marking the start-up of the biggest and most expensive experiment in the history of the planet, pushing the edge of human innovation. As they seek to unravel the mysteries of the universe, 10,000 scientists from over 100 countries joined forces in pursuit of a single goal: to recreate conditions that existed just moments after the Big Bang and find the Higgs boson, potentially explaining the origin of all matter. But our heroes confront an even bigger challenge: have we reached our limit in understanding why we exist?",https://www.metacritic.com/movie/particle-fever/,true,false
815,passing,Passing,2021,85,67,89,"Adapted from the celebrated 1929 novel of the same name by Nella Larsen, Passing tells the story of two Black women, Irene Redfield (Tessa Thompson) and Clare Kendry (Ruth Negga), who can “pass” as white but choose to live on opposite sides of the color line during the height of the Harlem Renaissance in late 1920s New York. After a chance encounter reunites the former childhood friends one summer afternoon, Irene reluctantly allows Clare into her home, where she ingratiates herself to Irene’s husband (André Holland) and family, and soon her larger social circle as well. As their lives become more deeply intertwined, Irene finds her once-steady existence upended by Clare, and PASSING becomes a riveting examination of obsession, repression and the lies people tell themselves and others to protect their carefully constructed realities.",https://www.metacritic.com/movie/passing/,true,false
816,past-lives,Past Lives,2023,94,78,403,"Nora (Greta Lee) and Hae Sung (Teo Yoo), two deeply connected childhood friends, are wrest apart after Nora’s family emigrates from South Korea. Two decades later, they are reunited in New York for one fateful week as they confront notions of destiny and love, and the choices that make a life.",https://www.metacritic.com/movie/past-lives/,true,false
817,paterson,Paterson,2016,90,78,245,"Paterson (Adam Driver) is a bus driver in the city of Paterson, New Jersey – they share the name. Every day, Paterson adheres to a simple routine: he drives his daily route, observing the city as it drifts across his windshield and overhearing fragments of conversation swirling around him; he writes poetry into a notebook; he walks his dog; he stops in a bar and drinks exactly one beer; he goes home to his wife, Laura (Golshifteh Farahani). By contrast, Laura's world is ever changing. New dreams come to her almost daily. Paterson loves Laura and she loves him. He supports her newfound ambitions; she champions his gift for poetry.",https://www.metacritic.com/movie/paterson/,true,false
818,paths-of-glory,Paths of Glory,1957,90,85,95,"When soldiers in World War I refuse to continue with an impossible attack, their superior officers decide to make an example of them.",https://www.metacritic.com/movie/paths-of-glory/,true,true
819,paths-of-the-soul,Paths of the Soul,2016,90,52,16,"Filmmaker Zhang Yang (Shower, Getting Home) blurs the border between documentary and fiction to follow a group of Tibetan villagers who leave their families and homes in the small village of Nyima to make a Buddhist ""bowing pilgrimage""-laying their bodies flat on the ground after every few steps-along the 1,200 mile road to Lhasa, the holy capital of Tibet. Though united in their remarkable devotion, each of the travelers embarks on this near impossible journey for very personal reasons. One traveler needs to expunge bad family karma, a butcher wants to cleanse animal bloodstains from his soul, another nearing his life's end, hopes that the prostrations will break the chain of cause and effect determined by his life's actions. [Icarus Films]",https://www.metacritic.com/movie/paths-of-the-soul/,true,false
820,patton,Patton,1970,86,82,136,"This Academy Award-winning biography of American General George S. Patton chronicles the general's wartime activities and accomplishments, beginning with his entry into the North African campaign and ending with his removal from command after his outspoken criticism of US post-war military strategy.",https://www.metacritic.com/movie/patton/,true,true
821,pepe-le-moko-re-release,Pépé le Moko (re-release),2002,98,58,28,A re-release of Julien Divivier's 1937 romantic crime classic.,https://www.metacritic.com/movie/pepe-le-moko-re-release/,true,false
822,perfect-blue,Perfect Blue,1999,67,84,100,A retired pop singer turned actress' sense of reality is shaken when she is stalked by an obsessed fan and seemingly a ghost of her past.,https://www.metacritic.com/movie/perfect-blue/,false,true
823,persepolis,Persepolis,2007,90,82,180,"Persepolis is the poignant story of a young girl in Iran during the Islamic Revolution. It is through the eyes of the precocious and outspoken 9-year-old Marjane that we see a people's hopes dashed as fundamentalists take power--forcing the veil on women and imprisoning thousands. Clever and fearless, Marjane outsmarts the ""social guardians"" and discovers punk, ABBA, and Iron Maiden. Yet when her uncle is senselessly executed and as bombs fall around Tehran in the Iran/Iraq war, the daily fear that permeates life in Iran is palpable. [Sony Classics]",https://www.metacritic.com/movie/persepolis/,true,false
824,persona,Persona,1967,86,80,103,A nurse is put in charge of a mute actress and finds that their personas are melding together.,https://www.metacritic.com/movie/persona/,true,true
825,petite-maman,Petite Maman,2021,93,78,76,Nelly has just lost her grandmother and is helping her parents clean out her mother's childhood home. She explores the house and the surrounding woods. One day she meets a girl her same age building a treehouse.,https://www.metacritic.com/movie/petite-maman/,true,false
826,phantom-thread,Phantom Thread,2017,90,78,651,"Set in the glamour of 1950s post-war London, renowned dressmaker Reynolds Woodcock (Daniel Day-Lewis) and his sister Cyril (Lesley Manville) are at the center of British fashion, dressing royalty, movie stars, heiresses, socialites, debutantes and dames with the distinct style of The House of Woodcock. Women come and go through Woodcock’s life, providing the confirmed bachelor with inspiration and companionship, until he comes across a young, strong-willed woman, Alma (Vicky Krieps), who soon becomes a fixture in his life as his muse and lover. Once controlled and planned, he finds his carefully tailored life disrupted by love.",https://www.metacritic.com/movie/phantom-thread/,true,false
827,phoenix,Phoenix,2015,89,78,102,"Nelly (Nina Hoss), a German-Jewish nightclub singer, has survived a concentration camp, but with her face disfigured by a bullet wound. After reconstructive surgery, Nelly emerges with a new face, one similar but different enough that her former husband, Johnny (Ronald Zehrfeld), doesn’t recognize her. Rather than reveal herself, Nelly walks into a dangerous game of duplicity and disguise as she tries to figure out if the man she loves may have betrayed her to the Nazis. [IFC Films]",https://www.metacritic.com/movie/phoenix/,true,false
828,piccadilly-re-release,Piccadilly [re-release],2004,89,73,4,"E.A. (Varieté) Dupont's Piccadilly, the 1929 silent masterpiece brilliantly restored by the British Film Institute, stars the sultry Anna May Wong in her greatest role.  (Milestone Films)",https://www.metacritic.com/movie/piccadilly-re-release/,true,false
829,pictures-of-ghosts,Pictures of Ghosts,2024,88,79,14,"Pictures of Ghosts is a multidimensional journey through time, sound, architecture and filmmaking, set in the urban landscape of Recife, Brazilian coastal capital of Pernambuco: a historical and human territory, examined through the great movie theaters that served as spaces of conviviality during the 20th century. Having hosted dreams and progress, these places have also embodied a major transformation on social practices. Combining archive documentary, mystery, film clips and personal memories, Pictures of Ghosts is a map of a city through the lens of cinema.",https://www.metacritic.com/movie/pictures-of-ghosts/,true,false
830,pillion,Pillion,2026,85,69,69,"A timid man is swept off his feet when an enigmatic, impossibly handsome biker takes him on as his submissive.",https://www.metacritic.com/movie/pillion/,true,false
831,pink-floyd-the-wall,Pink Floyd: The Wall,1982,47,85,53,A confined but troubled rock star (Pink - Bob Geldof) descends into madness in the midst of his physical and social isolation.,https://www.metacritic.com/movie/pink-floyd-the-wall/,false,true
832,pinocchio-1940,Pinocchio,1940,99,81,424,"A living puppet, with the help of a cricket as his conscience, must prove himself worthy to become a real boy.",https://www.metacritic.com/movie/pinocchio-1940/,true,true
833,pirates-of-the-caribbean-dead-mans-chest,Pirates of the Caribbean: Dead Man's Chest,2006,53,77,697,"Johnny Depp, Orlando Bloom and Keira Knightley reunite this epic tale chronicling the further mis-adventures of Captain Jack Sparrow.  (Buena Vista Pictures)",https://www.metacritic.com/movie/pirates-of-the-caribbean-dead-mans-chest/,false,true
834,pirates-of-the-caribbean-the-curse-of-the-black-pearl,Pirates of the Caribbean: The Curse of the Black Pearl,2003,63,84,1008,"For the roguish yet charming Captain Jack Sparrow (Depp), the crystalline waters if the Caribbean present a vast playground where adventure and mystery abound.  But Jack's idyllic pirate life capsizes after his nemesis, the wily Captain Barbossa (Rush), steals his ship, the Black Pearl, and kidnaps the Governor's (Pryce) beautiful daughter, Elizabeth Swann (Knightley).  (Disney)",https://www.metacritic.com/movie/pirates-of-the-caribbean-the-curse-of-the-black-pearl/,false,true
835,pitch-black,Pitch Black,2000,49,76,245,"A space transport crashes on an apparently deserted planet, leaving the crew to reckon with the likes of  fellow passenger Riddick, a serial murderer.  The true threat to the crew turns out to be a virtual sky full of flying, flesh-eating creatures who come out to play under the protection of darkness.",https://www.metacritic.com/movie/pitch-black/,false,true
836,planes-trains-automobiles,"Planes, Trains & Automobiles",1987,72,77,105,A man must struggle to travel home for Thanksgiving with an obnoxious slob of a shower curtain ring salesman as his only companion.,https://www.metacritic.com/movie/planes-trains-automobiles/,false,true
837,planet-of-the-apes-1968,Planet of the Apes,1968,79,83,156,"An astronaut crew crash-lands on a planet in the distant future where intelligent talking apes are the dominant species, and humans are the oppressed and enslaved.",https://www.metacritic.com/movie/planet-of-the-apes-1968/,false,true
838,platoon,Platoon,1986,92,81,256,A young recruit in Vietnam faces a moral crisis when confronted with the horrors of war and the duality of man.,https://www.metacritic.com/movie/platoon/,true,true
839,playground,Playground,2022,86,71,20,"Following 7-year-old Nora and her big brother Abel, we see Nora struggling to fit in before finding her place on the schoolyard. One day, she notices Abel being bullied by other kids, and though she rushes to protect him by warning their father, Abel forces her to remain silent, while he endures more humiliation and harassment by his peers.",https://www.metacritic.com/movie/playground/,true,false
840,playtime,Playtime,1973,99,75,64,"Monsieur Hulot curiously wanders around a high-tech Paris, paralleling a trip with a group of American tourists. Meanwhile, a nightclub/restaurant prepares its opening night, but it's still under construction.",https://www.metacritic.com/movie/playtime/,true,true
841,pleasantville,Pleasantville,1998,71,75,147,"In Gary Ross' daring modern fairy tale Pleasantville, an entire fictional town is granted a chance to experience the comedies, and dangers of real life. In this fantastical adventure, two late 20th Century teenagers (Maguire, Witherspoon) accidentally bring living color to a mysterious suburb trapped in a black-and-white 50's utopia -- and set off a revolution.  (New Line Cinema)",https://www.metacritic.com/movie/pleasantville/,false,true
842,poetry,Poetry,2011,87,78,53,"A sixty-something woman, faced with the discovery of a heinous family crime, finds strength and purpose when she enrolls in a poetry class. Lee Chang-dong's follow-up to his acclaimed Secret Sunshine is a masterful study of the subtle empowerment — and moral compass — of an indefatigable older woman. [Kino International]",https://www.metacritic.com/movie/poetry/,true,true
843,point-blank-1967,Point Blank,1967,86,66,21,"After being double-crossed and left for dead, a mysterious man named Walker single-mindedly tries to retrieve the money that was stolen from him.",https://www.metacritic.com/movie/point-blank-1967/,true,false
844,point-break-1991,Point Break,1991,60,75,177,An FBI agent goes undercover to infiltrate a gang of surfers who may be bank robbers.,https://www.metacritic.com/movie/point-break-1991/,false,true
845,pokemon-3-the-movie,Pokémon 3: The Movie,2001,22,75,100,"Young Pokémon trainer Ash Ketchum and his loyal friends journey to the beautiful mountain town of Greenfield, where they will encounter the Unown, the most mysterious of all Pokémon.  (Warner Brothers)",https://www.metacritic.com/movie/pokemon-3-the-movie/,false,true
846,pokemon-4-the-movie,Pokémon 4: The Movie,2002,25,74,70,"The fourth installment in the popular Pokemon series of films, starring Ash, Pikachu and all the other Pokemon favorites, and also featuring a new time-travelling creature that has powers over nature as well as time and space.",https://www.metacritic.com/movie/pokemon-4-the-movie/,false,true
847,pokemon-heroes,Pokémon Heroes,2003,27,75,55,The fifth installment of the Pokemon series takes place in a mysterious city on water.,https://www.metacritic.com/movie/pokemon-heroes/,false,true
848,pokemon-the-movie-2000,Pokémon: The Movie 2000,2000,28,75,116,"Good forces try to stop Lugia, whose power could destroy the world.",https://www.metacritic.com/movie/pokemon-the-movie-2000/,false,true
849,pokmon-the-first-movie---mewtwo-strikes-back!,Pokémon: The First Movie - Mewtwo Strikes Back!,1999,35,76,237,"A scientist genetically clones creatures from the Pokemon named Mew, creating Mewtwo, which begins cloning other Pokemons resulting in disastrous circumstances.  The film ends with the message that fighting is futile and wrong.",https://www.metacritic.com/movie/pokmon-the-first-movie---mewtwo-strikes-back!/,false,true
850,poltergeist-1982,Poltergeist,1982,79,76,188,"Steven and Diane Freeling's (Craig T. Nelson and JoBeth Williams) quiet suburban life is disturbed when  ghosts kidnap their youngest daughter, Carol Anne (Heather O'Rourke).",https://www.metacritic.com/movie/poltergeist-1982/,false,true
851,pompei-below-the-clouds,Pompei: Below the Clouds,2026,87,62,9,"Naples is a city forever marked by the looming presence of Mount Vesuvius. Beneath the quiet threat of eruption, people go about their days: archaeologists unearth the past, children learn as the earth hums, firefighters wait for the next call.",https://www.metacritic.com/movie/pompei-below-the-clouds/,true,false
852,ponyo,Ponyo,2009,86,78,383,"Ponyo is a story inspired by Hans Christian Andersen's fairy tale ""The Little Mermaid."" Already a box-office success in Japan, the story of a young and overeager goldfish named Ponyo and her quest to become human features an outstanding roster of voice talent. (Walt Disney Pictures)",https://www.metacritic.com/movie/ponyo/,true,true
853,poor-things,Poor Things,2023,88,69,674,"Bella Baxter (Emma Stone) is brought back to life by the brilliant and unorthodox scientist Dr. Godwin Baxter (Willem Dafoe). Under Baxter’s protection, Bella is eager to learn. Hungry for the worldliness she is lacking, Bella runs off with Duncan Wedderburn (Mark Ruffalo), a slick and debauched lawyer, on a whirlwind adventure across the continents. Free from the prejudices of her times, Bella grows steadfast in her purpose to stand for equality and liberation.",https://www.metacritic.com/movie/poor-things/,true,false
854,porco-rosso,Porco Rosso,1992,83,81,158,"In 1930s Italy, a veteran World War I pilot is cursed to look like an anthropomorphic pig.",https://www.metacritic.com/movie/porco-rosso/,false,true
855,portrait-of-a-lady-on-fire,Portrait of a Lady on Fire,2019,95,85,431,"France, 1760. Marianne is commissioned to paint the wedding portrait of Héloïse, a young woman who has just left the convent. Because she is a reluctant bride-to-be, Marianne arrives under the guise of companionship, observing Héloïse by day and secretly painting her by firelight at night. As the two women orbit one another, intimacy and attraction grow as they share Héloïse’s first moments of freedom. Héloïse's portrait soon becomes a collaborative act of and testament to their love.",https://www.metacritic.com/movie/portrait-of-a-lady-on-fire/,true,false
856,possession-1983,Possession,1983,75,74,70,A woman (Isabelle Adjani) starts exhibiting increasingly disturbing behavior after asking her husband (Sam Neill) for a divorce. Suspicions of infidelity soon give way to something much more sinister.,https://www.metacritic.com/movie/possession-1983/,false,true
857,precious-based-on-the-novel-push-by-sapphire,Precious: Based on the Novel 'Push' by Sapphire,2009,78,77,165,"Set in Harlem in 1987, it is the story of Claireece “Precious” Jones, a sixteen-year-old African-American girl born into a life no one would want.  She’s pregnant for the second time by her absent father; at home, she must wait hand and foot on her mother, a poisonously angry woman who abuses her emotionally and physically.  School is a place of chaos, and Precious has reached the ninth grade with good marks and an awful secret: she can neither read nor write. Precious may sometimes be down, but she is never out.  Beneath her impassive expression is a watchful, curious young woman with an inchoate but unshakeable sense that other possibilities exist for her.  Threatened with expulsion, Precious is offered the chance to transfer to an alternative school, Each One/Teach One.  Precious doesn’t know the meaning of “alternative,” but her instincts tell her this is the chance she has been waiting for. Precious begins a journey that will lead her from darkness, pain and powerlessness to light, love and self-determination. (Lionsgate)",https://www.metacritic.com/movie/precious-based-on-the-novel-push-by-sapphire/,false,true
858,predator,Predator,1987,47,85,811,"Schaefer (Schwarzenegger) and his elite military unit are recruited to rescue hostages held by guerrillas in the Latin American jungle. But once there, they encounter an enemy more deadly than any on earth! (20th Century Fox)",https://www.metacritic.com/movie/predator/,false,true
859,primal-fear,Primal Fear,1996,47,77,150,"Guilty? Innocent? Those questions aren't for high-powered Chicago attorney Martin Vail (Gere) to decide. His job is to defend - especially if a case will put his name in the headlines and further his career. When Vail hears that a penniless altar boy (Norton) is accused of murdering the local archbishop, he snaps up the case, eager for the media spotlight. Little does he know that it will uncover a viper's nest of corruption, pit him against a prosecutor (Linney) who's his ex-lover, and test all his skill, judgement and even his win-at-any-cost attitude. (Paramount)",https://www.metacritic.com/movie/primal-fear/,false,true
860,princess-mononoke,Princess Mononoke,1999,78,89,703,The mythological tale of a war between encroaching civilization and the beast gods of the forest.  (Miramax),https://www.metacritic.com/movie/princess-mononoke/,false,true
861,procession,Procession,2021,90,67,23,"Six midwestern men — all survivors of childhood sexual assault at the hands of Catholic priests and clergy — come together to direct a drama therapy-inspired experiment designed to collectively work through their trauma. As part of a radically collaborative filmmaking process, they create fictional scenes based on memories, dreams and experiences, meant to explore the church rituals, culture and hierarchies that enabled silence around their abuse. In the face of a failed legal system, we watch these men reclaim the spaces that allowed their assault, revealing the possibility for catharsis and redemption through a new-found fraternity.",https://www.metacritic.com/movie/procession/,true,false
862,psycho-1960,Psycho,1960,97,88,866,"A Phoenix secretary embezzles $40,000 from her employer's client, goes on the run, and checks into a remote motel run by a young man, Norman Bates (Anthony Perkins) under the domination of his mother.",https://www.metacritic.com/movie/psycho-1960/,true,true
863,pulp-fiction,Pulp Fiction,1994,95,90,3463,Several inter-locking stories of crime and intrigue form a temporal mosaic set in the Los Angeles underworld.,https://www.metacritic.com/movie/pulp-fiction/,true,true
864,punch-drunk-love,Punch-Drunk Love,2002,78,81,309,"Paul Thomas Anderson's fourth film features Sandler as a lonely man with serious emotional issues. As he concocts a scheme involving frequent flier miles and copious amounts of pudding, he finds himself both falling prey to a phone-sex scam and falling in love with his sister's colleague.",https://www.metacritic.com/movie/punch-drunk-love/,false,true
865,quai-des-orfcvres-re-release,Quai des Orfèvres [re-release],2002,89,77,7,"Brilliantly transforming a classic whodunit plot, Gallic Master of Suspense Henri-Georges Clouzot takes us from the wings and dressing rooms of the Parisian music hall and circus worlds to the drab, airless corridors and holding cells of the Quai's Criminal Investigations Department, in a blend of social realism and psychological cruelty that became his trademark. One of the uncontested masterpieces of the postwar French cinema, but rarely seen here since its original 1947 U.S. release (as ""Jenny Lamour"").  (Film Forum)",https://www.metacritic.com/movie/quai-des-orfcvres-re-release/,true,false
866,quest-2017,Quest,2017,88,72,5,"Filmed with vérité intimacy for nearly a decade, Quest is the moving portrait of the Rainey family living in North Philadelphia. Beginning at the dawn of the Obama presidency, Christopher ""Quest"" Rainey, and his wife, Christine'a ""Ma Quest"" raise a family while nurturing a community of hip hop artists in their home music studio. It's a safe space where all are welcome, but this creative sanctuary can't always shield them from the strife that grips their neighborhood. Epic in scope, Quest is a vivid illumination of race and class in America, and a testament to love, healing and hope. [First Run Features]",https://www.metacritic.com/movie/quest-2017/,true,false
867,quiz-show,Quiz Show,1994,92,77,102,"This fact-based film tells the story behind the quiz show scandal of the 1950s, focusing on ""Twenty-One"" champion Charles Van Doren (Fiennes).",https://www.metacritic.com/movie/quiz-show/,true,false
868,quo-vadis-aida,"Quo Vadis, Aida?",2021,97,83,167,"Bosnia, July 11th 1995.  Aida is a translator for the United Nations in the small town of Srebrenica. When the Serbian army takes over the town, her family is among the thousands of citizens looking for shelter in the UN camp. As an insider to the negotiations Aida has access to crucial information that she needs to interpret. What is at the horizon for her family and people - rescue or death? Which move should she take? [Super LTD]",https://www.metacritic.com/movie/quo-vadis-aida/,true,false
869,rabbit-hole,Rabbit Hole,2010,76,77,99,"Becca and Howie Corbett are returning to their everyday existence in the wake of a shocking, sudden loss. Just eight months ago, they were a happy suburban family with everything they wanted.  Now, they are caught in a maze of memory, longing, guilt, recrimination, sarcasm and tightly controlled rage from which they cannot escape. While Becca finds pain in the familiar, Howie finds comfort. The shifts come in abrupt, unforeseen moments.  Becca hesitantly opens up to her opinionated, loving mother and secretly reaches out to the teenager involved in the accident that changed everything; while Howie lashes out and imagines solace with another woman. Yet, as off track as they are, the couple keeps trying to find their way back to a life that still holds the potential for beauty, laughter and happiness.  The resulting journey is an intimate glimpse into two people learning to re-engage with each other and a world that has been tilted off its axis. [Lionsgate]",https://www.metacritic.com/movie/rabbit-hole/,false,true
870,raging-bull,Raging Bull,1980,90,85,542,Scorcese recounts the gritty life self-destructive boxer Jake LaMotta (De Niro) who never backs down from a fight on his way to a middleweight title shot.,https://www.metacritic.com/movie/raging-bull/,true,true
871,raiders-of-the-lost-ark,Raiders of the Lost Ark,1981,86,88,1128,"You're in for thrills as Indiana Jones (Harrison Ford) confronts snakes, Nazis and one astonishing cliffhanger after another -- all topped off by the discovery and opening of the mystical Ark of the Covenant. [Paramount Pictures]",https://www.metacritic.com/movie/raiders-of-the-lost-ark/,true,true
872,rain-man,Rain Man,1988,65,79,297,"What begins with a cold-hearted attempt by one man to steal his autistic brother's inheritance evolves into a cross-country odyssey of love, family and self-discovery.",https://www.metacritic.com/movie/rain-man/,false,true
873,ramona-and-beezus,Ramona and Beezus,2010,56,77,75,"Ramona's vivid imagination, boundless energy, and accident-prone antics keep everyone she meets on their toes. But her irrepressible sense of fun, adventure and mischief come in handy when she puts her mind to helping save her family’s home. (20th Century Fox)",https://www.metacritic.com/movie/ramona-and-beezus/,false,true
874,ran,Ran,1985,97,86,281,"An adaptation of William Shakespeare’s King Lear, Ran considers the disastrous consequences of Lord Hidetora Ichimonji’s (Tatsuya Nakadai) decision to split his kingdom among his three sons.",https://www.metacritic.com/movie/ran/,true,false
875,rango,Rango,2011,75,76,776,"The story follows the comical, transformative journey of Rango, a sheltered chameleon living as an ordinary family pet, while facing a major identity crisis. After all, how high can you aim when your whole purpose in life is to blend in? When Rango accidentally winds up in the gritty, gun-slinging town of Dirt - a lawless outpost populated by the desert's most wily and whimsical creatures - the less-than-courageous lizard suddenly finds he stands out. Welcomed as the last hope the town has been waiting for, new Sheriff Rango is forced to play his new role to the hilt . . . until, in a blaze of action-packed situations and encounters with outrageous characters, Rango starts to become the hero he once only pretended to be. (Paramount Pictures)",https://www.metacritic.com/movie/rango/,false,true
876,rashomon,Rashomon,1951,98,84,185,"The rape of a bride and the murder of her samurai husband are recalled from the perspectives of a bandit, the bride, the samurai's ghost and a woodcutter.",https://www.metacritic.com/movie/rashomon/,true,true
877,ratatouille,Ratatouille,2007,96,86,2057,"Despite his sensational sniffer and sophisticated palate, Remy's dreams of becoming a chef seem hopeless due to one small detail--he's a rat! Through a twist of fate, he ends up in the world-famous restaurant of his late hero, Auguste Gusteau. With a dash of culinary courage and the help of garbage boy Linguini, Remy whips up exquisite meals that impress even the nasty chef Skinner and food critic Anton Ego. Together they conquer the kitchen and prove that big dreams can come true no matter how small you are. [Disney]",https://www.metacritic.com/movie/ratatouille/,true,true
878,ray,Ray,2004,73,83,169,"Ray is the never-before-told, musical biographical drama of American legend Ray Charles. Featuring Jamie Foxx in the central role, Ray follows the inspiring story of a one-of-a-kind genius.  (Universal)",https://www.metacritic.com/movie/ray/,false,true
879,re-animator,Re-Animator,1985,73,74,57,A dedicated student at a medical college and his girlfriend become involved in bizarre experiments centering around the re-animation of dead tissue when an odd new student arrives on campus.,https://www.metacritic.com/movie/re-animator/,false,true
880,rear-window,Rear Window,1954,100,87,751,A wheelchair-bound photographer spies on his neighbours from his apartment window and becomes convinced one of them has committed murder.,https://www.metacritic.com/movie/rear-window/,true,false
881,rebecca-1940,Rebecca,1940,86,83,70,A self-conscious woman juggles adjusting to her new role as an aristocrat's wife and avoiding being intimidated by his first wife's spectral presence.,https://www.metacritic.com/movie/rebecca-1940/,true,true
882,rebel-without-a-cause,Rebel Without a Cause,1955,89,76,80,"A rebellious young man (James Dean) with a troubled past comes to a new town, finding friends and enemies.",https://www.metacritic.com/movie/rebel-without-a-cause/,true,true
883,red-beard,Red Beard,1968,90,86,25,"In 19th-century Japan, a rough-tempered yet charitable town doctor trains a young intern.",https://www.metacritic.com/movie/red-beard/,true,false
884,red-river,Red River,1948,96,76,27,"Dunson leads a cattle drive, the culmination of over 14 years of work, to its destination in Missouri. But his tyrannical behavior along the way causes a mutiny, led by his adopted son.",https://www.metacritic.com/movie/red-river/,true,false
885,remake,Remake,2026,93,73,12,"Filmmaker Ross McElwee has spent forty years recording himself and his family, creating documentaries that chronicle the shifting contours of American society through the lens of personal history. His son Adrian grew up inside those films, and eventually began experimenting with the camera himself. When a Hollywood producer acquires the rights to adapt McElwee’s 1986 breakthrough Sherman's March into a work of fiction, twenty-year-old Adrian sees a chance for his father to finally reach a wider audience. As the adaptation stalls, Adrian gets swept into a deepening drug addiction and dies from a fentanyl overdose, leaving behind hours of personal video footage. Retracing Adrian’s final years, McElwee reckons with what his camera captured and what remained hauntingly out of frame. As he reflects on a lifetime behind the camera, Ross’s own effort to remix and remake the movie that Adrian never got to finish takes on new significance. An ever-expanding hall of mirrors built from decades of home movies, Remake is both McElwee’s attempt to hold onto his son, and to let him go.",https://www.metacritic.com/movie/remake/,true,false
886,remember-the-titans,Remember the Titans,2000,48,79,131,"In 1971 high school football was everything to the people of Alexandria, Virginia. But when the local school board was forced to integrate an all black school with an all white school, the very foundation of football's great tradition was put to the test.  (Walt Disney Pictures)",https://www.metacritic.com/movie/remember-the-titans/,false,true
887,renaissance-a-film-by-beyonce,Renaissance: A Film by Beyoncé,2023,86,88,267,"Renaissance: A Film by Beyoncé accentuates the journey of Renaissance World Tour, from its inception, to the opening in Stockholm, Sweden, to the finale in Kansas City, Missouri. It is about Beyoncé’s intention, hard work, involvement in every aspect of the production, her creative mind and purpose to create her legacy, and master her craft. Received with extraordinary acclaim, Beyoncé’s Renaissance World Tour created a sanctuary for freedom, and shared joy, for more than 2.7 million fans.",https://www.metacritic.com/movie/renaissance-a-film-by-beyonce/,true,false
888,repulsion-re-release,Repulsion (re-release),2006,91,77,115,"Roman Polanski followed up his international breakthrough Knife in the Water with this controversial tale of psychosis. Catherine Deneuve is Carol, a fragile, frigid young beauty cracking up in her London flat when left alone by her vacationing sister. She is soon haunted by specters real and imagined, and her insanity grows to a violent, hysterical pitch. (The Criterion Collection)",https://www.metacritic.com/movie/repulsion-re-release/,true,true
889,requiem-for-a-dream,Requiem for a Dream,2000,71,84,623,"This modern-day fable is set on the rusted mean streets of Coney Island, Brooklyn.  The dual storyline parallels four people who set out in pursuit of a better life.  [Artisan Entertainment]",https://www.metacritic.com/movie/requiem-for-a-dream/,false,true
890,reservoir-dogs,Reservoir Dogs,1992,81,85,1026,Quentin Tarantino's debut cult classic chronicles a jewelry heist gone wrong.  (Miramax Films),https://www.metacritic.com/movie/reservoir-dogs/,false,true
891,restless-creature-wendy-whelan,Restless Creature: Wendy Whelan,2017,87,40,4,"Restless Creature: Wendy Whelan offers an intimate portrait of prima ballerina Wendy Whelan as she prepares to leave New York City Ballet after a record-setting three decades with the company. One of the modern era’s most acclaimed dancers, Whelan was a principal ballerina for NYCB and, over the course of her celebrated career, danced numerous ballets by George Balanchine and Jerome Robbins, as well as new works by more modern standout choreographers like Christopher Wheeldon and Alexei Ratmansky many roles were made specifically for Whelan. As the film opens, Whelan is 46, battling a painful injury that has kept her from the ballet stage, and facing the prospect of her impending retirement from the company. What we see, as we journey with her, is a woman of tremendous strength, resilience and good humor. We watch Whelan brave the surgery that she hopes will enable her comeback to NYCB and we watch her begin to explore the world of contemporary dance, as she steps outside the traditionally patriarchal world of ballet to create Restless Creature, a collection of four contemporary vignettes forged in collaboration with four young choreographers.

RESTLESS CREATURE: WENDY WHELAN offers an intimate portrait of prima ballerina Wendy Whelan as she prepares to leave New York City Ballet after a record-setting three decades with the company. One of the modern era’s most acclaimed dancers, Whelan was a principal ballerina for NYCB. As the film opens, Whelan is 46, battling a painful injury that has kept her from the ballet stage, and facing the prospect of her impending retirement from the company. What we see, as we journey with her, is a woman of tremendous strength, resilience and good humor. We watch Whelan brave the surgery that she hopes will enable her comeback to NYCB and we watch her begin to explore the world of contemporary dance, as she steps outside the traditionally patriarchal world of ballet to create Restless Creature, a collection of four contemporary vignettes forged in collaboration with four young choreographers.",https://www.metacritic.com/movie/restless-creature-wendy-whelan/,true,false
892,resurrection-2025,Resurrection,2025,87,83,30,"In a future where humanity has surrendered its ability to dream in exchange for immortality, an outcast (Jackson Yee) finds illusion, nightmarish visions, and beauty in an intoxicating world of his own making.",https://www.metacritic.com/movie/resurrection-2025/,true,false
893,return-to-seoul,Return to Seoul,2022,87,73,31,"After an impulsive travel decision to visit friends, Freddie, 25, returns to South Korea for the first time, where she was born before being adopted and raised in France. Freddie suddenly finds herself embarking on (an unexpected) journey in a country she knows so little about, taking her life in new and unexpected directions.",https://www.metacritic.com/movie/return-to-seoul/,true,false
894,reversal-of-fortune,Reversal of Fortune,1990,93,79,47,"Jeremy Irons plays socialite Claus von Bulow, seeking legal exoneration in the most sensational attempted murder scandal of the 1980s. (Warner Bros.)",https://www.metacritic.com/movie/reversal-of-fortune/,true,false
895,revolutionary-road,Revolutionary Road,2008,69,75,215,"Adapted from the landmark novel by Richard Yates, Revolutionary Road is an incisive portrait of an American marriage seen through the eyes of Frank and April Wheeler. Yates’ story of 1950’s America poses a question that has been reverberating through modern relationships ever since: can two people break away from the ordinary without breaking apart? (Paramount Vantage)",https://www.metacritic.com/movie/revolutionary-road/,false,true
896,rewind,Rewind,2020,87,69,15,"Digging through the vast collection of his father's home videos, a young man reconstructs the unthinkable story of his boyhood.",https://www.metacritic.com/movie/rewind/,true,false
897,richard-iii,Richard III,1995,86,68,5,The classic Shakespearean play about a murderously scheming king staged in an alternative fascist England setting.,https://www.metacritic.com/movie/richard-iii/,true,false
898,richard-iii-1956,Richard III,1956,88,45,4,"Shakespeare's powerful tale of the wicked deformed King and his conquests, both on the battlefield and in the boudoir.",https://www.metacritic.com/movie/richard-iii-1956/,true,false
899,ride-the-high-country,Ride the High Country,1962,92,85,6,An ex-union soldier is hired to transport gold from a mining community through dangerous territory. But what he doesn't realize is that his partner and old friend is plotting to double-cross him.,https://www.metacritic.com/movie/ride-the-high-country/,true,false
900,rififi-re-release,Rififi (re-release),2000,97,83,63,"A reissue of a classic French caper thriller in which Tony, fresh out of prison, teams with three cohorts to pull off a major jewel heist which goes awry.  The film's title is slang for ""rough stuff,"" and it's robbery sequence is famous for its exciting, completely silent robbery scene.",https://www.metacritic.com/movie/rififi-re-release/,true,false
901,rio-bravo,Rio Bravo,1959,93,82,59,"A small-town sheriff in the American West enlists the help of a cripple, a drunk, and a young gunfighter in his efforts to hold in jail the brother of the local bad guy.",https://www.metacritic.com/movie/rio-bravo/,true,true
902,rise-of-the-planet-of-the-apes,Rise of the Planet of the Apes,2011,68,78,1148,"Rise of the Apes is an origin story in the truest sense of the term. Set in present day San Francisco, the film is a reality-based cautionary tale, a science fiction/science fact blend, where man's own experiments with genetic engineering lead to the development of intelligence in apes and the onset of a war for supremacy. [20th Century Fox]",https://www.metacritic.com/movie/rise-of-the-planet-of-the-apes/,false,true
903,robin-hood-1973,Robin Hood,1973,57,74,100,The story of the legendary outlaw is portrayed with the characters as humanoid animals.,https://www.metacritic.com/movie/robin-hood-1973/,false,true
904,robocop,RoboCop,1987,70,83,434,"When Officer Alex J. Murphy (Weller) is murdered in a futuristic crime-ridden Detroit, scientists and doctors decide to turn him into a ""Robocop"". He seeks revenge when memories of his past life return.",https://www.metacritic.com/movie/robocop/,false,true
905,robot-dreams,Robot Dreams,2023,87,78,82,"DOG lives in Manhattan and he’s tired of being alone. One day he decides to build himself a robot, a companion. Their friendship blossoms, until they become inseparable, to the rhythm of 80’s NYC. One summer night, DOG, with great sadness, is forced to abandon ROBOT at the beach. Will they ever meet again?",https://www.metacritic.com/movie/robot-dreams/,true,false
906,rocks,Rocks,2021,95,68,56,A teenage girl suddenly finds herself struggling to take care of herself and her younger brother.,https://www.metacritic.com/movie/rocks/,true,false
907,rocky-balboa,Rocky Balboa,2006,63,77,251,"Former heavyweight champion Rocky Balboa steps out of retirement and back into the ring, pitting himself against a new rival in a dramatically different era. After a virtual boxing match declares Rocky Balboa the victor over current champion Mason ""The Line"" Dixon, the legendary fighter's passion and spirit are reignited.  [MGM]",https://www.metacritic.com/movie/rocky-balboa/,false,true
908,rocky-ii,Rocky II,1979,61,82,162,"After club fighter Rocky Balboa goes the distance with the world heavyweight champion, boxing fans clamor for a re-match. But Rocky, having sustained massive injuries in the bout, announces his retirement. Though he tries to make a new life for himself, Rocky realizes that he can't escape his true calling. The ring beckons once more, and the ""Italian Stallion"" must prepare for the fight of his life. [MGM]",https://www.metacritic.com/movie/rocky-ii/,false,true
909,rocky-iii,Rocky III,1982,57,76,134,"As Rocky Balboa fights his way into the hearts of millions, life couldn't be better. He scores ten consecutive wins, lands lucrative endorsement contracts and becomes famous throughout the world. But when Clubber Lang KOs Rocky in a humiliating defeat, it becomes apparent that the ""Italian Stallion"" has lost his edge. Considering hanging up his gloves, Rocky receives encouragement from an unlikely ally: his old nemesis, Apollo Creed (Carl Weathers). With Creed's help, Rocky strives to regain the ""eye of the tiger"" before confronting Lang in a grueling rematch for the world heavyweight championship. [MGM]",https://www.metacritic.com/movie/rocky-iii/,false,true
910,rolling-thunder-revue-a-bob-dylan-story-by-martin-scorsese,Rolling Thunder Revue: A Bob Dylan Story by Martin Scorsese,2019,87,83,32,"Rolling Thunder Revue: A Bob Dylan Story by Martin Scorsese captures the troubled spirit of America in 1975 and the joyous music that Dylan performed during the fall of that year. Part documentary, part concert film, part fever dream, Rolling Thunder is a one of a kind experience, from master filmmaker Martin Scorsese.",https://www.metacritic.com/movie/rolling-thunder-revue-a-bob-dylan-story-by-martin-scorsese/,true,false
911,roma,Roma,2018,96,76,964,"Roma follows Cleo (Yalitza Aparicio), a young domestic worker for a family in the middle-class neighborhood of Roma in Mexico City. Delivering an artful love letter to the women who raised him, Cuarón draws on his own childhood to create a vivid and emotional portrait of domestic strife and social hierarchy amidst political turmoil of the 1970s. [Netflix]",https://www.metacritic.com/movie/roma/,true,false
912,roman-holiday,Roman Holiday,1953,78,81,119,Princess Ann (Hepburn) runs from her duties while in Italy and meets a reporter (Peck) looking for an exclusive story. He acts as if he doesn't know who she is but he soon finds himself falling in love with her.,https://www.metacritic.com/movie/roman-holiday/,false,true
913,room-2015,Room,2015,86,82,743,"Jack (Jacob Tremblay) is a spirited 5 year-old who is looked after by his loving and devoted Ma (Brie Larson).  Like any good mother, Ma dedicates herself to keeping Jack happy and safe, nurturing him with warmth and love and doing typical things like playing games and telling stories. Their life, however, is anything but typical—they are trapped—confined to a windowless, 10-by-10-foot space, which Ma has euphemistically named “Room.” Ma has created a whole universe for Jack within Room, and she will stop at nothing to ensure that, even in this treacherous environment, Jack is able to live a complete and fulfilling life.   But as Jack’s curiosity about their situation grows, and Ma’s resilience reaches its breaking point, they enact a risky plan to escape, ultimately bringing them face-to-face with what may turn out to be the scariest thing yet: the real world.",https://www.metacritic.com/movie/room-2015/,true,false
914,rope,Rope,1948,73,82,101,"Two young men strangle their ""inferior"" classmate, hide his body in their apartment, and invite his friends and family to a dinner party as a means to challenge the ""perfection"" of their crime.",https://www.metacritic.com/movie/rope/,false,true
915,rosemarys-baby,Rosemary's Baby,1968,96,82,391,"A young couple move into an apartment, only to be surrounded by peculiar neighbors and occurrences. When the wife becomes mysteriously pregnant, paranoia over the safety of her unborn child begins to control her life.",https://www.metacritic.com/movie/rosemarys-baby/,true,false
916,run-lola-run,Run Lola Run,1999,79,79,140,"In a breathtaking race against the clock, a young woman has 20 minutes to find 100,000 marks or her boyfriend will be killed.",https://www.metacritic.com/movie/run-lola-run/,false,true
917,rush-hour,Rush Hour,1998,61,77,255,"The fastest hands in the East meet the biggest mouth in the West when legendary martial arts daredevil Jackie Chan teams with comedic powerhouse Chris Tucker.  
(New Line Cinema)",https://www.metacritic.com/movie/rush-hour/,false,true
918,rushmore,Rushmore,1998,87,82,257,"Max Fischer, a tenth grade scholarship student at Rushmore Academy, falls in love with Rosemary Cross, a widowed elementary school teacher, but his friendship with Herman Blume, an unhappy, wealthy industrialist, suffers when Blume falls for Miss Cross as well.",https://www.metacritic.com/movie/rushmore/,true,true
919,russian-ark,Russian Ark,2002,87,72,48,"A unique panorama of the Hermitage, the most famous palace in Russia, now one of the great museums of the world.",https://www.metacritic.com/movie/russian-ark/,true,false
920,ryuichi-sakamoto-opus,Ryuichi Sakamoto | Opus,2024,91,79,16,"Ryuichi Sakamoto's last performance, a concert film featuring just him and his piano playing for the last time before passing away.",https://www.metacritic.com/movie/ryuichi-sakamoto-opus/,true,false
921,sabotage-1937,Sabotage,1937,85,67,19,"A Scotland Yard undercover detective is on the trail of a saboteur who is part of a plot to set off a bomb in London. But when the detective's cover is blown, the plot begins to unravel.",https://www.metacritic.com/movie/sabotage-1937/,true,false
922,sabrina,Sabrina,1954,72,75,75,"The chauffeur's daughter (Hepburn) has been in love for years with the Larrabee's playboy brother David (Holden). Sent away to Paris, she returns only to find herself caught between David and his older brother Linus (Bogart).",https://www.metacritic.com/movie/sabrina/,false,true
923,saint-omer,Saint Omer,2023,91,56,46,"Saint Omer court of law. Young novelist Rama attends the trial of Laurence Coly, a young woman accused of killing her 15-month-old daughter by abandoning her to the rising tide on a beach in northern France. But as the trial continues, the words of the accused and witness testimonies will shake Rama’s convictions and call into question our own judgment.",https://www.metacritic.com/movie/saint-omer/,true,false
924,samurai-rebellion,Samurai Rebellion,1967,90,77,14,"The mother of a feudal lord's only heir is kidnapped away from her husband by the lord. The husband and his samurai father must decide whether to accept the unjust decision, or risk death to get her back.",https://www.metacritic.com/movie/samurai-rebellion/,true,false
925,sankofa,Sankofa,1993,93,57,26,"Mona (Oyafunmike Ogunlano) is a Black American fashion model on a photo shoot in Cape Coast, Ghana. Through Mr. Gerima’s imaginative storytelling, she undergoes a journey back in time to a plantation in North America. There she becomes Shola, an enslaved African woman who labors in the master’s house and experiences the horrors of slavery firsthand. In becoming Shola, Mona recovers and confronts her ancestral identity and experience. While enduring monstrous trauma at the hands of white men who owned people for profit, Shola’s interactions with her fellow enslaved Africans are rich with humanity, respect and dignity for one another. Most notably, she connects with Shango (Mutabaruka), a rebellious African man who toils in the fields, and Nunu (Alexandra Duah), one of the few of the enslaved to remember her life in Africa before being stolen and terrorized by European traders. [Array]",https://www.metacritic.com/movie/sankofa/,true,false
926,sansho-the-bailiff,Sansho the Bailiff,1955,96,81,29,"When an idealistic governor disobeys the reigning feudal lord, he is cast into exile, his wife and children left to fend for themselves and eventually wrenched apart by vicious slave traders. Under Kenji Mizoguchi’s dazzling direction, this classic Japanese story became one of cinema’s greatest masterpieces, a monumental, empathetic expression of human resilience in the face of evil.",https://www.metacritic.com/movie/sansho-the-bailiff/,true,false
927,saving-private-ryan,Saving Private Ryan,1998,91,89,1455,"During the WWII D-Day invasion, a squad of soldiers led by Captain John Miller (Tom Hanks) is sent into Normandy to find Private James Ryan (Matt Damon), and return him to his mother in America.  She has already lost three other sons in this war.",https://www.metacritic.com/movie/saving-private-ryan/,true,true
928,saw,Saw,2004,46,77,668,"Obsessed with teaching his victims the value of life, a deranged, sadistic serial killer is abducting morally wayward people and forcing them to play horrific games for their own survival. Faced with impossible choices, each victim must struggle to win back his/her life, or else die trying.  (Lions Gate Films)",https://www.metacritic.com/movie/saw/,false,true
929,say-anything,Say Anything...,1989,86,76,83,"John Cusack plays Lloyd Dobler--an average guy with a penchant for kickboxing. There is only one thing that all-around nice guy Lloyd wants for his high school graduation: a date with beautiful valedictorian Diane Court (Skye). Lloyd's dream comes true when Diane accepts his invitation to a graduation party. Diane falls for Lloyd, whose goal is to spend as much time with her as possible. Their budding romance is put to the test when Diane has to choose between pursuing her academic dreams and spending time with him. John Mahoney is first-rate as Diane's father, a single parent who wants only the best for his brilliant daughter but who harbors a serious secret that the IRS is investigating. [20th Century Fox]",https://www.metacritic.com/movie/say-anything/,true,true
930,scarface,Scarface,1983,65,87,842,Cuban immigrant Tony Montana (Pacino) builds a Miami drug empire in the 1980s.,https://www.metacritic.com/movie/scarface/,false,true
931,scarface-1932,Scarface,1932,90,75,45,"An ambitious and nearly insane violent gangster climbs the ladder of success in the mob, but his weaknesses prove to be his downfall.",https://www.metacritic.com/movie/scarface-1932/,true,false
932,scent-of-a-woman,Scent of a Woman,1992,57,80,257,"Al Pacino won his first Best Actor Oscar for his brilliant portrayal of an overbearing, blind retired Lieutenant Colonel who hires a young guardian (O'Donnell), to assist him. It's a heart-wrenching and heartwarming tale of opposites attracting when they embark on a wild weekend trip that will change the lives of both men forever.  (Universal)",https://www.metacritic.com/movie/scent-of-a-woman/,false,true
933,schindlers-list,Schindler's List,1993,95,91,1508,Steven Spielberg's epic drama tells the compelling true story of German businessman Oskar Schindler (Neeson) who comes to Nazi-occupied Poland looking for economic prosperity and leaves as a savior. (History in Film),https://www.metacritic.com/movie/schindlers-list/,true,true
934,school-of-rock,School of Rock,2003,82,79,363,"Hell raising guitarist with delusions of grandeur Dewey Finn (Black) has been kicked out of his band.  Desperate for work, he impersonates a substitute teacher and turns a class of fifth grade high-achievers into high-voltage rock and rollers.  (Paramount)",https://www.metacritic.com/movie/school-of-rock/,false,true
935,scott-pilgrim-vs-the-world,Scott Pilgrim vs. the World,2010,69,82,1410,Scott Pilgrim must defeat his new girlfriend's seven evil exes in order to win her heart.,https://www.metacritic.com/movie/scott-pilgrim-vs-the-world/,false,true
936,scream,Scream,1996,66,83,688,"After a series of mysterious deaths befalls their small town, an offbeat group of friends led by Sydney Prescott (Neve Campbell) become the target of a masked killer. As the body count begins to rise, Sydney and her friends find themselves contemplating the ""Rules"" of horror films as they find themselves living in a real-life one. [Miramax]",https://www.metacritic.com/movie/scream/,false,true
937,searching-for-bobby-fischer,Searching for Bobby Fischer,1993,89,74,41,"(Also known as ""Innocent Moves"") A prepubescent chess prodigy refuses to harden himself in order to become a champion like the famous but unlikable Bobby Fischer.",https://www.metacritic.com/movie/searching-for-bobby-fischer/,true,false
938,secrets-lies,Secrets & Lies,1996,92,85,71,"A middle-aged London factory worker is shocked when the mixed-race daughter she gave up at birth decides to track her down. At first she denies she is her mother. All family members become emotional, as everyone's secrets are exposed.",https://www.metacritic.com/movie/secrets-lies/,true,true
939,seeds-2025,Seeds,2026,90,50,5,An exploration of Black generational farmers in the American South reveals the fragility of legacy and the significance of owning land.,https://www.metacritic.com/movie/seeds-2025/,true,false
940,selena,Selena,1997,67,83,55,This biographical drama charting the extraordinary career and tragic slaying of pop singing sensation Selena.  (Warner Bros.),https://www.metacritic.com/movie/selena/,false,true
941,senna,Senna,2011,79,86,113,"Senna's remarkable story, charting his physical and spiritual achievements on the track and off, his quest for perfection, and the mythical status he has since attained, is the subject of SENNA, a documentary feature that spans the racing legend's years as an F1 driver, from his opening season in 1984 to his final, tragic race a decade later. Far more than a film for F1 fans, SENNA unfolds a remarkable story in a remarkable manner, eschewing many standard documentary techniques in favour of a more cinematic approach that makes full use of astounding footage, much of which is drawn from F1 archives and is previously unseen. (Working Title Films)",https://www.metacritic.com/movie/senna/,false,true
942,sense-and-sensibility,Sense and Sensibility,1995,84,83,116,"Mrs. Dashwood and her daughters, Elinor, Marianne and teen-age tomboy Margaret, are cruelly deprived of their home and inheritance on the death of their father. The law decrees that magnificent Norland Park must pass to his son by a previous marriage, the girls' stepbrother John, who is partnered in life by the genteely grasping Fanny. The impoverished Dashwoods are saved from further humiliation by Mrs. Dashwood's cousin, Sir John Middleton. He offers them a new home, Barton Cottage, on his vast Devonshire estate.",https://www.metacritic.com/movie/sense-and-sensibility/,false,true
943,sentimental-value,Sentimental Value,2025,86,77,203,"Sisters Nora and Agnes reunite with their estranged father, the charismatic Gustav, a once-renowned director who offers stage actress Nora a role in what he hopes will be his comeback film. When Nora turns it down, she soon discovers he has given her part to an eager young Hollywood star. Suddenly, the two sisters must navigate their complicated relationship with their father — and deal with an American star dropped right into the middle of their complex family dynamics.",https://www.metacritic.com/movie/sentimental-value/,true,false
944,serenity,Serenity,2005,74,80,377,"This story of a small band of galactic outcasts 500 years in the future centers around Captain Malcolm Reynolds, a hardened veteran (on the losing side) of a galactic civil war, who now ekes out a living pulling off small crimes and transport-for-hire aboard his ship, Serenity.  (Universal)",https://www.metacritic.com/movie/serenity/,false,true
945,serpico,Serpico,1973,83,81,155,Sidney Lumet's 1973 film stars Al Pacino as New York cop Frank Serpico.,https://www.metacritic.com/movie/serpico/,false,true
946,seven-samurai-1954,Seven Samurai,1956,98,90,649,Seven Samurai (Shichinin no samurai) tells the story of a sixteenth-century village whose desperate inhabitants hire the eponymous warriors to protect them from invading bandits.,https://www.metacritic.com/movie/seven-samurai-1954/,true,true
947,sex-lies-and-videotape,"sex, lies, and videotape",1989,86,77,87,"Written in eight days on a trip to Los Angeles by first-time feature director Stephen Soderbergh, and shot in five weeks on a meager $1.2 million budget, the film tells the story of  Graham (James Spader), who visits old friend John (Peter Gallager), and engages John's wife (Andie McDowell), and her sister (Laura San Giacomo) in his unique method of overcoming his unusual sexual dysfunction.",https://www.metacritic.com/movie/sex-lies-and-videotape/,false,true
948,sexy-beast,Sexy Beast,2001,79,79,56,The story of one man's dangerous journey from peace of mind to paranoid panic when he's lured out of an idyllic retirement back to the gangster life.  (Fox Searchlight),https://www.metacritic.com/movie/sexy-beast/,false,true
949,shadow-of-a-doubt,Shadow of a Doubt,1943,94,79,84,A young woman discovers her visiting uncle may not be the man he seems to be.,https://www.metacritic.com/movie/shadow-of-a-doubt/,true,true
950,shadows-1969,Shadows,1959,86,74,8,Cassavetes' jazz-scored improvisational film explores interracial friendships and relationships in Beat-Era (1950s) New York City.,https://www.metacritic.com/movie/shadows-1969/,true,false
951,shakespeare-in-love,Shakespeare in Love,1998,87,70,198,"Shakespeare in Love is a romantic comedy for the 1990s set in the 1590s. It imaginatively unfolds the witty, sexy and timeless tale behind the creation of the greatest love story ever told.  (Miramax Films)",https://www.metacritic.com/movie/shakespeare-in-love/,true,false
952,shame,Shame,2011,72,77,364,"Brandon is a New Yorker who shuns intimacy with women but feeds his desires with a compulsive addiction to sex. When his wayward younger sister moves into his apartment stirring memories of their shared painful past, Brandon's insular life spirals out of control. (Fox Searchlight Pictures)",https://www.metacritic.com/movie/shame/,false,true
953,shane,Shane,1953,85,75,33,"A weary gunfighter attempts to settle down with a homestead family, but a smoldering settler/rancher conflict forces him to act.",https://www.metacritic.com/movie/shane/,true,false
954,shaolin-soccer,Shaolin Soccer,2003,68,78,105,"At Kung Fu, they're masters.  But when it comes to soccer, they're total disasters.  Now, the only way to win...is to believe in Shaolin.  [Miramax Films]",https://www.metacritic.com/movie/shaolin-soccer/,false,true
955,shaun-of-the-dead,Shaun of the Dead,2004,76,82,708,"This ""rom zom com"" (romantic zombie comedy) follows the bloody funny adventures of underachiever Shaun (Pegg) and his best mate Ed (Frost) as they cope with a zombie invasion of North London and attempt to rescue Shaun's girlfriend Liz (Ashfield) and his Mum (Wilton).  It's going to be one hell of a weekend.  (Rogue Pictures)",https://www.metacritic.com/movie/shaun-of-the-dead/,false,true
956,she-wore-a-yellow-ribbon,She Wore a Yellow Ribbon,1949,87,66,12,"Captain Nathan Brittles, on the eve of retirement, takes out a last patrol to stop an impending massive Indian attack. Encumbered by women who must be evacuated, Brittles finds his mission imperiled.",https://www.metacritic.com/movie/she-wore-a-yellow-ribbon/,true,false
957,sherlock-holmes,Sherlock Holmes,2009,57,77,609,"Sherlock Holmes has made his reputation finding the truth at the heart of the most complex mysteries. With the aid of Dr. John Watson, his trusted ally, the renowned ""consulting detective"" is unequaled in his pursuit of criminals of every stripe, whether relying on his singular powers of observation, his remarkable deductive skills, or the blunt force of his fists. But now a storm is gathering over London, a threat unlike anything that Holmes has ever confronted...and just the challenge he's looking for. [Warner Bros.]",https://www.metacritic.com/movie/sherlock-holmes/,false,true
958,sherpa,Sherpa,2015,93,75,28,"A fight on Everest? It seemed incredible. But in 2013 news channels around the world reported an ugly brawl at 21,000ft as European climbers fled a mob of angry Sherpas. In 1953, New Zealander Edmund Hillary and Sherpa Tenzing Norgay had reached the summit in a spirit of co-operation and brave optimism. Now climbers and Sherpas were trading insults - even blows. What had happened to the happy, smiling Sherpas and their dedication in getting foreigners to the top of the mountain they hold so sacred? Determined to explore what was going on, the filmmakers set out to make a film of the 2014 Everest climbing season, from the Sherpas' point of view. Instead, they captured a tragedy that would change Everest forever. At 6.45am on 18th April, 2014, a 14 million ton block of ice crashed down onto the climbing route through the Khumbu Icefall, killing 16 Sherpas. It was the worst tragedy in the history of Everest. The disaster provoked a drastic reappraisal about the role of the Sherpas in the Everest industry.",https://www.metacritic.com/movie/sherpa/,true,false
959,shine,Shine,1996,87,78,64,"Inspired by the troubled but ultimately triumphant life of classical pianist David Helfgott, Shine focuses on Helfgott's painful retreat into a private world while still in his early 20's and on the brink of a glittering international career. Spanning the 1950's to the 1980's, Shine dramatizes the deeply moving way in which Helfgott, after a decade of obscurity, achieves both personal and professional fulfillment through the love and support of a remarkable woman.  (Fine Line Features)",https://www.metacritic.com/movie/shine/,true,true
960,shirkers,Shirkers,2018,88,72,33,"In 1992, teenager Sandi Tan and her friends Sophie and Jasmine shot Singapore's first indie-a road movie called Shirkers-with their enigmatic American mentor, Georges Cardona. Sandi wrote the script and played the lead, a killer named S. After shooting wrapped, Georges vanished with all the footage! 20 years later, the 16mm cans are recovered in New Orleans, sending Sandi-now a novelist in Los Angeles-on a new personal odyssey across two continents and many media: 16mm, digital, Hi8, Super8, slides, animation and handwritten letters.",https://www.metacritic.com/movie/shirkers/,true,false
961,shoplifters,Shoplifters,2018,93,83,260,"After one of their shoplifting sessions, Osamu and his son come across a little girl in the freezing cold. At first reluctant to shelter the girl, Osamu’s wife agrees to take care of her after learning of the hardships she faces.Although the family is poor, barely making enough money to survive through petty crime, they seem to live happily together until an unforeseen incident reveals hidden secrets, testing the bonds that unite them.",https://www.metacritic.com/movie/shoplifters/,true,false
962,short-cuts,Short Cuts,1993,81,83,60,"Using the short stories of Raymond Carver as inspiration, Robert Altman revisits the formula of his 1975 film ""Nashville,"" portraying various interlocking stories set against the backdrop of contemporary middle-class Los Angeles.",https://www.metacritic.com/movie/short-cuts/,false,true
963,show-boat,Show Boat,1936,88,68,4,"Despite her mother's objections, the naive young daughter of a show boat captain is thrust into the limelight as the company's new leading lady.",https://www.metacritic.com/movie/show-boat/,true,false
964,showing-up,Showing Up,2023,86,66,42,"A sculptor preparing to open a new show must balance her creative life with the daily dramas of family and friends, in Kelly Reichardt's vibrant and captivatingly funny portrait of art and craft.",https://www.metacritic.com/movie/showing-up/,true,false
965,shrek,Shrek,2001,84,86,1093,"Once upon a time in a far away swamp, there lived an ornery ogre named Shrek (Myers) whose precious solitude is suddenly shattered by an invasion of annoying fairy-tale characters.  (Dreamworks SKG)",https://www.metacritic.com/movie/shrek/,false,true
966,shrek-2,Shrek 2,2004,75,85,764,The fairy tale continues as everyone's favorite ogre faces his greatest challenge of all -- the inlaws!  (DreamWorks),https://www.metacritic.com/movie/shrek-2/,false,true
967,shutter-island,Shutter Island,2010,63,83,1210,"Shutter Island is the story of two U.S. marshals, Teddy Daniels and Chuck Aule, who are summoned to a remote and barren island off the cost of Massachusetts to investigate the mysterious disappearance of a murderess from the island's fortress-like hospital for the criminally insane. (Paramount Pictures)",https://www.metacritic.com/movie/shutter-island/,false,true
968,sicko,Sicko,2007,74,77,62,"Sicko, filmmaker Michael Moore's new documentary, sets out to investigate the American healthcare system. Sticking to his tried-and true one-man approach, Moore sheds lights on the complicated medical affairs of individuals and local communities.  (The Weinstein Company)",https://www.metacritic.com/movie/sicko/,false,true
969,sideways,Sideways,2004,94,77,397,"Two old friends set off on a wine-tasting road trip...only to veer dizzily sideways into a wry, comedic exploration of the crazy vicissitudes of love and friendship, the damnable persistence of loneliness and dreams and the enduring war between Pinot and Cabernet.  [Fox Searchlight Pictures]",https://www.metacritic.com/movie/sideways/,true,true
970,silent-friend,Silent Friend,2026,90,56,19,"At the heart of a German university grows a majestic ginkgo tree, its lifespan measured in centuries. As the years pass, the distinguished plant bears witness to the private lives of those who seek shade under its boundless branches, forming a nexus that connects three generations of students and teachers across time and space. In 2020, a visiting neuroscientist conducts a series of experiments into the possibilities of botanical consciousness. In 1972, a young student is profoundly changed by studying the behavior of a simple geranium. And in 1908, the university’s first female student’s photographic inquiries reveal sacred patterns of the universe hidden within the humblest of plants. Over time, each is transformed by the quiet, enduring, and mysterious power of nature.",https://www.metacritic.com/movie/silent-friend/,true,false
971,sin-city,Sin City,2005,74,80,565,"Robert Rodriguez and comic book icon Frank Miller co-direct Sin City, based on the series of graphic novels created, written and illustrated by Miller.  The film is infested with criminals, crooked cops and sexy dames, some searching for vengeance, some for redemption and others, both. [Dimension Films]",https://www.metacritic.com/movie/sin-city/,false,true
972,singin-in-the-rain,Singin' in the Rain,1952,99,87,391,A silent film production company and cast make a difficult transition to sound.,https://www.metacritic.com/movie/singin-in-the-rain/,true,true
973,sita-sings-the-blues,Sita Sings the Blues,2009,93,73,54,"Sita is a goddess separated from her beloved Lord and husband Rama. Nina is an animator whose husband moves to India, then dumps her by email. Three hilarious shadow puppets narrate both ancient tragedy and modern comedy in this beautifully animated interpretation of the Indian epic Ramayana. Set to the 1920's jazz vocals of Annette Hanshaw, Sita Sings the Blues earns its tagline as ""the Greatest Break-Up Story Ever Told.""",https://www.metacritic.com/movie/sita-sings-the-blues/,true,false
974,sleeping-beauty-1959,Sleeping Beauty,1959,85,77,102,"After being snubbed by the royal family, a malevolent fairy places a curse on a princess which only a prince can break, along with the help of three good fairies.",https://www.metacritic.com/movie/sleeping-beauty-1959/,true,true
975,sleepy-hollow,Sleepy Hollow,1999,65,75,335,"In woods near the tiny New England village of Sleepy Hollow in the late 18th century, Icabod Crane (Depp)  is sent to investigate a series of murders reportedly commited by a headless horseman.",https://www.metacritic.com/movie/sleepy-hollow/,false,true
976,sling-blade,Sling Blade,1996,85,80,91,"A southern gothic tale about a man named Karl (Billy Bob Thornton), who's just been released from an asylum -- some 25 years after he committed a gruesome crime.  He returns to the southern town of his youth, where his quiet, gentle manner and simple charm land him a job and lead him to an unlikely friendship with a young boy (Lucas Black) and his widowed mother. When the mother's abusive boyfriend appears, however, this simple man is thrust into a combustible dilemma that has powerful, moving consequences for all. [Miramax Films]",https://www.metacritic.com/movie/sling-blade/,true,true
977,small-axe-education,Small Axe: Education,2020,87,71,23,"Education is the coming of age story of 12-year-old Kingsley (Kenyah Sandy), who has a fascination for astronauts and rockets. When Kingsley is pulled to the headmaster's office for being disruptive in class, he discovers he's being sent to a school for those with ""special needs."" Distracted by working two jobs, his parents (Sharlene Whyte, Daniel Francis) are unaware of the unofficial segregation policy at play, preventing many Black children from receiving the education they deserve, until a group of West Indian women take matters into their own hands.",https://www.metacritic.com/movie/small-axe-education/,true,false
978,small-axe-lovers-rock,Small Axe: Lovers Rock,2020,95,62,73,"A single evening at a house party in 1980s West London sets the scene, developing intertwined relationships against a background of violence, romance and music.",https://www.metacritic.com/movie/small-axe-lovers-rock/,true,false
979,small-axe-mangrove,Small Axe: Mangrove,2020,90,75,57,"Mangrove tells the story of a restaurant and its owner in London’s Notting Hill; repeated police harassment leads to a protest march where nine arrests are made and result in a show trial at the Old Bailey in 1971, making legal history.",https://www.metacritic.com/movie/small-axe-mangrove/,true,false
980,snatch,Snatch.,2001,55,83,505,"Guy Ritchie's highly anticipated comedy features a colorful ensemble cast in a rollicking ride through London's gangster world, its bustling diamond district and a rowdy gypsy camp.  (Columbia Tristar)",https://www.metacritic.com/movie/snatch/,false,true
981,snow-white-and-the-seven-dwarfs,Snow White and the Seven Dwarfs,1938,96,77,389,"Exiled into the dangerous forest by her wicked stepmother, a princess is rescued by seven dwarf miners who make her part of their household.",https://www.metacritic.com/movie/snow-white-and-the-seven-dwarfs/,true,true
982,solaris-1972,Solaris (1972),1976,93,79,152,"Based on Stanislaw Lem's novel, this 1972 allegory takes place on a space station near a mysterious planet.",https://www.metacritic.com/movie/solaris-1972/,true,true
983,some-like-it-hot,Some Like It Hot,1959,98,84,302,"When two male musicians witness a mob hit, they flee the state in an all-female band disguised as women, but further complications set in.",https://www.metacritic.com/movie/some-like-it-hot/,true,true
984,son-of-saul,Son of Saul,2015,91,73,179,"October 1944, Auschwitz-Birkenau. Saul Ausländer is a Hungarian member of the Sonderkommando, the group of Jewish prisoners isolated from the camp and forced to assist the Nazis in the machinery of large-scale extermination. While working in one of the crematoriums, Saul discovers the corpse of a boy he takes for his son. As the Sonderkommando plans a rebellion, Saul decides to carry out an impossible task: save the child’s body from the flames, find a rabbi to recite the mourner’s Kaddish and offer the boy a proper burial.",https://www.metacritic.com/movie/son-of-saul/,true,false
985,song-of-the-sea,Song of the Sea,2014,85,83,207,"Ben and his little sister Saoirse, the last Seal-child, embark on a fantastic journey across a fading world of ancient legend and magic in an attempt to return to their home by the sea. [GKIDS]",https://www.metacritic.com/movie/song-of-the-sea/,true,false
986,sophies-choice,Sophie's Choice,1982,68,77,61,"Sophie (Streep) an Auschwitz survivor lives contently with Nathan (Kline). As Nathan becomes more unstable, she begins revealing her past to  witer Stingo (MacNicol).",https://www.metacritic.com/movie/sophies-choice/,false,true
987,sorry-baby,"Sorry, Baby",2025,90,73,123,"Something bad happened to Agnes (Eva Victor). But life goes on . . . for everyone around her, at least.",https://www.metacritic.com/movie/sorry-baby/,true,false
988,sound-of-falling,Sound of Falling,2026,90,71,26,"A remote German farm harbors generations of secrets. Four women, separated by decades but united by trauma, uncover the truth behind its weathered walls.",https://www.metacritic.com/movie/sound-of-falling/,true,false
989,soundtrack-to-a-coup-detat,Soundtrack to a Coup d'Etat,2024,91,64,31,"In 1960, United Nations: the Global South ignites a political earthquake, musicians Abbey Lincoln and Max Roach crash the Security Council, Nikita Khrushchev bangs his shoe denouncing America’s color bar, while the U.S. dispatches jazz ambassador Louis Armstrong to the Congo to deflect attention from its first African post-colonial coup.",https://www.metacritic.com/movie/soundtrack-to-a-coup-detat/,true,false
990,source-code,Source Code,2011,74,76,855,"When decorated soldier Captain Colter Stevens wakes up in the body of an unknown man, he discovers he's part of a mission to find the bomber of a Chicago commuter train. In an assignment unlike any he's ever known, he learns he's part of a government experiment called the ""Source Code,"" a program that enables him to cross over into another man's identity in the last 8 minutes of his life. With a second, much larger target threatening to kill millions in downtown Chicago, Colter re-lives the incident over and over again, gathering clues each time, until he can solve the mystery of who is behind the bombs and prevent the next attack. (Summit Entertainment)",https://www.metacritic.com/movie/source-code/,false,true
991,south-park-bigger-longer-uncut,South Park: Bigger Longer & Uncut,1999,73,81,323,A cinematic version of the popular animated television series.,https://www.metacritic.com/movie/south-park-bigger-longer-uncut/,false,true
992,spaceballs,Spaceballs,1987,46,74,192,"When the evil Dark Helmet attempts to steal all the air from planet Druidia, a determined Druish Princess, a clueless rogue and a half-man/half-dog creature who's his own best friend set out to stop him! But with the forces of darkness closing in on them at ludicrous speed, they'll need the help of a wise imp named Yogurt and the mystical power of ""The Schwartz"" to bring peace - and merchandising rights - to the entire galaxy! (MGM)",https://www.metacritic.com/movie/spaceballs/,false,true
993,spartacus,Spartacus,1960,87,79,143,The slave Spartacus (Kirk Douglas) leads a violent revolt against the decadent Roman Republic.,https://www.metacritic.com/movie/spartacus/,true,true
994,speed,Speed,1994,78,79,296,"Keanu Reeves stars as Jack Traven an LAPD SWAT team specialist who is sent to diffuse a bomb that a revenge-driven extortionist (Hopper) has planted on a bus. But until he does, Jack and passenger Sandra Bullock must keep the bus speeding through the streets of Los Angeles at more than 50 miles per hour -- or the bomb will explode. A high-octane chase of suspense, non-stop action and surprise twists, Speed is a joyride sure to keep everyone on the edge of their seats.  (20th Century Fox)",https://www.metacritic.com/movie/speed/,false,true
995,spider-man,Spider-Man,2002,73,83,1779,"Peter Parker (Tobey Maguire), after being bitten by a genetically altered spider, becomes Spider-Man, a hero of superhuman strength with the ability to cling to any surface.  He dedicates himself to a life of fighting crime, while living a double life as a superhero and working student. [Sony]",https://www.metacritic.com/movie/spider-man/,false,true
996,spider-man-2,Spider-Man 2,2004,83,87,2084,"In the second installment in the Spider-Man series, based on the classic Marvel Comics hero, Tobey Maguire returns as the mild-mannered Peter Parker, who is juggling the delicate balance of his dual life as a college student and a superhuman crime fighter. The entertaining adventure escalates and Spider-Man's life becomes even more complicated when he confronts a new nemesis, the brilliant Otto Octavius, (Molina) who has been reincarnated as the maniacal and multi-tentacled ""Doc Ock.""  (Sony)",https://www.metacritic.com/movie/spider-man-2/,false,true
997,spider-man-across-the-spider-verse,Spider-Man: Across the Spider-Verse,2023,86,85,1764,"Miles Morales returns for the next chapter of the Oscar®-winning Spider-Verse saga, an epic adventure that will transport Brooklyn's full-time, friendly neighborhood Spider-Man across the Multiverse to join forces with Gwen Stacy and a new team of Spider-People to face off with a villain more powerful than anything they have ever encountered.",https://www.metacritic.com/movie/spider-man-across-the-spider-verse/,true,false
998,spider-man-into-the-spider-verse,Spider-Man: Into the Spider-Verse,2018,87,88,2606,"Spider-Man: Into the Spider-Verse introduces Brooklyn teen Miles Morales, and the limitless possibilities of the Spider-Verse, where more than one can wear the mask.",https://www.metacritic.com/movie/spider-man-into-the-spider-verse/,true,false
999,spirit-stallion-of-the-cimarron,Spirit: Stallion of the Cimarron,2002,52,79,150,The animated adventures of a wild and rambunctious mustang stallion as he journeys through the untamed American frontier.  (DreamWorks),https://www.metacritic.com/movie/spirit-stallion-of-the-cimarron/,false,true
1000,spirited-away,Spirited Away,2002,96,90,2107,"A young girl, Chihiro, becomes trapped in a strange new world of spirits. When her parents undergo a mysterious transformation, she must call upon the courage she never knew she had to free herself and return her family to the outside world. [Walt Disney Studios]",https://www.metacritic.com/movie/spirited-away/,true,true
1001,spotlight,Spotlight,2015,93,81,1100,"Spotlight tells the riveting true story of the Pulitzer Prize-winning Boston Globe investigation that would rock the city and cause a crisis in one of the world’s oldest and most trusted institutions. When the newspaper’s tenacious “Spotlight” team of reporters delve into allegations of abuse in the Catholic Church, their year-long investigation uncovers a decades-long cover-up at the highest levels of Boston's religious, legal, and government establishment, touching off a wave of revelations around the world. [Open Road Films]",https://www.metacritic.com/movie/spotlight/,true,false
1002,spring-summer-fall-winter-and-spring,"Spring, Summer, Fall, Winter... and Spring",2004,85,83,88,"Entirely set on and around a tree-lined lake where a tiny Buddhist monastery floats on a raft amidst a breath-taking landscape, this film is divided into five segments with each season representing a stage in a man's life.  (Sony Pictures Classics)",https://www.metacritic.com/movie/spring-summer-fall-winter-and-spring/,true,true
1003,stagecoach,Stagecoach,1939,93,75,54,A group of people traveling on a stagecoach find their journey complicated by the threat of Geronimo and learn something about each other in the process.,https://www.metacritic.com/movie/stagecoach/,true,true
1004,stalker,Stalker,1982,85,78,87,"A hired guide—the Stalker—leads a writer and a professor into the heart of the Zone, the restricted site of a long-ago disaster, where the three men eventually zero in on the Room, a place rumored to fulfill one’s most deeply held desires.",https://www.metacritic.com/movie/stalker/,false,true
1005,stand-clear-of-the-closing-doors,Stand Clear of the Closing Doors,2014,86,68,5,"The story of an autistic youth named Ricky who, after a particularly difficult day at school, escapes into the subways. It's here that he starts his real journey, on a days-long voyage of discovery while, above ground, his mom frantically searches for him.",https://www.metacritic.com/movie/stand-clear-of-the-closing-doors/,true,false
1006,star-trek,Star Trek,2009,82,77,999,"The greatest adventure of all time begins with Star Trek, the incredible story of a young crew's maiden voyage onboard the most advanced starship ever created: the U.S.S. Enterprise. On a journey filled with action, comedy and cosmic peril, the new recruits must find a way to stop an evil being whose mission of vengeance threatens all of mankind. The fate of the galaxy rests in the hands of bitter rivals. One, James T. Kirk, is a delinquent, thrill-seeking Iowa farm boy. The other, Spock, was raised in a logic-based society that rejects all emotion. As fiery instinct clashes with calm reason, their unlikely but powerful partnership is the only thing capable of leading their crew through unimaginable danger, boldly going where no one has gone before! [Paramount]",https://www.metacritic.com/movie/star-trek/,false,true
1007,star-trek-first-contact,Star Trek: First Contact,1996,70,81,157,"Picard orders the Enterprise to follow the Borg back in time to stop them from destroying the Phoenix, Earth's first warp-speed vessel.  (Paramount Pictures)",https://www.metacritic.com/movie/star-trek-first-contact/,false,true
1008,star-trek-ii-the-wrath-of-khan,Star Trek II: The Wrath of Khan,1982,68,85,191,"With the aide of the Enterprise crew, Admiral Kirk must stop an old nemesis, Khan Noonien Singh, from using the Genesis Device as the ultimate weapon.",https://www.metacritic.com/movie/star-trek-ii-the-wrath-of-khan/,false,true
1009,star-trek-vi-the-undiscovered-country,Star Trek VI: The Undiscovered Country,1991,65,83,111,"On the eve of retirement, Kirk and McCoy are charged with assassinating the Klingon High Chancellor and  imprisoned. The Enterprise crew must help them escape to thwart a conspiracy aimed at sabotaging the last best hope for peace.",https://www.metacritic.com/movie/star-trek-vi-the-undiscovered-country/,false,true
1010,star-wars-episode-iv---a-new-hope,Star Wars: Episode IV - A New Hope,1977,90,89,3090,"A long time ago in a galaxy far, far away... Princess Leia (Carrie Fisher) is held hostage by the evil Imperial forces in their effort to quell the rebellion against the Galactic Empire. Luke Skywalker (Mark Hamill) and Captain Han Solo (Harrison Ford) team together with the lovable droid duo, R2-D2 and C-3PO, to rescue the beautiful princess and restore justice in the galaxy. [20th Century Fox]",https://www.metacritic.com/movie/star-wars-episode-iv---a-new-hope/,true,true
1011,star-wars-episode-v---the-empire-strikes-back,Star Wars: Episode V - The Empire Strikes Back,1980,82,92,2600,"Three years after the events of Star Wars,  Imperial forces continue to pursue the Rebels. After the Rebellion?s defeat on the ice planet Hoth, Luke journeys to the planet Dagobah to train with Jedi Master Yoda, who has lived in hiding since the fall of the Republic. In an attempt to convert Luke to the dark side, Darth Vader lures young Skywalker into a trap in the Cloud City of Bespin. In the midst of a fierce lightsaber duel with the Sith Lord, Luke faces a startling revelation. [20th Century Fox]",https://www.metacritic.com/movie/star-wars-episode-v---the-empire-strikes-back/,false,true
1012,star-wars-episode-vi---return-of-the-jedi,Star Wars: Episode VI - Return of the Jedi,1983,58,84,2229,"The Millennnium Falcon flashes through hyperspace and creatures from all over the galaxy defy the Galactic Empire. After rescuing Han Solo (Harrison Ford) and Leia (Carrie Fisher) from certain doom at the hands of crime lord Jabba the Hutt, Luke (Mark Hamill) rejoins Yoda. Only by completing his Jedi training can he become a true Jedi Knight and defeat Darth Vader and the dark side of the Force.",https://www.metacritic.com/movie/star-wars-episode-vi---return-of-the-jedi/,false,true
1013,stargate,Stargate,1994,42,74,145,"An interstellar teleportation device, found in Egypt, leads to a planet with humans resembling ancient Egyptians who worship the god Ra.",https://www.metacritic.com/movie/stargate/,false,true
1014,starship-troopers,Starship Troopers,1997,52,80,325,"From the bridge of the Fleet Battlestation Ticonderoga, with its sweeping galactic views, to the desolate terrain of planet Klendathu, teeming with shrieking, fire-spitting, brain-sucking special effects creatures, acclaimed director Paul Verhoven crafts a dazzling epic based on Robert A. Heinlein's classic sci-fi adventure.  Courageous soldiers travel to the distant and desolate Klendathu system for the ultimate showdown between the species. (Sony)",https://www.metacritic.com/movie/starship-troopers/,false,true
1015,still-walking,Still Walking,2009,89,83,50,"Fifteen years ago, Junpei, the youngest son of the Yokoyama family died while rescuing a boy from drowning. On the anniversary of his death, the remaining siblings visit the quaint home of their parents with their families in tow. Over the course of a beautiful day, new relatives become acquainted telling stories and squabbling over sizzling tempura and an elegant graveside ritual is performed for Junpei. (IFC Films)",https://www.metacritic.com/movie/still-walking/,true,true
1016,stop-making-sense,Stop Making Sense,1984,94,87,84,A concert film of the rock band Talking Heads.,https://www.metacritic.com/movie/stop-making-sense/,true,true
1017,stories-we-tell,Stories We Tell,2013,91,79,57,Director Sarah Polley looks into her past and excavates layers of myth and memory to find the elusive truth at the core of a family of storytellers.,https://www.metacritic.com/movie/stories-we-tell/,true,false
1018,stranger-than-paradise,Stranger Than Paradise,1984,86,68,25,"A self-styled New York hipster is paid a surprise visit by his younger cousin from Budapest. From initial hostility and indifference a small degree of affection grows between the two. Along with a friend, they eventually end up visiting their aunt in the wastelands of Cleveland and then proceed to Florida where they lose all their money gambling before unwittingly gaining a fortune.",https://www.metacritic.com/movie/stranger-than-paradise/,true,false
1019,strangers-on-a-train,Strangers on a Train,1951,88,80,96,A psychotic socialite attempts to force a professional tennis star to prove a theory that two complete strangers can get away with murder.,https://www.metacritic.com/movie/strangers-on-a-train/,true,true
1020,street-fight,Street Fight,2006,85,68,8,"This documentary chronicles the bare-knuckles race for Mayor of Newark, N.J. between Cory Booker, a 32-year-old Rhodes Scholar/Yale Law School grad, and Sharpe James, the four-term incumbent and undisputed champion of New Jersey politics.  (Marshall Curry Productions)",https://www.metacritic.com/movie/street-fight/,true,false
1021,strong-island,Strong Island,2017,86,56,21,"In April 1992, on Long Island NY, William Jr., the Ford's eldest child, a black 24 year-old teacher, was killed by Mark Reilly, a white 19 year-old mechanic. Although Ford was unarmed, he became the prime suspect in his own murder. Director Yance Ford chronicles the arc of his family across history, geography and tragedy - from the racial segregation of the Jim Crow South to the promise of New York City; from the presumed safety of middle class suburbs, to the maelstrom of an unexpected, violent death. It is the story of the Ford family: Barbara Dunmore, William Ford and their three children and how their lives were shaped by the enduring shadow of racism in America.",https://www.metacritic.com/movie/strong-island/,true,false
1022,sugarcane,Sugarcane,2024,90,63,35,An investigation into abuse and missing children at an Indian residential school ignites a reckoning on the nearby Sugarcane Reserve.,https://www.metacritic.com/movie/sugarcane/,true,false
1023,sullivans-travels,Sullivan's Travels,1942,89,71,14,Hollywood director John L. Sullivan sets out to experience life as a homeless person in order to gain relevant life experience for his next movie.,https://www.metacritic.com/movie/sullivans-travels/,true,false
1024,summer-hours,Summer Hours,2009,86,74,21,"The divergent paths of three forty-something siblings collide when their mother, heiress to her uncle's exceptional 19th century art collection, dies suddenly. Left to come to terms with themselves and their differences, Adrienne, a successful New York designer, Frederic, an economist and university professor in Paris, and Jeremie, a dynamic businessman in China, confront the end of childhood, their shared memories, background and unique vision of the future. [IFC films]",https://www.metacritic.com/movie/summer-hours/,true,false
1025,summer-of-soul-or-when-the-revolution-could-not-be-televised,"Summer of Soul (...Or, When the Revolution Could Not Be Televised)",2021,96,77,87,"In 1969, during the same summer as Woodstock, a different music festival took place 100 miles away. More than 300,000 people attended the summer concert series known as the Harlem Cultural Festival. It was filmed, but after that summer, the footage sat in a basement for 50 years. It has never been seen. Until now. [Sundance]",https://www.metacritic.com/movie/summer-of-soul-or-when-the-revolution-could-not-be-televised/,true,false
1026,sunrise-1927,Sunrise,1927,95,77,25,"A sophisticated urban woman seduces a farmer in the hopes that he will murder his neglected wife and join her in the city, but he ends up rekindling his romance with his wife when she discovers their scheme.",https://www.metacritic.com/movie/sunrise-1927/,true,false
1027,sunset-boulevard,Sunset Boulevard,1950,94,86,154,Billy Wilder's 1950 classic stars Gloria Swanson as has-been silent film star Norma Desmond.,https://www.metacritic.com/movie/sunset-boulevard/,true,true
1028,superbad,Superbad,2007,76,80,505,"Superbad is a coming-of-age cautionary tale about two socially inept teenage boys about to graduate high school.  Theirs is a ridiculously dependent friendship--but now they've gotten into different colleges and are forced to contemplate life apart.  Evan is sweet, smart, and generally terrified.  Seth is foul-mouthed, volatile, and all-consumed with the topic of human sexuality.  This is the story of their misguided attempts to reverse a lifelong losing streak with the ladies in one panic-driven night...that awful, humiliating night you cherish for the rest of your life.  (Sony Pictures)",https://www.metacritic.com/movie/superbad/,false,true
1029,superman,Superman,1978,82,78,535,"An adventure re-told, spanning the Man of Steel's life from his Krypton infancy and Midwest boyhood to his career as Daily Planet reporter Clark Kent and through his titanic struggle with archnemesis Lex Luthor. [Warner Bros.]",https://www.metacritic.com/movie/superman/,false,true
1030,support-the-girls,Support the Girls,2018,85,68,50,"Lisa is the last person you'd expect to find in a highway-side 'sports bar with curves',--but as general manager at Double Whammies, she's come to love the place and its customers. An incurable den mother, she nurtures and protects her girls fiercely--but over the course of one trying day, her optimism is battered from every direction...Double Whammies sells a big, weird American fantasy, but what happens when reality pokes a bunch of holes in it?",https://www.metacritic.com/movie/support-the-girls/,true,false
1031,sweeney-todd-the-demon-barber-of-fleet-street,Sweeney Todd: The Demon Barber of Fleet Street,2007,83,77,439,"From the dark, gothic imagination of director Tim Burton comes Sweeney Todd: The Demon Barber of Fleet Street, a bloody tale of music, murder, melodrama, meat pies, and one man's desperate desire for revenge. (Paramount Pictures)",https://www.metacritic.com/movie/sweeney-todd-the-demon-barber-of-fleet-street/,false,true
1032,sweet-country,Sweet Country,2018,88,70,43,"Sam, a middle-aged Aboriginal man, works for a preacher in the outback of Australia’s Northern Territory. When Harry, a bitter war veteran, moves into a neighbouring outpost, the preacher sends Sam and his family to help Harry renovate his cattle yards. But Sam’s relationship with the cruel and ill-tempered Harry quickly deteriorates, culminating in a violent shootout in which Sam kills Harry in self-defence. As a result, Sam becomes a wanted criminal for the murder of a white man, and is forced to flee with his wife across the deadly outback, through glorious but harsh desert country. A hunting party led by the local lawman Sergeant Fletcher is formed to track Sam down. But as the true details of the killing start to surface, the community begins to question whether justice is really being served.",https://www.metacritic.com/movie/sweet-country/,true,false
1033,sweet-sixteen,Sweet Sixteen,2003,86,81,11,"Liam's Mom, Jean is in prison...but is due to be released in time for his 16th birthday.  This time Liam is determined that things will be different.  He dreams of a family life he's never had, which means creating a safe haven beyond the reach of wasters like Jean's boyfriend Stan and his own mean-spirited grandfather. (Lions Gate Films)",https://www.metacritic.com/movie/sweet-sixteen/,true,false
1034,sweet-smell-of-success-re-release,Sweet Smell of Success (re-release),2002,100,76,83,A 35mm print re-release of Alexander Mackendrick's 1957 film-noir tale of greed and corruption in New York City.,https://www.metacritic.com/movie/sweet-smell-of-success-re-release/,false,true
1035,swing-time,Swing Time,1936,91,64,14,"A performer and gambler travels to New York City to raise the $25,000 he needs to marry his fiancée, only to become entangled with a beautiful aspiring dancer.",https://www.metacritic.com/movie/swing-time/,true,false
1036,sympathy-for-mr-vengeance,Sympathy for Mr. Vengeance,2005,59,78,93,"The first film in the ""revenge trilogy"" by Korean director Chan-wook Park centers around illegal trafficking in human organs.",https://www.metacritic.com/movie/sympathy-for-mr-vengeance/,false,true
1037,take-shelter,Take Shelter,2011,85,77,267,"Curtis LaForche lives in a small town in Ohio with his wife, Samantha, and daughter, Hannah, a six-year-old deaf girl. When Curtis begins to have terrifying dreams, he keeps the visions to himself, channeling his anxiety into obsessively building a storm shelter in his backyard. His seemingly inexplicable behavior concerns and confounds those closest to him, but the resulting strain on his marriage and tension within his community can't compare with Curtis's privately held fear of what his dreams may truly signify. (Sony Pictures Classics)",https://www.metacritic.com/movie/take-shelter/,true,true
1038,taken,Taken,2009,51,76,533,"When his estranged daughter is kidnapped in Paris, a former spy sets out to find her at any cost. Relying on his special skills, he tracks down the ruthless gang that abducted her and launches a one-man war to bring them to justice and rescue his daughter. [20th Century Fox]",https://www.metacritic.com/movie/taken/,false,true
1039,tales-of-the-grim-sleeper,Tales of the Grim Sleeper,2014,85,62,6,"Nick Broomfield digs into the case of the notorious serial killer known as the Grim Sleeper, who terrorized South Central Los Angeles over a span of twenty-five years.",https://www.metacritic.com/movie/tales-of-the-grim-sleeper/,true,false
1040,talk-to-her,Talk to Her,2002,86,79,94,"A story about the friendship between two men, about loneliness and the long convalescence of wounds provoked by passion. (Sony Pictures Classics)",https://www.metacritic.com/movie/talk-to-her/,true,true
1041,tampopo,Tampopo,1987,87,84,22,"The tale of an enigmatic band of ramen ronin who guide the widow of a noodle shop owner on her quest for the perfect recipe, Tampopo serves up a savory broth of culinary adventure seasoned with offbeat comedy sketches and the erotic exploits of a gastronome gangster. Sweet, sexy, surreal, and mouthwatering, Tampopo remains one of the most delectable examples of food on film. [Janus Films]",https://www.metacritic.com/movie/tampopo/,true,false
1042,tangerine,Tangerine,2015,86,72,158,"It's Christmas Eve in Tinseltown and Sin-Dee (newcomer Kitana Kiki Rodriguez) is back on the block. Upon hearing that her pimp boyfriend (James Ransone, STARLET, ""Generation Kill"") hasn't been faithful during the 28 days she was locked up, the working girl and her best friend, Alexandra (newcomer Mya Taylor), embark on a mission to get to the bottom of the scandalous rumor. Their rip-roaring odyssey leads them through various subcultures of Los Angeles, including an Armenian family dealing with their own repercussions of infidelity. [Magnolia Pictures]",https://www.metacritic.com/movie/tangerine/,true,false
1043,tangled,Tangled,2010,71,81,706,"A princess stolen from her parents' castle as a baby, Rapunzel is locked in a hidden tower longing for adventure Now an imaginative and determined teenager, she takes off on a hilarious, hair-raising escapade with the help of a dashing bandit. With the secret of her royal heritage hanging in the balance and her captor in pursuit, Rapunzel and her cohort find adventure, heart, humor, and hair... lots of hair. (Walt Disney Pictures)",https://www.metacritic.com/movie/tangled/,false,true
1044,tar-2022,TÁR,2022,93,75,291,"Set in the international world of classical music, TÁR examines the changing nature of power and its impact and durability in our modern world through the life of iconic musician Lydia Tár (Cate Blanchett), the first-ever female chief conductor of a major German orchestra.",https://www.metacritic.com/movie/tar-2022/,true,false
1045,tarnation,Tarnation,2004,87,59,18,"Jonathan Caouette's film reimagines the whole idea of what a documentary can be. He weaves a psychedelic whirlwind of snapshots, Super-8 home movies, answering machine messages, video diaries, early short films, snippets of 80s pop culture and dramatic reenactments to create an epic portrait of an American family torn apart by dysfunction and reunited through the power of love.  (Wellspring Media)",https://www.metacritic.com/movie/tarnation/,true,false
1046,tarzan,Tarzan,1999,80,78,299,"With his wisecracking ape buddy Terk and neurotic elephant pal Tantor, Tarzan learns to survive in the animal kingdom. His ""Two Worlds"" collide with the arrival of humans, forcing Tarzan to choose between a ""civilized"" life with the beautiful Jane and the life he knows and loves with his gorilla family.",https://www.metacritic.com/movie/tarzan/,false,true
1047,taxi-driver-1976,Taxi Driver,1976,94,86,1394,Scorsese’s 1976 masterpiece is the all-too-real story of a psychotic New York cabby who is driven to violence in an attempt to rescue a teenage prostitute.  [Sony],https://www.metacritic.com/movie/taxi-driver-1976/,true,true
1048,tea-with-the-dames,Tea with the Dames,2018,85,74,12,"What happens when four legends of British stage and screen get together? Dame Maggie Smith, Dame Judi Dench, Dame Eileen Atkins, and Dame Joan Plowright are among the most celebrated actresses of our time, with scores of iconic performances, decades of wisdom, and innumerable Oscars, Tonys, Emmys, and BAFTAs between them. They are also longtime friends who hereby invite you to join them for a weekend in the country as they catch up with one another, reminisce, and share their candid, delightfully irreverent thoughts on everything from art to aging to love to a life lived in the spotlight. Bursting with devilish wit and whip-smart insights, Tea With The Dames is a remarkable opportunity to spend time in the company of four all-time greats—up close and unfiltered. [Sundance Selects]",https://www.metacritic.com/movie/tea-with-the-dames/,true,false
1049,teenage-mutant-ninja-turtles-1990,Teenage Mutant Ninja Turtles,1990,51,77,84,Four teenage mutant ninja turtles emerge from the shadows to protect New York City from a gang of criminal ninjas.,https://www.metacritic.com/movie/teenage-mutant-ninja-turtles-1990/,false,true
1050,teenage-sex-and-death-at-camp-miasma,Teenage Sex and Death at Camp Miasma,2026,89,71,42,"After years of slapdash sequels, the Camp Miasma franchise is handed over to an enthusiastic young director for resurrection. But when she visits the original’s star, a now-reclusive actress shrouded in mystery, the two women fall into a blood-soaked world of desire, fear, and delirium.",https://www.metacritic.com/movie/teenage-sex-and-death-at-camp-miasma/,true,false
1051,ten,Ten,2003,86,83,22,A look at the modern sociopolitical landscape of Iran as seen through the eyes of one woman as she drives through the streets of Tehran over a period of several days. Her journey is comprised of ten conversations with various female passengers. [Zeitgeist Films],https://www.metacritic.com/movie/ten/,true,false
1052,tenacious-d-in-the-pick-of-destiny,Tenacious D in The Pick of Destiny,2006,55,77,120,"The legend of the fabled ""Pick of Destiny"" infuses every page of rock history. Since the dark ages, this supernatural pick has been passed down through many hands. Now, the time draws nigh when the pick will be passed to the next generation of rock - the ones they call Tenacious D. This is their tale of a friendship that would last through the ages and a musical and spiritual synergy so strong that it would reshape our very understanding of the concept of rock. This is the story of Tenacious D in The Pick of Destiny.  (New Line Cinema)",https://www.metacritic.com/movie/tenacious-d-in-the-pick-of-destiny/,false,true
1053,terminator-2-judgment-day,Terminator 2: Judgment Day,1991,75,91,1446,"In a future, war-ravaged Los Angeles in which the machines have taken over the earth, a faction of human rebels led by an adult John Connor do battle with the cyborgs. Two ""intelligent machines"" have been dispatched to the past, one -- a replica of the Terminator model T-800 which dominated the original film -- to protect the young Connor, the other -- a shape-shifting metallic T-1000 -- to kill him.",https://www.metacritic.com/movie/terminator-2-judgment-day/,false,true
1054,terms-of-endearment,Terms of Endearment,1983,79,74,70,Following the mother-daughter relationship of Aurora Greenway (MacLaine) who doesn't like it when her daughter Emma (Winger) marries Flap (Daniels).,https://www.metacritic.com/movie/terms-of-endearment/,false,true
1055,the-13th-warrior,The 13th Warrior,1999,42,76,96,"Ibn Fahdlan (Banderas), an important emissary who is banished from his homeland, comes across a band of Norse warriors who coerce him into joining them when they are summoned to fight mysterious creatures legendary for consuming every living thing in their path.  Eventually surrounded by the frightening and ferocious foe, Ibn must conquer his personal fears and help battle the illusive invaders who emerge out of the shroud of fog in the black of night.  (Touchstone Pictures)",https://www.metacritic.com/movie/the-13th-warrior/,false,true
1056,the-39-steps,The 39 Steps,1935,93,79,56,"A man in London tries to help a counter-espionage Agent. But when the Agent is killed, and the man stands accused, he must go on the run to save himself and stop a spy ring which is trying to steal top secret information.",https://www.metacritic.com/movie/the-39-steps/,true,true
1057,the-abyss,The Abyss,1989,62,76,178,"When a nuclear submarine mysteriously sinks, one diver (Harris) soon finds himself on an odyssey 25,000 feet below the ocean's surface where he confronts a mysterious force that has the power to change the world or destroy it. (20th Century Fox)",https://www.metacritic.com/movie/the-abyss/,false,true
1058,the-act-of-killing,The Act of Killing,2013,92,84,145,A documentary in which former Indonesian death squad leaders reenact their real-life mass-killings in various cinematic genres.,https://www.metacritic.com/movie/the-act-of-killing/,true,false
1059,the-adventures-of-baron-munchausen,The Adventures of Baron Munchausen,1989,69,81,58,"The enchanting adventures of Baron von Munchausen follow him on his journey to save a town from defeat. Being swallowed by a giant sea-monster, a trip to the moon, a dance with Venus and an escape from the Grim Reaper are only some of the improbable adventures. (Sony Pictures)",https://www.metacritic.com/movie/the-adventures-of-baron-munchausen/,false,true
1060,the-adventures-of-robin-hood-re-release,The Adventures of Robin Hood (re-release),2003,97,80,76,"The great Hollywood swashbuckler and the very definition of classic Technicolor design. Warners has used digital technology to perfectly register Robin Hood's original Technicolor negatives, restoring its vibrant color: the reddest reds, the bluest blues, and of course, the greenest greens.  (Film Forum)",https://www.metacritic.com/movie/the-adventures-of-robin-hood-re-release/,false,true
1061,the-adventures-of-tintin,The Adventures of Tintin,2011,68,76,646,"The Adventures of Tintin: Secret of the Unicorn is the first in the series of 3D motion capture films based on the iconic character Tintin, the intrepid young reporter whose relentless pursuit of a good story thrusts him into a world of high adventure. (Paramount Pictures)",https://www.metacritic.com/movie/the-adventures-of-tintin/,false,true
1062,the-african-queen,The African Queen,1952,91,73,61,"In Africa during World War I, a gin-swilling riverboat captain is persuaded by a strait-laced missionary to use his boat to attack an enemy warship.",https://www.metacritic.com/movie/the-african-queen/,true,false
1063,the-age-of-innocence,The Age of Innocence,1993,90,78,119,Daniel Day-Lewis and Michelle Pfeiffer star in a ravishing romance about three wealthy 1870s New Yorkers caught in a tragic love triangle. (Sony),https://www.metacritic.com/movie/the-age-of-innocence/,true,false
1064,the-alabama-solution,The Alabama Solution,2025,90,78,27,Incarcerated men defy the odds to expose a cover-up in one of America’s deadliest prison systems.,https://www.metacritic.com/movie/the-alabama-solution/,true,false
1065,the-apartment,The Apartment,1960,94,87,136,"A man tries to rise in his company by letting its executives use his apartment for trysts, but complications and a romance of his own ensue.",https://www.metacritic.com/movie/the-apartment/,true,true
1066,the-arbor,The Arbor,2011,88,76,13,"Instead of making a conventional documentary or adapting Dunbar’s play The Arbor for the screen, director Clio Barnard has crafted a truly unique work that transcends genre and defies categorization. Following two years conducting audio interviews with Dunbar’s family, friends and neighbors, Barnard filmed actors lip-synching the interviews, flawlessly interpreting every breath, tick and nuance. The film focuses in particular on the playwright’s troubled relationship with her daughter Lorraine who was just 10 when her mother died. Barnard re-introduces Lorraine to her mother’s play and private letters, prompting her to reflect on the extraordinary parallels between their lives. Interwoven with these interviews are staged scenes of Dunbar’s play filmed on The Arbor, the street where she lived. (Strand Releasing)",https://www.metacritic.com/movie/the-arbor/,true,false
1067,the-artist,The Artist,2011,89,78,602,"Hollywood 1927. George Valentin is a silent movie superstar. The advent of the talkies will sound the death knell for his career and see him fall into oblivion. For young extra Peppy Miller, it seems the sky's the limit - major movie stardom awaits. The Artist tells the story of their interlinked destinies. [The Weinstein Company]",https://www.metacritic.com/movie/the-artist/,true,true
1068,the-asphalt-jungle,The Asphalt Jungle,1950,85,78,24,"A major heist goes off as planned, but then double crosses, bad luck and solid police work cause everything to unravel.",https://www.metacritic.com/movie/the-asphalt-jungle/,true,false
1069,the-autobiography-of-nicolae-ceausescu,The Autobiography of Nicolae Ceausescu,2011,87,85,4,"During the summary trial that he and his wife were submitted to, Nicolae Ceausescu is reviewing his long reign of in power:  1965-1989.  It is an historical tableau that in its scope resembles American film frescos such as those dedicated to the Vietnam War. (The Film Desk)",https://www.metacritic.com/movie/the-autobiography-of-nicolae-ceausescu/,true,false
1070,the-aviator,The Aviator,2004,77,79,375,Leonardo DiCaprio stars as aviation pioneer Howard Hughes in this biopic directed by Martin Scorsese.,https://www.metacritic.com/movie/the-aviator/,false,true
1071,the-awful-truth,The Awful Truth,1937,87,71,19,"Unfounded suspicions lead a married couple to begin divorce proceedings, whereupon they start undermining each other's attempts to find new romance.",https://www.metacritic.com/movie/the-awful-truth/,true,false
1072,the-babadook,The Babadook,2014,86,75,888,"Six years after the violent death of her husband, Amelia (Essie Davis) is at a loss. She struggles to discipline her ‘out of control’ 6 year-old, Samuel (Noah Wiseman), a son she finds impossible to love. Samuel’s dreams are plagued by a monster he believes is coming to kill them both. When a disturbing storybook called The Babadook turns up at their house, Samuel is convinced that the Babadook is the creature he’s been dreaming about. His hallucinations spiral out of control, and he becomes more unpredictable and violent. Amelia, genuinely frightened by her son’s behavior, is forced to medicate him. But when Amelia begins to see glimpses of a sinister presence all around her, it slowly dawns on her that the thing Samuel has been warning her about may be real. [IFC Films]",https://www.metacritic.com/movie/the-babadook/,true,false
1073,the-bad-and-the-beautiful,The Bad and the Beautiful,1953,86,71,12,"An unscrupulous movie producer uses an actress, a director and a writer to achieve success.",https://www.metacritic.com/movie/the-bad-and-the-beautiful/,true,false
1074,the-band-wagon,The Band Wagon,1953,93,68,13,A pretentiously artistic director is hired for a new Broadway musical and changes it beyond recognition.,https://www.metacritic.com/movie/the-band-wagon/,true,false
1075,the-banshees-of-inisherin,The Banshees of Inisherin,2022,87,75,408,"On a remote island off the west coast of Ireland, lifelong friends Padraic (Colin Farrell) and Colm (Brendan Gleeson) find themselves at an impasse when Colm unexpectedly puts an end to their friendship. A stunned Padraic, aided by his sister Siobhan (Kerry Condon) and troubled young islander Dominic (Barry Keoghan), endeavours to repair the relationship, refusing to take no for an answer. But Padraic's repeated efforts only strengthen his former friend’s resolve and when Colm delivers a desperate ultimatum, events swiftly escalate, with shocking consequences.",https://www.metacritic.com/movie/the-banshees-of-inisherin/,true,false
1076,the-battle-of-algiers,The Battle of Algiers,2004,96,84,97,"The Battle of Algiers re-creates a key year in the tumultuous Algerian struggle for independence from the occupying French in the 1950s. As violence escalates on both sides, children shoot soldiers at point-blank range, women plant bombs in cafés, and French soldiers resort to torture to break the will of the insurgents. Shot on the streets of Algiers in documentary style, the film is a case study in modern warfare, with its terrorist attacks and the brutal techniques used to combat them.",https://www.metacritic.com/movie/the-battle-of-algiers/,true,true
1077,the-beaches-of-agnes,The Beaches of Agnès,2009,86,67,7,"A reflection on art, life and the movies, The Beaches of Agnes is a magnificent new film from the great Agnes Varda, a richly cinematic self portrait that touches on everything from the feminist movement and the black panthers to the films of husband Jacques Demy and the birth of the French New Wave. (Cinema Guild)",https://www.metacritic.com/movie/the-beaches-of-agnes/,true,false
1078,the-beasts,The Beasts,2023,85,73,43,"An expatriate French couple (Denis Ménochet and Marina Foïs) operate an organic farm in the Spanish countryside. However, their earnest enthusiasm reeks of patronizing privilege to the handful of “hill people” families who have toiled on the land for generations. Tensions between locals and foreigners boil over in this edge-of-your-seat thriller.",https://www.metacritic.com/movie/the-beasts/,true,false
1079,the-best-of-youth,The Best of Youth,2005,89,81,57,"Spanning four decades, from the chaotic 1960s to the present, this passionate epic follows two Italian brothers through some of the most tumultuous events of recent Italian history.  [Miramax]",https://www.metacritic.com/movie/the-best-of-youth/,true,false
1080,the-best-years-of-our-lives,The Best Years of Our Lives,1946,93,83,63,Three World War II veterans return home to small-town America to discover that they and their families have been irreparably changed.,https://www.metacritic.com/movie/the-best-years-of-our-lives/,true,false
1081,the-big-sick,The Big Sick,2017,86,70,426,"Based on the real-life courtship between Kumail Nanjiani and Emily V. Gordon, The Big Sick tells the story of Pakistan-born aspiring comedian Kumail (Nanjiani), who connects with grad student Emily (Zoe Kazan) after one of his standup sets. However, what they thought would be just a one-night stand blossoms into the real thing, which complicates the life that is expected of Kumail by his traditional Muslim parents. When Emily is beset with a mystery illness, it forces Kumail to navigate the medical crisis with her parents, Beth and Terry (Holly Hunter and Ray Romano) who he's never met, while dealing with the emotional tug-of-war between his family and his heart.",https://www.metacritic.com/movie/the-big-sick/,true,false
1082,the-big-sleep,The Big Sleep,1946,86,75,31,"Private detective Philip Marlowe is hired by a wealthy family. Before the complex case is over, he's seen murder, blackmail, and what might be love.",https://www.metacritic.com/movie/the-big-sleep/,true,false
1083,the-birdcage,The Birdcage,1996,71,77,85,"Mike Nichols remakes ""La Cage Aux Folles."" The comedy features a flamboyant gay couple (Williams and Lane) who attempt to ""play it straight"" for their son's prospective in-laws.",https://www.metacritic.com/movie/the-birdcage/,false,true
1084,the-birds,The Birds,1963,90,80,197,A wealthy San Francisco socialite pursues a potential boyfriend to a small Northern California town that slowly takes a turn for the bizarre when birds of all kinds suddenly begin to attack people.,https://www.metacritic.com/movie/the-birds/,true,true
1085,the-blue-angel,The Blue Angel,1930,90,75,26,This re-release of the classic 1929 drama features Dietrich at her most seductive as the nightclub singer Lola-Lola who destroys repressed schoolteacher Jannings.  [Kino International],https://www.metacritic.com/movie/the-blue-angel/,true,false
1086,the-blues-brothers,The Blues Brothers,1980,60,84,110,"Jake Blues, just out from prison, puts together his old band to save the Catholic home where he and brother Elwood were raised.",https://www.metacritic.com/movie/the-blues-brothers/,false,true
1087,the-body-remembers-when-the-world-broke-open,The Body Remembers When the World Broke Open,2019,87,52,13,Two Indigenous women living very different lives are briefly brought together by desperate circumstances.,https://www.metacritic.com/movie/the-body-remembers-when-the-world-broke-open/,true,false
1088,the-bourne-identity,The Bourne Identity,2002,68,80,512,Robert Ludlum's international thriller gets an edgy 21st century spin from director Doug Liman.,https://www.metacritic.com/movie/the-bourne-identity/,false,true
1089,the-bourne-supremacy,The Bourne Supremacy,2004,73,79,429,"The Bourne Supremacy re-enters the shadowy world of expert assassin Jason Bourne (Damon), who continues to find himself plagued by splintered nightmares from his former life. The stakes are now even higher for the agent as he coolly maneuvers through the dangerous waters of international espionage - replete with CIA plots, turncoat agents and ever-shifting covert alliances - all the while hoping to find the truth behind his haunted memories and answers to his own fragmented past.  (Universal Studios)",https://www.metacritic.com/movie/the-bourne-supremacy/,false,true
1090,the-bourne-ultimatum,The Bourne Ultimatum,2007,85,83,567,"All he wanted was to disappear.  Instead, Jason Bourne is now hunted by the people who made him what he is. Having lost his memory and the one person he loved, he is undeterred by the barrage of bullets and a new generation of highly-trained killers.  Bourne has only one objective: to go back to the beginning and find out who he was. (Universal)",https://www.metacritic.com/movie/the-bourne-ultimatum/,true,false
1091,the-boy-and-the-heron,The Boy and the Heron,2023,91,78,447,"A young boy named Mahito
yearning for his mother
ventures into a world shared by the living and the dead.
There, death comes to an end,
and life finds a new beginning.",https://www.metacritic.com/movie/the-boy-and-the-heron/,true,false
1092,the-breakfast-club,The Breakfast Club,1985,66,82,369,"We accept the fact that we had to sacrifice a whole Saturday in detention for whatever it was that we did wrong. What we did WAS wrong. But we think you're crazy to make us write this essay telling you who we think we are. What do you care? You see us as you want to see us...in the simplest terms and the most convenient definitions. You see us as a brain, an athlete, a basket case, a princess and a criminal. Correct? That's the way we saw each other at seven o'clock this morning... - The Breakfast Club",https://www.metacritic.com/movie/the-breakfast-club/,false,true
1093,the-bride-of-frankenstein,The Bride of Frankenstein,1935,95,79,93,"Mary Shelley reveals the main characters of her novel survived: Dr. Frankenstein, goaded by an even madder scientist, builds his monster a mate.",https://www.metacritic.com/movie/the-bride-of-frankenstein/,true,false
1094,the-bridge-on-the-river-kwai,The Bridge on the River Kwai,1957,88,80,102,"After settling his differences with a Japanese PoW camp commander, a British colonel co-operates to oversee his men's construction of a railway bridge for their captors - while oblivious to a plan by the Allies to destroy it.",https://www.metacritic.com/movie/the-bridge-on-the-river-kwai/,true,true
1095,the-bridges-of-madison-county,The Bridges of Madison County,1995,69,78,92,"World-traveling National Geographic photographer Robert Kincaid (Eastwood) and Iowa housewife Francesca Johnson (Streep) aren't looking to turn their lives upside down. Each is at a point in life where expectations are behind them. Yet four days after meeting, they won’t want to lose the love they've found in this story of love, choice and consequence.  [Warner Bros.]",https://www.metacritic.com/movie/the-bridges-of-madison-county/,false,true
1096,the-brutalist,The Brutalist,2024,91,68,399,"Escaping post-war Europe, visionary architect László Toth (Adrien Brody) arrives in America to rebuild his life, his work, and his marriage to his wife Erzsébet (Felicity Jones) after being forced apart during wartime by shifting borders and regimes. On his own in a strange new country, László settles in Pennsylvania, where the wealthy and prominent industrialist Harrison Lee Van Buren (Guy Pearce) recognizes his talent for building. But power and legacy come at a heavy cost.",https://www.metacritic.com/movie/the-brutalist/,true,false
1097,the-butterfly-effect,The Butterfly Effect,2004,30,78,382,"Evan Treborn (Kutcher) has lost track of time. From an early age, crucial moments of his life have disappeared into a black hole of forgetting, his boyhood marred by a series of terrifying events he can't remember.  Determined to do something now that he was incapable of doing then, Evan purposely travels back in time, his present-day mind occupying his childhood body, in an attempt to re-write history and spare his friends and loved ones these traumatic experiences. By altering the events of the past, Evan hopes to transform the present.  (New Line Cinema)",https://www.metacritic.com/movie/the-butterfly-effect/,false,true
1098,the-chaser,The Chaser,2009,64,79,64,A cash-strapped pimp and former police detective draws upon the skills of his old job to track down his missing stable of prostitutes.,https://www.metacritic.com/movie/the-chaser/,false,true
1099,the-chronicles-of-narnia-the-lion-the-witch-and-the-wardrobe,"The Chronicles of Narnia: The Lion, the Witch and the Wardrobe",2005,75,75,399,"C.S. Lewis' timeless adventure follows the exploits of the four Pevensie siblings -- Lucy, Edmund, Susan and Peter -- in World War II England who enter the world of Narnia through a magical wardrobe while playing a game of hide-and-seek in the rural country home of an elderly professor. Once there, the children discover a charming, peaceful land inhabited by talking beasts, dwarfs, fauns, centaurs and giants that has become a world cursed to eternal winter by the evil White Witch, Jadis. Under the guidance of a noble and mystical ruler, the lion Aslan, the children fight to overcome the White Witch's powerful hold over Narnia in a spectacular climactic battle that will free Narnia from Jadis' icy spell forever.  (Walt Disney Pictures / Walden Media)",https://www.metacritic.com/movie/the-chronicles-of-narnia-the-lion-the-witch-and-the-wardrobe/,false,true
1100,the-cider-house-rules,The Cider House Rules,1999,75,77,68,"This is the story of a compassionate young man (Maguire), raised in an orphanage and trained to be a doctor by the abortionist (Caine) who runs the orphanage.",https://www.metacritic.com/movie/the-cider-house-rules/,false,true
1101,the-circle,The Circle,2001,85,66,5,"This film tells the intertwining stories of a group of seven Iranian women, each of whom has a criminal past due to societal prejudices and oppressive laws.",https://www.metacritic.com/movie/the-circle/,true,false
1102,the-circus,The Circus,1929,90,77,44,The Tramp finds work and the girl of his dreams at a circus.,https://www.metacritic.com/movie/the-circus/,true,false
1103,the-city-of-lost-children,The City of Lost Children,1995,73,79,52,"One (Perlman) seeks for his twin brother, who was kidnapped by a scientist (Emilfork) who wants to steal children's dreams in an effort to stop aging.",https://www.metacritic.com/movie/the-city-of-lost-children/,false,true
1104,the-class,The Class,2008,92,79,67,"François and his fellow teachers prepare for a new year at a high school in a tough neighborhood. Armed with the best intentions, they brace themselves to not let discouragement stop them from trying to give the best education to their students. Cultures and attitudes often clash in the classroom, a microcosm of contemporary France. As amusing and inspiring as the teenaged students can be, their difficult behavior can still jeopardize any teacher's enthusiasm for the low-paying job. François insists on an atmosphere of respect and diligence. Neither stuffy nor severe, his extravagant frankness often takes the students by surprise. But his classroom ethics are put to the test when his students begin to challenge his methods. (Sony Classics)",https://www.metacritic.com/movie/the-class/,true,true
1105,the-color-purple,The Color Purple,1985,78,82,144,"In rural Georgia during the first half of the 20th century, Celie (Whoopi Goldberg) is married off to an abusive man (Danny Glover) after becoming pregnant by her own father. Based on Alice Walker's Pulitzer Prize-winning novel.",https://www.metacritic.com/movie/the-color-purple/,false,true
1106,the-conformist-re-release,The Conformist,1970,100,73,154,"Set in Rome in the 1930s, this re-release of Bernardo Bertolucci's 1970 breakthrough feature stars Jean-Louis Trintignant as a Mussolini operative sent to Paris to locate and eliminate an old professor who fled Italy when the fascists came to power.",https://www.metacritic.com/movie/the-conformist-re-release/,true,false
1107,the-conversation,The Conversation,1974,88,79,166,Wiretapper Harry Caul (Gene Hackman) becomes concerned about recordings he made for a client.,https://www.metacritic.com/movie/the-conversation/,true,true
1108,the-count-of-monte-cristo,The Count of Monte Cristo,2002,61,79,120,Alexandre Dumas's classic story of an innocent man wrongly but deliberately imprisoned and his brilliant strategy for revenge against those who betrayed him.  (Touchstone Pictures),https://www.metacritic.com/movie/the-count-of-monte-cristo/,false,true
1109,the-cove,The Cove,2009,84,79,85,"In this pulse-pounding eco-thriller, a crack team of divers, activists and special effects experts infiltrate a secret cove in Japan to expose one of history's most shocking and unimaginable crimes against nature. Winner of the Audience Award at this year's Sundance Film Festival, 'The Cove' is sure to be one of the most talked about films of the summer. (Roadside Attractions)",https://www.metacritic.com/movie/the-cove/,false,true
1110,the-crow,The Crow,1994,72,81,237,"Eric Draven and his fiancé are murdered on the eve of their Halloween wedding. Exactly one year after their deaths, Eric is risen from the grave by a mysterious crow to seek out his killers and force them to answer for their crimes. [Miramax Films]",https://www.metacritic.com/movie/the-crow/,false,true
1111,the-crying-game,The Crying Game,1992,90,76,90,A psychological thriller centering on the kidnapping of a British soldier by the IRA.,https://www.metacritic.com/movie/the-crying-game/,true,true
1112,the-curious-case-of-benjamin-button,The Curious Case of Benjamin Button,2008,70,78,508,"“I was born under unusual circumstances.” And so begins The Curious Case of Benjamin Button, adapted from the 1920s story by F. Scott Fitzgerald about a man who is born in his eighties and ages backwards: a man, like any of us, who is unable to stop time. We follow his story, set in New Orleans from the end of World War I in 1918, into the 21st century, following his journey that is as unusual as any man’s life can be. Benjamin Button is a grand tale of a not-so-ordinary man and the people and places he discovers along the way, the loves he finds, the joys of life and the sadness of death, and what lasts beyond time. (Paramount Pictures)",https://www.metacritic.com/movie/the-curious-case-of-benjamin-button/,false,true
1113,the-damned-united,The Damned United,2009,81,80,54,"Set in 1960’s and 1970’s England, The Damned United tells the confrontational and darkly humorous story of Brian Clough’s doomed 44 day tenure as manager of the reigning champions of English football Leeds United. Previously managed by his bitter rival Don Revie, and on the back of their most successful period ever as a football club, Leeds was perceived by many to represent a new aggressive and cynical style of football - an anathema to the principled yet flamboyant Brian Clough, who had achieved astonishing success as manager of Hartlepool and Derby County building teams in his own vision with trusty lieutenant Peter Taylor. Taking the Leeds job without Taylor by his side, with a changing room full of what in his mind were still Don’s boys, would lead to an unheralded examination of Clough’s belligerence and brilliance over 44 days. This is that story. The story of The Damned United. (Sony Pictures Classics)",https://www.metacritic.com/movie/the-damned-united/,false,true
1114,the-darjeeling-limited,The Darjeeling Limited,2007,67,74,219,"Three American brothers who have not spoken to each other in a year set off on a train voyage across India with a plan to find themselves and bond with each other -- to become brothers again like they used to be. Their ""spiritual quest"", however, veers rapidly off-course (due to events involving over-the-counter pain killers, Indian cough syrup, and pepper spray), and they eventually find themselves stranded alone in the middle of the desert with eleven suitcases, a printer, and a laminating machine. At this moment, a new, unplanned journey suddenly begins.  (Fox Searchlight)",https://www.metacritic.com/movie/the-darjeeling-limited/,false,true
1115,the-dark-crystal,The Dark Crystal,1982,66,74,67,"On another planet in the distant past, a Gelfling embarks on a quest to find the missing shard of a magical crystal, and so restore order to his world.",https://www.metacritic.com/movie/the-dark-crystal/,false,true
1116,the-dark-knight,The Dark Knight,2008,85,91,5414,"Batman raises the stakes in his war on crime. With the help of Lieutenant Jim Gordon and District Attorney Harvey Dent Batman sets out to dismantle the remaining criminal organizations that plague the city streets. The partnership proves to be effective, but they soon find themselves prey to reign of chaos unleashed by a rising criminal mastermind known to the terrified citizens of Gotham as the Joker. (Warner Bros.)",https://www.metacritic.com/movie/the-dark-knight/,true,true
1117,the-dead-zone,The Dead Zone,1983,69,75,86,"After a car accident puts him into a coma for 5 years, teacher Johnny Smith (Christopher Walken) wakes up to discover he can see people's futures after touching them.",https://www.metacritic.com/movie/the-dead-zone/,false,true
1118,the-death-of-mr-lazarescu,The Death of Mr. Lazarescu,2006,87,78,19,"Anyone who has waited for treatment in an emergency room or chafed under the less than devoted care of a disinterested doctor will recognize Mr. Lazarescu's dilemma. A 60-ish widower, living alone in Bucharest with his cats, he feels sick enough one evening to call an ambulance. This is the beginning of his Dantesque odyssey deep into the bowels of a big city medical establishment. It's a story that could take place anywhere and Mr. Lazarescu could be your next-door neighbor – or he could be you.  [Tartan Films]",https://www.metacritic.com/movie/the-death-of-mr-lazarescu/,true,false
1119,the-death-of-stalin,The Death of Stalin,2018,88,74,339,"Moscow, 1953: when tyrannical dictator Joseph Stalin drops dead, his parasitic cronies square off in a frantic power struggle to be the next Soviet leader. Among the contenders are the dweeby Georgy Malenkov (Jeffrey Tambor), the wily Nikita Khrushchev (Steve Buscemi), and the sadistic secret police chief Lavrentiy Beria (Simon Russell Beale). But as they bumble, brawl, and backstab their way to the top, just who is running the government? [IFC Films]",https://www.metacritic.com/movie/the-death-of-stalin/,true,false
1120,the-decline-of-western-civilization,The Decline of Western Civilization,1981,93,76,17,"The Los Angeles punk music scene circa 1980 is the focus of this film. With Alice Bag Band, Black Flag, Catholic Discipline, Circle Jerks, Fear, Germs, and X.",https://www.metacritic.com/movie/the-decline-of-western-civilization/,true,false
1121,the-deer-hunter,The Deer Hunter,1978,90,82,293,"The Deer Hunter tracks a group of steelworker pals from a Pennsylvania blast furnace to the cool hunting grounds of the Alleghenies to the lethal cauldron of Vietnam. Robert De Niro gives an outstanding performance as Michael, the natural leader of the group. The Deer Hunter is a searing drama of friendship and courage - and what happens to these qualities under hardship. [Universal]",https://www.metacritic.com/movie/the-deer-hunter/,true,true
1122,the-delinquents,The Delinquents,2023,85,69,17,"Morán (Daniel Elías) and Román (Esteban Bigliardi) are two bank employees that at some point in their lives question the routine life they carry out. One of them finds a solution, committing a crime. Somehow he succeeds and commits his destiny to his partner. This decision will lead to a resounding change in their lives in search of a better existence.",https://www.metacritic.com/movie/the-delinquents/,true,false
1123,the-departed,The Departed,2006,85,86,1277,"This gritty crime drama from director Martin Scorsese takes us into the lives of two cops: Colin Sullivan (Matt Damon), smart and unabashedly ambitious, appears to be on the fast track in the Massachusetts State Police Department's elite Special Investigations Unit, whose prime target is powerful Irish mob boss Frank Costello (Jack Nicholson). Billy Costigan (Leonardo DiCaprio), street-smart and tough, is purported to have a violent temper that costs him his badge and eventually lands him back on the rough streets of South Boston, where he is recruited into Costello's ranks. But neither man is what he seems and, as they work at cross purposes, they are plunged into a dangerous game of cat and mouse in which the stakes could not be higher.  [Warner Bros.]",https://www.metacritic.com/movie/the-departed/,true,true
1124,the-departure,The Departure,2017,85,85,4,"Ittetsu Nemoto, a former punk-turned- Buddhist-priest in Japan, has made a career out of helping suicidal people find reasons to live. But this work has come increasingly at the cost of his own family and health, as he refuses to draw lines between those he counsels and himself. The Departure captures Nemoto at a crossroads, when his growing self-destructive tendencies lead him to confront the same question his patients ask him: what makes life worth living?",https://www.metacritic.com/movie/the-departure/,true,false
1125,the-descendants,The Descendants,2011,84,76,514,"Matt King is an indifferent husband and father of two girls, who is forced to re-examine his past and embrace his future when his wife suffers a boating accident off of Waikiki. The event leads to a rapprochement with his young daughters while Matt wrestles with a decision to sell the family's land handed down from Hawaiian royalty and missionaries. [Fox Searchlight]",https://www.metacritic.com/movie/the-descendants/,false,true
1126,the-descent,The Descent,2006,71,75,298,"One year after a tragic accident, six girlfriends meet in a remote part of the Appalachians for their annual extreme outdoor adventure, in this case the exploration of a cave hidden deep in the woods. Far below the surface of the earth, disaster strikes, and there's no way out. But there is something else lurking under the earth.  (Lionsgate)",https://www.metacritic.com/movie/the-descent/,false,true
1127,the-devils-advocate,The Devil's Advocate,1997,60,74,261,"A drama about the eternal struggle between power and weakness, between temptation and surrender, between good and limitless evil.  (Warner Bros.)",https://www.metacritic.com/movie/the-devils-advocate/,false,true
1128,the-devils-backbone,The Devil's Backbone,2001,78,75,104,A ghost story set in a Catholic orphanage during the Spanish Civil War.,https://www.metacritic.com/movie/the-devils-backbone/,false,true
1129,the-diary-of-a-teenage-girl,The Diary of a Teenage Girl,2015,87,64,133,"Like most teenage girls, Minnie Goetze (Bel Powley) is longing for love, acceptance and a sense of purpose in the world. Minnie begins a complex love affair with her mother's (Kristen Wiig) boyfriend, ""the handsomest man in the world,"" Monroe Rutherford (Alexander Skarsgård). What follows is a sharp, funny and provocative account of one girl's sexual and artistic awakening, without judgment. [Sony Pictures Classics]",https://www.metacritic.com/movie/the-diary-of-a-teenage-girl/,true,false
1130,the-discreet-charm-of-the-bourgeoisie,The Discreet Charm of the Bourgeoisie,1972,93,83,69,A group of six friends - three men and three women decidedly of the French Upper Middle Class - have their dinner plans continually interrupted due to a series of bizarre events.,https://www.metacritic.com/movie/the-discreet-charm-of-the-bourgeoisie/,true,false
1131,the-diving-bell-and-the-butterfly,The Diving Bell and the Butterfly,2007,92,83,169,"The Diving Bell and the Butterfly is the remarkable true story of Jean-Dominique Bauby, a successful and charismatic editor-in-chief of French Elle, who believes he is living his life to its absolute fullest when a sudden stroke leaves him in a life-altered state. While the physical challenges of Bauby's fate leave him with little hope for the future, he begins to discover how his life's passions, his rich memories and his newfound imagination can help him achieve a life without boundaries. (Miramax Film)",https://www.metacritic.com/movie/the-diving-bell-and-the-butterfly/,true,false
1132,the-double-life-of-veronique,The Double Life of Veronique,1991,86,80,48,"Krzysztof Kieślowski’s international breakthrough remains one of his most beloved films, a ravishing, mysterious rumination on identity, love, and human intuition. Irène Jacob is incandescent as both Weronika, a Polish choir soprano, and her double, Véronique, a French music teacher. Though unknown to each other, the two women share an enigmatic, emotional bond, which Kieślowski details in gorgeous reflections, colors, and movements. Aided by Slawomir Idziak’s shimmering cinematography and Zbigniew Preisner’s haunting, operatic score, Kieślowski creates one of cinema’s most purely metaphysical works. The Double Life of Véronique is an unforgettable symphony of feeling. [Criterion]",https://www.metacritic.com/movie/the-double-life-of-veronique/,true,false
1133,the-duke-of-burgundy,The Duke of Burgundy,2015,87,69,56,"Day after day, Cynthia (Sidse Babett Knudsen) and Evelyn (Chiara D'Anna) act out a simple yet provocative ritual that ends with Evelyn's punishment and pleasure. As Cynthia yearns for a more conventional relationship, Evelyn's obsession with erotica quickly becomes an addiction that may push the relationship to a breaking point.",https://www.metacritic.com/movie/the-duke-of-burgundy/,true,false
1134,the-edge-of-heaven,The Edge of Heaven,2008,85,88,27,"Nejat initially disapproves of his widower father Ali`s choice of prostitute Yeter for a live-in girlfriend. But the young professor warms to her when he learns that most of her hard-earned money is sent home to Turkey for her daughter’s university studies. After Yeter`s accidental death, Nejat travels to Istanbul to search for Yeter`s daughter Ayten. Political activist Ayten has fled the Turkish police and is already in Germany. She is befriended by a young woman, Lotte, who invites rebellious Ayten to stay in her home, much to the displeasure of her conservative mother, Susanne. When Ayten is arrested and her asylum plea denied, she is deported and imprisoned in Turkey. Passionate Lotte abandons everything to help Ayten. A tragic event brings Susanne to Istanbul to help fulfill her daughter`s mission. (Strand Releasing)",https://www.metacritic.com/movie/the-edge-of-heaven/,true,false
1135,the-elephant-man,The Elephant Man,1980,78,87,128,"A Victorian surgeon rescues a heavily disfigured man who is mistreated while scraping a living as a side-show freak. Behind his monstrous facade, there is revealed a person of intelligence and sensitivity.",https://www.metacritic.com/movie/the-elephant-man/,false,true
1136,the-endurance,The Endurance,2001,85,68,4,"This documentary tells the story of the survival of British explorer Sir Ernest Shackleton and the crew of his vessel 'The Endurance,' which shipwrecked in the ice floes and frigid ocean of the Antarctic in 1914.",https://www.metacritic.com/movie/the-endurance/,true,false
1137,the-english-patient,The English Patient,1996,86,75,190,"An epic film of adventure, intrigue, betrayal and love about four strangers whose diverse lives become inextricably connected.  (Miramax Films)",https://www.metacritic.com/movie/the-english-patient/,true,true
1138,the-evil-dead,The Evil Dead,1983,71,79,357,Five friends travel to a cabin in the woods where tape recorded incantations from the Book of the Dead unleash relentless demons that can only be killed by total body dismemberment.,https://www.metacritic.com/movie/the-evil-dead/,false,true
1139,the-exorcist-1973,The Exorcist,1973,83,82,485,"When a 12-year-old girl (Linda Blair) is possessed by a mysterious entity, her mother seeks the help of two priests to save her daughter.",https://www.metacritic.com/movie/the-exorcist-1973/,false,true
1140,the-fabelmans,The Fabelmans,2022,85,74,273,"The Fabelmans are 16-year-old aspiring filmmaker Sammy Fabelman (Gabriel LaBelle), his artistic mother Mitzi (Michelle Williams), and his successful, scientific father Burt (Paul Dano), and his younger sisters.",https://www.metacritic.com/movie/the-fabelmans/,true,false
1141,the-fabulous-baker-boys,The Fabulous Baker Boys,1989,85,74,16,"The lives of two struggling musicians (the Bridges brothers), who happen to be brothers, inevitably change when they team up with a beautiful, up-and-coming singer (Michelle Pfeiffer)",https://www.metacritic.com/movie/the-fabulous-baker-boys/,true,false
1142,the-faculty,The Faculty,1998,61,75,142,"When some very creepy things start happening around school, the kids at Herrington High make a chilling discovery that confirms their worst suspicions: their teachers really are from another planet! As mind-controlling parasites rapidly begin spreading from the faculty to the students' bodies, it's ultimately up to the few who are left -- an unlikely collection of loners, leaders, nerds, and jocks -- to save the world from alien domination! [Buena Vista]",https://www.metacritic.com/movie/the-faculty/,false,true
1143,the-fall,The Fall,2008,64,82,107,"Los Angeles, circa 1920s: A little immigrant girl finds herself in a hospital recovering from a fall. She strikes up a friendship with a bedridden man, who captivates her with a whimsical story that removes her far from the hospital doldrums into the exotic landscapes of her imagination. Making sure he keeps the girl interested in the story, he interweaves her family and people she likes from the hospital into his tale. (Roadside Attractions)",https://www.metacritic.com/movie/the-fall/,false,true
1144,the-fallen-idol,The Fallen Idol (re-release),2006,88,69,12,"Adapted from Graham Greene's story ""The Basement Room"" this 1948 film is told from the perspective of a child.",https://www.metacritic.com/movie/the-fallen-idol/,true,false
1145,the-farewell,The Farewell,2019,89,82,270,"Chinese-born, U.S.-raised Billi (Awkwafina) reluctantly returns to Changchun to find that, although the whole family knows their beloved matriarch, Nai-Nai, has been given mere weeks to live, everyone has decided not to tell Nai Nai herself. To assure her happiness, they gather under the joyful guise of an expedited wedding, uniting family members scattered among new homes abroad. As Billi navigates a minefield of family expectations and proprieties, she finds there’s a lot to celebrate: a chance to rediscover the country she left as a child, her grandmother’s wondrous spirit, and the ties that keep on binding even when so much goes unspoken. [A24]",https://www.metacritic.com/movie/the-farewell/,true,false
1146,the-farthest,The Farthest,2017,87,67,20,"The Farthest tells the captivating tales of the people and events behind one of humanity’s greatest achievements in exploration: NASA’s Voyager mission, which celebrates its 40th anniversary this August. The twin spacecraft—each with less computing power than a cell phone—used slingshot trajectories to visit Jupiter, Saturn, Uranus and Neptune. They sent back unprecedented images and data that revolutionized our understanding of the spectacular outer planets and their many peculiar moons. Still going strong four decades after launch, each spacecraft carries an iconic golden record with greetings, music and images from Earth—a gift for any aliens that might one day find it. Voyager 1, which left our solar system and ushered humanity into the interstellar age in 2012, is the farthest-flung object humans have ever created. A billion years from now, when our sun has flamed out and burned Earth to a cinder, the Voyagers and their golden records will still be sailing on—perhaps the only remaining evidence that humanity ever existed. [Abramorama]",https://www.metacritic.com/movie/the-farthest/,true,false
1147,the-father,The Father,2021,88,85,334,"Anthony is 80, mischievous, living defiantly alone and rejecting the carers that his daughter, Anne, encouragingly introduces. Yet help is also becoming a necessity for Anne; she can’t make daily visits anymore and Anthony's grip on reality is unravelling. As we experience the ebb and flow of his memory, how much of his own identity and past can Anthony cling to? How does Anne cope as she grieves the loss of her father, while he still lives and breathes before her?",https://www.metacritic.com/movie/the-father/,true,false
1148,the-favourite,The Favourite,2018,91,78,612,"Early 18th century. England is at war with the French. Nevertheless, duck racing and pineapple eating are thriving. A frail Queen Anne (Olivia Colman) occupies the throne and her close friend Lady Sarah (Rachel Weisz) governs the country in her stead while tending to Anne’s ill health and mercurial temper. When a new servant Abigail (Emma Stone) arrives, her charm endears her to Sarah. Sarah takes Abigail under her wing and Abigail sees a chance at a return to her aristocratic roots. As the politics of war become quite time consuming for Sarah, Abigail steps into the breach to fill in as the Queen’s companion. Their burgeoning friendship gives her a chance to fulfill her ambitions and she will not let woman, man, politics or rabbit stand in her way. [Fox Searchlight]",https://www.metacritic.com/movie/the-favourite/,true,false
1149,the-fifth-element,The Fifth Element,1997,52,81,450,"New York cab driver Korben Dallas didn't mean to be a hero. But he just picked up the kind of fare that only comes along every five thousand years - a perfect beauty, a perfect being, a perfect weapon. Now, together, they must save the world. (Columbia TriStar)",https://www.metacritic.com/movie/the-fifth-element/,false,true
1150,the-first-wave,The First Wave,2021,85,54,7,"With exclusive access inside one of New York’s hardest hit hospital systems during the terrifying first four months of the pandemic, The First Wave spotlights the everyday heroes at the epicenter of COVID-19 as they come together to fight one of the greatest threats the world has ever encountered.",https://www.metacritic.com/movie/the-first-wave/,true,false
1151,the-fisher-king,The Fisher King,1991,67,75,90,"Terry Gilliam's romantic parable The Fisher King delves deep into the nature of love and loss, of guilt and redemption, of character and tragedy. (Tri-Star)",https://www.metacritic.com/movie/the-fisher-king/,false,true
1152,the-fits,The Fits,2016,90,65,59,"Toni trains as a boxer with her brother at a community center in Cincinnati’s West End, but becomes fascinated by the dance team that also practices there. Enamored by their strength and confidence, Toni eventually joins the group, eagerly absorbing routines, mastering drills, and even piercing her own ears to fit in. As she discovers the joys of dance and of female camaraderie, she grapples with her individual identity amid her newly defined social sphere. Shortly after Toni joins the team, the captain faints during practice. By the end of the week, most of the girls on the team suffer from episodes of fainting, swooning, moaning, and shaking in a seemingly uncontrollable catharsis. Soon, however, the girls on the team embrace these mysterious spasms, transforming them into a rite of passage. Toni fears “the fits” but is equally afraid of losing her place just as she’s found her footing. Caught between her need for control and her desire for acceptance, Toni must decide how far she will go to embody her new ideals. [Oscilloscope]",https://www.metacritic.com/movie/the-fits/,true,false
1153,the-florida-project,The Florida Project,2017,92,75,446,"Six-year-old Moonee (Brooklynn Prince) and her rebellious mother Halley (Bria Vinaite) live week to week at “The Magic Castle,” a budget motel managed by Bobby (Willem Dafoe), whose stern exterior hides a deep reservoir of kindness and compassion.  Despite her harsh surroundings, the precocious and ebullient Moonee has no trouble making each day a celebration of life, her endless afternoons overflowing with mischief and grand adventure as she and her ragtag playmates—including Jancey, a new arrival to the area who quickly becomes Moonee’s best friend—fearlessly explore the utterly unique world into which they’ve been thrown. Unbeknownst to Moonee, however, her delicate fantasy is supported by the toil and sacrifice of Halley, who is forced to explore increasingly dangerous possibilities in order to provide for her daughter.",https://www.metacritic.com/movie/the-florida-project/,true,false
1154,the-fly,The Fly,1986,81,79,235,A scientist (Jeff Goldblum) slowly becomes a human sized fly after his teleport device malfunctions.,https://www.metacritic.com/movie/the-fly/,false,true
1155,the-fog-of-war-eleven-lessons-from-the-life-of-robert-s-mcnamara,The Fog of War: Eleven Lessons from the Life of Robert S. McNamara,2003,87,80,36,"The Fog of War is a 20th century fable, a story of an American dreamer, Robert S. McNamara, who rose from humble origins to the heights of political power.  (Sony Pictures Classics)",https://www.metacritic.com/movie/the-fog-of-war-eleven-lessons-from-the-life-of-robert-s-mcnamara/,true,false
1156,the-french-connection-1971,The French Connection,1971,94,81,234,"New York narcotics officer ""Popeye"" Doyle and his partner take on an international drug ring shipping heroin into the United States.",https://www.metacritic.com/movie/the-french-connection-1971/,true,false
1157,the-fugitive,The Fugitive,1993,87,83,304,"Adapted from the popular 1960s television, this is the story of Dr. Richard Kimble (Ford), who has been falsely accused and convicted of his wife's murder.",https://www.metacritic.com/movie/the-fugitive/,true,true
1158,the-full-monty,The Full Monty,1997,75,76,80,"After their steel factory shuts down in Sheffield, a desperate group of men looking for work where there is none, form an exotic made dance troupe and are prepared to offer what Chippendale's doesn't...the full monty or total nudity.",https://www.metacritic.com/movie/the-full-monty/,false,true
1159,the-furious,The Furious,2026,85,72,109,A father fights fiercely against ruthless kidnappers to save his abducted daughter.,https://www.metacritic.com/movie/the-furious/,true,false
1160,the-gatekeepers,The Gatekeepers,2013,91,65,36,"A documentary by the Israeli director Dror Moreh which consists of interviews with six surviving former heads of Shin Bet, the Israeli security agency established in 1949 which has engaged in counter-terrorism and intelligence gathering, among other things.",https://www.metacritic.com/movie/the-gatekeepers/,true,false
1161,the-ghost-writer,The Ghost Writer,2010,77,75,216,A gifted author hired to ghostwrite the memoirs of a controversial former British Prime Minister becomes a hunted man when he uncovers explosive secrets about the past. (Summit Entertainment),https://www.metacritic.com/movie/the-ghost-writer/,false,true
1162,the-girl-with-the-dragon-tattoo,The Girl with the Dragon Tattoo,2010,76,76,226,"Forty years ago, Harriet Vanger disappeared from a family gathering on the island owned and inhabited by the powerful Vanger clan. Her body was never found, yet her uncle is convinced it was murder and that the killer is a member of his own tightly knit but dysfunctional family. He employs disgraced financial journalist Mikael Blomkvist and the tattooed, ruthless computer hacker Lisbeth Salander to investigate. When the pair link Harriet's disappearance to a number of grotesque murders from almost forty years ago, they begin to unravel a dark and appalling family history. But the Vanger's are a secretive clan, and Blomkvist and Salander are about to find out just how far they are prepared to go to protect themselves. ""The Girl With The Dragon Tattoo"" is based on the trilogy of books by Stieg Larsson and has sold over 7 million copies worldwide. Tragically, Larsson did not live to see the phenomenon his work has become as he died suddenly in 2004 soon after delivering the manuscripts to his Swedish publisher. (Music Box Films)",https://www.metacritic.com/movie/the-girl-with-the-dragon-tattoo/,false,true
1163,the-gleaners-i,The Gleaners & I,2001,86,78,13,"An intimate, picaresque inquiry into French life, as lived by the country's poor and its provident, as well as by the film's own director, Agnès Varda. The aesthetic, political and finally moral point of departure for Varda are gleaners, those individuals who pick at already-reaped fields for the odd potato, the leftover turnip, and in previous generations were immortalized by the likes of Millet and Van Gogh.  (Zeitgeist Films)",https://www.metacritic.com/movie/the-gleaners-i/,true,false
1164,the-godfather,The Godfather,1972,100,92,4569,"Francis Ford Coppola's epic features Marlon Brando in his Oscar-winning role as the patriarch of the Corleone family. Director Coppola paints a chilling portrait of the Sicilian clan's rise and near fall from power in America, masterfully balancing the story between the Corleone's family life and the ugly crime business in which they are engaged. Based on Mario Puzo's best-selling novel and featuring career-making performances by Al Pacino, James Caan and Robert Duvall, this searing and brilliant film garnered ten Academy Award nominations, and won three including Best Picture of 1972. [Paramount Pictures]",https://www.metacritic.com/movie/the-godfather/,true,true
1165,the-godfather-part-ii,The Godfather: Part II,1974,90,91,1252,"The sequel to ""The Godfather"" continues the saga of two generations of successive power within the Corleone family. Coppola tells two stories in Part II: the roots and rise of a young Don Vito, played with uncanny ability by Robert De Niro, and the ascension of Michael (Al Pacino) as the new Don. [Paramount Pictures]",https://www.metacritic.com/movie/the-godfather-part-ii/,true,true
1166,the-gold-rush-1925,The Gold Rush (1925),1925,90,81,15,The Tramp goes the Klondike in search of gold and finds it and more.,https://www.metacritic.com/movie/the-gold-rush-1925/,true,false
1167,the-good-the-bad-and-the-ugly,"The Good, the Bad and the Ugly",1967,90,92,779,"For three men the Civil War wasn't hell... it was practice! Clint Eastwood returns as ""The Man with No Name,"" this time teaming with two gunslingers (Lee Van Cleef and Eli Wallach) to pursue a cache of $200,000 and letting no one, not even warring factions in a civil war, stand in their way. [MGM]",https://www.metacritic.com/movie/the-good-the-bad-and-the-ugly/,true,true
1168,the-good-the-bad-the-weird,"The Good, the Bad, the Weird",2010,69,74,55,"Set in the 1930s Manchurian desert where lawlessness rules and many different ethnic groups clash, three Korean men fatefully meet each other on a train. The train’s diverse passengers and imminent danger with guns and knives everywhere serves as a microcosm of the turbulent times. Do-won is a bounty hunter who tracks down any criminals with rewards on their heads. Chang-yi is the leader of a group of tough-as-nails bandits. He cannot stand to be the second best. Tae-goo is a train robber with nine lives. The three strangers engage in a chase across Manchuria to take possession of a map Tae-goo discovers while robbing the train. Also on the hunt for the mysterious map are the Japanese army and Asian bandits. In this unpredictable, escalating battle for the map, who will stand in the end as the winner? (IFC Film)",https://www.metacritic.com/movie/the-good-the-bad-the-weird/,false,true
1169,the-graduate,The Graduate,1967,83,83,220,"Shy Benjamin Braddock (Dustin Hoffman) returns home from college with an uncertain future. Then the wife of his father's business partner, the sexy Mrs. Robinson (Anne Bancroft), seduces him, and the affair only deepens his confusion. That is, until he meets the girl of his dreams (Katharine Ross). But there's one problem: she's Mrs. Robinson's daughter. [MGM]",https://www.metacritic.com/movie/the-graduate/,false,true
1170,the-grand-budapest-hotel,The Grand Budapest Hotel,2014,88,84,1591,"The Grand Budapest Hotel recounts the adventures of M. Gustave, a legendary concierge at a famous European hotel between the wars, and Zero Moustafa, the lobby boy who becomes his most trusted friend. The story involves the theft and recovery of a priceless Renaissance painting and the battle for an enormous family fortune—all against the back-drop of a suddenly and dramatically changing continent. [Fox Searchlight]",https://www.metacritic.com/movie/the-grand-budapest-hotel/,true,false
1171,the-grapes-of-wrath,The Grapes of Wrath,1940,96,81,84,"A poor Midwest family is forced off their land. They travel to California, suffering the misfortunes of the homeless in the Great Depression.",https://www.metacritic.com/movie/the-grapes-of-wrath/,true,true
1172,the-great-beauty,The Great Beauty,2013,86,80,223,"Jep Gambardella has seduced his way through the lavish nightlife of Rome for decades, but after his 65th birthday and a shock from the past, Jep looks past the nightclubs and parties to find a timeless landscape of absurd, exquisite beauty.",https://www.metacritic.com/movie/the-great-beauty/,true,false
1173,the-great-escape,The Great Escape,1963,86,83,94,Allied prisoners of war plan for several hundred of their number to escape from a German camp during World War II.,https://www.metacritic.com/movie/the-great-escape/,true,false
1174,the-great-mouse-detective,The Great Mouse Detective,1986,73,77,52,"Basil, the rodent Sherlock Holmes, investigates the kidnapping of a toy-maker and uncovers its link to his arch-enemy, Professor Ratigan.",https://www.metacritic.com/movie/the-great-mouse-detective/,false,true
1175,the-green-knight,The Green Knight,2021,85,63,502,"An epic fantasy adventure based on the timeless Arthurian legend, The Green Knight tells the story of Sir Gawain (Dev Patel), King Arthur's reckless and headstrong nephew, who embarks on a daring quest to confront the eponymous Green Knight, a gigantic emerald-skinned stranger and tester of men. Gawain contends with ghosts, giants, thieves, and schemers in what becomes a deeper journey to define his character and prove his worth in the eyes of his family and kingdom by facing the ultimate challenger.",https://www.metacritic.com/movie/the-green-knight/,true,false
1176,the-green-mile,The Green Mile,1999,61,87,785,"Set on Death Row in a Southern prison in 1935, this is the remarkable story of a prison guard who develops a poignant, unusual relationship with one inmate who possesses a magical gift that is both mysterious and miraculous.  (Castle Rock Entertainment)",https://www.metacritic.com/movie/the-green-mile/,false,true
1177,the-grifters,The Grifters,1990,86,73,51,"When small-time cheat Roy Dillon (Cusack) winds up in the hospital following an unsuccessful scam, it sets up a confrontation between his estranged mother Lilly (Huston) and sexy girlfriend Myra (Bening). Both Lilly and Myra are ruthless confidence artists playing the con game in a league far above Roy ... and always looking for their next victim. The question soon becomes who's conning who as Roy finds himself caught in a complicated web of passion and mistrust. (Miramax)",https://www.metacritic.com/movie/the-grifters/,true,false
1178,the-gunfighter,The Gunfighter,1950,94,71,21,"Notorious gunfighter Jimmy Ringo rides into town to find his true love, who doesn't want to see him. He hasn't come looking for trouble, but trouble finds him around every corner.",https://www.metacritic.com/movie/the-gunfighter/,true,false
1179,the-hangover,The Hangover,2009,73,76,803,"Two days before his wedding, Doug and his three buddies drive to Vegas for a blow-out night they'll never forget. But when the three groomsmen wake up the next morning with pounding headaches, they can't remember a thing. Their posh hotel suite is beyond trashed and the groom is nowhere to be found. With no clue of what happened and little time to spare, the trio must attempt to retrace their bad decisions from the night before in order to figure out where things went wrong and hopefully get Doug back to L.A. in time for his wedding. However, the more they begin to uncover, the more they realize just how much trouble they're really in. (Warner Bros.)",https://www.metacritic.com/movie/the-hangover/,false,true
1180,the-help,The Help,2011,62,79,540,"Mississippi during the 1960s: Skeeter, a southern society girl, returns from college determined to become a writer, but turns her friends' lives--and a small Mississippi town--upside down when she decides to interview the black women who have spent their lives taking care of prominent southern families. Aibileen, Skeeter's best friend's housekeeper, is the first to open up—to the dismay of her friends in the tight-knit black community. Despite Skeeter's life-long friendships hanging in the balance, she and Aibileen continue their collaboration and soon more women come forward to tell their stories—and as it turns out, they have a lot to say. Along the way, unlikely friendships are forged and a new sisterhood emerges, but not before everyone in town has a thing or two to say themselves when they become unwittingly—and unwillingly—caught up in the changing times. (Walt Disney Pictures)",https://www.metacritic.com/movie/the-help/,false,true
1181,the-hidden-fortress,The Hidden Fortress,1960,89,83,31,"Lured by gold, two greedy peasants escort a man and woman across enemy lines. However, they do not realize that their companions are actually a princess and her general.",https://www.metacritic.com/movie/the-hidden-fortress/,true,false
1182,the-host,The Host,2007,85,72,243,"Utilizing state-of-the-art special effects, The Host is both a creature-feature thrill ride and a poignant human drama.  (Magnolia Pictures)",https://www.metacritic.com/movie/the-host/,true,false
1183,the-human-voice,The Human Voice,2021,88,69,33,"A woman watches time passing next to the suitcases of her ex-lover (who is supposed to come pick them up, but never arrives) and a restless dog who doesn’t understand that his master has abandoned him.",https://www.metacritic.com/movie/the-human-voice/,true,false
1184,the-hunchback-of-notre-dame,The Hunchback of Notre Dame,1996,74,78,120,"A deformed bell-ringer must assert his independence from a vicious government minister in order to help his friend, a gypsy dancer.",https://www.metacritic.com/movie/the-hunchback-of-notre-dame/,false,true
1185,the-hunt-for-red-october,The Hunt for Red October,1990,58,76,161,"A new technologically-superior Soviet nuclear sub, the Red October, is heading for the U.S. coast under the command of Captain Marko Ramius (Connery). The American government thinks Ramius is planning to attack. A lone CIA analyst (Baldwin) has a different idea: he thinks Ramius is planning to defect, but he has only a few hours to find him and prove it-because the entire Russian naval and air commands are trying to find him, too. (Paramount Pictures)",https://www.metacritic.com/movie/the-hunt-for-red-october/,false,true
1186,the-hurt-locker,The Hurt Locker,2009,95,75,968,"When a new sergeant, James (Jeremy Renner), takes over a highly trained bomb disposal team amidst violent conflict, he surprises his two subordinates, Sanborn (Anthony Mackie) and Eldridge (Brian Geraghty), by recklessly plunging them into a deadly game of urban combat. James behaves as if he's indifferent to death. As the men struggle to control their wild new leader, the city explodes into chaos, and James' true character reveals itself in a way that will change each man forever. [Summit Entertainment]",https://www.metacritic.com/movie/the-hurt-locker/,true,true
1187,the-hustler,The Hustler,1961,90,81,49,An up-and-coming pool player plays a long-time champion in a single high-stakes match.,https://www.metacritic.com/movie/the-hustler/,true,false
1188,the-ice-storm,The Ice Storm,1997,72,76,58,"It's November 1973 in New Canaan, Connecticut. Watergate has caught up with Richard Nixon. The Beatles are recording solo albums. Wife-swapping has come to the suburbs. And, the Hood family is skidding out of control.  (Fox Searchlight)",https://www.metacritic.com/movie/the-ice-storm/,false,true
1189,the-illusionist-1969,The Illusionist,2010,82,75,100,"The Illusionist is a story about two paths that cross. An outdated, aging magician, forced to wander from country to country, city to city and station to station in search of a stage to perform his act meets a young girl at the start of her life&#8223;s journey. Alice is a teenage girl with all her capacity for childish wonder still intact. She plays at being a woman without realizing the day to stop pretending is fast approaching. She doesn&#8223;t know yet that she loves The Illusionist like she would a father; he already knows that he loves her as he would a daughter. Their destinies will collide, but nothing – not even magic or the power of illusion– can stop the voyage of discovery. (Sony Classic)",https://www.metacritic.com/movie/the-illusionist-1969/,false,true
1190,the-incredibles,The Incredibles,2004,90,87,1444,"Known to the world as superheroes Mr. Incredible and Elastigirl, Bob Parr and his wife Helen were among the world's greatest crime fighters, saving lives and battling evil on a daily basis. Fifteen years later, they have been forced to adopt civilian identities and retreat to the suburbs to live ""normal"" lives with their three kids, Violet, Dash and Jack-Jack. Itching to get back into action, Bob gets his chance when a mysterious communication summons him to a remote island for a top secret assignment. [Disney]",https://www.metacritic.com/movie/the-incredibles/,true,true
1191,the-inheritance-2021,The Inheritance,2021,86,42,6,"After nearly a decade exploring different facets of the African diaspora — and his own place within it — Ephraim Asili makes his feature-length debut with The Inheritance, an astonishing ensemble work set almost entirely within a West Philadelphia house where a community of young, Black artists and activists form a collective. A scripted drama of characters attempting to work towards political consensus — based partly on Asili’s own experiences in a Black liberationist group — weaves with a documentary recollection of the Philadelphia liberation group MOVE, the victim of a notorious police bombing in 1985. Ceaselessly finding commonalties between politics, humor, and philosophy, with Black authors and radicals at its edges, The Inheritance is a remarkable film about the world as we know it. [Grasshopper Film]",https://www.metacritic.com/movie/the-inheritance-2021/,true,false
1192,the-innocents,The Innocents,1961,88,78,46,A young governess for two children becomes convinced that the house and grounds are haunted.,https://www.metacritic.com/movie/the-innocents/,true,false
1193,the-insider,The Insider,1999,85,83,177,"This is the true story of Jeffrey Wigand (Crowe), the tobacco executive-turned-whistleblower and his relationship with ""60 Minutes"" producer Lowell Bergman (Pacino).",https://www.metacritic.com/movie/the-insider/,true,true
1194,the-interrupters,The Interrupters,2011,86,68,18,"The Interrupters tells the moving and surprising stories of three Violence Interrupters who try to protect their Chicago communities from the violence they once employed. Shot over the course of a year, The Interrupters captures a period in Chicago when it became a national symbol for the violence in our cities. During that period, the city was besieged by high-profile incidents, most notably the brutal beating of Derrion Albert, a Chicago High School student, whose death was caught on videotape. (Kartemquin Films)",https://www.metacritic.com/movie/the-interrupters/,true,false
1195,the-intruder,The Intruder,2005,85,55,4,"A mysterious and enthralling story about fresh starts and the possibility of escape, both a tale of inner and outer traveling.  The film follows the global travels of an enigmatic 68-year-old man (Subor) who goes looking for a long-lost son and a new organ to replace his ailing heart.  (Wellspring)",https://www.metacritic.com/movie/the-intruder/,true,false
1196,the-invisible-man-1933,The Invisible Man,1933,87,77,70,"A scientist finds a way of becoming invisible, but in doing so, he becomes murderously insane.",https://www.metacritic.com/movie/the-invisible-man-1933/,true,true
1197,the-irishman,The Irishman,2019,94,80,1509,"The Irishman is an epic saga of organized crime in post-war America told through the eyes of World War II veteran Frank Sheeran (Robert De Niro), a hustler and hitman who worked alongside some of the most notorious figures of the 20th Century. Spanning decades, the film chronicles one of the greatest unsolved mysteries in American history, the disappearance of legendary union boss Jimmy Hoffa, and offers a monumental journey through the hidden corridors of organized crime: its inner workings, rivalries and connections to mainstream politics.",https://www.metacritic.com/movie/the-irishman/,true,false
1198,the-iron-giant,The Iron Giant,1999,85,87,449,"A giant metal machine falls to Earth in 1950s Maine, frightening townspeople.  However, the robot befriends a nine-year-old boy named Hogarth who must save it from the predjudices of the townspeople and from a government agent intent on destroying the robot.",https://www.metacritic.com/movie/the-iron-giant/,false,true
1199,the-jungle-book,The Jungle Book,1967,65,77,111,Bagheera the Panther and Baloo the Bear have a difficult time trying to convince a boy to leave the jungle for human civilization.,https://www.metacritic.com/movie/the-jungle-book/,false,true
1200,the-karate-kid-1984,The Karate Kid,1984,61,77,153,A martial arts master agrees to teach karate to a bullied teenager.,https://www.metacritic.com/movie/the-karate-kid-1984/,false,true
1201,the-kid-with-a-bike,The Kid with a Bike,2012,87,75,72,"When his father abandons him, Cyril obsessively tries to find his bicycle—after all, his father must have cared about him enough not to sell that off, he reasons. Almost by accident, he becomes the ward of a kind hairdresser, a woman who seems surprised to find herself so determined to help him. With his wild, unpredictable behavior and his disastrous search for father figures, Cyril risks losing her—though she refuses to give up without a fight. Full of heartbreaking betrayals and unexpected grace, The Kid With A Bike is a film about a child, abandoned to the elements, learning to become good. [Sundance Selects]",https://www.metacritic.com/movie/the-kid-with-a-bike/,true,false
1202,the-kids-are-all-right,The Kids Are All Right,2010,86,73,300,Two children conceived by artificial insemination bring their birth father into their family life.,https://www.metacritic.com/movie/the-kids-are-all-right/,true,false
1203,the-killing,The Killing,1956,91,75,59,Crook Johnny Clay assembles a five man team to plan and execute a daring race-track robbery.,https://www.metacritic.com/movie/the-killing/,true,true
1204,the-king-and-the-mockingbird,The King and the Mockingbird,2014,87,86,7,"Paul Grimault and Jacques Prévert began work on this story of a chimney sweep and shepherdess on the run from a tyrannical king in 1947, but a rights dispute stopped production, and it was released unfinished by its producer, without Grimault and Prévert's permission. Grimault spent 10 years getting the rights back and another 20 raising the money to finish the film as he and Prévert had envisioned it. It was finally finished and released in 1979, a few weeks after Prévert's death. Though it has been a favorite of French audiences for 35 years, it has long been unavailable in the U.S. due to rights issues. [Rialto Pictures]",https://www.metacritic.com/movie/the-king-and-the-mockingbird/,true,false
1205,the-king-of-comedy,The King of Comedy,1983,73,81,128,"Aspiring comic Rupert Pupkin attempts to achieve success in show business by stalking his idol, a late night talk-show host who craves his own privacy.",https://www.metacritic.com/movie/the-king-of-comedy/,false,true
1206,the-kings-speech,The King's Speech,2010,88,82,972,"Based on the true story of the Queen of England's father and his remarkable friendship with maverick Australian speech therapist Lionel Logue. ""The King's Speech"" stars Academy Award nominee Colin Firth as King George VI, who unexpectedly becomes King when his brother Edward abdicates the throne. Academy Award Winner Geoffrey Rush stars as Logue, the man who helps the King find a voice with which to lead the nation into war. (The Weinstein Company)",https://www.metacritic.com/movie/the-kings-speech/,true,true
1207,the-lady-eve,The Lady Eve,1941,96,66,28,"A trio of classy card sharks targets the socially awkward heir to brewery millions for his money, until one of them falls in love with him.",https://www.metacritic.com/movie/the-lady-eve/,true,false
1208,the-lady-vanishes-1938,The Lady Vanishes,1938,98,80,63,"While travelling in continental Europe, a rich young playgirl realizes that an elderly lady seems to have disappeared from the train.",https://www.metacritic.com/movie/the-lady-vanishes-1938/,true,true
1209,the-ladykillers-1955,The Ladykillers,1956,91,77,24,Five diverse oddball criminal types planning a bank robbery rent rooms on a cul-de-sac from an octogenarian widow under the pretext that they are classical musicians.,https://www.metacritic.com/movie/the-ladykillers-1955/,true,false
1210,the-land-before-time,The Land Before Time,1988,66,81,53,An orphaned brontosaurus teams up with other young dinosaurs in order to reunite with their families in a valley.,https://www.metacritic.com/movie/the-land-before-time/,false,true
1211,the-last-detail,The Last Detail,1973,86,79,29,Two Navy men are ordered to bring a young offender to prison but decide to show him one last good time along the way.,https://www.metacritic.com/movie/the-last-detail/,true,false
1212,the-last-of-the-mohicans,The Last of the Mohicans,1992,76,78,184,Hawkeye and his adoptive Mohican father and brother protect a British Colonel's daughters in the midst of the French and Indian War.,https://www.metacritic.com/movie/the-last-of-the-mohicans/,false,true
1213,the-last-picture-show,The Last Picture Show,1971,93,81,54,"In 1951, a group of high schoolers come of age in a bleak, isolated, atrophied West Texas town that is slowly dying, both culturally and economically.",https://www.metacritic.com/movie/the-last-picture-show/,true,true
1214,the-last-samurai,The Last Samurai,2003,55,82,421,"The paths of two warriors converge when the young Emperor of Japan, hires a Civil War veteran (Cruise) to train Japan's first modern, conscript army.  As he encounters the Samurai traditions, the troubled American soldier finds himself at the center of a violent and epic struggle between two eras and two worlds, with only his sense of honor to guide him.  (Warner Bros.)",https://www.metacritic.com/movie/the-last-samurai/,false,true
1215,the-last-seduction,The Last Seduction,1994,85,76,47,Linda Fiorentino stars as the consummate femme fatale in this sexy thriller.,https://www.metacritic.com/movie/the-last-seduction/,true,false
1216,the-last-temptation-of-christ,The Last Temptation of Christ,1988,80,76,112,"A thought-provoking interpretation of the classic tale of Christ, Temptation explores the idea of Christ as a mere mortal, who, at the threshold of self-sacrifice, is tempted by the desire to continue on with his life.",https://www.metacritic.com/movie/the-last-temptation-of-christ/,false,true
1217,the-lavender-hill-mob,The Lavender Hill Mob,1951,90,69,12,A meek bank clerk who oversees the shipment of bullion joins with an eccentric neighbor to steal gold bars and smuggle them out of the country as miniature Eiffel Towers.,https://www.metacritic.com/movie/the-lavender-hill-mob/,true,false
1218,the-legend-of-1900,The Legend of 1900,1999,58,81,67,"An epic story of a young man (Roth) who is born on January 1, 1900, and thus his name Nineteen Hundred.  He grows up always having lived on an ocean liner, becoming a talented pianist.",https://www.metacritic.com/movie/the-legend-of-1900/,false,true
1219,the-leopard-re-release,The Leopard (re-release),2004,100,78,141,"Set in Sicily in 1860, Luchino Visconti's spectacular 1963 adaptation of Giuseppe di Lampedusa's international bestseller is one of the cinema's greatest evocations of the past, achingly depicting the passing of an ancient order. (Film Forum)",https://www.metacritic.com/movie/the-leopard-re-release/,true,true
1220,the-life-and-death-of-colonel-blimp-1945,The Life and Death of Colonel Blimp (1945),1945,93,72,20,"The passions and pitfalls of a lifetime in the military are dramatized in Michael Powell and Emeric Pressburger’s magnificent epic, The Life and Death of Colonel Blimp. The film follows the exploits of pristine British soldier Clive Candy as he battles to maintain his honor and proud gentlemanly conduct through romance, three wars, and a changing world. Vibrant and controversial, The Life and Death of Colonel Blimp is at once a romantic portrait of a career soldier and a pointed investigation into the nature of aging, friendship, and obsolescence. (The Criterion Collection)",https://www.metacritic.com/movie/the-life-and-death-of-colonel-blimp-1945/,true,false
1221,the-lincoln-lawyer,The Lincoln Lawyer,2011,63,74,238,"Mickey Haller is a Los Angeles criminal defense attorney who operates out of the back of his Lincoln Continental sedan. Haller has spent most of his career defending garden-variety criminals, until he lands the case of a lifetime: defending a Beverly Hills playboy accused of assault. But the seemingly straightforward case suddenly develops into a deadly game of survival for Haller.[Lionsgate]",https://www.metacritic.com/movie/the-lincoln-lawyer/,false,true
1222,the-lion-king,The Lion King,1994,88,89,1108,"Embark on an extraordinary coming-of-age adventure as Simba, a lion cub who cannot wait to be king, searches for his destiny in the great ""Circle of Life."" [Disney]",https://www.metacritic.com/movie/the-lion-king/,true,true
1223,the-little-mermaid,The Little Mermaid,1989,88,73,347,A mermaid princess makes a Faustian bargain with an unscrupulous sea-witch in order to meet a human prince on land.,https://www.metacritic.com/movie/the-little-mermaid/,true,false
1224,the-lives-of-others,The Lives of Others,2006,89,87,305,"At once a political thriller and human drama, The Lives of Others begins in East Berlin in 1984, five years before Glasnost and the fall of the Berlin Wall and ultimately takes us to 1991, in what is now the reunited Germany. The film traces the gradual disillusionment of Captain Gerd Wiesler, a highly skilled officer who works for the Stasi, East Germany's all-powerful secret police.  (Sony Pictures Classics)",https://www.metacritic.com/movie/the-lives-of-others/,true,true
1225,the-long-goodbye,The Long Goodbye,1973,87,76,51,Private investigator Philip Marlowe helps a friend out of a jam then gets implicated in his wife's murder.,https://www.metacritic.com/movie/the-long-goodbye/,true,false
1226,the-look-of-silence,The Look of Silence,2015,92,82,103,"The Look of Silence is Joshua Oppenheimer's powerful companion piece to the Oscar®-nominated The Act of Killing. Through Oppenheimer's footage of perpetrators of the 1965 Indonesian genocide, a family of survivors discovers how their son was murdered, as well as the identities of the killers. The documentary focuses on the youngest son, an optometrist named Adi, who decides to break the suffocating spell of submission and terror by doing something unimaginable in a society where the murderers remain in power: he confronts the men who killed his brother and, while testing their eyesight, asks them to accept responsibility for their actions.",https://www.metacritic.com/movie/the-look-of-silence/,true,false
1227,the-lord-of-the-rings-the-fellowship-of-the-ring,The Lord of the Rings: The Fellowship of the Ring,2001,92,93,3055,"An epic adventure of good against evil, a story of the power of friendship and individual courage, and the heroic quest to pave the way for the emergence of mankind, J.R.R. Tolkien's master work brought to cinematic life.  [New Line Cinema]",https://www.metacritic.com/movie/the-lord-of-the-rings-the-fellowship-of-the-ring/,true,true
1228,the-lord-of-the-rings-the-return-of-the-king,The Lord of the Rings: The Return of the King,2003,94,94,3558,"Sauron's forces have laid siege to Minas Tirith, the capital of Gondor, in their efforts to eliminate the race of men.  The once-great kingdom, watched over by a fading steward, has never been in more desperate need of its king. But can Aragorn (Viggo Mortensen) answer the call of his heritage and become what he was born to be?  In no small measure, the fate of Middle-earth rests on his broad shoulders.  [New Line Cinema]",https://www.metacritic.com/movie/the-lord-of-the-rings-the-return-of-the-king/,true,true
1229,the-lord-of-the-rings-the-two-towers,The Lord of the Rings: The Two Towers,2002,87,93,2414,"In the second chapter in J.R.R Tolkien's epic trilogy, the Fellowship faces unimaginable armies and deception while also witnessing ancient wonders and the untapped strength of their people. [New Line Productions]",https://www.metacritic.com/movie/the-lord-of-the-rings-the-two-towers/,true,true
1230,the-lost-boys,The Lost Boys,1987,63,75,127,Strange events threaten an entire family when two brothers move with their divorced mother to a California town where the local teenage gang turns out to be a pack of vampires. (Warner Bros.),https://www.metacritic.com/movie/the-lost-boys/,false,true
1231,the-lost-daughter,The Lost Daughter,2021,86,63,174,"Alone on a seaside vacation, Leda (Olivia Colman) becomes consumed with a young mother and daughter as she watches them on the beach. Unnerved by their compelling relationship, (and their raucous and menacing extended family), Leda is overwhelmed by her own memories of the terror, confusion and intensity of early motherhood. An impulsive act shocks Leda into the strange and ominous world of her own mind, where she is forced to face the unconventional choices she made as a young mother and their consequences.",https://www.metacritic.com/movie/the-lost-daughter/,true,false
1232,the-machinist,The Machinist,2004,61,76,291,"Trevor Reznik has not slept for a year. His every waking minute has become an unremitting nightmare of confusion, paranoia, guilt, anxiety and terror - each of which is part of an escalating series of clues that will lead to the source of his mysterious affliction.  (Paramount Classics)",https://www.metacritic.com/movie/the-machinist/,false,true
1233,the-madness-of-king-george,The Madness of King George,1994,89,78,16,"When King George III goes mad, his lieutenants try to adjust the rules to run the country without his participation.",https://www.metacritic.com/movie/the-madness-of-king-george/,true,false
1234,the-magician-1959,The Magician,1959,86,75,6,"A traveling magician and his assistants are persecuted by authorities in Sweden of the 19th century. Their captures, however, didn't bring victory to those in power.",https://www.metacritic.com/movie/the-magician-1959/,true,false
1235,the-magnificent-ambersons,The Magnificent Ambersons,1942,93,80,28,The spoiled young heir to the decaying Amberson fortune comes between his widowed mother and the man she has always loved.,https://www.metacritic.com/movie/the-magnificent-ambersons/,true,false
1236,the-maltese-falcon,The Maltese Falcon,1941,97,83,144,"A private detective (Humphrey Bogart) takes on a case that involves him with three eccentric criminals, a gorgeous liar, and their quest for a priceless statuette.",https://www.metacritic.com/movie/the-maltese-falcon/,true,true
1237,the-man-who-knew-too-much,The Man Who Knew Too Much,1956,76,76,59,An American physician and his wife take matters into their own hands after assassins planning to execute a foreign prime minister kidnap their son.,https://www.metacritic.com/movie/the-man-who-knew-too-much/,false,true
1238,the-man-who-shot-liberty-valance,The Man Who Shot Liberty Valance,1962,94,84,83,"A senator, who became famous for killing a notorious outlaw, returns for the funeral of an old friend and tells the truth about his deed.",https://www.metacritic.com/movie/the-man-who-shot-liberty-valance/,true,true
1239,the-man-who-would-be-king,The Man Who Would Be King,1975,91,76,37,"Two British former soldiers decide to set themselves up as Kings in Kafiristan, a land where no white man has set foot since Alexander the Great.",https://www.metacritic.com/movie/the-man-who-would-be-king/,true,false
1240,the-manchurian-candidate-1962,The Manchurian Candidate,1962,94,80,132,John Frankenheimer's gripping political thriller about a group of American soldiers who are captured and brainwashed into becoming sleeper agents. (MGM),https://www.metacritic.com/movie/the-manchurian-candidate-1962/,true,true
1241,the-mask,The Mask,1994,59,76,336,An ancient mask transforms a mild-mannered bank clerk (Carrey) into a manic Superdude. [New Line],https://www.metacritic.com/movie/the-mask/,false,true
1242,the-master,The Master,2012,86,73,712,"In the years after WWII, an American intellectual creates a religion.  When he meets a troubled drifter, he invites the man to help him spread the new faith.  As their congregation increases, the drifter begins to question the religion he once accepted and the mentor who gave his life direction.",https://www.metacritic.com/movie/the-master/,true,false
1243,the-matrix,The Matrix,1999,73,89,1858,"A computer hacker (Keanu Reeves) learns that his entire life has been a virtual dream, orchestrated by a strange class of computer overlords in the far future. He joins a resistance movement to free humanity from lives of computerized brainwashing.",https://www.metacritic.com/movie/the-matrix/,false,true
1244,the-matrix-reloaded,The Matrix Reloaded,2003,62,75,731,"Neo, Morpheus, Trinity, and the rest of their crew continue to battle the machines that have enslaved the human race in the Matrix.",https://www.metacritic.com/movie/the-matrix-reloaded/,false,true
1245,the-miracle-of-morgans-creek,The Miracle of Morgan's Creek,1944,86,54,5,"After an all-night send-off party for the troops, a small-town girl wakes up to find herself married and pregnant, but with no memory of her husband's identity.",https://www.metacritic.com/movie/the-miracle-of-morgans-creek/,true,false
1246,the-missing-picture,The Missing Picture,2013,87,76,12,"Rithy Panh uses clay figures, archival footage, and narration to revisit the atrocities committed by Cambodia's Khmer Rouge between 1975 and 1979.",https://www.metacritic.com/movie/the-missing-picture/,true,false
1247,the-mother-and-the-whore,The Mother and the Whore,1973,89,60,5,"The chauvinist Alexandre balances relationships with several women, including the maternal Marie and the sexually liberated Veronika, in the post-1968 intellectual scene of Paris.",https://www.metacritic.com/movie/the-mother-and-the-whore/,true,false
1248,the-motorcycle-diaries,The Motorcycle Diaries,2004,75,74,55,"This film follows an inspiring journey of self-discovery and traces the youthful origins of a revolutionary heart, Che Guevara.  (Focus Features)",https://www.metacritic.com/movie/the-motorcycle-diaries/,false,true
1249,the-mummy,The Mummy,1999,49,77,420,"A full-scale re-imagining of Universal Pictures' seminal 1932 film, The Mummy is a rousing, suspenseful and horrifying epic about an expedition of treasure-seeking explorers in the Sahara Desert in 1925.  [Universal Pictures]",https://www.metacritic.com/movie/the-mummy/,false,true
1250,the-muppet-christmas-carol,The Muppet Christmas Carol,1992,64,84,59,The Muppet characters tell their version of the classic tale of an old and bitter miser's redemption on Christmas Eve.,https://www.metacritic.com/movie/the-muppet-christmas-carol/,false,true
1251,the-muppet-movie,The Muppet Movie,1979,74,82,53,"After a fateful meeting with a big-time talent agent, Kermit the Frog heads for Hollywood dreaming of show biz. Along the way, Fozzie Bear, the Great Gonzo and the dazzling Miss Piggy join him in hopes of becoming film stars too. But all bets are off when Kermit falls into the clutches of Doc Hopper (Charles Durning), a fast-food mogul seeking to promote his French-fried frog-leg franchise. (Walt Disney)",https://www.metacritic.com/movie/the-muppet-movie/,false,true
1252,the-naked-gun-from-the-files-of-police-squad!,The Naked Gun: From the Files of Police Squad!,1988,76,83,267,"Leslie Nielsen stars as Police Squad's own granite-jawed, rock-brained cop Frank Drebin, who bumbles across a mind-control scheme to assassinate Queen Elizabeth. Priscilla Presley, O.J. Simpson, a stuffed beaver, two baseball teams and an odd assortment of others join the wacko goings-on and blow the laugh-o-meter to smithereens. (Paramount)",https://www.metacritic.com/movie/the-naked-gun-from-the-files-of-police-squad!/,false,true
1253,the-night-of-the-hunter,The Night of the Hunter,1955,97,81,189,A traveling preacher's (Robert Mitchum) nefarious motives for marrying a fragile widow (Shelley Winters) are uncovered by her terrified young children.,https://www.metacritic.com/movie/the-night-of-the-hunter/,true,false
1254,the-nightmare-before-christmas,The Nightmare Before Christmas,1993,82,84,327,"Can Christmas be saved? Bored with the same old scare-and-scream routine, Jack Skellington, the Pumpkin King of Halloween Town, longs to spread the joy of Christmas.  But his merry mission puts Santa in jeopardy and creates a nightmare for good little boys and girls everywhere. [Walt Disney]",https://www.metacritic.com/movie/the-nightmare-before-christmas/,false,true
1255,the-notebook,The Notebook,2004,53,75,312,"A sweeping love story told by a man (Garner) reading from his faded notebook to a woman in a nursing home (Rowlands), The Notebook follows the lives of two North Carolina teens from very different worlds who spend one indelible summer together before they are separated, first by her parents and then by WWII.  (New Line Productions)",https://www.metacritic.com/movie/the-notebook/,false,true
1256,the-novice,The Novice,2021,85,65,32,"An obsessive novice rower climbs the ranks of her cutthroat university's team, pushing herself to physical and mental extremes in her quest to become the best.",https://www.metacritic.com/movie/the-novice/,true,false
1257,the-odd-couple,The Odd Couple,1968,86,76,28,"Two friends try sharing an apartment, but their ideas of housekeeping and lifestyles are as different as night and day.",https://www.metacritic.com/movie/the-odd-couple/,true,false
1258,the-odyssey-2026,The Odyssey,2026,88,57,3236,"After the Trojan War, Odysseus faces a dangerous voyage back to Ithaca, meeting creatures like the Cyclops Polyphemus, Sirens, and Circe along the way.",https://www.metacritic.com/movie/the-odyssey-2026/,true,false
1259,the-omen-1976,The Omen,1976,63,77,99,Mysterious deaths surround an American ambassador. Could the child that he is raising actually be the Antichrist? The Devil's own son?,https://www.metacritic.com/movie/the-omen-1976/,false,true
1260,the-ornithologist,The Ornithologist,2017,85,57,21,"Fernando, a solitary ornithologist, is looking for black storks when he is swept away by the rapids. Rescued by a couple of Chinese pilgrims, he plunges into an eerie and dark forest, trying to get back on his track. [Strand Releasing]",https://www.metacritic.com/movie/the-ornithologist/,true,false
1261,the-orphanage,The Orphanage,2007,74,76,148,"Laura returns to the stately manor house that holds such a special place in her heart. The orphanage was abandoned years ago; Laura and her husband, Carlos, plan to reopen it as a center for sick and disabled children. It will be a place where boys and girls--including the couple's beloved 7-year-old Simón--can play freely in the open air, enjoying the sunshine and the nearby beach. In its years of solitude, however, the orphanage has acquired a haunted, unhappy air. To get used to his creepy surroundings, Simón starts to have relationships with imaginary friends. Simón's circle of unseen friends quickly expands to include five more boys and girls, who tell cryptic stories and engage him in elaborate games that carry a suggestion of the sinister. Troubled, Laura allows herself to get sucked into her son's eerie world, which seems to resonate with a far-away and disturbing echo of her own childhood experiences. (Picturehouse)",https://www.metacritic.com/movie/the-orphanage/,false,true
1262,the-outlaw-josey-wales,The Outlaw Josey Wales,1976,69,79,51,A Missouri farmer joins a Confederate guerrilla unit and winds up on the run from the Union soldiers who murdered his family.,https://www.metacritic.com/movie/the-outlaw-josey-wales/,false,true
1263,the-overnighters,The Overnighters,2014,89,73,16,"In the tiny town of Williston, North Dakota, tens of thousands of unemployed hopefuls show up with dreams of honest work and a big paycheck under the lure of the oil boom. However, busloads of newcomers chasing a broken American Dream step into the stark reality of slim work prospects and nowhere to sleep. The town lacks the infrastructure to house the overflow of migrants, even for those who do find gainful employment. Over at Concordia Lutheran Church, Pastor Jay Reinke is driven to deliver the migrants some dignity. Night after night, he converts his church into a makeshift dorm and counseling center, opening the church’s doors to allow the “Overnighters” (as he calls them) to stay for a night, a week or longer. [Drafthouse Films]",https://www.metacritic.com/movie/the-overnighters/,true,false
1264,the-painted-veil,The Painted Veil,2006,69,77,50,"Based on the novel by W. Somerset Maugham and set against the visually stunning backdrop of China during one of its most dramatic periods of upheaval, The Painted Veil tells a unique love story of an estranged husband and wife who find redemption and unexpected grace in a very unlikely place.  [Warner Independent Pictures]",https://www.metacritic.com/movie/the-painted-veil/,false,true
1265,the-passenger-re-release,The Passenger (re-release),2005,90,72,43,"Originally released in 1975, The Passenger is, on the simplest level, a suspense story about a man trying to escape his own life. This haunting film is a portrait of a drained journalist, played by Jack Nicholson, whose deliverance is an identity exchange with a dead man. The film was shot on location and takes Nicholson on an incredible journey through Africa, Spain, Germany and England.  (Sony Pictures Classics)",https://www.metacritic.com/movie/the-passenger-re-release/,true,false
1266,the-passion-of-joan-of-arc,The Passion of Joan of Arc,1929,98,86,55,"In 1431, Jeanne d'Arc is placed on trial on charges of heresy. The ecclesiastical jurists attempt to force Jeanne to recant her claims of holy visions.",https://www.metacritic.com/movie/the-passion-of-joan-of-arc/,true,true
1267,the-passion-of-the-christ,The Passion of the Christ,2004,47,76,347,A depiction of the last 12 hours in the life of Jesus Christ as he is crucified in Jerusalem.,https://www.metacritic.com/movie/the-passion-of-the-christ/,false,true
1268,the-past,The Past,2013,85,83,128,"Following a four year separation, Ahmad (Ali Mosaffa) returns to Paris from Tehran, when his estranged French wife, Marie (Bérénice Bejo), asks him to finalize their divorce procedure so she can marry her new boyfriend Samir (Tahar Rahim). During his tense brief stay, Ahmad discovers the conflicting nature of Marie's relationship with her teenage daughter Lucie (Pauline Burlet). Ahmad's efforts to improve this relationship soon unveil a secret from their past. [Sony Pictures Classics]",https://www.metacritic.com/movie/the-past/,true,false
1269,the-people-vs-larry-flynt,The People vs. Larry Flynt,1996,79,77,99,"Woody Harrelson stars as publishing maverick Larry Flynt, who becomes the unlikely champion of the First Amendment when he takes his fight against the Rev. Jerry Falwell all the way to the Supreme Court.   (Sony Pictures Entertainment)",https://www.metacritic.com/movie/the-people-vs-larry-flynt/,false,true
1270,the-philadelphia-story,The Philadelphia Story,1940,96,72,61,"When a rich woman's ex-husband (Cary Grant) and a tabloid-type reporter (James Stewart) turn up just before her planned remarriage, she (Katherine Hepburn) begins to learn the truth about herself.",https://www.metacritic.com/movie/the-philadelphia-story/,true,false
1271,the-pianist,The Pianist,2002,85,86,579,"Wladyslaw Szpilman, a brilliant Polish pianist, a Jew, escapes deportation.  Forced to live in the heart of the Warsaw ghetto, he shares the suffering, the humiliation and the struggles.  He manages to escape and hides in the ruins of the capital.  A German officer comes to his aid and helps him to survive. (Focus Features)",https://www.metacritic.com/movie/the-pianist/,true,false
1272,the-piano,The Piano,1993,89,80,142,"A seemingly mute woman (Hunter) is sent to New Zealand together with her daughter and her beloved piano, for an arranged marriage.",https://www.metacritic.com/movie/the-piano/,true,true
1273,the-piano-teacher,The Piano Teacher,2002,79,82,104,"Erika is a piano teacher at a prestigious music school in Vienna. In her early forties and single, she lives with her overprotective and controlling mother. Lonely and alienated, Erika finds solace by visiting sex shops and experimenting with masochism.  [Kino International]",https://www.metacritic.com/movie/the-piano-teacher/,false,true
1274,the-player,The Player,1992,86,80,78,"A Hollywood studio executive (Tim Robbins) with a shaky moral compass finds himself caught up in a criminal situation that would be right at home in one of his movie projects, in this biting industry satire from Robert Altman. Mixing elements of film noir with sly insider comedy, The Player, based on a novel by Michael Tolkin, functions as both a nifty stylish murder story and a commentary on its own making, and it is stocked with a heroic supporting cast (Peter Gallagher, Whoopi Goldberg, Greta Scacchi, Dean Stockwell, Fred Ward) and a lineup of star cameos that make for an astonishing Hollywood who’s who. This complexly woven grand entertainment (which kicks off with one of American cinema’s most audacious and acclaimed opening shots) was the film that marked Altman’s triumphant commercial comeback in the early 1990s.",https://www.metacritic.com/movie/the-player/,true,true
1275,the-power-of-the-dog,The Power of the Dog,2021,89,66,468,"Charismatic rancher Phil Burbank (Benedict Cumberbatch) inspires fear and awe in those around him. When his brother (Jesse Plemons) brings home a new wife (Kirsten Dunst) and her son (Kodi Smit-McPhee), Phil torments them until he finds himself exposed to the possibility of love.",https://www.metacritic.com/movie/the-power-of-the-dog/,true,false
1276,the-prestige,The Prestige,2006,66,87,1370,"Christopher Nolan directs this mysterious story of two magicians whose intense rivalry leads them on a life-long battle for supremacy full of obsession, deceit and jealousy with dangerous and deadly consequences.  (Touchstone Pictures)",https://www.metacritic.com/movie/the-prestige/,false,true
1277,the-prince-of-egypt,The Prince of Egypt,1998,64,83,226,"Experience the extraordinary tale of two brothers, one born of royal blood, one an orphan with a secret past.  Growing up the best of friends, they share a strong bond of free-spirited youth and good-natured rivalry.  But the truth ultimately sets them at odds, as one becomes the ruler of the most powerful empire on earth and the other, the chosen leader of his people.  Their final confrontation changes their lives - and the world - forever.  (DreamWorks LLC)",https://www.metacritic.com/movie/the-prince-of-egypt/,false,true
1278,the-princess-bride,The Princess Bride,1987,78,83,327,"A young boy listens to while his grandfather reads him the adventures of Buttercup (Wright), the most beautiful woman in the world, and Westly (Elwes), the man she loves, in the fairy-tale kingdom of Florin. [MGM]",https://www.metacritic.com/movie/the-princess-bride/,false,true
1279,the-producers-1968,The Producers,1968,96,82,74,"Down-on-his-luck theatrical producer Max Bialystock is forced to romance rich old ladies to finance his efforts. When timid accountant Leo Bloom reviews Max's accounting books, the two hit upon a way to make a fortune by producing a sure-fire flop. The play which is to be their gold mine? ""Springtime for Hitler.""",https://www.metacritic.com/movie/the-producers-1968/,false,true
1280,the-professional,The Professional,1994,64,84,535,"A go-for-broke thriller about a professional assassin whose work becomes dangerously personal. Calling himself a ""cleaner"", the mysterious Leon (Reno) is New York's top hitman. When his next-door neighbors are murdered, Leon becomes the unwilling guardian of the family's sole survivor - 12-year-old Mathilda (Portman), but Mathilda doesn't just want protection; she wants revenge. Training her in the deadly tricks of his trade, Leon helps her track the psychotic agent (Oldman) who murdered her family. [Sony]",https://www.metacritic.com/movie/the-professional/,false,true
1281,the-purple-rose-of-cairo,The Purple Rose of Cairo,1985,75,81,68,"A Depression-era waitress spends every free moment she has at the cinema because the grand stories she finds there distract her from her pitiful life, but when a dashing character from one of the films becomes smitten with her and leaves his celluloid world, she finds herself in the middle of her own fantasy romance.",https://www.metacritic.com/movie/the-purple-rose-of-cairo/,false,true
1282,the-queen,The Queen,2006,90,77,161,"The Queen takes audiences behind the scenes of one of the most shocking public events of recent times -- providing an illuminating, deeply affecting and dramatic glimpse into what happens in the corridors of power when a tragedy strikes.  (Miramax)",https://www.metacritic.com/movie/the-queen/,true,true
1283,the-quiet-girl,The Quiet Girl,2022,89,82,90,"Rural Ireland. 1981. Nine-year-old Cait is sent away from her overcrowded, dysfunctional family to live with foster parents for the summer. Quietly struggling at school and at home, she has learned to hide in plain sight from those around her. She blossoms in their care, but in this house where there are meant to be no secrets, she discovers one painful truth.",https://www.metacritic.com/movie/the-quiet-girl/,true,false
1284,the-quiet-man,The Quiet Man,1952,85,74,23,"A retired American boxer returns to the village of his birth in 1920s Ireland, where he falls for a spirited redhead whose brother is contemptuous of their union.",https://www.metacritic.com/movie/the-quiet-man/,true,false
1285,the-reader,The Reader,2008,58,74,142,"The Reader opens in post-WWII Germany when teenager Michael Berg becomes ill and is helped home by Hanna, a stranger twice his age.  Michael recovers from scarlet fever and seeks out Hanna to thank her.  The two are quickly drawn into a passionate but secretive affair. (The Weinstein Company)",https://www.metacritic.com/movie/the-reader/,false,true
1286,the-red-turtle,The Red Turtle,2017,86,76,178,"Through the story of a man shipwrecked on a tropical island inhabited by turtles, crabs and birds, The Red Turtle recounts the milestones in the life of a human being.",https://www.metacritic.com/movie/the-red-turtle/,true,false
1287,the-remains-of-the-day,The Remains of the Day,1993,86,82,84,"Set just prior to World War II, this film focuses on the butler (Hopkins) in an English country home.",https://www.metacritic.com/movie/the-remains-of-the-day/,true,true
1288,the-return-2004,The Return,2004,82,81,57,In contemporary Russia young brothers Vanya and Andrey have grown a deep attachment to each other to make up for their fatherless childhood.  They are shocked to discover their father has returned after a twelve year absence.  With their mother's uneasy blessing Vanya and Andrey set out on what they believe will be a fishing vacation with their taciturn father.  [Kino International],https://www.metacritic.com/movie/the-return-2004/,false,true
1289,the-rider,The Rider,2018,85,75,138,"Once a rising star of the rodeo circuit, and a gifted horse trainer, young cowboy Brady is warned that his riding days are over, after a horse crushes his skull at a rodeo. Back home on the Pine Ridge Reservation, with little desire or alternatives for a different way of life, Brady’s sense of inadequacy mounts as he is unable to ride or rodeo – the essentials of being a cowboy. In an attempt to regain control of his own fate, Brady undertakes a search for new identity and what it means to be a man in the heartland of America.",https://www.metacritic.com/movie/the-rider/,true,false
1290,the-right-stuff,The Right Stuff,1983,91,80,47,"The story of the original Mercury 7 astronauts and their macho, seat-of-the-pants approach to the space program.",https://www.metacritic.com/movie/the-right-stuff/,true,false
1291,the-road-warrior,The Road Warrior,1982,77,82,274,"In the post-apocalyptic Australian wasteland, Max (Mel Gibson), a cynical drifter, agrees to help a small, gasoline-rich community fight a roving band of marauders. Originally titled Mad Max 2.",https://www.metacritic.com/movie/the-road-warrior/,false,true
1292,the-rock,The Rock,1996,58,75,245,"All of San Francisco is taken hostage when a vengeful general (Ed Harris) seizes control of Alcatraz Island, threatening to launch missiles loaded with deadly poison gas. With time running out, only a young FBI chemical weapons expert (Nicolas Cage) and a notorious federal prisoner (Sean Connery) have the skills to penetrate the island fortress and defuse the lethal situation.  [Buena Vista Entertainment]",https://www.metacritic.com/movie/the-rock/,false,true
1293,the-rocky-horror-picture-show,The Rocky Horror Picture Show,1975,65,78,190,A newly engaged couple have a breakdown in an isolated area and must pay a call to the bizarre residence of Dr. Frank-N-Furter.,https://www.metacritic.com/movie/the-rocky-horror-picture-show/,false,true
1294,the-rules-of-the-game,The Rules of the Game,1950,99,72,36,"A bourgeois life in France at the onset of World War II, as the rich and their poor servants meet up at a French chateau.",https://www.metacritic.com/movie/the-rules-of-the-game/,true,false
1295,the-sacrifice,The Sacrifice,1986,85,77,6,"As a wealthy Swedish family celebrates the birthday of their patriarch Alexander (Erland Josephson), news of the outbreak of World War III reaches their remote Baltic island — and the happy mood turns to horror. The family descends into a state of psychological devastation, brilliantly evoked by Tarkovsky's arresting palette of luminous greys washing over the bleak landscape around their home. For Alexander, a philosopher troubled about man's lack of spirituality, the prospect of certain extinction compels the ultimate sacrifice, and he enters into a Faustian bargain with God to save his loved ones from the fear which grips them.",https://www.metacritic.com/movie/the-sacrifice/,true,false
1296,the-salesman,The Salesman,2017,85,75,303,"After their old flat becomes damaged, Emad (Shahab Hosseini) and Rana (Taraneh Alidoosti), a young couple living in Tehran, are forced to move into a new apartment. Eventually, an incident linked to the previous tenant of their new home dramatically changes the couple’s life.",https://www.metacritic.com/movie/the-salesman/,true,false
1297,the-savages,The Savages,2007,85,75,53,"The Savages is an irreverent look at family, love and mortality as seen through the lens of one of modern life’s most bewildering and challenging experiences: when adult siblings find themselves plucked from their everyday, self-centered lives to care for an estranged elderly parent. (Fox Searchlight)",https://www.metacritic.com/movie/the-savages/,true,true
1298,the-searchers,The Searchers,1956,94,77,92,An American Civil War veteran embarks on a journey to rescue his niece from the Comanches.,https://www.metacritic.com/movie/the-searchers/,true,true
1299,the-secret-agent-2025,The Secret Agent,2025,91,75,214,"Brazil, 1977. Marcelo, a technology expert in his early 40s, is on the run. He arrives in Recife during carnival week, hoping to reunite with his son but soon realizes that the city is far from being the non-violent refuge he seeks.",https://www.metacritic.com/movie/the-secret-agent-2025/,true,false
1300,the-secret-in-their-eyes,The Secret in Their Eyes,2010,80,83,198,"Recently retired criminal court investigator Benjamin, decides to write a novel based on a twenty-five year old unresolved rape and murder case, which still haunts him. Sharing his plans with Irene, the beautiful judge and former colleague he has secretly been in love with for years, Benjamin’s initial involvement with the case is shown through flashbacks, as he sets out to identify the murderer. But Benjamin’s search for the truth will put him at the center of a judicial nightmare, as the mystery of the heinous crime continues to unfold in the present, testing the limits of a man seeking justice and personal fulfillment at last. [Sony Pictures Classics]",https://www.metacritic.com/movie/the-secret-in-their-eyes/,false,true
1301,the-servant,The Servant,1964,94,79,33,The Servant looks at the decaying British class system through the relationship between an aristocrat and his scheming butler.,https://www.metacritic.com/movie/the-servant/,true,false
1302,the-seventh-seal,The Seventh Seal,1958,88,85,94,"A man seeks answers about life, death, and the existence of God as he plays chess against the Grim Reaper during the Black Plague.",https://www.metacritic.com/movie/the-seventh-seal/,true,true
1303,the-shape-of-water,The Shape of Water,2017,87,71,1152,"Set against the backdrop of Cold War era America circa 1963. In the hidden high-security government laboratory where she works, lonely Elisa (Sally Hawkins) is trapped in a life of silence and isolation. Elisa's life is changed forever when she and co-worker Zelda (Octavia Spencer) discover a secret classified experiment.",https://www.metacritic.com/movie/the-shape-of-water/,true,false
1304,the-shawshank-redemption,The Shawshank Redemption,1994,82,93,2234,"Wrongly convicted, Andy Dufresne (Tim Robbins) is sentenced to two consecutive life terms in in Maine's Shawshank prison for the murders of his wife and her lover.  Set in the 1940's, the film shows how Andy learns to get by in the brutal confines of prison, even earning the respect of his fellow inmates, most notably the longtime convict ""Red"" Redding (Morgan Freeman).",https://www.metacritic.com/movie/the-shawshank-redemption/,false,true
1305,the-shop-around-the-corner,The Shop Around the Corner,1940,96,80,52,"Two employees at a gift shop can barely stand each other, without realizing that they are falling in love through the post as each other's anonymous pen pal.",https://www.metacritic.com/movie/the-shop-around-the-corner/,true,true
1306,the-silence-of-the-lambs,The Silence of the Lambs,1991,86,88,1005,"In pursuit of one serial killer, ambitious FBI student Clarice Starling (Foster) is forced to enlist the aid of another notorious killer, the incarcerated ex-psychiatrist known as ""Hannibal the Cannibal"" Lecter (Hopkins).",https://www.metacritic.com/movie/the-silence-of-the-lambs/,true,true
1307,the-simpsons-movie,The Simpsons Movie,2007,80,80,540,"It takes a wide screen to fully capture Homer Simpson's stupidity, and The Simpsons Movie does it.  In the eagerly-awaited animated feature film based on the hit TV series, Homer must save the world from a catastrophe he himself created.  (20th Century Fox)",https://www.metacritic.com/movie/the-simpsons-movie/,false,true
1308,the-sixth-sense,The Sixth Sense,1999,64,83,605,"In this chilling, psychological thriller, 8-year-old Cole Sear (Osment) is haunted by a dark secret: he is visited by ghosts. Confused by his paranormal powers, Cole is too young to understand his purpose and too afraid to tell anyone about his anguish, except child psychologist Dr. Malcolm Crowe (Willis). As Dr. Crowe tries to uncover the ominous truth about Cole's supernatural abilities, the consequences for client and therapist are a jolt that awakens them both to something harrowing...and unexplainable. (Hollywood Pictures)",https://www.metacritic.com/movie/the-sixth-sense/,false,true
1309,the-skin-i-live-in,The Skin I Live In,2011,70,79,197,"Ever since his wife was burned in a car crash, Dr. Robert Ledgard, an eminent plastic surgeon, has been interested in creating a new skin with which he could have saved her. After twelve years, he manages to cultivate a skin that is a real shield against every assault. In addition to years of study and experimentation, Robert needed a further three things: no scruples, an accomplice and a human guinea pig. Scruples were never a problem. Marilia, the woman who looked after him from the day he was born, is his most faithful accomplice. And as for the human guinea pig... Loosely based on Thierry Jonquet's 1995 novel ""Mygale."" (Sony Pictures Classics)",https://www.metacritic.com/movie/the-skin-i-live-in/,false,true
1310,the-social-network,The Social Network,2010,95,82,2480,"On a fall night in 2003, Harvard undergrad and computer programming genius Mark Zuckerberg (Jesse Eisenberg) sits down at his computer and heatedly begins working on a new idea. In a fury of blogging and programming, what begins in his dorm room soon becomes a global social network and a revolution in communication. A mere six years and 500 million friends later, Mark Zuckerberg is the youngest billionaire in history... but for this entrepreneur, success leads to both personal and legal complications. [Columbia Pictures]",https://www.metacritic.com/movie/the-social-network/,true,true
1311,the-son,The Son,2003,86,86,13,A divorced carpentry instructor at a vocational training center finds his life turned upside down by the arrival of a mysterious student.  [New Yorker Films],https://www.metacritic.com/movie/the-son/,true,false
1312,the-souvenir,The Souvenir,2019,92,64,112,"A shy but ambitious film student (Honor Swinton Byrne) begins to find her voice as an artist while navigating a turbulent courtship with a charismatic but untrustworthy man (Tom Burke). She defies her protective mother (Tilda Swinton) and concerned friends as she slips deeper and deeper into an intense, emotionally fraught relationship that comes dangerously close to destroying her dreams. [A24]",https://www.metacritic.com/movie/the-souvenir/,true,false
1313,the-souvenir-part-ii,The Souvenir: Part II,2021,90,63,29,"In the aftermath of her tumultuous relationship with a charismatic and manipulative older man, Julie begins to untangle her fraught love for him in making her graduation film, sorting fact from his elaborately constructed fiction.",https://www.metacritic.com/movie/the-souvenir-part-ii/,true,false
1314,the-spongebob-squarepants-movie,The SpongeBob SquarePants Movie,2004,67,84,379,"There's trouble brewing in Bikini Bottom! Someone has stolen King Neptune's crown. Though he's just been passed over for the promotion of his dreams, SpongeBob stands by his boss and along with his best pal Patrick sets out on a treacherous mission to Shell City to reclaim the crown and save Mr. Krab's life. [Paramount]",https://www.metacritic.com/movie/the-spongebob-squarepants-movie/,false,true
1315,the-squid-and-the-whale,The Squid and the Whale,2005,82,77,133,The Squid and the Whale captures with extraordinary immediacy the inner workings of the Berkman family in 1986 Brooklyn.,https://www.metacritic.com/movie/the-squid-and-the-whale/,false,true
1316,the-station-agent,The Station Agent,2003,81,79,80,"A film about three people with nothing in common, except their shared solitude, until chance circumstances bring their lives together. Before long, from this forgotten depot, this mismatched threesome forges an unlikely bond, which ultimately reveals that even isolation is better shared.  (Miramax)",https://www.metacritic.com/movie/the-station-agent/,false,true
1317,the-sting,The Sting,1973,83,83,126,"In Chicago of September 1936, a young con man seeks revenge for his murdered by teaming up with a master of the big con to win a fortune from a criminal banker.",https://www.metacritic.com/movie/the-sting/,false,true
1318,the-straight-story,The Straight Story,1999,86,83,153,"The true story of Alvin Straight (Farnsworth) who rides his 1961 lawnmower from Laurens, Iowa, to Mt. Zion, Wisconsin, to visit his estranged brother after the latter suffers a stroke.",https://www.metacritic.com/movie/the-straight-story/,true,true
1319,the-sweet-hereafter,The Sweet Hereafter,1997,91,79,55,"On a winter's day, in the small rural community of Sam Dent, British Columbia, a school bus inexplicably crashes into a frozen lake, taking the lives of fourteen children and injuring many others. Shortly thereafter, Mitchell Stephens (Holm), a big city lawyer, comes to the community with promises to compensate its citizens for their loss.  (Fine Line Films)",https://www.metacritic.com/movie/the-sweet-hereafter/,true,true
1320,the-tale,The Tale,2018,90,72,92,Jennifer Fox (Laura Dern) faces a host of life-altering questions after a short story from her middle school days forces her to re-examine her first sexual relationship and the stories we tell ourselves in order to survive.,https://www.metacritic.com/movie/the-tale/,true,false
1321,the-tale-of-the-princess-kaguya,The Tale of The Princess Kaguya,2014,89,85,292,"Found inside a shining stalk of bamboo by an old bamboo cutter and his wife, a tiny girl grows rapidly into an exquisite young lady. The mysterious young princess enthralls all who encounter her – but ultimately she must confront her fate, the punishment for her crime. [Gkids]",https://www.metacritic.com/movie/the-tale-of-the-princess-kaguya/,true,false
1322,the-talented-mr-ripley,The Talented Mr. Ripley,1999,76,74,206,"In the 1950's, a young American, Mr. Ripley (Damon), is sent to Europe to retrieve a spoiled millionaire playboy (Law).  When the errand fails, Ripley kills the playboy and assumes his life.",https://www.metacritic.com/movie/the-talented-mr-ripley/,false,true
1323,the-taste-of-things,The Taste of Things,2023,85,72,45,"1885. Peerless cook Eugenie (Juliette Binoche) has worked for the famous gourmet Dodin (Benoît Magimel) for the last 20 years. As time went by, the practice of gastronomy and mutual admiration turned into a romantic relationship. Their association gives rise to dishes, one more delicious than the next, that confound even the world’s most illustrious chefs. But Eugenie is fond of her freedom and has never wanted to marry Dodin. So, he decides to do something he has never done before: cook for her.",https://www.metacritic.com/movie/the-taste-of-things/,true,false
1324,the-terminator,The Terminator,1984,84,86,1161,A cyborg (Arnold Schwarzenegger) is sent from the 21st century to present-day Los Angeles to assassinate a seemingly innocent women whose child will play an important part in the world from which the killer came. [MGM],https://www.metacritic.com/movie/the-terminator/,false,true
1325,the-texas-chain-saw-massacre,The Texas Chain Saw Massacre,1974,92,79,333,"The story begins with five innocent kids on their way to checkout reports of grave robbing. As Sally, (Marilyn Burns) her invalid brother Franklin, and three friends head out to inspect the gravesite of her family, they are soon side tracked on the ultimate journey of terror. One by one, they wander into the murderous clutches of Leatherface and his trusty chainsaw.",https://www.metacritic.com/movie/the-texas-chain-saw-massacre/,true,true
1326,the-thin-man,The Thin Man,1934,86,72,34,"Former detective Nick Charles and his wealthy wife Nora investigate a murder case, mostly for the fun of it.",https://www.metacritic.com/movie/the-thin-man/,true,false
1327,the-thin-red-line,The Thin Red Line,1999,78,80,272,"The Thin Red Line tells the story of a group of men, an Army Rifle company called C-for-Charlie, who change, suffer and ultimately make essential discoveries about themselves during the fierce World War II battle of Guadalcanal.  (Fox)",https://www.metacritic.com/movie/the-thin-red-line/,false,true
1328,the-thing-1982,The Thing,1982,57,88,483,A research facility in Antarctica comes across an alien force that can become anything it touches with 100% accuracy. The members must now find out who's human and who's not before it's too late.,https://www.metacritic.com/movie/the-thing-1982/,false,true
1329,the-third-man,The Third Man,1949,97,84,171,"Pulp novelist Holly Martins travels to shadowy, postwar Vienna, only to find himself investigating the mysterious death of an old friend, Harry Lime.",https://www.metacritic.com/movie/the-third-man/,true,true
1330,the-tillman-story,The Tillman Story,2010,86,74,31,Pat Tillman never thought of himself as a hero. His choice to leave a multimillion-dollar football contract and join the military wasn't done for any reason other than he felt it was the right thing to do. The fact that the military manipulated his tragic death in the line of duty into a propaganda tool is unfathomable and thoroughly explored in Amir Bar-Lev's riveting and enraging documentary.,https://www.metacritic.com/movie/the-tillman-story/,true,false
1331,the-town,The Town,2010,74,77,593,"There are over 300 bank robberies in Boston every year. And most of the professionals live in a one-square-mile neighborhood called Charlestown. One of them is Doug MacRay, but he is not cut from the same cloth as his fellow thieves. Unlike them, Doug had a chance at success, a chance to escape following in his father's criminal footsteps. Instead, he became the leader of a crew of ruthless bank robbers, who pride themselves on taking what they want and getting out clean. The only family Doug has are his partners in crime, especially Jem, who, despite his dangerous, hair-trigger temper, is the closest thing Doug ever had to a brother. However, everything changed on the gang's last job when Jem briefly took a hostage: bank manager Claire Keesey. When they discover Claire lives in Charlestown, Jem gets nervous and wants to check out what she might have seen. Knowing what Jem is capable of, Doug takes charge. He seeks out Claire, who has no idea that their encounter is not by chance or that this charming stranger is one of the men who terrorized her only days before. As his relationship with Claire deepens into a passionate romance, Doug wants out of this life and the town. But with the Feds closing in and Jem questioning his loyalty, Doug realizes that getting out will not be easy and, worse, may put Claire in the line of fire. Any choices he once had have boiled down to one: betray his friends or lose the woman he loves. The Town is a dramatic thriller about robbers and cops, friendship and betrayal, love and hope, and escaping a past that has no future.(Warner Bros. Pictures)",https://www.metacritic.com/movie/the-town/,false,true
1332,the-tragedy-of-macbeth,The Tragedy of Macbeth,2021,87,70,146,"A Scottish lord becomes convinced by a trio of witches that he will become the next King of Scotland, and his ambitious wife supports him in his plans of seizing power.",https://www.metacritic.com/movie/the-tragedy-of-macbeth/,true,false
1333,the-treasure,The Treasure,2016,85,71,16,"Costi leads a peaceful life. At night he likes to read his 6-year-old son stories, to help him sleep. Their favourite is Robin Hood. Costi sees himself as the hero - righter of wrongs and defender of the oppressed. One evening, his neighbour pays him an unexpected visit and shares a secret: there's treasure buried in his grandparents' garden, he's sure of it. If Costi will hire a metal detector to help locate it, he'll give him half of whatever they get. Skeptical at first, in the end Costi can't resist. He's on board. The two accomplices have one weekend to locate the loot. Despite every obstacle in their path, Costi refuses to be discouraged. For his wife and son, he's a real hero - nothing and no one are going to stop him.",https://www.metacritic.com/movie/the-treasure/,true,false
1334,the-treasure-of-the-sierra-madre,The Treasure of the Sierra Madre,1948,98,82,159,"Fred Dobbs and Bob Curtin, two Americans searching for work in Mexico, convince an old prospector to help them mine for gold in the Sierra Madre Mountains.",https://www.metacritic.com/movie/the-treasure-of-the-sierra-madre/,true,true
1335,the-tree-of-life,The Tree of Life,2011,85,71,741,"The film follows the life journey of the eldest son, Jack, through the innocence of childhood to his disillusioned adult years as he tries to reconcile a complicated relationship with his father. Jack finds himself a lost soul in the modern world, seeking answers to the origins and meaning of life while questioning the existence of faith. Through Malick's signature imagery, we see how both brute nature and spiritual grace shape not only our lives as individuals and families, but all life. (Fox Searchlight Pictures)",https://www.metacritic.com/movie/the-tree-of-life/,true,false
1336,the-triplets-of-belleville,The Triplets of Belleville,2003,91,78,116,"The story of a boy, his grandmother, his dog and his dream of winning the Tour de France.   When the boy is kidnapped by two mysterious men during the race, the search leads to the megalopolis of Belleville and the renowned Triplets of Belleville, eccentric female music-hall stars from the '30s.",https://www.metacritic.com/movie/the-triplets-of-belleville/,true,false
1337,the-truman-show,The Truman Show,1998,90,87,1190,"Twenty-nine years ago, a baby boy was adopted by the OmniCam Corporation to become the subject of the most popular television show of all time. His name is Truman Burbank.  (Paramount Pictures)",https://www.metacritic.com/movie/the-truman-show/,true,true
1338,the-umbrellas-of-cherbourg,The Umbrellas of Cherbourg (re-released),2004,86,80,47,Jacques Demy's 1964 musical fantasy stars Catherine Deneuve and Nino Castelnuovo.,https://www.metacritic.com/movie/the-umbrellas-of-cherbourg/,true,false
1339,the-untouchables,The Untouchables,1987,79,80,195,"Federal Agent Eliot Ness sets out to stop Al Capone with a small, hand-picked team.",https://www.metacritic.com/movie/the-untouchables/,false,true
1340,the-usual-suspects,The Usual Suspects,1995,76,84,600,"Five career criminals in New York are rounded up for a standard police line-up. After release, they get together for a bit of revenge by pulling off a $3 million emerald heist. This scheme brings them to the attention of an underworld crime figure who convinces them to do a highly dangerous job.",https://www.metacritic.com/movie/the-usual-suspects/,false,true
1341,the-velvet-underground,The Velvet Underground,2021,87,75,33,"The Velvet Underground created a new sound that changed the world of music, cementing its place as one of rock ’n’ roll’s most revered bands. Directed by Todd Haynes, “The Velvet Underground” shows just how the group became a cultural touchstone representing a range of contradictions: the band is both of their time, yet timeless; literary yet realistic; rooted in high art and street culture.  The film features in-depth interviews with the key players of that time combined with a treasure trove of never-before-seen performances and a rich collection of recordings, Warhol films, and other experimental art that creates an immersive experience into what founding member John Cale describes as the band's creative ethos: “how to be elegant and how to be brutal.” [Apple TV+]",https://www.metacritic.com/movie/the-velvet-underground/,true,false
1342,the-virgin-suicides,The Virgin Suicides,2000,77,76,150,"After the suicide death of their youngest sister, the surviving daughters of the Lisbon family descend into a deep melancholy and eventually become isolated socially and physically by their parents (Woods, Turner) within their small-town Michigan house.  Their only contact with the outside world is a group of neighborhood boys who become obsessed with watching and attempting to communicate with the girls.",https://www.metacritic.com/movie/the-virgin-suicides/,false,true
1343,the-wages-of-fear-1953,The Wages of Fear (1953),2011,85,83,57,"In a squalid South American oil town, four desperate men sign on for a suicide mission to drive trucks loaded with nitroglycerin over a treacherous mountain route to a faraway oil fire. The result is a white-knuckle ride from France’s legendary master of suspense, Henri-Georges Clouzot. (Janus Films)",https://www.metacritic.com/movie/the-wages-of-fear-1953/,true,true
1344,the-warriors,The Warriors,1979,65,78,88,"In 1979 a charismatic leader summons the street gangs of New York City in a bid to take it over. When he is killed, The Warriors are falsely blamed and now must fight their way home while every other gang is hunting them down to kill them.",https://www.metacritic.com/movie/the-warriors/,false,true
1345,the-wicker-man-1974,The Wicker Man,1974,87,78,97,A police sergeant is sent to a Scottish island village in search of a missing girl whom the townsfolk claim never existed. Stranger still are the rites that take place there.,https://www.metacritic.com/movie/the-wicker-man-1974/,true,false
1346,the-wild-bunch,The Wild Bunch,1969,98,80,110,"An aging group of outlaws look for one last big score as the ""traditional"" American West is disappearing around them.",https://www.metacritic.com/movie/the-wild-bunch/,true,true
1347,the-wild-child,The Wild Child,1970,94,77,11,"In a French forest in 1798, a child is found who cannot walk, speak, read or write. A doctor becomes interested in the child and patiently attempts to civilize him.",https://www.metacritic.com/movie/the-wild-child/,true,false
1348,the-wild-pear-tree,The Wild Pear Tree,2019,86,78,45,"Sinan (Aydin Doğu Demirkol), an aspiring writer, returns home after university hoping to scrape together enough money to publish his first novel. He wanders the town encountering old flames and obstinate gatekeepers and finds his youthful ambition increasingly at odds with the deferred dreams of his gambling-addict father (Murat Cemcir). As his own fantasies mingle with reality, Sinan grapples with the people and the place that have made him who he is.",https://www.metacritic.com/movie/the-wild-pear-tree/,true,false
1349,the-wild-robot,The Wild Robot,2024,85,85,711,"A robot—ROZZUM unit 7134, “Roz” for short — is shipwrecked on an uninhabited island and must learn to adapt to the harsh surroundings, gradually building relationships with the animals on the island and becoming the adoptive parent of an orphaned gosling.",https://www.metacritic.com/movie/the-wild-robot/,true,false
1350,the-wind-that-shakes-the-barley,The Wind That Shakes the Barley,2007,82,77,51,"In this historical drama, two brothers find themselves on opposing sides in Ireland's struggle for freedom from Britain.",https://www.metacritic.com/movie/the-wind-that-shakes-the-barley/,false,true
1351,the-wind-will-carry-us,The Wind Will Carry Us,2000,87,76,23,"With a strange mission, a group of people from the city come to a small village in Iran.  They are awaiting the death of a 100+ year old woman, while pretending to be communication engineers.",https://www.metacritic.com/movie/the-wind-will-carry-us/,true,false
1352,the-wizard-of-oz-re-release,The Wizard of Oz,1939,92,83,566,"Adapted from L. Frank Baum’s timeless children’s tale about a Kansas girl’s journey over the rainbow, The Wizard of Oz opened at Grauman’s Chinese Theater on August 15, 1939. [Warner Bros.]",https://www.metacritic.com/movie/the-wizard-of-oz-re-release/,true,true
1353,the-wolf-house,The Wolf House,2020,86,74,41,"Maria, a young woman finds refuge in a house in the south of Chile after escaping from a sect of German religious fanatics. She is welcomed into the home by two pigs, the only inhabitants of the place. Like in a dream, the universe of the house reacts to Maria’s feelings. The animals transform slowly into humans and the house becomes a nightmarish world. Inspired on the actual case of Colonia Dignidad, The Wolf House masquerades as an animated fairy tale produced by the leader of the sect in order to indoctrinate its followers. [KimStim]",https://www.metacritic.com/movie/the-wolf-house/,true,false
1354,the-wonderful-story-of-henry-sugar,The Wonderful Story of Henry Sugar,2023,85,75,144,"This short anthology film adapts four of the stories in the Roald Dahl collection ""The Wonderful Story of Henry Sugar and Six More."" The main story follows Henry Sugar, who is able to see through objects and predict the future with the help of a stolen book.",https://www.metacritic.com/movie/the-wonderful-story-of-henry-sugar/,true,false
1355,the-worlds-fastest-indian,The World's Fastest Indian,2005,68,77,51,"Anthony Hopkins stars as Burt Munro, a man who never let the dreams of youth fade. After a lifetime of perfecting his classic Indian motorcycle, Burt sets off from the bottom of the world to test his bike at the Bonneville Salt Flats in Utah. With all the odds against him, he set a new speed record and captured the spirit of his time. Burt Munro's 1967 world record remains unbroken and his legend lives on today.  (Magnolia Pictures)",https://www.metacritic.com/movie/the-worlds-fastest-indian/,false,true
1356,the-worst-person-in-the-world,The Worst Person in the World,2022,91,79,200,"Director Joachim Trier returns with another modern twist on a classically constructed character portrait of contemporary life in Oslo. Chronicling four years in the life of Julie, The Worst Person in the World examines one woman’s quest for love and meaning in the modern world. Fluidly told in twelve chapters, the film features a breakout performance by Cannes Best Actress winner Renate Reinsve as she explores new professional avenues and embarks on relationships with two very different men (Anders Danielsen Lie and Herbert Nordrum) in her search for happiness and identity. [Neon]",https://www.metacritic.com/movie/the-worst-person-in-the-world/,true,false
1357,the-x-files,The X Files,1998,60,79,109,"With the dubious assistance of a paranoid doctor, Mulder and Scully risk their careers and their lives to hunt down a deadly virus which may be extraterrestrial in origin - and could destroy all life on earth!  (Fox)",https://www.metacritic.com/movie/the-x-files/,false,true
1358,the-young-victoria,The Young Victoria,2009,64,76,54,The story of Queen Victoria's early rise to power spans from her predicament as an object of a royal power-struggle in to her romantic courtship and legendary marriage to Prince Albert. (Momentum Pictures),https://www.metacritic.com/movie/the-young-victoria/,false,true
1359,the-zone-of-interest,The Zone of Interest,2023,92,77,325,"The commandant of Auschwitz, Rudolf Höss, and his wife Hedwig, strive to build a dream life for their family in a house and garden next to the camp.",https://www.metacritic.com/movie/the-zone-of-interest/,true,false
1360,thelma-louise,Thelma & Louise,1991,89,77,220,Director Ridley Scott's infamous feminist road movie.,https://www.metacritic.com/movie/thelma-louise/,true,true
1361,there-will-be-blood,There Will Be Blood,2007,93,88,1244,"When Daniel Plainview gets a mysterious tip-off that there's a little town out West where an ocean of oil is oozing out of the ground, he heads there with his son, H.W., to take their chances in dust-worn Little Boston. In this hardscrabble town, where the main excitement centers around the Holy Roller church of charismatic preacher Eli Sunday, Plainview and H.W. make their lucky strike. But even as the well raises all of their fortunes, nothing will remain the same as conflicts escalate and every human value—love, hope, community, belief, ambition, and even the bond between father and son—is imperiled by corruption, deception, and the flow of oil. [Paramount Vantage]",https://www.metacritic.com/movie/there-will-be-blood/,true,true
1362,they-live,They Live,1988,55,74,193,They influence our decisions without us knowing it. They numb our senses without us feeling it. They control our lives without us realizing it. THEY LIVE. A rugged loner (Piper) stumbles upon a terrifying discovery: goulish creatures are masquerading as humans while they lull the public into submission through subliminal advertising messages. Only specially made sunglasses make the deadly truth visible. (TheOfficialJohnCarpenter.com),https://www.metacritic.com/movie/they-live/,false,true
1363,they-shall-not-grow-old,They Shall Not Grow Old,2018,91,86,106,"Using state of the art technology to restore original archival footage which is more than a 100-years old, Jackson brings to life the people who can best tell this story: the men who were there.  Driven by a personal interest in the First World War, Jackson set out to bring to life the day-to-day experience of its soldiers. After months immersed in the BBC and Imperial War Museums’ archives, narratives and strategies on how to tell this story began to emerge for Jackson. Using the voices of the men involved, the film explores the reality of war on the front line; their attitudes to the conflict; how they ate; slept and formed friendships, as well what their lives were like away from the trenches during their periods of downtime.",https://www.metacritic.com/movie/they-shall-not-grow-old/,true,false
1364,thief,Thief,1981,78,76,66,"Becoming closer to his dream of leading a normal life, a professional safecracker agrees to do a job for the mafia, who have other plans for him.",https://www.metacritic.com/movie/thief/,false,true
1365,things-to-come,Things to Come,2016,88,69,58,"What happens when the life you’ve worked so hard to build falls apart all at once? Nathalie (Isabelle Huppert) is a philosophy teacher with a seemingly settled existence, juggling a rich life of the mind with the day-to-day demands of career and family—including frequent visits to her drama queen mother (Édith Scob). But beginning with the bombshell revelation that her husband of twenty-five years is leaving her, one by one the pillars of Nathalie’s life start to crumble. For the first time in ages, she finds herself adrift, but also with a newfound sense of liberation. With nothing to hold her back, Nathalie sets out to define this new phase of her life and to rediscover herself. [IFC Films]",https://www.metacritic.com/movie/things-to-come/,true,false
1366,thirst,Thirst,2009,73,79,70,"Sang-hyun is a priest who cherishes life; so much so, that he selflessly volunteers for a secret vaccine development project meant to eradicate a deadly virus. But the virus takes the priest, and a blood transfusion is urgently ordered up for him. The blood he receives is infected, so Sang-hyun lives – but now exists as a vampire. Struggling with his newfound carnal desire for blood, Sang-hyun’s faith is further strained when a childhood friend’s wife, Tae-ju, comes to him asking for his help in escaping her life. Sang-hyun soon plunges into a world of sensual pleasures, finding himself on intimate terms with the Seven Deadly Sins. (Focus Features)",https://www.metacritic.com/movie/thirst/,false,true
1367,this-is-england,This Is England,2007,86,82,105,"It's 1983, 12-year-old Shaun is an isolated lad growing up in a grim coastal town, whose father has died fighting in the Falklands war. He finds fresh males role models when those in the local skinhead scene take him in. Here he meets Combo, an older, racist skinhead who has recently got out of prison. As Combo's gang harass the local ethnic minorities, the course is set for a rite of passage that will hurl Shaun from innocence to experience. (IFC Films)",https://www.metacritic.com/movie/this-is-england/,true,false
1368,this-is-it,This Is It,2009,67,78,72,"Michael Jackson's This Is It will offer Jackson fans and music lovers worldwide a rare, behind-the-scenes look at the performer as he developed, created and rehearsed for his sold-out concerts that would have taken place beginning this summer in London's O2 Arena. Chronicling the months from April through June, 2009, the film is produced with the full support of the Estate of Michael Jackson and drawn from more than one hundred hours of behind-the-scenes footage, featuring Jackson rehearsing a number of his songs for the show. Audiences will be given a privileged and private look at Jackson as he has never been seen before. In raw and candid detail, ""Michael Jackson's This Is It"" captures the singer, dancer, filmmaker, architect, creative genius and great artist at work as he creates and perfects his final show. (Sony Pictures)",https://www.metacritic.com/movie/this-is-it/,false,true
1369,this-is-not-a-burial-its-a-resurrection,"This Is Not a Burial, It's a Resurrection",2021,91,68,16,"Mantoa (Mary Twala Mhlongo), an 80-year-old woman, has lived in a small Lesotho village for her entire life.  While preparing for her own death, she receives word of an accident that has killed her only son, leaving her entirely alone, with only the respect of her community, the traditions of her ancestors, and the courage of her convictions. When her community must relocate to make way for a nearby dam which would flood her family’s burial ground, Mantoa draws a line in the sand and becomes an unlikely political and spiritual leader.",https://www.metacritic.com/movie/this-is-not-a-burial-its-a-resurrection/,true,false
1370,this-is-not-a-film,This Is Not a Film,2012,90,63,47,"This clandestine documentary, shot partially on an iPhone and smuggled into France in a cake for a last-minute submission to Cannes, depicts the day-to-day life of acclaimed director Jafar Panahi during his house arrest in his Tehran apartment. While appealing his sentence – six years in prison and a 20 year ban from filmmaking – Panahi is seen talking to his family and lawyer on the phone, discussing his 
plight with Mirtahmasb and reflecting on the meaning of the art of filmmaking. (Palisades Tartan)",https://www.metacritic.com/movie/this-is-not-a-film/,true,false
1371,this-is-spinal-tap,This Is Spinal Tap,1984,92,81,169,"Spinal Tap, one of England's loudest bands, is chronicled by film director Marty DiBergi on what proves to be a fateful tour.",https://www.metacritic.com/movie/this-is-spinal-tap/,true,true
1372,three-billboards-outside-ebbing-missouri,"Three Billboards Outside Ebbing, Missouri",2017,88,79,1137,"After months have passed without a culprit in her daughter’s murder case, Mildred Hayes (Frances McDormand) makes a bold move, painting three signs leading into her town with a controversial message directed at William Willoughby (Woody Harrelson), the town's revered chief of police. When his second-in-command Officer Dixon (Sam Rockwell), an immature mother’s boy with a penchant for violence, gets involved, the battle between Mildred and Ebbing's law enforcement is only exacerbated.",https://www.metacritic.com/movie/three-billboards-outside-ebbing-missouri/,true,false
1373,three-colors-blue,Three Colors: Blue,1993,87,84,119,"In the devastating first film of the Three Colors trilogy, Juliette Binoche gives a tour de force performance as Julie, a woman reeling from the tragic death of her husband and young daughter. But Blue is more than just a blistering study of grief it’s also a tale of liberation, as Julie attempts to free herself from the past while confronting truths about the life of her late husband, a composer. Shot in sapphire tones by Slawomir Idziak, and set to an extraordinary operatic score by Zbigniew Preisner, Blue is an overwhelming sensory experience. [Criterion]",https://www.metacritic.com/movie/three-colors-blue/,true,false
1374,three-colors-red,Three Colors: Red,1994,100,83,319,"Krzysztof Kieslowski closes his Three Colors trilogy in grand fashion, with an incandescent meditation on fate and chance, starring Irène Jacob as a sweet-souled yet somber runway model in Geneva whose life dramatically intersects with that of a bitter retired judge, played by Jean-Louis Trintignant. Meanwhile, just down the street, a seemingly unrelated story of jealousy and betrayal unfolds. Red is an intimate look at forged connections and a splendid final statement from a remarkable filmmaker at the height of his powers. [Criterion]",https://www.metacritic.com/movie/three-colors-red/,true,true
1375,three-colors-white,Three Colors: White,1994,91,80,94,"The most playful and also the grittiest of Kieslowski’s Three Colors films follows the adventures of Karol Karol (Zbigniew Zamachowski), a Polish immigrant living in France. The hapless hairdresser opts to leave Paris for his native Warsaw when his wife (Julie Delpy) sues him for divorce (her reason: their marriage was never consummated) and then frames him for arson after setting her own salon ablaze. White, which goes on to chronicle Karol Karol’s elaborate revenge plot, manages to be both a ticklish dark comedy about the economic inequalities of Eastern and Western Europe and a sublime reverie about twisted love. [Criterion]",https://www.metacritic.com/movie/three-colors-white/,true,true
1376,three-kings,Three Kings,1999,82,75,160,"A small group of adventurous American soldiers (Clooney, Whalberg, Ice Cube, Jonze) in Iraq at the end of the Gulf War is determined to steal a huge cache of gold reputed to be hidden somewhere near their desert base.  Finding a map they believe will take them to the gold, the soldiers embark on a journey that leads to unexpected discoveries, enabling them to rise to a heroic challenge that drastically changes their lives. (Warner Brothers)",https://www.metacritic.com/movie/three-kings/,false,true
1377,three-minutes-a-lengthening,Three Minutes: A Lengthening,2022,88,69,12,"So long as we are watching history, history is not over.  Three minutes of footage, shot by David Kurtz in 1938, are the only moving images remaining of the Jewish inhabitants of Nasielsk, Poland before the Holocaust.  Three Minutes: A Lengthening explores the human stories hidden within the celluloid. [Super LTD]",https://www.metacritic.com/movie/three-minutes-a-lengthening/,true,false
1378,timbuktu,Timbuktu,2015,92,73,90,"Not far from Timbuktu, now ruled by the religious fundamentalists, Kidane lives peacefully in the dunes with his wife Satima, his daughter Toya, and Issan, their twelve-year-old shepherd. In town, the people suffer, powerless, from the regime of terror imposed by the Jihadists determined to control their faith. Music, laughter, cigarettes, even soccer have been banned. The women have become shadows but resist with dignity. Every day, the new improvised courts issue tragic and absurd sentences. Kidane and his family are being spared the chaos that prevails in Timbuktu. But their destiny changes when Kidane accidentally kills Amadou, the fisherman who slaughtered his beloved cow. He now has to face the new laws of the foreign occupants.",https://www.metacritic.com/movie/timbuktu/,true,false
1379,time-2020,Time,2020,91,54,82,"Fox Rich is a fighter. The entrepreneur, abolitionist and mother of six boys has spent the last two decades campaigning for the release of her husband, Rob G. Rich, who is serving a 60-year sentence for a robbery they both committed in the early 90s in a moment of desperation. Combining the video diaries Fox has recorded for Rob over the years with intimate glimpses of her present-day life, director Garrett Bradley paints a mesmerizing portrait of the resilience and radical love necessary to prevail over the endless separations of the country’s prison-industrial complex.",https://www.metacritic.com/movie/time-2020/,true,false
1380,time-out,Time Out,2002,88,72,26,"After losing his job, Vincent (Recoing) can't bring himself to tell his wife (Viard) and children, so he wanders around France during the day, while they think he's at work, and finds himself on a moral and ethical journey of conscience that challenges the notions he's formed about life.  (ThinkFilm)",https://www.metacritic.com/movie/time-out/,true,false
1381,tinker-tailor-soldier-spy,Tinker Tailor Soldier Spy,2011,85,66,518,"The time is 1973. The Cold War of the mid-20th Century continues to damage international relations. Britain’s Secret Intelligence Service (SIS), a.k.a. MI6 and code-named the Circus, is striving to keep pace with other countries’ espionage efforts and to keep the U.K. secure. When things go awry, it's up to top lieutenant, George Smiley, a career spy with razor-sharp senses, to get things back on track. (Focus Features)",https://www.metacritic.com/movie/tinker-tailor-soldier-spy/,true,false
1382,titanic,Titanic,1997,75,83,1346,A fictional romantic tale of a rich girl (Winslet) and a poor bohemian boy (DiCaprio) who meet on the ill-fated voyage of the 'unsinkable' ship.,https://www.metacritic.com/movie/titanic/,false,true
1383,to-be-and-to-have,To Be and to Have,2003,87,75,19,"Inspired by the French phenomenon of 'single-class' schools, this film charts the life of a small one-class village school over the course of one academic year, and takes a warm and serene look at primary education in the French heartlands.  (New Yorker Films)",https://www.metacritic.com/movie/to-be-and-to-have/,true,false
1384,to-be-or-not-to-be,To Be or Not to Be,1942,86,79,42,"During the Nazi occupation of Poland, an acting troupe becomes embroiled in a Polish soldier's efforts to track down a German spy.",https://www.metacritic.com/movie/to-be-or-not-to-be/,true,false
1385,to-die-for,To Die For,1995,86,74,83,"Structured in a documentary style, the film focuses on the life of a woman (Kidman) obsessed with the dream of becoming a media personality.  (Sony Pictures Entertainment)",https://www.metacritic.com/movie/to-die-for/,true,true
1386,to-have-and-have-not,To Have and Have Not,1945,90,80,24,"During World War II, American expatriate Harry Morgan helps transport a French Resistance leader and his beautiful wife to Martinique while romancing a sensuous lounge singer.",https://www.metacritic.com/movie/to-have-and-have-not/,true,false
1387,to-kill-a-mockingbird,To Kill a Mockingbird,1962,88,84,129,"Atticus Finch, a lawyer in the Depression-era South, defends a black man against an undeserved rape charge, and his kids against prejudice.",https://www.metacritic.com/movie/to-kill-a-mockingbird/,true,true
1388,to-the-ends-of-the-earth,To the Ends of the Earth,2020,85,70,8,"Yoko (Atsuko Maeda) travels with a small crew to Uzbekistan to shoot an episode of her travel reality show. In front of the camera, her persona is carefree and happy-go-lucky, but behind the scenes she is cautious and introverted. Despite her best efforts, the filming of the television series ends unsuccessfully, and frustrated by the failure, she sets off into the mysterious country. Lost in the streets of Tashkent, she finds herself adrift and alone, confronting her deepest fears and hidden aspirations. [KimStim]",https://www.metacritic.com/movie/to-the-ends-of-the-earth/,true,false
1389,tokyo-godfathers,Tokyo Godfathers,2004,75,77,92,"In modern-day Tokyo, three homeless people’s lives are changed forever when they discover a baby girl at a garbage dump on Christmas Eve. As the New Year fast approaches, these three forgotten members of society band together to solve the mystery of the abandoned child and the fate of her parents. Along the way, encounters with seemingly unrelated events and people force them to confront their own haunted pasts, as they learn to face their future, together.",https://www.metacritic.com/movie/tokyo-godfathers/,false,true
1390,tokyo-story,Tokyo Story,1972,100,84,203,"Yasujiro Ozu’s Tokyo Story follows an aging couple, Tomi and Sukichi, on their journey from their rural village to visit their two married children in bustling, postwar Tokyo. Their reception is disappointing: too busy to entertain them, their children send them off to a health spa. After Tomi falls ill she and Sukichi return home, while the children, grief-stricken, hasten to be with her. From a simple tale unfolds one of the greatest of all Japanese films. Starring Ozu regulars Chishu Ryu and Setsuko Hara, the film reprises one of the director’s favorite themes—that of generational conflict—in a way that is quintessentially Japanese and yet so universal in its appeal that it continues to resonate as one of cinema’s greatest masterpieces. [Janus Films]",https://www.metacritic.com/movie/tokyo-story/,true,false
1391,tombstone,Tombstone,1993,50,76,116,"A successful lawman's plans to retire anonymously in Tombstone, Arizona, are disrupted by the kind of outlaws he was famous for eliminating.",https://www.metacritic.com/movie/tombstone/,false,true
1392,toni-erdmann,Toni Erdmann,2016,93,72,211,"Winfried (Peter Simonischek) doesn’t see much of his working daughter Ines (Sandra Hüller). The suddenly student-less music teacher decides to surprise her with a visit after the death of his old dog. It’s an awkward move because serious career woman Ines is working on an important project as a corporate strategist in Bucharest. The geographical change doesn’t help the two to see more eye to eye. Practical joker Winfried loves to annoy his daughter with corny pranks. What’s worse are his little jabs at her routine lifestyle of long meetings, hotel bars and performance reports. Father and daughter reach an impasse, and Winfried agrees to return home to Germany. Enter flashy Toni Erdmann: Winfried’s smooth-talking alter ego. Disguised in a tacky suit, weird wig and even weirder fake teeth, Toni barges into Ines’ professional life, claiming to be her CEO’s life coach. As Toni, Winfried is bolder and doesn’t hold back, but Ines meets the challenge. The harder they push, the closer they become. In all the madness, Ines begins to understand that her eccentric father might deserve some place in her life after all. [Sony Pictures Classics]",https://www.metacritic.com/movie/toni-erdmann/,true,false
1393,tootsie,Tootsie,1982,88,79,143,"Unable to get an acting job, Michael Dorsey (Hoffman) becomes Dorothy Michaels and gets a part in a New York soap opera.",https://www.metacritic.com/movie/tootsie/,true,true
1394,top-hat,Top Hat,1935,93,71,22,"An American dancer comes to Britain and falls for a model whom he initially annoyed, but she mistakes him for his goofy producer.",https://www.metacritic.com/movie/top-hat/,true,false
1395,topsy-turvy,Topsy-Turvy,1999,90,74,32,"When their latest play fails and they threaten to disband, Gilbert and Sullivan are inspired to create their masterpiece, ""The Mikado.""",https://www.metacritic.com/movie/topsy-turvy/,true,false
1396,total-recall,Total Recall,1990,60,81,308,"Doug Quaid (Arnold Schwarzenegger), a construction worker with a beautiful wife (Sharon Stone) and home in in the year 2084, decides to take a virtual vacation to Mars as a secret agent.  When things go wrong during the artificial memory implantation process, Quaid becomes reacts violently and must figure out if his life as Quaid or as the secret agent is his true life.",https://www.metacritic.com/movie/total-recall/,false,true
1397,totem,Tótem,2024,91,74,56,"In a bustling Mexican household, seven-year-old Sol is swept up in a whirlwind of preparations for the birthday party for her father, Tona, led by her mother, aunts and other relatives. As the day goes on, building to an event both anticipated and dreaded, Sol begins to understand the gravity of the celebration this year and watches as her family does the same.",https://www.metacritic.com/movie/totem/,true,false
1398,touch-of-evil,Touch of Evil,1958,99,75,130,"This film noir portrait of corruption and morally-compromised obsessions stars Welles as Hank Quinlan, a crooked police chief who frames a Mexican youth as part of an intricate criminal plot. Charlton Heston plays an honorable Mexican narcotics investigator who clashes with the bigoted Quinlan after probing into his dark past. A memorable supporting cast including Janet Leigh as Heston's inquisitive wife, Akim Tamiroff as a seedy underworld leader, Zsa Zsa Gabor and Marlene Dietrich as an enigmatic gypsy complete this fascinating drama engulfed in haunting cinematography and a magnificently eerie score by Henry Mancini.",https://www.metacritic.com/movie/touch-of-evil/,true,false
1399,tower,Tower,2016,92,78,66,"August 1, 1966, was the day our innocence was shattered. A sniper rode the elevator to the top floor of the iconic University of Texas Tower and opened fire, holding the campus hostage for 96 minutes in what was a previously unimaginable event. TOWER combines archival footage with rotoscopic animation of the dramatic day, based entirely on first person testimonies from witnesses, heroes and survivors, in a seamless and suspenseful retelling of the unfolding tragedy. The film highlights the fear, confusion, and visceral realities that changed the lives of those present, and the rest of us, forever – a day when the worst in one man brought out the best in so many others.",https://www.metacritic.com/movie/tower/,true,false
1400,toy-story,Toy Story,1995,96,89,2029,"Led by Woody, Andy's toys live happily in his room until Andy's birthday brings Buzz Lightyear onto the scene. Afraid of losing his place in Andy's heart, Woody plots against Buzz. But when circumstances separate Buzz and Woody from their owner, the duo eventually learns to put aside their differences. [Pixar]",https://www.metacritic.com/movie/toy-story/,true,true
1401,toy-story-2,Toy Story 2,1999,88,86,1141,"The sequel to the landmark 1995 computer-animated blockbuster from Disney and Pixar.  This time around, the fun and adventure continue when Andy goes off to cowboy camp and the toys are left to their own devices.  Things shift into high gear when an obsessive toy collector kidnaps Woody -- who hasn't the slightest clue that he's a greatly valued collectible.  (Disney/Pixar)",https://www.metacritic.com/movie/toy-story-2/,true,true
1402,toy-story-3,Toy Story 3,2010,92,88,2026,"Toy Story 3 is a comical new adventure in Disney Digital 3D that lands the toys in a room full of untamed tots who can't wait to get their sticky little fingers on these ""new"" toys. It's pandemonium as they try to stay together, ensuring ""no toy gets left behind."" Meanwhile, Barbie comes face to plastic face with Ken (yes, that Ken). [Disney, Pixar]",https://www.metacritic.com/movie/toy-story-3/,true,true
1403,trading-places,Trading Places,1983,69,77,123,"Billy Ray Valentine (Murphy), a street con man and Louis Winthorpe III, a commodities broker (Aykroyd) agree to trade places after monied  Mortimer Duke (Ameche) bets Billy Ray could pull in more money than Louis could on the streets.",https://www.metacritic.com/movie/trading-places/,false,true
1404,traffic,Traffic,2000,86,79,204,"Traffic evokes the high stakes and high risks of the drug trade, as seen through a series of interrelated stories, some of which are highly personal and some of which are filled with intrigue and danger.  (USA Films)",https://www.metacritic.com/movie/traffic/,true,true
1405,train-dreams,Train Dreams,2025,88,77,282,"Train Dreams is the moving portrait of Robert Grainier, a logger and railroad worker who leads a life of unexpected depth and beauty in the rapidly-changing America of the early 20th Century. Based on Denis Johnson’s novella.",https://www.metacritic.com/movie/train-dreams/,true,false
1406,training-day,Training Day,2001,71,80,344,A police drama about a veteran officer (Denzel Washington) who escorts a rookie (Ethan Hawke) on his first day with the LAPD's tough inner-city narcotics unit.  [Warner Bros.],https://www.metacritic.com/movie/training-day/,false,true
1407,trainspotting,Trainspotting,1996,83,84,513,"Renton (Ewan McGregor), a twenty-something junkie, is deeply immersed in the Edinburgh drug scene. He must choose to clean up and get out, or continue following the allure of the drugs and the influence of friends.",https://www.metacritic.com/movie/trainspotting/,false,true
1408,treasure-island,Treasure Island,1950,89,73,12,"Ahoy, mateys! Walt Disney's first live action feature vividly brings to life Robert Louis Stevenson's timeless tale of buccaneers and buried gold. Authentic locales, rich color photography, and musket-roaring action set the stage for the stouthearted heroics of young Jim Hawkins and the skullduggery of the wily, one-legged pirate Long John Silver. [Disney]",https://www.metacritic.com/movie/treasure-island/,true,false
1409,trenque-lauquen-parte-i,Trenque Lauquen Parte I,2023,94,80,12,"The search for a missing woman unspools in two unexpectedly interconnected parts in Laura Citarella's playful new feature. The missing woman is Laura (Laura Paredes), a biologist cataloging plant species in and around the Argentinean city of Trenque Lauquen. The men searching for her: Rafael, her boyfriend, and Ezequiel, a coworker who has come to mean more to her in recent days. But in order to uncover the truth of Laura's disappearance, a profusion of mysteries must be explored. There's the question of love letters hidden in books in the local library, the discovery of a new species of flower, and then there's the mysterious being, rumored to be haunting the lake at the center of town. [Cinema Guild]",https://www.metacritic.com/movie/trenque-lauquen-parte-i/,true,false
1410,trenque-lauquen-parte-ii,Trenque Lauquen Parte II,2023,94,76,8,"The search for a missing woman unspools in two unexpectedly interconnected parts in Laura Citarella's playful new feature. The missing woman is Laura (Laura Paredes), a biologist cataloging plant species in and around the Argentinean city of Trenque Lauquen. The men searching for her: Rafael, her boyfriend, and Ezequiel, a coworker who has come to mean more to her in recent days. But in order to uncover the truth of Laura's disappearance, a profusion of mysteries must be explored. There's the question of love letters hidden in books in the local library, the discovery of a new species of flower, and then there's the mysterious being, rumored to be haunting the lake at the center of town. [Cinema Guild]",https://www.metacritic.com/movie/trenque-lauquen-parte-ii/,true,false
1411,tristana-re-release,Tristana (re-release),2013,93,81,35,"When Tristana's mother dies, she is entrusted to the guardianship of the well-respected though old Don Lope. Don Lope is well-liked and well-known, but Don Lope's one weakness is women.  He falls for the innocent girl in his charge, seduces her, makes her his lover, though all the while explaining to her that she is as free as he. But when she acts on this freedom, Don Lope must deal with the consequences of his world-view.",https://www.metacritic.com/movie/tristana-re-release/,true,false
1412,tropic-thunder,Tropic Thunder,2008,71,76,452,"Tropic Thunder is an action comedy about a group of self-absorbed actors who set out to make the most expensive war film.  After ballooning costs force the studio to cancel the movie, the frustrated director refuses to stop shooting, leading his cast into the jungles of Southeast Asia, where they encounter real bad guys. (Paramount Pictures)",https://www.metacritic.com/movie/tropic-thunder/,false,true
1413,true-lies,True Lies,1994,63,75,246,"Special agent Harry Tasker (Schwarzenegger) is a top spy, while his neglected wife (Curtis) has been gathering secrets of her own. When their two secret lives unexpectedly collide, Harry and Helen must fight to save their marriage - and the world!  (20th Century Fox)",https://www.metacritic.com/movie/true-lies/,false,true
1414,true-romance,True Romance,1993,59,78,244,This rock'n'roll adventure story tells of two unlikely lovers who accidentally double-cross the Detroit mob by stealing valuable contraband. Christian Slater and Patricia Arquette flee to Los Angeles where they are sought by both gangsters and cops. (Warner Bros.),https://www.metacritic.com/movie/true-romance/,false,true
1415,tucker-dale-vs-evil,Tucker & Dale vs Evil,2011,65,79,254,"Tucker & Dale vs Evil is a hilariously gory, good-spirited horror comedy, doing for killer rednecks what Shaun of the Dead did for zombies. Tucker and Dale are two best friends on vacation at their dilapidated mountain house, who are mistaken for murderous backwoods hillbillies by a group of obnoxious, preppy college kids. When one of the students gets separated from her friends, the boys try to lend a hand, but as the misunderstanding grows, so does the body count. Tucker & Dale vs Evil has been a hit on the festival circuit, debuting at Sundance, and winning the Midnight Audience Award at SXSW, the Jury Prize for First Feature at Fantasia, the Best Director award at Fantaspoa, and the Best Motion Picture Award at Sitges. (Magnet Films)",https://www.metacritic.com/movie/tucker-dale-vs-evil/,false,true
1416,tulpan,Tulpan,2009,88,69,8,"Following his Russian naval service, young dreamer Asa returns to his sister’s nomadic brood on the desolate Hunger Steppe to begin a hardscrabble career as a shepherd. But before he can tend a flock of his own, Asa must win the hand of the only eligible bachelorette for miles—his alluringly mysterious neighbor Tulpan.  Accompanied by his girlie mag-reading sidekick Boni (and a menagerie of adorable lambs, stampeding camels, mewing kittens and mischievous children), Asa will stop at nothing to prove he is a worthy husband and herder.  (Zeitgeist Films)",https://www.metacritic.com/movie/tulpan/,true,false
1417,turtles-can-fly,Turtles Can Fly,2005,85,81,42,This third feature from internationally acclaimed Iranian filmmaker Bahman Ghobadi is set in his native Kurdistan on the eve of the American invasion of Iraq. The devastation to this land and its inhabitants is revealed in the matter-of-fact perspective of the children and is equally displayed with every poignant detail of its unbearable nature.  (IFC Films),https://www.metacritic.com/movie/turtles-can-fly/,true,false
1418,twelve-monkeys,Twelve Monkeys,1996,75,81,371,"Between sanity and madness, fantasy and reality, the past and the future, comes an adventure beyond imagination from Terry Gilliam, the acclaimed director of ""The Fisher King."" Penal colony prisoner James Cole (Willis) must travel back in time from the year 2035 to find the cause of a virus that killed five billion people in 1997. (Universal)",https://www.metacritic.com/movie/twelve-monkeys/,false,true
1419,twin-peaks-fire-walk-with-me,Twin Peaks: Fire Walk with Me,1992,45,80,250,"David Lynch takes us back to the town of damned good cups of coffee and cherry pies in this film prequel to the television series where we actually meet Laura Palmer (Sheryl Lee) for the first time. Brought in to investigate the mysterious death of nightshift waitress Teresa Banks, special agent Chester Desmond (Chris Isaak) and later Special Agent Dale Cooper (Kyle MacLachlan) unravel the bizarre clues, mysterious disappearances, and strange happenings that lead to the last seven days of Laura Palmer's troubled life...and ultimately the killer. [New Line]",https://www.metacritic.com/movie/twin-peaks-fire-walk-with-me/,false,true
1420,two-days-one-night,"Two Days, One Night",2014,89,81,173,"Sandra (Marion Cotillard) has just returned to work after recovering from a serious bout with depression. Realizing that the company can operate with one fewer employee, management tells Sandra she is to be let go. After learning that her co-workers will vote to decide her fate on Monday morning, Sandra races against time over the course of the weekend, often with the help of her husband, to convince each of her fellow employees to sacrifice their much-needed bonuses so she can keep her job. With each encounter, Sandra is brought into a different world with unexpected results. [IFC Films]",https://www.metacritic.com/movie/two-days-one-night/,true,false
1421,two-lane-blacktop,Two-Lane Blacktop,1971,89,80,5,"2 men drag-racing across the U.S., in a '55 Chevy. Dennis Wilson's the mechanic, James Taylor's the driver.",https://www.metacritic.com/movie/two-lane-blacktop/,true,false
1422,two-lovers,Two Lovers,2009,74,75,55,"Leonard is a charismatic but troubled young man who moves back into his childhood home following a recent heartbreak. While recovering under the watchful eye of his parents, Leonard meets two women in quick succession: Michelle, a mysterious and beautiful neighbor who is exotic and out-of-place in Leonard's staid world, and Sandra, the lovely and caring daughter of a businessman who is buying out his family's dry-cleaning business. Leonard becomes deeply infatuated by Michelle, who seems poised to fall for him, but is having a self-destructive affair with a married man. At the same time, mounting pressure from his family pushes him towards committing to Sandra. Leonard is forced to make an impossible decision – between the impetuousness of desire and the comfort of love – or risk falling back into the darkness that nearly killed him. [Magnolia Pictures]",https://www.metacritic.com/movie/two-lovers/,false,true
1423,two-prosecutors,Two Prosecutors,2026,85,67,16,"Soviet Union, 1937. Thousands of letters from detainees falsely accused by the regime are burned in a prison cell. Against all odds, one of them reaches its destination, upon the desk of the newly appointed local prosecutor, Alexander Kornev. Kornev does his utmost to meet the prisoner, a victim of corrupt agents of the secret police, the NKVD. A dedicated Bolshevik of integrity, the young prosecutor suspects foul play. His quest for justice will take him all the way to the office of the Attorney General in Moscow.",https://www.metacritic.com/movie/two-prosecutors/,true,false
1424,tyrannosaur,Tyrannosaur,2011,65,76,55,"Joseph is an unemployed widower with a drinking problem, a man crippled by his own volatile temperament and furious anger. Hannah is a Christian worker at a charity shop, a respectable woman who seems wholesome and happy. When circumstance brings the pair together, Hannah appears as Joseph’s guardian angel, tempering his fury and offering him warmth, kindness and acceptance. As their relationship develops, Hannah’s own secrets are revealed — her husband is violent and abusive — and Joseph emerges as her unlikely savior. With striking performances and a deeply felt story, actor-turned-writer/director Paddy Considine's film is a stunning debut about the emergence of grace and redemption from the least likely of places.  (Strand Releasing)",https://www.metacritic.com/movie/tyrannosaur/,false,true
1425,uhf,UHF,1989,32,79,53,"A madcap parody which finds an aimless young man inheriting a failing television station, which he revises by listening to his audience. (MGM)",https://www.metacritic.com/movie/uhf/,false,true
1426,umberto-d-re-release,Umberto D (re-release),2002,92,85,39,"This 50th Anniversary restoration and re-release of Vitorio Di Sica's 1952 film, considered a masterpiece of Italian neo-realism, portrays a hero of everday life.",https://www.metacritic.com/movie/umberto-d-re-release/,true,false
1427,unbreakable,Unbreakable,2000,62,76,472,"David Dunn (Bruce Willlis) is the sole survivor of a devastating train wreck.  Elijah Price (Samuel L. Jackson), a mysterious stranger, offers a bizarre explanation as to why David escaped without a single scratch, an explanation that threatens to change David's family and life forever.  [Touchstone Pictures]",https://www.metacritic.com/movie/unbreakable/,false,true
1428,uncertain,Uncertain,2017,89,58,6,"Uncertain is a visually stunning and disarmingly funny portrait of the literal and figurative troubled waters of Uncertain, Texas. In a 94-resident town so tucked away “you’ve got to be lost to find it"", three Uncertain men make their own bids for survival looking to find a more certain future. An ex-convict obsessed with Mr. Ed, a gigantic boar he hunts in order to stay on the straight and narrow. A young idealist with big plans but few prospects is looking for a bigger life. An aging fisherman learning to let go of his youthful ways, and making peace with a fateful moment thirty years ago. All the while Uncertain’s vast, swampy lake is being choked by an aquatic weed, upsetting the natural balance and the town’s only source of livelihood.",https://www.metacritic.com/movie/uncertain/,true,false
1429,uncle-boonmee-who-can-recall-his-past-lives,Uncle Boonmee Who Can Recall His Past Lives,2011,87,72,69,"Suffering from acute kidney failure, Uncle Boonmee has chosen to spend his final days surrounded by his loved ones in the countryside. Surprisingly, the ghost of his deceased wife appears to care for him, and his long lost son returns home in a non-human form. Contemplating the reasons for his illness, Boonmee treks through the jungle with his family to a mysterious hilltop cave – the birthplace of his first life… In his signature cinematic style, the acclaimed Thai filmmaker delivers a strange and mystical world of visionary beauty. [Strand Releasing]",https://www.metacritic.com/movie/uncle-boonmee-who-can-recall-his-past-lives/,true,false
1430,uncle-buck,Uncle Buck,1989,51,76,61,"Bachelor and all round slob, Buck, babysits his brother's rebellious teenage daughter and her cute younger brother and sister.",https://www.metacritic.com/movie/uncle-buck/,false,true
1431,uncut-gems,Uncut Gems,2019,93,72,829,"Howard Ratner (Adam Sandler), a charismatic New York City jeweler, is always on the lookout for the next big score. When he makes a series of high-stakes bets that could lead to the windfall of a lifetime, Howard must perform a precarious high-wire act, balancing business, family, and encroaching adversaries on all sides, in his relentless pursuit of the ultimate win.",https://www.metacritic.com/movie/uncut-gems/,true,false
1432,under-the-sand,Under the Sand,2001,86,57,10,"For years, Marie (Rampling) and Jean (Cremer) have happily spent their vacation together in the Landes region of western France. But this summer, while Marie naps on the beach, her husband vanishes without a trace.",https://www.metacritic.com/movie/under-the-sand/,true,false
1433,unforgiven,Unforgiven,1992,85,83,375,"In this Academy Award winning western, Eastwood and Freeman are down-on-their-luck outlaws who pick up their guns one last time in order to collect a bounty offered by the vengeful prostitutes of remote Big Whiskey, Wyoming.",https://www.metacritic.com/movie/unforgiven/,true,true
1434,united-93,United 93,2006,90,77,217,"Acclaimed filmmaker Paul Greengrass writes and directs an unflinching drama that tells the story of the passengers and crew, their families on the ground and the flight controllers who watched in dawning horror as United Flight 93 became the fourth hijacked plane on the day of the worst terrorist attacks on American soil: September 11, 2001.  (Universal Pictures)",https://www.metacritic.com/movie/united-93/,true,true
1435,up,Up,2009,88,86,1363,"Up is a comedy adventure about 78-year-old balloon salesman Carl Fredricksen, who finally fulfills his lifelong dream of a great adventure when he ties thousands of balloons to his house and flies away to the wilds of South America. But he discovers all too late that his biggest nightmare has stowed away on the trip: an overly optimistic 9-year-old Wilderness Explorer named Russell. (Walt Disney Pictures)",https://www.metacritic.com/movie/up/,true,true
1436,up-in-the-air,Up in the Air,2009,83,78,345,Ryan Bingham is a corporate downsizing expert whose cherished life on the road is threatened just as he is on the cusp of reaching ten million frequent flyer miles and after he’s met the frequent-traveler woman of his dreams. (Paramount Pictures),https://www.metacritic.com/movie/up-in-the-air/,false,true
1437,v-for-vendetta,V for Vendetta,2006,62,84,885,"Set against the futuristic landscape of totalitarian Britain, V for Vendetta tells the story of a mild-mannered young woman named Evey (Portman) who is rescued from a life-and-death situation by a masked man (Weaving) known only as ""V."" Incomparably charismatic and ferociously skilled in the art of combat and deception, V ignites a revolution when he urges his fellow citizens to rise up against tyranny and oppression. As Evey uncovers the truth about V's mysterious background, she also discovers the truth about herself -- and emerges as his unlikely ally in the culmination of his plan to bring freedom and justice back to a society fraught with cruelty and corruption.  (Warner Bros.)",https://www.metacritic.com/movie/v-for-vendetta/,false,true
1438,vampires-kiss,Vampire's Kiss,1989,30,76,51,"A frustrated Manhattan literary editor, Peter Loew (Cage), meets a mysterious woman (Beals). During a passionate night of lovemaking, the woman bites him on the neck, drawing blood. When she disappears the next morning, Peter becomes convinced that she was a vampire and that's he's become one too. As he loses himself to pressure of everyday life, he begins to act the role of a creature of the night. (MGM/UA)",https://www.metacritic.com/movie/vampires-kiss/,false,true
1439,varda-by-agncs,Varda by Agnès,2019,85,80,8,"The final film from the late, beloved Agnès Varda is a characteristically playful, profound, and personal summation of the director’s own brilliant career. At once impish and wise, she acts as our spirit guide on a free-associative tour through her six-decade artistic journey, shedding new light on her films, photography, and recent installation works while offering her one-of-a-kind reflections on everything from filmmaking to feminism to aging. Suffused with the people, places, and things she loved—Jacques Demy, cats, colors, beaches, heart-shaped potatoes—this wonderfully idiosyncratic work of imaginative autobiography is a warmly human, touchingly bittersweet parting gift from one of cinema’s most luminous talents. [Janus Films]",https://www.metacritic.com/movie/varda-by-agncs/,true,false
1440,vengeance-is-mine-1979,Vengeance Is Mine,1979,85,85,6,"A thief, a murderer, and a charming lady-killer, Iwao Enokizu (Ken Ogata) is on the run from the police. Director Shohei Imamura turns this fact-based story—about the seventy-eight-day killing spree of a remorseless man from a devoutly Catholic family—into a cold, perverse, and at times diabolically funny examination of the primitive coexisting with the modern. More than just a true-crime tale, Vengeance Is Mine bares humanity’s snarling id. [The Criterion Channel]",https://www.metacritic.com/movie/vengeance-is-mine-1979/,true,false
1441,vertigo-1958,Vertigo,1958,100,86,569,"Vertigo creates a dizzying web of mistaken identity, passion and murder after an acrophobic detective rescues a mysterious blonde from the bay. [Universal Pictures]",https://www.metacritic.com/movie/vertigo-1958/,true,true
1442,victim,Victim,1962,85,78,6,The death of a young man leads to the discovery of a blackmail plot against several gay men in 1960s London.,https://www.metacritic.com/movie/victim/,true,false
1443,vincere,Vincere,2010,85,73,16,"In Vincere, the closely guarded story of Italian dictator Benito Mussolini's secret lover and son is revealed in fittingly operatic proportions. Thunderstruck by the young Mussolini's charisma, Ida Dalser gives up everything to help champion his revolutionary ideas. When he disappears during World War I and later resurfaces with a new wife, the scorned Dalser and her son are locked away in separate asylums for more than a decade. But Ida will not disappear without a fight. (IFC Films)",https://www.metacritic.com/movie/vincere/,true,false
1444,vitalina-varela,Vitalina Varela,2020,86,55,12,"A Cape Verdean woman who has travelled to Lisbon to reunite with her husband, after two decades of separation, arrives  mere days after his funeral. Alone in a strange forbidding land, she perseveres and begins to establish a new life.",https://www.metacritic.com/movie/vitalina-varela/,true,false
1445,volver,Volver,2006,84,76,99,"Three generations of women survive the east wind, fire, insanity, superstition and even death by means of goodness, lies and boundless vitality.  (Sony Pictures Classics)",https://www.metacritic.com/movie/volver/,false,true
1446,wag-the-dog,Wag the Dog,1997,74,75,71,"Wickedly fictional with historical overtones truer than many care to admit, Wag The Dog examines the blurred lines between politics, the media and show business.  (New Line Productions)",https://www.metacritic.com/movie/wag-the-dog/,false,true
1447,waiting-for-superman,Waiting for 'Superman',2010,81,74,61,"For a nation that proudly declared it would leave no child behind, America continues to do so at alarming rates. Despite increased spending and politicians’ promises, our buckling public—education system, once the best in the world, routinely forsakes the education of millions of children. Oscar winning filmmaker Davis Guggenheim reminds us that education “statistics” have names: Anthony, Francisco, Bianca, Daisy, and Emily, whose stories make up the engrossing foundation of Waiting for Superman. As he follows a handful of promising kids through a system that inhibits, rather than encourages, academic growth, Guggenheim undertakes an exhaustive review of public education, surveying “drop—out factories” and “academic sinkholes,” methodically dissecting the system and its seemingly intractable problems. However, embracing the belief that good teachers make good schools, Guggenheim offers hope by exploring innovative approaches taken by education reformers and charter schools that have—in reshaping the culture—refused to leave their students behind. (Paramount Vantage Point)",https://www.metacritic.com/movie/waiting-for-superman/,false,true
1448,wake-in-fright-1971,Wake in Fright (1971),2012,85,72,25,"The film tells the story of a British schoolteacher’s descent into personal demoralization at the hands of drunken, deranged derelicts while stranded in a small town in outback Australia. (Drafthouse Films)",https://www.metacritic.com/movie/wake-in-fright-1971/,true,false
1449,waking-life,Waking Life,2001,85,78,93,"In this animated drama, a man walks through what may be a dream, flowing in and out of scenarios and encounters with strange characters.  [Fox Searchlight]",https://www.metacritic.com/movie/waking-life/,true,false
1450,walk-the-line,Walk the Line,2005,72,78,175,The story of the young Johnny Cash and his incendiary love affair with June Carter Cash come to life in Walk the Line.  (20th Century Fox),https://www.metacritic.com/movie/walk-the-line/,false,true
1451,walk-up,Walk Up,2023,87,78,9,"Byungsoo (Kwon Haehyo), a film director, goes with his daughter Jeongsu (Park Miso), an aspiring interior designer, to a building owned by an old friend (Lee Hyeyoung) already established in the design field. She gives them a tour of the property, which includes a restaurant and cooking studio on the first two floors, her office in the basement, a residence on the third floor and an artist’s studio at the top. The three of them amicably chat the day away. But when his daughter leaves to get more wine, Byungsoo is left to spend time with the landlord and the other residents of her building.",https://www.metacritic.com/movie/walk-up/,true,false
1452,walkabout,Walkabout,1971,85,81,19,"Two city-bred siblings are stranded in the Australian Outback, where they learn to survive with the aid of an Aboriginal boy on his ""walkabout"": a ritual separation from his tribe.",https://www.metacritic.com/movie/walkabout/,true,false
1453,wall-e,WALL-E,2008,95,89,2275,"After hundreds of lonely years of doing what he was built for, Wall-E discovers a new purpose in life when he meets a sleek search robot named EVE. [Walt Disney Pictures]",https://www.metacritic.com/movie/wall-e/,true,true
1454,wall-street,Wall Street,1987,56,74,105,"Bud Fox has his sights set on conquering Wall Street.  When legendary broker, Gordon Gekko, takes him under his wing, Fox figures he's on his way. But the road to success is paved with all sorts of corrupt acts that compromise his integrity and sense of self.  Will he be able to get out before it's too late, that is, if Gekko will let him out?",https://www.metacritic.com/movie/wall-street/,false,true
1455,wallace-gromit-the-curse-of-the-were-rabbit,Wallace & Gromit: The Curse of the Were-Rabbit,2005,87,80,254,"The cheese-loving Wallace and his ever faithful dog Gromit, the much-loved duo from Aardman's Oscar-winning clay-animated shorts star in an all new comedy adventure, marking their first full-length feature film.  [DreamWorks]",https://www.metacritic.com/movie/wallace-gromit-the-curse-of-the-were-rabbit/,true,true
1456,waltz-with-bashir,Waltz with Bashir,2008,91,82,118,"One night at a bar, an old friend tells director Ari about a recurring nightmare in which he is chased by 26 vicious dogs. Every night, the same number of beasts. The two men conclude that there’s a connection to their Israeli Army mission in the first Lebanon War of the early eighties. Ari is surprised that he can’t remember a thing anymore about that period of his life. Intrigued by this riddle, he decides to meet and interview old friends and comrades around the world. He needs to discover the truth about that time and about himself. As Ari delves deeper and deeper into the mystery, his memory begins to creep up in surreal images. [Sony Classics]",https://www.metacritic.com/movie/waltz-with-bashir/,true,false
1457,wargames,WarGames,1983,77,76,63,"At the height of the Cold War, an American teenager (Matthew Broderick) finds a back door into a military central computer (WOPR) in which reality is confused with game-playing, threatening to start World War III.",https://www.metacritic.com/movie/wargames/,false,true
1458,warrior,Warrior,2011,71,83,469,"An ex-Marine haunted by a tragic past, Tommy Riordan returns to his hometown of Pittsburgh and enlists his father, a recovered alcoholic and his former coach, to train him for an MMA tournament awarding the biggest purse in the history of the sport. As Tommy blazes a violent path towards the title prize, his brother, Brendan, a former MMA fighter unable to make ends meet as a public school teacher, returns to the amateur ring to provide for his family. Even though years have passed, recriminations and past betrayals keep Brendan bitterly estranged from both Tommy and his father. But when Brendan's unlikely rise as an underdog sets him on a collision course with Tommy, the two brothers must finally confront the forces that tore them apart, all the while waging the most intense, winner-takes-all battle of their lives. (Lionsgate)",https://www.metacritic.com/movie/warrior/,false,true
1459,waynes-world,Wayne's World,1992,57,75,116,"In the tradition of “The Ten Commandments,” “Lawrence Of Arabia” and “Gandhi” comes a sweeping screen epic bursting with spectacle and drama... NOT!  It's Wayne's World, the hilarious, party-down movie of the year, featuring rockin' tunes, radical babes, and your most excellent hosts, Wayne Campbell (Mike Myers) and Garth Algar (Dana Carvey).  [Paramount Pictures]",https://www.metacritic.com/movie/waynes-world/,false,true
1460,we-are-the-best!,We Are the Best!,2014,87,75,58,Three girls in 1980’s Stockholm decide to form a punk band—despite not having any instruments and being told by everyone that punk is dead.,https://www.metacritic.com/movie/we-are-the-best!/,true,false
1461,we-need-to-talk-about-kevin,We Need to Talk About Kevin,2011,68,74,245,"We Need to Talk About Kevin explores the factious relationship between a mother and her evil son. Tilda Swinton plays the mother, Eva, as she contends for 15 years with the increasing malevolence of her first-born child, Kevin. Based on the best-selling novel of the same name, We Need to Talk About Kevin explores nature vs. nurture on a whole new level as Eva's own culpability is measured against Kevin's innate evilness. (Oscilloscope Laboratories)",https://www.metacritic.com/movie/we-need-to-talk-about-kevin/,false,true
1462,we-were-here,We Were Here,2011,94,63,86,"We Were Here documents the coming of what was called the “Gay Plague” in the early 1980s. It illuminates the profound personal and community issues raised by the AIDS epidemic as well as the broad political and social upheavals it unleashed.  It offers a cathartic validation for the generation that suffered through, and responded to, the onset of AIDS. It opens a window of understanding to those who have only the vaguest notions of what transpired in those years. It provides insight into what society could, and should, offer its citizens in the way of medical care, social services, and community support. [Red Flag Releasing]",https://www.metacritic.com/movie/we-were-here/,true,false
1463,weekend,Weekend,2011,81,85,107,"After meeting one lonely Friday night at a bar, Russell and Glen find themselves caught up in an lost weekend full of sex, drugs, and intimate conversation. Although they have conflicting ideas of what it is they want from life and certainly how to get it, they form a startling emotional connection that will resonate throughout their lives. (Sundance Selects)",https://www.metacritic.com/movie/weekend/,false,true
1464,welcome-to-chechnya,Welcome to Chechnya,2020,86,75,44,"Searing urgency is a guiding force as Welcome to Chechnya shadows a group of activists who risk unimaginable peril to confront the ongoing anti-LGBTQ+ pogrom raging in the repressive and closed Russian republic. Since 2016, Chechnya’s tyrannical leader, Ramzan Kadyrov, has waged a depraved operation to “cleanse the blood” of LGBTQ+ Chechens, overseeing a government-directed campaign to detain, torture, and execute them. With no help from the Kremlin and only faint global condemnation of the violence, a vast and secretive network of activists takes matters into its own hands.",https://www.metacritic.com/movie/welcome-to-chechnya/,true,false
1465,welcome-to-the-rileys,Welcome to the Rileys,2010,50,82,56,"Welcome to the Rileys is a powerful drama about finding hope in the most unusual of places. Once a happily married and loving couple, Doug and Lois Riley have grown apart since losing their teenage daughter eight years prior. Leaving his agoraphobic wife behind to go on a business trip to New Orleans, Doug meets a 17-year-old runaway and the two form a platonic bond. For Lois and Doug, what initially appears to be the final straw that will derail their relationship, turns out to be the inspiration they need to renew their marriage. (Samuel Goldwyn Films)",https://www.metacritic.com/movie/welcome-to-the-rileys/,false,true
1466,werckmeister-harmonies,Werckmeister Harmonies,2001,93,82,77,"Based on László Krasznahorkai's novel ""The Melancholy of Resistance,"" this is an uncanny fable about powerlessness and tyranny. Set in a small Hungarian village at a moment of great crisis, a mysterious circus comes to town with a giant whale and news of an appearance by a Prince known for his strange powers. Soon the locals' emotions are stirred to a fever pitch of anticipation.  (Anthology Film Archives)",https://www.metacritic.com/movie/werckmeister-harmonies/,true,false
1467,west-side-story,West Side Story,1961,86,81,100,"Two youngsters from rival New York City gangs fall in love, but tensions between their respective friends build toward tragedy.",https://www.metacritic.com/movie/west-side-story/,true,true
1468,west-side-story-2020,West Side Story,2021,85,69,261,This reimagining of the beloved musical West Side Story tells the classic tale of fierce rivalries and young love in 1957 New York City.,https://www.metacritic.com/movie/west-side-story-2020/,true,false
1469,western,Western,2015,89,63,16,"For generations, all that distinguished Eagle Pass, TX, from Piedras Negras, MX, was the Rio Grande. But when darkness descends upon these harmonious border towns, a cowboy and lawman face a new reality that threatens their way of life.",https://www.metacritic.com/movie/western/,true,false
1470,what-the-constitution-means-to-me,What the Constitution Means to Me,2020,87,82,5,"A filmed version of the Broadway production of Heidi Schreck's play presenting multiple facets, historical perspectives and personal experiences with the U.S. Constitution.",https://www.metacritic.com/movie/what-the-constitution-means-to-me/,true,false
1471,whats-eating-gilbert-grape,What's Eating Gilbert Grape,1994,73,78,86,"After his father's death, Gilbert (Johnny Depp) has to care for his mentally disabled brother, Arnie (Leonardo DiCaprio), and his morbidly obese mother. The arrangement is suddenly challenged when love walks into his life.",https://www.metacritic.com/movie/whats-eating-gilbert-grape/,false,true
1472,wheel-of-fortune-and-fantasy,Wheel of Fortune and Fantasy,2021,86,78,36,"An unexpected love triangle, a failed seduction, and a chance encounter with the past. In Episode 1: Magic (or Something Less Assuring), a young woman is startled when she realizes that her best friend’s new flame might just be her ex; in Episode 2: Door Wide Open, a disgruntled student plots to trick his college professor, using his friend-with-benefits as bait; and in Episode 3: Once Again, a girl’s college reunion leads to an unanticipated run-in with an old friend, and awakens feelings long since forgotten. [Film Movement]",https://www.metacritic.com/movie/wheel-of-fortune-and-fantasy/,true,false
1473,when-the-levees-broke-a-requiem-in-four-acts,When the Levees Broke: A Requiem in Four Acts,2006,89,64,7,An examination of the U.S. government's response to Hurricane Katrina.,https://www.metacritic.com/movie/when-the-levees-broke-a-requiem-in-four-acts/,true,false
1474,whiplash,Whiplash,2014,89,88,1837,"Andrew Neyman (Miles Teller), a young jazz drummer who attends one of the best music schools in the country under the tutelage of the school’s fearsome maestro of jazz named Terence Fletcher (J.K. Simmons), struggles to make it as a top jazz drummer.",https://www.metacritic.com/movie/whiplash/,true,false
1475,whisper-of-the-heart,Whisper of the Heart,1996,75,81,80,"A chance encounter with a mysterious cat sends Shizuku, a quiet schoolgirl, on a quest for her true talent. Together with Seiji, a boy determined to follow his dreams, and enchanted by The Baron, a magical cat figurine who helps her listen to the whispers of her heart, Shizuku embarks on a life-changing adventure that takes her beyond the boundaries of her imagination.",https://www.metacritic.com/movie/whisper-of-the-heart/,false,true
1476,white-heat,White Heat,1949,89,80,22,A psychopathic criminal with a mother complex makes a daring break from prison and leads his old gang in a chemical plant payroll heist.,https://www.metacritic.com/movie/white-heat/,true,false
1477,who-framed-roger-rabbit,Who Framed Roger Rabbit,1988,83,82,310,"Gumshoe detective Eddie Valiant (Hoskins) is on the job in both Hollywood and Toontown, and the line between reality and fantasy gets blurred as Eddie tries to solve a major ""who dunnit."" He's thrown for quite a set of curves when he meets Jessica Rabbit, the sultry ""toon"" who whispers ""I'm not bad, I'm just drawn that way."" When Eddie gets mixed up with the fast-talking ""toon"" Roger Rabbit (Fleischer) he finds himself crossing paths with such characters as the hilarious Baby Herman, Benny the Cab, the sinister Judge Doom and more, in a wacky adventure of a lifetime. (Buena Vista)",https://www.metacritic.com/movie/who-framed-roger-rabbit/,false,true
1478,wild-strawberries,Wild Strawberries,1959,88,82,44,"After living a life marked by coldness, an aging professor is forced to confront the emptiness of his existence.",https://www.metacritic.com/movie/wild-strawberries/,true,false
1479,wild-target,Wild Target,2010,41,76,54,"Victor Maynard is a middle-aged, solitary assassin, who lives to please his formidable mother, despite his own peerless reputation for lethal efficiency. His professional routine is interrupted when he finds himself drawn to one of his intended victims, Rose. (Freestyle Releasing)",https://www.metacritic.com/movie/wild-target/,false,true
1480,willow,Willow,1988,47,74,85,A reluctant dwarf must play a critical role in protecting a special baby from an evil queen.,https://www.metacritic.com/movie/willow/,false,true
1481,willy-wonka-the-chocolate-factory,Willy Wonka & the Chocolate Factory,1971,67,79,126,A poor but hopeful boy seeks one of the five coveted golden tickets that will send him on a tour of Willy Wonka's mysterious chocolate factory.,https://www.metacritic.com/movie/willy-wonka-the-chocolate-factory/,false,true
1482,wings-of-desire,Wings of Desire,1988,79,77,101,"Wim Wenders directed this enchanting fantasy about an angel who, while wandering unseen through West Berlin, falls in love with a beautiful circus performer and decides to become human.  (MGM)",https://www.metacritic.com/movie/wings-of-desire/,false,true
1483,winnie-the-pooh,Winnie the Pooh,2011,74,76,150,"Walt Disney Animation Studios returns to the Hundred Acre Wood with Winnie the Pooh, the first big-screen Pooh adventure from Disney animation in more than 35 years. With the charm, wit and whimsy of the original featurettes, this all-new movie reunites audiences with the philosophical ""bear of very little brain"" and friends Tigger, Rabbit, Piglet, Kanga, Roo—and last, but certainly not least, Eeyore, who has lost his tail. ""Well a tail is either there or it isn't there,"" said Pooh. ""And yours isn't... there."" Owl sends the whole gang on a wild quest to save Christopher Robin from an imaginary culprit. It turns out to be a very busy day for a bear who simply set out to find some hunny. Inspired by five stories from A.A. Milne's books in Disney's classic, hand-drawn art style, Winnie the Pooh hits theaters July 15, 2011. (Walt Disney Pictures)",https://www.metacritic.com/movie/winnie-the-pooh/,false,true
1484,winter-sleep,Winter Sleep,2014,88,83,131,"Aydin (Haluk Bilginer), a former actor, runs a small hotel in central Anatolia with his young wife Nihal with whom he has a stormy relationship and his sister Necla who is suffering from her recent divorce. In winter as the snow begins to fall, the hotel turns into a shelter but also an inescapable place that fuels their animosities.",https://www.metacritic.com/movie/winter-sleep/,true,false
1485,winters-bone,Winter's Bone,2010,90,75,495,"This tense, naturalistic thriller follows 17-year-old Ree Dolly as she confronts the local criminal underworld and the harsh Ozark wilderness in order to to track down her father, who has put up the family homestead for his bail. Featuring a star-making performance by Jennifer Lawrence, Winter's Bone is sure to be one of the most-critically acclaimed films of the year. (Roadside Attractions)",https://www.metacritic.com/movie/winters-bone/,true,false
1486,withnail-and-i,Withnail and I,1987,87,72,26,"London 1969 - two unemployed and unemployable actors, Withnail and Marwood, fed up with damp, cold, piles of washing-up, mad drug dealers and psychotic Irishmen, decide to leave their squalid Camden flat for an idyllic holiday in the countryside, courtesy of Withnail's uncle Monty's country cottage. But when they get there, it rains non-stop, there's no food, and their basic survival skills turn out to be somewhat limited. Matters are not helped by the arrival of Uncle Monty, who shows an uncomfortably keen interest in Marwood.",https://www.metacritic.com/movie/withnail-and-i/,true,false
1487,witness,Witness,1985,76,78,100,Samuel Lap (Haas) a young Amish boy witnesses a murder while visiting Philadelphia with his mother Rachel (McGillis). Detective John Book (Ford) goes undercover in Amish country when he realizes the killer is a corrupt cop out to kill the only witness.,https://www.metacritic.com/movie/witness/,false,true
1488,wojnarowicz,Wojnarowicz,2021,90,46,7,"Wojnarowicz: F**k You F*ggot F**ker is a fiery and urgent documentary portrait of downtown New York City artist, writer, photographer, and activist David Wojnarowicz. As New York City became the epicenter of the AIDS epidemic in the 1980s, Wojnarowicz weaponized his work and waged war against the establishment’s indifference to the plague until his death from it in 1992 at the age of 37. Exclusive access to his breathtaking body of work – including paintings, journals, and films – reveals how Wojnarowicz emptied his life into his art and activism. Rediscovered answering machine tape recordings and intimate recollections from Fran Lebowitz, Gracie Mansion, Peter Hujar, and other friends and family help present a stirring portrait of this fiercely political, unapologetically queer artist. [Kino Lorber]",https://www.metacritic.com/movie/wojnarowicz/,true,false
1489,wolfwalkers,Wolfwalkers,2020,87,85,218,"In a time of superstition and magic, a young apprentice hunter, Robyn Goodfellowe, journeys to Ireland with her father to wipe out the last wolf pack. While exploring the forbidden lands outside the city walls, Robyn befriends a free- spirited girl, Mebh, a member of a mysterious tribe rumored to have the ability to transform into wolves by night. As they search for Mebh’s missing mother, Robyn uncovers a secret that draws her further into the enchanted world of the wolfwalkers and risks turning into the very thing her father is tasked to destroy.",https://www.metacritic.com/movie/wolfwalkers/,true,false
1490,woodstock-1970,Woodstock,1970,95,87,20,"It happened on a small farm in upstate New York, for three remarkable days of mud and happiness in 1969, when over half a million people came together to celebrate life, love, and music--Woodstock. One camera crew was there, in the middle of everything, recording the live performances of many of the greatest singers and musicians of the era, and the joy, peace and rock 'n' roll experienced by hundreds of thousands.",https://www.metacritic.com/movie/woodstock-1970/,true,false
1491,written-on-the-wind,Written on the Wind,1956,86,70,10,"Alcoholic playboy Kyle Hadley marries the woman secretly loved by his poor but hard-working best friend, who in turn is pursued by Kyle's nymphomaniac sister.",https://www.metacritic.com/movie/written-on-the-wind/,true,false
1492,x-men-first-class,X-Men: First Class,2011,65,78,1500,"X-Men: First Class, following the classic Marvel mythology, charts the epic beginning of the X-Men saga. Before Charles Xavier and Erik Lensherr took the names Professor X and Magneto, they were two young men discovering their powers for the first time. Before they were archenemies, they were closest of friends, working together, with other Mutants (some familiar, some new), to stop the greatest threat the world has ever known. In the process, a rift between them opened, which began the eternal war between Magneto's Brotherhood and Professor X's X-Men. [20th Century Fox]",https://www.metacritic.com/movie/x-men-first-class/,false,true
1493,x2-x-men-united,X2: X-Men United,2003,68,78,695,"Mutants continue to struggle against a society that fears and distrusts them. Their cause becomes even more desperate following an incredible attack by an as yet undetermined assailant possessing extraordinary abilities. With the fates of mankind - and mutantkind - in their hands, the X-Men Face their most dangerous mission ever. [20th Century Fox]",https://www.metacritic.com/movie/x2-x-men-united/,false,true
1494,y-tu-mama-tambien,Y Tu Mamá También,2002,89,79,215,"Abandoned by their girlfriends for the summer, two teenagers meet an exotic older woman at a wedding, and they embark on a road trip together.",https://www.metacritic.com/movie/y-tu-mama-tambien/,true,true
1495,yankee-doodle-dandy,Yankee Doodle Dandy,1942,89,69,9,"The life of the renowned musical composer, playwright, actor, dancer, and singer George M. Cohan.",https://www.metacritic.com/movie/yankee-doodle-dandy/,true,false
1496,yes-2025,Yes,2026,85,38,5,"In the days following October 7, Y., a jazz musician, and his wife Yasmin, a dancer, resolve to say yes to everything. Y. and Yasmin sell their bodies and souls to the highest bidder, surrendering themselves and their art to Israel’s social, political and military elite. Soon, Y. is entrusted with a mission of the utmost importance: to compose the music for a rousing, ruthless new national anthem.",https://www.metacritic.com/movie/yes-2025/,true,false
1497,yi-yi,Yi Yi,2000,94,86,90,"This film portrays life through portraits of the individual members of a Taiwanese family, each representing a stage from birth to death.  [WinStar Cinema]",https://www.metacritic.com/movie/yi-yi/,true,true
1498,yojimbo,Yojimbo,1961,93,84,80,A crafty ronin comes to a town divided by two criminal gangs and decides to play them against each other to free the town.,https://www.metacritic.com/movie/yojimbo/,true,true
1499,you-can-count-on-me,You Can Count on Me,2000,85,75,66,"A young mother (Laura Linney) is cheating on her fiancé (Jon Tenney) with her boss (Matthew Broderick), and her life becomes further complicated by the return home of her wild brother (Mark Ruffalo).",https://www.metacritic.com/movie/you-can-count-on-me/,true,true
1500,young-frankenstein,Young Frankenstein,1974,83,82,91,The grandson of the infamous Dr. Frankenstein reluctantly decides to follow in his footsteps in this parody of horror films.,https://www.metacritic.com/movie/young-frankenstein/,false,true
1501,young-mr-lincoln,Young Mr. Lincoln,1939,91,74,12,A fictionalized account of the early life of the American president as a young lawyer facing his greatest court case.,https://www.metacritic.com/movie/young-mr-lincoln/,true,false
1502,z-1969,Z,1969,86,80,22,"Following the murder of a prominent leftist, an investigator tries to uncover the truth while government officials attempt to cover up their roles.",https://www.metacritic.com/movie/z-1969/,true,false
1503,zama,Zama,2018,89,71,49,"Zama, an officer of the Spanish Crown born in South America, waits for a letter from the King granting him a transfer from the town in which he is stagnating, to a better place. His situation is delicate. He must ensure that nothing overshadows his transfer. He is forced to accept submissively every task entrusted to him by successive Governors who come and go as he stays behind. The years go by and the letter from the King never arrives. When Zama notices everything is lost, he joins a party of soldiers that go after a dangerous bandit. [Strand Releasing]",https://www.metacritic.com/movie/zama/,true,false
1504,zero-dark-thirty,Zero Dark Thirty,2012,95,70,1360,"For a decade, an elite team of intelligence and military operatives, working in secret across the globe, devoted themselves to a single goal: to find and eliminate Osama bin Laden. [Columbia Pictures]",https://www.metacritic.com/movie/zero-dark-thirty/,true,false
1505,zodiac,Zodiac,2007,79,80,660,"Based on the actual case files of one of the most intriguing unsolved crimes in the nation's history, Zodiac is a thriller from David Fincher, director of ""Seven"" and ""Fight Club."" As a serial killer terrifies the San Francisco Bay Area and taunts police with his ciphers and letters, investigators in four jurisdictions search for the murderer. The case will become an obsession for four men as their lives and careers are built and destroyed by the endless trail of clues.  (Paramount Pictures)",https://www.metacritic.com/movie/zodiac/,false,true
1506,zombieland,Zombieland,2009,73,78,755,"Columbus has made a habit of running from what scares him. Tallahassee doesn't have fears. If he did, he'd kick their ever-living ass. In a world overrun by zombies, these two are perfectly evolved survivors. But now, they're about to stare down the most terrifying prospect of all: each other. (Sony Pictures)",https://www.metacritic.com/movie/zombieland/,false,true
