movie_slug,subgenre_name
-1963,comedy drama
-1963,drama film
-1963,fantasy film
10-cloverfield-lane,action film
10-cloverfield-lane,disaster film
10-cloverfield-lane,drama film
10-cloverfield-lane,fantasy film
10-cloverfield-lane,horror film
10-cloverfield-lane,science fiction film
10-cloverfield-lane,thriller film
10-things-i-hate-about-you,comedy drama
10-things-i-hate-about-you,coming-of-age film
10-things-i-hate-about-you,romantic comedy film
10-things-i-hate-about-you,teen film
10-years,comedy drama
10-years,drama film
10-years,romantic comedy
100-bloody-acres,comedy horror
100-nights-of-hero,fantasy film
100-nights-of-hero,historical fantasy
1000-times-good-night,drama film
10000-bc,action film
10000-bc,adventure film
10000-bc,drama film
10000-bc,fantasy film
10000-bc,historical film
10000-bc,science fiction film
10000-km,drama film
10000-km,romance film
101-dalmatians,comedy film
101-dalmatians,family film
101-dalmatians,fantasy film
101-dalmatians-1961,comedy film
101-dalmatians-1961,family film
101-dalmatians-1961,fantasy film
102-dalmatians,children's film
102-dalmatians,comedy film
102-dalmatians,fantasy film
12,crime film
12,thriller film
12,trial film
12-angry-men,drama film
12-angry-men,huis-clos film
12-angry-men,trial film
12-hour-shift,comedy film
12-hour-shift,horror film
12-hour-shift,thriller film
12-oclock-boys,documentary film
12-rounds,action film
12-rounds,crime film
12-rounds,thriller film
12-years-a-slave,biographical film
12-years-a-slave,drama film
1208-east-of-bucharest,comedy film
127-hours,biographical film
127-hours,docudrama
127-hours,drama film
127-hours,independent film
127-hours,survival film
13-assassins,action film
13-assassins,drama film
13-assassins,samurai cinema
13-going-on-30,coming-of-age film
13-going-on-30,fantasy film
13-going-on-30,romantic comedy film
13-going-on-30,teen film
13-minutes,biographical film
13-minutes,drama film
13-minutes,war film
13th,documentary film
1408,drama film
1408,ghost film
1408,horror film
1408,psychological horror film
1408,thriller film
16-blocks,action film
16-blocks,buddy cop film
16-blocks,crime film
16-blocks,drama film
1900,drama film
1900,romance film
1917,drama film
1917,war film
1922,horror film
1945,drama film
1971,documentary film
1985,drama film
1985,LGBTQ-related film
1br,drama film
1br,horror film
1br,thriller film
2-days-in-new-york,comedy drama
2-days-in-new-york,romantic comedy
2-fast-2-furious,action film
2-fast-2-furious,crime film
2-fast-2-furious,thriller film
20-days-in-mariupol,documentary film
20-days-in-mariupol,war film
20-feet-from-stardom,documentary film
20-feet-from-stardom,musical film
2000-meters-to-andriivka,documentary film
20000-days-on-earth,biographical film
20000-days-on-earth,documentary film
20000-species-of-bees,drama film
20000-species-of-bees,LGBTQ-related film
2001-a-space-odyssey,arthouse science fiction film
2001-a-space-odyssey,epic film
2001-a-space-odyssey,mystery film
2001-a-space-odyssey,space adventure film
2012,disaster film
2012,science fiction film
2046,drama film
2046,romance film
20th-century-women,comedy film
20th-century-women,drama film
21,crime film
21,drama film
21-grams,crime film
21-grams,drama film
21-jump-street,action film
21-jump-street,buddy cop film
21-jump-street,buddy film
21-jump-street,comedy film
21-jump-street,crime film
21-jump-street,teen film
22-july,crime film
22-july,documentary film
22-july,drama film
22-july,historical film
22-july,thriller film
22-jump-street,action film
22-jump-street,buddy cop film
22-jump-street,comedy film
22-jump-street,teen film
24-city,drama film
24-frames,drama film
24-hour-party-people,biographical film
24-hour-party-people,comedy film
24-hour-party-people,drama film
24-hour-party-people,musical film
25th-hour,crime film
25th-hour,drama film
28-days-later,action film
28-days-later,drama film
28-days-later,dystopian film
28-days-later,horror film
28-days-later,independent film
28-days-later,post-apocalyptic film
28-days-later,science fiction film
28-days-later,science fiction horror film
28-days-later,zombie film
28-weeks-later,horror film
28-weeks-later,post-apocalyptic film
28-weeks-later,science fiction film
28-weeks-later,zombie film
28-years-later,dystopian film
28-years-later,horror film
28-years-later,post-apocalyptic film
28-years-later,science fiction film
28-years-later,science fiction horror film
28-years-later,thriller film
28-years-later,zombie film
28-years-later-the-bone-temple,dystopian film
28-years-later-the-bone-temple,horror film
28-years-later-the-bone-temple,post-apocalyptic film
28-years-later-the-bone-temple,science fiction film
28-years-later-the-bone-temple,science fiction horror film
3-12-minutes-10-bullets,crime film
3-12-minutes-10-bullets,documentary film
3-backyards,drama film
3-faces,drama film
3-godfathers,Christmas film
3-godfathers,drama film
3-godfathers,Western film
3-hearts,drama film
3-idiots,buddy film
3-idiots,comedy drama
3-idiots,comedy film
3-idiots,drama film
3-idiots,musical film
3-idiots,romance film
3-iron,crime film
3-iron,drama film
30-minutes-or-less,action comedy film
30-minutes-or-less,comedy film
30-minutes-or-less,crime film
30-minutes-or-less,mystery film
310-to-yuma,crime film
310-to-yuma,drama film
310-to-yuma,Western film
310-to-yuma-1957,Western film
35-shots-of-rum,drama film
4,documentary film
4-little-girls,biographical film
4-little-girls,documentary film
4-little-girls,independent film
4-months-3-weeks-and-2-days,drama film
40-acres,post-apocalyptic film
40-acres,thriller film
40-days-and-40-nights,drama film
40-days-and-40-nights,romantic comedy
40-years-in-the-making-the-magic-music-movie,documentary film
42,biographical film
42,drama film
42,sport film
42nd-street,drama film
42nd-street,musical film
45-years,drama film
45365,documentary film
48-hrs,action film
48-hrs,buddy film
48-hrs,comedy film
48-hrs,crime film
48-hrs,thriller film
49-up,documentary film
5-broken-cameras,documentary film
5-days-of-war,action film
5-days-of-war,drama film
5-days-of-war,political thriller film
5-days-of-war,thriller film
5-days-of-war,war film
50-first-dates,romantic comedy film
500-days-of-summer,comedy drama
500-days-of-summer,comedy film
500-days-of-summer,coming-of-age film
500-days-of-summer,romantic comedy
5050,comedy film
5050,drama film
52-tuesdays,LGBTQ-related film
56-up,documentary film
6-balloons,drama film
7-boxes,comedy film
7-chinese-brothers,comedy film
7-days,comedy film
7-days,drama film
7-prisoners,crime film
7-prisoners,drama film
71,action film
71,crime film
71,drama film
71,thriller film
71,war film
71-fragments-of-a-chronology-of-chance,drama film
7500-2020,drama film
76-days,documentary film
8-mile,coming-of-age film
8-mile,drama film
8-mile,hood film
8-mile,musical film
88-minutes,crime film
88-minutes,drama film
88-minutes,psychological thriller
99-homes,drama film
a-band-called-death,documentary film
a-beautiful-day-in-the-neighborhood,biographical film
a-beautiful-day-in-the-neighborhood,drama film
a-beautiful-mind,biographical film
a-beautiful-mind,drama film
a-better-life,drama film
a-better-tomorrow,action film
a-better-tomorrow,buddy film
a-better-tomorrow,crime film
a-better-tomorrow,drama film
a-bigger-splash,drama film
a-bigger-splash,erotic thriller
a-bigger-splash,mystery film
a-bigger-splash,thriller film
a-birders-guide-to-everything,comedy film
a-borrowed-identity,drama film
a-boy-and-his-dog,arthouse science fiction film
a-boy-and-his-dog,comedy drama
a-boy-and-his-dog,comedy thriller
a-boy-and-his-dog,dystopian film
a-boy-and-his-dog,horror film
a-boy-and-his-dog,post-apocalyptic film
a-boy-and-his-dog,science fiction film
a-boy-called-christmas,Christmas film
a-boy-called-christmas,family film
a-boy-called-christmas,fantasy film
a-brief-history-of-time,biographical film
a-brief-history-of-time,documentary film
a-brilliant-young-mind,comedy drama
a-brilliant-young-mind,coming-of-age film
a-brilliant-young-mind,drama film
a-brilliant-young-mind,teen film
a-bronx-tale,action film
a-bronx-tale,comedy drama
a-bronx-tale,comedy film
a-bronx-tale,coming-of-age film
a-bronx-tale,crime comedy film
a-bronx-tale,crime drama film
a-bronx-tale,crime film
a-bronx-tale,crime thriller film
a-bronx-tale,drama film
a-bronx-tale,gangster film
a-bronx-tale,melodrama
a-bronx-tale,mystery film
a-bronx-tale,romance film
a-bugs-life,adventure film
a-bugs-life,children's film
a-bugs-life,comedy film
a-call-to-spy,spy film
a-canterbury-tale,comedy drama
a-canterbury-tale,drama film
a-canterbury-tale,war film
a-cat-in-paris,adventure film
a-cat-in-paris,comedy film
a-cat-in-paris,crime film
a-chiara,drama film
a-christmas-carol,animated film
a-christmas-carol,Christmas film
a-christmas-carol,comedy drama
a-christmas-carol,drama film
a-christmas-carol,fantasy film
a-christmas-carol,ghost film
a-christmas-story,Christmas film
a-christmas-story,comedy film
a-christmas-tale,Christmas film
a-christmas-tale,comedy drama
a-christmas-tale,drama film
a-ciambra,drama film
a-cinderella-story,children's film
a-cinderella-story,romantic comedy
a-cinderella-story,teen film
a-civil-action,drama film
a-civil-action,trial film
a-clockwork-orange,action film
a-clockwork-orange,arthouse science fiction film
a-clockwork-orange,black comedy film
a-clockwork-orange,comedy drama
a-clockwork-orange,crime comedy film
a-clockwork-orange,crime drama film
a-clockwork-orange,crime film
a-clockwork-orange,crime thriller film
a-clockwork-orange,drama film
a-clockwork-orange,dystopian film
a-clockwork-orange,exploitation film
a-clockwork-orange,mystery film
a-clockwork-orange,prison film
a-clockwork-orange,satirical film
a-clockwork-orange,science fiction film
a-clockwork-orange,speculative fiction film
a-clockwork-orange,thriller film
a-coffee-in-berlin,auteur film
a-coffee-in-berlin,comedy film
a-coffee-in-berlin,drama film
a-complete-unknown,biographical film
a-complete-unknown,drama film
a-complete-unknown,musical film
a-cop-movie,documentary film
a-couple,drama film
a-dangerous-method,drama film
a-different-man,psychological thriller film
a-disturbance-in-the-force,documentary film
a-dry-white-season,drama film
a-dry-white-season,trial film
a-face-in-the-crowd,drama film
a-faithful-man,drama film
a-family-thing,drama film
a-family-thing,romance film
a-fantastic-woman,drama film
a-fantastic-woman,LGBTQ-related film
a-field-in-england,speculative fiction film
a-film-unfinished,documentary film
a-fish-called-wanda,black comedy film
a-fish-called-wanda,crime comedy film
a-fish-called-wanda,heist film
a-fistful-of-dollars,action film
a-fistful-of-dollars,Spaghetti Western
a-fistful-of-dollars,Western film
a-foreign-affair-1948,romantic comedy
a-gay-girl-in-damascus-the-amina-profile,documentary film
a-gay-girl-in-damascus-the-amina-profile,LGBTQ-related film
a-ghost-story,drama film
a-ghost-story,fantasy film
a-ghost-story,ghost film
a-ghost-story,melodrama
a-ghost-story,supernatural film
a-girl-walks-home-alone-at-night,horror film
a-girl-walks-home-alone-at-night,vampire film
a-glitch-in-the-matrix,documentary film
a-good-baby,drama film
a-good-woman-is-hard-to-find,crime thriller film
a-good-year,comedy drama
a-good-year,romantic comedy
a-gray-state,documentary film
a-hard-day,action film
a-hard-day,crime film
a-hard-day,crime thriller film
a-hard-day,thriller film
a-hard-days-night,comedy film
a-hard-days-night,musical film
a-haunting-in-venice,crime film
a-haunting-in-venice,detective film
a-haunting-in-venice,drama film
a-haunting-in-venice,mystery film
a-haunting-in-venice,neo-noir
a-haunting-in-venice,police film
a-haunting-in-venice,thriller film
a-hero,drama film
a-hero,thriller film
a-hidden-life,biographical film
a-hidden-life,drama film
a-hidden-life,romance film
a-hidden-life,war film
a-hijacking,drama film
a-hijacking,pirate film
a-hijacking,thriller film
a-history-of-violence,action film
a-history-of-violence,crime thriller film
a-history-of-violence,detective film
a-history-of-violence,drama film
a-history-of-violence,thriller film
a-hologram-for-the-king,comedy film
a-hologram-for-the-king,drama film
a-house-made-of-splinters,documentary film
a-house-of-dynamite,thriller film
a-housekeeper,comedy film
a-housekeeper,drama film
a-jazzmans-blues,drama film
a-kid-like-jake,drama film
a-kid-like-jake,LGBTQ-related film
a-knights-tale,action film
a-knights-tale,adventure film
a-knights-tale,comedy film
a-knights-tale,knight film
a-knights-tale,romance film
a-late-quartet,drama film
a-league-of-their-own,comedy drama
a-league-of-their-own,comedy film
a-league-of-their-own,female buddy film
a-letter-to-momo,drama film
a-little-prayer,drama film
a-little-princess,children's film
a-little-princess,comedy film
a-little-princess,drama film
a-little-princess,fantasy film
a-little-princess,magic realist film
a-love-song,drama film
a-love-song,romance film
a-man-called-ove,comedy film
a-man-called-ove,drama film
a-man-for-all-seasons,biographical film
a-man-for-all-seasons,drama film
a-man-for-all-seasons,trial film
a-mighty-heart,biographical film
a-mighty-heart,drama film
a-mighty-wind,comedy film
a-mighty-wind,LGBTQ-related film
a-million-miles-away,biographical film
a-million-miles-away,drama film
a-moment-of-innocence,comedy film
a-moment-of-innocence,drama film
a-monster-calls,drama film
a-monster-calls,fantasy film
a-monster-with-a-thousand-heads,drama film
a-monster-with-a-thousand-heads,thriller film
a-most-violent-year,action film
a-most-violent-year,crime film
a-most-violent-year,drama film
a-most-violent-year,romance film
a-most-violent-year,thriller film
a-most-wanted-man,crime film
a-most-wanted-man,drama film
a-most-wanted-man,spy film
a-most-wanted-man,thriller film
a-murder-in-the-park,documentary film
a-nice-indian-boy,comedy film
a-nice-indian-boy,drama film
a-nice-indian-boy,LGBTQ-related film
a-nice-indian-boy,romance film
a-night-at-the-roxbury,buddy film
a-night-at-the-roxbury,comedy film
a-night-of-knowing-nothing,documentary film
a-nightmare-on-elm-street,ghost film
a-nightmare-on-elm-street,horror film
a-nightmare-on-elm-street,mystery film
a-nightmare-on-elm-street,slasher film
a-nightmare-on-elm-street,thriller film
a-nightmare-on-elm-street-1984,crime drama film
a-nightmare-on-elm-street-1984,crime film
a-nightmare-on-elm-street-1984,crime thriller film
a-nightmare-on-elm-street-1984,drama film
a-nightmare-on-elm-street-1984,exploitation film
a-nightmare-on-elm-street-1984,fantasy film
a-nightmare-on-elm-street-1984,ghost film
a-nightmare-on-elm-street-1984,horror film
a-nightmare-on-elm-street-1984,independent film
a-nightmare-on-elm-street-1984,psychological drama film
a-nightmare-on-elm-street-1984,psychological thriller film
a-nightmare-on-elm-street-1984,slasher film
a-nightmare-on-elm-street-1984,splatter film
a-nightmare-on-elm-street-1984,supernatural film
a-nightmare-on-elm-street-1984,supernatural horror film
a-nightmare-on-elm-street-1984,suspense film
a-nightmare-on-elm-street-1984,teen film
a-nightmare-on-elm-street-1984,teen horror film
a-nightmare-on-elm-street-1984,thriller film
a-nightmare-on-elm-street-3-dream-warriors,drama film
a-nightmare-on-elm-street-3-dream-warriors,fantasy film
a-nightmare-on-elm-street-3-dream-warriors,horror film
a-nightmare-on-elm-street-3-dream-warriors,independent film
a-nightmare-on-elm-street-3-dream-warriors,slasher film
a-nightmare-on-elm-street-3-dream-warriors,teen film
a-nightmare-on-elm-street-4-the-dream-master,horror film
a-nightmare-on-elm-street-4-the-dream-master,slasher film
a-nightmare-on-elm-street-4-the-dream-master,teen film
a-passage-to-india,drama film
a-perfect-murder,crime film
a-perfect-murder,thriller film
a-perfect-world,adventure film
a-perfect-world,crime film
a-perfect-world,drama film
a-pigeon-sat-on-a-branch-reflecting-on-existence,comedy film
a-pigeon-sat-on-a-branch-reflecting-on-existence,drama film
a-place-in-the-sun,drama film
a-place-in-the-sun,film noir
a-place-in-the-sun,romance film
a-poet,comedy film
a-poet,drama film
a-poet,tragicomedy
a-prairie-home-companion,comedy film
a-prairie-home-companion,musical film
a-prayer-before-dawn,boxing film
a-prayer-before-dawn,drama film
a-private-life,black comedy film
a-private-life,crime film
a-private-life,drama film
a-private-life,mystery film
a-private-war,biographical film
a-private-war,drama film
a-prophet,drama film
a-prophet,gangster film
a-prophet,prison film
a-prophet,thriller film
a-quiet-passion,biographical film
a-quiet-passion,drama film
a-quiet-place,apocalyptic film
a-quiet-place,horror film
a-quiet-place,post-apocalyptic film
a-quiet-place,science fiction film
a-quiet-place,thriller film
a-quiet-place-day-one,horror film
a-quiet-place-part-ii,horror film
a-quiet-place-part-ii,post-apocalyptic film
a-radiant-girl,coming-of-age film
a-radiant-girl,drama film
a-radiant-girl,historical film
a-real-pain,comedy drama
a-river-runs-through-it,biographical film
a-river-runs-through-it,coming-of-age film
a-river-runs-through-it,drama film
a-room-with-a-view,drama film
a-room-with-a-view,romantic comedy
a-royal-affair,biographical film
a-royal-affair,drama film
a-royal-affair,historical film
a-royal-affair,melodrama
a-royal-affair,romance film
a-royal-night-out,comedy drama
a-royal-night-out,romantic comedy film
a-scanner-darkly,arthouse science fiction film
a-scanner-darkly,drama film
a-scanner-darkly,dystopian film
a-scanner-darkly,science fiction film
a-screaming-man,drama film
a-secret-love,documentary film
a-secret-love,LGBTQ-related film
a-self-made-hero,drama film
a-separation,drama film
a-serious-man,comedy drama
a-serious-man,drama film
a-shaun-the-sheep-movie-farmageddon,adventure film
a-shaun-the-sheep-movie-farmageddon,comedy film
a-shaun-the-sheep-movie-farmageddon,family film
a-shaun-the-sheep-movie-farmageddon,science fiction film
a-shock-to-the-system,crime film
a-shock-to-the-system,thriller film
a-shot-in-the-dark-1969,comedy film
a-shot-in-the-dark-1969,crime film
a-shot-in-the-dark-1969,mystery film
a-simple-favor,comedy film
a-simple-favor,crime film
a-simple-favor,mystery film
a-simple-favor,thriller film
a-simple-life,drama film
a-simple-plan,crime film
a-simple-plan,drama film
a-simple-plan,neo-noir
a-single-man,drama film
a-single-man,LGBTQ-related film
a-somewhat-gentle-man,comedy film
a-somewhat-gentle-man,crime film
a-somewhat-gentle-man,drama film
a-star-is-born,musical film
a-star-is-born,romance film
a-star-is-born,romantic drama
a-star-is-born-1954,drama film
a-star-is-born-1954,musical film
a-star-is-born-1954,romance film
a-streetcar-named-desire,drama film
a-tale-of-two-cities,drama film
a-tale-of-two-cities,romance film
a-tale-of-two-sisters,drama film
a-tale-of-two-sisters,horror film
a-tale-of-two-sisters,mystery film
a-tale-of-two-sisters,psychological horror fiction
a-taste-of-hunger,drama film
a-taste-of-hunger,romance film
a-taxi-driver,action film
a-taxi-driver,drama film
a-taxi-driver,political thriller film
a-thousand-and-one,drama film
a-thousand-cuts,documentary film
a-time-for-drunken-horses,drama film
a-time-for-drunken-horses,war film
a-time-to-kill,crime film
a-time-to-kill,drama film
a-time-to-kill,thriller film
a-time-to-kill,trial film
a-time-to-kill,vigilante film
a-touch-of-sin,anthology film
a-touch-of-sin,drama film
a-town-called-panic,adventure film
a-town-called-panic,children's film
a-town-called-panic,comedy film
a-town-called-panic,fantasy film
a-travelers-needs,drama film
a-united-kingdom,biographical film
a-united-kingdom,drama film
a-united-kingdom,romance film
a-useful-ghost,black comedy film
a-useful-ghost,comedy drama
a-useful-ghost,fantasy film
a-very-harold-kumar-christmas,buddy film
a-very-harold-kumar-christmas,Christmas film
a-very-harold-kumar-christmas,comedy film
a-very-long-engagement,drama film
a-very-long-engagement,romance film
a-very-long-engagement,war film
a-view-to-a-kill,action film
a-view-to-a-kill,adventure film
a-view-to-a-kill,spy film
a-view-to-a-kill,thriller film
a-vigilante,drama film
a-walk-among-the-tombstones,crime film
a-walk-among-the-tombstones,crime thriller film
a-walk-among-the-tombstones,drama film
a-walk-among-the-tombstones,mystery film
a-walk-on-the-moon,comedy film
a-walk-on-the-moon,romance film
a-walk-to-remember,coming-of-age film
a-walk-to-remember,drama film
a-walk-to-remember,romance film
a-walk-to-remember,teen film
a-war,drama film
a-war,war film
a-white-white-day,drama film
a-wolf-at-the-door,drama film
a-woman-a-gun-and-a-noodle-shop,comedy drama
a-woman-in-berlin,drama film
a-woman-in-berlin,war film
a-woman-under-the-influence,art film
a-woman-under-the-influence,drama film
a-womans-life,drama film
a-wounded-fawn,horror film
a-wounded-fawn,mystery film
a-wounded-fawn,thriller film
abacus-small-enough-to-jail,documentary film
abbott-and-costello-meet-frankenstein,comedy film
abbott-and-costello-meet-frankenstein,comedy horror
abbott-and-costello-meet-frankenstein,crossover fiction
abbott-and-costello-meet-frankenstein,parody film
abbott-and-costello-meet-frankenstein,vampire film
abbott-and-costello-meet-frankenstein,werewolf film
abduction,action film
abduction,mystery film
abduction,teen film
abduction,thriller film
abe,comedy film
aberdeen,drama film
aberdeen,road movie
abigail,horror film
abigail,speculative fiction film
abigail,vampire film
abominable-2019,action film
abominable-2019,adventure film
abominable-2019,comedy film
abominable-2019,fantasy film
about-a-boy,comedy drama
about-a-boy,drama film
about-a-boy,romantic comedy
about-dry-grasses,drama film
about-elly-2009,drama film
about-endlessness,drama film
about-last-night,comedy drama
about-last-night,drama film
about-last-night,romantic comedy
about-last-night-1986,comedy drama
about-last-night-1986,comedy film
about-last-night-1986,melodrama
about-last-night-1986,romantic comedy
about-schmidt,comedy film
about-schmidt,drama film
above-and-beyond,biographical film
above-and-beyond,documentary film
absolutely-fabulous-the-movie,comedy film
absolutely-fabulous-the-movie,LGBTQ-related film
abundant-acreage-available,drama film
abuse-of-weakness,drama film
accepted,comedy film
accepted,teen film
ace-ventura-pet-detective,action film
ace-ventura-pet-detective,American football film
ace-ventura-pet-detective,comedy film
ace-ventura-pet-detective,LGBTQ-related film
ace-ventura-when-nature-calls,comedy film
across-the-universe,drama film
across-the-universe,fantasy film
across-the-universe,jukebox musical
across-the-universe,musical film
across-the-universe,romance film
active-measures,documentary film
ad-astra,epic film
ad-astra,science fiction film
ad-astra,thriller film
adam-2019,drama film
adams-rib,romantic comedy film
adaptation,comedy film
adaptation,drama film
adrift-2018,biographical film
adrift-2018,drama film
adrift-2018,romance film
adrift-2018,romantic drama
adult-beginners,drama film
adult-world,comedy film
adult-world,coming-of-age film
adult-world,LGBTQ-related film
advantageous,drama film
advantageous,science fiction film
adventureland,comedy drama
adventureland,coming-of-age film
adventureland,drama film
adventureland,romantic comedy film
adventureland,teen film
aferim!,adventure film
aferim!,comedy film
aferim!,drama film
aferim!,historical film
aferim!,Western film
affliction,crime film
affliction,drama film
afghan-star,documentary film
afire,drama film
african-cats,documentary film
african-cats,nature documentary
after-dark-my-sweet,drama film
after-dark-my-sweet,film noir
after-dark-my-sweet,neo-noir
after-hours,comedy film
after-life,drama film
after-life,fantasy film
after-love-2020,drama film
after-the-thin-man,comedy film
after-the-thin-man,comedy thriller
after-the-thin-man,crime film
after-the-thin-man,mystery film
after-the-wedding,drama film
after-tiller,documentary film
after-yang,drama film
after-yang,science fiction film
afterimage,drama film
aftermath,crime thriller film
afternoons-of-solitude,documentary film
aftershock-2022,documentary film
aftersun,drama film
aftersun,experimental film
aftersun,thriller film
agent-cody-banks,action film
agent-cody-banks,children's film
agent-cody-banks,romantic comedy
agent-cody-banks,spy film
agora,biographical film
agora,historical drama
agora,historical film
agora,sword-and-sandal film
ahead-of-time,comedy film
aheds-knee,drama film
ai-artificial-intelligence,drama film
ai-artificial-intelligence,post-apocalyptic film
ai-artificial-intelligence,science fiction film
ai-weiwei-never-sorry,biographical film
ai-weiwei-never-sorry,documentary film
aileen-life-and-death-of-a-serial-killer,crime film
aileen-life-and-death-of-a-serial-killer,documentary film
aimee-jaguar,drama film
aimee-jaguar,LGBTQ-related film
aimee-jaguar,romance film
aimee-jaguar,war film
aint-them-bodies-saints,crime film
aint-them-bodies-saints,drama film
aint-them-bodies-saints,independent film
aint-them-bodies-saints,prison film
aint-them-bodies-saints,romance film
air-2023,biographical film
air-2023,drama film
air-doll-2009,science fiction film
airplane!,comedy film
airplane!,disaster film
airplane!,parody film
airplane!,romantic comedy film
airplane!,slapstick
aisha,drama film
ajami,drama film
akeelah-and-the-bee,coming-of-age film
akeelah-and-the-bee,drama film
akeelah-and-the-bee,teen film
akira,action film
akira,cyberpunk
akira,dystopian film
akira,post-apocalyptic film
akira,science fiction anime
akira,science fiction film
aladdin,cinematic fairy tale
aladdin,fantasy comedy
aladdin,musical film
alan-partridge,comedy film
albert-nobbs,drama film
albert-nobbs,LGBTQ-related film
alcarras,drama film
alex-of-venice,drama film
alex-strangelove,comedy film
alex-strangelove,drama film
alex-strangelove,LGBTQ-related film
alexander,action film
alexander,biographical film
alexander,drama film
alexander,LGBTQ-related film
alexander,sword-and-sandal film
alexander,war film
ali,biographical film
ali,boxing film
ali,drama film
ali-ava,comedy drama
ali-ava,comedy film
ali-ava,drama film
alice-2019,drama film
alice-darling,thriller film
alice-doesnt-live-here-anymore,comedy film
alice-doesnt-live-here-anymore,drama film
alice-doesnt-live-here-anymore,romance film
alice-doesnt-live-here-anymore,romantic comedy film
alice-in-the-cities,drama film
alice-in-the-cities,road movie
alice-in-wonderland,cinematic fairy tale
alice-in-wonderland,fantasy film
alice-in-wonderland-1951,adventure film
alice-in-wonderland-1951,children's film
alice-in-wonderland-1951,coming-of-age film
alice-in-wonderland-1951,fantasy film
alice-in-wonderland-1951,musical film
alien-1979,action film
alien-1979,adventure film
alien-1979,body horror film
alien-1979,fantasy film
alien-1979,girls with guns
alien-1979,horror film
alien-1979,monster film
alien-1979,mystery film
alien-1979,science fiction action film
alien-1979,science fiction film
alien-1979,science fiction horror film
alien-1979,suspense film
alien-1979,thriller film
alien-covenant,action film
alien-covenant,adventure film
alien-covenant,drama film
alien-covenant,horror film
alien-covenant,monster film
alien-covenant,science fiction action film
alien-covenant,science fiction film
alien-covenant,science fiction horror film
alien-covenant,suspense film
alien-covenant,thriller film
alien-resurrection,action film
alien-resurrection,adventure film
alien-resurrection,black comedy film
alien-resurrection,comedy film
alien-resurrection,comedy horror film
alien-resurrection,horror film
alien-resurrection,science fiction action film
alien-resurrection,science fiction film
alien-resurrection,science fiction horror film
alien-resurrection,suspense film
alien-resurrection,thriller film
alien-romulus,action film
alien-romulus,adventure film
alien-romulus,horror film
alien-romulus,monster film
alien-romulus,science fiction action film
alien-romulus,science fiction film
alien-romulus,science fiction horror film
alien-romulus,suspense film
alien-romulus,teen film
alien-romulus,teen horror film
alien-romulus,thriller film
aliens,action film
aliens,adventure film
aliens,horror film
aliens,monster film
aliens,science fiction action film
aliens,science fiction film
aliens,science fiction horror film
aliens,suspense film
aliens,thriller film
aliens,war film
aliens-of-the-deep,documentary film
alive-inside-2014,documentary film
all-about-eve,comedy film
all-about-eve,drama film
all-about-lily-chou-chou,coming-of-age film
all-about-lily-chou-chou,drama film
all-about-lily-chou-chou,experimental film
all-about-my-mother,comedy drama
all-about-my-mother,transgender film
all-about-nina,comedy film
all-about-steve,romantic comedy
all-day-and-a-night,drama film
all-dirt-roads-taste-of-salt,drama film
all-good-things,crime film
all-good-things,drama film
all-good-things,romance film
all-in-the-fight-for-democracy,documentary film
all-is-lost,action film
all-is-lost,drama film
all-is-lost,survival film
all-is-true,drama film
all-is-true,historical film
all-is-well,drama film
all-my-puny-sorrows,drama film
all-of-us-strangers,fantasy film
all-of-us-strangers,romance film
all-of-you,drama film
all-of-you,romance film
all-of-you,science fiction film
all-or-nothing,comedy film
all-or-nothing,drama film
all-or-nothing,romance film
all-quiet-on-the-western-front,anti-war film
all-quiet-on-the-western-front,drama film
all-quiet-on-the-western-front,war film
all-quiet-on-the-western-front-2022,drama film
all-quiet-on-the-western-front-2022,historical film
all-quiet-on-the-western-front-2022,war film
all-saints,drama film
all-shall-be-well,drama film
all-that-breathes,documentary film
all-that-heaven-allows,Christmas film
all-that-heaven-allows,drama film
all-that-heaven-allows,romance film
all-that-jazz,biographical film
all-that-jazz,drama film
all-that-jazz,flashback film
all-that-jazz,musical film
all-the-beauty-and-the-bloodshed,biographical film
all-the-beauty-and-the-bloodshed,documentary film
all-the-bright-places,drama film
all-the-bright-places,romance film
all-the-money-in-the-world,biographical film
all-the-money-in-the-world,drama film
all-the-money-in-the-world,mystery film
all-the-money-in-the-world,thriller film
all-the-old-knives,thriller film
all-the-presidents-men,crime film
all-the-presidents-men,drama film
all-the-presidents-men,historical film
all-the-presidents-men,political thriller film
all-the-real-girls,drama film
all-the-real-girls,romance film
all-these-sleepless-nights,documentary film
all-together,comedy film
all-together,drama film
all-together-now-2020,drama film
all-we-imagine-as-light,drama film
all-you-need-is-kill-2025,science fiction anime and manga
alleluia,drama film
allied,drama film
allied,romance film
allied,thriller film
allied,war film
almost-famous,comedy film
almost-famous,coming-of-age film
almost-famous,drama film
almost-famous,musical film
almost-famous,teen film
alone,apocalyptic film
alone,zombie film
alone-in-the-dark,action film
alone-in-the-dark,horror film
alone-in-the-dark,monster film
alone-in-the-dark,science fiction film
alone-in-the-dark,science fiction horror film
along-came-a-spider,crime film
along-came-a-spider,psychological thriller
alpha,adventure film
alpha,drama film
alpha,historical film
alpha,thriller film
alpha-and-omega,adventure film
alpha-and-omega,comedy film
alpha-and-omega,family film
alpha-and-omega,fantasy film
alpha-dog,biographical film
alpha-dog,crime film
alpha-dog,drama film
alpha-dog,teen film
alphaville,arthouse science fiction film
alphaville,crime film
alphaville,drama film
alphaville,dystopian film
alphaville,science fiction film
alps,drama film
alvin-and-the-chipmunks,Christmas film
alvin-and-the-chipmunks,comedy film
alvin-and-the-chipmunks,fantasy film
alvin-and-the-chipmunks,jukebox musical
alvin-and-the-chipmunks,live-action/animated film
alvin-and-the-chipmunks,musical film
alvin-and-the-chipmunks-chipwrecked,comedy film
alvin-and-the-chipmunks-chipwrecked,family film
alvin-and-the-chipmunks-chipwrecked,fantasy film
alvin-and-the-chipmunks-chipwrecked,live-action/animated film
alvin-and-the-chipmunks-chipwrecked,musical film
alvin-and-the-chipmunks-the-squeakquel,children's film
alvin-and-the-chipmunks-the-squeakquel,Christmas film
alvin-and-the-chipmunks-the-squeakquel,comedy film
alvin-and-the-chipmunks-the-squeakquel,fantasy film
alvin-and-the-chipmunks-the-squeakquel,live-action/animated film
alvin-and-the-chipmunks-the-squeakquel,musical film
always-be-my-maybe,romantic comedy
always-shine,drama film
always-shine,thriller film
am-i-ok,drama film
am-i-ok,LGBTQ-related film
amadeus,biographical film
amadeus,drama film
amadeus,flashback film
amadeus,musical film
amadeus,period drama film
amanda-knox,documentary film
amazing-grace-1972,documentary film
amazing-grace-1972,musical film
amelie,comedy film
amelie,drama film
amelie,magic realist film
amelie,romantic comedy film
amer,drama film
amer,giallo
amer,horror film
america-america,drama film
american-animals,crime film
american-animals,docufiction
american-animals,drama film
american-beauty,black comedy film
american-beauty,comedy drama
american-beauty,drama film
american-beauty,flashback film
american-beauty,LGBTQ-related film
american-factory,documentary film
american-fiction,drama film
american-gangster,action film
american-gangster,biographical film
american-gangster,crime drama film
american-gangster,crime film
american-gangster,crime thriller film
american-gangster,drama film
american-gangster,gangster film
american-gangster,historical drama film
american-gangster,historical film
american-gangster,hood film
american-gangster,neo-noir
american-gangster,period drama film
american-gangster,suspense film
american-gangster,thriller film
american-gangster,war film
american-graffiti,coming-of-age film
american-graffiti,drama film
american-graffiti,romantic comedy film
american-graffiti,teen film
american-hardcore,documentary film
american-history-x,crime film
american-history-x,drama film
american-history-x,independent film
american-history-x,prison film
american-honey,comedy film
american-honey,coming-of-age film
american-honey,drama film
american-honey,road movie
american-hustle,comedy film
american-hustle,crime film
american-hustle,drama film
american-hustle,heist film
american-made,action film
american-made,comedy film
american-made,crime film
american-movie,documentary film
american-pie,coming-of-age film
american-pie,high school film
american-pie,romantic comedy film
american-pie,sex comedy
american-pie,teen film
american-pie-2,romantic comedy film
american-pie-2,sex comedy
american-pie-2,teen film
american-psycho,black comedy film
american-psycho,comedy horror
american-psycho,crime film
american-psycho,drama film
american-psycho,slasher film
american-psycho,thriller film
american-sniper,action film
american-sniper,biographical film
american-sniper,drama film
american-sniper,war film
american-splendor,biographical film
american-splendor,comedy film
american-splendor,drama film
american-star,thriller film
american-symphony,biographical film
american-symphony,documentary film
american-wedding,romantic comedy film
american-wedding,sex comedy
american-woman-2019,drama film
americana,crime film
amira-sam,romantic comedy film
amistad,drama film
amistad,trial film
amistad,white savior film
ammonite,drama film
ammonite,LGBTQ-related film
amores-perros,drama film
amores-perros,flashback film
amores-perros,independent film
amores-perros,thriller film
amour,drama film
amour-fou,biographical film
amour-fou,historical film
amreeka,drama film
amulet,horror film
amy-2015,biographical film
amy-2015,documentary film
amy-2015,drama film
amy-2015,musical film
an-affair-to-remember,drama film
an-affair-to-remember,romantic comedy
an-american-in-paris,musical film
an-american-pickle,comedy film
an-american-pickle,fantasy film
an-angel-at-my-table,biographical film
an-angel-at-my-table,drama film
an-autumn-afternoon,drama film
an-easy-girl,comedy film
an-education,coming-of-age film
an-education,drama film
an-elephant-sitting-still,drama film
an-honest-liar,documentary film
an-honest-liar,LGBTQ-related film
an-inconvenient-sequel-truth-to-power,documentary film
an-inconvenient-truth,documentary film
an-officer-and-a-gentleman,drama film
an-officer-and-a-gentleman,romance film
an-officer-and-a-spy,drama film
an-officer-and-a-spy,historical film
an-officer-and-a-spy,thriller film
an-unmarried-woman,comedy drama
an-unmarried-woman,drama film
anaconda,action film
anaconda,adventure film
anaconda,horror film
anaconda,thriller film
anacondas-the-hunt-for-the-blood-orchid,action film
anacondas-the-hunt-for-the-blood-orchid,horror film
anais-in-love,comedy film
analyze-this,comedy film
analyze-this,crime film
analyze-this,mystery film
anatomy-of-a-fall,crime film
anatomy-of-a-fall,drama film
anatomy-of-a-fall,thriller film
anatomy-of-a-fall,trial film
anatomy-of-a-murder,crime film
anatomy-of-a-murder,drama film
anatomy-of-a-murder,trial film
anchorman-2-the-legend-continues,comedy film
anchorman-2-the-legend-continues,LGBTQ-related film
and-everything-is-going-fine,documentary film
and-then-we-danced,drama film
and-then-we-danced,LGBTQ-related film
andre-is-an-idiot,documentary film
angels-demons,crime film
angels-demons,drama film
angels-demons,mystery film
angels-wear-white,drama film
anger-management,comedy film
anger-management,LGBTQ-related film
aniara,drama film
aniara,science fiction film
animal-crackers-1930,comedy film
animal-crackers-1930,musical film
animal-crackers-1930,romantic comedy film
animal-crackers-1930,slapstick
animal-kingdom,crime film
animal-kingdom,drama film
animal-kingdom,thriller film
anna-and-the-apocalypse,Christmas film
anna-and-the-apocalypse,musical film
anna-and-the-apocalypse,zombie film
anna-karenina,drama film
anna-karenina,romantic comedy
annabelle-creation,drama film
annabelle-creation,horror film
annabelle-creation,mystery film
annabelle-creation,thriller film
anne-at-13000-ft,drama film
annette,musical film
annette,musical play
annie-hall-1977,comedy film
annie-hall-1977,drama film
annie-hall-1977,romantic comedy
annihilation,action film
annihilation,drama film
annihilation,horror film
annihilation,science fiction film
annihilation,science fiction horror film
annihilation,thriller film
anniversary,drama film
anniversary,thriller film
anomalisa,comedy drama
anomalisa,comedy film
anomalisa,drama film
anomalisa,romance film
anonymous-2011,drama film
anora,comedy drama
another-earth,drama film
another-earth,science fiction film
another-round,comedy film
another-round,drama film
another-year,drama film
anselm,biographical film
anselm,documentary film
ant-man,action film
ant-man,adventure film
ant-man,comedy film
ant-man,science fiction film
ant-man,superhero film
ant-man-and-the-wasp,action film
ant-man-and-the-wasp,adventure film
ant-man-and-the-wasp,comedy film
ant-man-and-the-wasp,science fiction film
ant-man-and-the-wasp,superhero film
antarctica-a-year-on-ice,documentary film
anthropocene-the-human-epoch,documentary film
anthropoid,biographical film
anthropoid,drama film
anthropoid,historical film
anthropoid,thriller film
anthropoid,war film
antibirth,body horror film
antibirth,horror film
antibirth,psychedelic film
antibirth,science fiction film
antibirth,science fiction horror film
antichrist,art film
antichrist,drama film
antichrist,erotic thriller
antichrist,horror film
antichrist,mystery film
antichrist,psychological thriller film
antlers,horror film
antz,adventure film
antz,children's film
antz,comedy film
antz,family film
antz,fantasy film
anvil!-the-story-of-anvil,documentary film
anvil!-the-story-of-anvil,rockumentary
any-day-now,drama film
any-day-now,LGBTQ-related film
anything,drama film
anything,LGBTQ-related film
anything,romance film
anythings-possible,coming-of-age film
anythings-possible,romance film
anythings-possible,transgender film
aon-flux,action film
aon-flux,biopunk
aon-flux,dystopian film
aon-flux,girls with guns
aon-flux,post-apocalyptic film
aon-flux,science fiction film
aon-flux,spy film
apex-2026,action film
apex-2026,survival film
apex-2026,thriller film
apocalypse-in-the-tropics,documentary film
apocalypse-now,action film
apocalypse-now,adventure film
apocalypse-now,drama film
apocalypse-now,epic film
apocalypse-now,horror film
apocalypse-now,psychological drama film
apocalypse-now,psychological horror film
apocalypse-now,psychological thriller film
apocalypse-now,satirical film
apocalypse-now,thriller film
apocalypse-now,war drama
apocalypse-now,war film
apocalypto,drama film
apocalypto,historical drama
apollo-10-12-a-space-age-childhood,coming-of-age film
apollo-10-12-a-space-age-childhood,drama film
apollo-10-12-a-space-age-childhood,science fiction film
apollo-10-12-a-space-age-childhood,teen film
apollo-11,documentary film
apollo-13,adventure film
apollo-13,disaster film
apollo-13,docudrama
apollo-13,drama film
apollo-13,historical film
apollo-13,survival film
apollo-18,found footage film
apollo-18,horror film
apollo-18,pseudo-documentary
apollo-18,science fiction film
apollo-18,science fiction horror film
apollo-18,speculative fiction film
apollo-18,thriller film
apolonia-apolonia,documentary film
apostle,historical drama
apostle,horror film
appaloosa,drama film
appaloosa,Western film
applause,drama film
apples,comedy film
apples,drama film
apprentice,drama film
appropriate-behavior,comedy drama
appropriate-behavior,LGBTQ-related film
april-and-the-extraordinary-world,adventure film
april-and-the-extraordinary-world,alternate history
april-and-the-extraordinary-world,comedy film
april-and-the-extraordinary-world,steampunk
aquarela,documentary film
aquarius,drama film
arabian-nights-volume-1-the-restless-one,fiction film
arabian-nights-volume-2-the-desolate-one,drama film
arabian-nights-volume-3-the-enchanted-one,drama film
araby,drama film
arbitrage,crime film
arbitrage,drama film
arbitrage,thriller film
arcadian,action film
arcadian,horror film
arcadian,thriller film
archenemy,action film
archenemy,superhero film
architecton,documentary film
arco,fantasy film
arco,science fiction film
arctic,survival film
are-we-there-yet,children's film
are-we-there-yet,Christmas film
are-we-there-yet,comedy film
are-we-there-yet,romance film
are-we-there-yet,romantic comedy
are-you-there-god-its-me-margaret,comedy drama
are-you-there-god-its-me-margaret,coming-of-age film
are-you-there-god-its-me-margaret,drama film
are-you-there-god-its-me-margaret,teen film
argentina-1985,drama film
argentina-1985,historical drama
argentina-1985,historical film
argentina-1985,legal drama
argo,biographical film
argo,drama film
argo,historical film
argo,political thriller film
argo,thriller film
arlington-road,crime film
arlington-road,drama film
arlington-road,mystery film
arlington-road,thriller film
armadillo,documentary film
armageddon-time,drama film
armand,drama film
armstrong,documentary film
army-of-darkness,adventure film
army-of-darkness,comedy film
army-of-darkness,comedy horror
army-of-darkness,fantasy film
army-of-darkness,horror film
army-of-darkness,time-travel film
army-of-darkness,zombie film
army-of-shadows,drama film
army-of-shadows,war film
army-of-the-dead,heist film
army-of-the-dead,thriller film
army-of-the-dead,zombie film
around-the-world-in-80-days,action film
around-the-world-in-80-days,adventure film
around-the-world-in-80-days,children's film
around-the-world-in-80-days,comedy film
around-the-world-in-80-days-1956,action comedy film
around-the-world-in-80-days-1956,adventure film
around-the-world-in-80-days-1956,fantasy film
arrival,drama film
arrival,mystery film
arrival,science fiction film
arrival,thriller film
art-and-craft,documentary film
arthur,romantic comedy
arthur-1981,comedy drama
arthur-1981,romantic comedy
arthur-and-the-invisibles,adventure film
arthur-and-the-invisibles,children's film
arthur-and-the-invisibles,fantasy film
arthur-and-the-invisibles,live-action/animated film
arthur-christmas,children's film
arthur-christmas,Christmas film
arthur-christmas,comedy drama
arthur-christmas,comedy film
arthur-christmas,family film
as-good-as-it-gets,comedy drama
as-good-as-it-gets,comedy film
as-good-as-it-gets,drama film
as-good-as-it-gets,LGBTQ-related film
as-good-as-it-gets,romance film
as-good-as-it-gets,romantic comedy film
as-i-open-my-eyes,drama film
as-i-open-my-eyes,fiction film
as-you-are,drama film
asako-i-ii,drama film
asako-i-ii,romance film
ash,horror film
ash,science fiction film
ash-is-purest-white,drama film
asia,drama film
ask-dr-ruth,biographical film
ask-dr-ruth,documentary film
assassins,documentary film
assault-on-precinct-13-1976,action film
assault-on-precinct-13-1976,crime film
assault-on-precinct-13-1976,crime thriller film
assault-on-precinct-13-1976,exploitation film
assault-on-precinct-13-1976,thriller film
asteroid-city,comedy drama
asteroid-city,comedy film
asteroid-city,drama film
asteroid-city,romance film
asteroid-city,science fiction film
at-any-price,drama film
at-any-price,sport film
at-berkeley,documentary film
at-eternitys-gate,biographical film
at-eternitys-gate,drama film
at-middleton,romantic comedy film
at-war,drama film
atanarjuat-the-fast-runner,drama film
atanarjuat-the-fast-runner,fantasy film
athena,drama film
athlete-a,documentary film
atlantic-city,crime film
atlantic-city,drama film
atlantic-city,romance film
atlantics,drama film
atlantis,drama film
atlantis-the-lost-empire,action film
atlantis-the-lost-empire,adventure film
atlantis-the-lost-empire,coming-of-age film
atlantis-the-lost-empire,drama film
atlantis-the-lost-empire,fantasy film
atlantis-the-lost-empire,science fiction film
atlas-shrugged-part-i,action film
atlas-shrugged-part-i,drama film
atlas-shrugged-part-i,dystopian film
atlas-shrugged-part-i,political thriller film
atlas-shrugged-part-i,science fiction film
atomic-blonde,action film
atomic-blonde,girls with guns
atomic-blonde,LGBTQ-related film
atomic-blonde,spy film
atomic-blonde,thriller film
atonement,drama film
atonement,romance film
atonement,war film
attack-the-block,action film
attack-the-block,alien invasion
attack-the-block,comedy film
attack-the-block,comedy horror
attack-the-block,coming-of-age film
attack-the-block,hood film
attack-the-block,monster film
attack-the-block,science fiction film
attenberg,drama film
attica,documentary film
au-hasard-balthazar,art film
au-hasard-balthazar,crime film
au-hasard-balthazar,drama film
au-revoir-les-enfants,coming-of-age film
au-revoir-les-enfants,drama film
au-revoir-les-enfants,war film
audition,drama film
audition,horror film
audition,psychological horror fiction
audition,thriller film
audrie-daisy,documentary film
august-osage-county,drama film
august-rush,action film
august-rush,musical film
august-rush,romance film
augustine,drama film
augustine,erotic film
autumn-tale,drama film
autumn-tale,romantic comedy
ava-2017,drama film
avatar,action film
avatar,adventure film
avatar,epic film
avatar,live-action/animated film
avatar,military science fiction
avatar,science fiction film
avatar,white savior film
avatar-aang-the-last-airbender,drama film
avatar-aang-the-last-airbender,fantasy film
avatar-fire-and-ash,action film
avatar-fire-and-ash,science fiction film
avatar-the-way-of-water,action film
avatar-the-way-of-water,adventure film
avatar-the-way-of-water,drama film
avatar-the-way-of-water,epic film
avatar-the-way-of-water,science fiction film
avengers-age-of-ultron,science fiction film
avengers-age-of-ultron,superhero film
avengers-endgame,action film
avengers-endgame,adventure film
avengers-endgame,superhero film
avengers-infinity-war,action film
avengers-infinity-war,adventure film
avengers-infinity-war,science fiction film
avengers-infinity-war,superhero film
avpr-aliens-vs-predator---requiem,action film
avpr-aliens-vs-predator---requiem,crossover fiction
avpr-aliens-vs-predator---requiem,horror film
avpr-aliens-vs-predator---requiem,monster film
avpr-aliens-vs-predator---requiem,science fiction action film
avpr-aliens-vs-predator---requiem,science fiction film
avpr-aliens-vs-predator---requiem,science fiction horror film
avpr-aliens-vs-predator---requiem,speculative fiction film
avpr-aliens-vs-predator---requiem,splatter film
avpr-aliens-vs-predator---requiem,suspense film
avpr-aliens-vs-predator---requiem,thriller film
awakenings,drama film
away,adventure film
away,animated film
away,fantasy film
away-from-her,drama film
away-we-go,comedy drama
away-we-go,romantic comedy
azor,drama film
baadasssss!,biographical film
baadasssss!,docudrama
baadasssss!,drama film
babe,comedy film
babe,drama film
babel,drama film
babes,comedy film
babettes-feast,drama film
babettes-feast,musical film
babettes-feast,romance film
babies,documentary film
babies,family film
baby-doll,drama film
baby-driver,action comedy film
baby-driver,action film
baby-driver,adventure film
baby-driver,crime comedy film
baby-geniuses,children's film
baby-geniuses,comedy film
baby-geniuses,science fiction film
baby-ruby,drama film
baby-ruby,thriller film
babygirl-2024,erotic thriller
babygirl-2024,mental health
babygirl-2024,psychological drama film
babygirl-2024,psychological thriller film
babylon,drama film
babylon,historical drama
babylon,period drama film
babylon-2022,drama film
babylon-2022,historical drama
babylon-2022,period drama film
babylon-ad,action film
babylon-ad,dystopian film
babylon-ad,science fiction film
babyteeth,coming-of-age film
babyteeth,romance film
back-to-burgundy,drama film
back-to-the-future,adventure film
back-to-the-future,comedy film
back-to-the-future,science fiction film
back-to-the-future,teen film
back-to-the-future,time-travel film
back-to-the-future-part-ii,comedy film
back-to-the-future-part-ii,dystopian film
back-to-the-future-part-ii,science fiction film
back-to-the-future-part-ii,teen film
back-to-the-future-part-ii,time-travel film
back-to-the-future-part-iii,comedy film
back-to-the-future-part-iii,science fiction film
back-to-the-future-part-iii,teen film
back-to-the-future-part-iii,time-travel film
back-to-the-future-part-iii,Western film
backcountry,horror film
backdraft,action film
backdraft,crime film
backdraft,disaster film
backdraft,drama film
backdraft,thriller film
backrooms,adventure film
backrooms,horror film
backrooms,psychological horror film
backrooms,science fiction film
backspot,drama film
backspot,sport film
bacurau,contemporary Western film
bacurau,drama film
bacurau,science fiction film
bacurau,Weird West
bad-25,documentary film
bad-boys,action film
bad-boys,buddy cop film
bad-boys,buddy film
bad-boys,comedy film
bad-boys,heist film
bad-boys,hood film
bad-boys,thriller film
bad-boys-for-life,action film
bad-boys-for-life,buddy cop film
bad-boys-for-life,comedy film
bad-boys-for-life,crime film
bad-boys-ii,action film
bad-boys-ii,buddy cop film
bad-boys-ii,comedy film
bad-boys-ii,hood film
bad-company-2001,drama film
bad-education,coming-of-age film
bad-education,crime film
bad-education,drama film
bad-education,LGBTQ-related film
bad-education,mystery film
bad-education,neo-noir
bad-education,thriller film
bad-education-2019,comedy drama
bad-education-2019,crime film
bad-education-2019,historical film
bad-hair,drama film
bad-hair,LGBTQ-related film
bad-hair-2020,comedy film
bad-hair-2020,horror film
bad-lieutenant,crime film
bad-lieutenant,drama film
bad-luck-banging-or-loony-porn,comedy film
bad-luck-banging-or-loony-porn,drama film
bad-luck-banging-or-loony-porn,erotic film
bad-milo!,comedy horror
bad-milo!,monster film
bad-moms,comedy film
bad-reputation,documentary film
bad-santa,Christmas film
bad-santa,comedy film
bad-santa,crime film
bad-teacher,comedy film
bad-teacher,romance film
bad-teacher,romantic comedy
bad-times-at-the-el-royale,crime thriller film
bad-times-at-the-el-royale,drama film
bad-times-at-the-el-royale,mystery film
bad-times-at-the-el-royale,neo-noir
bad-trip,comedy film
bad-turn-worse,drama film
bad-turn-worse,neo-noir
bad-words,comedy film
badlands,crime film
badlands,drama film
ball-of-fire,romantic comedy
ballast,independent film
ballerina,action film
ballerina,action thriller
ballerina,neo-noir
ballet-422,documentary film
ballets-russes,documentary film
ballistic-ecks-vs-sever,action film
ballistic-ecks-vs-sever,girls with guns
ballistic-ecks-vs-sever,spy film
ballistic-ecks-vs-sever,thriller film
balls-out,American football film
balls-out,comedy film
bamako,drama film
bambi,children's film
bambi,coming-of-age film
bambi,drama film
bambi,fantasy film
bambi,musical film
banana-split,comedy film
band-aid,comedy film
band-aid,drama film
band-of-outsiders-re-release,comedy film
band-of-outsiders-re-release,crime film
band-of-outsiders-re-release,drama film
band-of-outsiders-re-release,heist film
band-of-outsiders-re-release,romance film
bandits,action film
bandits,buddy film
bandits,crime film
bandits,drama film
bandits,heist film
bandits,romantic comedy
banel-adama,drama film
banel-adama,romance film
bangkok-dangerous,action film
bangkok-dangerous,crime film
bangkok-dangerous,crime thriller film
baran,drama film
baran,romance film
barb-star-go-to-vista-del-mar,comedy film
barbara,drama film
barbarian,horror film
barbarian,thriller film
barbershop-the-next-cut,comedy film
barbie,adventure film
barbie,chick flick
barbie,comedy film
barbie,family film
barbie,fantasy comedy film
barbie,fantasy film
barbie,musical comedy
barbie,musical film
barbie,romance film
barbie,romantic comedy film
barbie,satirical film
barbie,teen film
barcelona,comedy drama
barcelona,romantic comedy
barfly,drama film
barfly,romantic comedy
barney-thomson,comedy film
barneys-version,comedy film
barneys-version,drama film
barnyard,comedy film
barnyard,drama fiction
barnyard,family film
barnyard,teen film
barracuda,thriller film
barry,biographical film
barry,drama film
barry-lyndon,adventure film
barry-lyndon,comedy drama
barry-lyndon,drama film
barry-lyndon,historical drama film
barry-lyndon,historical film
barry-lyndon,period drama film
barry-lyndon,war drama
barry-lyndon,war film
barrymore,drama film
barton-fink,black comedy film
barton-fink,comedy drama
barton-fink,comedy film
barton-fink,drama film
barton-fink,independent film
barton-fink,neo-noir
barton-fink,psychological drama film
barton-fink,psychological thriller film
barton-fink,thriller film
basic-instinct,crime film
basic-instinct,drama film
basic-instinct,erotic film
basic-instinct,erotic thriller
basic-instinct,LGBTQ-related film
basic-instinct,mystery film
basic-instinct,thriller film
basic-instinct-2,action film
basic-instinct-2,crime film
basic-instinct-2,erotic film
basic-instinct-2,erotic thriller
basic-instinct-2,mystery film
basic-instinct-2,psychological thriller
basic-instinct-2,thriller film
baskin,splatter film
bastard-out-of-carolina,drama film
bastards,drama film
bathtubs-over-broadway,documentary film
batkid-begins,biographical film
batkid-begins,documentary film
batkid-begins,family film
batman,action film
batman,neo-noir
batman,superhero film
batman-begins,action film
batman-begins,adventure film
batman-begins,crime film
batman-begins,crime thriller film
batman-begins,drama film
batman-begins,neo-noir
batman-begins,ninja film
batman-begins,superhero film
batman-forever,action film
batman-forever,fantasy film
batman-forever,neo-noir
batman-forever,superhero film
batman-mask-of-the-phantasm,action film
batman-mask-of-the-phantasm,mystery film
batman-mask-of-the-phantasm,neo-noir
batman-mask-of-the-phantasm,science fiction film
batman-returns,action film
batman-returns,Christmas film
batman-returns,fantasy film
batman-returns,neo-noir
batman-returns,science fiction film
batman-returns,superhero film
batman-returns,thriller film
batman-robin,action film
batman-robin,science fiction film
batman-robin,superhero film
battle-los-angeles,action film
battle-los-angeles,alien invasion
battle-los-angeles,science fiction film
battle-los-angeles,speculative fiction film
battle-los-angeles,war film
battle-of-the-sexes,biographical film
battle-of-the-sexes,comedy drama
battle-of-the-sexes,drama film
battle-of-the-sexes,lesbian-related film
battle-of-the-sexes,LGBTQ-related film
battle-royale-2000,action film
battle-royale-2000,drama film
battle-royale-2000,dystopian film
battle-royale-2000,splatter film
battle-royale-2000,thriller film
battleship-potemkin,drama film
battleship-potemkin,historical drama
battleship-potemkin,propaganda film
battleship-potemkin,silent film
be-kind-rewind,comedy film
be-kind-rewind,drama film
be-natural-the-untold-story-of-alice-guy-blache,biographical film
be-natural-the-untold-story-of-alice-guy-blache,documentary film
beach-rats,drama film
beach-rats,LGBTQ-related film
bean,comedy film
beanpole,drama film
beanpole,historical drama
beans,drama film
bears,documentary film
beastie-boys-story,documentary film
beastly,drama film
beastly,fantasy film
beastly,romance film
beasts-of-no-nation,drama film
beasts-of-no-nation,war film
beasts-of-the-southern-wild,drama film
beasts-of-the-southern-wild,fantasy film
beasts-of-the-southern-wild,magic realist film
beatles-64,documentary film
beatriz-at-dinner,comedy film
beats-2019,comedy film
beats-2019,coming-of-age film
beats-2019,drama film
beats-rhymes-life-the-travels-of-a-tribe-called-quest,documentary film
beau-geste,drama film
beau-geste,war film
beau-is-afraid,adventure film
beau-is-afraid,comedy film
beau-is-afraid,comedy horror film
beau-is-afraid,drama film
beau-travail,drama film
beau-travail,LGBTQ-related film
beautiful-boy,drama film
beautiful-boy-2018,biographical film
beautiful-boy-2018,drama film
beauty-and-the-beast-1991,cinematic fairy tale
beauty-and-the-beast-1991,comedy drama
beauty-and-the-beast-1991,musical film
beauty-and-the-beast-1991,romance film
beauty-and-the-beast-1991,romantic fantasy
beauty-and-the-beast-re-release,adventure film
beauty-and-the-beast-re-release,fantasy film
beauty-and-the-beast-re-release,medieval film
beavis-and-butt-head-do-america,adventure film
beavis-and-butt-head-do-america,animated film
beavis-and-butt-head-do-america,comedy film
beavis-and-butt-head-do-america,crime film
beavis-and-butt-head-do-america,music-themed film
beavis-and-butt-head-do-the-universe,comedy film
beavis-and-butt-head-do-the-universe,science fiction film
becks,drama film
becks,LGBTQ-related film
becks,musical film
becoming,documentary film
becoming-astrid,biographical drama film
becoming-astrid,historical film
becoming-cousteau,documentary film
becoming-led-zeppelin,documentary film
bedazzled,comedy film
bedazzled,fantasy film
bedazzled,LGBTQ-related film
bedazzled,romantic comedy
bedazzled,satanic film
bedazzled,speculative fiction film
bedazzled-1967,comedy film
bedazzled-1967,fantasy film
bedazzled-1967,satanic film
bedtime-stories,children's film
bedtime-stories,comedy film
bedtime-stories,fantasy film
bee-movie,adventure film
bee-movie,animated film
bee-movie,comedy film
beetlejuice,comedy horror
beetlejuice,dark fantasy
beetlejuice,fantasy film
beetlejuice,ghost film
beetlejuice,Gothic film
beetlejuice-beetlejuice,black comedy
beetlejuice-beetlejuice,comedy film
beetlejuice-beetlejuice,comedy horror
beetlejuice-beetlejuice,drama film
beetlejuice-beetlejuice,fantasy film
before-i-fall,drama film
before-i-fall,horror film
before-i-fall,mystery film
before-midnight,drama film
before-midnight,romance film
before-night-falls,biographical film
before-night-falls,drama film
before-night-falls,LGBTQ-related film
before-night-falls,romance film
before-sunrise,drama film
before-sunrise,romance film
before-sunset,drama film
before-sunset,romance film
before-the-devil-knows-youre-dead,action film
before-the-devil-knows-youre-dead,drama film
before-the-devil-knows-youre-dead,film noir
before-the-devil-knows-youre-dead,heist film
before-the-devil-knows-youre-dead,satanic film
before-the-flood,documentary film
before-we-vanish,drama film
before-we-vanish,science fiction film
beginners,drama film
beginners,LGBTQ-related film
beginners,romantic comedy
behind-enemy-lines,action film
behind-enemy-lines,drama film
behind-enemy-lines,thriller film
behind-enemy-lines,war film
behind-the-sun,comedy film
behind-the-sun,drama film
being-17,drama film
being-17,LGBTQ-related film
being-elmo-a-puppeteers-journey,documentary film
being-john-malkovich,comedy drama
being-john-malkovich,comedy film
being-john-malkovich,drama film
being-john-malkovich,fantasy film
being-john-malkovich,surrealist film
being-the-ricardos,biographical film
being-the-ricardos,drama film
being-the-ricardos,romance film
being-there,comedy drama
beirut,action film
beirut,drama film
beirut,thriller film
beirut,war film
belen,drama film
belfast,biographical film
belfast,comedy film
belfast,drama film
belladonna-of-sadness-1973,adult animated film
bellflower,action film
bellflower,drama film
bellflower,romance film
beloved-sisters,biographical film
beloved-sisters,drama film
beloved-sisters,romance film
ben-hur-1959,action film
ben-hur-1959,drama film
ben-hur-1959,epic film
ben-hur-1959,sword-and-sandal film
ben-is-back,Christmas film
ben-is-back,drama film
bending-the-arc,documentary film
beneath-the-harvest-sky,drama film
beneath-the-planet-of-the-apes,mystery film
beneath-the-planet-of-the-apes,post-apocalyptic film
beneath-the-planet-of-the-apes,science fiction film
benedetta,drama film
benedetta,erotic film
benedetta,lesbian-related film
benedetta,LGBTQ-related film
benedetta,nunsploitation
benedetta,psychological film
benjamin,children's film
beowulf,action film
beowulf,adventure film
beowulf,drama film
beowulf,fantasy film
beowulf,medieval film
beowulf,sword and sorcery film
berberian-sound-studio,horror film
berberian-sound-studio,psychological thriller
berberian-sound-studio,thriller film
bergman-island,drama film
berlin-syndrome,horror film
berlin-syndrome,thriller film
bernie,biographical film
bernie,black comedy film
bernie,comedy film
bernie,crime film
bernie,drama film
best-friends-1982,drama film
best-friends-1982,romantic comedy
best-in-show,comedy film
best-in-show,LGBTQ-related film
best-of-enemies,documentary film
best-of-enemies,historical film
best-worst-movie,documentary film
bethlehem,drama film
better-man,biographical film
better-man,comedy drama
better-man,musical film
better-watch-out,Christmas film
better-watch-out,comedy film
better-watch-out,comedy horror
better-watch-out,teen horror film
bettie-page-reveals-all,documentary film
betting-on-zero,documentary film
between-the-temples,comedy film
between-the-temples,drama film
between-two-ferns-the-movie,comedy film
beverly-hills-cop,action film
beverly-hills-cop,buddy cop film
beverly-hills-cop,buddy film
beverly-hills-cop,comedy film
beverly-hills-cop-ii,action film
beverly-hills-cop-ii,buddy cop film
beverly-hills-cop-ii,comedy film
beware-of-mr-baker,documentary film
bewitched,comedy film
bewitched,fantasy film
bewitched,romantic comedy
beyond-the-gates,horror film
beyond-the-hills,drama film
beyond-the-hills,LGBTQ-related film
beyond-the-lights,drama film
beyond-the-lights,romance film
beyond-the-mat,documentary film
beyond-utopia,documentary film
bicentennial-man,children's film
bicentennial-man,drama film
bicentennial-man,science fiction film
big,coming-of-age film
big,drama film
big,fantasy film
big,romantic comedy film
big-bad-wolves,crime film
big-bad-wolves,horror film
big-daddy,comedy film
big-eyes,biographical film
big-eyes,drama film
big-eyes,romance film
big-eyes,trial film
big-fan,American football film
big-fat-liar,comedy film
big-fish,comedy film
big-fish,drama film
big-fish,fantasy film
big-fish,magic realist film
big-fish,werewolf film
big-fish-begonia,coming-of-age film
big-fish-begonia,drama film
big-fish-begonia,fantasy film
big-hero-6,action film
big-hero-6,buddy film
big-hero-6,fantasy film
big-hero-6,science fiction film
big-hero-6,teen film
big-men,documentary film
big-miracle,drama film
big-miracle,romance film
big-mommas-house,comedy film
big-mommas-house-2,comedy film
big-mommas-house-2,LGBTQ-related film
big-mommas-like-father-like-son,buddy cop film
big-mommas-like-father-like-son,comedy film
big-mommas-like-father-like-son,LGBTQ-related film
big-night,comedy film
big-night,drama film
big-star-nothing-can-hurt-me,documentary film
big-time-adolescence,comedy film
big-trouble-in-little-china,action film
big-trouble-in-little-china,comedy film
big-trouble-in-little-china,fantasy film
big-trouble-in-little-china,martial arts film
bigger-stronger-faster,documentary film
biggie-i-got-a-story-to-tell,documentary film
bill-cunningham-new-york,documentary film
bill-nye-science-guy,documentary film
bill-ted-face-the-music,comedy film
bill-ted-face-the-music,science fiction film
bill-ted-face-the-music,time-travel film
bill-teds-bogus-journey,buddy film
bill-teds-bogus-journey,fantasy film
bill-teds-bogus-journey,ghost film
bill-teds-bogus-journey,parody film
bill-teds-bogus-journey,science fiction comedy
bill-teds-bogus-journey,science fiction film
bill-teds-bogus-journey,teen film
bill-teds-bogus-journey,time-travel film
bill-teds-excellent-adventure,buddy film
bill-teds-excellent-adventure,comedy film
bill-teds-excellent-adventure,science fiction comedy
bill-teds-excellent-adventure,science fiction film
bill-teds-excellent-adventure,teen film
bill-teds-excellent-adventure,time-travel film
billie,biographical film
billie,documentary film
billie,musical film
billie-eilish---hit-me-hard-and-soft-the-tour-live-in-3d,documentary film
billie-eilish-the-worlds-a-little-blurry,documentary film
billy-elliot,comedy drama
billy-elliot,coming-of-age film
billy-elliot,drama film
billy-madison,comedy film
billy-madison,coming-of-age film
bio-dome,buddy film
bio-dome,comedy film
bird,biographical film
bird,drama film
bird,musical film
bird-2024,drama film
bird-people,drama film
bird-people,fantasy film
birdboy-the-forgotten-children,animated film
birdboy-the-forgotten-children,drama film
birdboy-the-forgotten-children,science fiction film
birdman-of-alcatraz,biographical film
birdman-of-alcatraz,drama film
birdman-of-alcatraz,prison film
birdman-or-the-unexpected-virtue-of-ignorance,black comedy
birdman-or-the-unexpected-virtue-of-ignorance,comedy film
birdman-or-the-unexpected-virtue-of-ignorance,drama film
birdman-or-the-unexpected-virtue-of-ignorance,tragicomedy
birds-of-paradise,drama film
birds-of-passage,drama film
birds-of-prey-and-the-fantabulous-emancipation-of-one-harley-quinn,action film
birds-of-prey-and-the-fantabulous-emancipation-of-one-harley-quinn,adventure film
birds-of-prey-and-the-fantabulous-emancipation-of-one-harley-quinn,black comedy film
birds-of-prey-and-the-fantabulous-emancipation-of-one-harley-quinn,crime film
birds-of-prey-and-the-fantabulous-emancipation-of-one-harley-quinn,superhero film
birdy,action film
birdy,drama film
birdy,war film
birth,drama film
birth,melodrama
birth,mystery film
birth,psychological thriller
birth,romance film
birth,thriller film
birth-of-the-living-dead,documentary film
birth-of-the-living-dead,zombie film
birthrebirth,psychological horror film
bisbee-17,documentary film
biutiful,drama film
black-47,drama film
black-47,historical film
black-bag,drama film
black-bag,mystery film
black-bag,spy film
black-bag,thriller film
black-bear,drama film
black-book,drama film
black-book,historical film
black-book,thriller film
black-book,war film
black-box,drama film
black-box,horror film
black-box,science fiction film
black-box,thriller film
black-box-diaries,documentary film
black-butterflies,drama film
black-cat-white-cat,crime film
black-cat-white-cat,drama film
black-cat-white-cat,musical film
black-cat-white-cat,romantic comedy
black-death,action film
black-death,adventure film
black-death,drama film
black-death,historical film
black-death,horror film
black-girl-1966,drama film
black-hawk-down,action film
black-hawk-down,adventure film
black-hawk-down,drama film
black-hawk-down,historical drama film
black-hawk-down,historical film
black-hawk-down,suspense film
black-hawk-down,thriller film
black-hawk-down,war film
black-mass,action film
black-mass,biographical film
black-mass,crime film
black-mass,drama film
black-mass,satanic film
black-narcissus,drama film
black-orpheus,comedy film
black-orpheus,drama film
black-orpheus,fantasy film
black-orpheus,musical film
black-orpheus,romance film
black-panther,action film
black-panther,adventure film
black-panther,science fiction film
black-panther,superhero film
black-panther-wakanda-forever,action film
black-panther-wakanda-forever,superhero film
black-phone-2,supernatural horror film
black-phone-2,thriller film
black-sabbath,anthology film
black-sabbath,fantasy film
black-sabbath,ghost film
black-sabbath,Gothic film
black-sabbath,gothic horror film
black-sabbath,horror film
black-sabbath,LGBTQ-related film
black-sabbath,supernatural film
black-sabbath,supernatural horror film
black-sabbath,vampire film
black-sea,adventure film
black-sea,disaster film
black-sea,thriller film
black-sea,treasure hunt film
black-snake-moan,drama fiction
black-snake-moan,drama film
black-snake-moan,musical film
black-souls,drama film
black-swan,drama film
black-swan,horror film
black-swan,LGBTQ-related film
black-swan,magic realist film
black-swan,psychological horror fiction
black-swan,psychological thriller film
black-swan,thriller film
black-widow,action film
black-widow,adventure film
black-widow,science fiction film
black-widow,superhero film
black-widow,thriller film
black-widow-1987,crime film
black-widow-1987,erotic thriller
blackberry,biographical film
blackberry,comedy drama
blackfish,documentary film
blackkklansman,biographical film
blackkklansman,crime film
blackkklansman,drama film
blackmail,crime drama film
blackmail,crime film
blackmail,crime thriller film
blackmail,drama film
blackmail,silent film
blackmail,thriller film
blade,action film
blade,fantasy film
blade,horror film
blade,neo-noir
blade,science fiction film
blade,thriller film
blade,vampire film
blade-ii,action film
blade-ii,fantasy film
blade-ii,horror film
blade-ii,neo-noir
blade-ii,science fiction film
blade-ii,science fiction horror film
blade-ii,thriller film
blade-ii,vampire film
blade-of-the-immortal,action film
blade-of-the-immortal,drama film
blade-runner,action film
blade-runner,crime drama film
blade-runner,crime film
blade-runner,crime thriller film
blade-runner,cyberpunk
blade-runner,drama film
blade-runner,dystopian film
blade-runner,film noir
blade-runner,neo-noir
blade-runner,science fiction film
blade-runner,tech noir
blade-runner,thriller film
blade-runner-2049,action film
blade-runner-2049,cyberpunk
blade-runner-2049,drama film
blade-runner-2049,dystopian film
blade-runner-2049,mystery film
blade-runner-2049,neo-noir
blade-runner-2049,science fiction film
blade-runner-2049,thriller film
blade-trinity,action film
blade-trinity,fantasy film
blade-trinity,horror film
blade-trinity,neo-noir
blade-trinity,science fiction film
blade-trinity,thriller film
blade-trinity,vampire film
blades-of-glory,buddy film
blades-of-glory,comedy film
blancanieves,cinematic fairy tale
blancanieves,drama film
blancanieves,fantasy film
blancanieves,silent film
blast-from-the-past,LGBTQ-related film
blast-from-the-past,romantic comedy
blaze-2018,biographical film
blaze-2018,drama film
blazing-saddles,comedy film
blazing-saddles,parody film
blazing-saddles,postmodernist film
blazing-saddles,satire
blazing-saddles,Western film
bleed-for-this,biographical film
bleed-for-this,boxing film
bleed-for-this,drama film
bless-me-ultima,drama film
blind,drama film
blind-willow-sleeping-woman,animated film
blinded-by-the-light,drama film
blindness,disaster film
blindness,drama film
blindness,dystopian film
blindspotting,comedy drama
blindspotting,drama film
blindspotting,hood film
blink-twice,action film
blink-twice,thriller film
bliss,drama film
blissfully-yours,erotic film
blissfully-yours,romance film
blitz-2024,historical drama film
blizzard-of-souls,blockbuster
blizzard-of-souls,drama film
blizzard-of-souls,war film
blknws-terms-conditions,documentary film
blockers,LGBTQ-related film
blockers,sex comedy
blood-brother,documentary film
blood-father,action film
blood-father,thriller film
blood-on-her-name,thriller film
blood-quantum,drama film
blood-quantum,horror film
blood-simple,action film
blood-simple,crime drama film
blood-simple,crime film
blood-simple,crime thriller film
blood-simple,drama film
blood-simple,film noir
blood-simple,horror film
blood-simple,independent film
blood-simple,neo-noir
blood-simple,suspense film
blood-simple,thriller film
bloodrayne,action film
bloodrayne,drama film
bloodrayne,fantasy film
bloodrayne,horror film
bloodrayne,monster film
bloodrayne,vampire film
bloody-nose-empty-pockets,documentary film
bloody-sunday,docudrama
bloody-sunday,drama film
bloody-sunday,political drama
bloody-sunday,war film
blow,biographical film
blow,crime film
blow,drama film
blow,prison film
blow-out,action film
blow-out,crime drama film
blow-out,crime film
blow-out,crime thriller film
blow-out,drama film
blow-out,independent film
blow-out,mystery film
blow-out,neo-noir
blow-out,police procedural film
blow-out,political thriller film
blow-out,psychological drama film
blow-out,psychological thriller film
blow-out,suspense film
blow-out,thriller film
blow-the-man-down,thriller film
blow-up,drama film
blow-up,mystery film
blow-up,thriller film
blue-bayou,drama film
blue-beetle,action film
blue-beetle,adventure film
blue-beetle,superhero film
blue-caprice,biographical film
blue-caprice,drama film
blue-collar,crime film
blue-collar,detective film
blue-collar,drama film
blue-film,drama film
blue-film,LGBTQ-related film
blue-heron,drama film
blue-jasmine,comedy drama
blue-jasmine,drama film
blue-jean,drama film
blue-jean,LGBTQ-related film
blue-moon-2025,biographical film
blue-moon-2025,comedy drama
blue-moon-2025,LGBTQ-related film
blue-ruin,drama film
blue-ruin,thriller film
blue-story,crime film
blue-story,drama film
blue-streak,action film
blue-streak,buddy cop film
blue-streak,comedy film
blue-streak,heist film
blue-valentine,drama film
blue-valentine,erotic film
blue-valentine,romance film
blue-velvet,crime drama film
blue-velvet,crime film
blue-velvet,crime thriller film
blue-velvet,drama film
blue-velvet,erotic film
blue-velvet,erotic thriller film
blue-velvet,horror film
blue-velvet,independent film
blue-velvet,mystery film
blue-velvet,neo-noir
blue-velvet,psychological drama film
blue-velvet,psychological horror film
blue-velvet,psychological thriller film
blue-velvet,romance film
blue-velvet,thriller film
blueback,drama film
blueback,family film
bob-carol-ted-alice,comedy drama
bob-carol-ted-alice,comedy film
bob-carol-ted-alice,drama film
bob-carol-ted-alice,romantic comedy
bob-dylan-dont-look-back,documentary film
bob-dylan-dont-look-back,rockumentary
bob-roberts,comedy film
bob-roberts,drama film
bob-trevino-likes-it,comedy drama
bobby-fischer-against-the-world,documentary film
bobby-sands-66-days,biographical film
bobby-sands-66-days,documentary film
bobby-sands-66-days,historical film
bobi-wine-the-peoples-president,documentary film
bodied,comedy drama
bodied,drama film
bodied,musical film
bodies-bodies-bodies,black comedy film
bodies-bodies-bodies,horror film
body-double,crime drama film
body-double,crime film
body-double,crime thriller film
body-double,drama film
body-double,erotic film
body-double,erotic thriller film
body-double,horror film
body-double,mystery film
body-double,neo-noir
body-double,psychological drama film
body-double,psychological horror film
body-double,psychological thriller film
body-double,satirical film
body-double,slasher film
body-double,suspense film
body-double,thriller film
body-heat,drama film
body-heat,erotic film
body-heat,erotic thriller
body-heat,mystery film
body-heat,neo-noir
body-heat,thriller film
body-of-lies,action film
body-of-lies,drama film
body-of-lies,political thriller film
body-of-lies,spy film
body-of-lies,thriller film
boiling-point-2021,drama film
boiling-point-2021,thriller film
bokeh,drama film
bokeh,science fiction film
bolt,adventure film
bolt,children's film
bolt,comedy film
bombay-beach,documentary film
bombshell,drama film
bombshell-1933,comedy drama
bombshell-1933,romantic comedy
bombshell-the-hedy-lamarr-story,biographical film
bombshell-the-hedy-lamarr-story,documentary film
bone-lake,erotic film
bone-lake,horror film
bone-lake,thriller film
bone-tomahawk,horror film
bone-tomahawk,Western film
bones-and-all,horror film
bones-and-all,romance film
bonnie-and-clyde,action film
bonnie-and-clyde,biographical film
bonnie-and-clyde,crime film
bonnie-and-clyde,drama film
bono-stories-of-surrender,documentary film
boogie-nights,buddy film
boogie-nights,drama film
book-of-shadows-blair-witch-2,horror film
book-of-shadows-blair-witch-2,psychological horror fiction
booksmart,comedy film
booksmart,LGBTQ-related film
bookworm,comedy film
borat-cultural-learnings-of-america-for-make-benefit-glorious-nation-of-kazakhstan,comedy film
borat-cultural-learnings-of-america-for-make-benefit-glorious-nation-of-kazakhstan,mockumentary
borat-cultural-learnings-of-america-for-make-benefit-glorious-nation-of-kazakhstan,parody film
borat-subsequent-moviefilm-delivery-of-prodigious-bribe-to-american-regime-for-make-benefit-once-glo,mockumentary
borat-subsequent-moviefilm-delivery-of-prodigious-bribe-to-american-regime-for-make-benefit-once-glo,parody film
borat-subsequent-moviefilm-delivery-of-prodigious-bribe-to-american-regime-for-make-benefit-once-glo,pseudo-documentary
borg-vs-mcenroe,biographical film
borg-vs-mcenroe,drama film
borg-vs-mcenroe,sport film
borgman,comedy film
borgman,drama film
borgman,mystery film
borgman,thriller film
born-in-china,documentary film
born-into-brothels-calcuttas-red-light-kids,documentary film
born-on-the-fourth-of-july,biographical film
born-on-the-fourth-of-july,drama film
born-on-the-fourth-of-july,war film
born-to-be-blue,biographical film
born-to-be-blue,drama film
born-to-be-blue,romance film
born-to-be-wild,children's film
boss-level,action film
boss-level,science fiction film
boston-strangler,crime film
boston-strangler,drama film
boston-strangler,historical film
both-sides-of-the-blade,drama film
both-sides-of-the-blade,erotic film
both-sides-of-the-blade,romance film
bottle-rocket,buddy film
bottle-rocket,comedy film
bottle-rocket,heist film
bottoms,comedy film
bottoms,coming-of-age film
bottoms,lesbian-related film
bottoms,LGBTQ-related film
bowfinger,comedy film
bowling-for-columbine,documentary film
boy-a,drama film
boy-a,flashback film
boy-erased,biographical film
boy-erased,coming-of-age film
boy-erased,drama film
boy-erased,LGBTQ-related film
boyhood,coming-of-age film
boyhood,drama film
boys-dont-cry,biographical film
boys-dont-cry,docudrama
boys-dont-cry,drama film
boys-dont-cry,LGBTQ-related film
boys-dont-cry,romance film
boys-dont-cry,transgender film
boys-go-to-jupiter,comedy film
boys-state,documentary film
boyz-n-the-hood,coming-of-age film
boyz-n-the-hood,crime film
boyz-n-the-hood,drama film
boyz-n-the-hood,hood film
boyz-n-the-hood,romance film
boyz-n-the-hood,teen film
brads-status,drama film
brainwashed-sex-camera-power,documentary film
brand-upon-the-brain!,drama film
brand-upon-the-brain!,silent film
brave,comedy drama
brave,coming-of-age film
brave,fantasy film
braven,action film
braven,thriller film
brawl-in-cell-block-99,action film
brawl-in-cell-block-99,crime film
brawl-in-cell-block-99,drama film
brawl-in-cell-block-99,neo-noir
brawl-in-cell-block-99,thriller film
brazil,arthouse science fiction film
brazil,Christmas film
brazil,comedy film
brazil,dystopian film
brazil,fantasy film
brazil,neo-noir
brazil,retrofuturism
brazil,science fiction comedy
brazil,science fiction film
breach,biographical film
breach,docudrama
breach,documentary film
breach,drama film
breach,spy film
bread-roses,documentary film
break-point,comedy film
breakdown,action film
breakdown,crime film
breakdown,drama film
breakdown,mystery film
breakdown,thriller film
breaker-morant,trial film
breakfast-at-tiffanys,drama film
breakfast-at-tiffanys,romantic comedy film
breaking,drama film
breaking,thriller film
breaking-away,comedy drama
breaking-away,comedy film
breaking-away,coming-of-age film
breaking-away,drama film
breaking-the-waves,art film
breaking-the-waves,drama film
breaking-the-waves,romance film
breathe-in,drama film
breathe-in,romance film
breathing,drama film
breathless-1960,crime film
breathless-1960,drama film
brewster-mccloud,comedy drama
brian-and-charles,comedy film
brian-banks,drama film
brick,crime film
brick,drama film
brick,film noir
brick,mystery film
brick,neo-noir
brick,teen film
bride-of-chucky,comedy horror
bride-of-chucky,horror film
bride-of-chucky,parody film
bride-of-chucky,romantic comedy film
bride-of-chucky,slasher film
bride-of-chucky,teen film
bride-wars,female buddy film
bride-wars,romantic comedy
bridesmaids,female buddy film
bridesmaids,romantic comedy film
bridge-of-spies,biographical film
bridge-of-spies,historical film
bridge-of-spies,trial film
bridge-of-spies,war film
bridge-to-terabithia,adventure film
bridge-to-terabithia,children's film
bridge-to-terabithia,drama film
bridget-jones-mad-about-the-boy,romantic comedy film
bridget-joness-baby,comedy film
bridget-joness-baby,melodrama
bridget-joness-baby,romance film
bridget-joness-diary,Christmas film
bridget-joness-diary,comedy film
bridget-joness-diary,romantic comedy film
brief-encounter,drama film
brief-encounter,flashback film
brief-encounter,romance film
bright-star,biographical film
bright-star,drama film
bright-star,romance film
brighton-rock,crime film
brighton-rock,drama film
brighton-rock,neo-noir
brigsby-bear,drama film
bring-her-back,horror film
bring-her-back,supernatural horror film
bring-her-back,thriller film
bring-it-on,comedy film
bring-it-on,teen film
bring-me-the-head-of-alfredo-garcia,action film
bring-me-the-head-of-alfredo-garcia,crime film
bring-me-the-head-of-alfredo-garcia,drama film
bring-me-the-head-of-alfredo-garcia,thriller film
bring-me-the-head-of-alfredo-garcia,Western film
bring-them-down,thriller film
bringing-out-the-dead,action film
bringing-out-the-dead,drama film
bringing-out-the-dead,horror film
bringing-out-the-dead,psychological drama film
bringing-out-the-dead,psychological horror film
bringing-out-the-dead,psychological thriller film
bringing-out-the-dead,supernatural film
bringing-out-the-dead,supernatural horror film
bringing-out-the-dead,suspense film
bringing-out-the-dead,thriller film
bringing-up-baby,romantic comedy
bringing-up-baby,screwball comedy film
brittany-runs-a-marathon,drama film
broadcast-news,comedy drama
broadcast-news,drama film
broadcast-news,romantic comedy film
broadway-danny-rose,comedy film
brokeback-mountain,drama film
brokeback-mountain,LGBTQ-related film
brokeback-mountain,romance film
broken-arrow,action film
broken-arrow,spy film
broken-arrow,thriller film
broken-embraces,drama film
broken-embraces,LGBTQ-related film
broken-embraces,romance film
broken-embraces,thriller film
broken-flowers,comedy film
broken-flowers,drama film
broker,drama film
bronson,biographical film
bronson,crime film
bronson,drama film
bronson,prison film
brooklyn,drama film
brooklyn,melodrama
brooklyn-45,thriller film
brooklyn-castle,documentary film
brooklyns-finest,crime film
brooklyns-finest,drama film
bros,LGBTQ-related film
bros,romantic comedy film
brother-bear,buddy film
brother-bear,children's film
brother-bear,comedy drama
brother-bear,comedy film
brother-bear,coming-of-age film
brother-bear,drama film
brother-bear,family film
brother-bear,fantasy film
brother-bear,musical film
brotherhood-of-the-wolf,adventure film
brotherhood-of-the-wolf,drama film
brotherhood-of-the-wolf,historical film
brotherhood-of-the-wolf,kung fu film
brotherhood-of-the-wolf,martial arts film
brotherhood-of-the-wolf,monster film
brotherhood-of-the-wolf,science fiction film
brotherhood-of-the-wolf,thriller film
brothers,drama film
brothers,thriller film
brothers,war film
brothers-2005,drama film
brothers-2005,war film
brothers-keeper,documentary film
bruiser,drama film
brute-force,crime film
brute-force,drama film
brute-force,film noir
brute-force,prison film
buck,documentary film
bucky-larson-born-to-be-a-star,comedy film
buddy-2026,horror film
buena-vista-social-club,documentary film
buena-vista-social-club,musical film
buffalo-66,crime film
buffalo-66,drama film
buffalo-66,independent film
buffalo-66,road movie
buffalo-66,romantic comedy film
buffaloed,drama film
buffaloed,independent film
buffy-the-vampire-slayer,action comedy film
buffy-the-vampire-slayer,comedy film
buffy-the-vampire-slayer,comedy horror
buffy-the-vampire-slayer,fantasy film
buffy-the-vampire-slayer,horror film
buffy-the-vampire-slayer,teen film
buffy-the-vampire-slayer,vampire film
bugonia,black comedy film
bugonia,comedy film
bugonia,science fiction film
bugonia,thriller film
bugsy,biographical film
bugsy,crime film
bugsy,drama film
bugsy-malone,comedy film
bugsy-malone,crime film
bugsy-malone,musical film
bull-2022,crime thriller film
bull-durham,drama film
bull-durham,romantic comedy
bull-durham,sport film
bullhead,drama film
bullitt,action film
bullitt,crime film
bullitt,crime thriller film
bulworth,black comedy film
bulworth,drama film
bulworth,romantic comedy film
bumblebee,action film
bumblebee,adventure film
bumblebee,science fiction film
bunny-lake-is-missing,mystery film
bunny-lake-is-missing,psychological thriller
bunny-lake-is-missing,thriller film
bunraku,action film
bunraku,dystopian film
bunraku,fantasy film
bunraku,martial arts film
bunraku,samurai cinema
bunraku,Spaghetti Western
bunraku,thriller film
buouel-in-the-labyrinth-of-the-turtles,animated film
buouel-in-the-labyrinth-of-the-turtles,biographical film
buried,drama film
buried,thriller film
burma-vj-reporter-i-et-lukket-land,documentary film
burn-after-reading,black comedy film
burn-after-reading,comedy drama
burn-after-reading,comedy film
burn-after-reading,crime comedy film
burn-after-reading,crime drama film
burn-after-reading,crime film
burn-after-reading,crime thriller film
burn-after-reading,drama film
burn-after-reading,spy comedy film
burn-after-reading,spy film
burn-after-reading,thriller film
burn-country,drama film
burning,drama film
burning,thriller film
burning-cane,drama film
burning-sands,drama film
bus-174,documentary film
busters-mal-heart,drama film
busters-mal-heart,mystery film
butch-cassidy-and-the-sundance-kid,biographical film
butch-cassidy-and-the-sundance-kid,buddy film
butch-cassidy-and-the-sundance-kid,comedy drama
butch-cassidy-and-the-sundance-kid,Western film
butt-boy,comedy film
buybust,martial arts film
buzzard,comedy drama
by-design,drama film
byzantium,thriller film
byzantium,vampire film
ca-commence-aujourdhui,drama film
cabaret,drama film
cabaret,LGBTQ-related film
cabaret,musical film
cabin-fever,comedy horror
cabin-fever,splatter film
cactus-pears,LGBTQ-related film
caddyshack,comedy film
caesar-must-die,docudrama
caesar-must-die,documentary film
caesar-must-die,drama film
caesar-must-die,prison film
cafe-lumiere,drama film
cafe-society,comedy drama
cafe-society,comedy film
cairo-conspiracy,drama film
cairo-conspiracy,thriller film
cairo-time,drama film
cairo-time,romance film
calamity-jane,comedy film
calamity-jane,LGBTQ-related film
calamity-jane,musical film
calamity-jane,Western film
calibre,thriller film
california-solo,drama film
california-split,comedy drama
call-jane,drama film
call-me-by-your-name,coming-of-age film
call-me-by-your-name,drama film
call-me-by-your-name,LGBTQ-related film
call-me-by-your-name,romance film
call-me-by-your-name,romantic drama
call-me-kuchu,documentary film
call-me-kuchu,LGBTQ-related film
call-me-lucky,documentary film
calle-54,documentary film
calle-54,musical film
calvary,comedy film
calvary,drama film
calvary,tragedy
cam,horror film
cam,mystery film
cam,psychological horror fiction
cameraperson,documentary film
camille-claudel-1915,biographical film
camille-claudel-1915,drama film
can-you-ever-forgive-me,biographical film
can-you-ever-forgive-me,comedy drama
can-you-ever-forgive-me,drama film
can-you-ever-forgive-me,LGBTQ-related film
candyman,ghost film
candyman,hood film
candyman,horror film
candyman,psychological thriller
candyman,slasher film
candyman,thriller film
candyman-2020,blaxploitation film
candyman-2020,horror film
candyman-2020,slasher film
candyman-2020,supernatural horror film
cape-fear,crime drama film
cape-fear,crime thriller film
cape-fear,drama film
cape-fear,neo-noir
cape-fear,psychological horror film
cape-fear,psychological thriller film
cape-fear,Southern Gothic film
cape-fear,thriller film
capernaum,drama film
capital,drama film
capital-in-the-twenty-first-century,documentary film
capitalism-a-love-story,documentary film
capote,biographical film
capote,crime film
capote,drama film
capote,LGBTQ-related film
captain-america-civil-war,superhero film
captain-america-the-first-avenger,action film
captain-america-the-first-avenger,adventure film
captain-america-the-first-avenger,science fiction film
captain-america-the-first-avenger,superhero film
captain-america-the-first-avenger,war film
captain-america-the-winter-soldier,action film
captain-america-the-winter-soldier,adventure film
captain-america-the-winter-soldier,science fiction film
captain-america-the-winter-soldier,superhero film
captain-blood,pirate film
captain-blood,swashbuckler film
captain-fantastic,comedy film
captain-fantastic,drama film
captain-fantastic,romance film
captain-marvel,action film
captain-marvel,adventure film
captain-marvel,science fiction film
captain-marvel,superhero film
captain-phillips,action film
captain-phillips,biographical film
captain-phillips,drama film
captain-phillips,pirate film
captain-phillips,survival film
captain-phillips,thriller film
captain-underpants-the-first-epic-movie,comedy film
captain-underpants-the-first-epic-movie,family film
captain-underpants-the-first-epic-movie,superhero film
captains-courageous,drama film
capturing-the-friedmans,documentary film
car-wash,blaxploitation film
car-wash,comedy film
car-wash,LGBTQ-related film
caramel,comedy film
caramel,drama film
caramel,female buddy film
caramel,LGBTQ-related film
carancho,drama film
carandiru,drama film
carandiru,independent film
carandiru,LGBTQ-related film
carandiru,prison film
career-girls,comedy drama
career-girls,drama film
cargo-2018,thriller film
carlos,drama film
carlos,fiction
carnage,comedy film
carnage,drama film
carnage-2011,black comedy film
carnal-knowledge,comedy drama
carnal-knowledge,coming-of-age film
carnal-knowledge,drama film
carol,Christmas film
carol,drama film
carol,lesbian-related film
carol,LGBTQ-related film
carol,melodrama
carol,romance film
carolina-caroline,crime film
carolina-caroline,romance film
carrie-1976,coming-of-age film
carrie-1976,drama film
carrie-1976,horror film
carrie-1976,melodrama
carrie-1976,psychological horror film
carrie-1976,psychological thriller film
carrie-1976,supernatural horror film
carrie-1976,teen film
carrie-1976,thriller film
carry-on,action film
carry-on,crime film
carry-on,drama film
carry-on,mystery film
carry-on,thriller film
cars,buddy film
cars,comedy film
cars,flashback film
cars-2,action film
cars-2,buddy film
cars-2,crime film
cars-2,spy film
cars-3,adventure film
cars-3,children's film
cars-3,comedy film
cars-3,family film
cars-3,fantasy film
cartel-land,documentary film
casablanca,drama film
casablanca,film noir
casablanca,flashback film
casablanca,romance film
casablanca,war film
cashback,comedy drama
cashback,drama film
cashback,magic realist film
casino,biographical film
casino,crime drama film
casino,crime film
casino,crime thriller film
casino,drama film
casino,epic film
casino,gangster film
casino,mystery film
casino,thriller film
casino-jack-and-the-united-states-of-money,documentary film
casino-royale,action film
casino-royale,adventure film
casino-royale,crime film
casino-royale,spy film
casino-royale,thriller film
casper,children's film
casper,comedy drama
casper,comedy film
casper,family film
casper,fantasy film
casper,ghost film
cassandro,biographical film
cassandro,drama film
cast-away,adventure film
cast-away,drama film
cast-away,robinsonade
casting-jonbenet,documentary film
castle-in-the-sky,action anime
castle-in-the-sky,adventure anime
castle-in-the-sky,adventure anime and manga
castle-in-the-sky,adventure film
castle-in-the-sky,anti-war film
castle-in-the-sky,children's film
castle-in-the-sky,coming-of-age film
castle-in-the-sky,fantasy anime
castle-in-the-sky,fantasy anime and manga
castle-in-the-sky,fantasy film
castle-in-the-sky,mecha
castle-in-the-sky,romance anime and manga
castle-in-the-sky,science fiction anime
casualties-of-war,drama film
casualties-of-war,trial film
casualties-of-war,war film
cat-on-a-hot-tin-roof,drama film
cat-people-1942,fantasy film
cat-people-1942,film noir
cat-people-1942,horror film
catch-22,black comedy film
catch-22,comedy drama
catch-22,romantic comedy film
catch-22,satirical film
catch-22,war film
catch-me-daddy,thriller film
catch-me-if-you-can,biographical film
catch-me-if-you-can,comedy film
catch-me-if-you-can,crime film
catch-me-if-you-can,drama film
catch-me-if-you-can,heist film
catch-the-fair-one,thriller film
catfight,action comedy film
catfight,action film
catfight,drama film
catfight,LGBTQ-related film
catfish,documentary film
catherine-called-birdy,comedy film
catherine-called-birdy,medieval film
cats-dogs-the-revenge-of-kitty-galore,action film
cats-dogs-the-revenge-of-kitty-galore,buddy film
cats-dogs-the-revenge-of-kitty-galore,comedy film
cats-eye,adventure film
cats-eye,comedy film
cats-eye,horror film
cats-eye,mystery film
cats-eye,thriller film
catwoman,action film
catwoman,fantasy film
catwoman,superhero film
catwoman,thriller film
caught-by-the-tides,drama film
caught-stealing,crime film
caught-stealing,crime thriller film
causeway,drama film
cave-of-forgotten-dreams,documentary film
caveat,horror film
cedar-rapids,comedy film
cellular,action film
cellular,crime film
cellular,thriller film
cemetery-of-splendor,drama film
censor,horror film
censored-voices,documentary film
central-station,drama film
centurion,action film
centurion,drama film
centurion,sword-and-sandal film
certain-women,drama film
certified-copy,art film
certified-copy,drama film
certified-copy,romance film
cha-cha-real-smooth,comedy film
cha-cha-real-smooth,drama film
chainsaw-man---the-movie-reze-arc,action film
chainsaw-man---the-movie-reze-arc,dark fantasy
chainsaw-man---the-movie-reze-arc,romantic drama film
chainsaw-man---the-movie-reze-arc,supernatural film
challengers,comedy drama
challengers,romance film
challengers,sport film
champs,boxing film
champs,documentary film
changeling,crime film
changeling,drama film
changeling,mystery film
changing-lanes,drama film
chaos,action film
chaos,crime thriller film
chaos,heist film
chaos-the-manson-murders,documentary film
chappaquiddick,political drama
charade,comedy thriller
charade,crime thriller film
charade,mystery film
charade,romantic comedy
charade,treasure hunt film
chariots-of-fire,biographical film
chariots-of-fire,drama film
chariots-of-fire,historical film
chariots-of-fire,sport film
charlatan,drama film
charlatan,mystery film
charlie-and-the-chocolate-factory,black comedy film
charlie-and-the-chocolate-factory,family film
charlie-and-the-chocolate-factory,fantasy film
charlie-and-the-chocolate-factory,musical film
charlie-says,biographical film
charlie-says,crime film
charlie-st-cloud,coming-of-age film
charlie-st-cloud,drama film
charlie-st-cloud,fantasy film
charlie-st-cloud,romance film
charlie-the-life-and-art-of-charles-chaplin,biographical film
charlie-the-life-and-art-of-charles-chaplin,documentary film
charlies-angels,action film
charlies-angels,comedy film
charlies-angels,female buddy film
charlies-angels,martial arts film
charlies-angels-full-throttle,action film
charlies-angels-full-throttle,adventure film
charlies-angels-full-throttle,comedy film
charlies-angels-full-throttle,female buddy film
charlies-angels-full-throttle,martial arts film
charlies-country,drama film
charlottes-web,children's film
charlottes-web,comedy film
charm-city-kings,drama film
charm-city-kings,teen film
chasing-amy,comedy drama
chasing-amy,comedy film
chasing-amy,drama film
chasing-amy,LGBTQ-related film
chasing-amy,romance film
chasing-amy,romantic comedy film
chasing-coral,documentary film
chasing-ice,documentary film
chasing-trane-the-john-coltrane-documentary,biographical film
chasing-trane-the-john-coltrane-documentary,documentary film
chavela,documentary film
chavela,LGBTQ-related film
cheap-thrills,action film
cheap-thrills,comedy film
cheap-thrills,comedy thriller
cheaper-by-the-dozen,children's film
cheaper-by-the-dozen,comedy film
cheaper-by-the-dozen-2,comedy film
chef,comedy drama
chef,comedy film
chemical-hearts,drama film
chemical-hearts,romance film
chevalier,comedy film
chevalier-2022,biographical film
chevalier-2022,drama film
chevalier-2022,historical film
chi-raq,crime film
chi-raq,drama film
chicago,comedy drama
chicago,comedy film
chicago,detective film
chicago,drama film
chicago,musical film
chicago,prison film
chicago-10,documentary film
chicken-for-linda!,comedy film
chicken-for-linda!,family film
chicken-little,children's film
chicken-little,comedy film
chicken-little,coming-of-age film
chicken-little,disaster film
chicken-little,family film
chicken-little,fantasy film
chicken-little,musical film
chicken-little,science fiction film
chicken-run,children's film
chicken-run,comedy film
chicken-run,family film
chicken-run,fantasy film
chicken-run-dawn-of-the-nugget,adventure film
chicken-run-dawn-of-the-nugget,comedy film
chicken-run-dawn-of-the-nugget,family film
chicken-with-plums,comedy film
chicken-with-plums,drama film
chico-rita,drama film
children-of-a-lesser-god,drama film
children-of-a-lesser-god,romance film
children-of-heaven,children's film
children-of-heaven,comedy drama
children-of-heaven,drama film
children-of-men,adventure film
children-of-men,drama film
children-of-men,dystopian film
children-of-men,post-apocalyptic film
children-of-men,science fiction film
children-of-men,speculative fiction film
children-of-men,tech noir
children-of-men,thriller film
children-of-paradise-1945,drama film
children-of-paradise-1945,romance film
children-of-the-sea,fantasy film
children-underground,documentary film
childs-play-2,comedy horror
childs-play-2,horror film
childs-play-2,slasher film
childs-play-2,thriller film
childs-play-3,action film
childs-play-3,horror film
childs-play-3,slasher film
childs-pose,drama film
chile-76,drama film
chile-76,historical drama
chimes-at-midnight,comedy film
chimes-at-midnight,drama film
chimes-at-midnight,medieval film
chimes-at-midnight,war film
chimpanzee,documentary film
chimpanzee,nature documentary
chinatown,crime thriller film
chinatown,drama film
chinatown,film noir
chinatown,mystery film
chinatown,neo-noir
chinese-puzzle,drama film
chinese-puzzle,LGBTQ-related film
chinese-puzzle,romantic comedy film
chip-n-dale-rescue-rangers,adventure film
chip-n-dale-rescue-rangers,comedy film
chip-n-dale-rescue-rangers,crossover fiction
chip-n-dale-rescue-rangers,family film
chip-n-dale-rescue-rangers,thriller film
chloe,drama film
chloe,erotic film
chloe,erotic thriller
chloe,LGBTQ-related film
chloe,thriller film
chocolat,drama film
chocolat,melodrama
chocolat,romance film
chocolat,tragicomedy
chocolat-1989,drama film
chop-shop,drama film
chris-don-a-love-story,documentary film
chris-don-a-love-story,LGBTQ-related film
christine,biographical film
christine,drama film
christine-1983,action film
christine-1983,drama film
christine-1983,fantasy film
christine-1983,horror film
christine-1983,mystery film
christine-1983,science fiction film
christine-1983,supernatural film
christine-1983,supernatural horror film
christine-1983,suspense film
christine-1983,teen film
christine-1983,thriller film
christmas-again,Christmas film
christmas-again,drama film
christmas-again,romance film
christmas-eve-in-millers-point,Christmas film
christmas-eve-in-millers-point,comedy drama
christmas-with-the-kranks,Christmas film
christmas-with-the-kranks,comedy film
christopher-robin,adventure film
christopher-robin,comedy film
christopher-robin,drama film
christopher-robin,family film
christopher-robin,fantasy film
christopher-robin,live-action/animated film
chronic,drama film
chronicle-2012,coming-of-age film
chronicle-2012,drama film
chronicle-2012,fantasy film
chronicle-2012,found footage film
chronicle-2012,pseudo-documentary
chronicle-2012,superhero film
chronicle-2012,teen film
chronicle-2012,thriller film
chuck,biographical film
chuck,boxing film
chuck,drama film
chuck-buck,comedy drama
chuck-buck,LGBTQ-related film
chungking-express,comedy drama
chungking-express,crime film
chungking-express,romance film
cinderella,adventure film
cinderella,cinematic fairy tale
cinderella,family film
cinderella,fantasy film
cinderella,melodrama
cinderella,romance film
cinderella-1950,cinematic fairy tale
cinderella-1950,family film
cinderella-1950,fantasy film
cinderella-1950,melodrama
cinderella-1950,musical film
cinderella-1950,musical play
cinderella-1950,romance film
cinderella-man,biographical film
cinderella-man,boxing film
cinderella-man,drama film
cinema-paradiso,coming-of-age film
cinema-paradiso,drama film
circle-of-friends,drama film
circle-of-friends,romance film
circumstance,drama film
circumstance,LGBTQ-related film
circus-of-books,documentary film
cirkus-columbia,comedy film
cirkus-columbia,drama film
cirque-du-freak-the-vampires-assistant,fantasy film
cirque-du-freak-the-vampires-assistant,teen film
cirque-du-freak-the-vampires-assistant,vampire film
citadel,drama film
citadel,horror film
citadel,psychological horror fiction
citizen-ashe,documentary film
citizen-gangster,action film
citizen-gangster,crime film
citizen-gangster,drama film
citizen-k,political film
citizen-kane-1941,biographical film
citizen-kane-1941,drama film
citizen-kane-1941,fiction film
citizen-kane-1941,flashback film
citizen-kane-1941,mystery film
citizenfour,documentary film
city-hall,documentary film
city-island,comedy film
city-island,drama film
city-lights,comedy drama
city-lights,romantic comedy film
city-lights,tragicomedy
city-of-ember,adventure film
city-of-ember,children's film
city-of-ember,dystopian film
city-of-ember,fantasy film
city-of-ember,post-apocalyptic film
city-of-ember,science fiction film
city-of-ghosts-2017,documentary film
city-of-god,coming-of-age film
city-of-god,crime film
city-of-god,drama film
city-of-god,hood film
city-of-gold,adventure film
city-of-life-and-death,drama film
city-of-life-and-death,war film
city-slickers,buddy film
city-slickers,comedy drama
city-slickers,comedy film
city-slickers,Western film
civil-war,action film
civil-war,drama film
civil-war,dystopian film
claires-camera,drama film
clara-sola,drama film
clash,drama film
clash-of-the-titans,action film
clash-of-the-titans,drama film
clash-of-the-titans,fantasy film
clash-of-the-titans,sword-and-sandal film
class-action-park,crime film
class-action-park,documentary film
clear-and-present-danger,action film
clear-and-present-danger,drama film
clear-and-present-danger,political thriller film
clear-and-present-danger,spy film
clear-and-present-danger,thriller film
clemency,drama film
cleo-from-5-to-7,drama film
clerks,buddy film
clerks,comedy film
clerks,drama film
clerks-ii,buddy film
clerks-ii,comedy film
click,comedy film
click,fantasy film
click,science fiction film
client-9-the-rise-and-fall-of-eliot-spitzer,documentary film
cliff-walkers,action film
cliff-walkers,drama film
cliff-walkers,thriller film
climates,drama film
clock,horror film
clock,science fiction film
clockers,coming-of-age film
clockers,crime film
clockers,drama film
clockers,hood film
clockers,mystery film
close-2022,drama film
close-encounters-of-the-third-kind,adventure film
close-encounters-of-the-third-kind,drama film
close-encounters-of-the-third-kind,science fiction film
close-encounters-of-the-third-kind,speculative fiction film
close-encounters-of-the-third-kind,thriller film
close-up,crime film
close-up,drama film
close-your-eyes-2023,drama film
closed-curtain,drama film
closer,drama film
closer,romance film
closet-monster,coming-of-age film
closet-monster,drama film
closet-monster,LGBTQ-related film
clouds-of-sils-maria,drama film
cloudy-with-a-chance-of-meatballs-2,comedy film
cloudy-with-a-chance-of-meatballs-2,family film
cloudy-with-a-chance-of-meatballs-2,fantasy film
cloudy-with-a-chance-of-meatballs-2,teen film
cloverfield,action-adventure film
cloverfield,disaster film
cloverfield,fantasy film
cloverfield,found footage film
cloverfield,kaiju
cloverfield,pseudo-documentary
cloverfield,science fantasy
cloverfield,science fiction action film
cloverfield,thriller film
clue,comedy thriller
clue,crime film
clue,mystery film
clue,parody film
clueless,comedy film
clueless,coming-of-age film
clueless,LGBTQ-related film
clueless,romantic comedy film
clueless,teen film
cmon-cmon,drama film
coal-miners-daughter,biographical film
coal-miners-daughter,drama film
coal-miners-daughter,musical film
cobra,action film
cobra,crime film
cobra,thriller film
cocktail,buddy film
cocktail,drama film
cocktail,romance film
cocktail,romantic comedy film
coco-2017,adventure film
coco-2017,comedy film
coco-2017,detective film
coco-2017,drama film
coco-2017,family film
coco-2017,fantasy film
coco-2017,ghost film
coco-2017,melodrama
coco-2017,musical film
coco-chanel-igor-stravinsky,biographical film
coco-chanel-igor-stravinsky,drama film
coda-2021,comedy drama
coda-2021,musical film
code-black,documentary film
coded-bias,documentary film
coffee-and-cigarettes,anthology film
coffee-and-cigarettes,comedy film
coffee-and-cigarettes,drama film
cog,drama film
coherence,arthouse science fiction film
coherence,crime film
coherence,psychological thriller
coherence,science fiction film
coherence,thriller film
cold-case-hammarskjold,documentary film
cold-comfort-farm,romantic comedy
cold-in-july,crime film
cold-in-july,drama film
cold-in-july,neo-noir
cold-mountain,drama film
cold-mountain,romance film
cold-mountain,war film
cold-pursuit,action comedy film
cold-pursuit,thriller film
cold-pursuit,vigilante film
cold-souls,comedy drama
cold-souls,drama film
cold-storage,action film
cold-storage,comedy horror
cold-storage,science fiction film
cold-war,drama film
cold-war,romance film
cold-weather,mystery film
colette,biographical film
colette,drama film
colette,LGBTQ-related film
collapse,documentary film
collateral,action film
collateral,crime film
collateral,drama film
collateral,neo-noir
collateral,thriller film
collateral-damage,action film
collateral-damage,vigilante film
collective,documentary film
colombiana,action film
colombiana,drama film
colombiana,girls with guns
colombiana,vigilante film
colony,horror film
colony,zombie film
color-out-of-space,horror film
color-out-of-space,science fiction film
colossal,drama film
colossal,science fiction action film
colossal,speculative fiction film
colossal,thriller film
columbus,drama film
combat-obscura,documentary film
come-as-you-are,comedy film
come-as-you-are,drama film
come-from-away,musical film
come-play,fantasy film
come-play,horror film
come-play,supernatural film
come-play,thriller film
come-see-me-in-the-good-light,documentary film
come-see-me-in-the-good-light,LGBTQ-related film
come-to-daddy,thriller film
come-true,horror film
come-true,science fiction film
comic-con-episode-iv-a-fans-hope,documentary film
coming-to-america,romantic comedy film
commando,action film
commando,thriller film
commando,war film
companion,black comedy
companion,science fiction film
companion,thriller film
complete-unknown,drama film
complete-unknown,mystery film
compliance,drama film
compliance,erotic film
compliance,erotic thriller
compliance,thriller film
computer-chess,comedy film
con-air,action film
con-air,LGBTQ-related film
con-air,prison film
con-air,thriller film
conan-obrien-cant-stop,documentary film
conan-the-barbarian,action film
conan-the-barbarian,adventure film
conan-the-barbarian,fantasy film
conan-the-barbarian,sword and sorcery film
conan-the-barbarian,sword-and-sandal film
conan-the-barbarian-2011,action film
conan-the-barbarian-2011,adventure film
conan-the-barbarian-2011,fantasy film
conan-the-barbarian-2011,sword and sorcery film
conan-the-barbarian-2011,sword-and-sandal film
conan-the-destroyer,action film
conan-the-destroyer,fantasy film
conan-the-destroyer,sword and sorcery film
concert-for-george,documentary film
conclave,drama film
conclave,mystery film
conclave,thriller film
concrete-cowboy,drama film
concrete-utopia,disaster film
concrete-utopia,thriller film
concussion,drama film
concussion,LGBTQ-related film
concussion-2015,American football film
concussion-2015,biographical film
concussion-2015,drama film
confess-fletch,crime comedy film
confessions-of-a-dangerous-mind,biographical film
confessions-of-a-dangerous-mind,comedy drama
confessions-of-a-dangerous-mind,comedy film
confessions-of-a-dangerous-mind,drama film
confessions-of-a-dangerous-mind,mystery film
confessions-of-a-dangerous-mind,neo-noir
confessions-of-a-dangerous-mind,spy film
confessions-of-a-dangerous-mind,thriller film
confessions-of-a-shopaholic,romantic comedy
congo,action film
congo,adventure film
congo,horror film
congo,monster film
congo,science fiction film
conspiracy-theory,action film
conspiracy-theory,crime film
conspiracy-theory,drama film
conspiracy-theory,thriller film
constantine,drama film
constantine,fantasy film
constantine,horror film
constantine,satanic film
constantine,superhero film
contagion,action film
contagion,disaster film
contagion,drama film
contagion,thriller film
control,biographical film
control,drama film
control,independent film
control,musical film
control-room,documentary film
conviction,biographical film
conviction,drama film
cookies-fortune,comedy film
cookies-fortune,crime film
cookies-fortune,mystery film
cool-hand-luke,drama film
cool-hand-luke,prison film
cooley-high,blaxploitation film
cooley-high,comedy drama
cooley-high,coming-of-age film
cooley-high,romance film
cooley-high,teen film
cop-car,crime film
cop-car,thriller film
cop-out,buddy cop film
cop-out,buddy film
cop-out,comedy film
copa-71,documentary film
copshop,action film
copshop,thriller film
copycat,crime film
copycat,horror film
copycat,mystery film
coraline,cinematic fairy tale
coraline,dark fantasy
coraline,family film
coraline,fantasy film
coraline,ghost film
coraline,horror film
coraline,stitchpunk
coraline,thriller film
coriolanus,drama film
coriolanus,political drama
coriolanus,political thriller film
coriolanus,thriller film
coriolanus,war film
corpse-bride,fantasy film
corpse-bride,musical film
corpse-bride,romantic comedy
corpse-bride,zombie film
corpus-christi,drama film
corsage,biographical film
corsage,drama film
corsage,historical film
cosmopolis,drama film
cosmopolis,thriller film
cosmos,drama film
costa-brava-lebanon,comedy film
costa-brava-lebanon,drama film
countdown-to-zero,documentary film
coup-de-chance,comedy drama
coup-de-chance,comedy thriller
coup-de-chance,romance film
coup-de-chance,thriller film
couples-retreat,romantic comedy
courage-under-fire,action film
courage-under-fire,drama film
courage-under-fire,flashback film
courage-under-fire,mystery film
courage-under-fire,thriller film
courage-under-fire,war film
courageous,drama film
courageous,religious film
court,drama film
cover-up,documentary film
cow,documentary film
cowboys,drama film
cowboys,transgender film
cowboys-aliens,action film
cowboys-aliens,alien invasion
cowboys-aliens,science fiction film
cowboys-aliens,speculative fiction film
cowboys-aliens,thriller film
cowboys-aliens,Western film
coyote-vs-acme,adventure film
coyote-vs-acme,comedy film
coyote-vs-acme,family film
coyote-vs-acme,fantasy film
coyote-vs-acme,live-action/animated film
crank,action film
crank,crime film
crank,crime thriller film
crash,crime film
crash,drama film
crash-1997,drama film
crash-1997,erotic thriller
crash-1997,LGBTQ-related film
crater,adventure film
crater,science fiction film
crawl,action film
crawl,drama film
crawl,horror film
crazy-heart,drama film
crazy-heart,musical film
crazy-not-insane,documentary film
crazy-rich-asians,drama film
crazy-rich-asians,romantic comedy film
crazy-stupid-love,comedy drama
crazy-stupid-love,coming-of-age film
crazy-stupid-love,romantic comedy film
crazy-stupid-love,teen film
creative-control,drama film
creative-control,science fiction film
creed,boxing film
creed,drama film
creed-ii,boxing film
creed-ii,drama film
creed-iii,boxing film
creed-iii,drama film
creepshow,anthology film
creepshow,black comedy film
creepshow,comedy horror film
creepshow,fantasy film
creepshow,ghost film
creepshow,horror film
creepshow,monster film
creepshow,science fiction film
creepshow,science fiction horror film
creepshow,thriller film
creepshow,zombie film
creepy,thriller film
crime-+-punishment,documentary film
crime-101,crime thriller film
crime-after-crime,documentary film
crimes-and-misdemeanors,comedy film
crimes-and-misdemeanors,crime film
crimes-and-misdemeanors,drama film
crimes-of-the-future,biopunk
crimes-of-the-future,body horror film
crimes-of-the-future,drama film
crimes-of-the-future,horror film
crimes-of-the-future,science fiction film
crimes-of-the-future,science fiction horror film
crimes-of-the-future,splatter film
crimes-of-the-future,thriller film
crimson-gold,drama film
crimson-peak,dark fantasy
crimson-peak,drama film
crimson-peak,fantasy film
crimson-peak,ghost film
crimson-peak,Gothic film
crimson-peak,gothic horror film
crimson-peak,historical drama film
crimson-peak,historical film
crimson-peak,horror film
crimson-peak,mystery film
crimson-peak,romance film
crimson-peak,romantic horror film
crimson-peak,supernatural film
crimson-peak,supernatural horror film
crimson-peak,thriller film
crimson-tide,action film
crimson-tide,drama film
crimson-tide,submarine film
crimson-tide,thriller film
crimson-tide,war film
critical-thinking,drama film
cronos,comedy film
cronos,drama film
cronos,fantasy film
cronos,horror film
cronos,independent film
cronos,mystery film
cronos,supernatural film
cronos,supernatural horror film
cronos,thriller film
cronos,vampire film
crooked-house,crime film
crooked-house,drama film
crooked-house,mystery film
cropsey,documentary film
crossing,drama film
crossing,LGBTQ-related film
crossing-the-bridge-the-sound-of-istanbul,documentary film
crossing-the-bridge-the-sound-of-istanbul,musical film
crossing-the-line,documentary film
crossroads,comedy drama
crossroads,coming-of-age film
crossroads,drama film
crossroads,female buddy film
crossroads,romantic comedy film
crossroads,teen film
crouching-tiger-hidden-dragon,action film
crouching-tiger-hidden-dragon,adventure film
crouching-tiger-hidden-dragon,drama film
crouching-tiger-hidden-dragon,fantasy film
crouching-tiger-hidden-dragon,martial arts film
crouching-tiger-hidden-dragon,romance film
croupier,crime film
croupier,drama film
croupier,neo-noir
crown-heights,biographical film
crown-heights,crime film
crown-heights,drama film
cruel-intentions,drama film
cruel-intentions,romance film
cruel-intentions,teen film
cruella,adventure film
cruella,comedy film
cruella,crime film
crumb,documentary film
crush-2022,comedy film
crush-2022,LGBTQ-related film
crush-2022,romance film
cry-macho,contemporary Western film
cry-macho,drama film
cryptozoo,adult animated film
cryptozoo,drama film
crystal-fairy-the-magical-cactus,adventure film
crystal-fairy-the-magical-cactus,comedy film
crystal-fairy-the-magical-cactus,melodrama
cube,horror film
cube,psychological horror fiction
cube,science fiction film
cuckoo,horror film
cuckoo,mystery film
cuckoo,thriller film
cul-de-sac,comedy film
cul-de-sac,comedy thriller
cul-de-sac,drama film
cure,horror film
cure,psychological horror fiction
curse-of-the-golden-flower,drama film
curse-of-the-golden-flower,romance film
custody,drama film
cut-throat-city,action film
cut-throat-city,drama film
cut-throat-city,heist film
cutie-and-the-boxer,documentary film
cutters-way,crime thriller film
cutters-way,drama film
cyrano,drama film
cyrano,musical film
cyrano,romance film
cyrano-de-bergerac,comedy film
cyrano-de-bergerac,drama film
cyrano-de-bergerac,romance film
cyrano-my-love,comedy film
cyrano-my-love,drama film
cyrus,horror film
cyrus,thriller film
da-5-bloods,drama film
da-5-bloods,war film
daaaaaali,comedy film
daddio,drama film
daddy-day-care,comedy film
daddy-day-care,family film
daddy-longlegs,independent film
dahomey,documentary film
daliland,biographical film
dallas-buyers-club,biographical film
dallas-buyers-club,drama film
dallas-buyers-club,LGBTQ-related film
damage,drama film
damage,erotic film
damage,romance film
damsel,comedy drama
damsel,drama film
damsel,Western film
damsels-in-distress,comedy film
dan-in-real-life,drama film
dan-in-real-life,romantic comedy
dancer-in-the-dark,drama film
dancer-in-the-dark,musical film
dancer-in-the-dark,trial film
dances-with-wolves,adventure film
dances-with-wolves,drama film
dances-with-wolves,war film
dances-with-wolves,Western film
dances-with-wolves,white savior film
dangerous-animals,horror film
dangerous-animals,natural horror film
dangerous-animals,survival film
dangerous-animals,thriller film
dangerous-liaisons,drama film
dangerous-liaisons,erotic film
dangerous-liaisons,romance film
dangerous-liaisons-2012,drama film
dangerous-liaisons-2012,erotic thriller
dangerous-liaisons-2012,romance film
daniel-isnt-real,horror film
daniel-isnt-real,thriller film
danny-collins,comedy drama
dantes-peak,action film
dantes-peak,adventure film
dantes-peak,disaster film
dantes-peak,drama film
daredevil,action film
daredevil,crime thriller film
daredevil,drama film
daredevil,martial arts film
daredevil,superhero film
daredevil,thriller film
daredevil,vigilante film
dark-city,arthouse science fiction film
dark-city,dystopian film
dark-city,film noir
dark-city,horror film
dark-city,neo-noir
dark-city,science fiction film
dark-city,thriller film
dark-days,documentary film
dark-horse,comedy drama
dark-money,documentary film
dark-passage,drama film
dark-passage,film noir
dark-passage,mystery film
dark-river,drama film
dark-waters,biographical film
dark-waters,drama film
dark-waters,historical film
darkest-hour,biographical film
darkest-hour,drama film
darkest-hour,war film
darkman,action film
darkman,drama film
darkman,horror film
darkman,science fiction film
darkman,superhero film
darkness-falls,ghost film
darkness-falls,horror film
darkness-falls,monster film
darling,comedy horror
darwins-nightmare,documentary film
das-boot,drama film
das-boot,historical film
das-boot,submarine film
das-boot,war film
date-and-switch,comedy film
date-and-switch,LGBTQ-related film
date-movie,comedy film
date-movie,drama film
date-movie,melodrama
date-movie,romantic comedy
date-night,action film
date-night,buddy film
date-night,comedy film
date-night,crime film
date-night,romantic comedy film
dating-amber,comedy drama
dating-amber,romance film
daughter-from-danang,documentary film
daughters,documentary film
daughters-of-darkness,horror film
daughters-of-darkness,LGBTQ-related film
daughters-of-darkness,satanic film
daughters-of-darkness,vampire film
daughters-of-the-dust,drama film
daughters-of-the-dust,historical film
daughters-of-the-dust,independent film
dave,comedy drama
dave,drama film
dave,romantic comedy
dave-chappelles-block-party,comedy film
dave-chappelles-block-party,documentary film
dave-chappelles-block-party,musical film
dave-made-a-maze,fantasy film
david-byrnes-american-utopia,biographical film
david-byrnes-american-utopia,music documentary film
david-byrnes-american-utopia,performance art
david-copperfield,drama film
david-crosby-remember-my-name,documentary film
david-lynch-the-art-life,documentary film
dawn-of-the-dead,action film
dawn-of-the-dead,science fiction film
dawn-of-the-dead,splatter film
dawn-of-the-dead,zombie film
dawn-of-the-dead-1979,action film
dawn-of-the-dead-1979,drama film
dawn-of-the-dead-1979,horror film
dawn-of-the-dead-1979,independent film
dawn-of-the-dead-1979,post-apocalyptic film
dawn-of-the-dead-1979,science fiction film
dawn-of-the-dead-1979,science fiction horror film
dawn-of-the-dead-1979,splatter film
dawn-of-the-dead-1979,thriller film
dawn-of-the-dead-1979,zombie film
dawn-of-the-planet-of-the-apes,science fiction film
dawson-city-frozen-time,documentary film
day-of-the-dead,action film
day-of-the-dead,drama film
day-of-the-dead,dystopian film
day-of-the-dead,horror film
day-of-the-dead,independent film
day-of-the-dead,mystery film
day-of-the-dead,post-apocalyptic film
day-of-the-dead,science fiction horror film
day-of-the-dead,splatter film
day-of-the-dead,suspense film
day-of-the-dead,thriller film
day-of-the-dead,zombie film
day-of-the-fight,drama film
daybreakers,action film
daybreakers,adventure film
daybreakers,dystopian film
daybreakers,horror film
daybreakers,science fiction film
daybreakers,vampire film
daydream-nation,coming-of-age film
daydream-nation,drama film
daydream-nation,teen film
days,drama film
days,LGBTQ-related film
days,slice of life
days-of-being-wild-re-release,crime film
days-of-being-wild-re-release,romantic drama film
days-of-glory,drama film
days-of-glory,war film
days-of-grace,crime film
days-of-heaven-re-release,drama film
days-of-heaven-re-release,romance film
days-of-thunder,action film
days-of-thunder,drama film
days-of-thunder,romance film
days-of-thunder,sport film
days-of-wine-and-roses,drama film
dazed-and-confused,comedy film
dazed-and-confused,coming-of-age film
dazed-and-confused,drama film
dazed-and-confused,teen film
dc-league-of-super-pets,action comedy film
dc-league-of-super-pets,comedy film
dc-league-of-super-pets,superhero film
de-humani-corporis-fabrica,documentary film
de-palma,documentary film
dead-buried,horror film
dead-buried,mystery film
dead-buried,science fiction film
dead-buried,zombie film
dead-calm,thriller film
dead-for-a-dollar,thriller film
dead-for-a-dollar,Western film
dead-man,acid Western
dead-man,drama film
dead-man,fantasy film
dead-man,independent film
dead-man,pritcha
dead-man,road movie
dead-man,Western film
dead-man-walking,crime film
dead-man-walking,drama film
dead-man-walking,legal drama
dead-man-walking,prison film
dead-mans-burden,Western film
dead-mans-wire,crime film
dead-mans-wire,drama film
dead-mans-wire,historical film
dead-mans-wire,thriller film
dead-of-winter-2025,action film
dead-of-winter-2025,thriller film
dead-pigs,drama film
dead-poets-society,coming-of-age film
dead-poets-society,drama film
dead-poets-society,teen film
dead-ringers,body horror film
dead-ringers,drama film
dead-ringers,horror film
dead-ringers,mystery film
dead-ringers,psychological drama film
dead-ringers,psychological horror film
dead-ringers,psychological thriller film
dead-ringers,suspense film
dead-ringers,thriller film
dead-snow,zombie comedy
dead-snow,zombie film
dead-snow-2-red-vs-dead,zombie comedy
dead-snow-2-red-vs-dead,zombie film
deadpool,action film
deadpool,black comedy film
deadpool,erotic film
deadpool,superhero film
deadpool-2,black comedy film
deadpool-2,LGBTQ-related film
deadpool-2,superhero film
deadpool-2,time-travel film
deadpool-wolverine,action film
deadpool-wolverine,black comedy film
deadpool-wolverine,science fiction film
deadpool-wolverine,splatter film
deadpool-wolverine,superhero film
deadstream,found footage film
deadstream,horror film
deaf-president-now!,documentary film
dealt,documentary film
dean,comedy film
dear-comrades!,drama film
dear-comrades!,historical drama
dear-comrades!,historical film
dear-john,drama film
dear-john,romance film
dear-john,war film
dear-white-people,drama film
dear-white-people,LGBTQ-related film
dear-zachary-a-letter-to-a-son-about-his-father,documentary film
death-and-the-maiden,drama film
death-and-the-maiden,mystery film
death-and-the-maiden,rape and revenge film
death-at-a-funeral,comedy film
death-at-a-funeral,LGBTQ-related film
death-at-a-funeral-2007,comedy film
death-race,action film
death-race,dystopian film
death-race,prison film
death-race,science fiction action film
death-race,thriller film
death-sentence,action film
death-sentence,crime film
death-sentence,drama film
death-sentence,neo-noir
death-sentence,vigilante film
deathgasm,comedy horror
deathgasm,splatter film
decision-to-leave,drama film
decision-to-leave,mystery film
decision-to-leave,police film
decision-to-leave,romance film
declaration-of-war,comedy film
declaration-of-war,drama film
decoding-annie-parker,drama film
deep-blue,documentary film
deep-blue,nature documentary
deep-blue-sea,action film
deep-blue-sea,adventure film
deep-blue-sea,drama film
deep-blue-sea,horror film
deep-blue-sea,science fiction film
deep-blue-sea,science fiction horror film
deep-blue-sea,thriller film
deep-cover-2025,action comedy film
deep-cover-2025,police film
deep-impact,disaster film
deep-impact,drama film
deep-impact,science fiction film
deep-red,drama film
deep-red,exploitation film
deep-red,giallo
deep-red,horror film
deep-red,LGBTQ-related film
deep-red,mystery film
deep-red,psychological drama film
deep-red,psychological horror film
deep-red,psychological thriller film
deep-red,romance film
deep-red,romantic horror film
deep-red,slasher film
deep-red,supernatural film
deep-red,supernatural horror film
deep-red,suspense film
deep-red,thriller film
deep-water,documentary film
deepwater-horizon,action film
deepwater-horizon,disaster film
deepwater-horizon,drama film
deepwater-horizon,thriller film
deerskin,comedy film
defiance,drama film
defiance,war film
definitely-maybe,comedy drama
definitely-maybe,romantic comedy
deja-vu,action film
deja-vu,crime thriller film
deja-vu,science fiction film
deja-vu,spy film
deja-vu,thriller film
deja-vu,time-travel film
delicatessen,comedy film
delicatessen,dystopian film
delicatessen,fantasy film
delicatessen,post-apocalyptic film
deliver-us-from-evil,documentary film
deliverance,adventure film
deliverance,drama film
deliverance,LGBTQ-related film
deliverance,rape and revenge film
deliverance,suspense film
deliverance,thriller film
demolition-man,action film
demolition-man,dystopian film
demolition-man,science fiction film
demon,comedy film
demon,drama film
demon,horror film
demon,thriller film
demon-slayer--kimetsu-no-yaiba--the-movie-mugen-train,action film
demon-slayer--kimetsu-no-yaiba--the-movie-mugen-train,anime film
demon-slayer--kimetsu-no-yaiba--the-movie-mugen-train,dark fantasy
denial,biographical film
denial,drama film
denial,historical film
department-q-the-keeper-of-lost-causes,crime film
department-q-the-keeper-of-lost-causes,drama film
department-q-the-keeper-of-lost-causes,horror film
department-q-the-keeper-of-lost-causes,mystery film
department-q-the-keeper-of-lost-causes,thriller film
departures,drama film
departures,musical film
descendant,documentary film
desire,romantic comedy
desperately-seeking-susan,drama film
desperately-seeking-susan,mystery film
desperately-seeking-susan,romantic comedy
despicable-me,comedy film
despicable-me,family film
despicable-me-2,adventure film
despicable-me-2,comedy film
despicable-me-2,family film
despicable-me-2,science fiction film
destroyer,crime film
destroyer,drama film
destry-rides-again,comedy film
destry-rides-again,Western film
detective-story,crime film
detective-story,drama film
detective-story,film noir
detroit,crime film
detroit,drama film
detroit,historical drama
detropia,documentary film
deuce-bigalow-european-gigolo,comedy film
deuce-bigalow-male-gigolo,comedy film
deuce-bigalow-male-gigolo,romantic comedy film
deuce-bigalow-male-gigolo,sex comedy
deuce-bigalow-male-gigolo,slapstick
devil,horror film
devil,satanic film
devil-in-a-blue-dress,crime film
devil-in-a-blue-dress,drama film
devil-in-a-blue-dress,mystery film
devil-in-a-blue-dress,neo-noir
devil-in-a-blue-dress,satanic film
devils-on-the-doorstep,comedy film
devo,documentary film
devo,music-themed film
devotion,biographical film
devotion,drama film
devotion,war film
dheepan,crime film
dheepan,drama film
dial-m-for-murder,action film
dial-m-for-murder,crime drama film
dial-m-for-murder,crime film
dial-m-for-murder,crime thriller film
dial-m-for-murder,detective film
dial-m-for-murder,drama film
dial-m-for-murder,mystery film
dial-m-for-murder,psychological drama film
dial-m-for-murder,psychological thriller film
dial-m-for-murder,thriller film
diamantino,association football film
diamantino,comedy drama
diamantino,LGBTQ-related film
diamond-men,crime film
diamond-men,drama film
diamonds-are-forever,action film
diamonds-are-forever,adventure film
diamonds-are-forever,spy film
diamonds-are-forever,thriller film
diana-vreeland-the-eye-has-to-travel,documentary film
diane,drama film
diary-of-a-chambermaid,drama film
diary-of-a-chambermaid,historical film
diary-of-a-wimpy-kid,comedy film
diary-of-a-wimpy-kid,family film
diary-of-the-dead,found footage film
diary-of-the-dead,horror film
diary-of-the-dead,independent film
diary-of-the-dead,science fiction film
diary-of-the-dead,science fiction horror film
diary-of-the-dead,zombie film
dick-johnson-is-dead,documentary film
dicks-the-musical,comedy film
dicks-the-musical,musical film
did-you-wonder-who-fired-the-gun,documentary film
didi,comedy film
didi,drama film
die-hard,action film
die-hard,action thriller
die-hard,Christmas film
die-hard,heist film
die-hard-2,action film
die-hard-2,action thriller
die-hard-2,Christmas film
die-hard-2,crime film
die-hard-2,thriller film
die-hard-with-a-vengeance,action film
die-hard-with-a-vengeance,action thriller
die-hard-with-a-vengeance,buddy cop film
die-hard-with-a-vengeance,buddy film
die-hard-with-a-vengeance,heist film
die-my-love,domestic thriller
diego-maradona,association football film
diego-maradona,documentary film
difret,biographical film
difret,drama film
dig-two-graves,horror film
dig!,documentary film
dig!,rockumentary
digging-for-fire,comedy drama
digging-for-fire,drama film
diner,comedy film
diner,coming-of-age film
diner,drama film
dinner-for-schmucks,comedy film
dinner-in-america,comedy drama
dinosaur,adventure film
dinosaur-13,documentary film
dior-and-i,documentary film
diplomacy,drama film
diplomacy,historical film
diplomacy,war film
dirty-dancing,dance film
dirty-dancing,drama film
dirty-dancing,musical film
dirty-dancing,romance film
dirty-dancing,teen film
dirty-god,drama film
dirty-harry,action film
dirty-harry,action thriller
dirty-harry,crime thriller film
dirty-harry,vigilante film
dirty-pretty-things,crime film
dirty-pretty-things,drama film
dirty-pretty-things,thriller film
dirty-rotten-scoundrels,buddy film
dirty-rotten-scoundrels,comedy film
dirty-rotten-scoundrels,crime film
dirty-wars,documentary film
disappearance-at-clifton-hill,thriller film
disaster-movie,comedy film
disaster-movie,disaster film
disaster-movie,parody film
disclosure-day,drama film
disclosure-day,science fiction film
disclosure-day,thriller film
disco-boy,drama film
disconnect,drama film
disconnect,thriller film
disgrace,drama film
disobedience,drama film
disobedience,LGBTQ-related film
disobedience,romance film
disorder,drama film
distant,drama film
distant-voices-still-lives,drama film
district-13-ultimatum,action film
district-13-ultimatum,crime film
district-13-ultimatum,martial arts film
district-13-ultimatum,science fiction film
district-13-ultimatum,thriller film
district-9,action film
district-9,action thriller
district-9,adventure film
district-9,biopunk
district-9,drama film
district-9,dystopian film
district-9,horror film
district-9,independent film
district-9,mockumentary
district-9,science fiction action film
district-9,science fiction film
district-9,science fiction horror film
district-9,suspense film
district-9,thriller film
district-b13,action film
district-b13,action thriller
district-b13,dystopian film
district-b13,martial arts film
district-b13,science fiction action film
district-b13,science fiction film
disturbia,drama film
disturbia,neo-noir
disturbia,slasher film
disturbia,teen film
disturbia,thriller film
divide-and-conquer-the-story-of-roger-ailes,biographical film
divide-and-conquer-the-story-of-roger-ailes,documentary film
divided-we-fall,comedy film
divided-we-fall,drama film
divided-we-fall,war film
divine-intervention,comedy film
divine-intervention,drama film
divine-love,drama film
divines,drama film
django-unchained,action film
django-unchained,blaxploitation film
django-unchained,comedy drama
django-unchained,drama film
django-unchained,historical drama film
django-unchained,historical film
django-unchained,revisionist Western
django-unchained,Western film
do-i-sound-gay,documentary film
do-i-sound-gay,LGBTQ-related film
do-not-expect-too-much-from-the-end-of-the-world,comedy film
do-revenge,comedy film
do-revenge,LGBTQ-related film
do-the-right-thing,comedy film
do-the-right-thing,drama film
do-the-right-thing,hood film
do-the-right-thing,independent film
doa-dead-or-alive,action film
doa-dead-or-alive,fantasy film
doa-dead-or-alive,ninja film
doctor-sleep,ghost film
doctor-sleep,horror film
doctor-strange,action film
doctor-strange,adventure film
doctor-strange,fantasy film
doctor-strange,science fiction film
doctor-strange,superhero film
doctor-strange-in-the-multiverse-of-madness,action film
doctor-strange-in-the-multiverse-of-madness,adventure film
doctor-strange-in-the-multiverse-of-madness,fantasy film
doctor-strange-in-the-multiverse-of-madness,horror film
doctor-strange-in-the-multiverse-of-madness,science fiction film
doctor-strange-in-the-multiverse-of-madness,superhero film
doctor-zhivago,drama film
doctor-zhivago,melodrama
doctor-zhivago,romance film
doctor-zhivago,war film
dodgeball-a-true-underdog-story,comedy film
dodgeball-a-true-underdog-story,LGBTQ-related film
dodgeball-a-true-underdog-story,sport film
dog,comedy drama
dog,comedy film
dog,road movie
dog-day-afternoon,action film
dog-day-afternoon,biographical film
dog-day-afternoon,black comedy film
dog-day-afternoon,comedy drama
dog-day-afternoon,comedy film
dog-day-afternoon,crime drama film
dog-day-afternoon,crime film
dog-day-afternoon,crime thriller film
dog-day-afternoon,docudrama
dog-day-afternoon,drama film
dog-day-afternoon,gangster film
dog-day-afternoon,heist film
dog-day-afternoon,LGBTQ-related film
dog-day-afternoon,mystery film
dog-day-afternoon,suspense film
dog-day-afternoon,thriller film
dog-man,comedy film
dog-man,superhero film
dog-pound,drama film
dog-pound,prison film
dogma,adventure film
dogma,comedy film
dogma,fantasy film
dogman,crime film
dogman,drama film
dogtooth,drama film
dogtooth,LGBTQ-related film
dogtown-and-z-boys,documentary film
dogtown-and-z-boys,sport film
dogville,art film
dogville,crime film
dogville,drama film
dogville,mystery film
dogville,thriller film
dolemite-is-my-name,biographical film
dolemite-is-my-name,comedy drama
dolemite-is-my-name,comedy film
dolls,drama film
dolores,documentary film
dolphin-tale,children's film
dolphin-tale,drama film
dolphin-tale-2,children's film
dolphin-tale-2,drama film
don-jon,drama film
don-jon,romantic comedy film
donald-cried,comedy film
donbass,drama film
donbass,tragicomedy
donkey-skin,fantasy film
donkey-skin,musical film
donnie-brasco,biographical film
donnie-brasco,crime drama film
donnie-brasco,crime film
donnie-brasco,crime thriller film
donnie-brasco,drama film
donnie-brasco,gangster film
donnie-brasco,thriller film
donnie-darko,comedy drama
donnie-darko,comedy film
donnie-darko,comedy horror film
donnie-darko,drama film
donnie-darko,fantasy film
donnie-darko,horror film
donnie-darko,magic realist film
donnie-darko,mystery film
donnie-darko,psychological drama film
donnie-darko,psychological horror film
donnie-darko,psychological thriller film
donnie-darko,science fiction film
donnie-darko,science fiction horror film
donnie-darko,suspense film
donnie-darko,thriller film
dont-be-afraid-of-the-dark,fantasy film
dont-breathe,crime film
dont-breathe,horror film
dont-breathe,thriller film
dont-call-me-son,drama film
dont-call-me-son,LGBTQ-related film
dont-look-now,drama film
dont-look-now,horror film
dont-say-good-luck,comedy drama
dont-say-good-luck,musical film
dont-say-good-luck,romance film
dont-say-good-luck,teen film
dont-think-twice,comedy drama
dont-think-twice,drama film
dont-worry-he-wont-get-far-on-foot,biographical film
dont-worry-he-wont-get-far-on-foot,drama film
doom,action film
doom,horror film
doom,monster film
doom,science fiction film
doom,thriller film
doom,zombie film
doomsday,action film
doomsday,disaster film
doomsday,horror film
doomsday,post-apocalyptic film
doomsday,science fiction film
dope,comedy drama
dope,coming-of-age film
dope,crime film
dope,drama film
dope,hood film
dora-and-the-lost-city-of-gold,action film
dora-and-the-lost-city-of-gold,adventure film
dora-and-the-lost-city-of-gold,comedy film
dora-and-the-lost-city-of-gold,family film
dora-and-the-lost-city-of-gold,fantasy comedy film
dora-and-the-lost-city-of-gold,fantasy film
dora-and-the-lost-city-of-gold,mystery film
dora-and-the-lost-city-of-gold,treasure hunt film
dos-estaciones,drama film
double-dare,documentary film
double-indemnity,crime film
double-indemnity,drama film
double-indemnity,film noir
double-indemnity,flashback film
double-jeopardy,crime film
double-jeopardy,thriller film
double-lover,drama film
double-lover,erotic film
double-lover,erotic thriller
double-lover,thriller film
doubt,drama film
dovlatov,biographical film
dovlatov,melodrama
down-a-dark-hall,drama film
down-a-dark-hall,fantasy film
down-a-dark-hall,ghost film
down-a-dark-hall,horror film
down-a-dark-hall,thriller film
down-and-out-in-beverly-hills,comedy film
down-by-law,buddy film
down-by-law,comedy film
down-by-law,drama film
down-by-law,independent film
down-by-law,prison film
down-by-law,road movie
down-terrace,comedy drama
down-terrace,crime film
down-to-the-bone,drama film
downfall-the-case-against-boeing,documentary film
downhill-racer,drama film
downhill-racer,sport film
downsizing,comedy drama
downsizing,science fiction film
downton-abbey,historical drama
downton-abbey-a-new-era,historical drama
dr-jekyll-and-mr-hyde,horror film
dr-jekyll-and-mr-hyde,science fiction film
dr-no,action film
dr-no,adventure film
dr-no,spy film
dr-no,thriller film
dr-strangelove-or-how-i-learned-to-stop-worrying-and-love-the-bomb,black comedy film
dr-strangelove-or-how-i-learned-to-stop-worrying-and-love-the-bomb,comedy film
dr-strangelove-or-how-i-learned-to-stop-worrying-and-love-the-bomb,war film
dracula-1931,drama film
dracula-1931,horror film
dracula-1931,vampire film
dracula-2000,action film
dracula-2000,horror film
dracula-2000,vampire film
dracula-2025,drama film
dracula-2025,horror film
dracula-2025,romance film
dracula-2025,speculative fiction film
dracula-2025,vampire film
dracula-pages-from-a-virgins-diary,horror film
dracula-pages-from-a-virgins-diary,silent film
dracula-pages-from-a-virgins-diary,vampire film
drag-me-to-hell,comedy horror
drag-me-to-hell,ghost film
dragged-across-concrete,drama film
dragged-across-concrete,neo-noir
dragged-across-concrete,thriller film
dragon,action film
dragon,martial arts film
dragon,thriller film
dragon-ball-super-super-hero,action film
dragon-ball-super-super-hero,adventure film
dragon-ball-super-super-hero,anime film
dragon-ball-super-super-hero,fantasy film
dragon-ball-super-super-hero,martial arts film
dragon-ball-super-super-hero,speculative fiction film
dragon-the-bruce-lee-story,action film
dragon-the-bruce-lee-story,biographical film
dragon-the-bruce-lee-story,drama film
dragon-the-bruce-lee-story,martial arts film
dragonball-evolution,action film
dragonball-evolution,adventure film
dragonball-evolution,fantasy film
dragonball-evolution,science fiction film
dragonslayer,documentary film
dragonslayer,sport film
dream-horse,comedy film
dream-horse,drama film
dream-house-2011,drama film
dream-house-2011,ghost film
dream-house-2011,mystery film
dream-house-2011,thriller film
dream-scenario,comedy film
dream-scenario,comedy horror
dream-scenario,fantasy film
dream-scenario,horror film
dream-scenario,surrealist film
dreamcatcher,buddy film
dreamcatcher,horror film
dreamcatcher,science fiction film
dreamcatcher-2015,documentary film
dreamgirls,drama film
dreamgirls,musical film
dreamgirls,romance film
dreamland-2019,drama film
dreamland-2019,thriller film
dreams-of-a-life,documentary film
dredd,action film
dredd,buddy cop film
dredd,dystopian film
dredd,science fiction film
dressed-to-kill,crime drama film
dressed-to-kill,crime film
dressed-to-kill,crime thriller film
dressed-to-kill,drama film
dressed-to-kill,erotic film
dressed-to-kill,erotic thriller
dressed-to-kill,horror film
dressed-to-kill,independent film
dressed-to-kill,LGBTQ-related film
dressed-to-kill,mystery film
dressed-to-kill,neo-noir
dressed-to-kill,psychological drama film
dressed-to-kill,psychological horror film
dressed-to-kill,psychological thriller film
dressed-to-kill,slasher film
dressed-to-kill,thriller film
drew-the-man-behind-the-poster,documentary film
drift-2023,drama film
drinking-buddies,drama film
drinking-buddies,romantic comedy film
drive,crime film
drive,drama film
drive,neo-noir
drive,thriller film
drive-away-dolls,comedy film
drive-away-dolls,road movie
drive-my-car,drama film
driveways,drama film
driving-madeleine,comedy drama
driving-madeleine,road movie
driving-miss-daisy,buddy film
driving-miss-daisy,comedy film
driving-miss-daisy,drama film
drop,mystery film
drop,thriller film
drug-war,crime film
drugstore-cowboy,black comedy film
drugstore-cowboy,crime film
drugstore-cowboy,drama film
drunk-stoned-brilliant-dead-the-story-of-the-national-lampoon--0001,biographical film
drunk-stoned-brilliant-dead-the-story-of-the-national-lampoon--0001,comedy film
drunk-stoned-brilliant-dead-the-story-of-the-national-lampoon--0001,documentary film
drunk-stoned-brilliant-dead-the-story-of-the-national-lampoon--0001,historical film
dual,science fiction film
dual,thriller film
duck-butter,comedy drama
duck-butter,LGBTQ-related film
duck-soup,comedy film
duck-soup,musical film
dude-wheres-my-car,buddy film
dude-wheres-my-car,comedy film
dude-wheres-my-car,LGBTQ-related film
due-date,buddy film
due-date,comedy film
due-date,road movie
duel,action film
duel,road movie
duel,thriller film
duma,children's film
dumb-and-dumber,buddy film
dumb-and-dumber,comedy film
dumb-and-dumber,road movie
dumb-and-dumberer-when-harry-met-lloyd,buddy film
dumb-and-dumberer-when-harry-met-lloyd,screwball comedy film
dumb-money,biographical film
dumb-money,comedy drama
dumb-money,comedy film
dumb-money,drama film
dumbo-1941,buddy film
dumbo-1941,family film
dumbo-1941,fantasy film
dumbo-1941,melodrama
dumbo-1941,musical film
dumbo-1941,musical play
dune-part-one,action film
dune-part-one,adventure film
dune-part-one,science fiction film
dune-part-one,speculative fiction film
dune-part-two,action film
dune-part-two,adventure film
dune-part-two,epic film
dune-part-two,science fiction film
dune-part-two,speculative fiction film
dung-che-sai-duk,art film
dung-che-sai-duk,martial arts film
dungeons-dragons,action film
dungeons-dragons,adventure film
dungeons-dragons,fantasy film
dungeons-dragons-honor-among-thieves,adventure film
dungeons-dragons-honor-among-thieves,comedy film
dungeons-dragons-honor-among-thieves,fantasy film
dungeons-dragons-honor-among-thieves,speculative fiction film
dungeons-dragons-honor-among-thieves,sword and sorcery film
dunkirk,drama film
dunkirk,historical film
dunkirk,war film
duplex,comedy film
duplicity,crime film
duplicity,drama film
duplicity,romantic comedy
duplicity,spy film
duplicity,thriller film
dust-bunny,drama film
dust-bunny,horror film
dust-bunny,thriller film
eagle-eye,action film
eagle-eye,action thriller
eagle-eye,mystery film
eagle-eye,techno-thriller
early-man,adventure film
early-man,association football film
early-man,comedy film
early-man,family film
early-spring,drama film
earth,nature documentary
earth-1999,drama film
earth-1999,romance film
earth-1999,war film
earwig,drama film
easier-with-practice,drama film
easier-with-practice,independent film
east-is-east,comedy drama
east-is-east,drama film
east-of-eden,drama film
east-of-eden,romance film
east-of-wall,docufiction
east-of-wall,drama film
eastern-boys,drama film
eastern-boys,LGBTQ-related film
eastern-promises,action film
eastern-promises,crime drama film
eastern-promises,crime film
eastern-promises,crime thriller film
eastern-promises,drama film
eastern-promises,gangster film
eastern-promises,mystery film
eastern-promises,thriller film
easy-a,LGBTQ-related film
easy-a,romantic comedy film
easy-a,teen film
easy-money,action film
easy-money,drama film
easy-rider,drama film
easy-rider,road movie
eat-drink-man-woman,comedy film
eat-drink-man-woman,drama film
eat-pray-love,biographical film
eat-pray-love,comedy drama
eat-pray-love,drama film
eat-pray-love,romantic comedy
eat-that-question-frank-zappa-in-his-own-words,biographical film
eat-that-question-frank-zappa-in-his-own-words,documentary film
eating-animals,documentary film
eating-raoul,comedy horror
echo-in-the-canyon,documentary film
echo-in-the-canyon,musical film
ed-wood,biographical film
ed-wood,comedy film
ed-wood,drama film
ed-wood,LGBTQ-related film
eddington,black comedy film
eddington,comedy film
eddington,contemporary Western film
eddington,crime film
eddington,drama film
eddington,horror film
eddington,satirical film
eddington,thriller film
eddington,Western film
eden-2013,crime film
eden-2013,drama film
eden-2024,survival film
eden-2024,thriller film
eden-lake,horror film
eden-lake,thriller film
edge-of-darkness,action film
edge-of-darkness,crime thriller film
edge-of-darkness,drama film
edge-of-darkness,thriller film
edge-of-tomorrow,dystopian film
edge-of-tomorrow,military science fiction
edge-of-tomorrow,science fiction action film
edge-of-tomorrow,science fiction film
edward-scissorhands,Christmas film
edward-scissorhands,cinematic fairy tale
edward-scissorhands,drama film
edward-scissorhands,fantasy film
edward-scissorhands,romance film
eephus,comedy film
eephus,drama film
eephus,sport film
egg,drama film
eight-crazy-nights,Christmas film
eight-crazy-nights,comedy film
eight-crazy-nights,drama film
eight-crazy-nights,musical film
eight-legged-freaks,comedy film
eight-legged-freaks,comedy horror
eight-legged-freaks,monster film
eight-legged-freaks,science fiction film
eight-men-out,drama film
eight-men-out,sport film
eighth-grade,comedy drama
eighth-grade,drama film
eileen,psychological thriller film
eisenstein-in-guanajuato,biographical film
eisenstein-in-guanajuato,comedy drama
eisenstein-in-guanajuato,drama film
eisenstein-in-guanajuato,LGBTQ-related film
el-angel,biographical film
el-angel,black comedy film
el-angel,crime film
el-angel,drama film
el-angel,LGBTQ-related film
el-bulli-cooking-in-progress,documentary film
el-cid,biographical film
el-cid,drama film
el-cid,romance film
el-cid,war film
el-conde,comedy film
el-conde,vampire film
el-dorado,Western film
el-mariachi,action film
el-mariachi,contemporary Western film
el-mariachi,crime film
el-mariachi,drama film
el-mariachi,thriller film
el-norte,drama film
el-planeta,absurdist comedy film
elaine-stritch-shoot-me,documentary film
election-1999,LGBTQ-related film
election-1999,teen film
electric-shadows,drama film
electrick-children,coming-of-age film
electrick-children,drama film
electrick-children,magic realist film
elektra,action film
elektra,crime film
elektra,drama film
elektra,fantasy film
elektra,ninja film
elektra,superhero film
elemental-2023,adventure film
elemental-2023,comedy film
elemental-2023,family film
elemental-2023,fantasy film
elemental-2023,romance film
elemental-2023,science fiction film
elena,documentary film
elena-2014,romance film
elephant,drama film
elephant,independent film
elephant,LGBTQ-related film
elephant,teen film
elephant,thriller film
elephant-2020,documentary film
elevator-to-the-gallows,drama film
elevator-to-the-gallows,film noir
elio,adventure film
elio,fantasy film
elio,science fiction film
elizabeth,biographical film
elizabeth,drama film
elizabeth-the-golden-age,biographical film
elizabeth-the-golden-age,drama film
ella-enchanted,fantasy film
ella-enchanted,musical film
ella-enchanted,romantic comedy
ella-enchanted,teen film
elle,psychological thriller
elle,rape and revenge film
elling,comedy drama
elling,comedy film
elstree-1976,documentary film
elton-john-never-too-late,documentary film
elvis,biographical film
elvis,drama film
elvis,gambling film
elvis,musical film
elvis-nixon,biographical film
elvis-nixon,comedy drama
elysium,action film
elysium,action thriller
elysium,cyberpunk
elysium,drama film
elysium,dystopian film
elysium,science fiction action film
elysium,science fiction film
elysium,thriller film
embrace-of-the-serpent,adventure film
embrace-of-the-serpent,drama film
emelie,thriller film
emergency,satire
emergency,thriller film
emilia-perez,comedy film
emilia-perez,crime film
emilia-perez,drama film
emilia-perez,LGBTQ-related film
emilia-perez,musical film
emily-the-criminal,crime film
emily-the-criminal,drama film
emily-the-criminal,thriller film
emma-2020,comedy film
emma-2020,drama film
empire-of-the-sun,coming-of-age film
empire-of-the-sun,drama film
empire-of-the-sun,war film
encanto-2021,fantasy film
encanto-2021,musical film
enchanted,comedy film
enchanted,family film
enchanted,fantasy film
enchanted,live-action/animated film
enchanted,musical film
enchanted,romantic comedy
encounters-at-the-end-of-the-world,documentary film
end-of-days,action film
end-of-days,dystopian film
end-of-days,fantasy film
end-of-days,horror film
end-of-days,satanic film
end-of-days,thriller film
end-of-sentence,drama film
end-of-the-century,music documentary film
end-of-the-century-2019,drama film
end-of-the-century-2019,LGBTQ-related film
end-of-watch,action film
end-of-watch,buddy cop film
end-of-watch,crime film
end-of-watch,crime thriller film
end-of-watch,drama film
end-of-watch,found footage film
end-of-watch,hood film
endless-poetry,drama film
enemy,mystery film
enemy,thriller film
enemy-at-the-gates,action film
enemy-at-the-gates,drama film
enemy-at-the-gates,romance film
enemy-at-the-gates,war film
enforcement,action film
ennio,biographical film
ennio,documentary film
enola-holmes,mystery film
enola-holmes-2,detective film
enola-holmes-2,mystery film
enola-holmes-2,thriller film
enola-holmes-3,detective film
enola-holmes-3,mystery film
enola-holmes-3,thriller film
enough,action film
enough,drama film
enough,psychological thriller film
enough-said,romantic comedy film
enron-the-smartest-guys-in-the-room,documentary film
enter-the-dragon,action film
enter-the-dragon,martial arts film
enter-the-dragon,thriller film
enter-the-void,drama film
enter-the-void,fantasy film
enter-the-void,ghost film
entertainment,drama film
entrapment,action film
entrapment,crime film
entrapment,drama film
entrapment,heist film
entrapment,romance film
enys-men,experimental film
enys-men,folk horror film
eo,drama film
eo,road movie
epic-elvis-presley-in-concert,documentary film
epic-movie,comedy film
equilibrium,action film
equilibrium,dystopian film
equilibrium,post-apocalyptic film
equilibrium,psychological thriller
equilibrium,science fiction film
equity,drama film
equity,financial thriller
eragon,action film
eragon,adventure film
eragon,fantasy film
eraser,action film
eraser,drama film
eraser,thriller film
eraserhead,body horror film
eraserhead,drama film
eraserhead,experimental film
eraserhead,fantasy film
eraserhead,horror film
eraserhead,independent film
eraserhead,speculative fiction film
eraserhead,surrealist fiction
eraserhead,surrealist film
eraserhead,thriller film
erin-brockovich,biographical film
erin-brockovich,drama film
ernest-celestine,comedy drama
ernest-celestine,comedy film
ernest-celestine,drama fiction
ernest-celestine,drama film
ernest-cole-lost-and-found,biographical film
ernest-cole-lost-and-found,documentary film
erupcja,LGBTQ-related film
escape-from-alcatraz,action film
escape-from-alcatraz,drama film
escape-from-alcatraz,prison film
escape-from-mogadishu,action film
escape-from-mogadishu,drama film
escape-from-new-york,action film
escape-from-new-york,dystopian film
escape-from-new-york,post-apocalyptic film
escape-from-new-york,prison film
escape-from-new-york,science fiction film
escape-from-new-york,thriller film
escape-from-pretoria,thriller film
escape-from-the-planet-of-the-apes,drama film
escape-from-the-planet-of-the-apes,science fiction film
escape-from-tomorrow,fantasy film
escape-from-tomorrow,horror film
escape-from-tomorrow,neo-noir
escape-from-tomorrow,psychological horror fiction
escobar-paradise-lost,thriller film
et-the-extra-terrestrial,children's film
et-the-extra-terrestrial,drama film
et-the-extra-terrestrial,family film
et-the-extra-terrestrial,science fiction film
eternal-beauty,drama film
eternal-sunshine-of-the-spotless-mind,comedy drama
eternal-sunshine-of-the-spotless-mind,fantasy film
eternal-sunshine-of-the-spotless-mind,melodrama
eternal-sunshine-of-the-spotless-mind,romantic comedy
eternal-sunshine-of-the-spotless-mind,science fiction film
eternal-you,documentary film
eternity-2025,LGBTQ-related film
eternity-2025,romantic comedy film
eternity-and-a-day,drama film
ethel-ernest,biographical film
ethel-ernest,drama film
eureka,drama film
europa,art film
europa,drama film
europa,thriller film
europa,war film
europa-europa,biographical film
europa-europa,coming-of-age film
europa-europa,drama film
europa-europa,historical film
europa-europa,war film
europa-report,adventure film
europa-report,found footage film
europa-report,science fiction film
eurotrip,comedy film
eurotrip,teen film
euthanizer,black comedy film
evan-almighty,comedy film
evan-almighty,fantasy film
evangelion-20-you-can-not-advance,action anime
evangelion-20-you-can-not-advance,drama anime and manga
evangelion-20-you-can-not-advance,ecchi
evangelion-20-you-can-not-advance,mecha
evangelion-20-you-can-not-advance,post-apocalyptic film
evangelion-20-you-can-not-advance,science fiction anime
evangelion-20-you-can-not-advance,science fiction film
evangelion-30+10-thrice-upon-a-time,science fiction film
event-horizon,action film
event-horizon,adventure film
event-horizon,fantasy film
event-horizon,horror film
event-horizon,psychological horror film
event-horizon,science fiction film
event-horizon,science fiction horror film
event-horizon,speculative fiction film
event-horizon,splatter film
event-horizon,supernatural horror film
everest,action film
everest,adventure film
everest,biographical film
everest,disaster film
everest,drama film
everest,survival film
everest,thriller film
everlasting-moments,biographical film
everlasting-moments,drama film
everlasting-moments,historical film
every-body,documentary film
every-little-step,documentary film
everybody-knows,drama film
everybody-knows,psychological thriller
everybody-wants-some!!,comedy drama
everybody-wants-some!!,coming-of-age film
everybodys-everything,documentary film
everybodys-talking-about-jamie,comedy drama
everybodys-talking-about-jamie,drama film
everybodys-talking-about-jamie,LGBTQ-related film
everybodys-talking-about-jamie,musical film
everyday-sunshine-the-story-of-fishbone,documentary film
everyone-else,drama film
everyone-else,romance film
everything-everywhere-all-at-once,absurdist fiction
everything-everywhere-all-at-once,action film
everything-everywhere-all-at-once,comedy drama
everything-everywhere-all-at-once,martial arts film
everything-everywhere-all-at-once,psychedelic film
everything-everywhere-all-at-once,science fiction film
everything-must-go,comedy film
everything-must-go,drama film
everything-went-fine,comedy drama
everything-went-fine,comedy film
everything-went-fine,drama film
eves-bayou,drama film
evil-dead-2013,horror film
evil-dead-2013,zombie film
evil-dead-ii,comedy horror
evil-dead-ii,parody film
evil-dead-ii,splatter film
evil-dead-ii,zombie film
evil-dead-rise,horror film
evil-dead-rise,speculative fiction film
evil-dead-rise,supernatural horror film
evil-does-not-exist,drama film
evita,biographical film
evita,drama film
evita,musical film
evolution,alien invasion
evolution,biopunk
evolution,comedy film
evolution,science fiction comedy
evolution,science fiction film
ex-husbands,comedy film
ex-machina,arthouse science fiction film
ex-machina,drama film
ex-machina,psychological thriller film
ex-machina,science fiction film
exhibiting-forgiveness,drama film
exhibition,drama film
exiled,action film
exiled,crime film
exiled,thriller film
existenz,action film
existenz,biopunk
existenz,body horror film
existenz,comedy drama
existenz,comedy film
existenz,comedy horror film
existenz,crime drama film
existenz,crime film
existenz,crime thriller film
existenz,cyberpunk
existenz,drama film
existenz,dystopian film
existenz,horror film
existenz,mystery film
existenz,psychological drama film
existenz,psychological horror film
existenz,psychological thriller film
existenz,science fiction action film
existenz,science fiction film
existenz,science fiction horror film
existenz,suspense film
existenz,thriller film
exit-8,psychological horror fiction
exit-8,psychological horror film
exit-8,psychological thriller film
exit-through-the-gift-shop,documentary film
exit-through-the-gift-shop,independent film
exodus-1969,action film
exodus-1969,drama film
exodus-1969,war film
exorcist-the-beginning,horror film
exorcist-the-beginning,thriller film
exotica,drama film
experimenter,biographical film
experimenter,drama film
extra-ordinary,comedy film
extra-ordinary,horror film
extract,comedy film
extract,crime film
extraction-2,action film
extraction-2,thriller film
extraction-2020,action film
extraordinary-tales,horror film
extraordinary-tales,mystery film
eye-in-the-sky,drama film
eye-in-the-sky,thriller film
eye-in-the-sky,war film
eyes-wide-open,drama film
eyes-wide-open,LGBTQ-related film
eyes-wide-open,melodrama
eyes-wide-shut,Christmas film
eyes-wide-shut,drama film
eyes-wide-shut,erotic drama film
eyes-wide-shut,erotic film
eyes-wide-shut,erotic thriller
eyes-wide-shut,melodrama
eyes-wide-shut,mystery film
eyes-wide-shut,psychological drama film
eyes-wide-shut,psychological thriller film
eyes-wide-shut,thriller film
ezra-2023,comedy drama
f-for-fake,mockumentary
f1-the-movie,action film
f1-the-movie,sport film
f9-the-fast-saga,action film
fabian-going-to-the-dogs,drama film
fabian-going-to-the-dogs,historical film
faceoff,action film
faceoff,action thriller
faceoff,crime film
faceoff,thriller film
faces,art film
faces,drama film
faces-of-death,horror film
faces-places,documentary film
factotum,comedy film
factotum,drama film
fading-gigolo,comedy film
fading-gigolo,romantic comedy film
fados,documentary film
fados,musical film
fahrenheit-119,documentary film
fahrenheit-911,documentary film
fair-game-2010,biographical film
fair-game-2010,drama film
fair-game-2010,thriller film
fair-game-2010,war film
fair-play-2023,drama film
fair-play-2023,thriller film
fairyland,drama film
falcon-lake,drama film
fall-2022,survival film
fall-2022,thriller film
fallen-angels,thriller film
fallen-leaves,comedy film
fallen-leaves,drama film
fallen-leaves,romance film
falling-2020,drama film
falling-2020,LGBTQ-related film
falling-down,action film
falling-down,action thriller
falling-down,crime film
falling-down,drama film
falling-down,thriller film
falling-down,vigilante film
familiar-touch,drama film
family,comedy film
family-plot,black comedy film
family-plot,comedy film
family-plot,comedy thriller
family-plot,crime drama film
family-plot,crime film
family-plot,crime thriller film
family-plot,drama film
family-plot,horror film
family-plot,mystery film
family-plot,psychological drama film
family-plot,psychological horror film
family-plot,psychological thriller film
family-plot,thriller film
family-romance-llc,drama film
fanboys,comedy film
fancy-dance,drama film
fanny-and-alexander-re-release,Christmas film
fanny-and-alexander-re-release,drama film
fanny-and-alexander-re-release,historical film
fantasia,clay animation
fantasia,fantasy film
fantasia,live-action/animated film
fantasia,musical film
fantasia,puppetoon animation
fantasia-2000,comedy film
fantasia-2000,fantasy film
fantasia-2000,musical film
fantastic-beasts-and-where-to-find-them,adventure film
fantastic-beasts-and-where-to-find-them,children's film
fantastic-beasts-and-where-to-find-them,drama film
fantastic-beasts-and-where-to-find-them,fantasy film
fantastic-four,action film
fantastic-four,fantasy film
fantastic-four,science fiction film
fantastic-four,superhero film
fantastic-four-rise-of-the-silver-surfer,action film
fantastic-four-rise-of-the-silver-surfer,fantasy film
fantastic-four-rise-of-the-silver-surfer,science fiction film
fantastic-four-rise-of-the-silver-surfer,superhero film
fantastic-fungi,documentary film
fantastic-mr-fox,action film
fantastic-mr-fox,comedy film
fantastic-mr-fox,family film
fantastic-mr-fox,melodrama
fantastic-planet,adult animated film
fantastic-planet,arthouse science fiction film
fantastic-planet,science fiction film
fantastic-voyage,action film
fantastic-voyage,science fiction film
fantasy-life,comedy film
far-from-heaven,art film
far-from-heaven,drama film
far-from-heaven,LGBTQ-related film
far-from-heaven,romance film
far-from-men,drama film
far-from-the-madding-crowd,drama film
far-from-the-madding-crowd,melodrama
far-from-the-madding-crowd,romance film
farewell,drama film
farewell-amor,drama film
farewell-amor,musical film
farewell-amor,romance film
farewell-my-concubine,drama film
farewell-my-concubine,historical film
farewell-my-concubine,romance film
farewell-my-lovely,crime film
farewell-my-lovely,LGBTQ-related film
farewell-my-lovely,neo-noir
farewell-my-lovely,thriller film
farewell-my-queen,biographical film
farewell-my-queen,drama film
farewell-my-queen,LGBTQ-related film
fargo,action film
fargo,black comedy film
fargo,comedy drama
fargo,comedy film
fargo,crime drama film
fargo,crime film
fargo,crime thriller film
fargo,drama film
fargo,film noir
fargo,mystery film
fargo,neo-noir
fargo,police procedural film
fargo,suspense film
fargo,thriller film
fast-color,drama film
fast-color,science fiction film
fast-color,thriller film
fast-five,action film
fast-five,crime film
fast-five,crime thriller film
fast-five,heist film
fast-furious-6,action film
fast-furious-6,heist film
fast-furious-6,thriller film
fast-furious-presents-hobbs-shaw,action film
fast-furious-presents-hobbs-shaw,thriller film
fast-times-at-ridgemont-high,comedy film
fast-times-at-ridgemont-high,coming-of-age film
fast-times-at-ridgemont-high,drama film
fast-times-at-ridgemont-high,teen film
fast-x,action film
fastball,documentary film
faster-2010,action film
faster-2010,drama film
faster-2010,thriller film
faster-2010,vigilante film
fat-girl,art film
fat-girl,coming-of-age film
fat-girl,drama film
fateless,drama film
father-mother-sister-brother,anthology film
father-mother-sister-brother,comedy drama
father-of-my-children,drama film
father-of-the-bride-1950,romantic comedy
father-of-the-bride-2022,comedy film
father-of-the-bride-2022,romantic comedy film
father-soldier-son,documentary film
fauci,biographical film
fauci,documentary film
faults,drama film
faya-dayi,documentary film
faye,documentary film
fear,drama film
fear,erotic film
fear,erotic thriller
fear,mystery film
fear,neo-noir
fear,teen film
fear,thriller film
fear-and-loathing-in-las-vegas,autobiography
fear-and-loathing-in-las-vegas,buddy film
fear-and-loathing-in-las-vegas,comedy drama
fear-and-loathing-in-las-vegas,phantasmagoria
fear-and-trembling,comedy film
fear-and-trembling,drama film
fear-and-trembling,satire
fear-street-part-one-1994,horror film
fear-street-part-one-1994,slasher film
fear-street-part-three-1666,horror film
fear-street-part-three-1666,slasher film
fear-street-part-two-1978,horror film
fear-street-part-two-1978,slasher film
fearless,action film
fearless,biographical film
fearless,drama film
fearless,historical film
fearless,martial arts film
feast-of-the-seven-fishes,comedy film
fed-up,documentary film
feels-good-man,documentary film
felicias-journey,drama film
felicite,drama film
felix-and-meira,drama film
femme,drama film
femme,LGBTQ-related film
femme,thriller film
fences,drama film
ferdinand,adventure film
ferdinand,comedy film
ferrari,biographical film
ferrari,drama film
festival-express,documentary film
festival-express,musical film
festival-express,rockumentary
fever-dream,drama film
fever-dream,horror film
fever-dream,mystery film
fever-dream,thriller film
fiddler-a-miracle-of-miracles,documentary film
fido,comedy horror
fido,zombie comedy
field-of-dreams,drama film
field-of-dreams,fantasy film
field-of-dreams,ghost film
field-of-dreams,sport film
fifi-howls-from-happiness,documentary film
fight-club,drama film
fight-club,flashback film
fight-club,psychological thriller
fight-club,thriller film
fight-or-flight,action film
fighter,documentary film
fighting-with-my-family,biographical film
fighting-with-my-family,comedy drama
fighting-with-my-family,drama film
fighting-with-my-family,sport film
fill-the-void,drama film
film-socialisme,drama film
film-stars-dont-die-in-liverpool,biographical film
film-stars-dont-die-in-liverpool,drama film
film-stars-dont-die-in-liverpool,romance film
filmworker,documentary film
filth,comedy drama
filth,crime film
filth,drama film
final-account,documentary film
final-destination-2,horror film
final-destination-2,teen film
final-destination-bloodlines,horror film
final-destination-bloodlines,slasher film
final-fantasy-the-spirits-within,action film
final-fantasy-the-spirits-within,fantasy film
final-fantasy-the-spirits-within,post-apocalyptic film
final-fantasy-the-spirits-within,science fiction film
final-portrait,comedy drama
final-portrait,drama film
finch,drama film
finch,post-apocalyptic film
finch,road movie
finch,science fiction film
finders-keepers,documentary film
finding-dory,adventure film
finding-dory,comedy drama
finding-dory,comedy film
finding-dory,family film
finding-dory,flashback film
finding-emily,romantic comedy film
finding-fela!,documentary film
finding-nemo,adventure film
finding-nemo,children's film
finding-nemo,comedy film
finding-nemo,family film
finding-neverland,biographical film
finding-neverland,drama film
finding-neverland,fantasy film
finding-ohana,adventure film
finding-vivian-maier,biographical film
finding-vivian-maier,documentary film
fingernails,romance film
fingernails,science fiction film
fire-at-sea,documentary film
fire-island,romantic comedy
fire-of-love,documentary film
fire-will-come,drama film
fireball-visitors-from-darker-worlds,documentary film
fireworks-1998,comedy film
fireworks-wednesday-2006,drama film
fireworks-wednesday-2006,romance film
first-blood,action film
first-blood,action thriller
first-blood,drama film
first-blood,war film
first-cow,fantasy film
first-love-2019,action film
first-love-2019,boxing film
first-man,biographical film
first-man,drama film
first-match,drama film
first-position,documentary film
first-reformed,drama film
first-they-killed-my-father,biographical film
first-they-killed-my-father,docudrama
first-they-killed-my-father,historical film
first-they-killed-my-father,thriller film
fish-tank,coming-of-age film
fish-tank,drama film
fitting-in,comedy film
fitting-in,drama film
fiume-o-morte,docudrama
five-easy-pieces,drama film
five-easy-pieces,road movie
five-fingers-for-marseilles,drama film
flags-of-our-fathers,action film
flags-of-our-fathers,drama film
flags-of-our-fathers,war film
flamin-hot,biographical film
flamin-hot,comedy drama
flash-gordon,action film
flash-gordon,adventure film
flash-gordon,comedy film
flash-gordon,fantasy film
flash-gordon,science fiction film
flashdance,dance film
flashdance,drama film
flashdance,musical film
flashdance,romance film
flatliners,drama film
flatliners,horror film
flatliners,psychological horror fiction
flatliners,science fiction film
flatliners,thriller film
flee,adult animated film
flee,animated documentary
flee,docudrama
flee,independent film
flight,drama film
flight-of-the-red-balloon,drama film
flightplan,drama film
flightplan,mystery film
flightplan,thriller film
flipped,coming-of-age film
flipped,drama film
flipped,romantic comedy film
flirting-with-disaster,comedy film
flora-and-son,comedy drama
flora-and-son,musical film
flora-ulysses,children's film
flora-ulysses,comedy drama
flora-ulysses,comedy film
flora-ulysses,superhero film
florence-foster-jenkins,biographical film
florence-foster-jenkins,comedy drama
flow,adventure film
flow,family film
flow,fantasy film
flowers,splatter film
flowers-of-shanghai,drama film
flubber,comedy film
flubber,fantasy film
flubber,science fiction film
flushed-away,adventure film
flushed-away,children's film
flushed-away,comedy drama
flushed-away,comedy film
flushed-away,drama film
flushed-away,family film
flushed-away,teen film
flux-gourmet,black comedy film
fly-away-home,biographical film
fly-away-home,comedy drama
fly-away-home,drama film
focus-2015,comedy drama
focus-2015,crime film
focus-2015,drama film
focus-2015,romantic comedy film
food-inc,documentary film
footlight-parade,comedy film
footlight-parade,musical film
footloose,comedy drama
footloose,coming-of-age film
footloose,drama film
footloose,musical film
footloose,romance film
footloose,teen film
footnote,comedy film
footnote,drama film
for-a-few-dollars-more,action film
for-a-few-dollars-more,Spaghetti Western
for-a-few-dollars-more,Western film
for-all-mankind,documentary film
for-ellen,drama film
for-no-good-reason,documentary film
for-sama,documentary film
for-the-bible-tells-me-so,documentary film
for-the-bible-tells-me-so,LGBTQ-related film
for-the-love-of-spock,biographical film
for-the-love-of-spock,documentary film
for-those-in-peril,drama film
for-your-eyes-only,action film
for-your-eyes-only,spy film
for-your-eyes-only,thriller film
forbidden-fruits,comedy horror film
forbidden-lie,documentary film
forbidden-planet,action film
forbidden-planet,adventure film
forbidden-planet,drama film
forbidden-planet,science fiction film
force-majeure,drama film
force-of-evil,crime film
force-of-evil,drama film
force-of-evil,film noir
force-of-nature-the-dry-2,crime film
force-of-nature-the-dry-2,mystery film
force-of-nature-the-dry-2,thriller film
ford-v-ferrari,action film
ford-v-ferrari,biographical film
ford-v-ferrari,drama film
ford-v-ferrari,sport film
foreign-correspondent,crime drama film
foreign-correspondent,crime film
foreign-correspondent,crime thriller film
foreign-correspondent,drama film
foreign-correspondent,film noir
foreign-correspondent,mystery film
foreign-correspondent,political thriller film
foreign-correspondent,spy film
foreign-correspondent,suspense film
foreign-correspondent,thriller film
foreign-correspondent,war film
forgetting-sarah-marshall,comedy drama
forgetting-sarah-marshall,romantic comedy film
forks-over-knives,documentary film
forrest-gump,American football film
forrest-gump,comedy film
forrest-gump,coming-of-age film
forrest-gump,drama film
forrest-gump,flashback film
forrest-gump,historical drama
forrest-gump,romantic comedy film
forrest-gump,tragicomedy
fort-bliss,drama film
fort-tilden,comedy film
four-christmases,Christmas film
four-christmases,comedy drama
four-christmases,romantic comedy
four-daughters,documentary film
four-hours-at-the-capitol,documentary film
four-lions,black comedy film
four-lions,satirical film
four-weddings-and-a-funeral,drama film
four-weddings-and-a-funeral,romantic comedy film
foxcatcher,biographical film
foxcatcher,drama film
foxcatcher,sport film
frailty,horror film
frailty,psychological thriller
frailty,thriller film
framing-john-delorean,biographical film
france,comedy drama
france,drama film
frances-ha,comedy drama
frances-ha,comedy film
frances-ha,coming-of-age film
frances-ha,drama film
francofonia,documentary film
francofonia,drama film
frank,comedy film
frank,drama film
frank-lola,drama film
frank-lola,mystery film
frankenstein,horror film
frankenstein,monster film
frankenstein,science fiction film
frankenstein-2025,adventure film
frankenstein-2025,drama film
frankenstein-2025,Gothic film
frankenstein-2025,horror film
frankenstein-2025,romance film
frankenstein-2025,science fiction film
frankenweenie,children's film
frankenweenie,comedy film
frankenweenie,fantasy film
frankenweenie,horror film
frankenweenie,monster film
frankenweenie,science fiction film
frantz,drama film
frantz,romance film
freakier-friday,comedy film
freakier-friday,fantasy film
freakonomics,documentary film
freaks,drama film
freaks,horror film
freaks,science fiction film
freaks-1932,drama film
freaks-1932,flashback film
freaks-1932,horror film
freaks-1932,thriller film
freaky,comedy horror film
freaky,slasher film
freaky-friday,comedy film
freaky-friday,fantasy film
freaky-friday,musical film
freaky-friday,romantic comedy
freaky-tales,adventure film
freaky-tales,anthology film
freaky-tales,comedy film
freaky-tales,drama film
freddy-got-fingered,comedy film
freddy-vs-jason,crossover fiction
freddy-vs-jason,slasher film
freddys-dead-the-final-nightmare,comedy horror
freddys-dead-the-final-nightmare,fantasy film
freddys-dead-the-final-nightmare,slasher film
free-fire,action film
free-fire,comedy film
free-guy,action film
free-guy,comedy film
free-guy,fantasy film
free-guy,science fiction film
free-men,drama film
free-men,war film
free-solo,documentary film
free-willy,adventure film
free-willy,drama film
free-willy,family film
freedom-writers,crime film
freedom-writers,drama film
fremont,drama film
french-exit,comedy film
frenzy,crime drama film
frenzy,crime film
frenzy,crime thriller film
frenzy,drama film
frenzy,horror film
frenzy,mystery film
frenzy,neo-noir
frenzy,psychological drama film
frenzy,psychological horror film
frenzy,psychological thriller film
frenzy,suspense film
frenzy,thriller film
frequency,action film
frequency,fantasy film
frequency,science fiction film
fresh,crime film
fresh,drama film
fresh,hood film
fresh-2022,thriller film
frida,biographical film
frida,drama film
frida,LGBTQ-related film
frida-2024,documentary film
friday,buddy film
friday,comedy drama
friday,comedy film
friday,drama film
friday,hood film
friday-night-lights,action film
friday-night-lights,American football film
friday-night-lights,drama film
friday-the-13th,horror film
friday-the-13th,slasher film
friday-the-13th-1980,crime film
friday-the-13th-1980,crime thriller film
friday-the-13th-1980,exploitation film
friday-the-13th-1980,horror film
friday-the-13th-1980,independent film
friday-the-13th-1980,mystery film
friday-the-13th-1980,psychological horror film
friday-the-13th-1980,psychological thriller film
friday-the-13th-1980,slasher film
friday-the-13th-1980,splatter film
friday-the-13th-1980,suspense film
friday-the-13th-1980,teen film
friday-the-13th-1980,thriller film
friday-the-13th-part-iii,horror film
friday-the-13th-part-vi-jason-lives,horror film
friday-the-13th-part-vi-jason-lives,slasher film
friday-the-13th-part-vii-the-new-blood,horror film
friday-the-13th-part-vii-the-new-blood,slasher film
friday-the-13th-part-viii-jason-takes-manhattan,horror film
friday-the-13th-part-viii-jason-takes-manhattan,slasher film
friday-the-13th-the-final-chapter,horror film
friday-the-13th-the-final-chapter,slasher film
friday-the-13th-the-final-chapter,teen film
friends-with-benefits,comedy film
friends-with-benefits,romance film
friends-with-benefits,romantic comedy film
friendship,comedy film
fright-night,comedy film
fright-night,comedy horror
fright-night,teen film
fright-night,vampire film
fright-night-1985,comedy horror
fright-night-1985,fantasy film
fright-night-1985,teen film
fright-night-1985,thriller film
fright-night-1985,vampire film
from-afar,drama film
from-afar,LGBTQ-related film
from-dusk-till-dawn,action comedy film
from-dusk-till-dawn,action film
from-dusk-till-dawn,adventure film
from-dusk-till-dawn,comedy film
from-dusk-till-dawn,comedy horror film
from-dusk-till-dawn,crime film
from-dusk-till-dawn,crime thriller film
from-dusk-till-dawn,exploitation film
from-dusk-till-dawn,horror film
from-dusk-till-dawn,horror western
from-dusk-till-dawn,monster film
from-dusk-till-dawn,splatter film
from-dusk-till-dawn,thriller film
from-dusk-till-dawn,vampire film
from-dusk-till-dawn,Western film
from-hell,crime film
from-hell,crime thriller film
from-hell,horror film
from-hell,mystery film
from-hell,slasher film
from-hell,thriller film
from-here-to-eternity-re-release,drama film
from-here-to-eternity-re-release,romance film
from-here-to-eternity-re-release,war film
from-russia-with-love,action film
from-russia-with-love,spy film
from-up-on-poppy-hill,coming-of-age film
from-up-on-poppy-hill,drama film
from-up-on-poppy-hill,romance film
frontera,drama film
frontera,Western film
frostnixon,biographical film
frostnixon,drama film
frozen,drama film
frozen,horror film
frozen,thriller film
frozen-2013,cinematic fairy tale
frozen-2013,comedy drama
frozen-2013,comedy film
frozen-2013,coming-of-age film
frozen-2013,family film
frozen-2013,fantasy film
frozen-2013,musical film
frozen-ii,adventure film
frozen-ii,drama film
frozen-ii,family film
frozen-ii,fantasy film
frozen-ii,musical film
frozen-river,Christmas film
frozen-river,crime film
frozen-river,drama film
fruitvale-station,biographical film
fruitvale-station,drama film
fruitvale-station,romance film
frybread-face-and-me,coming-of-age fiction
frybread-face-and-me,drama film
frybread-face-and-me,LGBTQ-related film
full-metal-jacket,drama film
full-metal-jacket,war film
full-river-red,drama film
full-river-red,historical film
full-time,drama film
fun-with-dick-and-jane,comedy film
fun-with-dick-and-jane,detective film
fun-with-dick-and-jane,heist film
funan,historical drama
funny-face-1957,musical film
funny-face-1957,romantic comedy
funny-games,crime film
funny-games,drama film
funny-games,psychological thriller
funny-games-1997,desire horror fiction
funny-games-1997,drama film
funny-girl,biographical film
funny-girl,comedy drama
funny-girl,drama film
funny-girl,musical film
funny-girl,romantic comedy
funny-pages,black comedy film
furiosa-a-mad-max-saga,action film
furiosa-a-mad-max-saga,adventure film
furiosa-a-mad-max-saga,dystopian film
furiosa-a-mad-max-saga,post-apocalyptic film
furious-7,action film
furious-7,comedy film
furious-7,drama film
furious-7,heist film
furious-7,thriller film
fury,action film
fury,drama film
fury,war film
future-weather,drama film
futuro-beach,drama film
futuro-beach,LGBTQ-related film
fuze,heist film
fuze,thriller film
fx,action film
fx,crime film
fx,thriller film
fyre,documentary film
g-force,action film
g-force,science fiction comedy
g-force,science fiction film
g-force,teen film
gabriel,independent film
gabriel-and-the-mountain,drama film
gabrielle,drama film
gaga-five-foot-two,biographical film
gaga-five-foot-two,music documentary film
gagarine,drama film
gaia,body horror film
gaia,fantasy film
gaia,horror film
gaia,natural horror film
gaia,thriller film
gail-daughtry-and-the-celebrity-sex-pass,comedy film
gainsbourg-a-heroic-life,biographical film
gainsbourg-a-heroic-life,drama film
gainsbourg-a-heroic-life,musical film
galaxy-quest,adventure film
galaxy-quest,comedy film
galaxy-quest,parody film
galaxy-quest,science fiction film
galveston,crime film
galveston,thriller film
game-night,action film
game-night,comedy thriller
game-night,mystery film
gamer,action film
gamer,cyberpunk
gamer,prison film
gamer,science fiction film
gamer,thriller film
games-of-love-and-chance,drama film
gandhi,biographical film
gandhi,drama film
gandhi,flashback film
gandhi,historical drama
gangs-of-new-york,action film
gangs-of-new-york,crime drama film
gangs-of-new-york,crime film
gangs-of-new-york,drama film
gangs-of-new-york,epic film
gangs-of-new-york,gangster film
gangs-of-new-york,historical drama film
gangs-of-new-york,historical film
gangs-of-new-york,mystery film
gangs-of-new-york,period drama film
gangs-of-wasseypur,crime thriller film
gangs-of-wasseypur,drama film
garbo-the-spy,documentary film
garden-state,comedy drama
garden-state,comedy film
garden-state,coming-of-age film
garden-state,drama film
garden-state,romantic comedy film
gaslight,crime thriller film
gaslight,drama film
gaslight,film noir
gaslight,melodrama
gasoline-rainbow,drama film
gattaca,arthouse science fiction film
gattaca,biopunk
gattaca,drama film
gattaca,dystopian film
gattaca,science fiction film
gaucho-gaucho,documentary film
gay-chorus-deep-south,documentary film
gay-chorus-deep-south,LGBTQ-related film
gayby,comedy drama
gayby,LGBTQ-related film
gayby,romantic comedy
gazer,mystery film
gazer,neo-noir
gazer,thriller film
gbf,comedy film
gbf,LGBTQ-related film
gemini,mystery film
gemini,thriller film
gemma-bovery,comedy film
gemma-bovery,drama film
generation-iron,documentary film
generation-p,black comedy film
generation-p,comedy drama
generation-p,science fiction film
genius,biographical film
genius,drama film
genius,LGBTQ-related film
george-of-the-jungle,action film
george-of-the-jungle,comedy film
george-washington,coming-of-age film
george-washington,drama film
georgia,drama film
georgia,musical film
geralds-game,horror film
geralds-game,thriller film
gerhard-richter---painting,documentary film
get-away,slasher film
get-carter,action film
get-carter,drama film
get-carter,gangster film
get-carter,thriller film
get-carter-1971,crime film
get-carter-1971,film noir
get-duked!,black comedy film
get-him-to-the-greek,comedy film
get-low,comedy film
get-low,drama film
get-me-roger-stone,documentary film
get-on-the-bus,drama film
get-on-the-bus,LGBTQ-related film
get-on-up,biographical film
get-on-up,drama film
get-on-up,LGBTQ-related film
get-out,comedy horror
get-out,horror film
get-out,mystery film
get-out,thriller film
get-shorty,comedy film
get-smart,action film
get-smart,spy film
ghost,drama film
ghost,fantasy film
ghost,ghost film
ghost,romance film
ghost-dog-the-way-of-the-samurai,action film
ghost-dog-the-way-of-the-samurai,crime film
ghost-dog-the-way-of-the-samurai,drama film
ghost-dog-the-way-of-the-samurai,martial arts film
ghost-dog-the-way-of-the-samurai,thriller film
ghost-in-the-shell,action anime
ghost-in-the-shell,action film
ghost-in-the-shell,cyberpunk
ghost-in-the-shell,fantasy film
ghost-in-the-shell,science fiction anime
ghost-in-the-shell,science fiction film
ghost-in-the-shell-2-innocence,cyberpunk
ghost-in-the-shell-2-innocence,science fiction film
ghost-rider,action film
ghost-rider,fantasy film
ghost-rider,horror film
ghost-rider,superhero film
ghost-ship,horror film
ghost-stories,horror film
ghost-town-2008,ghost film
ghost-town-2008,romantic comedy
ghost-trail,drama film
ghost-trail,spy film
ghost-trail,thriller film
ghost-world,comedy drama
ghost-world,comedy film
ghost-world,coming-of-age film
ghost-world,drama film
ghost-world,female buddy film
ghost-world,teen film
ghost-world,tragicomedy
ghostbusters,action film
ghostbusters,adventure film
ghostbusters,buddy film
ghostbusters,comedy film
ghostbusters,comedy horror
ghostbusters,fantasy film
ghostbusters,ghost film
ghostbusters,monster film
ghostbusters,science fiction film
ghostbusters-2016,comedy horror
ghostbusters-2016,fantasy film
ghostbusters-2016,female buddy film
ghostbusters-2016,ghost film
ghostbusters-2016,science fiction film
ghostbusters-ii,comedy film
ghostbusters-ii,comedy horror
ghostbusters-ii,fantasy film
ghostbusters-ii,ghost film
ghostbusters-ii,monster film
ghostbusters-ii,science fiction comedy
ghostbusters-ii,science fiction film
ghostlight-2024,drama film
ghosts-of-mars,action film
ghosts-of-mars,adventure film
ghosts-of-mars,fantasy film
ghosts-of-mars,ghost film
ghosts-of-mars,horror film
ghosts-of-mars,horror western
ghosts-of-mars,science fiction action film
ghosts-of-mars,science fiction film
ghosts-of-mars,science fiction horror film
ghosts-of-mars,space Western film
ghosts-of-mars,supernatural film
ghosts-of-mars,supernatural horror film
ghosts-of-mars,thriller film
ghosts-of-mars,Western film
gi-joe-the-rise-of-cobra,action film
gi-joe-the-rise-of-cobra,ninja film
gi-joe-the-rise-of-cobra,science fiction film
giant-1956,drama film
giant-1956,Western film
giant-little-ones,drama film
giant-little-ones,LGBTQ-related film
gideons-army,documentary film
gifted,drama film
gigi,musical film
gigi,romantic comedy film
gigli,comedy drama
gigli,crime film
gigli,romantic comedy
gilbert,biographical film
gilbert,documentary film
gilles-wife,drama film
gimme-danger,documentary film
gimme-shelter-1970,concert film
gimme-shelter-1970,music documentary film
gimme-the-loot,comedy film
ginger-rosa,coming-of-age film
ginger-rosa,drama film
ginger-rosa,teen film
ginger-snaps,comedy horror
ginger-snaps,drama film
ginger-snaps,fantasy film
ginger-snaps,horror film
ginger-snaps,monster film
ginger-snaps,teen film
girl,drama film
girl,LGBTQ-related film
girl-asleep,independent film
girl-interrupted,biographical film
girl-interrupted,coming-of-age film
girl-interrupted,drama film
girl-model,documentary film
girl-on-the-bridge,drama film
girl-on-the-bridge,romance film
girl-picture,coming-of-age film
girl-picture,drama film
girl-picture,LGBTQ-related film
girl-picture,romance film
girl-with-a-pearl-earring,biographical film
girl-with-a-pearl-earring,drama film
girl-with-a-pearl-earring,historical film
girl-with-a-pearl-earring,romance film
girlfight,boxing film
girlfight,drama film
girlfight,romance film
girlfight,teen film
girlhood-2014,coming-of-age film
girlhood-2014,drama film
girls-like-girls,coming-of-age film
girls-like-girls,lesbian-related film
girls-like-girls,romance film
girls-trip,romantic comedy film
girls-will-be-girls-2024,coming-of-age film
girls-will-be-girls-2024,drama film
give-me-liberty,comedy film
gladiator,action film
gladiator,adventure film
gladiator,drama film
gladiator,epic film
gladiator,historical drama film
gladiator,historical film
gladiator,melodrama
gladiator,sword-and-sandal film
gladiator-ii,action film
gladiator-ii,adventure film
gladiator-ii,drama film
gladiator-ii,epic film
gladiator-ii,historical film
gladiator-ii,sword-and-sandal film
glassland,drama film
gleason,documentary film
glee-the-3d-concert-movie,documentary film
glee-the-3d-concert-movie,LGBTQ-related film
glee-the-3d-concert-movie,musical film
glen-campbell-ill-be-me,documentary film
glengarry-glen-ross,crime film
glengarry-glen-ross,drama film
glitter,drama film
glitter,musical film
glitter,romance film
gloria-2013,biographical film
gloria-bell,comedy drama
gloria-bell,romance film
glory,drama film
glory,epic film
glory,historical film
glory,war film
glory,white savior film
glory-2017,drama film
go,action film
go,Christmas film
go,comedy drama
go,comedy film
go,crime film
go,LGBTQ-related film
go,thriller film
goat,drama film
goat-2026,adventure film
goat-2026,comedy film
goat-2026,family film
goat-2026,sport film
god-bless-america,comedy film
god-bless-america,crime film
god-bless-america,drama film
god-grew-tired-of-us,documentary film
god-help-the-girl,coming-of-age film
god-help-the-girl,drama film
god-help-the-girl,musical film
god-help-the-girl,romantic comedy film
god-loves-uganda,documentary film
god-loves-uganda,LGBTQ-related film
godland,drama film
gods-and-monsters,biographical film
gods-and-monsters,drama film
gods-and-monsters,LGBTQ-related film
gods-creatures,psychological drama film
gods-own-country,drama film
gods-own-country,LGBTQ-related film
gods-own-country,romance film
godzilla,action film
godzilla,horror film
godzilla,monster film
godzilla,science fiction film
godzilla,thriller film
godzilla-1998,action film
godzilla-1998,horror film
godzilla-1998,monster film
godzilla-1998,science fiction film
godzilla-1998,thriller film
godzilla-2014,action film
godzilla-2014,kaiju
godzilla-2014,science fiction film
godzilla-minus-one,action film
godzilla-minus-one,adventure film
godzilla-minus-one,disaster film
godzilla-minus-one,drama film
godzilla-minus-one,horror film
godzilla-minus-one,Japanese mythology
godzilla-minus-one,kaiju
godzilla-minus-one,monster film
godzilla-minus-one,science fiction film
godzilla-minus-one,thriller film
godzilla-vs-kong,action film
godzilla-vs-kong,kaiju
godzilla-vs-kong,science fiction film
godzilla-vs-kong,thriller film
going-clear-scientology-and-the-prison-of-belief,documentary film
going-the-distance,romantic comedy
golden-exits,drama film
goldeneye,action film
goldeneye,action thriller
goldeneye,spy film
goldfinger,action film
goldfinger,spy film
goldstone,thriller film
gomorrah,crime film
gomorrah,drama film
gomorrah,thriller film
gone-baby-gone,crime film
gone-baby-gone,drama film
gone-baby-gone,mystery film
gone-baby-gone,neo-noir
gone-girl,crime film
gone-girl,crime thriller film
gone-girl,detective film
gone-girl,drama film
gone-girl,mystery film
gone-girl,thriller film
gone-in-sixty-seconds,action film
gone-in-sixty-seconds,heist film
gone-in-sixty-seconds,thriller film
gone-with-the-wind,drama film
gone-with-the-wind,historical film
gone-with-the-wind,melodrama
gone-with-the-wind,romance film
gone-with-the-wind,war film
gonzo-the-life-and-work-of-dr-hunter-s-thompson,documentary film
good-boy-2025,supernatural horror film
good-boys,comedy film
good-fortune-2025,comedy film
good-grief,comedy film
good-grief,drama film
good-grief,LGBTQ-related film
good-hair,documentary film
good-kill,drama film
good-kill,thriller film
good-kill,war film
good-luck-chuck,romantic comedy
good-luck-have-fun-dont-die,action film
good-luck-have-fun-dont-die,adventure film
good-luck-have-fun-dont-die,science fiction comedy
good-luck-to-you-leo-grande,comedy drama
good-manners,fantasy film
good-manners,horror film
good-manners,LGBTQ-related film
good-manners,musical film
good-morning,comedy film
good-morning,drama film
good-morning-vietnam,comedy drama
good-morning-vietnam,comedy film
good-morning-vietnam,war film
good-night-and-good-luck,biographical film
good-night-and-good-luck,drama film
good-night-and-good-luck,historical film
good-night-oppy,documentary film
good-time,crime film
good-time,drama film
good-will-hunting,coming-of-age film
good-will-hunting,drama film
good-will-hunting,romance film
goodbye-dragon-inn,comedy drama
goodbye-dragon-inn,LGBTQ-related film
goodbye-first-love,drama film
goodbye-first-love,romance film
goodbye-solo,drama film
goodbye-to-all-that,comedy drama
goodfellas,biographical film
goodfellas,crime drama film
goodfellas,crime film
goodfellas,crime thriller film
goodfellas,drama film
goodfellas,gangster film
goodfellas,historical drama film
goodfellas,historical film
goodfellas,period drama film
goodfellas,police procedural film
goodfellas,suspense film
goodfellas,thriller film
goodnight-mommy,drama film
goodnight-mommy,horror film
goodrich,comedy film
goodrich,family film
gook,drama film
goon,comedy film
goon,drama film
goon,sport film
goosebumps,action film
goosebumps,comedy horror
goosebumps,fantasy film
goosebumps,ghost film
goosebumps,monster film
goosebumps,werewolf film
gosford-park,comedy film
gosford-park,crime film
gosford-park,drama film
gosford-park,mystery film
gothika,ghost film
gothika,psychological horror film
gothika,supernatural horror film
grabbers,comedy film
grabbers,comedy horror
grabbers,horror film
grabbers,monster film
grabbers,science fiction film
grace-jones-bloodlight-and-bami,biographical film
grace-jones-bloodlight-and-bami,music documentary film
graceland,crime thriller film
graduation,drama film
gran-torino,crime film
gran-torino,drama film
gran-torino,white savior film
grand-hotel,drama film
grand-hotel,romance film
grand-piano,drama film
grand-piano,mystery film
grand-piano,thriller film
grand-prix,action film
grand-prix,drama film
grand-prix,sport film
grand-theft-hamlet,documentary film
grand-tour,drama film
grand-tour,historical film
grand-tour,romance film
grandma,comedy film
grandma,drama film
grandma,LGBTQ-related film
grandmas-boy,comedy film
grandmas-boy,stoner film
grass-2018,drama film
grave-encounters,found footage film
grave-encounters,horror film
grave-of-the-fireflies-1988,anti-war film
grave-of-the-fireflies-1988,coming-of-age film
grave-of-the-fireflies-1988,drama anime and manga
grave-of-the-fireflies-1988,drama film
grave-of-the-fireflies-1988,flashback film
grave-of-the-fireflies-1988,ghost film
gravity,disaster film
gravity,drama film
gravity,horror film
gravity,science fiction film
gravity,survival film
gravity,techno-thriller
gravity,thriller film
grease,musical film
grease,romantic comedy
grease,teen film
great-expectations-1947,drama film
great-freedom,drama film
great-freedom,LGBTQ-related film
great-world-of-sound,comedy film
greedy-guts,comedy drama
greedy-guts,comedy film
greedy-guts,comedy horror
greedy-guts,drama film
greedy-guts,fantasy film
greedy-guts,horror film
greedy-guts,monster film
greedy-guts,puppet film
green-book,biographical film
green-book,comedy drama
green-book,comedy film
green-book,drama film
green-book,LGBTQ-related film
green-book,road movie
green-border,drama film
green-lantern,action film
green-lantern,fantasy film
green-lantern,science fiction film
green-lantern,superhero film
green-room,drama film
green-room,horror film
green-room,thriller film
green-street-hooligans,action film
green-street-hooligans,association football film
green-street-hooligans,crime film
green-street-hooligans,drama film
green-zone,action film
green-zone,drama film
green-zone,political thriller film
green-zone,thriller film
green-zone,war film
greenberg,drama film
greenberg,romantic comedy
greener-grass,comedy film
greenland,action film
greenland,apocalyptic film
greenland,disaster film
greenland,drama film
greenland,speculative fiction film
greenland,thriller film
gregory-crewdson-brief-encounters,documentary film
gremlins,Christmas film
gremlins,comedy horror film
gremlins,monster film
gremlins-2-the-new-batch,comedy film
gremlins-2-the-new-batch,comedy horror
gremlins-2-the-new-batch,fantasy film
gremlins-2-the-new-batch,horror film
gremlins-2-the-new-batch,monster film
gremlins-2-the-new-batch,science fiction film
gretel-hansel,cinematic fairy tale
gretel-hansel,fantasy film
gretel-hansel,horror film
gretel-hansel,thriller film
grey-gardens,documentary film
greyhound,war film
griffin-in-summer,comedy film
griffin-in-summer,drama film
grindhouse,action comedy film
grindhouse,action film
grindhouse,action thriller
grindhouse,adventure film
grindhouse,anthology film
grindhouse,chase film
grindhouse,comedy horror film
grindhouse,crime drama film
grindhouse,crime film
grindhouse,crime thriller film
grindhouse,drama film
grindhouse,exploitation film
grindhouse,girls with guns
grindhouse,horror film
grindhouse,independent film
grindhouse,LGBTQ-related film
grindhouse,mystery film
grindhouse,science fiction film
grindhouse,science fiction horror film
grindhouse,slasher film
grindhouse,splatter film
grindhouse,suspense film
grindhouse,thriller film
grindhouse,vigilante film
grindhouse,zombie film
grizzly-man,biographical film
grizzly-man,documentary film
grosse-pointe-blank,action film
grosse-pointe-blank,comedy thriller
grosse-pointe-blank,romantic comedy
groundhog-day,comedy drama
groundhog-day,comedy film
groundhog-day,fantasy film
groundhog-day,magic realist film
groundhog-day,melodrama
groundhog-day,romance film
groundhog-day,romantic comedy
groundhog-day,science fiction film
grown-ups,buddy film
grown-ups,comedy film
guardians-of-the-galaxy,comedy film
guardians-of-the-galaxy,crime film
guardians-of-the-galaxy,science fiction film
guardians-of-the-galaxy,superhero film
guardians-of-the-galaxy-vol-2,adventure film
guardians-of-the-galaxy-vol-2,comedy film
guardians-of-the-galaxy-vol-2,science fiction film
guardians-of-the-galaxy-vol-3,action film
guardians-of-the-galaxy-vol-3,adventure film
guardians-of-the-galaxy-vol-3,comedy film
guardians-of-the-galaxy-vol-3,crime film
guardians-of-the-galaxy-vol-3,science fiction film
guardians-of-the-galaxy-vol-3,space opera
guardians-of-the-galaxy-vol-3,speculative fiction film
guardians-of-the-galaxy-vol-3,superhero film
gueros,road movie
guillermo-del-toros-pinocchio,cinematic fairy tale
guillermo-del-toros-pinocchio,fantasy film
guillermo-del-toros-pinocchio,musical film
guilty-of-romance,crime film
guilty-of-romance,drama film
guilty-of-romance,erotic film
guilty-of-romance,romance film
guilty-of-romance,thriller film
gullivers-travels,children's film
gullivers-travels,comedy film
gullivers-travels,fantasy film
gullivers-travels,science fiction film
gummo,drama film
gummo,LGBTQ-related film
gummo,teen film
gun-crazy,drama film
gun-crazy,film noir
gun-crazy,heist film
guncrazy,crime film
guncrazy,drama film
gunda,documentary film
guy-and-madeline-on-a-park-bench,drama film
guy-and-madeline-on-a-park-bench,musical film
guys-and-dolls,comedy film
guys-and-dolls,crime film
guys-and-dolls,musical film
h-is-for-hawk,drama film
hacksaw-ridge,biographical film
hacksaw-ridge,drama film
hacksaw-ridge,war film
hadestown-the-musical,musical film
hadewijch,drama film
hail-caesar!,aqua-musical
hail-caesar!,comedy film
hail-caesar!,mystery film
hail-satan,documentary film
hairspray,musical film
hairspray,romantic comedy film
hairspray,teen film
hairspray-1988,drama film
hairspray-1988,musical film
hairspray-1988,romantic comedy
hairspray-1988,teen film
hala,drama film
hale-county-this-morning-this-evening,documentary film
half-baked,comedy film
half-baked,crime film
half-moon,comedy film
half-moon,drama film
half-nelson,drama film
half-nelson,social problem film
half-nelson,white savior film
halftime,documentary film
hall-pass,romantic comedy
hallelujah-leonard-cohen-a-journey-a-song,documentary film
hallow-road,thriller film
halloween-1978,crime drama film
halloween-1978,crime film
halloween-1978,crime thriller film
halloween-1978,drama film
halloween-1978,horror film
halloween-1978,independent film
halloween-1978,mystery film
halloween-1978,slasher film
halloween-1978,teen film
halloween-1978,teen horror film
halloween-1978,thriller film
halloween-2007,drama film
halloween-2007,horror film
halloween-2007,slasher film
halloween-2007,thriller film
halloween-2018,slasher film
halloween-4-the-return-of-michael-myers,horror film
halloween-4-the-return-of-michael-myers,slasher film
halloween-5-the-revenge-of-michael-myers,horror film
halloween-5-the-revenge-of-michael-myers,slasher film
halloween-h20-20-years-later,horror film
halloween-h20-20-years-later,slasher film
halloween-h20-20-years-later,thriller film
halloween-ii,horror film
halloween-ii,slasher film
halloween-ii-2009,drama film
halloween-ii-2009,horror film
halloween-ii-2009,slasher film
halloween-ii-2009,suspense film
halloween-ii-2009,teen film
halloween-ii-2009,thriller film
halloween-iii-season-of-the-witch,horror film
halloween-iii-season-of-the-witch,science fiction film
halloween-resurrection,horror film
halloween-resurrection,slasher film
halloween-the-curse-of-michael-myers,horror film
halloween-the-curse-of-michael-myers,slasher film
halston,documentary film
ham-on-rye,independent film
hamilton-2020,musical film
hamlet-1969,drama film
hamlet-2000,drama film
hamnet,biographical film
hamnet,drama film
hamnet,period drama film
hancock,action film
hancock,comedy film
hancock,drama film
hancock,fantasy film
hancock,science fiction film
hancock,superhero film
hanna,action film
hanna,girls with guns
hanna,survival film
hanna,thriller film
hannah-and-her-sisters,drama film
hannah-and-her-sisters,romantic comedy
hannah-arendt,biographical film
hannah-arendt,drama film
hannah-montana-the-movie,comedy drama
hannah-montana-the-movie,comedy film
hannah-montana-the-movie,musical film
hannah-montana-the-movie,romantic comedy film
hannah-montana-the-movie,teen film
hannibal,action film
hannibal,crime drama film
hannibal,crime fiction
hannibal,crime film
hannibal,crime thriller film
hannibal,drama film
hannibal,horror film
hannibal,mystery film
hannibal,psychological drama film
hannibal,psychological horror film
hannibal,psychological thriller film
hannibal,romance film
hannibal,romantic horror film
hannibal,thriller film
hannibal-rising,crime drama film
hannibal-rising,crime film
hannibal-rising,crime thriller film
hannibal-rising,drama film
hannibal-rising,horror film
hannibal-rising,psychological drama film
hannibal-rising,psychological horror film
hannibal-rising,psychological thriller film
hannibal-rising,thriller film
happening,drama film
happiest-season,Christmas film
happiest-season,LGBTQ-related film
happiest-season,romantic comedy
happily,comedy film
happily,thriller film
happiness,comedy drama
happiness,drama film
happy-as-lazzaro,drama film
happy-as-lazzaro,fantasy film
happy-as-lazzaro,tragicomedy
happy-christmas,Christmas film
happy-christmas,comedy drama
happy-death-day,black comedy film
happy-death-day,comedy horror
happy-death-day,mystery film
happy-death-day,slasher film
happy-death-day,thriller film
happy-death-day,time-travel film
happy-death-day-2u,mystery film
happy-death-day-2u,slasher film
happy-death-day-2u,time-travel film
happy-end,drama film
happy-feet,adventure film
happy-feet,buddy film
happy-feet,comedy film
happy-feet,family film
happy-feet,musical film
happy-feet-two,adventure film
happy-feet-two,buddy film
happy-feet-two,comedy film
happy-feet-two,family film
happy-feet-two,live-action/animated film
happy-feet-two,musical film
happy-go-lucky,comedy drama
happy-go-lucky,comedy film
happy-go-lucky,drama film
happy-happy,comedy drama
happy-happy,drama film
happy-people-a-year-in-the-taiga,documentary film
happy-together,drama film
happy-together,LGBTQ-related film
happy-together,romance film
happy-valley,documentary film
happyend,drama film
hara-kiri-death-of-a-samurai,drama film
harakiri,action film
harakiri,drama film
harakiri,historical drama
harakiri,historical film
harakiri,samurai cinema
hard-boiled,action film
hard-boiled,crime film
hard-boiled,thriller film
hard-candy,crime film
hard-candy,drama film
hard-candy,psychological thriller film
hard-candy,rape and revenge film
hard-candy,thriller film
hard-eight,crime film
hard-eight,drama film
hard-eight,neo-noir
hard-times,action film
hard-times,boxing film
hard-times,drama film
hard-to-be-a-god,drama film
hard-to-be-a-god,dystopian film
hard-to-be-a-god,science fiction film
hard-truths-2024,drama film
harmonium,drama film
harmontown,documentary film
harold-and-lillian-a-hollywood-love-story,biographical film
harold-and-lillian-a-hollywood-love-story,documentary film
harold-kumar-escape-from-guantanamo-bay,buddy film
harold-kumar-escape-from-guantanamo-bay,comedy film
harold-kumar-escape-from-guantanamo-bay,LGBTQ-related film
harold-kumar-go-to-white-castle,buddy film
harold-kumar-go-to-white-castle,comedy film
harriet,biographical film
harriet,drama film
harriet,historical film
harry-and-tonto,comedy drama
harry-and-tonto,comedy film
harry-brown,crime film
harry-brown,drama film
harry-brown,neo-noir
harry-dean-stanton-partly-fiction,biographical film
harry-dean-stanton-partly-fiction,documentary film
harry-potter-and-the-deathly-hallows-part-2,adventure film
harry-potter-and-the-deathly-hallows-part-2,fantasy film
harry-potter-and-the-goblet-of-fire,adventure film
harry-potter-and-the-goblet-of-fire,children's film
harry-potter-and-the-goblet-of-fire,fantasy film
harry-potter-and-the-half-blood-prince,fantasy film
harry-potter-and-the-order-of-the-phoenix,family film
harry-potter-and-the-order-of-the-phoenix,fantasy film
harry-potter-and-the-prisoner-of-azkaban,adventure film
harry-potter-and-the-prisoner-of-azkaban,children's film
harry-potter-and-the-prisoner-of-azkaban,fantasy film
harry-potter-and-the-prisoner-of-azkaban,time-travel film
harry-potter-and-the-prisoner-of-azkaban,werewolf film
harry-potter-and-the-sorcerers-stone,adventure film
harry-potter-and-the-sorcerers-stone,children's film
harry-potter-and-the-sorcerers-stone,fantasy film
harry-potter-and-the-sorcerers-stone,speculative fiction film
harvard-beats-yale-29-29,American football film
harvard-beats-yale-29-29,documentary film
harvest-2024,drama film
harvest-2024,historical film
harvey,comedy film
harvey,fantasy film
hatchet,comedy horror
hatchet,slasher film
hatchet,splatter film
hatching,body horror film
hatching,coming-of-age film
hatching,horror film
hateship-loveship,drama film
have-a-nice-day,comedy film
havoc,action film
havoc,crime film
havoc,drama film
havoc,martial arts film
havoc,thriller film
haywire,action film
haywire,crime film
haywire,crime thriller film
haywire,flashback film
haywire,girls with guns
haywire,martial arts film
haywire,mystery film
haywire,spy film
he-named-me-malala,documentary film
head-on,drama film
head-on,romance film
headhunters-2012,action film
headhunters-2012,crime film
headhunters-2012,thriller film
heads-of-state,action comedy film
headshot-2017,action film
headshot-2017,drama film
headshot-2017,independent film
headshot-2017,martial arts film
headshot-2017,thriller film
heal-the-living,drama film
heart-eyes,comedy horror film
heart-eyes,romance film
heart-eyes,slasher film
heart-of-a-dog,documentary film
heart-of-a-dog,drama film
heartbeats,comedy film
heartbeats,drama film
heartbeats,LGBTQ-related film
heartbreaker,comedy film
heartbreaker,melodrama
heartbreaker,romantic comedy
heartless,drama film
heartless,horror film
hearts-beat-loud,drama film
hearts-beat-loud,LGBTQ-related film
hearts-beat-loud,musical film
hearts-of-darkness-a-filmmakers-apocalypse,documentary film
heartstopper-forever,comedy drama
heartstopper-forever,coming-of-age film
heartstopper-forever,gay-related film
heartstopper-forever,romantic drama
heartstopper-forever,teen film
heat,action film
heat,adventure film
heat,crime drama film
heat,crime film
heat,crime thriller film
heat,drama film
heat,epic film
heat,gangster film
heat,heist film
heat,mystery film
heat,neo-noir
heat,psychological drama film
heat,psychological thriller film
heat,suspense film
heat,thriller film
heathers,comedy film
heathers,coming-of-age film
heathers,mystery film
heathers,teen film
heaven-can-wait,American football film
heaven-can-wait,fantasy film
heaven-can-wait,romantic comedy
heaven-knows-what,drama film
heaven-knows-what,psychological drama film
heavenly-creatures,biographical film
heavenly-creatures,coming-of-age film
heavenly-creatures,crime film
heavenly-creatures,drama film
heavenly-creatures,LGBTQ-related film
heavenly-creatures,thriller film
heavy,drama film
heavy-trip,comedy film
heavy-trip,music-themed film
heavy-trip,road movie
hedda,drama film
hedda,LGBTQ-related film
hedwig-and-the-angry-inch,drama film
hedwig-and-the-angry-inch,LGBTQ-related film
hedwig-and-the-angry-inch,musical film
hedwig-and-the-angry-inch,romantic comedy film
heel,psychological thriller
heel,thriller film
heli,drama film
hell-and-back-again,documentary film
hell-of-a-summer,comedy film
hell-of-a-summer,horror film
hell-or-high-water,contemporary Western film
hell-or-high-water,crime film
hell-or-high-water,drama film
hell-or-high-water,heist film
hell-or-high-water,police procedural film
hellbender,coming-of-age film
hellbender,folk horror film
hellbound-hellraiser-ii,fantasy film
hellbound-hellraiser-ii,horror film
hellboy,action film
hellboy,fantasy film
hellboy,horror film
hellboy,monster film
hellboy,superhero film
hellboy-ii-the-golden-army,action film
hellboy-ii-the-golden-army,fantasy film
hellboy-ii-the-golden-army,horror film
hellboy-ii-the-golden-army,monster film
hellboy-ii-the-golden-army,science fiction film
hellboy-ii-the-golden-army,science fiction horror film
hellboy-ii-the-golden-army,superhero film
hello-i-must-be-going,comedy drama
hello-i-must-be-going,romantic comedy film
hello-my-name-is-doris,comedy drama
hello-my-name-is-doris,LGBTQ-related film
hello-my-name-is-doris,romance film
hello-my-name-is-doris,romantic comedy
hellraiser,body horror film
hellraiser,horror film
helmut-newton-the-bad-and-the-beautiful,documentary film
henry-portrait-of-a-serial-killer,biographical film
henry-portrait-of-a-serial-killer,crime film
henry-portrait-of-a-serial-killer,crime thriller film
henry-portrait-of-a-serial-killer,drama film
henry-portrait-of-a-serial-killer,horror film
henry-portrait-of-a-serial-killer,independent film
henry-portrait-of-a-serial-killer,psychological horror fiction
henry-v,action film
henry-v,biographical film
henry-v,drama film
henry-v,epic film
henry-v,historical drama film
henry-v,medieval film
henry-v,period drama film
henry-v,war film
her,arthouse science fiction film
her,comedy film
her,drama film
her,romantic comedy film
her,science fiction film
her-smell,drama film
her-smell,independent film
herbie-fully-loaded,comedy film
herbie-fully-loaded,family film
herbie-fully-loaded,fantasy film
hercules-1997,children's film
hercules-1997,fantasy comedy
hercules-1997,musical film
hercules-1997,sword-and-sandal film
here,adventure film
here,drama film
here-2023,drama film
here-before,horror film
here-before,thriller film
hereafter,drama film
hereafter,fantasy film
hereditary,drama film
hereditary,horror film
heretic,horror film
heretic,thriller film
hero,action film
hero,drama film
hero,martial arts film
herself,drama film
hes-just-not-that-into-you,comedy drama
hes-just-not-that-into-you,drama film
hes-just-not-that-into-you,melodrama
hes-just-not-that-into-you,romantic comedy
hesher,drama film
hidden-blade,spy film
hidden-blade,thriller film
hidden-figures,biographical film
hidden-figures,drama film
hide-your-smiling-faces,drama film
high-and-low,drama film
high-and-low,film based on a novel
high-and-low,film noir
high-and-low,neo-noir
high-and-low,police procedural
high-art,drama film
high-art,LGBTQ-related film
high-art,romance film
high-fidelity,comedy drama
high-fidelity,comedy film
high-fidelity,drama film
high-fidelity,musical film
high-fidelity,romantic comedy film
high-flying-bird,drama film
high-hopes,comedy film
high-life,arthouse science fiction film
high-life,drama film
high-life,horror film
high-life,science fiction film
high-low-john-galliano,documentary film
high-noon-re-release,revisionist Western
high-noon-re-release,Western film
high-plains-drifter,action film
high-plains-drifter,drama film
high-plains-drifter,horror film
high-plains-drifter,horror western
high-plains-drifter,revisionist Western
high-plains-drifter,supernatural film
high-plains-drifter,supernatural horror film
high-plains-drifter,thriller film
high-plains-drifter,Western film
high-rise-2015,drama film
high-rise-2015,dystopian film
high-tension,horror film
high-tension,LGBTQ-related film
high-tension,slasher film
higher-ground,biographical film
higher-ground,drama film
highest-2-lowest,crime film
highest-2-lowest,neo-noir
highest-2-lowest,thriller film
highlander,action film
highlander,adventure film
highlander,fantasy film
highlander,swashbuckler film
highlander,thriller film
hilary-and-jackie,biographical film
hilary-and-jackie,drama film
hilary-and-jackie,musical film
himalaya,drama film
himizu,drama film
hippocrates-diary-of-a-french-doctor,comedy film
hippocrates-diary-of-a-french-doctor,drama film
hippocrates-diary-of-a-french-doctor,social drama
hipsters,comedy drama
hipsters,musical film
hipsters,romance film
his-girl-friday,comedy drama
his-girl-friday,comedy of remarriage
his-girl-friday,drama film
his-girl-friday,romantic comedy film
his-house,ghost film
his-house,horror film
his-house,thriller film
his-three-daughters,drama film
hit-man,action comedy film
hit-man,black comedy
hit-man,black comedy film
hit-man,thriller film
hit-the-road,drama film
hit-the-road,road movie
hitch,romantic comedy
hitchcocktruffaut,documentary film
hitlers-children,documentary film
hitman,action film
hitman,drama film
hitman,thriller film
hive,drama film
hoard,drama film
hobo-with-a-shotgun,action film
hobo-with-a-shotgun,drama film
hobo-with-a-shotgun,dystopian film
hobo-with-a-shotgun,exploitation film
hobo-with-a-shotgun,horror film
hobo-with-a-shotgun,splatter film
hobo-with-a-shotgun,thriller film
hobo-with-a-shotgun,vigilante film
hocus-pocus,comedy film
hocus-pocus,comedy horror film
hocus-pocus,fantasy film
hocus-pocus,horror film
hocus-pocus-2,comedy film
hocus-pocus-2,drama film
hocus-pocus-2,family film
hocus-pocus-2,fantasy film
hocus-pocus-2,musical film
hokum,horror film
hokum,supernatural horror film
hold-back-the-dawn,drama film
hold-back-the-dawn,romance film
hold-me-tight,drama film
hold-the-dark,thriller film
holes,comedy drama
holes,comedy film
holes,mystery film
holes,prison film
holes,Western film
holiday-2018,crime film
holiday-2018,drama film
holiday-inn,Christmas film
holiday-inn,musical film
holler,drama film
hollow-man,action film
hollow-man,horror film
hollow-man,science fiction film
hollow-man,suspense film
hollow-man,thriller film
hollywood-shuffle,parody film
hollywoodgate,documentary film
holy-cow,comedy drama
holy-cow,drama film
holy-hell,documentary film
holy-motors,drama film
holy-motors,fantasy film
holy-spider,crime film
home-alone,adventure film
home-alone,Christmas film
home-alone,comedy film
home-alone,family film
home-alone-2-lost-in-new-york,Christmas film
home-alone-2-lost-in-new-york,comedy film
home-alone-2-lost-in-new-york,family film
home-alone-2-lost-in-new-york,mystery film
home-on-the-range,comedy film
home-on-the-range,family film
home-on-the-range,musical film
home-on-the-range,musical play
home-on-the-range,Western
home-on-the-range,Western film
homicide,crime film
homicide,drama film
honey-boy,biographical film
honey-boy,drama film
honey-bunch,thriller film
honeyland,documentary film
honeymoon,horror film
honeymoon,mystery film
honk-for-jesus-save-your-soul,comedy film
hoodwinked-too!-hood-vs-evil,children's film
hoodwinked-too!-hood-vs-evil,comedy film
hoodwinked-too!-hood-vs-evil,fantasy film
hoop-dreams,documentary film
hooper,action comedy film
hooper,action film
hoosiers,drama film
hoosiers,teen film
hop,comedy film
hop,family film
hop,fantasy film
hop,live-action/animated film
hop,teen film
hope-2026,disaster film
hope-2026,horror film
hope-2026,mystery film
hope-2026,science fiction film
hope-2026,thriller film
hope-and-glory,comedy drama
hope-and-glory,drama film
hope-gap,drama film
hope-springs,drama film
hope-springs,romantic comedy
hoppers,action film
hoppers,comedy film
hoppers,science fiction film
horrible-bosses,comedy film
horse-feathers,American football film
horse-feathers,comedy film
horse-feathers,parody film
horse-girl,drama film
horse-girl,psychological film
horse-money,documentary film
horse-money,drama film
horton-hears-a-who!,family film
host,horror film
host,mystery film
hostel,horror film
hostel,splatter film
hostel,thriller film
hostel-part-ii,horror film
hostiles,adventure film
hostiles,drama film
hostiles,Western film
hot-fuzz,action film
hot-fuzz,buddy film
hot-fuzz,comedy film
hot-fuzz,crime film
hot-fuzz,parody film
hot-rod,action film
hot-rod,comedy film
hot-tub-time-machine,buddy film
hot-tub-time-machine,science fiction film
hot-tub-time-machine,screwball comedy film
hot-tub-time-machine,time-travel film
hotel-artemis,action film
hotel-artemis,crime film
hotel-artemis,cyberpunk
hotel-artemis,dystopian film
hotel-artemis,neo-noir
hotel-artemis,science fiction film
hotel-by-the-river,drama film
hotel-mumbai,biographical film
hotel-mumbai,drama film
hotel-mumbai,thriller film
hotel-rwanda,biographical film
hotel-rwanda,drama film
hounds-of-love,drama film
house-1977,comedy horror
house-1977,horror film
house-of-1000-corpses,black comedy film
house-of-1000-corpses,comedy film
house-of-1000-corpses,comedy horror film
house-of-1000-corpses,exploitation film
house-of-1000-corpses,horror film
house-of-1000-corpses,slasher film
house-of-flying-daggers,action film
house-of-flying-daggers,adventure film
house-of-flying-daggers,drama film
house-of-flying-daggers,fantasy film
house-of-flying-daggers,martial arts film
house-of-flying-daggers,romance film
house-of-flying-daggers,wuxia
house-of-games,heist film
house-of-games,neo-noir
house-of-gucci,biographical film
house-of-gucci,drama film
house-of-hummingbird,drama film
house-of-hummingbird,independent film
house-of-sand-and-fog,drama film
house-of-the-dead,action film
house-of-the-dead,horror film
house-of-the-dead,science fiction film
house-of-the-dead,slasher film
house-of-the-dead,thriller film
house-of-the-dead,zombie film
house-of-usher,Gothic film
house-of-usher,gothic horror film
house-of-usher,horror film
house-of-wax,horror film
house-of-wax,slasher film
house-on-haunted-hill,ghost film
house-on-haunted-hill,horror film
house-on-haunted-hill,thriller film
house-party,buddy film
house-party,coming-of-age film
house-party,musical film
house-party,romantic comedy film
house-party,teen film
housebound,comedy film
housebound,comedy horror
housekeeping-for-beginners,drama film
how-do-you-know,comedy drama
how-do-you-know,romantic comedy
how-green-was-my-valley,drama film
how-i-live-now,coming-of-age film
how-i-live-now,drama film
how-i-live-now,romance film
how-i-live-now,war film
how-the-grinch-stole-christmas,adventure film
how-the-grinch-stole-christmas,children's film
how-the-grinch-stole-christmas,Christmas film
how-the-grinch-stole-christmas,comedy film
how-the-grinch-stole-christmas,family film
how-the-grinch-stole-christmas,fantasy film
how-the-grinch-stole-christmas,musical film
how-to-blow-up-a-pipeline,action film
how-to-blow-up-a-pipeline,drama film
how-to-blow-up-a-pipeline,heist film
how-to-blow-up-a-pipeline,political film
how-to-blow-up-a-pipeline,thriller film
how-to-blow-up-a-pipeline,Western film
how-to-build-a-girl,comedy film
how-to-have-sex,drama film
how-to-lose-a-guy-in-10-days,romantic comedy
how-to-make-millions-before-grandma-dies,comedy film
how-to-make-millions-before-grandma-dies,drama film
how-to-make-money-selling-drugs,documentary film
how-to-survive-a-plague,biographical film
how-to-survive-a-plague,documentary film
how-to-survive-a-plague,LGBTQ-related film
how-to-train-your-dragon,action film
how-to-train-your-dragon,adventure film
how-to-train-your-dragon,children's film
how-to-train-your-dragon,comedy film
how-to-train-your-dragon,family film
how-to-train-your-dragon,fantasy film
how-to-train-your-dragon,medieval film
how-to-train-your-dragon,monster film
how-to-train-your-dragon-2,action film
how-to-train-your-dragon-2,adventure film
how-to-train-your-dragon-2,children's film
how-to-train-your-dragon-2,comedy film
how-to-train-your-dragon-2,fantasy film
how-to-train-your-dragon-2,medieval film
how-to-train-your-dragon-2,monster film
how-to-train-your-dragon-2025,action film
how-to-train-your-dragon-2025,adventure film
how-to-train-your-dragon-2025,family film
how-to-train-your-dragon-2025,fantasy film
how-to-train-your-dragon-2025,monster film
how-to-train-your-dragon-2025,sword and sorcery film
how-to-train-your-dragon-2025,teen film
how-to-train-your-dragon-the-hidden-world,children's film
how-to-train-your-dragon-the-hidden-world,fantasy film
how-to-train-your-dragon-the-hidden-world,medieval film
how-to-train-your-dragon-the-hidden-world,monster film
howard,documentary film
howard-the-duck,action film
howard-the-duck,comedy film
howard-the-duck,science fiction comedy
howard-the-duck,superhero film
howards-end,drama film
howl,biographical film
howl,drama film
howl,LGBTQ-related film
howl,trial film
howls-moving-castle,adventure film
howls-moving-castle,anti-war film
howls-moving-castle,drama film
howls-moving-castle,fantasy anime and manga
howls-moving-castle,fantasy film
howls-moving-castle,science fiction film
hudas-salon,drama film
hudson-hawk,action film
hudson-hawk,comedy film
hudson-hawk,heist film
huesera-the-bone-woman,drama film
huesera-the-bone-woman,horror film
hugo,adventure film
hugo,drama film
hugo,mystery film
hugo,steampunk film
hukkle,drama film
human-capital,drama film
human-capital,neo-noir
human-flow,documentary film
human-nature-2019,documentary film
humane,dystopian film
humane,thriller film
humanist-vampire-seeking-consenting-suicidal-person,comedy drama
humanist-vampire-seeking-consenting-suicidal-person,fantasy film
humanist-vampire-seeking-consenting-suicidal-person,vampire film
humpday,comedy film
humpday,drama film
humpday,LGBTQ-related film
hundreds-of-beavers,action film
hundreds-of-beavers,adventure film
hundreds-of-beavers,comedy film
hunger,drama film
hunger,historical film
hunger,prison film
hunt-for-the-wilderpeople,adventure film
hunt-for-the-wilderpeople,comedy film
hunt-for-the-wilderpeople,drama film
hunter-hunter,horror film
hunter-hunter,thriller film
husbands-and-wives,comedy drama
husbands-and-wives,drama film
husbands-and-wives,romance film
husbands-and-wives,romantic comedy
hush-2016,horror film
hush-2016,thriller film
hustle-2022,drama film
hustle-2022,sport film
hustlers,comedy drama
hustlers,crime film
hustlers,drama film
hyena,crime film
i-am-big-bird-the-caroll-spinney-story,documentary film
i-am-celine-dion,documentary film
i-am-chris-farley,documentary film
i-am-cuba,anthology film
i-am-cuba,drama film
i-am-cuba,experimental film
i-am-cuba,propaganda film
i-am-divine,documentary film
i-am-divine,LGBTQ-related film
i-am-frankelda,animated film
i-am-frankelda,fantasy film
i-am-greta,documentary film
i-am-legend,action film
i-am-legend,drama film
i-am-legend,horror film
i-am-legend,post-apocalyptic film
i-am-legend,vampire film
i-am-love,drama film
i-am-love,LGBTQ-related film
i-am-love,romance film
i-am-michael,biographical film
i-am-michael,drama film
i-am-michael,LGBTQ-related film
i-am-mother,science fiction film
i-am-mother,thriller film
i-am-not-a-witch,drama film
i-am-not-madame-bovary,drama film
i-am-not-your-negro,documentary film
i-am-number-four,action film
i-am-number-four,superhero film
i-am-number-four,teen film
i-am-number-four,thriller film
i-am-sam,comedy film
i-am-sam,drama film
i-am-sam,trial film
i-am-the-pretty-thing-that-lives-in-the-house,horror film
i-called-him-morgan,documentary film
i-called-him-morgan,drama film
i-called-him-morgan,historical film
i-came-by,crime film
i-came-by,thriller film
i-care-a-lot,comedy film
i-care-a-lot,crime film
i-care-a-lot,thriller film
i-carry-you-with-me,drama film
i-confess,crime drama film
i-confess,crime film
i-confess,crime thriller film
i-confess,detective film
i-confess,drama film
i-confess,film noir
i-confess,flashback film
i-confess,thriller film
i-daniel-blake,drama film
i-declare-war,action film
i-declare-war,comedy drama
i-declare-war,coming-of-age film
i-declare-war,drama film
i-do-not-care-if-we-go-down-in-history-as-barbarians,comedy drama
i-do-not-care-if-we-go-down-in-history-as-barbarians,comedy film
i-do-not-care-if-we-go-down-in-history-as-barbarians,drama film
i-do-not-care-if-we-go-down-in-history-as-barbarians,historical film
i-dont-feel-at-home-in-this-world-anymore,comedy film
i-dont-feel-at-home-in-this-world-anymore,crime thriller film
i-dont-feel-at-home-in-this-world-anymore,drama film
i-dont-understand-you,comedy horror
i-dont-understand-you,LGBTQ-related film
i-heart-huckabees,comedy film
i-heart-huckabees,drama film
i-kill-giants,fantasy film
i-kill-giants,thriller film
i-killed-my-mother,biographical film
i-killed-my-mother,coming-of-age film
i-killed-my-mother,drama film
i-killed-my-mother,LGBTQ-related film
i-know-what-you-did-last-summer,horror film
i-know-what-you-did-last-summer,slasher film
i-know-what-you-did-last-summer,thriller film
i-know-where-im-going!,comedy film
i-know-where-im-going!,drama film
i-know-where-im-going!,romance film
i-like-movies,comedy drama
i-lost-my-body,comedy drama
i-love-boosters,adventure film
i-love-boosters,comedy film
i-love-boosters,crime film
i-love-boosters,science fiction film
i-love-my-dad,comedy film
i-love-you-man,buddy film
i-love-you-man,romantic comedy
i-love-you-phillip-morris,action film
i-love-you-phillip-morris,adventure film
i-love-you-phillip-morris,comedy drama
i-love-you-phillip-morris,crime film
i-love-you-phillip-morris,drama film
i-love-you-phillip-morris,LGBTQ-related film
i-love-you-phillip-morris,prison film
i-love-you-phillip-morris,romantic comedy
i-now-pronounce-you-chuck-larry,buddy film
i-now-pronounce-you-chuck-larry,LGBTQ-related film
i-now-pronounce-you-chuck-larry,romantic comedy
i-origins,drama film
i-origins,science fiction film
i-robot,action film
i-robot,cyberpunk
i-robot,detective film
i-robot,dystopian film
i-robot,neo-noir
i-robot,science fiction film
i-saw-the-devil,action film
i-saw-the-devil,crime film
i-saw-the-devil,psychological thriller
i-saw-the-devil,splatter film
i-saw-the-tv-glow,drama film
i-saw-the-tv-glow,horror film
i-saw-the-tv-glow,psychological film
i-saw-the-tv-glow,thriller film
i-saw-the-tv-glow,transgender film
i-served-the-king-of-england,comedy drama
i-served-the-king-of-england,comedy film
i-served-the-king-of-england,drama film
i-served-the-king-of-england,romance film
i-served-the-king-of-england,war film
i-shot-andy-warhol,biographical film
i-shot-andy-warhol,crime film
i-shot-andy-warhol,drama film
i-shot-andy-warhol,LGBTQ-related film
i-smile-back,drama film
i-spit-on-your-grave,crime film
i-spit-on-your-grave,exploitation film
i-spit-on-your-grave,horror film
i-spit-on-your-grave,rape and revenge film
i-spit-on-your-grave,splatter film
i-spit-on-your-grave,thriller film
i-stand-alone,crime film
i-stand-alone,drama film
i-still-know-what-you-did-last-summer,horror film
i-still-know-what-you-did-last-summer,slasher film
i-still-know-what-you-did-last-summer,thriller film
i-swear,biographical film
i-swear,comedy drama
i-tonya,biographical film
i-tonya,black comedy film
i-tonya,drama film
i-travel-because-i-have-to-i-come-back-because-i-love-you,drama film
i-used-to-be-darker,drama film
i-used-to-be-darker,independent film
i-used-to-go-here,comedy film
i-want-your-sex,erotic thriller
i-wish-you-all-the-best,coming-of-age film
i-wish-you-all-the-best,drama film
ibiza,romantic comedy film
icarus,documentary film
ice-age,adventure film
ice-age,children's film
ice-age,comedy film
ice-age,family film
ice-age,fantasy film
ice-age-dawn-of-the-dinosaurs,adventure film
ice-age-dawn-of-the-dinosaurs,comedy film
ice-age-dawn-of-the-dinosaurs,family film
ice-age-dawn-of-the-dinosaurs,fantasy film
ice-age-dawn-of-the-dinosaurs,flashback film
ice-age-dawn-of-the-dinosaurs,teen film
ice-age-the-meltdown,adventure film
ice-age-the-meltdown,children's film
ice-age-the-meltdown,comedy film
ice-age-the-meltdown,family film
ice-age-the-meltdown,fantasy film
ice-age-the-meltdown,flashback film
ichi-the-killer,crime film
ichi-the-killer,drama film
ichi-the-killer,splatter film
ick,science fiction film
ida,drama film
ideal-home,comedy drama
ideal-home,LGBTQ-related film
identifying-features,drama film
identifying-features,road movie
identity,horror film
identity,mystery film
identity,thriller film
idiots,comedy film
if-a-tree-falls-a-story-of-the-earth-liberation-front,documentary film
if-beale-street-could-talk,drama film
if-beale-street-could-talk,romance film
if-i-had-legs-id-kick-you,comedy drama
if-i-had-legs-id-kick-you,drama film
if-i-want-to-whistle-i-whistle,drama film
if-i-want-to-whistle-i-whistle,prison film
igby-goes-down,comedy film
igby-goes-down,coming-of-age film
igby-goes-down,drama film
igby-goes-down,teen film
igor,children's film
igor,comedy
igor,family film
igor,fantasy film
igor,monster film
igor,speculative fiction
ikiru,drama film
il-divo,drama film
ill-see-you-in-my-dreams,comedy drama
ilo-ilo,drama film
im-going-home,comedy drama
im-going-home,drama film
im-not-scared,crime film
im-not-scared,drama film
im-not-scared,mystery film
im-not-there,biographical film
im-not-there,drama film
im-not-there,musical film
im-still-here,comedy film
im-still-here,mockumentary
im-still-here-2024,biographical film
im-still-here-2024,drama film
im-thinking-of-ending-things,drama film
im-thinking-of-ending-things,thriller film
im-your-man,comedy film
im-your-man,drama film
im-your-man,romance film
im-your-man,romantic comedy film
im-your-man,science fiction film
im-your-woman,crime film
im-your-woman,drama film
im-your-woman,neo-noir
imitation-of-life,drama film
imitation-of-life,romance film
imitation-of-life-1934,drama film
imitation-of-life-1934,romance film
immaculate,horror film
immaculate,psychological horror film
immortals,action film
immortals,adventure film
immortals,drama film
immortals,fantasy film
immortals,sword-and-sandal film
imperium,crime film
in-a-better-world,drama film
in-a-better-world,thriller film
in-a-valley-of-violence,crime film
in-a-valley-of-violence,drama film
in-a-valley-of-violence,Western film
in-a-violent-nature,experimental film
in-a-violent-nature,slasher film
in-a-world,comedy film
in-america,drama film
in-another-country,comedy drama
in-another-country,drama film
in-between,drama film
in-between,romance film
in-bloom,drama film
in-bloom,romance film
in-bloom,thriller film
in-bruges,action film
in-bruges,buddy film
in-bruges,Christmas film
in-bruges,comedy film
in-bruges,crime film
in-bruges,drama film
in-darkness,drama film
in-darkness,war film
in-darkness-2018,thriller film
in-fabric,horror film
in-fear,horror film
in-fear,psychological horror fiction
in-fear,thriller film
in-flames,horror film
in-front-of-your-face,drama film
in-july,road movie
in-july,romance film
in-my-mothers-skin,horror film
in-my-room,drama film
in-my-skin,drama film
in-order-of-disappearance,action comedy film
in-order-of-disappearance,action film
in-order-of-disappearance,comedy film
in-order-of-disappearance,crime film
in-order-of-disappearance,drama film
in-order-of-disappearance,thriller film
in-order-of-disappearance,vigilante film
in-our-day,comedy drama
in-our-day,comedy film
in-our-day,drama film
in-out,LGBTQ-related film
in-out,romantic comedy
in-the-aisles,drama film
in-the-basement,documentary film
in-the-bedroom,crime film
in-the-bedroom,drama film
in-the-company-of-men,drama film
in-the-earth,psychological horror film
in-the-earth,science fiction film
in-the-fade,drama film
in-the-family,drama film
in-the-family,LGBTQ-related film
in-the-fog,drama film
in-the-fog,historical film
in-the-fog,war film
in-the-heat-of-the-night,buddy cop film
in-the-heat-of-the-night,crime film
in-the-heat-of-the-night,drama film
in-the-heat-of-the-night,mystery film
in-the-heights,drama film
in-the-heights,musical film
in-the-house,comedy drama
in-the-house,drama film
in-the-house,mystery film
in-the-house,thriller film
in-the-land-of-blood-and-honey,drama film
in-the-land-of-blood-and-honey,romance film
in-the-land-of-blood-and-honey,war film
in-the-land-of-saints-and-sinners,action film
in-the-land-of-saints-and-sinners,thriller film
in-the-line-of-fire,action film
in-the-line-of-fire,crime film
in-the-line-of-fire,drama film
in-the-line-of-fire,political thriller film
in-the-line-of-fire,thriller film
in-the-loop,black comedy film
in-the-loop,comedy film
in-the-mood-for-love,drama film
in-the-mood-for-love,romance film
in-the-mouth-of-madness,drama film
in-the-mouth-of-madness,fantasy film
in-the-mouth-of-madness,horror film
in-the-mouth-of-madness,monster film
in-the-mouth-of-madness,mystery film
in-the-mouth-of-madness,neo-noir
in-the-mouth-of-madness,psychological drama film
in-the-mouth-of-madness,psychological horror film
in-the-mouth-of-madness,psychological thriller film
in-the-mouth-of-madness,supernatural film
in-the-mouth-of-madness,supernatural horror film
in-the-mouth-of-madness,thriller film
in-the-name-of-my-daughter,drama film
in-the-name-of-my-daughter,trial film
in-the-name-of-the-father,biographical film
in-the-name-of-the-father,drama film
in-the-name-of-the-father,political drama
in-the-name-of-the-father,prison film
in-the-name-of-the-father,trial film
in-the-name-of-the-king-a-dungeon-siege-tale,action film
in-the-name-of-the-king-a-dungeon-siege-tale,adventure film
in-the-name-of-the-king-a-dungeon-siege-tale,fantasy film
in-the-same-breath,documentary film
in-the-shadow-of-the-moon,documentary film
in-the-shadow-of-women,drama film
in-the-summers,coming-of-age film
in-the-summers,drama film
in-this-corner-of-the-world,drama film
in-this-corner-of-the-world,historical film
in-this-corner-of-the-world,war film
in-this-world,documentary film
in-this-world,drama film
in-your-dreams,adventure film
in-your-dreams,comedy film
in-your-dreams,musical film
incendies,drama film
incendies,mystery film
inception,action film
inception,adventure film
inception,drama film
inception,heist film
inception,mystery film
inception,science fiction action film
inception,science fiction film
inception,thriller film
incitement,drama film
incredible-but-true,comedy film
incredible-but-true,surreal humour
incredibles-2,action film
incredibles-2,adventure film
incredibles-2,comedy film
incredibles-2,superhero film
indecent-proposal,drama film
indecent-proposal,romance film
indiana-jones-and-the-dial-of-destiny,action film
indiana-jones-and-the-dial-of-destiny,adventure film
indiana-jones-and-the-kingdom-of-the-crystal-skull,action film
indiana-jones-and-the-kingdom-of-the-crystal-skull,adventure film
indiana-jones-and-the-kingdom-of-the-crystal-skull,treasure hunt film
indiana-jones-and-the-last-crusade,action comedy film
indiana-jones-and-the-last-crusade,adventure film
indiana-jones-and-the-last-crusade,treasure hunt film
indiana-jones-and-the-temple-of-doom,action film
indiana-jones-and-the-temple-of-doom,adventure film
indiana-jones-and-the-temple-of-doom,treasure hunt film
indie-game-the-movie,documentary film
indignation,coming-of-age film
indignation,drama film
indignation,LGBTQ-related film
inequality-for-all,documentary film
infamous,biographical film
infamous,drama film
infamous,LGBTQ-related film
infernal-affairs,action film
infernal-affairs,crime film
infernal-affairs,drama film
infernal-affairs,police film
infernal-affairs,thriller film
inferno-1980,drama film
inferno-1980,fantasy film
inferno-1980,horror film
inferno-1980,mystery film
inferno-1980,slasher film
inferno-1980,splatter film
inferno-1980,supernatural film
inferno-1980,supernatural horror film
inferno-1980,thriller film
infested,horror film
infinite-storm,adventure film
infinite-storm,drama film
infinitely-polar-bear,comedy film
infinitely-polar-bear,drama film
infinity-pool,horror film
infinity-pool,mystery film
infinity-pool,science fiction film
influencers,horror film
influencers,thriller film
inglourious-basterds,action comedy film
inglourious-basterds,action film
inglourious-basterds,adventure film
inglourious-basterds,alternate history film
inglourious-basterds,black comedy film
inglourious-basterds,comedy drama
inglourious-basterds,comedy film
inglourious-basterds,drama film
inglourious-basterds,epic film
inglourious-basterds,historical drama film
inglourious-basterds,historical film
inglourious-basterds,parody film
inglourious-basterds,period drama film
inglourious-basterds,political satire
inglourious-basterds,suspense film
inglourious-basterds,thriller film
inglourious-basterds,war drama
inglourious-basterds,war film
ingrid-bergman-in-her-own-words,biographical film
ingrid-bergman-in-her-own-words,documentary film
ingrid-goes-west,comedy drama
ingrid-goes-west,drama film
inherent-vice,comedy drama
inherent-vice,comedy film
inherent-vice,crime film
inherent-vice,drama film
inherent-vice,romantic comedy film
inherit-the-wind,drama film
inherit-the-wind,trial film
inland-empire,experimental film
inland-empire,fantasy film
inland-empire,horror film
inland-empire,independent film
inland-empire,mystery film
inland-empire,neo-noir
inland-empire,psychological drama film
inland-empire,psychological horror film
inland-empire,psychological thriller film
inland-empire,suspense film
inland-empire,thriller film
innocence,documentary film
inshallah-a-boy,drama film
inside-job,documentary film
inside-llewyn-davis,comedy drama
inside-llewyn-davis,drama film
inside-llewyn-davis,musical film
inside-man,crime film
inside-man,drama film
inside-man,heist film
inside-man,thriller film
inside-out-2,comedy drama
inside-out-2,coming-of-age film
inside-out-2015,adventure film
inside-out-2015,children's film
inside-out-2015,comedy drama
inside-out-2015,comedy film
inside-out-2015,drama film
inside-out-2015,family film
inside-out-2015,fantasy film
inside-the-yellow-cocoon-shell,drama film
insomnia,crime film
insomnia,drama film
insomnia,mystery film
insomnia,neo-noir
insomnia,thriller film
inspector-bellamy,crime film
inspector-bellamy,drama film
inspector-gadget,action film
inspector-gadget,comedy film
instant-family,comedy film
instant-family,drama film
interstellar,adventure film
interstellar,drama film
interstellar,dystopian film
interstellar,hard science fiction
interstellar,science fiction film
interstellar,thriller film
interstellar,time-travel film
interview-with-the-vampire-the-vampire-chronicles,drama film
interview-with-the-vampire-the-vampire-chronicles,fantasy film
interview-with-the-vampire-the-vampire-chronicles,horror film
interview-with-the-vampire-the-vampire-chronicles,romance film
interview-with-the-vampire-the-vampire-chronicles,vampire film
intimacy,drama film
intimacy,erotic film
intimate-strangers,drama film
intimate-strangers,romance film
into-great-silence,documentary film
into-the-abyss,documentary film
into-the-abyss,drama film
into-the-abyss,prison film
into-the-arms-of-strangers-stories-of-the-kindertransport,documentary film
into-the-arms-of-strangers-stories-of-the-kindertransport,war film
into-the-blue,action film
into-the-blue,crime film
into-the-blue,thriller film
into-the-blue,treasure hunt film
into-the-forest,thriller film
into-the-inferno,documentary film
into-the-west,fantasy film
into-the-wild,biographical film
into-the-wild,docudrama
into-the-wild,drama fiction
into-the-wild,drama film
into-the-wild,road movie
into-the-woods,fantasy film
into-the-woods,musical film
intolerable-cruelty,comedy drama
intolerable-cruelty,crime comedy film
intolerable-cruelty,crime drama film
intolerable-cruelty,crime film
intolerable-cruelty,drama film
intolerable-cruelty,romance film
intolerable-cruelty,romantic comedy film
intolerance,art film
intolerance,drama film
intolerance,silent film
introducing-selma-blair,documentary film
inu-oh,fantasy film
inu-oh,musical film
invasion-of-the-body-snatchers,alien invasion
invasion-of-the-body-snatchers,dystopian film
invasion-of-the-body-snatchers,horror film
invasion-of-the-body-snatchers,mystery film
invasion-of-the-body-snatchers,psychological horror film
invasion-of-the-body-snatchers,psychological thriller film
invasion-of-the-body-snatchers,science fiction film
invasion-of-the-body-snatchers,science fiction horror film
invasion-of-the-body-snatchers,suspense film
invasion-of-the-body-snatchers,thriller film
invasion-of-the-body-snatchers-1956,alien invasion
invasion-of-the-body-snatchers-1956,drama film
invasion-of-the-body-snatchers-1956,horror film
invasion-of-the-body-snatchers-1956,independent film
invasion-of-the-body-snatchers-1956,monster film
invasion-of-the-body-snatchers-1956,mystery film
invasion-of-the-body-snatchers-1956,science fiction film
invasion-of-the-body-snatchers-1956,science fiction horror film
invasion-of-the-body-snatchers-1956,suspense film
invasion-of-the-body-snatchers-1956,thriller film
invictus,biographical film
invictus,drama film
invictus,historical film
invictus,sport film
invisible-life,drama film
involuntary,comedy film
involuntary,drama film
io-capitano,adventure film
io-capitano,docudrama
io-capitano,drama film
iousa,documentary film
ip-man,action film
ip-man,biographical film
ip-man,drama film
ip-man,historical film
ip-man,martial arts film
ip-man-2,action film
ip-man-2,biographical film
ip-man-2,martial arts film
ip-man-3,action film
ip-man-3,biographical film
ip-man-3,drama film
ip-man-3,martial arts film
ip-man-4-the-finale,action film
ip-man-4-the-finale,martial arts film
iris,biographical film
iris,drama film
iris,romance film
iris-2015,documentary film
irma-vep,comedy film
irma-vep,drama film
iron-man,action film
iron-man,adventure film
iron-man,science fiction film
iron-man,superhero film
iron-man-2,action film
iron-man-2,adventure film
iron-man-2,science fiction film
iron-man-2,superhero film
iron-man-3,action film
iron-man-3,adventure film
iron-man-3,comedy film
iron-man-3,science fiction film
iron-man-3,superhero film
iron-monkey,action film
iron-monkey,comedy film
iron-monkey,martial arts film
ironclad,action film
ironclad,adventure film
ironclad,drama film
ironclad,medieval film
ironclad,war film
irreversible,crime film
irreversible,drama film
irreversible,LGBTQ-related film
irreversible,rape and revenge film
is-god-is,black comedy film
is-god-is,Southern Gothic
is-god-is,thriller film
is-god-is,vigilante film
is-that-black-enough-for-you,documentary film
is-that-black-enough-for-you,essay film
is-the-man-who-is-tall-happy,documentary film
is-this-thing-on,comedy drama
island-of-lemurs-madagascar,documentary film
island-of-lemurs-madagascar,nature documentary
isle-of-dogs,adult animated film
isle-of-dogs,comedy film
isle-of-dogs,science fiction film
ismaels-ghosts,drama film
isnt-it-romantic,fantasy film
isnt-it-romantic,romantic comedy film
it,coming-of-age film
it,contemporary fantasy
it,fantasy film
it,horror film
it,mystery film
it,psychological thriller film
it,supernatural film
it,supernatural horror film
it,thriller film
it-aint-over,documentary film
it-aint-over,sport film
it-chapter-two,horror film
it-chapter-two,LGBTQ-related film
it-chapter-two,slasher film
it-chapter-two,supernatural horror film
it-comes-at-night,apocalyptic film
it-comes-at-night,post-apocalyptic film
it-comes-at-night,splatter film
it-comes-at-night,thriller film
it-ends,comedy film
it-ends,horror film
it-ends,thriller film
it-felt-like-love,independent film
it-follows,horror film
it-follows,psychological horror fiction
it-follows,supernatural fiction
it-happened-one-night,romantic comedy film
it-might-get-loud,documentary film
it-might-get-loud,musical film
it-might-get-loud,rockumentary
it-was-just-an-accident,drama film
italian-for-beginners,comedy film
italian-for-beginners,drama film
italian-for-beginners,romance film
italian-for-beginners,romantic comedy
its-a-disaster,comedy film
its-a-disaster,disaster film
its-a-wonderful-life,Christmas film
its-a-wonderful-life,comedy film
its-a-wonderful-life,drama film
its-a-wonderful-life,fantasy film
its-a-wonderful-life,flashback film
its-a-wonderful-life,romantic comedy film
its-complicated,comedy drama
its-complicated,comedy of remarriage
its-complicated,romantic comedy film
its-kind-of-a-funny-story,comedy drama
its-kind-of-a-funny-story,comedy film
its-kind-of-a-funny-story,teen film
its-never-over-jeff-buckley,documentary film
its-such-a-beautiful-day-2012,comedy film
its-such-a-beautiful-day-2012,drama film
its-such-a-beautiful-day-2012,fantasy film
its-such-a-beautiful-day-2012,horror film
its-such-a-beautiful-day-2012,mystery film
its-such-a-beautiful-day-2012,science fiction film
its-such-a-beautiful-day-2012,thriller film
its-whats-inside,comedy horror film
ive-loved-you-so-long,drama film
ive-loved-you-so-long,prison film
ixcanul,drama film
j-edgar,biographical film
j-edgar,drama film
j-edgar,flashback film
j-edgar,LGBTQ-related film
jack,comedy film
jack,drama film
jack-and-jill,comedy film
jack-and-jill,LGBTQ-related film
jack-goes-boating,drama film
jack-goes-boating,romantic comedy
jack-ryan-shadow-recruit,action film
jack-ryan-shadow-recruit,spy film
jack-ryan-shadow-recruit,techno-thriller
jack-ryan-shadow-recruit,thriller film
jackass-best-and-last,comedy film
jackass-forever,comedy film
jackass-number-two,action film
jackass-number-two,comedy film
jackass-the-movie,action film
jackass-the-movie,comedy film
jackie,biographical film
jackie,drama film
jackie-brown,blaxploitation film
jackie-brown,crime drama film
jackie-brown,crime film
jackie-brown,crime thriller film
jackie-brown,drama film
jackie-brown,gangster film
jackie-brown,heist film
jackie-brown,independent film
jackie-brown,neo-noir
jackie-brown,suspense film
jackie-brown,thriller film
jacobs-ladder,drama film
jacobs-ladder,horror film
jacobs-ladder,psychological horror fiction
jacobs-ladder,thriller film
jacobs-ladder,war film
jakobs-wife,horror film
jakobs-wife,vampire film
james-and-the-giant-peach,children's film
james-and-the-giant-peach,fantasy film
james-and-the-giant-peach,musical film
james-white,drama film
jane,biographical film
jane,documentary film
jane-austen-wrecked-my-life,comedy drama
jane-austen-wrecked-my-life,romantic comedy
jane-eyre,drama film
jane-eyre,romance film
jane-fonda-in-five-acts,biographical film
jane-fonda-in-five-acts,documentary film
janet-planet,drama film
janis-little-girl-blue,biographical film
janis-little-girl-blue,documentary film
japan,action film
japanese-story,drama film
jarhead,action film
jarhead,biographical film
jarhead,drama film
jarhead,war film
jason-and-the-argonauts,action film
jason-and-the-argonauts,adventure film
jason-and-the-argonauts,fantasy film
jason-and-the-argonauts,sword-and-sandal film
jason-bourne,action film
jason-bourne,action thriller
jason-bourne,mystery film
jason-bourne,thriller film
jason-goes-to-hell-the-final-friday,horror film
jason-x,horror film
jason-x,science fiction film
jason-x,science fiction horror film
jason-x,slasher film
jauja,drama film
jauja,Western film
jawline,documentary film
jaws,adventure film
jaws,horror film
jaws,natural horror film
jaws,science fiction film
jaws,science fiction horror film
jaws,survival film
jaws,suspense film
jaws,thriller film
jaws-2,action film
jaws-2,adventure film
jaws-2,disaster film
jaws-2,drama film
jaws-2,horror film
jaws-2,natural horror film
jaws-2,science fiction film
jaws-2,science fiction horror film
jaws-2,suspense film
jaws-2,thriller film
jaws-3-d,action film
jaws-3-d,adventure film
jaws-3-d,drama film
jaws-3-d,horror film
jaws-3-d,mystery film
jaws-3-d,natural horror film
jaws-3-d,suspense film
jaws-3-d,thriller film
jaws-the-revenge,action film
jaws-the-revenge,adventure film
jaws-the-revenge,horror film
jaws-the-revenge,mystery film
jaws-the-revenge,natural horror film
jaws-the-revenge,suspense film
jaws-the-revenge,thriller film
jay-and-silent-bob-strike-back,buddy film
jay-and-silent-bob-strike-back,comedy film
jay-and-silent-bob-strike-back,parody film
jay-and-silent-bob-strike-back,stoner film
jay-kelly,comedy film
jay-kelly,coming-of-age film
jay-kelly,drama film
jazzy,drama film
jealousy,drama film
jean-de-florette,drama film
jean-michel-basquiat-the-radiant-child,documentary film
jeanne-dielman-23-quai-du-commerce-1080-bruxelles,drama film
jeanne-dielman-23-quai-du-commerce-1080-bruxelles,experimental film
jeff-who-lives-at-home,comedy drama
jeff-who-lives-at-home,drama film
jeff-who-lives-at-home,LGBTQ-related film
jeff-who-lives-at-home,magic realist film
jeremiah-johnson,drama film
jeremiah-johnson,Western film
jerry-maguire,American football film
jerry-maguire,comedy film
jerry-maguire,drama film
jerry-maguire,romance film
jerry-maguire,sport film
jersey-girl,comedy drama
jersey-girl,comedy film
jersey-girl,melodrama
jersey-girl,romantic comedy
jesus-son,drama film
jfk,biographical film
jfk,crime film
jfk,detective film
jfk,drama film
jfk,historical film
jfk,mystery film
jfk,political thriller film
jia-zhangke-a-guy-from-fenyang,documentary film
jim-andy-the-great-beyond-featuring-a-very-special-contractually-obligated-mention-of-tony-clifton,documentary film
jim-henson-idea-man,documentary film
jim-the-james-foley-story,documentary film
jimi-all-is-by-my-side,biographical film
jimi-all-is-by-my-side,drama film
jimmy-carter-rock-roll-president,documentary film
jimmy-neutron-boy-genius,comedy film
jimmy-neutron-boy-genius,family film
jimmy-neutron-boy-genius,science fiction film
jimmys-hall,drama film
jing-ke-ci-qin-wang,drama film
jing-ke-ci-qin-wang,historical film
jing-ke-ci-qin-wang,romance film
jingle-all-the-way,action film
jingle-all-the-way,Christmas film
jingle-all-the-way,comedy film
jingle-all-the-way,family film
jingle-jangle-a-christmas-journey,Christmas film
jingle-jangle-a-christmas-journey,steampunk film
jiro-dreams-of-sushi,documentary film
joan-baez-i-am-a-noise,documentary film
joan-didion-the-center-will-not-hold,documentary film
joan-rivers-a-piece-of-work,documentary film
jockey,drama film
jodorowskys-dune,documentary film
joe-strummer-the-future-is-unwritten,documentary film
joe-strummer-the-future-is-unwritten,rockumentary
john-and-the-hole,drama film
john-and-the-hole,thriller film
john-candy-i-like-me,documentary film
john-mcenroe-in-the-realm-of-perfection,documentary film
john-q,crime film
john-q,drama film
john-rabe,drama film
john-tucker-must-die,romantic comedy
john-tucker-must-die,teen film
john-wick,action film
john-wick,crime thriller film
john-wick,thriller film
john-wick-chapter-2,action film
john-wick-chapter-2,crime film
john-wick-chapter-2,neo-noir
john-wick-chapter-2,splatter film
john-wick-chapter-2,thriller film
john-wick-chapter-2,vigilante film
john-wick-chapter-3---parabellum,action film
john-wick-chapter-3---parabellum,neo-noir
john-wick-chapter-3---parabellum,thriller film
john-wick-chapter-3---parabellum,vigilante film
john-wick-chapter-4,action film
john-wick-chapter-4,action thriller
john-wick-chapter-4,adventure film
john-wick-chapter-4,crime film
john-wick-chapter-4,neo-noir
johnny-english,action film
johnny-english,parody film
johnny-english,spy film
johnny-english-reborn,action comedy film
johnny-english-reborn,comedy film
johnny-english-reborn,spy film
jojo-rabbit,comedy drama
jojo-rabbit,comedy film
jojo-rabbit,drama film
jojo-rabbit,war film
joker,crime film
joker,drama film
joker,psychological thriller film
joker,thriller film
jonah-hex,action film
jonah-hex,comedy film
jonah-hex,fantasy film
jonah-hex,horror film
jonah-hex,Western film
jonathan,drama film
jonathan,science fiction film
jonestown-the-life-and-death-of-peoples-temple,documentary film
jose,drama film
joshua,drama film
joshua,horror film
joshua,thriller film
joshua-teenager-vs-superpower,documentary film
joshy,comedy drama
joshy,comedy film
journey-to-the-west,drama film
journeys-end,drama film
joy,biographical film
joy,Christmas film
joy,comedy film
joy,drama film
joy-ride,action film
joy-ride,horror film
joy-ride,mystery film
joy-ride,thriller film
joy-ride-2023,adventure film
joy-ride-2023,comedy film
joyland,drama film
joyland,LGBTQ-related film
judas-and-the-black-messiah,biographical film
judas-and-the-black-messiah,political drama
judy,drama film
judy,musical film
judy-punch,black comedy
jug-face,horror film
jules,science fiction comedy
jules-and-jim,buddy film
jules-and-jim,drama film
jules-and-jim,romance film
julie-julia,biographical film
julie-julia,comedy drama
julie-julia,drama film
julie-julia,romantic comedy
juliet-naked,comedy drama
juliet-naked,drama film
juliet-of-the-spirits,comedy film
juliet-of-the-spirits,drama film
juliet-of-the-spirits,fantasy film
julieta,drama film
jumanji,action film
jumanji,adventure film
jumanji,comedy film
jumanji,fantasy film
jumanji-the-next-level,action comedy film
jumanji-the-next-level,adventure film
jumanji-the-next-level,comedy film
jumanji-welcome-to-the-jungle,action film
jumanji-welcome-to-the-jungle,adventure film
jumanji-welcome-to-the-jungle,comedy film
jumanji-welcome-to-the-jungle,fantasy film
jumper,action film
jumper,science fiction film
jumper,thriller film
jumping-the-broom,comedy drama
jumping-the-broom,romantic comedy
junebug,comedy film
junebug,drama film
jungle-fever,drama film
jungle-fever,romance film
juno,comedy film
juno,coming-of-age film
juno,drama film
juno,romance film
juno,romantic comedy film
juno,teen film
jurassic-park,action film
jurassic-park,adventure film
jurassic-park,science fiction film
jurassic-park,thriller film
jurassic-park-iii,action film
jurassic-park-iii,adventure film
jurassic-park-iii,science fiction film
jurassic-world,action film
jurassic-world,adventure film
jurassic-world,science fiction film
juror-2,crime film
juror-2,drama film
juror-2,thriller film
juror-2,trial film
just-another-love-story,LGBTQ-related film
just-friends,Christmas film
just-friends,romantic comedy
just-go-with-it,romantic comedy film
just-like-heaven,fantasy film
just-like-heaven,ghost film
just-like-heaven,romantic comedy
just-mercy,biographical film
just-mercy,drama film
justin-bieber-never-say-never,biographical film
justin-bieber-never-say-never,music documentary film
k-19-the-widowmaker,disaster film
k-19-the-widowmaker,drama film
k-19-the-widowmaker,historical film
k-19-the-widowmaker,thriller film
k-pax,drama film
k-pax,science fiction film
kaboom,comedy film
kaboom,fantasy film
kaboom,LGBTQ-related film
kaboom,mystery film
kaboom,science fiction comedy
kaboom,science fiction film
kadosh,drama film
kagemusha,drama film
kagemusha,war film
kahlil-gibrans-the-prophet,drama film
kaili-blues,drama film
kajillionaire,coming-of-age film
kajillionaire,crime film
kalki-2898-ad,dystopian film
kalki-2898-ad,science fiction film
kandahar,drama film
kangaroo-jack,buddy film
kangaroo-jack,comedy film
kangaroo-jack,screwball comedy film
kate-leopold,comedy film
kate-leopold,fantasy film
kate-leopold,melodrama
kate-leopold,romantic comedy
kate-leopold,science fiction film
kate-leopold,time-travel film
kate-plays-christine,documentary film
katy-perry-part-of-me,documentary film
katy-perry-part-of-me,musical film
katyn,drama film
katyn,historical film
katyn,war film
keane,drama film
keane,independent film
keanu,action film
keanu,comedy film
keanu,crime film
kedi,documentary film
keep-on-keepin-on,documentary film
keep-the-lights-on,drama film
keep-the-lights-on,LGBTQ-related film
keep-the-lights-on,romance film
kelly-cal,comedy film
kelly-cal,drama film
kevin-hart-what-now,comedy film
kevin-hart-what-now,documentary film
kevin-hart-what-now,stand-up comedy
key-largo,comedy drama
key-largo,comedy film
key-largo,crime drama film
key-largo,crime film
key-largo,crime thriller film
key-largo,drama film
key-largo,film noir
key-largo,gangster film
key-largo,thriller film
keyhole,drama film
keyhole,ghost film
keyhole,thriller film
kick-ass,action film
kick-ass,comedy film
kick-ass,superhero film
kick-ass,teen film
kickboxer,action film
kickboxer,martial arts film
kickboxer,rape and revenge film
kickboxer,thriller film
kicking-and-screaming,comedy drama
kicking-and-screaming,romantic comedy
kicks,adventure film
kicks,drama film
kid-90,biographical film
kid-90,documentary film
kid-90,historical film
kidnapped-the-abduction-of-edgardo-mortara,drama film
kidnapped-the-abduction-of-edgardo-mortara,historical film
kikis-delivery-service,children's film
kikis-delivery-service,coming-of-age film
kikis-delivery-service,fantasy film
kill,action thriller
kill-bill-the-whole-bloody-affair,girls with guns
kill-bill-the-whole-bloody-affair,martial arts film
kill-bill-the-whole-bloody-affair,thriller film
kill-bill-vol-1,action film
kill-bill-vol-1,action thriller
kill-bill-vol-1,crime drama film
kill-bill-vol-1,crime film
kill-bill-vol-1,crime thriller film
kill-bill-vol-1,drama film
kill-bill-vol-1,girls with guns
kill-bill-vol-1,martial arts film
kill-bill-vol-1,neo-noir
kill-bill-vol-1,samurai cinema
kill-bill-vol-1,splatter film
kill-bill-vol-1,thriller film
kill-bill-vol-1,vigilante film
kill-bill-vol-1,wuxia film
kill-bill-vol-2,action film
kill-bill-vol-2,action thriller
kill-bill-vol-2,crime drama film
kill-bill-vol-2,crime film
kill-bill-vol-2,crime thriller film
kill-bill-vol-2,drama film
kill-bill-vol-2,girls with guns
kill-bill-vol-2,martial arts film
kill-bill-vol-2,suspense film
kill-bill-vol-2,thriller film
kill-boksoon,action film
kill-boksoon,crime film
kill-boksoon,LGBTQ-related film
kill-boksoon,thriller film
kill-list,crime film
kill-list,horror film
kill-list,thriller film
kill-the-irishman,action film
kill-the-irishman,biographical film
kill-the-irishman,crime thriller film
kill-the-irishman,drama film
kill-the-irishman,gangster film
kill-the-irishman,thriller film
kill-the-jockey,comedy drama
kill-the-jockey,crime film
kill-the-messenger,biographical film
kill-the-messenger,crime film
kill-the-messenger,drama film
kill-the-messenger,mystery film
kill-your-darlings,biographical film
kill-your-darlings,drama film
kill-your-darlings,LGBTQ-related film
kill-your-darlings,romance film
kill-your-darlings,thriller film
kill-zone-2,action film
kill-zone-2,martial arts film
killer-joe,comedy film
killer-joe,crime thriller film
killer-joe,drama film
killer-joe,exploitation film
killer-klowns-from-outer-space,alien invasion
killer-klowns-from-outer-space,comedy film
killer-klowns-from-outer-space,comedy horror
killer-klowns-from-outer-space,horror film
killer-klowns-from-outer-space,science fiction film
killer-of-sheep,art film
killer-of-sheep,drama film
killers,romantic comedy
killers,thriller film
killers-of-the-flower-moon,crime drama film
killers-of-the-flower-moon,crime film
killers-of-the-flower-moon,crime thriller film
killers-of-the-flower-moon,detective film
killers-of-the-flower-moon,drama film
killers-of-the-flower-moon,epic film
killers-of-the-flower-moon,thriller film
killers-of-the-flower-moon,Western film
killing-ground,horror film
killing-them-safely,documentary film
killing-them-softly,action film
killing-them-softly,crime thriller film
killing-them-softly,drama film
kimi,police film
kimi,thriller film
kinds-of-kindness,anthology film
kinds-of-kindness,black comedy film
kinds-of-kindness,comedy drama
king-arthur,action film
king-arthur,drama film
king-arthur,historical film
king-arthur,medieval film
king-arthur,sword-and-sandal film
king-arthur,war film
king-georges,documentary film
king-jack,adventure film
king-jack,coming-of-age film
king-jack,drama film
king-kong,action film
king-kong,adventure film
king-kong,drama film
king-kong,romance film
king-kong-1933,adventure film
king-kong-1933,drama film
king-kong-1933,fantasy film
king-kong-1933,horror film
king-kong-1933,kaiju
king-kong-1933,science fiction film
king-kong-1933,speculative fiction film
king-of-the-hill,coming-of-age film
king-of-the-hill,drama film
king-richard,biographical film
king-richard,drama film
king-richard,sport film
kingdom-of-the-planet-of-the-apes,adventure film
kingdom-of-the-planet-of-the-apes,science fiction action film
kingpin,buddy film
kingpin,comedy film
kingsman-the-secret-service,action comedy film
kingsman-the-secret-service,action film
kingsman-the-secret-service,comedy film
kingsman-the-secret-service,crime film
kingsman-the-secret-service,spy film
kinsey,biographical film
kinsey,drama film
kinsey,LGBTQ-related film
kirikou-and-the-sorceress,adventure film
kirikou-and-the-sorceress,children's film
kirikou-and-the-sorceress,fantasy film
kiss-kiss-bang-bang,action film
kiss-kiss-bang-bang,buddy cop film
kiss-kiss-bang-bang,Christmas film
kiss-kiss-bang-bang,comedy film
kiss-kiss-bang-bang,film noir
kiss-kiss-bang-bang,mystery film
kiss-kiss-bang-bang,neo-noir
kiss-of-death,action film
kiss-of-death,crime film
kiss-of-death,drama film
kiss-of-the-spider-woman,drama film
kiss-of-the-spider-woman,independent film
kiss-of-the-spider-woman,LGBTQ-related film
kiss-of-the-spider-woman,prison film
kiss-of-the-spider-woman-2025,drama film
kiss-of-the-spider-woman-2025,musical film
kissing-jessica-stein,comedy drama
kissing-jessica-stein,lesbian-related film
kissing-jessica-stein,LGBTQ-related film
kissing-jessica-stein,romantic comedy
kitchen-stories,comedy film
kitchen-stories,drama film
kites,action film
kites,drama film
kites,romantic thriller
kites,thriller film
klaus,adventure film
klaus,children's film
klaus,Christmas film
klaus,comedy film
klaus,fantasy film
klondike,drama film
klown,comedy film
klute,crime thriller film
klute,neo-noir
kneecap,comedy drama
kneecap,comedy film
kneecap,docudrama
kneecap,drama film
knife-+-heart,drama film
knife-+-heart,LGBTQ-related film
knife-+-heart,thriller film
knife-in-the-water,drama film
knight-and-day,action film
knight-and-day,adventure film
knight-and-day,comedy film
knives-out,comedy film
knives-out,crime film
knives-out,drama film
knives-out,mystery film
knives-out,thriller film
knock-at-the-cabin,action film
knock-at-the-cabin,drama film
knock-at-the-cabin,horror film
knock-at-the-cabin,LGBTQ-related film
knock-at-the-cabin,mystery film
knock-at-the-cabin,post-apocalyptic film
knock-at-the-cabin,psychological drama film
knock-at-the-cabin,psychological horror film
knock-at-the-cabin,psychological thriller film
knock-at-the-cabin,science fiction horror film
knock-at-the-cabin,suspense film
knock-at-the-cabin,thriller film
knock-down-the-house,documentary film
knocked-up,comedy drama
knocked-up,drama film
knocked-up,romantic comedy
knocking,horror film
knowing,action film
knowing,disaster film
knowing,mystery film
knowing,science fiction film
knuckle,boxing film
knuckle,documentary film
kodachrome,drama film
kokomo-city,documentary film
kokuho,drama film
kon-tiki,action film
kon-tiki,adventure film
kon-tiki,biographical film
kon-tiki,drama film
kon-tiki,historical film
kong-skull-island,action film
kong-skull-island,fantasy film
kong-skull-island,speculative fiction film
korengal,documentary film
koyaanisqatsi,documentary film
kpop-demon-hunters,action film
kpop-demon-hunters,animated film
kpop-demon-hunters,fantasy film
kpop-demon-hunters,musical film
kramer-vs-kramer,drama film
krisha,drama film
kubo-and-the-two-strings,action film
kubo-and-the-two-strings,adventure film
kubo-and-the-two-strings,family film
kubo-and-the-two-strings,fantasy film
kubrick-by-kubrick,documentary film
kumar,documentary film
kumiko-the-treasure-hunter,drama film
kumiko-the-treasure-hunter,treasure hunt film
kundo-age-of-the-rampant,action film
kundo-age-of-the-rampant,crime film
kundun,biographical film
kundun,drama film
kundun,epic film
kundun,historical drama film
kundun,historical film
kundun,war drama
kundun,war film
kung-fu-hustle,action comedy film
kung-fu-hustle,martial arts film
kung-fu-hustle,parody film
kung-fu-killer,action film
kung-fu-panda,action film
kung-fu-panda,adventure film
kung-fu-panda,comedy film
kung-fu-panda,family film
kung-fu-panda,flashback film
kung-fu-panda,kung fu film
kung-fu-panda,wuxia
kung-fu-panda-2,comedy film
kung-fu-panda-2,flashback film
kung-fu-panda-3,action film
kung-fu-panda-3,adventure film
kung-fu-panda-3,children's film
kung-fu-panda-3,comedy film
kung-fu-panda-3,martial arts film
kung-pow-enter-the-fist,martial arts film
kung-pow-enter-the-fist,parody film
kurt-cobain-about-a-son,documentary film
kurt-vonnegut-unstuck-in-time,documentary film
kusama---infinity,documentary film
la-92,documentary film
la-chimera,adventure film
la-chimera,comedy drama
la-cienaga,drama film
la-ciudad-the-city,drama film
la-cocina,drama film
la-confidential,action film
la-confidential,crime drama film
la-confidential,crime film
la-confidential,crime thriller film
la-confidential,drama film
la-confidential,mystery film
la-confidential,neo-noir
la-confidential,police procedural film
la-confidential,suspense film
la-confidential,thriller film
la-dolce-vita-re-release,comedy film
la-dolce-vita-re-release,drama film
la-faute-a-fidel!,drama film
la-femme-nikita,action film
la-femme-nikita,drama film
la-femme-nikita,girls with guns
la-femme-nikita,thriller film
la-grande-strada-azzurra,drama film
la-grazia,drama film
la-la-land,comedy drama
la-la-land,comedy film
la-la-land,dance film
la-la-land,drama film
la-la-land,musical film
la-la-land,romance film
la-llorona,thriller film
la-piscine,crime film
la-piscine,drama film
la-ronde,drama film
la-ronde,romantic comedy film
la-sapienza,drama film
la-vie-en-rose,biographical film
la-vie-en-rose,drama film
la-vie-en-rose,flashback film
la-vie-en-rose,musical film
labyrinth,adventure film
labyrinth,children's film
labyrinth,coming-of-age film
labyrinth,fantasy film
labyrinth,musical film
labyrinth-of-lies,drama film
lady-and-the-tramp,fantasy film
lady-and-the-tramp,musical film
lady-and-the-tramp,romantic comedy film
lady-and-the-tramp,traditionally animated film
lady-bird,comedy drama
lady-bird,drama film
lady-bird,LGBTQ-related film
lady-bird,tragicomedy
lady-chatterley,drama film
lady-chatterleys-lover,drama film
lady-chatterleys-lover,erotic film
lady-chatterleys-lover,romance film
lady-in-the-water,action film
lady-in-the-water,comedy film
lady-in-the-water,comedy horror film
lady-in-the-water,drama film
lady-in-the-water,fantasy film
lady-in-the-water,horror film
lady-in-the-water,mystery film
lady-in-the-water,psychological drama film
lady-in-the-water,psychological horror film
lady-in-the-water,psychological thriller film
lady-in-the-water,supernatural film
lady-in-the-water,supernatural horror film
lady-in-the-water,suspense film
lady-in-the-water,thriller film
lady-macbeth,drama film
lagaan-once-upon-a-time-in-india,drama film
lagaan-once-upon-a-time-in-india,musical film
lagaan-once-upon-a-time-in-india,romance film
laggies,drama film
laggies,romantic comedy film
lake-of-fire,documentary film
lake-placid,action film
lake-placid,buddy film
lake-placid,comedy film
lake-placid,comedy horror
lake-placid,horror film
lake-placid,monster film
lake-placid,science fiction film
lakeview-terrace,crime film
lakeview-terrace,crime thriller film
lakeview-terrace,drama film
lamb,drama film
lamb-2021,drama film
lamb-2021,horror film
lamb-2021,mystery film
lambert-stamp,documentary film
lamour-fou,documentary film
land,drama film
land,psychological film
land-ho!,adventure film
land-ho!,buddy film
land-ho!,comedy film
land-of-bad,action film
land-of-bad,thriller film
land-of-mine,drama film
land-of-mine,historical film
land-of-mine,war film
land-of-the-dead,action film
land-of-the-dead,horror film
land-of-the-dead,post-apocalyptic film
land-of-the-dead,science fiction film
land-of-the-dead,science fiction horror film
land-of-the-dead,zombie film
land-of-the-lost,fantasy film
land-of-the-lost,monster film
land-of-the-lost,parody film
land-of-the-lost,science fiction comedy
land-of-the-lost,science fiction film
landline,comedy film
language-lessons,drama film
lantana,drama film
lara-croft-tomb-raider,action film
lara-croft-tomb-raider,adventure film
lara-croft-tomb-raider,fantasy film
lara-croft-tomb-raider,girls with guns
lara-croft-tomb-raider,science fiction film
lara-croft-tomb-raider,treasure hunt film
lara-croft-tomb-raider-the-cradle-of-life,action film
lara-croft-tomb-raider-the-cradle-of-life,fantasy film
lara-croft-tomb-raider-the-cradle-of-life,girls with guns
lara-croft-tomb-raider-the-cradle-of-life,treasure hunt film
laroy-texas,comedy film
laroy-texas,crime film
laroy-texas,drama film
laroy-texas,thriller film
lars-and-the-real-girl,comedy film
lars-and-the-real-girl,drama film
lassie,adventure film
lassie,comedy drama
lassie,drama film
lassie,family film
lassie-come-home,children's film
lassie-come-home,drama film
last-action-hero,action film
last-action-hero,buddy cop film
last-action-hero,comedy film
last-action-hero,fantasy film
last-and-first-men,science fiction film
last-breath,survival film
last-breath,thriller film
last-cab-to-darwin,drama film
last-days-in-the-desert,drama film
last-days-in-vietnam,documentary film
last-flag-flying,drama film
last-life-in-the-universe,drama film
last-men-in-aleppo,documentary film
last-night-in-soho,psychological horror fiction
last-night-in-soho,psychological thriller
last-orders,drama film
last-passenger,thriller film
last-resort,drama film
last-summer-2023,drama film
last-summer-2023,erotic film
last-summer-2023,thriller film
last-tango-in-paris,drama film
last-tango-in-paris,erotic film
last-tango-in-paris,romance film
last-train-home,documentary film
late-marriage,comedy drama
late-marriage,drama film
late-marriage,romance film
late-night,comedy film
late-night,drama film
late-night-with-the-devil,found footage film
late-night-with-the-devil,horror film
late-night-with-the-devil,satanic film
late-shift,drama film
late-shift,thriller film
late-spring-1949,drama film
laurence-anyways,drama film
laurence-anyways,flashback film
laurence-anyways,LGBTQ-related film
laurence-anyways,romance film
laurence-anyways,transgender film
law-abiding-citizen,action film
law-abiding-citizen,drama film
law-abiding-citizen,prison film
law-abiding-citizen,rape and revenge film
law-abiding-citizen,thriller film
law-abiding-citizen,vigilante film
lawless,action film
lawless,crime film
lawless,drama film
lawless-heart,comedy drama
lawless-heart,LGBTQ-related film
lawrence-of-arabia-re-release,adventure film
lawrence-of-arabia-re-release,biographical film
lawrence-of-arabia-re-release,drama film
lawrence-of-arabia-re-release,epic film
lawrence-of-arabia-re-release,flashback film
lawrence-of-arabia-re-release,war film
layer-cake,crime film
layer-cake,drama film
layer-cake,heist film
le-cercle-rouge-1970,crime film
le-cercle-rouge-1970,drama film
le-cercle-rouge-1970,heist film
le-cercle-rouge-1970,neo-noir
le-havre,comedy film
le-havre,drama film
le-samourai,crime film
le-samourai,drama film
le-samourai,neo-noir
le-week-end,comedy film
le-week-end,drama film
lean-on-pete,drama film
leaning-into-the-wind,documentary film
leap-of-faith-william-friedkin-on-the-exorcist,documentary film
leap-year,romantic comedy
leap-year-2011,romantic comedy
learning-to-drive,comedy film
learning-to-drive,drama film
learning-to-drive,romantic comedy
leave-no-trace,drama film
leave-the-world-behind,post-apocalyptic film
leave-the-world-behind,psychological thriller film
leaves-of-grass,comedy drama
leaves-of-grass,comedy thriller
leaves-of-grass,crime film
leaves-of-grass,drama film
leaving,drama film
leaving-las-vegas,drama film
leaving-las-vegas,erotic film
leaving-las-vegas,romance film
lebanon,drama film
lebanon,war film
lee,biographical film
lee,drama film
lee,historical film
lee,war film
left-handed-girl,drama film
legally-blonde,comedy film
legend-1986,adventure film
legend-1986,cinematic fairy tale
legend-1986,dark fantasy
legend-1986,epic film
legend-1986,fantasy film
legend-1986,sword and sorcery film
legend-of-the-guardians-the-owls-of-gahoole,adventure film
legend-of-the-guardians-the-owls-of-gahoole,children's film
legend-of-the-guardians-the-owls-of-gahoole,fantasy film
legends-of-the-fall,drama film
legends-of-the-fall,romance film
legends-of-the-fall,war film
legends-of-the-fall,Western film
legion,action film
legion,apocalyptic film
legion,fantasy film
legion,horror film
legion,thriller film
legion,zombie film
lemmy,biographical film
lemmy,documentary film
lemmy,rockumentary
lemon,drama film
lemon-tree,drama film
leo,action film
les-cowboys,drama film
les-miserables,drama film
les-miserables,musical film
les-miserables,romance film
les-miserables-2019,drama film
let-him-go,thriller film
let-it-be,music documentary film
let-me-in,coming-of-age film
let-me-in,drama film
let-me-in,fantasy film
let-me-in,horror film
let-me-in,LGBTQ-related film
let-me-in,mystery film
let-me-in,romance film
let-me-in,vampire film
let-the-bullets-fly,comedy film
let-the-corpses-tan,thriller film
let-the-fire-burn,documentary film
let-the-right-one-in,drama film
let-the-right-one-in,fantasy film
let-the-right-one-in,horror film
let-the-right-one-in,romance film
let-the-right-one-in,vampire film
let-the-sunshine-in,drama film
let-them-all-talk,adventure film
lethal-weapon,action film
lethal-weapon,buddy cop film
lethal-weapon,buddy film
lethal-weapon,Christmas film
lethal-weapon,crime film
lethal-weapon,thriller film
lethal-weapon-2,action film
lethal-weapon-2,buddy cop film
lethal-weapon-2,buddy film
lethal-weapon-2,thriller film
lethal-weapon-4,action film
lethal-weapon-4,buddy cop film
lethal-weapon-4,buddy film
lethal-weapon-4,martial arts film
lethal-weapon-4,thriller film
leto,biographical film
leto,drama film
leto,musical film
leto,romance film
letters-from-iwo-jima,drama film
letters-from-iwo-jima,historical film
letters-from-iwo-jima,war film
leviathan,documentary film
leviathan-2014,crime film
leviathan-2014,drama film
leviticus,coming-of-age film
leviticus,horror film
leviticus,LGBTQ-related film
leviticus,romance film
leviticus,science fiction film
leviticus,thriller
liar-liar,fantasy comedy film
liar-liar,trial film
liberty-heights,comedy film
liberty-heights,coming-of-age film
liberty-heights,drama film
licence-to-kill,action film
licence-to-kill,spy film
licorice-pizza,comedy drama
licorice-pizza,coming-of-age film
licorice-pizza,historical drama
lie,drama film
lie,LGBTQ-related film
lie,teen film
life-2015,biographical film
life-2015,drama film
life-above-all,drama film
life-and-nothing-more,drama film
life-animated,documentary film
life-animated,drama film
life-animated,family film
life-animated,romance film
life-as-we-know-it,comedy drama
life-as-we-know-it,drama film
life-as-we-know-it,romantic comedy
life-during-wartime,comedy drama
life-in-a-day,documentary film
life-in-a-day,drama film
life-is-sweet,art film
life-is-sweet,comedy film
life-is-sweet,drama film
life-itself,biographical film
life-itself,documentary film
life-of-crime,comedy drama
life-of-crime,crime film
life-of-pi,adventure film
life-of-pi,drama film
life-of-pi,fantasy film
life-of-pi,magic realist film
life-of-pi,survival film
life-of-riley,children's film
life-of-riley,comedy film
life-of-riley,drama film
life-of-riley,romance film
life-of-riley,satirical film
life-partners,comedy film
life-partners,LGBTQ-related film
life-partners,romance film
life-partners,romantic comedy film
lifeboat,drama film
lifeboat,survival film
lifeboat,war film
light-from-light,drama film
light-of-my-life,drama film
light-of-my-life,post-apocalyptic film
light-sleeper,crime film
light-sleeper,drama film
lights-out,ghost film
lights-out,horror film
lights-out,thriller film
lightyear-2022,adventure film
lightyear-2022,animated film with LGBT character(s)
lightyear-2022,comedy film
lightyear-2022,family film
lightyear-2022,science fiction film
lightyear-2022,superhero fiction
like-crazy,drama film
like-crazy,romance film
like-crazy-2016,comedy drama
like-father-like-son,drama film
like-me,drama film
like-someone-in-love,drama film
like-water-for-chocolate,drama film
like-water-for-chocolate,magic realist film
like-water-for-chocolate,melodrama
like-water-for-chocolate,romance film
lilo-stitch,buddy film
lilo-stitch,comedy drama
lilo-stitch,comedy film
lilo-stitch,science fiction film
lilting,drama film
lilting,LGBTQ-related film
lilya-4-ever,crime film
lilya-4-ever,drama film
lilya-4-ever,teen film
limbo,thriller film
limelight-1969,comedy drama
limelight-1969,drama film
limelight-1969,melodrama
limelight-1969,musical film
limelight-1969,tragicomedy
limitless,action film
limitless,drama film
limitless,science fiction film
limitless,thriller film
limmensits,drama film
lincoln,biographical film
lincoln,drama film
lincoln,historical film
lincoln,trial film
lincoln,war film
linda-ronstadt-the-sound-of-my-voice,biographical film
linda-ronstadt-the-sound-of-my-voice,documentary film
lingua-franca,drama film
linoleum,comedy drama
linoleum,science fiction film
lion,biographical film
lion,drama film
listen-to-me-marlon,documentary film
listen-up-philip,comedy drama
little-accidents,drama film
little-children,crime film
little-children,drama film
little-children,independent film
little-children,romance film
little-fish,drama film
little-fish-2021,romance film
little-fish-2021,science fiction film
little-fockers,Christmas film
little-fockers,comedy film
little-girl,documentary film
little-joe,drama film
little-joe,science fiction film
little-men,drama film
little-miss-sunshine,comedy film
little-miss-sunshine,drama film
little-miss-sunshine,road movie
little-monsters,comedy horror
little-monsters,zombie comedy
little-nicky,comedy film
little-nicky,fantasy film
little-nicky,romantic comedy film
little-richard-i-am-everything,documentary film
little-shop-of-horrors,comedy film
little-shop-of-horrors,comedy horror
little-shop-of-horrors,horror film
little-shop-of-horrors,musical film
little-shop-of-horrors,science fiction comedy
little-shop-of-horrors,science fiction film
little-sister,comedy drama
little-trouble-girls,LGBTQ-related film
little-voice,comedy film
little-voice,drama film
little-women,Christmas film
little-women,comedy film
little-women,coming-of-age film
little-women,drama film
little-women,romance film
little-women-1933,drama film
little-women-1933,romance film
little-women-2019,drama film
little-woods,crime film
little-woods,thriller film
little-woods,Western film
live-and-let-die,action film
live-and-let-die,blaxploitation film
live-and-let-die,spy film
live-cargo,drama film
live-flesh,drama film
live-flesh,erotic thriller
live-flesh,romance film
live-flesh,thriller film
live-free-or-die-hard,action film
live-free-or-die-hard,action thriller
live-free-or-die-hard,buddy cop film
live-free-or-die-hard,buddy film
living,drama film
living-in-oblivion,comedy drama
living-in-oblivion,comedy film
liyana,animated film
liyana,children's film
liyana,documentary film
liza-a-truly-terrific-absolutely-true-story,documentary film
lizzie,biographical film
lizzie,drama film
lizzie,LGBTQ-related film
lizzie,thriller film
lo-and-behold-reveries-of-the-connected-world,documentary film
local-hero,comedy drama
local-hero,comedy film
lock-stock-and-two-smoking-barrels,black comedy film
lock-stock-and-two-smoking-barrels,crime comedy film
lock-stock-and-two-smoking-barrels,heist film
locke,drama film
locke,road movie
logan-2017,action film
logan-2017,drama film
logan-2017,dystopian film
logan-2017,science fiction film
logan-2017,superhero film
logan-2017,survival film
logan-lucky,comedy film
logan-lucky,heist film
lolita,drama film
lolita,neo-noir
lolita,romance film
lolita-1969,comedy drama
lolita-1969,drama film
lolita-1969,romance film
london-river,drama film
london-road,crime film
london-road,drama film
london-road,musical film
london-road,mystery film
lone-star,crime film
lone-star,drama film
lone-star,mystery film
lone-star,romance film
lone-star,Western film
lone-survivor,action film
lone-survivor,biographical film
lone-survivor,drama film
lone-survivor,war film
long-days-journey-into-night,drama film
long-days-journey-into-night,romance film
long-shot-2019,comedy film
long-shot-2019,romantic comedy
long-strange-trip,documentary film
long-way-north,adventure film
long-way-north,animated film
long-way-north,drama film
longlegs,supernatural horror film
look-into-my-eyes,documentary film
look-whos-talking,romantic comedy
looking-for-eric,association football film
looking-for-eric,comedy drama
looking-for-eric,drama film
looney-tunes-back-in-action,family film
looney-tunes-back-in-action,fantasy film
looney-tunes-back-in-action,live-action/animated film
looney-tunes-back-in-action,parody film
looney-tunes-back-in-action,science fiction film
looney-tunes-back-in-action,spy film
looper,action film
looper,crime thriller film
looper,drama film
looper,dystopian film
looper,science fiction film
lord-of-war,action film
lord-of-war,crime film
lord-of-war,drama film
lore,drama film
lore,war film
lorelei,independent film
lorenzos-oil,drama film
lornas-silence,drama film
lorne,documentary film
loro,anthology film
los-angeles-plays-itself,documentary film
lost-girls,drama film
lost-girls,mystery film
lost-illusions,drama film
lost-illusions,historical film
lost-in-america,comedy film
lost-in-la-mancha,documentary film
lost-in-paris,comedy film
lost-in-space,action film
lost-in-space,adventure film
lost-in-space,science fiction film
lost-in-space,thriller film
lost-in-space,time-travel film
lost-in-translation,drama film
lost-in-translation,independent film
lost-in-translation,romantic comedy film
louder-than-bombs,drama film
louis-theroux-inside-the-manosphere,documentary film
lourdes,drama film
love-actually,Christmas film
love-actually,romantic comedy film
love-actually,tragicomedy
love-affair-1939,drama film
love-affair-1939,romance film
love-after-love,drama film
love-air-sex,comedy film
love-and-death-on-long-island,comedy film
love-and-death-on-long-island,drama film
love-and-death-on-long-island,LGBTQ-related film
love-antosha,documentary film
love-at-first-fight,comedy film
love-at-first-fight,romance film
love-basketball,coming-of-age film
love-basketball,drama film
love-basketball,romance film
love-basketball,romantic comedy film
love-basketball,sport film
love-crime,drama film
love-crime,psychological thriller
love-exposure,action film
love-exposure,comedy drama
love-exposure,LGBTQ-related film
love-exposure,romantic comedy
love-exposure,thriller film
love-friendship,historical film
love-friendship,romantic comedy
love-gilda,documentary film
love-in-the-afternoon,romantic comedy
love-is-all-you-need,comedy film
love-is-all-you-need,LGBTQ-related film
love-is-all-you-need,romance film
love-is-all-you-need,romantic comedy
love-is-strange,drama film
love-is-strange,LGBTQ-related film
love-is-strange,romance film
love-lies-bleeding,crime film
love-lies-bleeding,lesbian-related film
love-lies-bleeding,romance film
love-lies-bleeding,thriller film
love-mercy,biographical film
love-mercy,drama film
love-mercy,musical film
love-simon,comedy film
love-simon,drama film
love-simon,LGBTQ-related film
love-simon,romance film
love-songs,drama film
love-songs,LGBTQ-related film
love-songs,musical film
lovely-amazing,comedy film
lovely-amazing,drama film
lovely-rita-2001,comedy film
lovely-rita-2001,drama film
lovely-still,Christmas film
lovely-still,drama film
lovely-still,romance film
lover-for-a-day,drama film
lovesong,drama film
lovesong,LGBTQ-related film
loving,biographical film
loving,drama film
loving-vincent,biographical film
loving-vincent,drama film
loving-vincent,historical film
low-down,biographical film
low-down,drama film
low-tide,drama film
lowlife,crime thriller film
lowriders,drama film
lu-over-the-wall,anime
lu-over-the-wall,disaster film
luca,adventure film
luca,buddy film
luca,comedy film
luca,coming-of-age film
luca,family film
luca,fantasy film
luca,triathlon films
lucas,American football film
lucas,comedy drama
lucas,coming-of-age film
lucas,drama film
lucas,romance film
lucas,romantic comedy film
lucas,teen film
luce,drama film
lucky-2020,comedy film
lucky-grandma,crime film
lucky-them,comedy drama
lucy,action film
lucy,biopunk
lucy,drama film
lucy,girls with guns
lucy,science fiction film
lumumba,drama film
lunana-a-yak-in-the-classroom,drama film
lupin-iii-the-castle-of-cagliostro,action film
lupin-iii-the-castle-of-cagliostro,comedy film
lurker,drama film
lurker,thriller film
lust-caution,crime film
lust-caution,drama film
lust-caution,erotic film
lust-caution,erotic thriller
lust-caution,romance film
lust-caution,spy film
lust-caution,war film
lux-aeterna,drama film
luzzu,drama film
lynchoz,documentary film
m3gan,comedy horror film
m3gan,horror film
m3gan,science fiction film
m3gan,thriller film
ma-raineys-black-bottom,drama film
maborosi,drama film
macgruber,action film
macgruber,parody film
machete,action film
machete,action thriller
machete,adventure film
machete,crime drama film
machete,crime film
machete,crime thriller film
machete,drama film
machete,exploitation film
machete,girls with guns
machete,independent film
machete,mystery film
machete,splatter film
machete,suspense film
machete,thriller film
machete,vigilante film
machete,Western film
machine-gun-preacher,action film
machine-gun-preacher,biographical film
machine-gun-preacher,crime film
machine-gun-preacher,drama film
machine-gun-preacher,war film
machuca,drama film
mad-dog-and-glory,comedy drama
mad-dog-and-glory,crime film
mad-dog-and-glory,romantic comedy
mad-god,dark fantasy
mad-god,horror film
mad-hot-ballroom,documentary film
mad-max,action film
mad-max,dystopian film
mad-max,thriller film
mad-max,vigilante film
mad-max-beyond-thunderdome,action film
mad-max-beyond-thunderdome,adventure film
mad-max-beyond-thunderdome,dystopian film
mad-max-beyond-thunderdome,post-apocalyptic film
mad-max-beyond-thunderdome,science fiction film
mad-max-fury-road,action film
mad-max-fury-road,adventure film
mad-max-fury-road,dystopian film
mad-max-fury-road,post-apocalyptic film
mad-max-fury-road,science fiction film
madadayo,comedy drama
madadayo,drama film
madagascar,adventure film
madagascar,buddy film
madagascar,children's film
madagascar,comedy film
madagascar,survival film
madagascar-3-europes-most-wanted,children's film
madagascar-3-europes-most-wanted,comedy film
madagascar-3-europes-most-wanted,flashback film
madagascar-escape-2-africa,buddy film
madagascar-escape-2-africa,children's film
madagascar-escape-2-africa,comedy film
madagascar-escape-2-africa,flashback film
maddies-secret,comedy film
maddies-secret,drama film
made-in-dagenham,comedy film
made-in-dagenham,drama film
made-in-england-the-films-of-powell-and-pressburger,documentary film
madelines-madeline,drama film
mademoiselle-chambon,drama film
mademoiselle-chambon,romance film
madonna-truth-or-dare,documentary film
madonna-truth-or-dare,LGBTQ-related film
magazine-dreams,drama film
magellan,epic film
magellan,historical drama film
maggies-plan,romantic comedy film
magic-magic,drama film
magic-magic,thriller film
magic-mike,comedy film
magic-mike,drama film
magic-mike,melodrama
magic-mike,sexploitation film
magic-mike-xxl,comedy drama
magic-mike-xxl,comedy film
magic-mike-xxl,drama film
magic-mike-xxl,sexploitation film
magician-the-astonishing-life-and-work-of-orson-welles,documentary film
magnolia,drama film
magpie,drama film
magpie,thriller film
maidan,documentary film
maiden,documentary film
make-it-funky!,documentary film
making-waves-the-art-of-cinematic-sound,documentary film
mala-mala,documentary film
mala-mala,LGBTQ-related film
malcolm-x,biographical film
malcolm-x,drama film
maleficent,action film
maleficent,adventure film
maleficent,cinematic fairy tale
maleficent,dark fantasy
maleficent,drama film
maleficent,family film
maleficent,fantasy film
maleficent,romance film
maleficent,romantic drama
maleficent,teen film
malena,comedy film
malena,drama film
malena,romance film
mallrats,buddy film
mallrats,romantic comedy film
mama,fantasy film
mama,horror film
mama-weed,comedy film
mama-weed,crime film
mama-weed,police film
mami-wata,drama film
mami-wata,fantasy film
mami-wata,thriller film
mamma-mia!,musical comedy
mamma-mia!,musical film
mamma-mia!,romantic comedy
mamma-mia!-here-we-go-again,musical film
mamma-mia!-here-we-go-again,romantic comedy film
man-from-reno,mystery film
man-from-reno,neo-noir
man-on-fire,action film
man-on-fire,crime film
man-on-fire,drama film
man-on-fire,vigilante film
man-on-the-train,comedy film
man-on-the-train,crime film
man-on-the-train,drama film
man-on-the-train,thriller film
man-on-wire,biographical film
man-on-wire,documentary film
man-push-cart,drama film
man-with-a-movie-camera,documentary film
man-with-a-movie-camera,experimental film
man-with-a-movie-camera,silent film
manakamana,documentary film
manchester-by-the-sea,drama film
manda-bala-send-a-bullet,documentary film
mandela-long-walk-to-freedom,biographical film
mandela-long-walk-to-freedom,drama film
mandibles,comedy film
mandy,action film
mandy,drama film
mandy,fantasy film
mandy,horror film
mandy,thriller film
mandy,vigilante film
manglehorn,drama film
manhattan,drama film
manhattan,romantic comedy
manhattan-murder-mystery,comedy film
manhattan-murder-mystery,crime film
manhattan-murder-mystery,mystery film
manhunt,detective film
manhunter,crime drama film
manhunter,crime film
manhunter,crime thriller film
manhunter,drama film
manhunter,horror film
manhunter,independent film
manhunter,mystery film
manhunter,neo-noir
manhunter,psychological drama film
manhunter,psychological horror film
manhunter,psychological thriller film
manhunter,thriller film
manifesto,anthology film
manifesto,drama film
mank,drama film
manon-of-the-spring,drama film
mansfield-park,comedy drama
mansfield-park,drama film
mansfield-park,romance film
manufactured-landscapes,documentary film
manuscripts-dont-burn,drama film
mapplethorpe-look-at-the-pictures,biographical film
mapplethorpe-look-at-the-pictures,documentary film
mapplethorpe-look-at-the-pictures,LGBTQ-related film
maps-to-the-stars,drama film
maps-to-the-stars,LGBTQ-related film
maquia-when-the-promised-flower-blooms,war film
marcel-prousts-time-regained,drama film
marcel-the-shell-with-shoes-on,comedy film
marcel-the-shell-with-shoes-on,family film
marcel-the-shell-with-shoes-on,mockumentary
marcello-mastroianni-i-remember,documentary film
march-of-the-penguins,documentary film
march-of-the-penguins,nature documentary
margaret,drama film
margaret,romance film
margin-call,drama film
margin-call,thriller film
marguerite,comedy film
marguerite,drama film
maria-2024,biographical film
maria-2024,drama film
maria-2024,psychological drama film
maria-by-callas,biographical film
maria-by-callas,documentary film
maria-full-of-grace,coming-of-age film
maria-full-of-grace,crime film
maria-full-of-grace,drama film
maria-full-of-grace,thriller film
marianne-leonard-words-of-love,documentary film
marie-antoinette,biographical film
marie-antoinette,drama film
marina-abramovic-the-artist-is-present,documentary film
marjorie-prime,arthouse science fiction film
marjorie-prime,drama film
marjorie-prime,science fiction film
marley,biographical film
marley,documentary film
marley,musical film
marley-me,comedy drama
marley-me,romantic comedy film
marlina-the-murderer-in-four-acts,drama film
marmaduke,action film
marmaduke,children's film
marmaduke,comedy film
marnie,crime drama film
marnie,crime film
marnie,crime thriller film
marnie,drama film
marnie,mystery film
marnie,psychological drama film
marnie,psychological thriller film
marnie,thriller film
marriage-story,comedy drama
marriage-story,romance film
married-to-the-mob,crime film
married-to-the-mob,romantic comedy film
mars-attacks!,comedy film
mars-attacks!,parody film
mars-attacks!,retrofuturism
mars-attacks!,science fiction film
mars-express,action film
mars-express,animated film
mars-express,film noir
mars-express,science fiction film
mars-needs-moms,science fiction film
mars-one,drama film
marshall,biographical film
marshall,drama film
marshall,legal drama
martha-marcy-may-marlene,drama film
martha-marcy-may-marlene,mystery film
martha-marcy-may-marlene,thriller film
martin,comedy film
martin,comedy horror film
martin,crime drama film
martin,crime film
martin,drama film
martin,exploitation film
martin,horror film
martin,independent film
martin,psychological drama film
martin,psychological horror film
martin,satirical film
martin,slasher film
martin,vampire film
marty,romantic drama film
marty-life-is-short,documentary film
marty-supreme,drama film
marwencol,documentary film
marwencol,LGBTQ-related film
mary-and-max,adult animated film
mary-and-max,comedy drama
mary-and-the-witchs-flower,fantasy film
mary-poppins,comedy film
mary-poppins,family film
mary-poppins,fantasy film
mary-poppins,live-action/animated film
mary-poppins,musical film
mary-poppins-returns,family film
mary-poppins-returns,musical film
mary-queen-of-scots,biographical film
mary-queen-of-scots,historical drama
mascots,comedy film
masculine-feminine,comedy drama
masculine-feminine,drama film
mash,American football film
mash,black comedy film
mash,comedy drama
mash,drama film
mash,war film
mask,biographical film
mask,coming-of-age film
mask,drama film
mass,drama film
master-2022,thriller film
master-and-commander-the-far-side-of-the-world,action film
master-and-commander-the-far-side-of-the-world,adventure film
master-and-commander-the-far-side-of-the-world,drama film
master-and-commander-the-far-side-of-the-world,historical drama
master-and-commander-the-far-side-of-the-world,war film
master-gardener,drama film
master-gardener,romance film
master-gardener,thriller film
masters-of-the-universe,action film
masters-of-the-universe,adventure film
masters-of-the-universe,fantasy film
masters-of-the-universe,superhero film
masters-of-the-universe,sword and sorcery film
matangimayamia,biographical film
matangimayamia,documentary film
matangimayamia,historical film
match,comedy drama
match,drama film
match-point,crime film
match-point,drama film
match-point,romance film
materialists,romantic comedy film
matewan,drama film
matilda,children's film
matilda,comedy film
matilda,drama film
matilda,fantasy film
matt-and-mara,drama film
matt-and-mara,romance film
matthias-maxime,drama film
matthias-maxime,LGBTQ-related film
maudie,biographical film
maudie,drama film
maurice,drama film
maurice,historical film
maurice,LGBTQ-related film
max-manus,action film
max-manus,biographical film
max-manus,drama film
max-manus,partisan film
max-payne,action film
max-payne,crime film
max-payne,crime thriller film
max-payne,drama film
max-payne,neo-noir
max-payne,thriller film
max-payne,vigilante film
maxxxine,horror film
maxxxine,slasher film
may-december,drama film
may-december,romance film
mayday-2026,action comedy film
mayday-2026,action-adventure film
mayhem,action comedy film
mayhem,action film
mayhem,comedy horror
mayhem,horror film
mayor-pete,documentary film
mccabe-mrs-miller,drama film
mccabe-mrs-miller,Western film
mcfarland-usa,biographical film
mcfarland-usa,drama film
mcfarland-usa,sport film
mcqueen,biographical film
mcqueen,documentary film
me-and-earl-and-the-dying-girl,comedy film
me-and-earl-and-the-dying-girl,drama film
me-and-earl-and-the-dying-girl,romance film
me-and-orson-welles,comedy drama
me-and-orson-welles,drama film
me-and-you-and-everyone-we-know,comedy drama
me-and-you-and-everyone-we-know,romantic comedy
me-myself-irene,comedy film
mea-maxima-culpa-silence-in-the-house-of-god,documentary film
meadowland,thriller film
mean-creek,crime film
mean-creek,drama film
mean-creek,teen film
mean-dreams,thriller film
mean-girls,comedy film
mean-girls,LGBTQ-related film
mean-girls,romantic comedy film
mean-girls,teen film
mean-girls-2024,comedy film
mean-girls-2024,musical film
mean-streets,crime drama film
mean-streets,crime film
mean-streets,crime thriller film
mean-streets,drama film
mean-streets,gangster film
mean-streets,mystery film
mean-streets,neo-noir
mean-streets,romance film
mean-streets,thriller film
meanwhile-on-earth,drama film
meanwhile-on-earth,science fiction film
medeas,drama film
mediterranea,drama film
medium-cool,documentary film
medium-cool,drama film
medusa-deluxe,thriller film
meeks-cutoff,Western film
meet-joe-black,drama film
meet-joe-black,fantasy film
meet-joe-black,romance film
meet-me-in-st-louis,Christmas film
meet-me-in-st-louis,drama film
meet-me-in-st-louis,musical film
meet-the-parents,comedy film
meet-the-parents,romantic comedy film
meet-the-robinsons,adventure film
meet-the-robinsons,children's film
meet-the-robinsons,comedy film
meet-the-robinsons,fantasy film
meet-the-robinsons,science fiction film
meet-the-spartans,comedy film
meet-the-spartans,parody film
meeting-gorbachev,documentary film
meeting-with-pol-pot,historical drama
megamind,action film
megamind,comedy film
megamind,family film
megamind,science fiction film
megan-leavey,biographical film
megan-leavey,drama film
megan-leavey,war film
mein-liebster-feind---klaus-kinski,biographical film
mein-liebster-feind---klaus-kinski,documentary film
melancholia,apocalyptic film
melancholia,art film
melancholia,arthouse science fiction film
melancholia,drama film
melancholia,science fiction film
melody-time,children's film
melody-time,live-action/animated film
melody-time,musical film
memento,crime film
memento,drama film
memento,film based on a literary work
memento,film noir
memento,flashback film
memento,horror film
memento,mystery film
memento,neo-noir
memento,thriller film
memoir-of-a-snail,adult animated film
memoir-of-a-snail,drama film
memoir-of-war,biographical film
memoir-of-war,drama film
memoirs-of-a-geisha,drama film
memoirs-of-a-geisha,romance film
memories-of-murder,black comedy
memories-of-murder,crime thriller film
memories-of-murder,detective fiction
memories-of-murder,drama fiction
memories-of-murder,drama film
memories-of-murder,mystery film
memories-of-murder,police procedural film
memories-of-murder,satire
memories-of-my-father,biographical film
memories-of-my-father,historical film
memory-2023,drama film
memory-the-origins-of-alien,documentary film
men,drama film
men,fantasy film
men,horror film
men-chicken,comedy drama
men-chicken,comedy film
men-chicken,drama film
men-go-to-battle,comedy drama
men-in-black,action film
men-in-black,buddy cop film
men-in-black,buddy film
men-in-black,comedy film
men-in-black,science fiction film
men-in-black-ii,action film
men-in-black-ii,buddy cop film
men-in-black-ii,comedy film
men-in-black-ii,science fiction film
men-of-honor,biographical film
men-of-honor,drama film
menace-ii-society,action film
menace-ii-society,coming-of-age film
menace-ii-society,crime film
menace-ii-society,drama film
menace-ii-society,hood film
menashe,drama film
menashe,independent film
menus-plaisirs---les-troisgros,documentary film
merchants-of-doubt,documentary film
merci-pour-le-chocolat,drama film
merci-pour-le-chocolat,thriller film
merry-christmas,Christmas film
merry-christmas,comedy film
meru,documentary film
mesrine-killer-instinct,crime film
mesrine-public-enemy-no-1,biographical film
mesrine-public-enemy-no-1,drama film
metal-a-headbangers-journey,music documentary film
metal-lords,comedy film
metal-lords,music-themed film
metal-lords,teen film
metallica-some-kind-of-monster,music documentary film
metallica-through-the-never,concert film
metallica-through-the-never,musical film
metallica-through-the-never,thriller film
metro-manila,crime film
metro-manila,drama film
metropolis-2002,drama film
metropolis-2002,dystopian film
metropolis-2002,science fiction film
metropolis-re-release,drama film
metropolis-re-release,dystopian film
metropolis-re-release,science fiction film
mia-madre,drama film
miami-blues,crime film
miami-blues,drama film
miami-blues,heist film
miami-vice,action film
miami-vice,buddy cop film
miami-vice,crime film
miami-vice,drama film
michael-2012,drama film
michael-clayton,drama film
michael-clayton,legal thriller
michael-clayton,mystery film
michael-clayton,thriller film
michael-jacksons-journey-from-motown-to-off-the-wall,documentary film
mickey-17,action film
mickey-17,adventure film
mickey-17,comedy film
mickey-17,drama film
mickey-17,science fiction film
mickey-and-the-bear,drama film
mickey-and-the-bear,independent film
mickey-the-story-of-a-mouse,documentary film
micmacs,comedy film
microcosmos,documentary film
microcosmos,nature documentary
mid-august-lunch,comedy film
mid-august-lunch,drama film
mid90s,comedy drama
mid90s,coming-of-age film
mid90s,drama film
middle-of-nowhere,drama film
midnight-cowboy,buddy film
midnight-cowboy,drama film
midnight-cowboy,LGBTQ-related film
midnight-family,documentary film
midnight-in-paris,fantasy film
midnight-in-paris,magic realist film
midnight-in-paris,romantic comedy film
midnight-in-paris,science fiction film
midnight-in-paris,time-travel film
midnight-run,action comedy film
midnight-run,buddy film
midnight-run,crime comedy film
midnight-run,road movie
midnight-special,action film
midnight-special,drama film
midnight-special,fantasy film
midnight-special,science fiction film
midnight-special,thriller film
midnight-traveler,documentary film
midnight-traveler,war film
midnights-children,drama film
midsommar,drama film
midsommar,horror film
midsommar,thriller film
midwinter-break,drama film
mifune-the-last-samurai,epic film
migration,adventure film
migration,comedy film
migration,family film
mike-nick-nick-alice,action comedy film
mike-nick-nick-alice,buddy film
mike-wallace-is-here,documentary film
mikey-and-nicky,crime film
mikey-and-nicky,drama film
mildred-pierce,drama film
mildred-pierce,film noir
mile-end-kicks,romantic comedy film
miles-ahead,biographical film
miles-ahead,drama film
miles-ahead,musical film
milk,biographical film
milk,drama film
milk,LGBTQ-related film
millennium-actress,drama film
millennium-actress,fantasy film
millennium-mambo,drama film
millennium-mambo,romance film
millers-crossing,action film
millers-crossing,comedy drama
millers-crossing,comedy film
millers-crossing,crime drama film
millers-crossing,crime film
millers-crossing,crime thriller film
millers-crossing,drama film
millers-crossing,film noir
millers-crossing,gangster film
millers-crossing,LGBTQ-related film
millers-crossing,mystery film
millers-crossing,neo-noir
millers-crossing,suspense film
millers-crossing,thriller film
million-dollar-baby,boxing film
million-dollar-baby,buddy film
million-dollar-baby,drama film
millions,children's film
millions,Christmas film
millions,comedy drama
millions,crime film
millions,drama film
millions,science fiction film
mimic,horror film
mimic,monster film
mimic,science fiction film
mimic,science fiction horror film
mimic,thriller film
minari,drama film
mindhorn,comedy film
mindhunters,action film
mindhunters,crime thriller film
mindhunters,horror film
mindhunters,slasher film
mindhunters,thriller film
minding-the-gap,documentary film
minions,children's film
minions,comedy film
minions,heist film
minions-and-monsters,comedy film
minions-and-monsters,monster film
minions-the-rise-of-gru,action film
minions-the-rise-of-gru,comedy film
minions-the-rise-of-gru,family film
minority-report,action film
minority-report,dystopian film
minority-report,science fiction film
minority-report,thriller film
miracle-in-milan,cinematic fairy tale
miracle-in-milan,comedy film
miracle-in-milan,drama film
miracle-in-milan,fantasy film
miracle-mile,disaster film
miracle-mile,drama film
miracle-mile,political thriller film
miracle-mile,romance film
miracle-mile,science fiction film
miracle-on-34th-street,Christmas film
miracle-on-34th-street,comedy film
miracle-on-34th-street,drama film
miracle-on-34th-street,fantasy film
mirai,drama film
mirai,time-travel film
miroirs-no-3,drama film
mirrors,splatter film
misbehaviour,drama film
misericordia,comedy drama
misericordia,crime film
misery,crime film
misery,drama film
misery,horror film
misery,mystery film
misery,psychological horror film
misery,psychological thriller film
misery,thriller film
mishima-a-life-in-four-chapters,biographical film
mishima-a-life-in-four-chapters,drama film
mishima-a-life-in-four-chapters,erotic film
mishima-a-life-in-four-chapters,LGBTQ-related film
miss-americana,documentary film
miss-bala,action film
miss-bala,drama film
miss-bala,thriller film
miss-congeniality,comedy film
miss-congeniality,crime film
miss-hokusai,historical film
miss-julie-2014,drama film
miss-juneteenth,drama film
miss-peregrines-home-for-peculiar-children,adventure film
miss-peregrines-home-for-peculiar-children,fantasy film
miss-peregrines-home-for-peculiar-children,time-travel film
miss-sharon-jones!,documentary film
miss-sharon-jones!,soul
miss-sloane,drama film
miss-stevens,comedy film
miss-stevens,drama film
miss-stevens,LGBTQ-related film
miss-you-already,comedy drama
miss-you-already,drama film
miss-you-already,romantic comedy film
miss-you-love-you,drama film
missing,biographical film
missing,drama film
missing,thriller film
missing-2023,drama film
missing-2023,mystery film
missing-2023,screenlife
missing-2023,thriller film
missing-link,adventure film
missing-link,comedy film
mission-impossible,action film
mission-impossible,heist film
mission-impossible,spy film
mission-impossible,thriller film
mission-impossible---ghost-protocol,action film
mission-impossible---ghost-protocol,spy film
mission-impossible---ghost-protocol,thriller film
mission-impossible---rogue-nation,action film
mission-impossible---rogue-nation,thriller film
mission-impossible-fallout,action film
mission-impossible-fallout,adventure film
mission-impossible-fallout,spy film
mission-impossible-fallout,thriller film
mission-impossible-ii,action film
mission-impossible-ii,spy film
mission-impossible-ii,thriller film
mission-impossible-iii,action film
mission-impossible-iii,adventure film
mission-impossible-iii,spy film
mission-impossible-iii,thriller film
mission-impossible-the-final-reckoning,action film
mission-impossible-the-final-reckoning,spy film
mission-to-mars,action film
mission-to-mars,adventure film
mission-to-mars,science fiction film
mission-to-mars,thriller film
mississippi-burning,crime film
mississippi-burning,drama film
mississippi-grind,buddy film
mississippi-grind,comedy drama
mississippi-grind,drama film
mississippi-masala,drama film
mississippi-masala,romance film
mistaken-for-strangers,documentary film
mistaken-for-strangers,musical film
mister-organ,documentary film
mister-roberts,comedy film
mister-roberts,drama film
mister-roberts,war film
mistress-america,screwball comedy film
mlkfbi,documentary film
moana,action film
moana,adventure film
moana,comedy drama
moana,comedy film
moana,musical film
moana-2,adventure film
moana-2,family film
moana-2,fantasy film
moana-2,musical film
moby-dick,adventure film
moby-dick,drama film
moby-dick,monster film
moebius,drama film
moffie,drama film
moffie,LGBTQ-related film
mogul-mowgli,drama film
mogul-mowgli,music-themed film
mohawk,action film
mohawk,thriller film
mollys-game,biographical film
mollys-game,drama film
mom-and-dad,horror film
mom-and-dad,thriller film
mona-lisa,crime film
mona-lisa,drama film
mona-lisa,LGBTQ-related film
mona-lisa,romance film
mona-lisa-and-the-blood-moon,fantasy film
mona-lisa-and-the-blood-moon,thriller film
moneyball,biographical film
moneyball,drama film
moneyball,sport film
mongol-the-rise-of-genghis-khan,biographical film
mongol-the-rise-of-genghis-khan,drama film
mongol-the-rise-of-genghis-khan,historical film
mongol-the-rise-of-genghis-khan,war film
monica,drama film
monkey-business,comedy film
monkey-kingdom,documentary film
monkey-man,action film
monkey-man,thriller film
monkey-shines,comedy horror film
monkey-shines,drama film
monkey-shines,fantasy film
monkey-shines,horror film
monkey-shines,natural horror film
monkey-shines,psychological drama film
monkey-shines,psychological horror film
monkey-shines,psychological thriller film
monkey-shines,science fiction film
monkey-shines,science fiction horror film
monkey-shines,slasher film
monkey-shines,suspense film
monkey-shines,thriller film
monos,drama film
monos,war film
monrovia-indiana,documentary film
monsieur-hulots-holiday,comedy film
monsieur-ibrahim,comedy film
monsieur-ibrahim,drama film
monsieur-lazhar,comedy film
monsieur-lazhar,drama film
monsoon,drama film
monsoon,LGBTQ-related film
monsoon-wedding,drama film
monsoon-wedding,romantic comedy
monster,biographical film
monster,crime film
monster,drama film
monster,female buddy film
monster,LGBTQ-related film
monster-2023,coming-of-age film
monster-2023,drama film
monster-2023,LGBTQ-related film
monster-2023,thriller film
monster-house,children's film
monster-house,comedy horror
monster-house,detective film
monster-house,family film
monster-house,fantasy film
monster-house,ghost film
monster-house,horror film
monster-house,independent film
monster-house,thriller film
monster-in-law,romantic comedy
monsters,adventure film
monsters,drama film
monsters,monster film
monsters,science fiction film
monsters-and-men,drama film
monsters-ball,drama film
monsters-ball,melodrama
monsters-ball,romance film
monsters-inc,buddy film
monsters-inc,children's film
monsters-inc,comedy film
monsters-inc,fantasy film
monsters-inc,monster film
monsters-university,children's film
monsters-university,comedy film
monsters-university,fantasy film
monsters-university,monster film
monte-carlo,family film
monte-carlo,romantic comedy film
monty-python-and-the-holy-grail,adventure film
monty-python-and-the-holy-grail,comedy film
monty-python-and-the-holy-grail,fantasy film
monty-python-and-the-holy-grail,knight film
monty-python-and-the-holy-grail,parody film
monty-python-and-the-holy-grail,period drama film
monty-pythons-life-of-brian,comedy film
monty-pythons-life-of-brian,parody film
monty-pythons-life-of-brian,religious satire
moolaade,drama film
moonage-daydream,documentary film
moonlight-2016,coming-of-age film
moonlight-2016,drama film
moonlight-2016,LGBTQ-related film
moonraker,action film
moonraker,adventure film
moonraker,science fiction action film
moonraker,speculative fiction film
moonraker,spy film
moonraker,thriller film
moonrise-kingdom,comedy drama
moonrise-kingdom,drama film
moonrise-kingdom,romantic comedy
moonrise-kingdom,teen film
moonrise-kingdom,tragicomedy
moonshot,romantic comedy
moonshot,science fiction film
moonstruck,romantic comedy
more-than-ever,drama film
more-than-honey,documentary film
morning-glory,comedy film
morning-glory,drama film
morning-glory,romantic comedy
morris-from-america,comedy film
morris-from-america,drama film
mortal-kombat,action film
mortal-kombat,adventure film
mortal-kombat,fantasy film
mortal-kombat,martial arts film
mortal-kombat,ninja film
mortal-kombat-annihilation,action film
mortal-kombat-annihilation,fantasy film
mortal-kombat-annihilation,martial arts film
mortal-kombat-annihilation,ninja film
morvern-callar,drama film
morvern-callar,psychological drama film
most-beautiful-island,drama film
most-wanted,crime film
mostly-martha,drama film
mostly-martha,romantic comedy
motel-destino,drama film
motel-destino,LGBTQ-related film
motel-destino,thriller film
mother,drama film
mother,mystery film
mother-1997,comedy drama
mother-and-child,drama film
mother-couch,comedy film
mother-couch,drama film
mother-mary,drama film
mother-mary,musical film
mother-of-flies,horror film
mother!,drama film
mother!,horror film
mother!,mystery film
mother!,thriller film
mothering-sunday,drama film
motherless-brooklyn,crime film
motherless-brooklyn,drama film
motherless-brooklyn,mystery film
motor-city,action film
motor-city,thriller film
moulin-rouge!,dance film
moulin-rouge!,drama film
moulin-rouge!,melodrama
moulin-rouge!,musical film
moulin-rouge!,romance film
mountain-patrol,action film
mountain-patrol,drama film
mountainhead,drama film
mountainhead,satirical film
mountains,fiction film
mountains-may-depart,drama film
mousehunt,comedy film
mousehunt,family film
mousehunt,fantasy film
moviepass-moviecrash,documentary film
mozarts-sister,biographical film
mozarts-sister,drama film
mr-bachmann-and-his-class,documentary film
mr-brooks,drama film
mr-death-the-rise-and-fall-of-fred-a-leuchter-jr,biographical film
mr-death-the-rise-and-fall-of-fred-a-leuchter-jr,documentary film
mr-death-the-rise-and-fall-of-fred-a-leuchter-jr,drama film
mr-deeds,comedy film
mr-deeds,romantic comedy film
mr-holmes,crime film
mr-holmes,drama film
mr-holmes,mystery film
mr-jones-2019,biographical film
mr-jones-2019,drama film
mr-jones-2019,political film
mr-jones-2019,thriller film
mr-mrs-bridge,drama film
mr-mrs-smith,action film
mr-mrs-smith,romantic comedy film
mr-mrs-smith,screwball comedy film
mr-nice,biographical film
mr-nice,comedy drama
mr-nice,crime film
mr-nice,drama film
mr-nobody,arthouse science fiction film
mr-nobody,comedy film
mr-nobody,drama film
mr-nobody,fantasy film
mr-nobody,romance film
mr-nobody,science fiction film
mr-nobody-against-putin,documentary film
mr-peabody-sherman,adventure film
mr-peabody-sherman,buddy film
mr-peabody-sherman,children's film
mr-peabody-sherman,comedy film
mr-peabody-sherman,family film
mr-peabody-sherman,fantasy film
mr-peabody-sherman,science fiction comedy
mr-peabody-sherman,science fiction film
mr-peabody-sherman,time-travel film
mr-poppers-penguins,comedy film
mr-poppers-penguins,family film
mr-roosevelt,comedy film
mr-smith-goes-to-washington,comedy film
mr-smith-goes-to-washington,drama film
mr-smith-goes-to-washington,political film
mr-turner,biographical film
mr-turner,drama film
mrs-doubtfire,comedy drama
mrs-doubtfire,drama film
mrs-doubtfire,LGBTQ-related film
mrs-doubtfire,screwball comedy film
mrs-harris-goes-to-paris,drama film
mrs-henderson-presents,biographical film
mrs-henderson-presents,comedy drama
mrs-henderson-presents,comedy film
mrs-miniver,drama film
mrs-miniver,propaganda film
mrs-miniver,romance film
mrs-miniver,war film
much-ado-about-nothing,romantic comedy
much-ado-about-nothing-1993,romantic comedy
mud,coming-of-age film
mud,drama film
mudbound,drama film
mudbound,war film
mufasa-the-lion-king,adventure film
mufasa-the-lion-king,drama film
mufasa-the-lion-king,family film
mufasa-the-lion-king,musical film
mugabe-and-the-white-african,documentary film
mulan,adventure film
mulan,comedy drama
mulan,family film
mulan,fantasy film
mulan,martial arts film
mulan,musical film
mulan-2020,action film
mulan-2020,adventure film
mulan-2020,drama film
mulan-2020,war film
mulholland-dr,art film
mulholland-dr,crime drama film
mulholland-dr,crime film
mulholland-dr,crime thriller film
mulholland-dr,drama film
mulholland-dr,experimental film
mulholland-dr,fantasy film
mulholland-dr,horror film
mulholland-dr,independent film
mulholland-dr,LGBTQ-related film
mulholland-dr,mystery film
mulholland-dr,neo-noir
mulholland-dr,psychological drama film
mulholland-dr,psychological horror film
mulholland-dr,psychological thriller film
mulholland-dr,romance film
mulholland-dr,surrealist film
mulholland-dr,suspense film
mulholland-dr,thriller film
munich,drama film
munich,political thriller film
munich,spy film
muppets-most-wanted,comedy film
muppets-most-wanted,fantasy film
muppets-most-wanted,heist film
muppets-most-wanted,musical film
muppets-most-wanted,mystery film
muppets-most-wanted,science fiction film
murder-on-the-orient-express-1974,crime film
murder-on-the-orient-express-1974,drama film
murder-on-the-orient-express-1974,mystery film
murderball,documentary film
murina,drama film
muscle-shoals,documentary film
museo,crime film
museo,drama film
museum-hours,drama film
music-2023,drama film
music-by-john-williams,documentary film
musica,coming-of-age film
musica,romantic comedy film
mustang,coming-of-age film
mustang,drama film
mustang,independent film
mutiny-on-the-bounty,adventure film
mutiny-on-the-bounty,historical film
mutiny-on-the-bounty,trial film
my-afternoons-with-margueritte,comedy drama
my-afternoons-with-margueritte,comedy film
my-afternoons-with-margueritte,tragicomedy
my-architect,documentary film
my-beautiful-laundrette,comedy drama
my-beautiful-laundrette,drama film
my-beautiful-laundrette,LGBTQ-related film
my-beautiful-laundrette,romantic comedy
my-best-friends-exorcism,horror film
my-best-friends-wedding,romantic comedy
my-big-night,comedy film
my-blind-brother,comedy drama
my-blind-brother,comedy film
my-blind-brother,drama film
my-blind-brother,romance film
my-bloody-valentine,horror film
my-bloody-valentine,slasher film
my-blueberry-nights,drama film
my-blueberry-nights,road movie
my-blueberry-nights,romance film
my-brother-the-devil,crime film
my-brother-the-devil,drama film
my-brother-the-devil,LGBTQ-related film
my-country-my-country,documentary film
my-cousin-rachel,drama film
my-cousin-rachel,melodrama
my-cousin-vinny,comedy film
my-cousin-vinny,trial film
my-dead-friend-zoe,comedy film
my-dead-friend-zoe,drama film
my-dinner-with-andre,comedy drama
my-dinner-with-andre,drama film
my-dog-tulip,independent film
my-dog-tulip,LGBTQ-related film
my-entire-high-school-sinking-into-the-sea,comedy film
my-entire-high-school-sinking-into-the-sea,drama film
my-fair-lady,drama film
my-fair-lady,musical film
my-fair-lady,romance film
my-fair-lady,romantic comedy film
my-fathers-dragon,adventure film
my-fathers-dragon,children's film
my-fathers-dragon,fantasy
my-fathers-shadow,drama film
my-friend-dahmer,biographical film
my-friend-dahmer,drama film
my-friend-dahmer,thriller film
my-golden-days,drama film
my-happy-family,drama film
my-hero-academia-heroes-rising,action anime and manga
my-hero-academia-heroes-rising,superhero film
my-journey-through-french-cinema,documentary film
my-joy,drama film
my-joy,road movie
my-king,drama film
my-left-foot,biographical film
my-left-foot,drama film
my-left-foot,film based on book
my-life-as-a-dog,children's film
my-life-as-a-dog,comedy drama
my-life-as-a-zucchini,comedy drama
my-little-sister,drama film
my-man-godfrey,romantic comedy
my-mom-jayne,documentary film
my-name-is-khan,action film
my-name-is-khan,crime film
my-name-is-khan,crime thriller film
my-name-is-khan,drama film
my-name-is-khan,epic film
my-name-is-khan,mystery film
my-name-is-khan,romance film
my-name-is-khan,social film
my-name-is-khan,suspense film
my-name-is-khan,thriller film
my-neighbor-totoro,children's film
my-neighbor-totoro,drama anime and manga
my-neighbor-totoro,fantasy anime and manga
my-neighbor-totoro,fantasy film
my-neighbor-totoro,supernatural anime
my-old-ass,comedy film
my-old-ass,lesbian-related film
my-own-private-idaho,buddy film
my-own-private-idaho,drama film
my-own-private-idaho,independent film
my-own-private-idaho,LGBTQ-related film
my-own-private-idaho,road movie
my-penguin-friend,adventure film
my-penguin-friend,children's film
my-penguin-friend,drama film
my-perestroika,documentary film
my-scientology-movie,documentary film
my-sisters-keeper,drama film
my-sisters-keeper,flashback film
my-soul-to-take,drama film
my-soul-to-take,horror film
my-soul-to-take,mystery film
my-soul-to-take,slasher film
my-summer-of-love,coming-of-age film
my-summer-of-love,drama film
my-summer-of-love,female buddy film
my-summer-of-love,LGBTQ-related film
my-super-ex-girlfriend,fantasy film
my-super-ex-girlfriend,romantic comedy
my-uncle,comedy film
my-undesirable-friends-part-i---last-air-in-moscow,documentary film
my-voyage-to-italy,documentary film
my-week-with-marilyn,biographical film
my-week-with-marilyn,drama film
my-winnipeg,documentary film
mysteries-of-lisbon,drama film
mysterious-skin,coming-of-age film
mysterious-skin,drama film
mysterious-skin,LGBTQ-related film
mysterious-skin,teen film
mystery-men,action comedy film
mystery-men,parody film
mystery-men,superhero film
mystery-train,comedy film
mystery-train,crime film
mystery-train,drama film
mystic-river,crime thriller film
mystic-river,drama film
mystic-river,mystery film
mystic-river,neo-noir
mystic-river,psychological thriller film
mystify-michael-hutchence,documentary film
nacho-libre,buddy film
nacho-libre,comedy film
naked,black comedy film
naked,drama film
naked-gun-33-13-the-final-insult,prison film
naked-gun-33-13-the-final-insult,screwball comedy film
naked-lunch,arthouse science fiction film
naked-lunch,drama film
naked-lunch,experimental film
naked-lunch,horror film
naked-lunch,LGBTQ-related film
naked-lunch,monster film
naked-lunch,mystery film
naked-lunch,science fiction film
naked-lunch,science fiction horror film
naked-lunch,surrealist film
naked-lunch,thriller film
nam-june-paik-moon-is-the-oldest-tv,documentary film
nancy,drama film
nancy,mystery film
nanking,documentary film
nanny,horror film
nanny-mcphee,children's film
nanny-mcphee,fantasy film
napoleon-2023,adventure film
napoleon-2023,biographical film
napoleon-2023,drama film
napoleon-2023,epic film
napoleon-2023,historical film
napoleon-2023,war film
napoleon-dynamite,comedy film
napoleon-dynamite,coming-of-age film
napoleon-dynamite,teen film
narc,crime thriller film
narc,drama film
narc,hood film
narc,mystery film
narco-cultura,documentary film
nas-time-is-illmatic,documentary film
nashville,comedy drama
nashville,drama film
nashville,musical film
nasty-baby,drama film
nasty-baby,LGBTQ-related film
nathalie,drama film
national-anthem,drama film
national-gallery,documentary film
national-lampoons-vacation,comedy film
national-treasure-book-of-secrets,action film
national-treasure-book-of-secrets,adventure film
national-treasure-book-of-secrets,thriller film
national-treasure-book-of-secrets,treasure hunt film
native-son,drama film
natural-born-killers,action film
natural-born-killers,crime film
natural-born-killers,drama film
natural-born-killers,melodrama
natural-born-killers,mystery film
natural-born-killers,prison film
natural-born-killers,rape and revenge film
natural-born-killers,satire
nausicaa-of-the-valley-of-the-wind,action anime
nausicaa-of-the-valley-of-the-wind,adventure anime
nausicaa-of-the-valley-of-the-wind,adventure anime and manga
nausicaa-of-the-valley-of-the-wind,adventure film
nausicaa-of-the-valley-of-the-wind,anti-war film
nausicaa-of-the-valley-of-the-wind,fantasy anime
nausicaa-of-the-valley-of-the-wind,fantasy anime and manga
nausicaa-of-the-valley-of-the-wind,fantasy film
nausicaa-of-the-valley-of-the-wind,post-apocalyptic anime
nausicaa-of-the-valley-of-the-wind,post-apocalyptic film
nausicaa-of-the-valley-of-the-wind,science fiction anime
navalny,biographical film
navalny,documentary film
ne-zha-2,action film
ne-zha-2,adventure film
ne-zha-2,drama film
ne-zha-2,fantasy film
near-dark,horror film
near-dark,vampire film
near-dark,Western film
nebraska,comedy drama
nebraska,drama film
ned-rifle,drama film
neighboring-sounds,drama film
neighboring-sounds,thriller film
neighbors,comedy film
neighbors-2-sorority-rising,comedy film
neighbors-2-sorority-rising,LGBTQ-related film
neil-young-heart-of-gold,music documentary film
neil-young-heart-of-gold,rockumentary
neil-young-journeys,documentary film
neon-bull,drama film
neptune-frost,Afrofuturism
neptune-frost,musical film
neruda,biographical film
neruda,drama film
nerve,action film
nerve,adventure film
nerve,mystery film
nerve,techno-thriller
nerve,thriller film
network,black comedy film
network,comedy drama
network,comedy film
network,drama film
network,romantic comedy film
network,satirical film
never-back-down,action film
never-back-down,coming-of-age film
never-back-down,drama film
never-back-down,martial arts film
never-back-down,teen film
never-goin-back,comedy drama
never-gonna-snow-again,comedy drama
never-grow-old,action film
never-grow-old,drama film
never-here,drama film
never-here,thriller film
never-let-me-go,drama film
never-let-me-go,dystopian film
never-let-me-go,romance film
never-let-me-go,science fiction film
never-look-away,drama film
never-rarely-sometimes-always,drama film
never-say-never-again,action film
never-say-never-again,spy film
new-order,drama film
new-order,political film
new-order,thriller film
new-years-eve,Christmas film
new-years-eve,romantic comedy
new-york-doll,biographical film
new-york-doll,independent film
new-york-doll,rockumentary
news-of-the-world,drama film
news-of-the-world,Western film
newtown,documentary film
next-exit,comedy film
next-exit,mystery film
next-exit,romance film
next-exit,science fiction film
next-goal-wins,association football film
next-goal-wins,documentary film
next-stop-wonderland,comedy drama
next-stop-wonderland,romantic comedy
niagara,drama film
niagara,film noir
nicholas-nickleby,coming-of-age film
nicholas-nickleby,drama film
nick-and-norahs-infinite-playlist,comedy drama
nick-and-norahs-infinite-playlist,coming-of-age film
nick-and-norahs-infinite-playlist,LGBTQ-related film
nick-and-norahs-infinite-playlist,romantic comedy film
nick-and-norahs-infinite-playlist,teen film
nickel-boys,drama film
nickel-boys,historical drama
nico-1988,biographical film
nico-1988,musical film
night-always-comes,crime film
night-always-comes,drama film
night-always-comes,thriller film
night-at-the-museum,action comedy film
night-at-the-museum,fantasy film
night-call,action thriller
night-comes-on,drama film
night-moves,drama film
night-moves,thriller film
night-moves-1975,crime thriller film
night-moves-1975,mystery film
night-moves-1975,neo-noir
night-of-the-kings,prison film
night-of-the-living-dead,drama film
night-of-the-living-dead,exploitation film
night-of-the-living-dead,Gothic film
night-of-the-living-dead,gothic horror film
night-of-the-living-dead,horror film
night-of-the-living-dead,independent film
night-of-the-living-dead,mystery film
night-of-the-living-dead,science fiction film
night-of-the-living-dead,science fiction horror film
night-of-the-living-dead,splatter film
night-of-the-living-dead,suspense film
night-of-the-living-dead,thriller film
night-of-the-living-dead,zombie film
night-will-fall,documentary film
nightbitch,comedy film
nightbitch,horror film
nightcrawler,drama film
nightcrawler,neo-noir
nightcrawler,thriller film
nightmare-alley,drama film
nightmare-alley,horror film
nightmare-alley,neo-noir
nightmare-alley,psychological drama film
nightmare-alley,psychological horror film
nightmare-alley,psychological thriller film
nightmare-alley,thriller film
nightmare-alley-1947,crime film
nightmare-alley-1947,drama film
nightmare-alley-1947,film noir
nightmare-cinema,anthology film
nightmare-cinema,horror film
nil-by-mouth,drama film
nimona,action film
nimona,adventure film
nimona,comedy film
nimona,family film
nimona,fantasy film
nimona,LGBTQ-related film
nimona,science fiction film
nina-forever,comedy horror
nina-forever,horror film
nine-days,fantasy film
nine-lives,drama film
nine-queens,crime film
nine-queens,drama film
nine-queens,heist film
nirvanna-the-band-the-show-the-movie,adventure film
nirvanna-the-band-the-show-the-movie,mockumentary
nirvanna-the-band-the-show-the-movie,time-travel film
nitram,drama film
nitram,psychological film
nixon,biographical film
nixon,drama film
no,drama film
no,historical film
no-bears,drama film
no-country-for-old-men,action film
no-country-for-old-men,adventure film
no-country-for-old-men,contemporary Western film
no-country-for-old-men,crime drama film
no-country-for-old-men,crime film
no-country-for-old-men,crime thriller film
no-country-for-old-men,drama film
no-country-for-old-men,gangster film
no-country-for-old-men,mystery film
no-country-for-old-men,neo-noir
no-country-for-old-men,psychological drama film
no-country-for-old-men,psychological thriller film
no-country-for-old-men,suspense film
no-country-for-old-men,thriller film
no-country-for-old-men,Western film
no-date-no-signature,drama film
no-date-no-signature,mystery film
no-date-no-signature,thriller film
no-end-in-sight,documentary film
no-end-in-sight,war film
no-hard-feelings,comedy drama
no-hard-feelings,comedy film
no-hard-feelings,romantic comedy
no-home-movie,documentary film
no-man-of-god,crime film
no-man-of-god,mystery film
no-mans-land,comedy film
no-mans-land,drama film
no-mans-land,war film
no-one-knows-about-persian-cats,drama film
no-one-will-save-you,horror film
no-one-will-save-you,science fiction film
no-one-will-save-you,thriller film
no-other-choice,black comedy film
no-other-choice,drama film
no-other-choice,thriller film
no-other-land,documentary film
no-place-on-earth,documentary film
no-strings-attached,drama film
no-strings-attached,romantic comedy
no-sudden-move,crime film
no-sudden-move,heist film
no-sudden-move,police film
no-time-to-die,action film
no-time-to-die,adventure film
no-time-to-die,spy film
no-time-to-die,thriller film
no-way-out,action film
no-way-out,crime film
no-way-out,LGBTQ-related film
no-way-out,political thriller film
noah,adventure film
noah,apocalyptic film
noah,drama film
noah,epic film
noah,fantasy film
noah,speculative fiction film
noah,sword-and-sandal film
noble,drama film
nobody,action film
nobody,black comedy film
nobody,comedy film
nobody,thriller film
nobody,vigilante film
nobody-2,action film
nobody-2,black comedy film
nobody-2,thriller film
nobody-knows,drama film
nobody-speak-trials-of-the-free-press,documentary film
nobodys-fool,comedy film
nobodys-fool,drama film
nocturama,drama film
nocturama,thriller film
nocturnal-animals,drama film
nocturnal-animals,rape and revenge film
nocturne,coming-of-age film
nocturne,drama film
nocturne,horror film
nomadland,drama film
nomadland,road movie
non-fiction,comedy film
non-fiction,drama film
non-fiction,romance film
non-stop-2014,action film
non-stop-2014,detective film
non-stop-2014,disaster film
non-stop-2014,mystery film
non-stop-2014,thriller film
nonnas,biographical film
nonnas,comedy drama
nope,horror film
nope,mystery film
nope,science fiction film
nope,thriller film
norbit,LGBTQ-related film
norbit,romantic comedy
norbit,slapstick
normal,crime film
norman-the-moderate-rise-and-tragic-fall-of-a-new-york-fixer,drama film
norte-the-end-of-history,crime film
norte-the-end-of-history,prison film
north-by-northwest,action film
north-by-northwest,adventure film
north-by-northwest,crime drama film
north-by-northwest,crime film
north-by-northwest,crime thriller film
north-by-northwest,drama film
north-by-northwest,mystery film
north-by-northwest,spy film
north-by-northwest,thriller film
north-country,drama film
north-dallas-forty,American football film
north-dallas-forty,comedy drama
north-face,adventure film
north-face,biographical film
north-face,drama film
north-sea-texas,drama film
north-sea-texas,LGBTQ-related film
north-sea-texas,romance film
northern-soul,drama film
norwegian-wood,coming-of-age film
norwegian-wood,drama film
norwegian-wood,romance film
nosferatu-2024,drama film
nosferatu-2024,fantasy film
nosferatu-2024,horror film
nosferatu-2024,vampire film
nosferatu-the-vampyre,drama film
nosferatu-the-vampyre,vampire film
nossa-chape,documentary film
nostalgia-2022,drama film
nostalgia-for-the-light,documentary film
not-another-teen-movie,high school film
not-another-teen-movie,teen film
not-fade-away,drama film
not-okay,comedy film
not-okay,drama film
not-one-less,drama film
not-quite-hollywood-the-wild-untold-story-of-ozploitation!,documentary film
not-quite-hollywood-the-wild-untold-story-of-ozploitation!,exploitation film
notes-on-a-scandal,drama film
notes-on-a-scandal,LGBTQ-related film
nothing-compares,biographical film
nothing-compares,documentary film
nothing-compares,musical film
nothing-lasts-forever,documentary film
nothing-sacred,comedy drama
nothing-sacred,romantic comedy
notorious-1946,crime drama film
notorious-1946,crime film
notorious-1946,crime thriller film
notorious-1946,drama film
notorious-1946,film noir
notorious-1946,mystery film
notorious-1946,political thriller film
notorious-1946,romance film
notorious-1946,spy film
notorious-1946,thriller film
notorious-1946,war film
notre-musique,drama film
notting-hill,comedy drama
notting-hill,romantic comedy film
nouvelle-vague,drama film
nouvelle-vague,metacinema
novitiate,drama film
novitiate,lesbian-related film
novitiate,LGBTQ-related film
novitiate,nunsploitation
novocaine-2025,action film
novocaine-2025,action thriller
novocaine-2025,comedy film
novocaine-2025,thriller film
now-voyager,drama film
now-voyager,romance film
nowhere-boy,biographical film
nowhere-boy,drama film
nowhere-boy,musical film
nowhere-in-africa,drama film
nowhere-special,drama film
nuremberg,drama film
nurse-betty,comedy film
nurse-betty,crime film
nurse-betty,drama film
nurse-betty,LGBTQ-related film
nyad,biographical sports film
o-brother-where-art-thou,buddy film
o-brother-where-art-thou,comedy film
o-brother-where-art-thou,crime comedy film
o-brother-where-art-thou,crime drama film
o-brother-where-art-thou,crime film
o-brother-where-art-thou,crime thriller film
o-brother-where-art-thou,drama film
o-brother-where-art-thou,musical film
o-brother-where-art-thou,road movie
o-brother-where-art-thou,thriller film
o-brother-where-art-thou,treasure hunt film
oasis,drama film
oasis,romance film
oasis-knebworth-1996,concert film
oasis-knebworth-1996,documentary film
oasis-supersonic,documentary film
obex,science fiction film
obit,documentary film
observe-and-report,comedy film
observe-and-report,crime film
observe-and-report,drama film
obsessed,drama film
obsessed,thriller film
obvious-child,comedy drama
obvious-child,drama film
obvious-child,romantic comedy film
occupied-city,documentary film
oceans,documentary film
oceans,nature documentary
oceans-eleven,action film
oceans-eleven,adventure film
oceans-eleven,comedy film
oceans-eleven,heist film
oceans-eleven,mystery film
oceans-thirteen,action film
oceans-thirteen,comedy film
oceans-thirteen,heist film
oceans-twelve,action film
oceans-twelve,comedy film
oceans-twelve,detective film
oceans-twelve,heist film
oceans-twelve,mystery film
october-sky,biographical film
october-sky,children's film
october-sky,coming-of-age film
october-sky,drama film
october-sky,family film
october-sky,teen film
octopussy,action film
octopussy,adventure film
octopussy,spy film
octopussy,thriller film
oculus,ghost film
oculus,horror film
oculus,psychological horror fiction
oculus,supernatural fiction
odd-man-out,drama film
odd-man-out,film noir
oddity,horror film
oddity,supernatural film
oddity,thriller film
of-an-age,drama film
of-an-age,romance film
of-fathers-and-sons,documentary film
of-gods-and-men,drama film
of-gods-and-men,historical film
of-gods-and-men,war film
of-men-and-war,documentary film
of-mice-and-men,drama film
of-mice-and-men-1992,drama film
of-mice-and-men-1992,historical drama
of-time-and-the-city,documentary film
office,comedy drama
office-space,comedy film
official-competition,comedy film
official-secrets,drama film
official-secrets,political thriller film
offside,association football film
offside,comedy film
offside,drama film
oh-canada,drama film
oh-hi!,romantic comedy film
oh-lucy!,comedy drama
ohorten,comedy film
ohorten,drama film
okja,adventure film
okja,drama film
oklahoma-city,documentary film
oklahoma!,musical film
old-dogs,buddy film
old-dogs,comedy film
old-henry,Western film
old-joy,drama film
old-school,comedy film
oldboy,action film
oldboy,drama film
oldboy,mystery film
oldboy,thriller film
olga,drama film
oliver-sacks-his-own-life,documentary film
oliver-twist-1951,drama film
oliver!,crime film
oliver!,drama film
oliver!,musical film
olmo,drama film
omaha,drama film
omar,drama film
omar,thriller film
omen,drama film
omni-loop,comedy drama
omni-loop,science fiction film
on-becoming-a-guinea-fowl,black comedy film
on-becoming-a-guinea-fowl,comedy film
on-becoming-a-guinea-fowl,drama film
on-body-and-soul,drama film
on-body-and-soul,romance film
on-chesil-beach,drama film
on-chesil-beach,melodrama
on-dangerous-ground,crime film
on-dangerous-ground,drama film
on-dangerous-ground,film noir
on-her-majestys-secret-service,action film
on-her-majestys-secret-service,adventure film
on-her-majestys-secret-service,Christmas film
on-her-majestys-secret-service,crime film
on-her-majestys-secret-service,spy film
on-her-majestys-secret-service,thriller film
on-swift-horses,drama film
on-swift-horses,romance film
on-the-adamant,documentary film
on-the-basis-of-sex,biographical film
on-the-basis-of-sex,drama film
on-the-beach-at-night-alone,drama film
on-the-count-of-three,comedy film
on-the-ice,drama film
on-the-job,action film
on-the-job,crime film
on-the-job,crime thriller film
on-the-job,neo-noir
on-the-record,documentary film
on-the-road,adventure film
on-the-road,drama film
on-the-road,LGBTQ-related film
on-the-road,road movie
on-the-rocks-2020,comedy drama
on-the-ropes,boxing film
on-the-ropes,documentary film
on-the-town,musical film
on-the-waterfront,crime film
on-the-waterfront,drama film
on-the-waterfront,thriller film
once,musical film
once-upon-a-time-in-america,action film
once-upon-a-time-in-america,crime drama film
once-upon-a-time-in-america,crime film
once-upon-a-time-in-america,crime thriller film
once-upon-a-time-in-america,documentary film
once-upon-a-time-in-america,drama film
once-upon-a-time-in-america,epic film
once-upon-a-time-in-america,flashback film
once-upon-a-time-in-america,gangster film
once-upon-a-time-in-america,historical drama film
once-upon-a-time-in-america,historical film
once-upon-a-time-in-america,period drama film
once-upon-a-time-in-america,thriller film
once-upon-a-time-in-america,Western film
once-upon-a-time-in-anatolia,crime film
once-upon-a-time-in-anatolia,drama film
once-upon-a-time-in-hollywood,alternate history
once-upon-a-time-in-hollywood,alternate history film
once-upon-a-time-in-hollywood,black comedy film
once-upon-a-time-in-hollywood,comedy drama
once-upon-a-time-in-hollywood,comedy film
once-upon-a-time-in-hollywood,crime film
once-upon-a-time-in-hollywood,drama film
once-upon-a-time-in-the-west,action film
once-upon-a-time-in-the-west,drama film
once-upon-a-time-in-the-west,epic film
once-upon-a-time-in-the-west,flashback film
once-upon-a-time-in-the-west,melodrama
once-upon-a-time-in-the-west,Spaghetti Western
once-upon-a-time-in-the-west,Western film
once-were-warriors,drama film
ondine,drama film
ondine,fantasy film
ondine,romance film
one-battle-after-another,action film
one-battle-after-another,black comedy film
one-battle-after-another,comedy film
one-battle-after-another,crime film
one-battle-after-another,drama film
one-battle-after-another,thriller film
one-child-nation,documentary film
one-cut-of-the-dead,comedy film
one-cut-of-the-dead,comedy horror
one-cut-of-the-dead,horror film
one-cut-of-the-dead,zombie comedy
one-cut-of-the-dead,zombie film
one-day-2011,drama film
one-day-2011,romance film
one-day-in-september,crime film
one-day-in-september,documentary film
one-false-move,crime film
one-false-move,neo-noir
one-fine-morning,drama film
one-flew-over-the-cuckoos-nest,comedy film
one-flew-over-the-cuckoos-nest,medical drama
one-flew-over-the-cuckoos-nest,prison film
one-hour-photo,drama film
one-hour-photo,horror film
one-hour-photo,mystery film
one-hour-photo,neo-noir
one-hour-photo,thriller film
one-life,documentary film
one-life,nature documentary
one-missed-call,ghost film
one-missed-call,horror film
one-more-time-with-feeling,documentary film
one-night-in-miami,biographical film
one-night-in-miami,boxing film
one-night-in-miami,drama film
one-of-them-days,buddy film
one-of-them-days,comedy film
one-of-them-days,female buddy film
one-piece-film-red,action film
one-piece-film-red,adventure film
one-piece-film-red,comedy film
one-piece-film-red,fantasy film
one-to-one-john-yoko,documentary film
one-two-three,comedy film
one-week-and-a-day,drama film
ong-bak,action film
ong-bak,crime film
ong-bak,martial arts film
ong-bak,thriller film
only-angels-have-wings,drama film
only-human,comedy film
only-human,romance film
only-lovers-left-alive,drama film
only-lovers-left-alive,musical film
only-lovers-left-alive,romance film
only-lovers-left-alive,vampire film
only-the-animals,crime film
only-the-animals,thriller film
only-the-brave,action film
only-the-brave,biographical film
only-the-brave,drama film
only-the-river-flows,crime film
only-the-river-flows,drama film
only-yesterday-1991,anime film
only-yesterday-1991,coming-of-age film
only-yesterday-1991,drama film
onoda-10000-nights-in-the-jungle,adventure film
onoda-10000-nights-in-the-jungle,biographical drama film
onoda-10000-nights-in-the-jungle,drama film
onoda-10000-nights-in-the-jungle,war film
onslaught,action film
onslaught,horror film
onslaught,science fiction film
onslaught,thriller film
onward,fantasy film
open-hearts,drama film
open-hearts,romance film
open-range,drama film
open-range,Western film
opening-night-1969,art film
opening-night-1969,drama film
opening-night-1969,ghost film
operation-avalanche,thriller film
operation-finale,drama film
operation-finale,historical film
operation-mincemeat,drama film
operation-mincemeat,war film
operation-varsity-blues-the-college-admissions-scandal,documentary film
ophelia,drama film
oppenheimer,biographical film
oppenheimer,drama film
oppenheimer,epic film
oppenheimer,historical film
oppenheimer,thriller film
oranges-and-sunshine,drama film
ordinary-angels,drama film
ordinary-love,drama film
ordinary-love,romance film
ordinary-people,drama film
orgasm-inc,documentary film
origin,drama film
orion-and-the-dark,adventure film
orion-and-the-dark,comedy film
orion-and-the-dark,fantasy film
orlando,drama film
orlando,fantasy film
orlando,LGBTQ-related film
orlando-my-political-biography,documentary film
orwell-2-2-5,documentary film
osama,drama film
oslo-august-31st,drama film
osmosis-jones,action film
osmosis-jones,buddy cop film
osmosis-jones,buddy film
osmosis-jones,children's film
osmosis-jones,comedy film
oss-117---lost-in-rio,comedy film
oss-117---lost-in-rio,spy film
other-people,comedy drama
other-people,drama film
other-people,LGBTQ-related film
other-peoples-children-2022,comedy drama
ouija-origin-of-evil,ghost film
ouija-origin-of-evil,horror film
ouija-origin-of-evil,supernatural fiction
our-body,documentary film
our-children,drama film
our-children,flashback film
our-daily-bread,documentary film
our-father-the-devil,drama film
our-father-the-devil,thriller film
our-friend,drama film
our-idiot-brother,comedy film
our-idiot-brother,drama film
our-idiot-brother,LGBTQ-related film
our-kind-of-traitor,thriller film
our-little-sister,drama film
our-little-sister,family film
our-nixon,documentary film
our-souls-at-night,drama film
our-souls-at-night,romance film
our-time-will-come,drama film
our-time-will-come,historical film
our-time-will-come,spy film
our-time-will-come,war film
out-in-the-dark,drama film
out-in-the-dark,LGBTQ-related film
out-in-the-dark,romantic drama
out-of-africa,adventure film
out-of-africa,biographical film
out-of-africa,drama film
out-of-africa,romance film
out-of-sight,action film
out-of-sight,crime film
out-of-sight,heist film
out-of-sight,prison film
out-of-sight,romantic comedy film
out-of-the-blue-1980,drama film
out-of-the-furnace,drama film
out-of-the-furnace,prison film
out-of-the-furnace,thriller film
out-of-the-past,crime film
out-of-the-past,drama film
out-of-the-past,film noir
out-of-time,crime film
out-of-time,crime thriller film
out-of-time,drama film
out-stealing-horses,drama film
outbreak,disaster film
outbreak,drama film
outbreak,thriller film
outlander,action film
outlander,fantasy film
outlander,medieval film
outlander,science fiction film
outlander,sword-and-sandal film
outlaw-king,action film
outlaw-king,adventure film
outlaw-king,biographical film
outlaw-king,drama film
outlaw-king,historical film
outlaw-king,medieval film
outrage-1969,action film
outrage-1969,crime film
outrage-1969,drama film
outside-in,drama film
outside-the-law,drama film
outsourced,romantic comedy
over-the-hedge,adventure film
over-the-hedge,buddy cop film
over-the-hedge,buddy film
over-the-hedge,comedy film
over-the-hedge,family film
over-the-hedge,Greatest Movie Hits
over-the-hedge,heist film
over-the-hedge,science fiction film
over-the-moon,adventure film
over-the-moon,musical film
overlord-2018,action film
overlord-2018,horror film
overlord-2018,science fiction film
overlord-2018,thriller film
overlord-2018,war film
owning-mahowny,comedy film
owning-mahowny,drama film
oxygen,drama film
oxygen,fantasy film
oxygen,survival film
oxygen,thriller film
pacific-rim,action film
pacific-rim,adventure film
pacific-rim,alien invasion
pacific-rim,apocalyptic film
pacific-rim,dystopian film
pacific-rim,speculative fiction film
pacific-rim,superhero film
pacifiction,drama film
pacifiction,thriller film
paddington,comedy film
paddington,family film
paddington-2,adventure film
paddington-2,comedy film
paddington-2,family film
paddington-in-peru,adventure film
paddington-in-peru,comedy film
paddington-in-peru,family film
paddington-in-peru,live-action/animated film
paddleton,comedy drama
paddleton,road movie
pain-and-glory,drama film
pain-and-glory,LGBTQ-related film
palestine-36,drama film
palestine-36,historical drama film
palestine-36,historical film
palestine-36,war film
palio,documentary film
palio,drama film
palio,sport film
palm-springs,comedy film
palo-alto,drama film
pamela-a-love-story,documentary film
pamela-a-love-story,romantic fiction
panic,comedy film
panic,drama film
pans-labyrinth,drama film
pans-labyrinth,fantasy film
pans-labyrinth,teen film
pans-labyrinth,war film
paper-moon,comedy film
paper-moon,drama film
paper-towns,comedy drama
paper-towns,mystery film
paper-towns,romance film
paper-towns,romantic comedy
paper-towns,teen film
paprika,cyberpunk
paprika,psychological thriller film
paprika,science fiction film
paprika,thriller film
paradise-faith,drama film
paradise-hope,drama film
paradise-love,drama film
paradise-now,crime film
paradise-now,drama film
paradise-now,thriller film
paragraph-175,documentary film
paragraph-175,LGBTQ-related film
parallel-mothers,drama film
paranoid-park,drama film
paranoid-park,independent film
paranoid-park,sport film
paranoid-park,thriller film
paranormal-activity,found footage film
paranormal-activity,horror film
paranormal-activity,thriller film
paranormal-activity-2,found footage film
paranormal-activity-2,horror film
paranormal-activity-3,found footage film
paranormal-activity-3,horror film
paranorman,adventure film
paranorman,comedy film
paranorman,comedy horror
paranorman,family film
paranorman,fantasy film
paranorman,ghost film
paranorman,zombie comedy
parasite,black comedy
parasite,comedy drama
parasite,thriller film
parched,drama film
parenthood,comedy drama
parenthood,comedy film
pariah,drama film
pariah,LGBTQ-related film
paris-0559-theo-hugo,drama film
paris-0559-theo-hugo,LGBTQ-related film
paris-0559-theo-hugo,romance film
paris-13th-district,drama film
paris-is-burning,documentary film
paris-is-burning,LGBTQ-related film
paris-is-burning,transgender film
paris-je-taime,comedy drama
paris-je-taime,comedy film
paris-je-taime,drama film
paris-je-taime,romance film
paris-je-taime,vampire film
paris-texas,drama film
parlez-moi-de-la-pluie,comedy drama
parlez-moi-de-la-pluie,drama film
particle-fever,documentary film
pasolini,biographical film
pasolini,drama film
pasolini,LGBTQ-related film
pass-over,drama film
passages,drama film
passages,LGBTQ-related film
passages,romance film
passing-strange,documentary film
past-lives,drama film
patch-adams,biographical film
patch-adams,comedy drama
patch-adams,comedy film
patch-adams,drama film
patema-inverted,dystopian film
patema-inverted,fantasy film
patema-inverted,love triangle romance
patema-inverted,science fiction film
paterson,comedy drama
paterson,comedy film
paterson,drama film
path-of-blood,documentary film
paths-of-glory,anti-war film
paths-of-glory,trial film
paths-of-glory,war film
paths-of-the-soul,art film
patrik-age-15,comedy drama
patrik-age-15,comedy film
patrik-age-15,drama film
patrik-age-15,LGBT-related television series
patrik-age-15,LGBTQ-related film
patriot-games,action film
patriot-games,crime film
patriot-games,drama film
patriot-games,political thriller film
patriot-games,spy film
patriot-games,techno-thriller
patriot-games,thriller film
patriots-day,action film
patriots-day,crime film
patriots-day,drama film
patti-cake,drama film
patti-cake,musical film
patton,biographical film
patton,drama film
patton,war film
paul,buddy film
paul,parody film
paul,science fiction comedy
paul,science fiction film
paul-blart-mall-cop,action comedy film
paul-blart-mall-cop,comedy film
paul-blart-mall-cop,heist film
paul-goodman-changed-my-life,documentary film
pauline-and-paulette,drama film
pavarotti,biographical film
pavarotti,documentary film
pavements,biographical film
pavements,concert film
pavements,experimental film
pavements,musical film
pawn-sacrifice,biographical film
pawn-sacrifice,drama film
pay-it-forward,drama film
paycheck,action film
paycheck,science fiction film
paycheck,time-travel film
peaky-blinders-the-immortal-man,crime film
peaky-blinders-the-immortal-man,drama film
peaky-blinders-the-immortal-man,epic film
pearl-2022,psychological horror fiction
pearl-2022,slasher film
pearl-harbor,drama film
pearl-harbor,romance film
pearl-harbor,war film
pearl-jam-twenty,documentary film
pearl-jam-twenty,rockumentary
pedro-paramo,drama film
pee-wees-big-holiday,road movie
peepli-live,satirical film
peggy-guggenheim-art-addict,biographical film
peggy-guggenheim-art-addict,documentary film
peggy-guggenheim-art-addict,historical film
peggy-sue-got-married,comedy film
peggy-sue-got-married,drama film
peggy-sue-got-married,fantasy film
peggy-sue-got-married,melodrama
peggy-sue-got-married,romantic comedy
peggy-sue-got-married,science fiction film
peggy-sue-got-married,time-travel film
pellet,drama film
penguins,documentary film
people-places-things,comedy film
pepe-le-moko-re-release,crime film
pepe-le-moko-re-release,drama film
pepe-le-moko-re-release,romance film
percy-jackson-the-olympians-the-lightning-thief,action film
percy-jackson-the-olympians-the-lightning-thief,adventure film
percy-jackson-the-olympians-the-lightning-thief,fantasy film
percy-jackson-the-olympians-the-lightning-thief,teen film
percy-vs-goliath,biographical film
percy-vs-goliath,drama film
perfect-blue,mystery anime
perfect-blue,police procedural film
perfect-blue,thriller anime
perfect-days,drama film
perfect-days,slice of life
permission,comedy drama
permission,comedy film
permission,LGBTQ-related film
permission,romance film
perpetrator,horror film
persepolis,adult animated film
persepolis,biographical film
persepolis,comedy drama
persepolis,coming-of-age film
persepolis,drama film
persona,art film
persona,drama film
personal-shopper,drama film
personal-shopper,ghost film
personal-shopper,horror film
personal-shopper,mystery film
personal-shopper,thriller film
pervert-park,crime film
pervert-park,documentary film
pet-sematary,horror film
pet-sematary,zombie film
pet-sematary-2019,ghost film
pet-sematary-2019,horror film
pet-sematary-2019,supernatural horror film
peter-and-the-farm,documentary film
peter-hujars-day,biographical film
peter-hujars-day,drama film
peter-hujars-day,historical film
peter-hujars-day,independent film
peter-pan-1953,children's film
peter-pan-1953,fantasy film
peter-pan-1953,musical film
peter-pan-wendy,action film
peter-pan-wendy,adventure film
peter-pan-wendy,cinematic fairy tale
peter-pan-wendy,family film
peter-pan-wendy,fantasy film
peter-pan-wendy,romance film
peter-pan-wendy,thriller film
peter-von-kant,drama film
peterloo,drama film
peterloo,historical film
petes-dragon,adventure film
petes-dragon,drama film
petes-dragon,family film
petes-dragon,fantasy film
petes-dragon,musical film
petite-maman,drama film
petrovs-flu,drama film
petrovs-flu,experimental film
peurs-du-noir,horror film
peurs-du-noir,monster film
phantasm,coming-of-age film
phantasm,fantasy film
phantasm,horror film
phantasm,science fiction film
phantasm,supernatural horror film
phantom-boy,crime film
phantom-thread,drama film
phantom-thread,romance film
phenomenon,drama film
phenomenon,fantasy film
phenomenon,romance film
phenomenon,science fiction film
phil-ochs-there-but-for-fortune,documentary film
philomena,biographical film
philomena,drama film
philomena,LGBTQ-related film
phoenix,drama film
phone-booth,action film
phone-booth,mystery film
phone-booth,psychological thriller
phone-booth,thriller film
photograph,romantic drama film
pi,arthouse science fiction film
pi,drama film
pi,horror film
pi,science fiction film
pi,thriller film
pi,unreliable narrator
pick-of-the-litter,documentary film
picnic-at-hanging-rock,coming-of-age film
picnic-at-hanging-rock,drama film
picnic-at-hanging-rock,mystery film
pictures-of-ghosts,documentary film
piece-by-piece,biographical film
piece-by-piece,musical film
pieces-of-a-woman,drama film
pieces-of-april,comedy film
pieces-of-april,drama film
piercing,comedy horror
piercing,horror film
piercing,thriller film
pieta,crime thriller film
pieta,drama film
pieta,thriller film
pig-2021,drama film
piggy,drama film
piggy,thriller film
pilgrimage,medieval film
pilgrimage,thriller film
pillion,drama film
pillion,LGBTQ-related film
pillion,romantic comedy film
pillow-talk,romantic comedy
pin-cushion,coming-of-age film
pin-cushion,drama film
pina,dance film
pina,documentary film
pina,musical film
pineapple-express,action film
pineapple-express,buddy film
pineapple-express,comedy film
pineapple-express,crime film
pineapple-express,stoner film
pink-floyd-the-wall,art film
pink-floyd-the-wall,drama film
pink-floyd-the-wall,musical film
pinocchio,children's film
pinocchio,cinematic fairy tale
pinocchio,comedy drama
pinocchio,comedy film
pinocchio,drama film
pinocchio,family film
pinocchio,fantasy film
pinocchio-1940,buddy film
pinocchio-1940,cinematic fairy tale
pinocchio-1940,coming-of-age film
pinocchio-1940,fantasy film
pinocchio-1940,musical film
pinocchio-2019,adventure film
pinocchio-2019,cinematic fairy tale
pinocchio-2019,fantasy
pioneer,thriller film
piranha,comedy horror
piranha,horror film
piranha,science fiction film
piranhas,drama film
pirate-radio,comedy drama
pirate-radio,comedy film
pirates-of-the-caribbean-at-worlds-end,action film
pirates-of-the-caribbean-at-worlds-end,adventure film
pirates-of-the-caribbean-at-worlds-end,comedy drama
pirates-of-the-caribbean-at-worlds-end,comedy film
pirates-of-the-caribbean-at-worlds-end,epic film
pirates-of-the-caribbean-at-worlds-end,fantasy film
pirates-of-the-caribbean-at-worlds-end,pirate film
pirates-of-the-caribbean-at-worlds-end,swashbuckler film
pirates-of-the-caribbean-dead-mans-chest,action film
pirates-of-the-caribbean-dead-mans-chest,adventure film
pirates-of-the-caribbean-dead-mans-chest,comedy film
pirates-of-the-caribbean-dead-mans-chest,fantasy film
pirates-of-the-caribbean-dead-mans-chest,pirate film
pirates-of-the-caribbean-dead-mans-chest,swashbuckler film
pirates-of-the-caribbean-dead-mans-chest,treasure hunt film
pirates-of-the-caribbean-on-stranger-tides,action film
pirates-of-the-caribbean-on-stranger-tides,adventure film
pirates-of-the-caribbean-on-stranger-tides,comedy film
pirates-of-the-caribbean-on-stranger-tides,fantasy film
pirates-of-the-caribbean-on-stranger-tides,pirate film
pirates-of-the-caribbean-on-stranger-tides,swashbuckler film
pirates-of-the-caribbean-on-stranger-tides,treasure hunt film
pirates-of-the-caribbean-on-stranger-tides,zombie film
pirates-of-the-caribbean-the-curse-of-the-black-pearl,action film
pirates-of-the-caribbean-the-curse-of-the-black-pearl,adventure film
pirates-of-the-caribbean-the-curse-of-the-black-pearl,comedy film
pirates-of-the-caribbean-the-curse-of-the-black-pearl,fantasy film
pirates-of-the-caribbean-the-curse-of-the-black-pearl,pirate film
pirates-of-the-caribbean-the-curse-of-the-black-pearl,swashbuckler film
pirates-of-the-caribbean-the-curse-of-the-black-pearl,treasure hunt film
pit-and-the-pendulum,Gothic film
pit-and-the-pendulum,gothic horror film
pit-and-the-pendulum,historical film
pit-and-the-pendulum,horror film
pitch-black,action film
pitch-black,adventure film
pitch-black,horror film
pitch-black,monster film
pitch-black,science fiction film
pitch-black,thriller film
pitch-perfect,female buddy film
pitch-perfect,LGBTQ-related film
pitch-perfect,musical film
pitch-perfect,romantic comedy film
pitch-perfect,teen film
pitch-perfect-2,comedy film
pitch-perfect-2,LGBTQ-related film
pitch-perfect-2,musical film
pizza-movie,comedy film
pizza-movie,stoner film
places-in-the-heart,drama film
plainclothes,drama film
plainclothes,LGBTQ-related film
plainclothes,romantic thriller
plan-75,drama film
plan-75,science fiction film
plan-b,comedy film
plan-c,documentary film
plane,action film
plane,action thriller
plane,adventure film
planes-trains-automobiles,buddy film
planes-trains-automobiles,comedy film
planet-51,adventure film
planet-51,children's film
planet-51,comedy film
planet-51,fantasy film
planet-51,science fiction film
planet-of-the-apes,action film
planet-of-the-apes,dystopian film
planet-of-the-apes,post-apocalyptic film
planet-of-the-apes,science fiction film
planet-of-the-apes,speculative fiction film
planet-of-the-apes,time-travel film
planet-of-the-apes-1968,dystopian film
planet-of-the-apes-1968,science fiction film
planet-of-the-apes-1968,speculative fiction film
platoon,action film
platoon,drama film
platoon,war film
play-it-again-sam,parody film
play-it-again-sam,romantic comedy
play-misty-for-me,action film
play-misty-for-me,crime drama film
play-misty-for-me,crime film
play-misty-for-me,crime thriller film
play-misty-for-me,drama film
play-misty-for-me,horror film
play-misty-for-me,melodrama
play-misty-for-me,mystery film
play-misty-for-me,neo-noir
play-misty-for-me,psychological drama film
play-misty-for-me,psychological horror film
play-misty-for-me,psychological thriller film
play-misty-for-me,slasher film
play-misty-for-me,suspense film
play-misty-for-me,thriller film
playground,drama film
playtime,comedy film
playtime,drama film
pleasantville,comedy drama
pleasantville,comedy film
pleasantville,drama film
pleasantville,dystopian film
pleasantville,fantasy film
pleasantville,magic realist film
pleasantville,teen film
please-baby-please,drama film
please-give,comedy drama
please-give,comedy film
pleasure,drama film
plus-one-2019,romantic comedy
pocahontas,adventure film
pocahontas,biographical film
pocahontas,comedy drama
pocahontas,family film
pocahontas,fantasy film
pocahontas,historical drama
pocahontas,musical film
pocahontas,romance film
poetry,drama film
point-blank,crime film
point-blank,thriller film
point-blank-1967,action film
point-blank-1967,crime thriller film
point-blank-1967,drama film
point-blank-1967,heist film
point-blank-1967,neo-noir
point-break-1991,action film
point-break-1991,buddy cop film
point-break-1991,crime film
point-break-1991,heist film
point-break-1991,sport film
point-break-1991,surf film
point-break-1991,thriller film
pokemon-heroes,action anime
pokemon-heroes,adventure anime
pokemon-heroes,fantasy anime
pokemon-heroes,science fiction anime
pokemon-heroes,thriller anime
pokemon-the-movie-2000,adventure film
pokemon-the-movie-2000,fantasy film
pokmon-the-first-movie---mewtwo-strikes-back!,action anime
pokmon-the-first-movie---mewtwo-strikes-back!,adventure anime
pokmon-the-first-movie---mewtwo-strikes-back!,family film
pokmon-the-first-movie---mewtwo-strikes-back!,fantasy anime
pokmon-the-first-movie---mewtwo-strikes-back!,science fiction anime
police-academy,comedy film
police-academy,crime film
police-adjective,crime film
police-story-1985,action film
policeman,drama film
polina,drama film
polisse,crime film
polisse,drama film
polite-society,action film
polite-society,comedy film
polite-society,drama film
pollock,biographical film
poltergeist-1982,fantasy film
poltergeist-1982,ghost film
poltergeist-1982,horror film
poltergeist-1982,supernatural film
poltergeist-1982,supernatural horror film
poltergeist-1982,thriller film
polyester,comedy drama
pom-poko,comedy drama
pom-poko,comedy film
pom-poko,drama anime and manga
pom-poko,drama film
pom-poko,fantasy anime
pom-poko,fantasy anime and manga
pom-poko,fantasy film
pompei-below-the-clouds,documentary film
pompo-the-cinephile,comedy film
pompo-the-cinephile,drama film
pontypool,horror film
pontypool,psychological thriller
pontypool,science fiction film
pontypool,zombie film
ponyo,adventure film
ponyo,children's film
ponyo,fantasy film
poor-things,arthouse science fiction film
poor-things,black comedy
poor-things,fantasy film
poor-things,thriller film
pope-francis---a-man-of-his-word,documentary film
popstar-never-stop-never-stopping,comedy film
populaire,romantic comedy film
porcelain-war,documentary film
porco-rosso,adventure anime and manga
porco-rosso,adventure film
porco-rosso,fantasy anime and manga
porco-rosso,fantasy film
port-authority,drama film
port-authority,LGBTQ-related film
portrait-of-a-lady-on-fire,drama film
portrait-of-a-lady-on-fire,historical film
portrait-of-a-lady-on-fire,LGBTQ-related film
portrait-of-a-lady-on-fire,romance film
poseidon,action film
poseidon,disaster film
poseidon,drama film
possession-1983,drama film
possession-1983,horror film
post-tenebras-lux,drama film
postal,action film
postal,comedy film
postal,LGBTQ-related film
postal,Z movie
postcards-from-the-edge,comedy film
postcards-from-the-edge,drama film
potiche,comedy film
potiche,LGBTQ-related film
power-2024,documentary film
power-ballad,comedy film
power-ballad,drama film
power-ballad,musical film
practical-magic,comedy drama
practical-magic,drama film
practical-magic,fantasy film
practical-magic,romantic comedy film
pray-away,documentary film
pray-away,LGBTQ-related film
pray-the-devil-back-to-hell,documentary film
prayers-for-the-stolen,drama film
predator,action film
predator,adventure film
predator,horror film
predator,monster film
predator,science fiction action film
predator,science fiction film
predator,science fiction horror film
predator,suspense film
predator,thriller film
predator-2,action film
predator-2,adventure film
predator-2,horror film
predator-2,monster film
predator-2,science fiction action film
predator-2,science fiction film
predator-2,science fiction horror film
predator-2,speculative fiction film
predator-2,suspense film
predator-2,thriller film
predator-badlands,action film
predator-badlands,action thriller
predator-badlands,science fiction film
predator-killer-of-killers,adult animated film
predator-killer-of-killers,anthology film
predator-killer-of-killers,science fiction film
predators,action film
predators,adventure film
predators,horror film
predators,monster film
predators,science fiction action film
predators,science fiction film
predators,science fiction horror film
predators,suspense film
predators,thriller film
predators-2025,documentary film
predestination,drama film
predestination,dystopian film
predestination,intersex film
predestination,science fiction film
predestination,thriller film
predestination,time-travel film
premature-2020,drama film
premature-2020,romance film
premium-rush,action film
premium-rush,thriller film
premonition,disaster film
premonition,drama film
premonition,fantasy film
premonition,time-travel film
preparation-for-the-next-life,drama film
preparations-to-be-together-for-an-unknown-period-of-time,drama film
preparations-to-be-together-for-an-unknown-period-of-time,romance film
presence,drama film
presence,psychological thriller film
presence,supernatural thriller
pressure,drama film
pressure,war film
presumed-innocent,crime film
presumed-innocent,drama film
presumed-innocent,mystery film
presumed-innocent,trial film
pretty-woman,romance film
pretty-woman,romantic comedy film
prevenge,slasher film
prey-2022,action film
prey-2022,action thriller
prey-2022,horror film
prey-2022,speculative fiction film
price-check,comedy film
pride-2014,comedy film
pride-2014,drama film
pride-2014,LGBTQ-related film
pride-and-prejudice-1940,drama film
pride-and-prejudice-1940,romantic comedy
pride-prejudice,drama film
pride-prejudice,romance film
priest,cyberpunk
priest,dystopian film
priest,fantasy film
priest,post-apocalyptic film
priest,superhero film
priest,thriller film
priest,vampire film
primal-fear,crime film
primal-fear,drama film
primal-fear,neo-noir
primal-fear,psychological thriller
primal-fear,trial film
primary-colors,biographical film
primary-colors,comedy film
primary-colors,crime film
primary-colors,drama film
primate,horror film
primer,arthouse science fiction film
primer,drama film
primer,science fiction film
primer,time-travel film
prince-avalanche,comedy drama
prince-avalanche,comedy film
prince-of-broadway,drama film
prince-of-persia-the-sands-of-time,action film
prince-of-persia-the-sands-of-time,fantasy film
prince-of-persia-the-sands-of-time,swashbuckler film
prince-of-persia-the-sands-of-time,sword-and-sandal film
prince-of-persia-the-sands-of-time,time-travel film
prince-of-the-city,crime film
prince-of-the-city,drama film
princess-cyd,drama film
princess-cyd,LGBTQ-related film
princess-cyd,romance film
princess-mononoke,action film
princess-mononoke,anime film
princess-mononoke,anti-war film
princess-mononoke,coming-of-age film
princess-mononoke,drama film
princess-mononoke,fantasy anime
princess-mononoke,fantasy film
priscilla,biographical film
priscilla,drama film
prisoners,crime film
prisoners,drama film
prisoners,vigilante film
private-life,comedy film
private-life,drama film
prizzis-honor,crime film
prizzis-honor,drama film
prizzis-honor,romantic comedy film
problemista,comedy film
problemista,surrealist film
procession,documentary film
professor-marston-the-wonder-women,BDSM-themed film
professor-marston-the-wonder-women,biographical film
professor-marston-the-wonder-women,drama film
professor-marston-the-wonder-women,LGBTQ-related film
project-hail-mary,action film
project-hail-mary,adventure film
project-hail-mary,Hopecore
project-hail-mary,science fiction film
project-nim,documentary film
prom-night,horror film
prom-night,slasher film
prom-night,teen film
promare,science fiction film
prometheus,action film
prometheus,adventure film
prometheus,horror film
prometheus,monster film
prometheus,religious horror
prometheus,science fiction action film
prometheus,science fiction film
prometheus,science fiction horror film
prometheus,suspense film
prometheus,thriller film
promising-young-woman,black comedy
promising-young-woman,crime film
promising-young-woman,drama film
promising-young-woman,rape and revenge film
promising-young-woman,thriller film
promising-young-woman,vigilante film
prophets-prey,biographical film
prophets-prey,documentary film
prophets-prey,historical film
prospect,science fiction film
proxima,action film
proxima,drama film
proxy,drama film
proxy,horror film
proxy,LGBTQ-related film
proxy,thriller film
ps-i-love-you,drama film
ps-i-love-you,romantic comedy film
psycho,horror film
psycho,LGBTQ-related film
psycho,mystery film
psycho,slasher film
psycho,thriller film
psycho-1960,crime drama film
psycho-1960,crime film
psycho-1960,crime thriller film
psycho-1960,drama film
psycho-1960,film noir
psycho-1960,horror film
psycho-1960,independent film
psycho-1960,LGBTQ-related film
psycho-1960,mystery film
psycho-1960,psychological drama film
psycho-1960,psychological horror film
psycho-1960,psychological thriller film
psycho-1960,slasher film
psycho-1960,suspense film
psycho-1960,thriller film
public-enemies,action film
public-enemies,adventure film
public-enemies,biographical film
public-enemies,crime drama film
public-enemies,crime film
public-enemies,crime thriller film
public-enemies,drama film
public-enemies,gangster film
public-enemies,heist film
public-enemies,historical drama film
public-enemies,historical film
public-enemies,mystery film
public-enemies,period drama film
public-enemies,thriller film
pulp-fiction,action film
pulp-fiction,action thriller
pulp-fiction,black comedy film
pulp-fiction,comedy drama
pulp-fiction,comedy film
pulp-fiction,crime comedy film
pulp-fiction,crime drama film
pulp-fiction,crime film
pulp-fiction,crime thriller film
pulp-fiction,drama film
pulp-fiction,gangster film
pulp-fiction,independent film
pulp-fiction,neo-noir
pulp-fiction,suspense film
pulp-fiction,thriller film
pulse,supernatural horror film
pulse,techno-horror film
pulse-2005,supernatural horror film
pulse-2005,techno-horror film
pump-up-the-volume,comedy film
pump-up-the-volume,coming-of-age film
pump-up-the-volume,drama film
pump-up-the-volume,melodrama
pump-up-the-volume,teen film
pumping-iron,documentary film
pumping-iron,sport film
punch-drunk-love,comedy drama
punch-drunk-love,drama film
punch-drunk-love,romantic comedy
punching-the-clown,comedy film
punisher-war-zone,action film
punisher-war-zone,superhero film
punisher-war-zone,vigilante film
pusher,crime film
pusher,thriller film
puss-in-boots,action film
puss-in-boots,cinematic fairy tale
puss-in-boots,comedy film
puss-in-boots,coming-of-age film
puss-in-boots,fantasy film
puss-in-boots,flashback film
puss-in-boots-the-last-wish,action film
puss-in-boots-the-last-wish,adventure film
puss-in-boots-the-last-wish,cinematic fairy tale
puss-in-boots-the-last-wish,comedy film
puss-in-boots-the-last-wish,family film
puss-in-boots-the-last-wish,fantasy film
puss-in-boots-the-last-wish,musical film
puss-in-boots-the-last-wish,thriller film
pussy-riot-a-punk-prayer,documentary film
put-your-soul-on-your-hand-and-walk,documentary film
putty-hill,drama film
puzzle-2018,drama film
quantum-of-solace,action film
quantum-of-solace,adventure film
quantum-of-solace,spy film
quarantine,disaster film
quarantine,found footage film
quarantine,horror film
quarantine,science fiction film
quarantine,zombie film
quartet,comedy film
quartet,drama film
queen-of-earth,thriller film
queen-of-hearts,drama film
queen-of-hearts,erotic thriller film
queen-of-katwe,biographical film
queen-of-katwe,drama film
queen-of-katwe,sport film
queen-of-the-damned,drama film
queen-of-the-damned,fantasy film
queen-of-the-damned,horror film
queen-of-the-damned,vampire film
queen-of-the-ring,biographical film
queen-of-the-ring,sport film
queen-of-the-sun-what-are-the-bees-telling-us,documentary film
queen-slim,drama film
queen-to-play,comedy drama
queen-to-play,drama film
queen-to-play,romance film
queens-of-the-dead,comedy film
queens-of-the-dead,horror film
queer,drama film
queer,LGBTQ-related film
queer,romance film
quest-for-fire,drama film
quest-for-fire,fantasy film
quill-the-life-of-a-guide-dog,drama film
quills,biographical film
quills,drama film
quills,erotic thriller
quills,LGBTQ-related film
quills,romance film
quinceanera,drama film
quinceanera,hood film
quinceanera,LGBTQ-related film
quinceanera,teen film
quincy,documentary film
quiz-lady,comedy film
quiz-show,drama film
quo-vadis-1951,drama film
quo-vadis-1951,sword-and-sandal film
quo-vadis-aida,drama film
quo-vadis-aida,historical film
quo-vadis-aida,war film
r100,comedy drama
ra-one,comedy film
ra-one,cyberpunk
ra-one,science fiction film
ra-one,superhero film
ra-one,thriller film
rabbit-hole,drama film
rabbit-proof-fence,adventure film
rabbit-proof-fence,biographical film
rabbit-proof-fence,drama film
rabbit-proof-fence,historical film
race,biographical film
race,drama film
race,sport film
rachel-getting-married,comedy film
rachel-getting-married,drama film
rachel-getting-married,independent film
racing-dreams,documentary film
radical,drama film
radio-days,comedy drama
radio-days,romantic comedy
radioactive,biographical film
radioactive,drama film
rafiki,drama film
rafiki,LGBTQ-related film
raging-bull,action film
raging-bull,biographical film
raging-bull,boxing film
raging-bull,drama film
raging-bull,historical drama film
raging-bull,historical film
raging-bull,neo-noir
raging-bull,period drama film
raging-bull,sport film
raging-grace,drama film
raiders-of-the-lost-ark,action film
raiders-of-the-lost-ark,treasure hunt film
raiders!-the-story-of-the-greatest-fan-film-ever-made,documentary film
rain,action film
rain,drama film
rain,war film
rain-man,buddy film
rain-man,comedy drama
rain-man,drama film
raise-the-red-lantern,historical film
raise-the-red-lantern,romantic drama film
raising-arizona,action film
raising-arizona,black comedy film
raising-arizona,comedy drama
raising-arizona,comedy film
raising-arizona,crime comedy film
raising-arizona,crime drama film
raising-arizona,crime film
raising-arizona,crime thriller film
raising-arizona,thriller film
raising-victor-vargas,comedy drama
raising-victor-vargas,coming-of-age film
raising-victor-vargas,drama film
ralph-breaks-the-internet,action film
ralph-breaks-the-internet,adventure film
ralph-breaks-the-internet,comedy film
ralph-breaks-the-internet,family film
ralph-breaks-the-internet,fantasy film
rambo-first-blood-part-ii,action film
rambo-first-blood-part-ii,drama film
rambo-first-blood-part-ii,thriller film
rambo-iii,action film
rambo-iii,thriller film
rambo-iii,war film
ramen-shop,drama film
ramona-and-beezus,children's film
ramona-and-beezus,comedy film
rampart,crime film
rampart,drama film
rampart,hood film
rams,drama film
rams-2020,comedy film
rams-2020,drama film
ran,drama film
ran,war film
ranas-wedding,drama film
rango,adventure film
rango,children's film
rango,comedy film
rango,Western film
rapt,drama film
rashomon,crime film
rashomon,drama film
rashomon,flashback film
rashomon,medieval film
rashomon,samurai cinema
rat-film,documentary film
ratatouille,buddy film
ratatouille,comedy drama
ratatouille,coming-of-age film
ratatouille,flashback film
ratcatcher,coming-of-age film
ratcatcher,drama film
raw,drama film
raw,horror film
ray,biographical film
ray,drama film
ray,musical film
ray-liz,drama film
ray-liz,social drama
raya-and-the-last-dragon,adventure film
raya-and-the-last-dragon,comedy film
raya-and-the-last-dragon,fantasy film
rbg,biographical film
rbg,documentary film
re-animator,body horror film
re-animator,comedy horror
re-animator,science fiction film
re-animator,splatter film
re-animator,zombie film
read-my-lips,crime film
read-my-lips,drama film
read-my-lips,thriller film
ready-or-not,black comedy film
ready-or-not,horror film
ready-or-not,thriller film
ready-or-not-2-here-i-come,black comedy film
ready-or-not-2-here-i-come,comedy horror
ready-or-not-2-here-i-come,horror film
real-genius,romantic comedy
real-genius,science fiction comedy
real-genius,science fiction film
real-genius,teen film
real-steel,action film
real-steel,boxing film
real-steel,drama film
real-steel,mecha
real-steel,science fiction film
real-women-have-curves,comedy film
real-women-have-curves,coming-of-age film
real-women-have-curves,drama film
reality,comedy film
reality,drama film
reality-2023,biographical film
reality-2023,crime film
reality-2023,drama film
rear-window,crime drama film
rear-window,crime film
rear-window,crime thriller film
rear-window,detective film
rear-window,drama film
rear-window,mystery film
rear-window,psychological drama film
rear-window,psychological thriller film
rear-window,thriller film
rebecca-1940,drama film
rebecca-1940,erotic thriller film
rebecca-1940,melodrama
rebecca-1940,mystery film
rebecca-1940,psychological drama film
rebecca-1940,psychological thriller film
rebecca-1940,romance film
rebecca-1940,thriller film
rebel-ridge,action film
rebel-ridge,thriller film
rebel-without-a-cause,coming-of-age film
rebel-without-a-cause,drama film
rebel-without-a-cause,teen film
rebels-of-the-neon-god,drama film
rebuilding,drama film
rebuilding-paradise,documentary film
rec,found footage film
rec,horror film
rec,zombie film
red,action film
red,comedy film
red,crime thriller film
red,spy film
red-army,biographical film
red-army,documentary film
red-army,sport film
red-beard,drama film
red-beard,Jidaigeki
red-cliff,action film
red-cliff,historical film
red-dragon,crime drama film
red-dragon,crime film
red-dragon,crime thriller film
red-dragon,drama film
red-dragon,horror film
red-dragon,psychological drama film
red-dragon,psychological horror film
red-dragon,psychological thriller film
red-dragon,thriller film
red-eye,drama film
red-eye,mystery film
red-eye,psychological drama film
red-eye,psychological thriller film
red-eye,thriller film
red-heat,action film
red-heat,buddy cop film
red-hill,Western film
red-island,drama film
red-knot,drama film
red-obsession,documentary film
red-planet,action film
red-planet,adventure film
red-planet,crime film
red-planet,romance film
red-planet,science fiction film
red-riding-hood,action film
red-riding-hood,cinematic fairy tale
red-riding-hood,drama film
red-riding-hood,fantasy film
red-riding-hood,horror film
red-riding-hood,werewolf film
red-river,action film
red-river,drama film
red-river,Western film
red-road,drama film
red-rock-west,crime film
red-rock-west,drama film
red-rock-west,neo-noir
red-rocket,comedy drama
red-rooms,crime film
red-rooms,horror film
red-rooms,thriller film
red-white-royal-blue,comedy film
red-white-royal-blue,romance film
redbelt,action film
redbelt,drama film
redbelt,martial arts film
redbelt,neo-noir
redbelt,thriller film
reds,biographical film
reds,drama film
reds,romance film
reds,war film
redux-redux,horror film
redux-redux,science fiction film
redux-redux,thriller film
reel-injun,documentary film
reflection-in-a-dead-diamond,action film
reflection-in-a-dead-diamond,thriller film
regular-lovers,coming-of-age film
regular-lovers,drama film
reign-over-me,buddy film
reign-over-me,drama film
relaxer,drama film
relay,thriller film
relic,drama film
relic,horror film
relic,psychological horror fiction
religulous,documentary film
remember-me,drama film
remember-me,romance film
remember-the-night,Christmas film
remember-the-night,comedy drama
remember-the-night,romantic comedy
remember-the-titans,American football film
remember-the-titans,biographical film
remember-the-titans,drama film
renaissance-a-film-by-beyonce,documentary film
renaissance-a-film-by-beyonce,musical film
renoir,biographical film
renoir,drama film
rental-family,comedy drama
repo-man,action film
repo-man,arthouse science fiction film
repo-man,comedy film
repo-man,science fiction comedy
repo-man,science fiction film
repo-men,action film
repo-men,biopunk
repo-men,cyberpunk
repo-men,dystopian film
repo-men,science fiction film
repo-men,thriller film
repo!-the-genetic-opera,biopunk
repo!-the-genetic-opera,comedy horror
repo!-the-genetic-opera,dystopian film
repo!-the-genetic-opera,horror film
repo!-the-genetic-opera,musical film
repo!-the-genetic-opera,post-apocalyptic film
repo!-the-genetic-opera,science fiction comedy
reprise,comedy drama
repulsion-re-release,comedy film
repulsion-re-release,comedy horror
repulsion-re-release,drama film
repulsion-re-release,horror film
repulsion-re-release,independent film
repulsion-re-release,mystery film
repulsion-re-release,psychological drama film
repulsion-re-release,psychological horror film
repulsion-re-release,psychological thriller film
repulsion-re-release,rape and revenge film
repulsion-re-release,suspense film
repulsion-re-release,thriller film
requiem,drama film
requiem-for-a-dream,drama film
rescue-dawn,biographical film
rescue-dawn,docudrama
rescue-dawn,drama film
rescue-dawn,war film
reservoir-dogs,action film
reservoir-dogs,adventure film
reservoir-dogs,black comedy film
reservoir-dogs,comedy drama
reservoir-dogs,crime comedy film
reservoir-dogs,crime drama film
reservoir-dogs,crime film
reservoir-dogs,crime thriller film
reservoir-dogs,drama film
reservoir-dogs,flashback film
reservoir-dogs,gangster film
reservoir-dogs,heist film
reservoir-dogs,independent film
reservoir-dogs,mystery film
reservoir-dogs,neo-noir
reservoir-dogs,psychological drama film
reservoir-dogs,psychological thriller film
reservoir-dogs,suspense film
reservoir-dogs,thriller film
resident-evil,action film
resident-evil,biopunk
resident-evil,girls with guns
resident-evil,horror film
resident-evil,science fiction film
resident-evil,science fiction horror film
resident-evil,zombie film
resident-evil-apocalypse,action film
resident-evil-apocalypse,biopunk
resident-evil-apocalypse,girls with guns
resident-evil-apocalypse,horror film
resident-evil-apocalypse,science fiction film
resident-evil-apocalypse,science fiction horror film
resident-evil-apocalypse,zombie film
resident-evil-extinction,action film
resident-evil-extinction,biopunk
resident-evil-extinction,dystopian film
resident-evil-extinction,girls with guns
resident-evil-extinction,horror film
resident-evil-extinction,horror western
resident-evil-extinction,post-apocalyptic film
resident-evil-extinction,science fiction film
resident-evil-extinction,science fiction horror film
resident-evil-extinction,Western film
resident-evil-extinction,zombie film
residue-2020,drama film
respect,biographical film
respect,drama film
respect,musical film
restless-creature-wendy-whelan,documentary film
restrepo,documentary film
results,romantic comedy film
resurrection,crime film
resurrection,drama film
resurrection,horror film
resurrection-2025,detective film
resurrection-2025,science fiction film
return,independent film
return-to-dust,drama film
return-to-seoul,drama film
return-to-space,documentary film
revanche,crime film
revanche,drama film
revanche,romance film
revenge-of-the-electric-car,documentary film
reversal-of-fortune,biographical film
reversal-of-fortune,drama film
reversal-of-fortune,mystery film
reversal-of-fortune,trial film
revoir-paris,drama film
revolutionary-road,drama film
revolutionary-road,romance film
revolver,crime film
revolver,drama film
rez-ball,sports drama
rich-hill,documentary film
richard-iii,drama film
richard-iii,dystopian film
richard-iii-1956,drama film
richard-iii-1956,epic film
richard-iii-1956,historical film
richard-jewell,biographical film
richard-jewell,crime film
richard-jewell,drama film
richard-jewell,thriller film
ricky-2025,drama film
riddle-of-fire,action film
riddle-of-fire,adventure film
riddle-of-fire,comedy film
ride-the-high-country,Western film
ride-with-the-devil,drama film
ride-with-the-devil,war film
ride-with-the-devil,Western film
ride-your-wave,fantasy anime and manga
ride-your-wave,romance anime and manga
riders-of-justice,action comedy film
riders-of-justice,black comedy film
riders-of-justice,drama film
riders-of-justice,thriller film
riding-alone-for-thousands-of-miles,drama film
riefenstahl,documentary film
rififi-re-release,crime film
rififi-re-release,drama film
rififi-re-release,film noir
rififi-re-release,heist film
rififi-re-release,thriller film
right-now-wrong-then,drama film
right-now-wrong-then,romantic comedy film
righteous-kill,buddy cop film
righteous-kill,crime film
righteous-kill,drama film
righteous-kill,thriller film
rimini,drama film
rio,adventure film
rio,comedy film
rio,family film
rio,fantasy film
rio,musical film
rio-bravo,buddy film
rio-bravo,romance film
rio-bravo,Western film
riotsville-usa,documentary film
rise-of-the-guardians,adventure film
rise-of-the-guardians,Christmas film
rise-of-the-guardians,fantasy film
rise-of-the-planet-of-the-apes,action film
rise-of-the-planet-of-the-apes,drama film
rise-of-the-planet-of-the-apes,dystopian film
rise-of-the-planet-of-the-apes,science fiction film
risk,documentary film
risky-business,comedy drama
risky-business,comedy film
risky-business,coming-of-age film
risky-business,erotic film
risky-business,romantic comedy film
risky-business,teen film
rita-moreno-just-a-girl-who-decided-to-go-for-it,documentary film
river-2023,comedy film
river-2023,science fiction film
river-of-grass,drama film
rivers-edge,crime film
rivers-edge,drama film
rmn,drama film
road-house,action film
road-house,drama film
road-house,martial arts film
road-house,thriller film
road-house-2024,action film
road-house-2024,drama film
road-to-morocco,buddy film
road-to-morocco,musical film
road-to-morocco,romantic comedy
road-to-nowhere,romance film
road-to-perdition,coming-of-age film
road-to-perdition,crime film
road-to-perdition,drama film
road-to-utopia,buddy film
road-to-utopia,musical film
road-to-utopia,romantic comedy
roadie,comedy film
roadrunner-a-film-about-anthony-bourdain,documentary film
rob-peace,biographical film
rob-peace,drama film
rob-the-mob,action film
rob-the-mob,crime film
rob-the-mob,drama film
robin-and-marian,action film
robin-and-marian,adventure film
robin-and-marian,drama film
robin-and-marian,melodrama
robin-and-marian,romance film
robin-and-marian,swashbuckler film
robin-and-marian,sword-and-sandal film
robin-hood,action film
robin-hood,adventure film
robin-hood,drama film
robin-hood,epic film
robin-hood,medieval film
robin-hood,swashbuckler film
robin-hood-1973,buddy film
robin-hood-1973,comedy film
robin-hood-1973,family film
robin-hood-1973,fantasy film
robin-hood-1973,musical film
robin-hood-men-in-tights,action film
robin-hood-men-in-tights,comedy film
robin-hood-men-in-tights,parody film
robin-hood-prince-of-thieves,action film
robin-hood-prince-of-thieves,adventure film
robin-hood-prince-of-thieves,drama film
robin-hood-prince-of-thieves,medieval film
robin-hood-prince-of-thieves,romance film
robin-hood-prince-of-thieves,swashbuckler film
robin-hood-prince-of-thieves,vigilante film
robin-williams-come-inside-my-mind,biographical film
robin-williams-come-inside-my-mind,documentary film
robins-wish,biographical film
robins-wish,documentary film
robocop,action film
robocop,cyberpunk
robocop,dystopian film
robocop,science fiction film
robocop,speculative fiction film
robocop,splatter film
robocop,superhero film
robocop,thriller film
robocop-2,action film
robocop-2,cyberpunk
robocop-2,science fiction film
robocop-2,superhero film
robocop-3,action film
robocop-3,cyberpunk
robocop-3,science fiction film
robocop-3,superhero film
robot-dreams,animated film
robot-dreams,comedy film
robot-dreams,drama film
robot-dreams,musical film
robots,adventure film
robots,comedy film
robots,family film
robots,fantasy film
robots,science fiction film
robots,slapstick
rocco-and-his-brothers,boxing film
rocco-and-his-brothers,crime film
rocco-and-his-brothers,drama film
rock-hudson-all-that-heaven-allowed,documentary film
rock-n-roll-high-school,comedy film
rock-n-roll-high-school,musical comedy
rock-n-roll-high-school,musical film
rock-n-roll-high-school,teen film
rocket-science,comedy film
rocket-science,coming-of-age film
rocket-science,drama film
rocket-science,teen film
rocketman,biographical film
rocketman,drama film
rocketman,LGBTQ-related film
rocketman,musical comedy
rocketman,musical film
rocknrolla,action film
rocknrolla,comedy film
rocknrolla,crime film
rocks,drama film
rocky,action film
rocky,boxing film
rocky,drama film
rocky-balboa,action film
rocky-balboa,boxing film
rocky-balboa,drama film
rocky-ii,action film
rocky-ii,boxing film
rocky-ii,drama film
rocky-iii,action film
rocky-iii,boxing film
rocky-iii,drama film
rocky-iv,action film
rocky-iv,boxing film
rocky-iv,Christmas film
rocky-iv,drama film
rocky-v,action film
rocky-v,boxing film
rocky-v,drama film
roger-dodger,comedy drama
roger-dodger,comedy film
roger-dodger,comedy of manners
roger-dodger,coming-of-age film
roger-dodger,drama film
roger-dodger,sex comedy
roger-me,documentary film
rogue-agent,spy film
rogue-agent,thriller film
rogue-one-a-star-wars-story,action film
rogue-one-a-star-wars-story,fantasy film
rogue-one-a-star-wars-story,science fiction film
rogue-one-a-star-wars-story,space opera
rogue-one-a-star-wars-story,war film
rojo,drama film
rojo,thriller film
role-models,buddy film
role-models,slapstick
roll-red-roll,documentary film
rolling-thunder-revue-a-bob-dylan-story-by-martin-scorsese,concert film
rolling-thunder-revue-a-bob-dylan-story-by-martin-scorsese,documentary film
roma,drama film
roman-de-gare,crime film
roman-de-gare,drama film
roman-de-gare,thriller film
roman-holiday,comedy film
roman-holiday,drama film
roman-holiday,romantic comedy film
roman-j-israel-esq,crime film
roman-j-israel-esq,drama film
roman-polanski-wanted-and-desired,documentary film
romancing-the-stone,action comedy film
romancing-the-stone,romance film
romancing-the-stone,romantic comedy film
romancing-the-stone,treasure hunt film
romantics-anonymous,romantic comedy
romeo-and-juliet,action film
romeo-and-juliet,drama film
romeo-and-juliet,romance film
romeo-and-juliet,teen film
romeo-and-juliet-1968,drama film
romeo-and-juliet-1968,romance film
romeo-must-die,action film
romeo-must-die,drama film
romeo-must-die,martial arts film
romeo-must-die,romance film
romeria,autobiographical film
romeria,drama film
ronin,action film
ronin,drama film
ronin,heist film
ronin,spy film
ronin,thriller film
rons-gone-wrong,adventure film
rons-gone-wrong,animated film
rons-gone-wrong,comedy film
rons-gone-wrong,family film
rons-gone-wrong,science fiction comedy
rons-gone-wrong,science fiction film
roofman,biographical film
roofman,crime film
roofman,romantic comedy film
room-2015,drama film
room-237,documentary film
rope,crime drama film
rope,crime thriller film
rope,drama film
rope,LGBTQ-related film
rope,mystery film
rope,psychological drama film
rope,psychological thriller film
rope,thriller film
rosaline,romantic comedy
rose-of-nevada,drama film
rose-of-nevada,science fiction film
rose-plays-julie,thriller film
rosemarys-baby,drama film
rosemarys-baby,Gothic film
rosemarys-baby,gothic horror film
rosemarys-baby,horror film
rosemarys-baby,psycho-biddy
rosemarys-baby,psychological drama film
rosemarys-baby,psychological horror film
rosemarys-baby,psychological thriller film
rosemarys-baby,religious horror
rosemarys-baby,satanic film
rosemarys-baby,supernatural film
rosemarys-baby,supernatural horror film
rosemarys-baby,suspense film
rosemarys-baby,thriller film
rosemead,crime film
rosetta,drama film
rosewater,drama film
rosewater,political film
rosewater,prison film
rosewood,drama film
rosie,drama film
rotting-in-the-sun,black comedy film
rotting-in-the-sun,crime film
rotting-in-the-sun,LGBTQ-related film
rotting-in-the-sun,thriller film
rounders,buddy film
rounders,drama film
rounders,neo-noir
roxanne,romantic comedy
roxanne-roxanne,biographical film
roxanne-roxanne,drama film
roxanne-roxanne,independent film
rrr,action film
rubber,black comedy film
rubber,comedy horror
rubber,independent film
ruben-brandt-collector,action thriller
ruben-brandt-collector,adventure film
ruben-brandt-collector,crime film
ruben-brandt-collector,detective film
ruben-brandt-collector,film noir
ruben-brandt-collector,heist film
ruben-brandt-collector,surrealist film
ruby-in-paradise,drama film
ruby-sparks,fantasy film
ruby-sparks,magic realist film
ruby-sparks,romantic comedy
rudy,American football film
rudy,biographical film
rudy,drama film
rules-dont-apply,biographical film
rules-dont-apply,comedy drama
rules-dont-apply,drama film
rules-dont-apply,melodrama
rules-dont-apply,romance film
rumble-in-the-bronx,action comedy film
rumble-in-the-bronx,crime film
rumble-in-the-bronx,martial arts film
rumble-the-indians-who-rocked-the-world,documentary film
rumours,black comedy film
run-all-night,action film
run-all-night,crime film
run-jump,comedy drama
run-jump,coming-of-age film
run-lola-run,crime film
run-lola-run,drama film
run-lola-run,experimental film
run-lola-run,thriller film
runaway-vacation,comedy film
rush,action film
rush,biographical film
rush,drama film
rush,sport film
rush-hour,action film
rush-hour,buddy cop film
rush-hour,martial arts film
rush-hour-3,action film
rush-hour-3,buddy cop film
rush-hour-3,comedy film
rush-hour-3,martial arts film
rushmore,comedy drama
rushmore,comedy film
rushmore,coming-of-age film
rushmore,drama film
rushmore,teen film
russian-ark,experimental film
russian-ark,fantasy film
russian-ark,ghost film
russian-ark,historical drama
russian-ark,mystery film
rust-and-bone,drama film
rust-and-bone,romance film
rust-creek,thriller film
rustin,biographical film
rustin,drama film
rustin,LGBTQ-related film
ruthless-people,comedy film
ruthless-people,crime film
rye-lane,comedy film
rye-lane,drama film
rye-lane,romance film
ryuichi-sakamoto-coda,documentary film
ryuichi-sakamoto-opus,documentary film
s1m0ne,comedy drama
s1m0ne,romantic comedy film
s1m0ne,science fiction film
sabotage-1937,action film
sabotage-1937,crime drama film
sabotage-1937,crime film
sabotage-1937,crime thriller film
sabotage-1937,drama film
sabotage-1937,horror film
sabotage-1937,mystery film
sabotage-1937,psychological drama film
sabotage-1937,psychological thriller film
sabotage-1937,spy film
sabotage-1937,thriller film
sabotage-1937,war film
sabrina,comedy drama
sabrina,romantic comedy
sacco-and-vanzetti,documentary film
sacramento,comedy film
sacramento,road movie
safe-1995,art film
safe-1995,drama film
safe-conduct,period drama film
safety-not-guaranteed,comedy film
safety-not-guaranteed,coming-of-age film
safety-not-guaranteed,magic realist film
safety-not-guaranteed,romantic comedy
safety-not-guaranteed,science fiction film
safety-not-guaranteed,time-travel film
sahara,action film
sahara,buddy film
sahara,techno-thriller
sahara,treasure hunt film
saint-frances,comedy film
saint-frances,drama film
saint-maud,horror film
saint-maud,psychological horror fiction
saint-omer,drama film
salaam-bombay,crime film
salaam-bombay,drama film
salmon-fishing-in-the-yemen-2012,comedy drama
salmon-fishing-in-the-yemen-2012,drama film
salmon-fishing-in-the-yemen-2012,romantic comedy film
saloum,horror film
saloum,thriller film
salt,action film
salt,girls with guns
salt,mystery film
salt,spy film
salt,thriller film
salt-of-the-earth,drama film
saltburn,black comedy film
saltburn,drama film
saltburn,thriller film
salvador,biographical film
salvador,drama film
salvador,war film
sami-blood,drama film
sami-blood,historical film
samsara,documentary film
samurai-rebellion,drama film
sanctum,disaster film
sanctum,drama film
sand-storm,drama film
sands-of-iwo-jima,war film
sanjuro,drama film
sanjuro,war film
sankofa,drama film
sansho-the-bailiff,drama film
sansho-the-bailiff,Jidaigeki
santosh,crime film
saraband,drama film
saraband,romance film
saraband,war film
sarahs-key,drama film
sarahs-key,war film
sasquatch-sunset,comedy film
sasquatch-sunset,surreal humour
sator,horror film
saturday-church,drama film
saturday-church,fantasy film
saturday-church,LGBTQ-related film
saturday-church,musical film
saturday-night-2024,biographical film
saturday-night-2024,comedy film
saturday-night-fever,coming-of-age film
saturday-night-fever,drama film
saturday-night-fever,music-themed film
sausage-party,adult animated film
sausage-party,adventure film
sausage-party,animated film with LGBT character(s)
sausage-party,comedy film
sausage-party,dystopian film
sausage-party,fantasy film
sauvage-wild,drama film
sauvage-wild,LGBTQ-related film
savages,crime thriller film
savages,drama film
save-the-green-planet!,comedy film
save-the-green-planet!,science fiction comedy
save-the-green-planet!,science fiction film
save-the-last-dance,crime film
save-the-last-dance,drama film
save-the-last-dance,musical film
save-the-last-dance,romance film
save-the-last-dance,teen film
save-yourselves!,comedy film
save-yourselves!,science fiction film
saving-mr-banks,biographical film
saving-mr-banks,drama film
saving-mr-banks,flashback film
saving-private-ryan,action film
saving-private-ryan,drama film
saving-private-ryan,war film
saw,crime film
saw,gore film
saw,horror film
saw-3d,crime film
saw-3d,horror film
saw-ii,crime film
saw-ii,slasher film
saw-ii,splatter film
saw-iii,crime film
saw-iii,horror film
saw-iv,splatter film
saw-v,splatter film
saw-vi,horror film
saw-x,crime film
saw-x,drama film
saw-x,horror film
saw-x,mystery film
saw-x,thriller film
say-anything,coming-of-age film
say-anything,drama film
say-anything,romantic comedy film
say-anything,teen film
scanners,action film
scanners,horror film
scanners,mystery film
scanners,science fiction film
scanners,thriller film
scare-me,horror film
scarecrow,drama film
scarface,action film
scarface,crime drama film
scarface,crime film
scarface,crime thriller film
scarface,drama film
scarface,epic film
scarface,gangster film
scarface,neo-noir
scarface,police procedural film
scarface,suspense film
scarface,thriller film
scarface-1932,action film
scarface-1932,crime drama film
scarface-1932,crime film
scarface-1932,crime thriller film
scarface-1932,drama film
scarface-1932,film noir
scarface-1932,gangster film
scarface-1932,mystery film
scarface-1932,suspense film
scarface-1932,thriller film
scarlet,period drama film
scarlet-2025,action film
scarlet-2025,fantasy film
scary-movie,comedy horror
scary-movie,horror film
scary-movie,parody film
scary-movie,slasher film
scary-movie,teen film
scary-movie-2,comedy horror
scary-movie-2,ghost film
scary-movie-2,parody film
scary-movie-2,supernatural
scary-movie-3,alien invasion
scary-movie-3,comedy horror
scary-movie-3,ghost film
scary-movie-3,parody film
scary-movie-3,science fiction film
scary-movie-3,supernatural
scary-movie-3,thriller film
scary-movie-4,parody film
scary-stories-to-tell-in-the-dark,ghost film
scary-stories-to-tell-in-the-dark,horror film
scent-of-a-woman,coming-of-age film
scent-of-a-woman,drama film
schindlers-list,anti-war film
schindlers-list,biographical film
schindlers-list,drama film
schindlers-list,epic film
schindlers-list,historical drama film
schindlers-list,historical film
schindlers-list,psychological drama film
schindlers-list,war drama
schindlers-list,war film
school-of-rock,comedy film
school-of-rock,musical film
science-fair,documentary film
scooby-doo,adventure film
scooby-doo,comedy horror
scooby-doo,fantasy film
scooby-doo,ghost film
scooby-doo,live-action/animated film
scooby-doo,mystery film
score-a-film-music-documentary,documentary film
scott-pilgrim-vs-the-world,absurdist fiction
scott-pilgrim-vs-the-world,action comedy film
scott-pilgrim-vs-the-world,action film
scott-pilgrim-vs-the-world,comedy film
scott-pilgrim-vs-the-world,fantasy film
scott-pilgrim-vs-the-world,LGBTQ-related film
scott-pilgrim-vs-the-world,magic realist film
scott-pilgrim-vs-the-world,romantic comedy
scotty-and-the-secret-history-of-hollywood,documentary film
scotty-and-the-secret-history-of-hollywood,LGBTQ-related film
scrapper,comedy film
scrapper,drama film
scratch,documentary film
scream,comedy film
scream,horror film
scream,mystery film
scream,slasher film
scream,teen film
scream-2,horror film
scream-2,mystery film
scream-2,slasher film
scream-2022,comedy horror film
scream-2022,metafiction
scream-2022,slasher film
scream-3,horror film
scream-3,mystery film
scream-3,slasher film
scream-4,comedy film
scream-4,comedy horror film
scream-4,horror film
scream-4,mystery film
scream-4,slasher film
scream-4,teen film
scream-vi,comedy horror film
scream-vi,slasher film
screwball,documentary film
scrooged,Christmas film
scrooged,comedy film
scrooged,fantasy
scrooged,fantasy film
scrooged,ghost film
scrooged,romantic comedy
scum,crime film
scum,drama film
scum,prison film
scum,teen film
sea-fever,science fiction film
sea-of-shadows,documentary film
seabiscuit,drama film
seabiscuit,sport film
searching,drama film
searching,mystery film
searching,psychological thriller
searching,screenlife
searching-for-bobby-fischer,biographical film
searching-for-bobby-fischer,drama film
searching-for-sugar-man,biographical film
searching-for-sugar-man,music documentary film
season-of-the-witch-2011,action film
season-of-the-witch-2011,drama film
season-of-the-witch-2011,fantasy film
season-of-the-witch-2011,medieval film
season-of-the-witch-2011,sword-and-sandal film
season-of-the-witch-2011,thriller film
sebastian,drama film
sebastian,LGBTQ-related film
seconds,arthouse science fiction film
seconds,drama film
seconds,science fiction film
secret-mall-apartment,documentary film
secretariat,biographical film
secretariat,drama film
secretariat,sport film
secretary,drama film
secretary,romance film
secretary,romantic comedy
secrets-lies,drama film
seduced-and-abandoned,documentary film
see-for-me,thriller film
see-how-they-run,comedy film
see-how-they-run,crime comedy film
see-how-they-run,mystery film
see-you-yesterday,science fiction film
see-you-yesterday,teen film
see-you-yesterday,time-travel film
seed-of-chucky,comedy film
seed-of-chucky,comedy horror
seed-of-chucky,LGBTQ-related film
seed-of-chucky,parody film
seed-of-chucky,slasher film
seed-of-chucky,splatter film
seeds-2025,documentary film
seeking-a-friend-for-the-end-of-the-world,apocalyptic film
seeking-a-friend-for-the-end-of-the-world,disaster film
seeking-a-friend-for-the-end-of-the-world,drama film
seeking-a-friend-for-the-end-of-the-world,LGBTQ-related film
seeking-a-friend-for-the-end-of-the-world,romantic comedy
seeking-a-friend-for-the-end-of-the-world,science fiction comedy
seeking-a-friend-for-the-end-of-the-world,science fiction film
selah-and-the-spades,drama film
selah-and-the-spades,teen film
selena,biographical film
selena,drama film
selena,musical film
selena-gomez-my-mind-me,biographical film
selena-gomez-my-mind-me,documentary film
self-reliance,comedy film
self-reliance,thriller film
selma,biographical film
selma,drama film
selma,historical film
semi-pro,comedy film
send-help,horror film
send-help,survival film
senna,documentary film
sense-and-sensibility,comedy film
sense-and-sensibility,drama film
sense-and-sensibility,romance film
sentimental-value,comedy drama
sentimental-value,comedy film
sentimental-value,drama film
seoul-searching,comedy drama
seoul-searching,coming-of-age film
seoul-searching,drama film
separate-lies,drama film
separate-lies,slice of life
september-5,historical film
september-5,thriller film
seraphine,biographical film
seraphine,drama film
serenity,action film
serenity,adventure film
serenity,comedy film
serenity,drama film
serenity,dystopian film
serenity,post-apocalyptic film
serenity,science fiction film
serenity,space Western
serenity,speculative fiction film
serenity,Western film
serpico,action film
serpico,biographical film
serpico,crime film
serpico,drama film
set-it-up,romantic comedy film
settlers,science fiction film
settlers,thriller film
seven-brides-for-seven-brothers,musical film
seven-brides-for-seven-brothers,romantic comedy
seven-pounds,drama film
seven-pounds,fantasy film
seven-pounds,romance film
seven-psychopaths,comedy film
seven-psychopaths,crime film
seven-psychopaths,drama film
seven-psychopaths,mystery film
seven-samurai-1954,action film
seven-samurai-1954,adventure film
seven-samurai-1954,drama film
seven-samurai-1954,epic film
seven-samurai-1954,historical drama
seven-samurai-1954,samurai cinema
seven-veils,drama film
seven-years-in-tibet,biographical film
seven-years-in-tibet,drama film
seven-years-in-tibet,war film
sex,drama film
sex-and-the-city,comedy film
sex-and-the-city,female buddy film
sex-and-the-city,romantic comedy
sex-and-the-city-2,comedy drama
sex-and-the-city-2,female buddy film
sex-and-the-city-2,LGBTQ-related film
sex-and-the-city-2,romantic comedy
sex-and-the-city-2,sex comedy
sex-drive,comedy film
sex-drive,coming-of-age film
sex-drive,LGBTQ-related film
sex-drive,road movie
sex-drive,romantic comedy film
sex-drive,teen film
sex-lies-and-videotape,drama film
sexy-beast,crime film
sexy-beast,drama film
sexy-beast,heist film
sexy-beast,LGBTQ-related film
sexy-beast,thriller film
seymour-an-introduction,documentary film
sgt-stubby-an-american-hero,action film
sgt-stubby-an-american-hero,adventure film
sgt-stubby-an-american-hero,war film
shadow,action film
shadow,drama film
shadow-dancer,drama film
shadow-dancer,spy film
shadow-dancer,thriller film
shadow-in-the-cloud,action film
shadow-in-the-cloud,horror film
shadow-of-a-doubt,action film
shadow-of-a-doubt,crime drama film
shadow-of-a-doubt,crime film
shadow-of-a-doubt,crime thriller film
shadow-of-a-doubt,drama film
shadow-of-a-doubt,film noir
shadow-of-a-doubt,mystery film
shadow-of-a-doubt,psychological drama film
shadow-of-a-doubt,psychological thriller film
shadow-of-a-doubt,thriller film
shadow-of-the-vampire,drama film
shadow-of-the-vampire,horror film
shadow-of-the-vampire,vampire film
shadows-1969,art film
shadows-1969,drama film
shakespeare-in-love,biographical film
shakespeare-in-love,comedy drama
shakespeare-in-love,drama film
shakespeare-in-love,romantic comedy film
shall-we-kiss,romantic comedy
shallow-grave,black comedy film
shallow-grave,crime film
shallow-grave,thriller film
shallow-hal,drama film
shallow-hal,romantic comedy
shame,drama film
shame,erotic film
shane,drama film
shane,romance film
shane,Western film
shang-chi-and-the-legend-of-the-ten-rings,martial arts film
shang-chi-and-the-legend-of-the-ten-rings,superhero film
shanghai-express,drama film
shanghai-express,romance film
shanghai-noon,action film
shanghai-noon,buddy cop film
shanghai-noon,buddy film
shanghai-noon,comedy film
shanghai-noon,martial arts film
shanghai-noon,Western film
shaolin-soccer,action comedy film
shaolin-soccer,association football film
shaolin-soccer,martial arts film
share,drama film
shark-night-3d,action film
shark-night-3d,adventure film
shark-night-3d,comedy film
shark-night-3d,comedy horror film
shark-night-3d,drama film
shark-night-3d,horror film
shark-night-3d,mystery film
shark-night-3d,natural horror film
shark-night-3d,suspense film
shark-night-3d,teen film
shark-night-3d,thriller film
shark-tale,adventure film
shark-tale,children's film
shark-tale,comedy film
shark-tale,crime film
shark-tale,family film
sharkwater-extinction,documentary film
sharper,drama film
shattered-glass,biographical film
shattered-glass,crime film
shattered-glass,drama film
shaun-of-the-dead,buddy film
shaun-of-the-dead,comedy film
shaun-of-the-dead,horror film
shaun-of-the-dead,parody film
shaun-of-the-dead,romantic comedy
shaun-of-the-dead,zombie comedy
shaun-of-the-dead,zombie film
shaun-the-sheep-movie,adventure film
shaun-the-sheep-movie,comedy film
shayda,drama film
shazam!,action film
shazam!,Christmas film
shazam!,comedy film
shazam!,fantasy film
shazam!,superhero film
she-dies-tomorrow,thriller film
she-is-conann,action film
she-is-conann,drama film
she-is-conann,fantasy film
she-is-conann,speculative fiction film
she-rides-shotgun,crime film
she-said,biographical film
she-said,drama film
she-will,comedy drama
she-will,psychological horror film
she-wore-a-yellow-ribbon,war film
she-wore-a-yellow-ribbon,Western film
sherlock-holmes,action film
sherlock-holmes,adventure film
sherlock-holmes,buddy cop film
sherlock-holmes,crime thriller film
sherlock-holmes,mystery film
sherpa,documentary film
shes-beautiful-when-shes-angry,documentary film
shes-gotta-have-it,comedy drama
shes-gotta-have-it,drama film
shes-gotta-have-it,romantic comedy
shes-the-man,association football film
shes-the-man,LGBTQ-related film
shes-the-man,romantic comedy
shes-the-man,teen film
shin-ultraman,kaiju
shin-ultraman,superhero film
shin-ultraman,tokusatsu
shine,biographical film
shine,drama film
shine,musical film
shine,romance film
shine-a-light,music documentary film
shine-a-light,rockumentary
shirkers,documentary film
shirley,biographical film
shirley,drama film
shirley,thriller film
shirley-2024,biographical film
shirley-2024,drama film
shithouse,coming-of-age film
shithouse,romance film
shiva-baby,comedy film
shiva-baby,LGBTQ-related film
shoot-em-up,action film
shoot-em-up,thriller film
shooter,action film
shooter,mystery film
shooter,political thriller film
shooter,vigilante film
shooting-stars-2023,drama film
shooting-stars-2023,sport film
shoplifters,drama film
short-cuts,comedy drama
short-cuts,drama film
short-term-12,drama film
shortcomings,comedy drama
shot-caller,action film
shot-caller,crime film
shot-caller,drama film
shot-caller,prison film
shotgun-stories,drama film
shotgun-stories,Southern Gothic film
shotgun-stories,vigilante film
show-boat,musical film
show-me-love,coming-of-age film
show-me-love,drama film
show-me-love,LGBTQ-related film
show-me-love,romance film
show-me-love,teen film
showgirls,drama film
showgirls,erotic film
showgirls,LGBTQ-related film
showgirls,musical film
showgirls,sexploitation film
showing-up,comedy film
showing-up,drama film
shrek,adventure film
shrek,buddy film
shrek,cinematic fairy tale
shrek,fantasy comedy
shrek,fantasy film
shrek-2,action film
shrek-2,adventure film
shrek-2,cinematic fairy tale
shrek-2,comedy film
shrek-2,family film
shrek-2,fantasy comedy
shrek-2,fantasy film
shrek-forever-after,action film
shrek-forever-after,children's film
shrek-forever-after,cinematic fairy tale
shrek-forever-after,comedy film
shrek-forever-after,fantasy comedy
shrek-forever-after,fantasy film
shrek-forever-after,flashback film
shrek-the-third,action film
shrek-the-third,adventure film
shrek-the-third,cinematic fairy tale
shrek-the-third,fantasy comedy
shrek-the-third,fantasy film
shut-up-and-play-the-hits,documentary film
shutter-island,action film
shutter-island,adventure film
shutter-island,crime drama film
shutter-island,crime film
shutter-island,crime thriller film
shutter-island,drama film
shutter-island,horror film
shutter-island,mystery film
shutter-island,neo-noir
shutter-island,psychological drama film
shutter-island,psychological horror film
shutter-island,psychological thriller
shutter-island,psychological thriller film
shutter-island,suspense film
shutter-island,thriller film
siberia-2020,drama film
sibyl,comedy drama
sicario,action film
sicario,crime film
sicario,drama film
sicario,mystery film
sicario,thriller film
sicario-day-of-the-soldado,action film
sicario-day-of-the-soldado,crime film
sicario-day-of-the-soldado,drama film
sicario-day-of-the-soldado,mystery film
sicario-day-of-the-soldado,thriller film
sicilian-ghost-story,drama film
sick,horror film
sick,slasher film
sick-of-myself,black comedy film
sick-of-myself,comedy drama
sicko,documentary film
sid-and-nancy,biographical film
sid-and-nancy,drama film
sid-and-nancy,musical film
side-by-side,documentary film
side-effects-2013,crime film
side-effects-2013,drama film
side-effects-2013,LGBTQ-related film
sideways,buddy film
sideways,comedy drama
sideways,drama film
sideways,romantic comedy film
sieranevada,drama film
sierra-burgess-is-a-loser,romantic comedy film
sightseers,black comedy film
sightseers,comedy horror
sightseers,crime film
sightseers,horror film
sightseers,thriller film
sign-o-the-times,musical film
silence,drama film
silence,historical film
silent-friend,drama film
silent-light,drama film
silent-movie,comedy film
silent-movie,parody film
silent-movie,satirical film
silent-movie,silent film
silent-souls,drama film
silent-souls,road movie
silent-souls,romance film
silver-linings-playbook,American football film
silver-linings-playbook,Christmas film
silver-linings-playbook,comedy film
silver-linings-playbook,drama film
silver-linings-playbook,romantic comedy film
simon-killer,drama film
simple-passion,drama film
simple-passion,romance film
sin-city,action film
sin-city,adventure film
sin-city,anthology film
sin-city,crime drama film
sin-city,crime film
sin-city,crime thriller film
sin-city,drama film
sin-city,film noir
sin-city,gangster film
sin-city,mystery film
sin-city,neo-noir
sin-city,thriller film
sin-city,vigilante film
sin-nombre,adventure film
sin-nombre,crime film
sin-nombre,drama film
sin-nombre,hood film
sin-nombre,thriller film
sinbad-legend-of-the-seven-seas,adventure film
sinbad-legend-of-the-seven-seas,children's film
sinbad-legend-of-the-seven-seas,comedy film
sinbad-legend-of-the-seven-seas,fantasy film
sinbad-legend-of-the-seven-seas,pirate film
sing,comedy film
sing,drama film
sing,family film
sing,musical film
sing-sing,drama film
sing-street,comedy drama
sing-street,coming-of-age film
sing-street,drama film
sing-street,musical film
sing-your-song,biographical film
sing-your-song,documentary film
singin-in-the-rain,comedy film
singin-in-the-rain,musical film
singin-in-the-rain,romantic comedy film
singles,romantic comedy
sinners,drama film
sinners,fantasy film
sinners,horror film
sinners,thriller film
sinners,vampire film
sirat,drama film
sirat,post-apocalyptic film
sirat,road movie
sister-midnight,black comedy film
sister-midnight,horror film
sisters,comedy film
sisters-1973,drama film
sisters-1973,exploitation film
sisters-1973,horror film
sisters-1973,independent film
sisters-1973,mystery film
sisters-1973,neo-noir
sisters-1973,psychological drama film
sisters-1973,psychological horror film
sisters-1973,psychological thriller film
sisters-1973,slasher film
sisters-1973,thriller film
sisu,action film
sisu,war film
sisu-road-to-revenge,action film
sita-sings-the-blues,fantasy film
sita-sings-the-blues,musical film
sitting-in-bars-with-cake,drama film
sitting-in-bars-with-cake,romantic comedy film
six-days-seven-nights,adventure film
six-days-seven-nights,romantic comedy
six-degrees-of-separation,comedy drama
six-degrees-of-separation,drama film
six-degrees-of-separation,LGBTQ-related film
six-degrees-of-separation,mystery film
sixteen-candles,coming-of-age film
sixteen-candles,romantic comedy film
sixteen-candles,teen film
skate-kitchen,drama film
skate-kitchen,female buddy film
sketch,comedy film
sketch,fantasy film
skinamarink,experimental film
skinamarink,horror film
skincare,comedy film
skincare,horror film
skincare,mystery film
skincare,thriller film
sky-captain-and-the-world-of-tomorrow,action film
sky-captain-and-the-world-of-tomorrow,adventure film
sky-captain-and-the-world-of-tomorrow,alternate history film
sky-captain-and-the-world-of-tomorrow,dieselpunk
sky-captain-and-the-world-of-tomorrow,science fiction film
sky-captain-and-the-world-of-tomorrow,speculative fiction film
sky-high,children's film
sky-high,comedy film
sky-high,coming-of-age film
sky-high,fantasy film
sky-high,science fiction film
sky-high,superhero film
sky-high,teen film
skyfall,action film
skyfall,action thriller
skyfall,spy film
skyline,action film
skyline,apocalyptic film
skyline,science fiction film
skyline,speculative fiction film
skyline,thriller film
skyline,war film
skywalkers-a-love-story,documentary film
slack-bay,comedy film
slacker,comedy drama
slalom,drama film
slashback,adventure film
slashback,horror film
slashback,science fiction film
sleep-tight,drama film
sleep-tight,horror film
sleepaway-camp,horror film
sleepaway-camp,LGBTQ-related film
sleepaway-camp,slasher film
sleepaway-camp,teen film
sleeper,comedy film
sleeper,dystopian film
sleeper,science fiction comedy
sleeper,science fiction film
sleepers,buddy film
sleepers,coming-of-age film
sleepers,crime film
sleepers,drama film
sleepers,neo-noir
sleepers,prison film
sleepers,rape and revenge film
sleepers,thriller film
sleepers,trial film
sleeping-beauty,drama film
sleeping-beauty,erotic film
sleeping-beauty-1959,cinematic fairy tale
sleeping-beauty-1959,family film
sleeping-beauty-1959,fantasy film
sleeping-beauty-1959,musical film
sleeping-with-other-people,romantic comedy film
sleepless-in-seattle,comedy drama
sleepless-in-seattle,drama film
sleepless-in-seattle,romantic comedy film
sleepless-night,drama film
sleepless-night,romance film
sleepwalk-with-me,comedy film
sleepy-hollow,detective film
sleepy-hollow,fantasy film
sleepy-hollow,ghost film
sleepy-hollow,Gothic film
sleepy-hollow,gothic horror film
sleepy-hollow,horror film
sleepy-hollow,mystery film
sleepy-hollow,slasher film
sleepy-hollow,supernatural film
sleight,drama film
sleight,science fiction film
slice,comedy horror
slice,slasher film
sling-blade,drama film
slither,body horror film
slither,comedy film
slither,comedy horror
slither,horror film
slither,monster film
slither,science fiction film
slither,zombie comedy
slow,drama film
slow-west,action film
slow-west,thriller film
slow-west,Western film
slumdog-millionaire,coming-of-age film
slumdog-millionaire,crime film
slumdog-millionaire,drama film
slumdog-millionaire,romance film
sly-2023,biographical film
sly-2023,documentary film
sly-lives!-aka-the-burden-of-black-genius,documentary film
small-engine-repair,black comedy
small-engine-repair,drama film
small-things-like-these,drama film
small-time-crooks,comedy film
small-time-crooks,heist film
small-town-crime,thriller film
small-town-murder-songs,crime film
small-town-murder-songs,drama film
smallfoot,adventure film
smallfoot,comedy film
smallfoot,family film
smallfoot,musical film
smash-his-camera,documentary film
smashed,drama film
smile-2-2024,horror film
smile-2-2024,mystery film
smile-2-2024,thriller film
smile-2022,psychological horror film
smiley-face,comedy film
smithereens,independent film
smoke,drama film
smoke-sauna-sisterhood,documentary film
smoke-signals,buddy film
smoke-signals,comedy drama
smoke-signals,coming-of-age film
smoking-causes-coughing,action comedy film
snakes-on-a-plane,action film
snakes-on-a-plane,comedy film
snakes-on-a-plane,comedy horror
snakes-on-a-plane,crime thriller film
snakes-on-a-plane,thriller film
snatch,boxing film
snatch,crime comedy film
snow-white-and-the-huntsman,action film
snow-white-and-the-huntsman,cinematic fairy tale
snow-white-and-the-huntsman,drama film
snow-white-and-the-huntsman,fantasy film
snow-white-and-the-seven-dwarfs,cinematic fairy tale
snow-white-and-the-seven-dwarfs,fantasy film
snow-white-and-the-seven-dwarfs,musical film
snow-white-and-the-seven-dwarfs,romance film
snowden,action film
snowden,biographical film
snowden,drama film
snowden,thriller film
snowpiercer,action film
snowpiercer,drama film
snowpiercer,dystopian film
snowpiercer,post-apocalyptic film
snowpiercer,science fiction film
snowpiercer,steampunk film
snowpiercer,thriller film
society-of-the-snow,adventure film
society-of-the-snow,biographical film
society-of-the-snow,drama film
society-of-the-snow,historical film
society-of-the-snow,thriller film
socrates,drama film
socrates,LGBTQ-related film
soft-quiet,drama film
soft-quiet,horror film
soft-quiet,mystery film
soft-quiet,thriller film
solaris,adventure film
solaris,arthouse science fiction film
solaris,drama film
solaris,mystery film
solaris,psychological drama film
solaris,romance film
solaris,science fiction film
solaris-1972,adventure film
solaris-1972,art film
solaris-1972,arthouse science fiction film
solaris-1972,drama film
solaris-1972,science fiction film
solitary-man,comedy drama
solitary-man,drama film
solitary-man,romance film
solitary-man,romantic comedy
solo-a-star-wars-story,action film
solo-a-star-wars-story,fantasy film
solo-a-star-wars-story,science fiction film
solo-a-star-wars-story,space Western
solo-a-star-wars-story,speculative fiction film
some-like-it-hot,crime film
some-like-it-hot,drama film
some-like-it-hot,gangster film
some-like-it-hot,LGBTQ-related film
some-like-it-hot,musical film
some-like-it-hot,romantic comedy film
some-like-it-hot,screwball comedy film
somebody-i-used-to-know,romantic comedy
somebody-up-there-likes-me,comedy film
someone-great,comedy film
someone-great,LGBTQ-related film
somers-town,comedy film
somers-town,drama film
somersault,drama film
somersault,teen film
something-borrowed,romantic comedy
something-from-nothing-the-art-of-rap,documentary film
something-in-the-air,drama film
something-in-the-dirt,pseudo-documentary
something-wild,comedy drama
something-wild,crime film
something-wild,romantic comedy
somethings-gotta-give,comedy drama
somethings-gotta-give,comedy film
somethings-gotta-give,drama film
somethings-gotta-give,romantic comedy
sometimes-always-never,comedy drama
sometimes-i-think-about-dying,comedy drama
sometimes-i-think-about-dying,drama film
sometimes-i-think-about-dying,romance film
somewhere,comedy drama
somewhere,drama film
somewhere-in-queens,comedy film
somm,documentary film
son-of-saul,drama film
son-of-saul,war film
son-of-the-mask,comedy film
son-of-the-mask,fantasy film
sonatine,action film
sonatine,crime film
sonatine,drama film
song-of-the-sea,children's film
song-of-the-sea,family film
song-of-the-sea,fantasy film
song-sung-blue,biographical film
song-sung-blue,drama film
song-sung-blue,musical drama
song-sung-blue,musical film
songs-from-the-second-floor,drama film
songs-my-brothers-taught-me,drama film
sonic-the-hedgehog-3,action film
sonic-the-hedgehog-3,adventure film
sonic-the-hedgehog-3,animated film
sonic-the-hedgehog-3,comedy film
sonic-the-hedgehog-3,family film
sonic-the-hedgehog-3,live-action/animated film
sonic-the-hedgehog-3,science fiction film
sophie-scholl-the-final-days,biographical film
sophie-scholl-the-final-days,drama film
sophies-choice,drama film
sophies-choice,flashback film
sorority-row,horror film
sorority-row,slasher film
sorry-angel,comedy drama
sorry-angel,drama film
sorry-angel,LGBTQ-related film
sorry-baby,comedy film
sorry-baby,drama film
sorry-to-bother-you,comedy film
sorry-to-bother-you,fantasy film
sorry-to-bother-you,science fiction film
sorrynot-sorry,documentary film
soul,adventure film
soul,comedy drama
soul,fantasy film
soul,ghost film
soul-food,comedy drama
soul-food,comedy film
soul-kitchen,comedy film
soul-kitchen,drama film
soul-surfer,biographical film
soul-surfer,documentary film
soul-surfer,drama film
soul-surfer,sport film
soul-surfer,surf film
souleymanes-story,drama film
sound-and-fury,documentary film
sound-city,documentary film
sound-of-falling,drama film
sound-of-metal,drama film
sound-of-my-voice,thriller film
sound-of-noise,comedy film
sound-of-noise,crime film
sound-of-noise,drama film
soundtrack-to-a-coup-detat,documentary film
source-code,action film
source-code,drama film
source-code,mystery film
source-code,science fiction film
source-code,speculative fiction film
source-code,thriller film
source-code,time-travel film
south-park-bigger-longer-uncut,animated film with LGBT character(s)
south-park-bigger-longer-uncut,comedy film
south-park-bigger-longer-uncut,musical film
southbound,horror film
southbound,science fiction film
southbound,thriller film
southpaw-2015,action film
southpaw-2015,boxing film
southpaw-2015,drama film
southside-with-you,biographical film
southside-with-you,drama film
southside-with-you,romance film
sovereign,action film
sovereign,crime film
sovereign,thriller film
spa-night,drama film
spa-night,LGBTQ-related film
space-chimps,children's film
space-chimps,comedy film
space-chimps,fantasy film
space-chimps,science fiction comedy
space-chimps,science fiction film
space-cowboys,action comedy film
space-cowboys,adventure film
space-cowboys,buddy film
space-cowboys,drama film
space-cowboys,science fiction film
space-jam,children's film
space-jam,comedy film
space-jam,crossover fiction
space-jam,fantasy film
space-jam,live-action/animated film
space-jam,sport film
space-station-3d,documentary film
spaceballs,adventure film
spaceballs,comedy film
spaceballs,parody film
spaceballs,science fiction comedy
spaceballs,science fiction film
spaceship-earth,documentary film
spartacus,action film
spartacus,biographical film
spartacus,drama film
spartacus,epic film
spartacus,historical drama film
spartacus,historical film
spartacus,romance film
spartacus,sword-and-sandal film
spartacus,war film
spawn,action film
spawn,adventure film
spawn,fantasy film
spawn,horror film
spawn,superhero film
speak-no-evil,horror film
speak-no-evil,psychological film
speak-no-evil,thriller film
speak-no-evil-2024,psychological horror film
speak-no-evil-2024,psychological thriller film
species,horror film
species,monster film
species,science fiction film
species-ii,horror film
species-ii,monster film
species-ii,science fiction film
spectre,action film
spectre,adventure film
spectre,spy film
spectre,thriller film
speed,action film
speed,action thriller
speed,adventure film
speed,crime film
speed-2-cruise-control,action film
speed-2-cruise-control,thriller film
speed-racer,action film
speed-racer,comedy film
speed-racer,sport film
spellbound,documentary film
spellbound-1945,drama film
spellbound-1945,film noir
spellbound-1945,mystery film
spellbound-1945,psychological drama film
spellbound-1945,psychological thriller film
spellbound-1945,romance film
spellbound-1945,thriller film
spencer,biographical film
spencer,drama film
sphere,adventure film
sphere,mystery film
sphere,science fiction film
sphere,time-travel film
spider,drama film
spider,independent film
spider,mystery film
spider,psychological drama film
spider,psychological thriller film
spider,thriller film
spider-man,action film
spider-man,coming-of-age film
spider-man,drama film
spider-man,science fiction film
spider-man,superhero film
spider-man-2,action film
spider-man-2,drama film
spider-man-2,science fiction film
spider-man-2,superhero film
spider-man-2,thriller film
spider-man-3,action film
spider-man-3,drama film
spider-man-3,science fiction film
spider-man-3,superhero film
spider-man-3,thriller film
spider-man-across-the-spider-verse,action comedy film
spider-man-across-the-spider-verse,action film
spider-man-across-the-spider-verse,comedy film
spider-man-across-the-spider-verse,drama fiction
spider-man-across-the-spider-verse,superhero film
spider-man-brand-new-day,action film
spider-man-brand-new-day,adventure film
spider-man-brand-new-day,comedy film
spider-man-brand-new-day,fantasy film
spider-man-brand-new-day,science fiction film
spider-man-brand-new-day,superhero film
spider-man-far-from-home,action film
spider-man-far-from-home,adventure film
spider-man-far-from-home,science fiction film
spider-man-far-from-home,speculative fiction film
spider-man-far-from-home,superhero film
spider-man-homecoming,action film
spider-man-homecoming,superhero film
spider-man-into-the-spider-verse,action film
spider-man-into-the-spider-verse,adventure film
spider-man-into-the-spider-verse,comedy film
spider-man-into-the-spider-verse,drama film
spider-man-into-the-spider-verse,science fiction film
spider-man-into-the-spider-verse,superhero film
spider-man-no-way-home,action film
spider-man-no-way-home,adventure film
spider-man-no-way-home,science fiction film
spider-man-no-way-home,superhero film
spider-man-no-way-home,technofantasy
spin-me-round,black comedy film
spinal-tap-ii-the-end-continues,comedy film
spinal-tap-ii-the-end-continues,mockumentary
spirit-stallion-of-the-cimarron,adventure film
spirit-stallion-of-the-cimarron,coming-of-age film
spirit-stallion-of-the-cimarron,drama film
spirit-stallion-of-the-cimarron,family film
spirit-stallion-of-the-cimarron,musical film
spirit-stallion-of-the-cimarron,teen film
spirit-stallion-of-the-cimarron,Western film
spirited-away,children's film
spirited-away,coming-of-age film
spirited-away,drama film
spirited-away,fantasy anime and manga
spirited-away,fantasy film
spirited-away,isekai
spirited-away,supernatural anime
splash,comedy drama
splash,fantasy film
splash,romantic comedy
splendor-in-the-grass,coming-of-age film
splendor-in-the-grass,drama film
splendor-in-the-grass,romance film
splice,biopunk
splice,horror film
splice,science fiction film
splitsville,comedy film
spontaneous,fantasy film
spontaneous,science fiction film
spoor,crime film
spoor,drama film
spoor,mystery film
spoor,thriller film
spotlight,biographical film
spotlight,drama film
spring,drama film
spring,horror film
spring,romance film
spring,science fiction film
spring-breakers,comedy film
spring-breakers,crime film
spring-breakers,drama film
spring-breakers,girls with guns
spring-breakers,neo-noir
spring-summer-fall-winter-and-spring,drama film
springsteen-deliver-me-from-nowhere,biographical film
springsteen-deliver-me-from-nowhere,drama film
sputnik,drama film
sputnik,horror film
sputnik,mystery film
sputnik,science fiction film
sputnik,thriller film
spy,action comedy film
spy-game,action film
spy-game,action thriller
spy-game,flashback film
spy-game,political thriller film
spy-game,spy film
spy-kids,action film
spy-kids,comedy film
spy-kids,spy film
spy-kids-2-island-of-lost-dreams,action film
spy-kids-2-island-of-lost-dreams,adventure film
spy-kids-2-island-of-lost-dreams,comedy film
spy-kids-2-island-of-lost-dreams,family film
spy-kids-2-island-of-lost-dreams,spy film
spy-kids-all-the-time-in-the-world,action film
spy-kids-all-the-time-in-the-world,comedy film
spy-kids-all-the-time-in-the-world,spy film
spy-kids-all-the-time-in-the-world,time-travel film
spy-x-family-code-white,action anime
spy-x-family-code-white,gag anime
spy-x-family-code-white,thriller anime
st-vincent,comedy film
st-vincent,drama film
stagecoach,action film
stagecoach,drama film
stagecoach,Western film
stake-land,horror film
stake-land,post-apocalyptic film
stake-land,science fiction film
stake-land,vampire film
stakeout,action film
stakeout,buddy cop film
stakeout,buddy film
stakeout,comedy film
stakeout,detective film
stakeout,romantic comedy
stalag-17,Christmas film
stalag-17,comedy film
stalag-17,drama film
stalag-17,war film
stalker,art film
stalker,arthouse science fiction film
stalker,drama film
stalker,science fiction film
stan-lee,documentary film
stan-ollie,biographical film
stan-ollie,drama film
stand-and-deliver,biographical film
stand-and-deliver,coming-of-age film
stand-and-deliver,drama film
stand-and-deliver,teen film
stand-by-me,adventure film
stand-by-me,comedy film
stand-by-me,coming-of-age film
stand-by-me,drama film
stand-by-me,teen film
stand-clear-of-the-closing-doors,drama film
standard-operating-procedure,documentary film
standing-tall,coming-of-age film
standing-tall,drama film
standing-up-falling-down,comedy film
star-trek,action film
star-trek,adventure film
star-trek,drama film
star-trek,science fiction film
star-trek-beyond,action film
star-trek-beyond,adventure film
star-trek-beyond,LGBTQ-related film
star-trek-beyond,science fiction film
star-trek-beyond,thriller film
star-trek-first-contact,action film
star-trek-first-contact,adventure film
star-trek-first-contact,science fiction film
star-trek-first-contact,time-travel film
star-trek-generations,action film
star-trek-generations,adventure film
star-trek-generations,crossover fiction
star-trek-generations,science fiction film
star-trek-generations,time-travel film
star-trek-ii-the-wrath-of-khan,action film
star-trek-ii-the-wrath-of-khan,adventure film
star-trek-ii-the-wrath-of-khan,science fiction film
star-trek-ii-the-wrath-of-khan,thriller film
star-trek-into-darkness,action film
star-trek-into-darkness,adventure film
star-trek-into-darkness,science fiction action film
star-trek-into-darkness,science fiction film
star-trek-iv-the-voyage-home,adventure film
star-trek-iv-the-voyage-home,science fiction comedy
star-trek-iv-the-voyage-home,science fiction film
star-trek-iv-the-voyage-home,time-travel film
star-trek-nemesis,action film
star-trek-nemesis,adventure film
star-trek-nemesis,science fiction film
star-trek-v-the-final-frontier,action film
star-trek-v-the-final-frontier,adventure film
star-trek-v-the-final-frontier,science fiction film
star-trek-vi-the-undiscovered-country,action film
star-trek-vi-the-undiscovered-country,adventure film
star-trek-vi-the-undiscovered-country,science fiction film
star-wars-episode-i---the-phantom-menace,action film
star-wars-episode-i---the-phantom-menace,adventure film
star-wars-episode-i---the-phantom-menace,fantasy film
star-wars-episode-i---the-phantom-menace,science fiction film
star-wars-episode-ii---attack-of-the-clones,action film
star-wars-episode-ii---attack-of-the-clones,adventure film
star-wars-episode-ii---attack-of-the-clones,fantasy film
star-wars-episode-ii---attack-of-the-clones,science fiction film
star-wars-episode-iv---a-new-hope,action film
star-wars-episode-iv---a-new-hope,adventure film
star-wars-episode-iv---a-new-hope,coming-of-age film
star-wars-episode-iv---a-new-hope,science fiction film
star-wars-episode-iv---a-new-hope,space opera
star-wars-episode-v---the-empire-strikes-back,action film
star-wars-episode-v---the-empire-strikes-back,adventure film
star-wars-episode-v---the-empire-strikes-back,epic film
star-wars-episode-v---the-empire-strikes-back,fantasy film
star-wars-episode-v---the-empire-strikes-back,science fiction film
star-wars-episode-v---the-empire-strikes-back,space opera
star-wars-episode-vi---return-of-the-jedi,action film
star-wars-episode-vi---return-of-the-jedi,adventure film
star-wars-episode-vi---return-of-the-jedi,fantasy film
star-wars-episode-vi---return-of-the-jedi,science fiction film
star-wars-episode-vii---the-force-awakens,action film
star-wars-episode-vii---the-force-awakens,adventure film
star-wars-episode-vii---the-force-awakens,fantasy film
star-wars-episode-vii---the-force-awakens,science fiction film
star-wars-episode-vii---the-force-awakens,space opera
star-wars-episode-vii---the-force-awakens,speculative fiction film
star-wars-episode-viii---the-last-jedi,action film
star-wars-episode-viii---the-last-jedi,adventure film
star-wars-episode-viii---the-last-jedi,fantasy film
star-wars-episode-viii---the-last-jedi,science fiction film
star-wars-episode-viii---the-last-jedi,space opera
star-wars-the-clone-wars,action film
star-wars-the-clone-wars,adventure film
star-wars-the-clone-wars,science fiction film
stargate,action film
stargate,science fiction film
stargirl,romance film
starlet,drama film
starlet,female buddy film
starman,drama film
starman,romance film
starman,science fiction film
starred-up,crime film
starred-up,drama film
starred-up,prison film
stars-at-noon,drama film
stars-at-noon,romance film
stars-at-noon,thriller film
starship-troopers,action film
starship-troopers,dystopian film
starship-troopers,military science fiction
starship-troopers,monster film
starship-troopers,science fiction film
starship-troopers,thriller film
starsky-hutch,action film
starsky-hutch,buddy cop film
starsky-hutch,buddy film
starsky-hutch,comedy film
starter-for-10,comedy drama
starter-for-10,coming-of-age film
starting-out-in-the-evening,drama film
starve-acre,folk horror film
state-and-main,comedy film
state-and-main,drama film
state-of-play,drama film
state-of-play,political thriller film
stations-of-the-cross,drama film
stay,drama film
stay-alive,horror film
stay-alive,slasher film
stay-alive,teen film
stay-alive,vampire film
staying-vertical,drama film
staying-vertical,LGBTQ-related film
stefan-zweig-farewell-to-europe,biographical film
stefan-zweig-farewell-to-europe,drama film
step,documentary film
step-brothers,buddy film
step-brothers,comedy film
step-into-liquid,documentary film
step-up-2-the-streets,crime film
step-up-2-the-streets,drama film
step-up-2-the-streets,musical film
step-up-2-the-streets,romance film
step-up-2-the-streets,teen film
steve,drama film
steve-jobs,biographical film
steve-jobs,drama film
stigmata,horror film
still-a-michael-j-fox-movie,biographical film
still-a-michael-j-fox-movie,documentary film
still-alice,drama film
still-mine,drama film
still-mine,romance film
still-walking,drama film
stiller-meara-nothing-is-lost,documentary film
stillwater,drama film
stillwater,thriller film
sting,horror film
sting,thriller film
stoker,coming-of-age film
stoker,drama film
stoker,mystery film
stoker,teen film
stoker,thriller film
stone,action film
stone,drama film
stone,prison film
stonewalling,drama film
stop-making-sense,concert film
stop-making-sense,music documentary film
stop-that-train,action comedy film
stop-that-train,LGBTQ-related film
stopmotion,horror film
stopmotion,thriller film
stories-we-tell,autobiography
stories-we-tell,documentary film
storks,adventure film
storks,animated film with LGBT character(s)
storks,comedy film
storks,family film
storks,LGBTQ-related film
storm-boy,drama film
stowaway,drama film
stowaway,science fiction film
stowaway,thriller film
straight-outta-compton,biographical film
straight-outta-compton,crime film
straight-outta-compton,drama film
straight-outta-compton,hood film
straight-outta-compton,musical film
straight-up,LGBTQ-related film
strange-darling,horror film
strange-darling,thriller film
strange-harvest,horror film
strange-harvest,mockumentary
strange-world,adventure film
strange-world,animated film with LGBT character(s)
strange-world,fantasy film
strange-world,science fiction
stranger-by-the-lake,drama film
stranger-by-the-lake,erotic thriller
stranger-by-the-lake,LGBTQ-related film
stranger-by-the-lake,thriller film
stranger-than-paradise,comedy film
stranger-than-paradise,drama film
stranger-than-paradise,road movie
strangers-on-a-train,action film
strangers-on-a-train,crime drama film
strangers-on-a-train,crime film
strangers-on-a-train,crime thriller film
strangers-on-a-train,drama film
strangers-on-a-train,film noir
strangers-on-a-train,LGBTQ-related film
strangers-on-a-train,melodrama
strangers-on-a-train,mystery film
strangers-on-a-train,psychological drama film
strangers-on-a-train,psychological thriller film
strangers-on-a-train,romance film
strangers-on-a-train,thriller film
straw,crime film
straw,drama film
straw,thriller film
straw-dogs,drama film
straw-dogs,rape and revenge film
straw-dogs-1971,drama film
strawberry-mansion,adventure film
strawberry-mansion,fantasy film
strawberry-mansion,romance film
stray-dogs,thriller film
street-fight,documentary film
street-fighter-the-legend-of-chun-li,action film
street-fighter-the-legend-of-chun-li,crime thriller film
street-fighter-the-legend-of-chun-li,martial arts film
street-gang-how-we-got-to-sesame-street,documentary film
street-kings,crime film
street-kings,drama film
stress-positions,comedy film
stress-positions,drama film
strictly-ballroom,dance film
strictly-ballroom,romantic comedy
strictly-ballroom,sport film
strike-a-pose,documentary film
strike-a-pose,LGBTQ-related film
strong-island,documentary film
stronger,biographical film
stronger,drama film
stuart-little,comedy film
stuart-little,family film
stuart-little-2,comedy film
stuart-little-2,family film
studio-54,documentary film
styx,drama film
sublet,drama film
sublet,LGBTQ-related film
submarine,coming-of-age film
submarine,drama film
submarine,romantic comedy film
submarine,teen film
sucker-punch,action film
sucker-punch,fantasy film
sucker-punch,girls with guns
sucker-punch,thriller film
suffragette,drama film
sugar,drama film
sugar,sport film
sugarcane,documentary film
suitable-flesh,horror film
sujo,drama film
sullivans-travels,drama film
sullivans-travels,romantic comedy
sully,biographical film
sully,drama film
summer-1993,comedy drama
summer-hours,drama film
summer-of-69,comedy film
summer-of-84,drama film
summer-of-84,horror film
summer-of-84,mystery film
summer-of-85,drama film
summer-of-85,LGBTQ-related film
summer-of-85,romance film
summer-of-soul-or-when-the-revolution-could-not-be-televised,documentary film
summer-palace,coming-of-age film
summer-palace,drama film
summer-palace,romance film
summer-wars,romance anime
summer-wars,science fiction film
summerland,drama film
summertime,comedy film
summertime,drama film
sun-children,drama film
sun-choke,horror film
sun-choke,psychological thriller
suncoast,coming-of-age film
suncoast,drama film
sunlight-jr,drama film
sunrise-1927,drama film
sunrise-1927,romance film
sunrise-1927,silent film
sunset-boulevard,drama film
sunset-boulevard,film noir
sunset-boulevard,flashback film
sunset-song,drama film
sunshine-2000,drama film
sunshine-2000,historical film
sunshine-2000,romance film
sunshine-2000,war film
sunshine-superman,documentary film
super-8,action film
super-8,horror film
super-8,monster film
super-8,mystery film
super-8,science fiction film
super-8,thriller film
super-dark-times,drama film
super-dark-times,thriller film
super-mario-bros,action film
super-mario-bros,buddy film
super-mario-bros,dystopian film
super-mario-bros,fantasy film
super-mario-bros,science fiction film
super-size-me,documentary film
super-size-me-2-holy-chicken!,documentary film
superbabies-baby-geniuses-2,children's film
superbabies-baby-geniuses-2,comedy film
superbabies-baby-geniuses-2,fantasy film
superbabies-baby-geniuses-2,science fiction film
superbad,comedy film
superbad,coming-of-age film
superbad,high school film
superbad,sex comedy
superbad,teen film
supergirl,action film
supergirl,children's film
supergirl,fantasy film
supergirl,science fiction film
supergirl,teen film
superhero-movie,parody film
superhero-movie,superhero film
superhero-movie,teen film
superman,action film
superman,science fiction film
superman,superhero film
superman-2025,action film
superman-2025,adventure film
superman-2025,fantasy film
superman-2025,science fiction film
superman-2025,superhero film
superman-ii,action film
superman-ii,fantasy film
superman-ii,science fiction film
superman-iii,action film
superman-iii,comedy film
superman-iii,science fiction film
superman-iv-the-quest-for-peace,action film
superman-iv-the-quest-for-peace,science fiction film
superman-iv-the-quest-for-peace,speculative fiction film
superman-returns,action film
superman-returns,science fiction film
superman-the-christopher-reeve-story,documentary film
supermensch-the-legend-of-shep-gordon,documentary film
supernova-2020,drama film
supernova-2020,LGBTQ-related film
supernova-2020,road movie
support-the-girls,comedy film
surrogates,action film
surrogates,dystopian film
surrogates,mystery film
surrogates,psychological thriller
surrogates,science fiction film
surrounded,drama film
surrounded,Western film
surviving-progress,documentary film
suspicion,mystery film
suspicion,psychological thriller film
suspicion,romance film
suspicion,thriller film
suspiria,crime drama film
suspiria,crime film
suspiria,crime thriller film
suspiria,drama film
suspiria,experimental film
suspiria,exploitation film
suspiria,Gothic film
suspiria,gothic horror film
suspiria,horror film
suspiria,independent film
suspiria,mystery film
suspiria,supernatural film
suspiria,supernatural horror film
suspiria,suspense film
suspiria,thriller film
suspiria-2018,splatter film
suspiria-2018,thriller film
suzhou-river,neo-noir
suzhou-river,romance film
suzume,adventure anime
suzume,coming-of-age film
suzume,drama anime
suzume,fantasy anime
suzume,road movie
swallow,drama film
swallow,independent film
swallows-and-amazons,children's film
swallows-and-amazons,drama film
swan-song,drama film
swan-song-2021,drama film
swapped,adventure film
swapped,comedy film
swapped,family film
swapped,fantasy film
swat,action film
swat,crime film
swat,hood film
swat,thriller film
sweat,comedy drama
sweat,comedy film
sweat,drama film
sweeney-todd-the-demon-barber-of-fleet-street,crime drama film
sweeney-todd-the-demon-barber-of-fleet-street,crime film
sweeney-todd-the-demon-barber-of-fleet-street,crime thriller film
sweeney-todd-the-demon-barber-of-fleet-street,drama film
sweeney-todd-the-demon-barber-of-fleet-street,Gothic film
sweeney-todd-the-demon-barber-of-fleet-street,gothic horror film
sweeney-todd-the-demon-barber-of-fleet-street,horror film
sweeney-todd-the-demon-barber-of-fleet-street,musical drama
sweeney-todd-the-demon-barber-of-fleet-street,musical film
sweeney-todd-the-demon-barber-of-fleet-street,romance film
sweeney-todd-the-demon-barber-of-fleet-street,romantic horror film
sweeney-todd-the-demon-barber-of-fleet-street,slasher film
sweeney-todd-the-demon-barber-of-fleet-street,splatter film
sweeney-todd-the-demon-barber-of-fleet-street,thriller film
sweet-and-lowdown,comedy film
sweet-and-lowdown,drama film
sweet-and-lowdown,musical film
sweet-and-lowdown,pseudo-documentary
sweet-bean,drama film
sweet-country,drama film
sweet-country,Western film
sweet-land,independent film
sweet-sixteen,coming-of-age film
sweet-sixteen,crime film
sweet-sixteen,drama film
sweet-smell-of-success-re-release,drama film
sweet-smell-of-success-re-release,film noir
sweet-virginia,crime thriller film
sweetheart,horror film
sweetheart,robinsonade
sweetheart,thriller film
sweethearts,romantic comedy film
sweetie,comedy drama
sweetie,comedy film
swept-away,comedy drama
swept-away,drama film
swept-away,romantic comedy film
swimming-pool,drama film
swimming-pool,erotic thriller
swimming-pool,thriller film
swing-time,musical film
swing-time,romantic comedy
swingers,buddy film
swingers,comedy drama
swingers,drama film
swingers,romantic comedy
swiss-army-man,buddy film
swiss-army-man,comedy drama
swiss-army-man,drama film
swiss-army-man,tragicomedy
sword-of-trust,comedy film
swordfish,action film
swordfish,heist film
sx-acts,drama film
sylvies-love,drama film
sympathy-for-mr-vengeance,crime thriller film
sympathy-for-mr-vengeance,drama film
synchronic,drama film
synchronic,time-travel film
syndromes-and-a-century,drama film
synonyms,drama film
syriana,drama film
syriana,political thriller film
t2-trainspotting,black comedy film
t2-trainspotting,comedy drama
t2-trainspotting,crime film
t2-trainspotting,drama film
tab-hunter-confidential,documentary film
tab-hunter-confidential,LGBTQ-related film
tabloid,documentary film
taboo,drama film
taboo,LGBTQ-related film
tabu,drama film
tabu,romance film
tadpole,coming-of-age film
tadpole,romantic comedy film
tag,comedy film
take-me,screwball comedy film
take-me-home-tonight,coming-of-age film
take-me-home-tonight,romantic comedy film
take-me-to-the-river,documentary film
take-me-to-the-river-2015,drama film
take-me-to-the-river-2015,LGBTQ-related film
take-my-eyes,drama film
take-shelter,apocalyptic film
take-shelter,drama film
take-shelter,psychological thriller
take-this-waltz,comedy film
take-this-waltz,drama film
taken,action film
taken,crime film
taken,thriller film
taken,vigilante film
takers,action film
takers,drama film
takers,heist film
taking-lives,crime film
taking-lives,drama film
tale-of-tales,cinematic fairy tale
tale-of-tales,horror film
tale-of-tales,romance film
tale-of-tales,speculative fiction film
tales-from-the-golden-age,anthology film
tales-from-the-golden-age,comedy film
tales-of-the-grim-sleeper,documentary film
tales-of-the-grim-sleeper,true crime
tales-of-the-night,children's film
tales-of-the-night,fantasy film
talk-to-her,drama film
talk-to-her,romance film
talk-to-me,biographical film
talk-to-me,drama film
talladega-nights-the-ballad-of-ricky-bobby,action film
talladega-nights-the-ballad-of-ricky-bobby,comedy film
talladega-nights-the-ballad-of-ricky-bobby,LGBTQ-related film
tallulah,drama film
tallulah,LGBTQ-related film
tamara-drewe,independent film
tamara-drewe,romantic comedy film
tampopo,comedy film
tangerine,Christmas film
tangerine,comedy drama
tangerine,LGBTQ-related film
tangerine,transgender film
tangerines,drama film
tangerines,war film
tangled,cinematic fairy tale
tangled,comedy film
tangled,coming-of-age film
tangled,musical film
tanna,drama film
tanna,romance film
tantura,documentary film
tape,drama film
tape,romance film
tar-2022,drama film
tar-2022,LGBTQ-related film
tar-2022,musical film
tar-2022,psychological film
tarnation,documentary film
tarnation,LGBTQ-related film
tarnation,teen film
tarzan,adventure film
tarzan,comedy drama
tarzan,drama fiction
tarzan,family film
tarzan,musical film
taste-of-cherry,drama film
taste-of-cherry,road movie
taxi,action film
taxi,buddy cop film
taxi,comedy film
taxi,screwball comedy film
taxi,thriller film
taxi-driver-1976,action film
taxi-driver-1976,crime drama film
taxi-driver-1976,crime film
taxi-driver-1976,crime thriller film
taxi-driver-1976,drama film
taxi-driver-1976,film noir
taxi-driver-1976,neo-noir
taxi-driver-1976,police procedural film
taxi-driver-1976,psychological drama film
taxi-driver-1976,psychological thriller film
taxi-driver-1976,suspense film
taxi-driver-1976,thriller film
taxi-driver-1976,vigilante film
taxi-to-the-dark-side,crime film
taxi-to-the-dark-side,documentary film
taxi-to-the-dark-side,war film
taxidermia,art film
taxidermia,black comedy film
taxidermia,comedy film
taxidermia,comedy horror
taxidermia,drama film
taxidermia,horror film
taylor-swift-the-eras-tour,concert film
taylor-swift-the-eras-tour,documentary film
tea-with-the-dames,documentary film
teachers-pet,fantasy film
teachers-pet,musical film
tears-of-the-black-tiger,Western film
ted,Christmas film
ted,comedy film
ted,fantasy film
ted-k,crime film
ted-k,drama film
teddy-bear,drama film
teddy-bear,fiction film
teen-spirit,drama film
teen-spirit,musical film
teen-titans-go!-to-the-movies,action film
teen-titans-go!-to-the-movies,comedy film
teen-titans-go!-to-the-movies,family film
teen-titans-go!-to-the-movies,musical film
teen-titans-go!-to-the-movies,speculative fiction film
teen-titans-go!-to-the-movies,teen film
teenage-mutant-ninja-turtles-1990,action film
teenage-mutant-ninja-turtles-1990,comedy film
teenage-mutant-ninja-turtles-1990,fantasy film
teenage-mutant-ninja-turtles-1990,ninja film
teenage-mutant-ninja-turtles-1990,science fiction film
teenage-mutant-ninja-turtles-mutant-mayhem,action film
teenage-mutant-ninja-turtles-mutant-mayhem,adventure film
teenage-mutant-ninja-turtles-mutant-mayhem,animated film
teenage-mutant-ninja-turtles-mutant-mayhem,comedy film
teenage-mutant-ninja-turtles-mutant-mayhem,ninja film
teenage-mutant-ninja-turtles-mutant-mayhem,superhero film
teenage-sex-and-death-at-camp-miasma,comedy horror
teenage-sex-and-death-at-camp-miasma,drama film
teenage-sex-and-death-at-camp-miasma,horror film
teenage-sex-and-death-at-camp-miasma,romance film
teenage-sex-and-death-at-camp-miasma,satirical film
teenage-sex-and-death-at-camp-miasma,slasher film
teeth,body horror film
teeth,comedy horror
teeth,rape and revenge film
tehran-taboo,drama film
tel-aviv-on-fire,comedy drama
tel-aviv-on-fire,romance film
tel-aviv-on-fire,satire
tell-me-who-i-am,documentary film
tell-no-one,crime film
tell-no-one,drama film
tell-no-one,flashback film
tell-no-one,LGBTQ-related film
tell-no-one,mystery film
tell-no-one,thriller film
tell-them-who-you-are,biographical film
tell-them-who-you-are,documentary film
temblores,drama film
ten,art film
ten,drama film
ten-canoes,adventure film
ten-thousand-saints,drama film
tenacious-d-in-the-pick-of-destiny,comedy film
tenacious-d-in-the-pick-of-destiny,musical film
tender-mercies,drama film
tender-mercies,musical film
tenebrae,drama film
tenebrae,exploitation film
tenebrae,giallo
tenebrae,horror film
tenebrae,LGBTQ-related film
tenebrae,mystery film
tenebrae,psychological drama film
tenebrae,psychological horror film
tenebrae,psychological thriller film
tenebrae,slasher film
tenebrae,suspense film
tenebrae,thriller film
tenet,action film
tenet,science fiction film
tenet,spy film
tenet,thriller film
tenet,time-travel film
terminator-2-judgment-day,action film
terminator-2-judgment-day,adventure film
terminator-2-judgment-day,black comedy film
terminator-2-judgment-day,chase film
terminator-2-judgment-day,comedy film
terminator-2-judgment-day,cyberpunk
terminator-2-judgment-day,drama film
terminator-2-judgment-day,dystopian film
terminator-2-judgment-day,girls with guns
terminator-2-judgment-day,post-apocalyptic film
terminator-2-judgment-day,science fiction action film
terminator-2-judgment-day,science fiction film
terminator-2-judgment-day,suspense film
terminator-2-judgment-day,techno-thriller
terminator-2-judgment-day,thriller film
terminator-2-judgment-day,time-travel film
terminator-3-rise-of-the-machines,action film
terminator-3-rise-of-the-machines,adventure film
terminator-3-rise-of-the-machines,apocalyptic film
terminator-3-rise-of-the-machines,chase film
terminator-3-rise-of-the-machines,cyberpunk
terminator-3-rise-of-the-machines,dystopian film
terminator-3-rise-of-the-machines,science fiction action film
terminator-3-rise-of-the-machines,science fiction film
terminator-3-rise-of-the-machines,suspense film
terminator-3-rise-of-the-machines,techno-thriller
terminator-3-rise-of-the-machines,thriller film
terminator-3-rise-of-the-machines,time-travel film
terminator-salvation,action film
terminator-salvation,adventure film
terminator-salvation,chase film
terminator-salvation,cyberpunk
terminator-salvation,drama film
terminator-salvation,dystopian film
terminator-salvation,post-apocalyptic film
terminator-salvation,science fiction action film
terminator-salvation,science fiction film
terminator-salvation,techno-thriller
terminator-salvation,thriller film
terminator-salvation,war film
terms-and-conditions-may-apply,documentary film
terms-of-endearment,comedy drama
terms-of-endearment,drama film
terms-of-endearment,romantic comedy film
terrestrial-verses,drama film
terri,comedy drama
terri,coming-of-age film
terri,teen film
terribly-happy,crime film
terribly-happy,drama film
terribly-happy,neo-noir
terribly-happy,thriller film
terrifier-2,slasher film
terrifier-2,splatter film
terrifier-3,slasher film
terrifier-3,splatter film
terrors-advocate,documentary film
tesla,drama film
tess,drama film
test,silent film
testament,disaster film
testament,drama film
testament,post-apocalyptic film
testament-of-youth,biographical film
testament-of-youth,drama film
testament-of-youth,historical film
tetris,biographical film
tetris,thriller film
texas-chainsaw-massacre-the-next-generation,horror film
texas-chainsaw-massacre-the-next-generation,LGBTQ-related film
texas-chainsaw-massacre-the-next-generation,slasher film
texas-chainsaw-massacre-the-next-generation,teen film
thank-you-for-smoking,comedy drama
thank-you-for-smoking,comedy film
thank-you-for-smoking,drama film
thank-you-for-your-service-2017,drama film
thank-you-for-your-service-2017,war film
thanksgiving,horror film
thanksgiving,slasher film
that-christmas,Christmas film
that-christmas,comedy film
that-christmas,family film
that-christmas,fantasy film
that-evening-sun,drama film
that-sugar-film,documentary film
that-thing-you-do!,comedy drama
that-thing-you-do!,coming-of-age film
that-thing-you-do!,drama film
that-thing-you-do!,musical film
that-thing-you-do!,romantic comedy film
thats-entertainment!,documentary film
thats-entertainment!,musical film
the-100-year-old-man-who-climbed-out-the-window-and-disappeared,adventure
the-100-year-old-man-who-climbed-out-the-window-and-disappeared,adventure film
the-100-year-old-man-who-climbed-out-the-window-and-disappeared,black comedy
the-100-year-old-man-who-climbed-out-the-window-and-disappeared,comedy film
the-100-year-old-man-who-climbed-out-the-window-and-disappeared,tragicomedy
the-12th-man,biographical film
the-13th-warrior,action film
the-13th-warrior,adventure film
the-13th-warrior,fantasy film
the-13th-warrior,medieval film
the-13th-warrior,thriller film
the-39-steps,crime film
the-39-steps,drama film
the-39-steps,mystery film
the-39-steps,spy film
the-39-steps,thriller film
the-40-year-old-virgin,buddy film
the-40-year-old-virgin,romantic comedy
the-40-year-old-virgin,sex comedy
the-6th-day,action film
the-6th-day,cyberpunk
the-6th-day,science fiction film
the-6th-day,thriller film
the-a-team,action comedy film
the-a-team,action film
the-a-team,action thriller
the-a-team,adventure film
the-a-team,heist film
the-abyss,adventure film
the-abyss,drama film
the-abyss,mystery film
the-abyss,science fiction film
the-accidental-getaway-driver,crime film
the-accidental-getaway-driver,drama film
the-accountant-2,action film
the-accountant-2,thriller film
the-act-of-killing,documentary film
the-actor,crime film
the-actor,drama film
the-actor,mystery film
the-actor,thriller film
the-addams-family,comedy film
the-addams-family,horror film
the-adjustment-bureau,action film
the-adjustment-bureau,fantasy film
the-adjustment-bureau,romance film
the-adjustment-bureau,science fiction film
the-adjustment-bureau,thriller film
the-adults,comedy drama
the-adventures-of-baron-munchausen,adventure film
the-adventures-of-baron-munchausen,comedy film
the-adventures-of-baron-munchausen,fantasy film
the-adventures-of-buckaroo-banzai-across-the-8th-dimension,comedy film
the-adventures-of-buckaroo-banzai-across-the-8th-dimension,science fiction comedy
the-adventures-of-buckaroo-banzai-across-the-8th-dimension,science fiction film
the-adventures-of-buckaroo-banzai-across-the-8th-dimension,superhero film
the-adventures-of-milo-and-otis,adventure film
the-adventures-of-milo-and-otis,children's film
the-adventures-of-milo-and-otis,comedy film
the-adventures-of-milo-and-otis,drama film
the-adventures-of-priscilla-queen-of-the-desert,buddy film
the-adventures-of-priscilla-queen-of-the-desert,comedy drama
the-adventures-of-priscilla-queen-of-the-desert,LGBTQ-related film
the-adventures-of-priscilla-queen-of-the-desert,road movie
the-adventures-of-priscilla-queen-of-the-desert,transgender film
the-adventures-of-robin-hood-re-release,action film
the-adventures-of-robin-hood-re-release,drama film
the-adventures-of-robin-hood-re-release,medieval film
the-adventures-of-robin-hood-re-release,swashbuckler film
the-adventures-of-robin-hood-re-release,vigilante film
the-adventures-of-sharkboy-and-lavagirl-3-d,black comedy
the-adventures-of-sharkboy-and-lavagirl-3-d,fantasy film
the-adventures-of-sharkboy-and-lavagirl-3-d,horror film
the-adventures-of-sharkboy-and-lavagirl-3-d,romantic comedy film
the-adventures-of-sharkboy-and-lavagirl-3-d,superhero film
the-adventures-of-sharkboy-and-lavagirl-3-d,teen film
the-adventures-of-tintin,action film
the-adventures-of-tintin,adventure film
the-adventures-of-tintin,comedy film
the-adventures-of-tintin,detective film
the-adventures-of-tintin,family film
the-adventures-of-tintin,fantasy film
the-adventures-of-tintin,mystery film
the-adventures-of-tintin,pirate film
the-adventures-of-tintin,treasure hunt film
the-aeronauts,action film
the-aeronauts,adventure film
the-aeronauts,biographical film
the-aeronauts,drama film
the-african-queen,drama film
the-african-queen,romantic comedy
the-age-of-innocence,drama film
the-age-of-innocence,historical drama film
the-age-of-innocence,romance film
the-age-of-shadows,drama film
the-alabama-solution,documentary film
the-alpinist,documentary film
the-amazing-spider-man,action film
the-amazing-spider-man,biopunk
the-amazing-spider-man,science fiction film
the-amazing-spider-man,superhero film
the-amazing-spider-man,teen film
the-amazing-spider-man,thriller film
the-ambassador,comedy film
the-ambassador,documentary film
the-american,thriller film
the-american-friend,crime film
the-american-friend,drama film
the-american-friend,neo-noir
the-american-meme,documentary film
the-american-president,comedy drama
the-american-president,drama film
the-american-president,romantic comedy
the-amusement-park,drama film
the-amusement-park,horror film
the-amusement-park,psychological drama film
the-amusement-park,psychological horror film
the-amusement-park,psychological thriller film
the-amusement-park,suspense film
the-amusement-park,thriller film
the-angels-share,comedy film
the-angels-share,crime film
the-angels-share,drama film
the-angels-share,heist film
the-angry-birds-movie-2,comedy film
the-animal-kingdom,adventure film
the-animal-kingdom,drama film
the-animal-kingdom,science fiction film
the-animal-kingdom,speculative fiction film
the-annihilation-of-fish,romance film
the-ant-bully,comedy drama
the-apartment,Christmas film
the-apartment,drama film
the-apartment,romantic comedy film
the-apostle,drama film
the-apprentice,biographical film
the-arbor,biographical film
the-arbor,documentary film
the-aristocrats,documentary film
the-armstrong-lie,documentary film
the-art-of-getting-by,drama film
the-art-of-getting-by,romantic comedy
the-art-of-getting-by,teen film
the-art-of-self-defense,black comedy film
the-art-of-self-defense,comedy film
the-art-of-the-steal,documentary film
the-artist,comedy drama
the-artist,comedy film
the-artist,drama film
the-artist,romance film
the-artist,romantic comedy film
the-artist,silent film
the-asphalt-jungle,drama film
the-asphalt-jungle,film noir
the-asphalt-jungle,heist film
the-assassin,drama film
the-assassin,martial arts film
the-assessment,science fiction film
the-assessment,thriller film
the-attack,drama film
the-aura,drama film
the-aura,mystery film
the-aura,neo-noir
the-aura,thriller film
the-auschwitz-report,drama film
the-auschwitz-report,historical film
the-auschwitz-report,war film
the-autobiography-of-nicolae-ceausescu,biographical film
the-autopsy-of-jane-doe,ghost film
the-autopsy-of-jane-doe,horror film
the-avengers,action film
the-avengers,science fiction film
the-avengers,spy film
the-avengers-2012,action film
the-avengers-2012,adventure film
the-avengers-2012,crossover fiction
the-avengers-2012,science fiction film
the-avengers-2012,speculative fiction film
the-avengers-2012,superhero film
the-aviator,adventure film
the-aviator,biographical film
the-aviator,drama film
the-aviator,epic film
the-aviator,historical drama film
the-aviator,historical film
the-aviator,thriller film
the-awful-truth,comedy of remarriage
the-awful-truth,romantic comedy film
the-baader-meinhof-complex,action film
the-baader-meinhof-complex,biographical film
the-baader-meinhof-complex,crime film
the-baader-meinhof-complex,drama film
the-baader-meinhof-complex,political thriller film
the-babadook,drama film
the-babadook,horror film
the-bad-and-the-beautiful,drama film
the-bad-and-the-beautiful,flashback film
the-bad-batch,cannibal film
the-bad-batch,dystopian film
the-bad-batch,horror film
the-bad-batch,romantic comedy
the-bad-guys,adventure film
the-bad-guys,comedy film
the-bad-guys,crime film
the-bad-guys,family film
the-bad-guys-2,comedy film
the-bad-guys-2,heist film
the-bad-lieutenant-port-of-call---new-orleans,crime film
the-bad-lieutenant-port-of-call---new-orleans,drama film
the-bad-news-bears,comedy film
the-bad-news-bears,coming-of-age film
the-ballad-of-buster-scruggs,anthology film
the-ballad-of-buster-scruggs,black comedy film
the-ballad-of-buster-scruggs,drama film
the-ballad-of-buster-scruggs,Western film
the-ballad-of-lefty-brown,action film
the-ballad-of-lefty-brown,drama film
the-ballad-of-lefty-brown,Western film
the-ballad-of-wallis-island,comedy film
the-baltimorons,comedy film
the-band-wagon,musical film
the-band-wagon,romantic comedy
the-bands-visit,comedy film
the-bands-visit,drama film
the-banishment,drama film
the-banishment,romance film
the-bank-job,crime film
the-bank-job,drama film
the-bank-job,heist film
the-bank-job,thriller film
the-banker,drama film
the-banshees-of-inisherin,black comedy
the-banshees-of-inisherin,comedy film
the-banshees-of-inisherin,drama film
the-banshees-of-inisherin,tragicomedy
the-barbarian-invasions,comedy film
the-barbarian-invasions,drama film
the-barefoot-contessa,drama film
the-barefoot-contessa,flashback film
the-barefoot-contessa,romance film
the-batman,action film
the-batman,crime film
the-batman,detective film
the-batman,drama film
the-batman,superhero film
the-batman,thriller film
the-battered-bastards-of-baseball,documentary film
the-battle-of-algiers,drama film
the-battle-of-algiers,historical film
the-battle-of-algiers,war film
the-bay,found footage film
the-bay,horror film
the-bay,science fiction film
the-bay,thriller film
the-beach,adventure film
the-beach,drama film
the-beach,melodrama
the-beach,psychological thriller film
the-beach,thriller film
the-beach-boys,documentary film
the-beach-house,horror film
the-beach-house,natural horror film
the-beaches-of-agnes,documentary film
the-beasts,drama film
the-beasts,thriller film
the-beat-that-my-heart-skipped,crime film
the-beat-that-my-heart-skipped,drama film
the-beat-that-my-heart-skipped,romance film
the-beatles-eight-days-a-week---the-touring-years,music documentary film
the-beautiful-city,crime film
the-beautiful-game,association football film
the-beautiful-game,drama film
the-beautiful-game,sport film
the-beaver,comedy film
the-beaver,drama film
the-bee-gees-how-can-you-mend-a-broken-heart,documentary film
the-bee-gees-how-can-you-mend-a-broken-heart,music-themed film
the-beguiled,drama film
the-believer,coming-of-age film
the-believer,drama film
the-benchwarmers,buddy film
the-benchwarmers,comedy film
the-best-christmas-pageant-ever,Christmas film
the-best-christmas-pageant-ever,comedy film
the-best-christmas-pageant-ever,drama film
the-best-exotic-marigold-hotel,comedy film
the-best-exotic-marigold-hotel,drama film
the-best-exotic-marigold-hotel,LGBTQ-related film
the-best-intentions,drama film
the-best-intentions,melodrama
the-best-intentions,romance film
the-best-man-holiday,Christmas film
the-best-man-holiday,comedy drama
the-best-man-holiday,comedy film
the-best-man-holiday,romantic comedy
the-best-of-youth,drama film
the-best-of-youth,melodrama
the-best-years-of-our-lives,drama film
the-best-years-of-our-lives,war film
the-beta-test,comedy drama
the-beta-test,horror film
the-beta-test,thriller film
the-bfg,adventure film
the-bfg,family film
the-bfg,fantasy film
the-bfg,teen film
the-bibi-files,documentary film
the-big-easy,action film
the-big-easy,crime film
the-big-easy,drama film
the-big-easy,neo-noir
the-big-lebowski,comedy film
the-big-lebowski,comedy of error
the-big-lebowski,crime film
the-big-lebowski,film noir
the-big-picture,drama film
the-big-red-one,drama film
the-big-risk,buddy film
the-big-risk,crime film
the-big-risk,drama film
the-big-risk,police film
the-big-risk,spy film
the-big-risk,thriller film
the-big-short,biographical film
the-big-short,comedy drama
the-big-short,crime film
the-big-short,drama film
the-big-sick,romantic comedy film
the-big-sleep,crime film
the-big-sleep,drama film
the-big-sleep,film noir
the-big-year,comedy film
the-biggest-little-farm,documentary film
the-bikeriders,crime film
the-bikeriders,drama film
the-bikeriders,outlaw biker film
the-birdcage,comedy film
the-birdcage,LGBTQ-related film
the-birdcage,musical film
the-birds,action film
the-birds,adventure film
the-birds,drama film
the-birds,horror film
the-birds,melodrama
the-birds,mystery film
the-birds,natural horror film
the-birds,suspense film
the-birds,thriller film
the-birth-of-a-nation,biographical film
the-birth-of-a-nation,drama film
the-bishops-wife,Christmas film
the-bishops-wife,drama film
the-bishops-wife,fantasy film
the-bishops-wife,romantic comedy
the-bitter-tears-of-petra-von-kant,art film
the-bitter-tears-of-petra-von-kant,drama film
the-bitter-tears-of-petra-von-kant,LGBTQ-related film
the-black-cauldron,adventure film
the-black-cauldron,coming-of-age film
the-black-cauldron,dark fantasy
the-black-cauldron,fantasy film
the-black-dahlia,crime drama film
the-black-dahlia,crime film
the-black-dahlia,crime thriller film
the-black-dahlia,drama film
the-black-dahlia,film noir
the-black-dahlia,horror film
the-black-dahlia,LGBTQ-related film
the-black-dahlia,mystery film
the-black-dahlia,neo-noir
the-black-dahlia,thriller film
the-black-panthers-vanguard-of-the-revolution,documentary film
the-black-phone,ghost film
the-black-phone,horror film
the-black-phone,supernatural horror film
the-black-phone,thriller film
the-black-power-mixtape-1967-1975,documentary film
the-black-stallion,adventure film
the-black-stallion,children's film
the-black-stallion,family film
the-black-stallion,sport film
the-blackcoats-daughter,drama film
the-blackcoats-daughter,horror film
the-blackcoats-daughter,thriller film
the-blackening,comedy horror film
the-blair-witch-project,found footage film
the-blair-witch-project,horror film
the-blair-witch-project,mystery film
the-blair-witch-project,psychological horror fiction
the-bleeding-edge,documentary film
the-blind-man-who-did-not-want-to-see-titanic,drama film
the-blind-side,American football film
the-blind-side,biographical film
the-blind-side,comedy drama
the-blind-side,drama film
the-blind-side,white savior film
the-blind-swordsman-zatoichi,action film
the-blind-swordsman-zatoichi,drama film
the-bling-ring,comedy film
the-bling-ring,crime film
the-bling-ring,detective film
the-bling-ring,drama film
the-blue-angel,drama film
the-blue-caftan,comedy film
the-blue-caftan,drama film
the-blue-caftan,LGBTQ-related film
the-blue-caftan,romance film
the-blue-room,crime film
the-blue-room,drama film
the-blue-room,film noir
the-blue-room,thriller film
the-blues-brothers,comedy film
the-blues-brothers,musical film
the-bluff,action film
the-bluff,drama film
the-bluff,pirate film
the-bluff,swashbuckler film
the-bobs-burgers-movie,comedy film
the-bobs-burgers-movie,musical film
the-body-remembers-when-the-world-broke-open,drama film
the-body-snatcher,fantasy film
the-body-snatcher,horror film
the-bodyguard,crime film
the-bodyguard,drama film
the-bodyguard,romance film
the-bodyguard,thriller film
the-bone-collector,buddy cop film
the-bone-collector,drama film
the-bone-collector,horror film
the-bone-collector,psychological thriller film
the-bone-collector,thriller film
the-book-of-clarence,Bible film
the-book-of-clarence,epic film
the-book-of-eli,action film
the-book-of-eli,post-apocalyptic film
the-book-of-eli,thriller film
the-book-of-life,fantasy film
the-booksellers,documentary film
the-bookshop,drama film
the-boondock-saints,action film
the-boondock-saints,buddy film
the-boondock-saints,crime thriller film
the-boondock-saints,drama film
the-boondock-saints,LGBTQ-related film
the-boondock-saints,vigilante film
the-boondock-saints-ii-all-saints-day,action film
the-boondock-saints-ii-all-saints-day,buddy film
the-boondock-saints-ii-all-saints-day,drama film
the-boondock-saints-ii-all-saints-day,vigilante film
the-boss-of-it-all,comedy film
the-bounty-hunter,action film
the-bounty-hunter,romantic comedy
the-bourne-identity,action film
the-bourne-identity,action thriller
the-bourne-identity,mystery film
the-bourne-identity,political thriller film
the-bourne-identity,spy film
the-bourne-identity,thriller film
the-bourne-legacy,action film
the-bourne-legacy,action thriller
the-bourne-legacy,adventure film
the-bourne-legacy,spy film
the-bourne-legacy,thriller film
the-bourne-supremacy,action film
the-bourne-supremacy,action thriller
the-bourne-supremacy,spy film
the-bourne-supremacy,thriller film
the-bourne-ultimatum,action film
the-bourne-ultimatum,action thriller
the-bourne-ultimatum,mystery film
the-bourne-ultimatum,spy film
the-bourne-ultimatum,thriller film
the-box,drama film
the-box,psychological thriller
the-box,science fiction film
the-boxer,boxing film
the-boxer,drama film
the-boxer,romance film
the-boxtrolls,adventure film
the-boxtrolls,comedy film
the-boxtrolls,fantasy film
the-boy-and-the-beast,coming-of-age film
the-boy-and-the-beast,fantasy anime
the-boy-and-the-beast,supernatural anime
the-boy-and-the-heron,adventure film
the-boy-and-the-heron,drama film
the-boy-and-the-heron,fantasy film
the-boy-in-the-striped-pajamas,drama film
the-boy-who-harnessed-the-wind,drama film
the-boys-in-the-band,drama film
the-boys-in-the-band,LGBTQ-related film
the-boys-of-baraka,documentary film
the-boys-the-sherman-brothers-story,documentary film
the-brand-new-testament,black comedy film
the-brand-new-testament,fantasy film
the-breadwinner,drama fiction
the-breadwinner,drama film
the-breadwinner,family film
the-breadwinner,fantasy film
the-break-up,drama film
the-break-up,romantic comedy film
the-breaker-upperers,comedy film
the-breaker-upperers,romance film
the-breakfast-club,comedy drama
the-breakfast-club,coming-of-age film
the-breakfast-club,drama film
the-breakfast-club,teen film
the-breaking-ice,drama film
the-bride-of-frankenstein,horror film
the-bride-of-frankenstein,LGBTQ-related film
the-bride-of-frankenstein,science fiction film
the-bridesmaid,drama film
the-bridesmaid,psychological thriller
the-bridesmaid,romance film
the-bridge-on-the-river-kwai,drama film
the-bridge-on-the-river-kwai,war film
the-bridges-of-madison-county,drama film
the-bridges-of-madison-county,flashback film
the-bridges-of-madison-county,romance film
the-brink,documentary film
the-broken-circle-breakdown,drama film
the-broken-circle-breakdown,romance film
the-broken-hearts-gallery,drama film
the-brothers-bloom,drama film
the-brothers-bloom,romantic comedy
the-brothers-mcmullen,drama film
the-brothers-mcmullen,romantic comedy
the-brutalist,drama film
the-brutalist,historical film
the-bucket-list,buddy film
the-bucket-list,comedy film
the-bucket-list,drama film
the-bucket-list,tragicomedy
the-buddy-holly-story,biographical film
the-buddy-holly-story,drama film
the-buddy-holly-story,musical film
the-burnt-orange-heresy,crime thriller film
the-butterfly-effect,crime thriller film
the-butterfly-effect,drama film
the-butterfly-effect,fantasy film
the-butterfly-effect,psychological thriller film
the-butterfly-effect,science fiction film
the-cabin-in-the-woods,comedy drama
the-cabin-in-the-woods,comedy horror
the-cabin-in-the-woods,monster film
the-cabin-in-the-woods,science fiction film
the-cabin-in-the-woods,slasher film
the-cabin-in-the-woods,werewolf film
the-cabin-in-the-woods,zombie film
the-cable-guy,comedy film
the-cable-guy,comedy thriller
the-cable-guy,mystery film
the-caine-mutiny-court-martial,drama film
the-caine-mutiny-court-martial,trial film
the-caine-mutiny-court-martial,war film
the-cakemaker,drama film
the-cakemaker,LGBTQ-related film
the-captain,disaster film
the-captain,drama film
the-captain,thriller film
the-card-counter,crime film
the-case-against-8,documentary film
the-case-against-8,LGBTQ-related film
the-cat-in-the-hat,children's film
the-cat-in-the-hat,fantasy film
the-cat-returns-2002,adventure anime and manga
the-cat-returns-2002,children's film
the-cat-returns-2002,coming-of-age film
the-cat-returns-2002,drama anime and manga
the-cat-returns-2002,drama film
the-cat-returns-2002,fantasy anime and manga
the-cat-returns-2002,fantasy film
the-cave-2019,documentary film
the-cave-of-the-yellow-dog,documentary film
the-cave-of-the-yellow-dog,drama film
the-celebration,drama film
the-cell,drama film
the-cell,horror film
the-cell,science fiction film
the-cell,thriller film
the-central-park-five,crime film
the-central-park-five,documentary film
the-challenge,documentary film
the-chambermaid,drama film
the-change-up,comedy film
the-changeling-1980,horror film
the-changeling-1980,mystery film
the-changeling-1980,thriller film
the-changeover,fantasy film
the-changeover,supernatural film
the-chaser,action film
the-chaser,crime thriller film
the-childhood-of-a-leader,drama film
the-children-act,drama film
the-china-hustle,documentary film
the-china-syndrome,action film
the-china-syndrome,disaster film
the-china-syndrome,drama film
the-china-syndrome,science fiction film
the-choral,comedy drama
the-christophers,black comedy film
the-chronicles-of-narnia-the-lion-the-witch-and-the-wardrobe,action film
the-chronicles-of-narnia-the-lion-the-witch-and-the-wardrobe,Christmas film
the-chronicles-of-narnia-the-lion-the-witch-and-the-wardrobe,fantasy film
the-chronicles-of-narnia-the-voyage-of-the-dawn-treader,action film
the-chronicles-of-narnia-the-voyage-of-the-dawn-treader,fantasy film
the-chronology-of-water,biographical film
the-chronology-of-water,drama film
the-chronology-of-water,romance film
the-cider-house-rules,drama film
the-cider-house-rules,romance film
the-circle,drama film
the-circle-2014,drama film
the-circle-2014,LGBTQ-related film
the-circle-2014,romance film
the-circus,comedy film
the-circus,drama film
the-circus,silent film
the-city-of-lost-children,arthouse science fiction film
the-city-of-lost-children,dystopian film
the-city-of-lost-children,fantasy film
the-city-of-lost-children,science fiction film
the-city-of-lost-children,steampunk film
the-clan,biographical film
the-clan,crime film
the-clan,drama film
the-clan,thriller film
the-class,comedy film
the-class,drama film
the-clay-bird,drama film
the-cleaners,documentary film
the-closet,comedy film
the-closet,LGBTQ-related film
the-clovehitch-killer,drama film
the-clovehitch-killer,horror film
the-clovehitch-killer,mystery film
the-club,drama film
the-cockettes,LGBTQ-related film
the-cocoanuts,comedy film
the-cocoanuts,musical film
the-collector,horror film
the-collector,slasher film
the-collector,thriller film
the-color-of-money,action film
the-color-of-money,drama film
the-color-of-money,sport film
the-color-of-money,thriller film
the-color-of-paradise,drama film
the-color-purple,drama film
the-color-purple,epic film
the-color-purple,LGBTQ-related film
the-color-purple-2023,coming-of-age film
the-color-purple-2023,drama film
the-color-purple-2023,historical film
the-color-purple-2023,musical film
the-colors-within,drama anime
the-colors-within,musical film
the-commitments,comedy film
the-commitments,drama film
the-commitments,musical film
the-commune,drama film
the-commuter,action film
the-commuter,mystery film
the-commuter,thriller film
the-company,drama film
the-company-men,drama film
the-company-of-wolves,fantasy film
the-company-of-wolves,horror film
the-company-of-wolves,monster film
the-company-you-keep,drama film
the-company-you-keep,political thriller film
the-concert,comedy film
the-concert,drama film
the-confirmation,comedy drama
the-confirmation,drama film
the-conformist-re-release,drama film
the-conformist-re-release,LGBTQ-related film
the-conformist-re-release,neo-noir
the-congress,drama film
the-congress,dystopian film
the-congress,live-action/animated film
the-congress,science fiction film
the-congress,speculative fiction film
the-conjuring,ghost film
the-conjuring,horror film
the-conjuring,thriller film
the-conjuring-2,ghost film
the-conjuring-2,horror film
the-conjuring-2,thriller film
the-connection,action film
the-connection,crime film
the-connection,thriller film
the-conspirator,biographical film
the-conspirator,drama film
the-conspirator,trial film
the-constant-gardener,drama film
the-constant-gardener,political thriller film
the-contestant,documentary film
the-conversation,crime film
the-conversation,drama film
the-conversation,mystery film
the-conversation,psychological thriller film
the-conversation,thriller film
the-cooler,comedy film
the-cooler,drama film
the-cooler,neo-noir
the-cooler,romance film
the-core,action film
the-core,disaster film
the-core,science fiction film
the-corporation,documentary film
the-cotton-club,crime film
the-cotton-club,drama film
the-cotton-club,musical film
the-count-of-monte-cristo,action film
the-count-of-monte-cristo,drama film
the-count-of-monte-cristo,romance film
the-count-of-monte-cristo,swashbuckler film
the-count-of-monte-cristo-2024,adventure film
the-count-of-monte-cristo-2024,drama film
the-count-of-monte-cristo-2024,historical film
the-count-of-monte-cristo-2024,swashbuckler film
the-count-of-monte-cristo-2024,thriller film
the-counterfeiters,crime film
the-counterfeiters,drama film
the-counterfeiters,historical film
the-courier-2020,drama film
the-cove,documentary film
the-cranes-are-flying,drama film
the-cranes-are-flying,romance film
the-cranes-are-flying,war film
the-crash-reel,documentary film
the-crazies,action film
the-crazies,horror film
the-crazies,science fiction film
the-crazies,science fiction horror film
the-creator,drama film
the-creator,dystopian film
the-creator,post-apocalyptic film
the-creator,science fiction action film
the-creator,science fiction film
the-crime-is-mine,comedy drama
the-crime-is-mine,police film
the-croods-a-new-age,adventure film
the-croods-a-new-age,comedy film
the-crow,action film
the-crow,fantasy film
the-crow,superhero film
the-crucible,drama film
the-crucible,historical film
the-cruise,documentary film
the-crying-game,crime film
the-crying-game,drama film
the-crying-game,LGBTQ-related film
the-crying-game,political thriller film
the-crying-game,psychological thriller film
the-crying-game,romance film
the-crying-game,transgender film
the-cuckoo,comedy drama
the-cuckoo,drama film
the-cuckoo,war film
the-cup,association football film
the-cup,comedy film
the-cured,horror film
the-cured,post-apocalyptic film
the-cured,zombie film
the-curious-case-of-benjamin-button,drama film
the-curious-case-of-benjamin-button,fantasy film
the-curious-case-of-benjamin-button,romance film
the-curious-case-of-benjamin-button,speculative fiction film
the-cut,drama film
the-da-vinci-code,crime film
the-da-vinci-code,drama film
the-da-vinci-code,mystery film
the-da-vinci-code,treasure hunt film
the-damned-2024,horror film
the-damned-2025,horror film
the-damned-united,association football film
the-damned-united,comedy drama
the-damned-united,drama film
the-dance-of-reality,biographical film
the-dance-of-reality,drama film
the-dance-of-reality,musical film
the-dangerous-lives-of-altar-boys,comedy drama
the-dangerous-lives-of-altar-boys,coming-of-age film
the-dangerous-lives-of-altar-boys,drama film
the-danish-girl,biographical film
the-danish-girl,drama film
the-danish-girl,LGBTQ-related film
the-danish-girl,romance film
the-darjeeling-limited,comedy film
the-darjeeling-limited,drama film
the-dark-and-the-wicked,horror film
the-dark-crystal,adventure film
the-dark-crystal,fantasy film
the-dark-horse,drama film
the-dark-knight,action film
the-dark-knight,crime film
the-dark-knight,crime thriller film
the-dark-knight,drama film
the-dark-knight,neo-noir
the-dark-knight,superhero film
the-dark-knight,thriller film
the-dark-knight-rises,action film
the-dark-knight-rises,crime thriller film
the-dark-knight-rises,drama film
the-dark-knight-rises,superhero film
the-dark-knight-rises,thriller film
the-darkest-hour,action film
the-darkest-hour,horror film
the-darkest-hour,science fiction film
the-darkest-hour,thriller film
the-daughter,drama film
the-day-after-tomorrow,action film
the-day-after-tomorrow,apocalyptic film
the-day-after-tomorrow,disaster film
the-day-he-arrives,drama film
the-day-of-the-jackal,drama film
the-day-of-the-jackal,political thriller film
the-day-shall-come,thriller film
the-day-the-earth-blew-up-a-looney-tunes-movie,adventure film
the-day-the-earth-blew-up-a-looney-tunes-movie,comedy film
the-day-the-earth-blew-up-a-looney-tunes-movie,family film
the-day-the-earth-blew-up-a-looney-tunes-movie,science fiction film
the-day-the-earth-stood-still,action film
the-day-the-earth-stood-still,disaster film
the-day-the-earth-stood-still,science fiction film
the-day-the-earth-stood-still-1951,drama film
the-day-the-earth-stood-still-1951,horror film
the-day-the-earth-stood-still-1951,science fiction film
the-daytrippers,comedy film
the-daytrippers,drama film
the-daytrippers,LGBTQ-related film
the-dead-dont-hurt,romantic drama film
the-dead-dont-hurt,Western film
the-dead-lands,action film
the-dead-pool,action film
the-dead-pool,crime film
the-dead-pool,detective film
the-dead-pool,thriller film
the-dead-zone,drama film
the-dead-zone,fantasy film
the-dead-zone,horror film
the-dead-zone,independent film
the-dead-zone,mystery film
the-dead-zone,political thriller film
the-dead-zone,psychological drama film
the-dead-zone,psychological horror film
the-dead-zone,psychological thriller film
the-dead-zone,science fiction film
the-dead-zone,science fiction horror film
the-dead-zone,supernatural film
the-dead-zone,supernatural horror film
the-dead-zone,suspense film
the-dead-zone,thriller film
the-death-and-life-of-marsha-p-johnson,documentary film
the-death-and-life-of-marsha-p-johnson,LGBTQ-related film
the-death-of-dick-long,comedy film
the-death-of-mr-lazarescu,drama film
the-death-of-robin-hood,adventure film
the-death-of-robin-hood,drama film
the-death-of-robin-hood,thriller film
the-death-of-stalin,black comedy film
the-death-of-stalin,drama film
the-death-of-stalin,political satire
the-death-of-stalin,satirical film
the-debt,drama film
the-decline-of-western-civilization,music documentary film
the-deep-blue-sea,drama film
the-deep-blue-sea,romance film
the-deep-end,crime film
the-deep-end,drama film
the-deep-end,LGBTQ-related film
the-deepest-breath,documentary film
the-deer-hunter,anti-war film
the-deer-hunter,drama film
the-deer-hunter,epic film
the-deer-hunter,war drama
the-deer-hunter,war film
the-deer-king,action film
the-deer-king,adventure film
the-deer-king,drama film
the-deer-king,fantasy film
the-defiant-ones,action film
the-defiant-ones,buddy film
the-defiant-ones,crime film
the-defiant-ones,drama film
the-defiant-ones,thriller film
the-delinquents,comedy drama
the-delinquents,heist film
the-departed,crime drama film
the-departed,crime film
the-departed,crime thriller film
the-departed,drama film
the-departed,epic film
the-departed,gangster film
the-departed,mystery film
the-departed,neo-noir
the-departed,suspense film
the-departed,thriller film
the-departure,documentary film
the-descendants,comedy drama
the-descendants,drama film
the-descent,adventure film
the-descent,female buddy film
the-descent,horror film
the-descent,monster film
the-descent,survival film
the-deserted-station,drama film
the-details,comedy drama
the-devil-and-daniel-johnston,documentary film
the-devil-wears-prada-2,comedy drama
the-devil-wears-prada-2,comedy film
the-devil-wears-prada-2,drama film
the-devils-advocate,drama film
the-devils-advocate,fantasy film
the-devils-advocate,horror film
the-devils-advocate,mystery film
the-devils-advocate,satanic film
the-devils-advocate,thriller film
the-devils-backbone,drama film
the-devils-backbone,fantasy film
the-devils-backbone,Gothic film
the-devils-backbone,gothic horror film
the-devils-backbone,horror film
the-devils-backbone,magic realist film
the-devils-backbone,mystery film
the-devils-bath,drama film
the-devils-bath,historical film
the-devils-bath,horror film
the-devils-bath,thriller film
the-devils-candy,horror film
the-devils-candy,satanic film
the-devils-rejects,action film
the-devils-rejects,black comedy film
the-devils-rejects,comedy film
the-devils-rejects,comedy horror film
the-devils-rejects,crime drama film
the-devils-rejects,crime film
the-devils-rejects,crime thriller film
the-devils-rejects,horror film
the-devils-rejects,independent film
the-devils-rejects,psychological drama film
the-devils-rejects,psychological horror film
the-devils-rejects,psychological thriller film
the-devils-rejects,slasher film
the-devils-rejects,splatter film
the-devils-rejects,suspense film
the-devils-rejects,thriller film
the-devils-rejects,Western film
the-diary-of-a-teenage-girl,comedy drama
the-diary-of-a-teenage-girl,drama film
the-diary-of-a-teenage-girl,romance film
the-diary-of-a-teenage-girl,romantic comedy
the-dictator,comedy film
the-dig,drama film
the-dilemma,comedy drama
the-dilemma,comedy film
the-dink,comedy film
the-dink,sport film
the-dinner,drama film
the-dinner,mystery film
the-dinner,thriller film
the-dirties,comedy film
the-dirties,drama film
the-dirty-dozen,action film
the-dirty-dozen,drama film
the-dirty-dozen,war film
the-disappearance-of-alice-creed,crime film
the-disappearance-of-alice-creed,LGBTQ-related film
the-disappearance-of-alice-creed,thriller film
the-disappearance-of-eleanor-rigby-them,drama film
the-disappearance-of-eleanor-rigby-them,melodrama
the-disappearance-of-eleanor-rigby-them,romance film
the-disappearance-of-shere-hite,documentary film
the-disaster-artist,biographical film
the-disaster-artist,comedy drama
the-disaster-artist,drama film
the-disciple,drama film
the-discreet-charm-of-the-bourgeoisie,comedy film
the-discreet-charm-of-the-bourgeoisie,drama film
the-discreet-charm-of-the-bourgeoisie,fantasy film
the-dish,comedy drama
the-dissident,documentary film
the-divine-order,comedy film
the-divine-order,drama film
the-diving-bell-and-the-butterfly,biographical film
the-diving-bell-and-the-butterfly,drama film
the-djinn,horror film
the-djinn,supernatural film
the-do-deca-pentathlon,comedy film
the-doors,biographical film
the-doors,drama film
the-doors,musical film
the-double-2013,comedy thriller
the-double-2013,drama film
the-double-hour,drama film
the-double-hour,film noir
the-double-hour,romance film
the-double-life-of-veronique,art film
the-double-life-of-veronique,drama film
the-double-life-of-veronique,fantasy film
the-drama,drama film
the-drama,romance film
the-drama,romantic comedy film
the-dreamers,drama film
the-dreamers,romance film
the-drop,crime film
the-drop,drama film
the-drop,neo-noir
the-drop,thriller film
the-dry,crime film
the-dry,drama film
the-dry,mystery film
the-dry,thriller film
the-duellists,drama film
the-duellists,historical film
the-duellists,war film
the-duff,comedy film
the-duff,teen film
the-duke,biographical film
the-duke,comedy film
the-duke-of-burgundy,drama film
the-duke-of-burgundy,erotic film
the-duke-of-burgundy,LGBTQ-related film
the-duke-of-burgundy,thriller film
the-dutchman,thriller film
the-eagle,adventure film
the-eagle,drama film
the-eagle,historical drama
the-eagle,sword-and-sandal film
the-eagle,war film
the-eagle-huntress,adventure film
the-eagle-huntress,documentary film
the-eagle-huntress,family film
the-eagle-huntress,sport film
the-east,drama film
the-east,thriller film
the-eclipse,drama film
the-edge-of-democracy,documentary film
the-edge-of-heaven,drama film
the-edge-of-heaven,LGBTQ-related film
the-edge-of-seventeen,comedy drama
the-edge-of-seventeen,comedy film
the-edge-of-seventeen,drama film
the-eight-hundred,action film
the-eight-hundred,drama film
the-eight-hundred,historical film
the-eight-hundred,war film
the-eight-mountains,drama film
the-electrical-life-of-louis-wain,biographical film
the-electrical-life-of-louis-wain,drama film
the-elephant-in-the-living-room,documentary film
the-elephant-man,biographical film
the-elephant-man,drama film
the-elephant-queen,documentary film
the-embalmer,drama film
the-embalmer,neo-noir
the-emperors-new-groove,buddy film
the-emperors-new-groove,comedy film
the-emperors-new-groove,flashback film
the-emperors-new-groove,musical film
the-end-2024,drama film
the-end-2024,musical film
the-end-2024,post-apocalyptic film
the-end-2024,science fiction film
the-end-of-love,drama film
the-end-of-oak-street,science fiction film
the-end-of-oak-street,survival film
the-end-of-the-tour,biographical film
the-end-of-the-tour,drama film
the-end-we-start-from,survival film
the-endless,horror film
the-endless,speculative fiction film
the-endless,thriller film
the-endless-summer,documentary film
the-endless-summer,sport film
the-endurance,documentary film
the-english-patient,drama film
the-english-patient,flashback film
the-english-patient,romance film
the-english-patient,spy film
the-english-patient,war film
the-equalizer,action film
the-equalizer,crime film
the-equalizer,thriller film
the-equalizer,vigilante film
the-equalizer-3,action film
the-equalizer-3,crime film
the-equalizer-3,drama film
the-equalizer-3,thriller film
the-equalizer-3,vigilante film
the-escape,drama film
the-eternal-daughter,drama film
the-eternal-memory,biographical film
the-eternal-memory,documentary film
the-evil-dead,body horror film
the-evil-dead,drama film
the-evil-dead,fantasy film
the-evil-dead,horror film
the-evil-dead,mysticism
the-evil-dead,splatter film
the-evil-dead,supernatural horror film
the-evil-dead,zombie film
the-exception,drama film
the-exception,romance film
the-exorcism-of-emily-rose,crime thriller film
the-exorcism-of-emily-rose,drama film
the-exorcism-of-emily-rose,horror film
the-exorcism-of-emily-rose,thriller film
the-exorcism-of-emily-rose,trial film
the-exorcist-1973,drama film
the-exorcist-1973,horror film
the-exorcist-1973,mystery film
the-exorcist-1973,satanic film
the-exorcist-1973,supernatural horror film
the-exorcist-1973,thriller film
the-exploding-girl,drama film
the-exploding-girl,romantic comedy
the-extra-man,comedy film
the-extra-man,LGBTQ-related film
the-extraordinary-journey-of-the-fakir,adventure film
the-extraordinary-journey-of-the-fakir,comedy film
the-extraordinary-journey-of-the-fakir,drama film
the-eyes-of-my-mother,drama film
the-eyes-of-my-mother,horror film
the-eyes-of-tammy-faye,biographical film
the-eyes-of-tammy-faye,documentary film
the-eyes-of-tammy-faye,LGBTQ-related film
the-fabelmans,coming-of-age film
the-fabelmans,drama film
the-fabulous-baker-boys,drama film
the-fabulous-baker-boys,musical film
the-fabulous-baker-boys,romance film
the-faculty,alien invasion
the-faculty,horror film
the-faculty,mystery film
the-faculty,science fiction film
the-faculty,teen film
the-fairy,comedy film
the-fairy,drama film
the-fall,independent film
the-fall-guy,action film
the-fall-guy,comedy film
the-fall-guy,drama film
the-fallen-idol,drama film
the-fallen-idol,film noir
the-fallen-idol,mystery film
the-falling,coming-of-age film
the-falling,drama film
the-falling,LGBTQ-related film
the-fallout,LGBTQ-related film
the-fallout,teen drama television
the-family-fang,comedy drama
the-family-fang,drama film
the-family-man,Christmas film
the-family-man,comedy drama
the-family-man,drama film
the-family-man,fantasy film
the-family-man,romantic comedy
the-family-stone,Christmas film
the-family-stone,comedy drama
the-family-stone,drama film
the-family-stone,LGBTQ-related film
the-family-stone,romantic comedy
the-fantastic-four-first-steps,action film
the-fantastic-four-first-steps,adventure film
the-fantastic-four-first-steps,science fiction film
the-farewell,comedy drama
the-farewell,drama film
the-farthest,documentary film
the-fast-and-the-furious,action film
the-fast-and-the-furious,crime film
the-fast-and-the-furious,thriller film
the-fate-of-the-furious,action film
the-fate-of-the-furious,crime film
the-father,drama film
the-father,psychological film
the-fault-in-our-stars,comedy film
the-fault-in-our-stars,drama film
the-fault-in-our-stars,romance film
the-favourite,biographical film
the-favourite,drama film
the-favourite,LGBTQ-related film
the-feast,horror film
the-feeling-that-the-time-for-doing-something-has-passed,comedy drama
the-feeling-that-the-time-for-doing-something-has-passed,comedy film
the-feeling-that-the-time-for-doing-something-has-passed,drama film
the-fencer,drama film
the-fencer,sport film
the-fifth-element,action film
the-fifth-element,adventure film
the-fifth-element,comedy film
the-fifth-element,dystopian film
the-fifth-element,fantasy film
the-fifth-element,science fiction film
the-fighter,biographical film
the-fighter,boxing film
the-fighter,drama film
the-filth-and-the-fury,documentary film
the-filth-and-the-fury,rockumentary
the-final-destination,gore film
the-final-destination,horror film
the-final-girls,comedy horror
the-final-girls,horror film
the-final-girls,slasher film
the-final-girls,time-travel film
the-final-master,drama film
the-final-year,documentary film
the-finest-hours,action film
the-finest-hours,disaster film
the-finest-hours,drama film
the-finest-hours,historical film
the-fire-inside,biographical film
the-fire-inside,boxing film
the-fire-inside,sport film
the-firm,crime film
the-firm,legal thriller
the-firm,thriller film
the-firm,trial film
the-first-beautiful-thing,comedy drama
the-first-beautiful-thing,comedy film
the-first-beautiful-thing,drama film
the-first-grader,biographical film
the-first-grader,drama film
the-first-monday-in-may,documentary film
the-first-omen,horror film
the-first-slam-dunk,sport film
the-first-wave,documentary film
the-fisher-king,comedy film
the-fisher-king,drama film
the-fisher-king,fantasy film
the-fits,dance film
the-fitzgerald-family-christmas,Christmas film
the-fitzgerald-family-christmas,drama film
the-five-devils,drama film
the-five-devils,fantasy film
the-five-obstructions,art film
the-five-obstructions,documentary film
the-five-obstructions,drama film
the-five-year-engagement,comedy drama
the-five-year-engagement,romantic comedy film
the-flat,documentary film
the-flintstones,buddy film
the-flintstones,comedy film
the-flintstones,fantasy film
the-flintstones,live-action/animated film
the-florida-project,drama film
the-flower-of-my-secret,drama film
the-flowers-of-war,historical film
the-flowers-of-war,romance film
the-flowers-of-war,war drama
the-fly,body horror film
the-fly,drama film
the-fly,horror film
the-fly,monster film
the-fly,romance film
the-fly,romantic drama film
the-fly,romantic horror film
the-fly,science fiction film
the-fly,science fiction horror film
the-fly,thriller film
the-fog-of-war-eleven-lessons-from-the-life-of-robert-s-mcnamara,biographical film
the-fog-of-war-eleven-lessons-from-the-life-of-robert-s-mcnamara,documentary film
the-fool,crime film
the-fool,drama film
the-fool,thriller film
the-forbidden-kingdom,action film
the-forbidden-kingdom,fantasy film
the-forbidden-kingdom,martial arts film
the-forbidden-kingdom,time-travel film
the-forbidden-room,comedy drama
the-forbidden-room,experimental film
the-forbidden-room,mystery film
the-force,documentary film
the-forgiven-2021,drama film
the-forgiveness-of-blood,drama film
the-forgotten,drama film
the-forgotten,horror film
the-forgotten,mystery film
the-forgotten,science fiction film
the-forgotten,thriller film
the-forty-year-old-version,comedy film
the-founder,biographical film
the-founder,drama film
the-fourth-kind,drama film
the-fourth-kind,horror film
the-fourth-kind,science fiction film
the-fourth-kind,thriller film
the-french-connection-1971,action film
the-french-connection-1971,action thriller
the-french-connection-1971,buddy cop film
the-french-connection-1971,chase film
the-french-connection-1971,crime drama film
the-french-connection-1971,crime film
the-french-connection-1971,crime thriller film
the-french-connection-1971,detective film
the-french-connection-1971,drama film
the-french-connection-1971,mystery film
the-french-connection-1971,neo-noir
the-french-connection-1971,police procedural film
the-french-connection-1971,suspense film
the-french-connection-1971,thriller film
the-french-dispatch,comedy drama
the-french-dispatch,drama film
the-french-dispatch,romance film
the-french-minister,comedy film
the-freshman-1990,crime film
the-freshman-1990,parody film
the-friend-2024,drama film
the-friends-of-eddie-coyle,action film
the-friends-of-eddie-coyle,neo-noir
the-front-line,drama film
the-front-line,war film
the-front-page,comedy film
the-front-runner,biographical film
the-front-runner,drama film
the-front-runner,political film
the-fugitive,action film
the-fugitive,crime film
the-fugitive,detective film
the-fugitive,thriller film
the-full-monty,comedy drama
the-full-monty,comedy film
the-full-monty,LGBTQ-related film
the-future,comedy film
the-future,drama film
the-future,magic realist film
the-future,science fiction film
the-galapagos-affair-satan-came-to-eden,documentary film
the-gangster-the-cop-the-devil,action film
the-gangster-the-cop-the-devil,crime film
the-gatekeepers,documentary film
the-gay-divorcee,musical film
the-gay-divorcee,romantic comedy
the-gay-divorcee,screwball comedy film
the-general-1998,biographical film
the-general-1998,crime film
the-general-1998,drama film
the-general-1998,heist film
the-german-doctor,drama film
the-ghost-writer,crime film
the-ghost-writer,drama film
the-ghost-writer,political thriller film
the-gift,drama film
the-gift,horror film
the-gift,mystery film
the-gift-2015,drama film
the-gift-2015,mystery film
the-gift-2015,thriller film
the-girl-and-the-spider,drama film
the-girl-in-the-book,coming-of-age film
the-girl-in-the-book,drama film
the-girl-next-door-2000,documentary film
the-girl-on-the-train,drama film
the-girl-who-kicked-the-hornets-nest,crime film
the-girl-who-kicked-the-hornets-nest,drama film
the-girl-who-kicked-the-hornets-nest,thriller film
the-girl-who-played-with-fire,crime film
the-girl-who-played-with-fire,drama film
the-girl-who-played-with-fire,thriller film
the-girl-with-all-the-gifts,adventure film
the-girl-with-all-the-gifts,drama film
the-girl-with-all-the-gifts,dystopian film
the-girl-with-all-the-gifts,horror film
the-girl-with-all-the-gifts,post-apocalyptic film
the-girl-with-all-the-gifts,zombie film
the-girl-with-the-dragon-tattoo,crime film
the-girl-with-the-dragon-tattoo,drama film
the-girl-with-the-dragon-tattoo,thriller film
the-girl-with-the-dragon-tattoo-2011,crime thriller film
the-girl-with-the-dragon-tattoo-2011,drama film
the-girl-with-the-dragon-tattoo-2011,horror film
the-girl-with-the-dragon-tattoo-2011,LGBTQ-related film
the-girl-with-the-dragon-tattoo-2011,mystery film
the-girl-with-the-dragon-tattoo-2011,rape and revenge film
the-girl-with-the-dragon-tattoo-2011,thriller film
the-girl-with-the-needle,drama film
the-girl-without-hands,drama film
the-girl-without-hands,fantasy film
the-glass-castle,biographical film
the-glass-castle,drama film
the-gleaners-i,documentary film
the-glorias,biographical film
the-glorias,drama film
the-go-getter,coming-of-age film
the-go-getter,drama film
the-go-gos,documentary film
the-godfather,crime drama film
the-godfather,crime film
the-godfather,crime thriller film
the-godfather,drama film
the-godfather,epic film
the-godfather,gangster film
the-godfather,historical drama film
the-godfather,historical film
the-godfather,police procedural film
the-godfather,suspense film
the-godfather,thriller film
the-godfather-part-ii,action film
the-godfather-part-ii,crime drama film
the-godfather-part-ii,crime film
the-godfather-part-ii,crime thriller film
the-godfather-part-ii,drama film
the-godfather-part-ii,epic film
the-godfather-part-ii,flashback film
the-godfather-part-ii,gangster film
the-godfather-part-ii,historical drama film
the-godfather-part-ii,historical film
the-godfather-part-ii,mystery film
the-godfather-part-ii,police procedural film
the-godfather-part-ii,suspense film
the-godfather-part-ii,thriller film
the-godfather-part-iii,crime drama film
the-godfather-part-iii,crime film
the-godfather-part-iii,crime thriller film
the-godfather-part-iii,drama film
the-godfather-part-iii,epic film
the-godfather-part-iii,gangster film
the-godfather-part-iii,mystery film
the-godfather-part-iii,thriller film
the-gold-rush-1925,comedy film
the-gold-rush-1925,romantic comedy
the-gold-rush-1925,silent film
the-gold-rush-1925,social comedy film
the-golden-compass,action film
the-golden-compass,fantasy film
the-golden-compass,science fiction film
the-golden-dream,drama film
the-golden-voyage-of-sinbad,adventure film
the-golden-voyage-of-sinbad,children's film
the-golden-voyage-of-sinbad,fantasy film
the-golden-voyage-of-sinbad,medieval film
the-golden-voyage-of-sinbad,monster film
the-golden-voyage-of-sinbad,sword and sorcery film
the-goldman-case,drama film
the-goldman-case,historical drama
the-goldman-case,police film
the-goldman-case,trial film
the-good-boss,black comedy film
the-good-boss,comedy film
the-good-dinosaur,adventure film
the-good-dinosaur,buddy film
the-good-dinosaur,comedy drama
the-good-dinosaur,comedy film
the-good-dinosaur,family film
the-good-dinosaur,fantasy film
the-good-girl,black comedy film
the-good-girl,comedy film
the-good-girl,drama film
the-good-girl,romantic comedy
the-good-house,comedy drama
the-good-lie,drama film
the-good-nurse,biographical film
the-good-nurse,crime film
the-good-nurse,drama film
the-good-nurse,thriller film
the-good-shepherd,action film
the-good-shepherd,crime film
the-good-shepherd,drama film
the-good-the-bad-and-the-ugly,action film
the-good-the-bad-and-the-ugly,drama film
the-good-the-bad-and-the-ugly,epic film
the-good-the-bad-and-the-ugly,Spaghetti Western
the-good-the-bad-and-the-ugly,treasure hunt film
the-good-the-bad-and-the-ugly,war film
the-good-the-bad-and-the-ugly,Western film
the-good-the-bad-the-weird,action film
the-good-the-bad-the-weird,adventure film
the-good-the-bad-the-weird,Manchurian Western
the-goonies,action film
the-goonies,adventure film
the-goonies,children's film
the-goonies,comedy film
the-goonies,family film
the-goonies,pirate film
the-goonies,treasure hunt film
the-gorge,action film
the-gorge,horror film
the-gorge,romance film
the-gorge,science fiction film
the-grab,documentary film
the-graduate,comedy drama
the-graduate,coming-of-age film
the-graduate,drama film
the-graduate,independent film
the-graduate,romantic comedy film
the-grand-budapest-hotel,adventure film
the-grand-budapest-hotel,comedy film
the-grand-budapest-hotel,crime film
the-grand-budapest-hotel,drama film
the-grand-budapest-hotel,romance film
the-grand-budapest-hotel,tragicomedy
the-grand-seduction,comedy film
the-grandmaster,action film
the-grandmaster,biographical film
the-grandmaster,drama film
the-grandmaster,martial arts film
the-grapes-of-wrath,drama film
the-greasy-strangler,comedy film
the-greasy-strangler,comedy horror
the-greasy-strangler,documentary film
the-greasy-strangler,slasher film
the-greasy-strangler,thriller film
the-great-beauty,comedy drama
the-great-buddha+,found footage film
the-great-escape,adventure film
the-great-escape,drama film
the-great-escape,historical film
the-great-escape,thriller film
the-great-escape,war film
the-great-hack,documentary film
the-great-mouse-detective,adventure film
the-great-mouse-detective,comedy film
the-great-mouse-detective,detective film
the-great-mouse-detective,family film
the-great-mouse-detective,musical film
the-great-mouse-detective,mystery film
the-great-muppet-caper,comedy film
the-great-muppet-caper,heist film
the-great-muppet-caper,musical film
the-great-muppet-caper,mystery film
the-great-ziegfeld,biographical film
the-great-ziegfeld,drama film
the-great-ziegfeld,musical film
the-greatest-night-in-pop,documentary film
the-greatest-show-on-earth,drama film
the-green-hornet,action film
the-green-hornet,buddy film
the-green-hornet,comedy film
the-green-hornet,crime film
the-green-hornet,fantasy film
the-green-hornet,science fiction film
the-green-hornet,superhero film
the-green-knight,medieval film
the-green-knight,speculative fiction film
the-green-knight,sword and sorcery film
the-green-mile,drama film
the-green-mile,fantasy film
the-green-mile,flashback film
the-green-mile,magic realist film
the-green-mile,prison film
the-green-prince-2014,documentary film
the-grey,action film
the-grey,adventure film
the-grey,drama film
the-grey,survival film
the-grey,thriller film
the-grifters,crime film
the-grifters,drama film
the-grifters,film noir
the-grifters,heist film
the-grifters,neo-noir
the-ground-beneath-my-feet,drama film
the-ground-beneath-my-feet,LGBTQ-related film
the-ground-truth,documentary film
the-grudge,action film
the-grudge,ghost film
the-grudge,horror film
the-grudge,monster film
the-grudge-2,drama film
the-grudge-2,horror film
the-grudge-2,psychological horror fiction
the-grudge-2004,horror film
the-grudge-2004,psychological horror fiction
the-guard,action film
the-guard,comedy film
the-guard,drama film
the-guardian,action film
the-guardian,adventure film
the-guardian,coming-of-age film
the-guardian,drama film
the-guernsey-literary-and-potato-peel-pie-society,drama film
the-guernsey-literary-and-potato-peel-pie-society,historical film
the-guernsey-literary-and-potato-peel-pie-society,romance film
the-guest,action film
the-guest,black comedy film
the-guest,crime film
the-guest,horror film
the-guest,mystery film
the-guest,thriller film
the-guilty,crime film
the-guilty,drama film
the-guilty,thriller film
the-guilty-2021,thriller film
the-gunfighter,Western film
the-guns-of-navarone,action film
the-guns-of-navarone,adventure film
the-guns-of-navarone,drama film
the-guns-of-navarone,war film
the-gutter,comedy film
the-half-of-it,LGBTQ-related film
the-half-of-it,romantic comedy
the-hallow,horror film
the-hand-of-god,drama film
the-handmaiden,drama film
the-handmaiden,erotic thriller
the-handmaiden,LGBTQ-related film
the-handmaiden,romance film
the-hangover,comedy film
the-hangover-part-ii,action comedy film
the-hangover-part-ii,LGBTQ-related film
the-happening,action film
the-happening,adventure film
the-happening,apocalyptic film
the-happening,comedy film
the-happening,comedy horror film
the-happening,disaster film
the-happening,drama film
the-happening,fantasy film
the-happening,horror film
the-happening,mystery film
the-happening,post-apocalyptic film
the-happening,psychological drama film
the-happening,psychological horror film
the-happening,psychological thriller film
the-happening,science fiction film
the-happening,science fiction horror film
the-happening,supernatural film
the-happening,supernatural horror film
the-happening,thriller film
the-happiest-day-in-the-life-of-olli-maki,boxing film
the-happiest-day-in-the-life-of-olli-maki,drama film
the-happy-prince,biographical film
the-happy-prince,drama film
the-happy-prince,LGBTQ-related film
the-harder-they-come-1972,crime film
the-harder-they-come-1972,drama film
the-harder-they-come-1972,musical film
the-harder-they-fall,Western film
the-harvest,horror film
the-hate-u-give,crime film
the-hate-u-give,drama film
the-hateful-eight,action film
the-hateful-eight,crime drama film
the-hateful-eight,crime film
the-hateful-eight,crime thriller film
the-hateful-eight,mystery film
the-hateful-eight,revisionist Western
the-hateful-eight,suspense film
the-hateful-eight,thriller film
the-hateful-eight,Western film
the-haunting,ghost film
the-haunting,horror film
the-haunting,LGBTQ-related film
the-haunting,psychological horror fiction
the-haunting-in-connecticut,drama film
the-haunting-in-connecticut,horror film
the-haunting-in-connecticut,psychological horror fiction
the-haunting-in-connecticut,thriller film
the-headless-woman,drama film
the-headless-woman,thriller film
the-heartbreak-kid-1972,romantic comedy
the-heat,action film
the-heat,buddy cop film
the-heat,comedy film
the-heat,female buddy film
the-heat,LGBTQ-related film
the-hedgehog,drama film
the-heiresses,drama film
the-heiresses,LGBTQ-related film
the-help,comedy drama
the-help,drama film
the-help,female buddy film
the-help,white savior film
the-hero,comedy film
the-hidden,action film
the-hidden,buddy cop film
the-hidden,horror film
the-hidden,science fiction film
the-hidden,thriller film
the-hidden-blade,action film
the-hidden-blade,drama film
the-hidden-blade,samurai cinema
the-hidden-fortress,adventure film
the-hidden-fortress,drama film
the-high-note,drama film
the-highwaymen,crime film
the-highwaymen,period drama film
the-hill,drama film
the-hill,prison film
the-hills-have-eyes,horror film
the-hills-have-eyes,slasher film
the-history-boys,comedy film
the-history-boys,drama film
the-history-boys,LGBTQ-related film
the-history-boys,teen film
the-history-of-sound,drama film
the-history-of-sound,historical film
the-history-of-sound,LGBTQ-related film
the-history-of-sound,music-themed film
the-history-of-sound,romance film
the-hit,crime film
the-hit,drama film
the-hitchhikers-guide-to-the-galaxy,adventure film
the-hitchhikers-guide-to-the-galaxy,comedy film
the-hitchhikers-guide-to-the-galaxy,science fiction film
the-hoax,biographical film
the-hoax,comedy film
the-hoax,drama film
the-hobbit-an-unexpected-journey,action film
the-hobbit-an-unexpected-journey,adventure film
the-hobbit-an-unexpected-journey,fantasy film
the-hobbit-the-battle-of-the-five-armies,action film
the-hobbit-the-battle-of-the-five-armies,adventure film
the-hobbit-the-battle-of-the-five-armies,fantasy film
the-hobbit-the-desolation-of-smaug,action film
the-hobbit-the-desolation-of-smaug,adventure film
the-hobbit-the-desolation-of-smaug,fantasy film
the-holdovers,Christmas film
the-holdovers,comedy drama
the-hole,fantasy film
the-hole,horror film
the-hole,thriller film
the-hole-in-the-ground,horror film
the-hole-in-the-ground,thriller film
the-holiday,Christmas film
the-holiday,comedy film
the-holiday,romantic comedy
the-holy-mountain,drama film
the-holy-mountain,fantasy film
the-holy-mountain,LGBTQ-related film
the-homesman,drama film
the-homesman,Western film
the-honeymoon-killers,crime film
the-honeymoon-killers,docudrama
the-honeymoon-killers,drama film
the-hornets-nest,documentary film
the-hospital,comedy film
the-hospital,drama film
the-hospital,mystery film
the-host,comedy film
the-host,drama film
the-host,horror film
the-host,kaiju
the-host,science fiction film
the-hot-chick,fantasy film
the-hot-chick,teen film
the-hours,drama film
the-hours,LGBTQ-related film
the-house-bunny,female buddy film
the-house-bunny,romantic comedy
the-house-bunny,teen film
the-house-i-live-in,documentary film
the-house-of-mirth,drama film
the-house-of-the-devil,horror film
the-house-with-a-clock-in-its-walls,comedy horror
the-house-with-a-clock-in-its-walls,fantasy film
the-house-with-a-clock-in-its-walls,ghost film
the-housemaid,drama film
the-housemaid,erotic thriller
the-housemaid-2025,thriller film
the-hudsucker-proxy,Christmas film
the-hudsucker-proxy,comedy drama
the-hudsucker-proxy,comedy film
the-hudsucker-proxy,drama film
the-hudsucker-proxy,fantasy film
the-hudsucker-proxy,screwball comedy film
the-human-centipede-first-sequence,horror film
the-human-centipede-first-sequence,splatter film
the-human-centipede-ii-full-sequence,horror film
the-human-centipede-ii-full-sequence,splatter film
the-humans,huis-clos film
the-humans,psychological drama film
the-humbling,comedy drama
the-humbling,drama film
the-humbling,erotic film
the-humbling,romantic comedy film
the-hummingbird-project,drama film
the-hummingbird-project,thriller film
the-hunchback-of-notre-dame,buddy film
the-hunchback-of-notre-dame,comedy drama
the-hunchback-of-notre-dame,drama film
the-hunchback-of-notre-dame,fantasy film
the-hunchback-of-notre-dame,musical film
the-hunger-games-catching-fire,action film
the-hunger-games-catching-fire,adventure film
the-hunger-games-catching-fire,drama film
the-hunger-games-catching-fire,dystopian film
the-hunger-games-catching-fire,science fiction film
the-hunger-games-mockingjay---part-1,action film
the-hunger-games-mockingjay---part-1,drama film
the-hunger-games-mockingjay---part-1,science fiction film
the-hunger-games-mockingjay---part-1,war film
the-hunger-games-mockingjay---part-2,action film
the-hunger-games-mockingjay---part-2,drama film
the-hunger-games-mockingjay---part-2,dystopian film
the-hunger-games-mockingjay---part-2,science fiction film
the-hunger-games-mockingjay---part-2,war film
the-hunt,drama film
the-hunt-for-red-october,action film
the-hunt-for-red-october,drama film
the-hunt-for-red-october,political thriller film
the-hunt-for-red-october,spy film
the-hunt-for-red-october,submarine film
the-hunt-for-red-october,thriller film
the-hunt-for-red-october,war film
the-hunter,adventure film
the-hunter,drama film
the-hunter,thriller film
the-hunter-2012,adventure film
the-hunter-2012,drama film
the-hunter-2012,thriller film
the-hunting-ground,documentary film
the-hurricane,biographical film
the-hurricane,boxing film
the-hurricane,drama film
the-hurricane,prison film
the-hurt-locker,action film
the-hurt-locker,action thriller
the-hurt-locker,drama film
the-hurt-locker,independent film
the-hurt-locker,war film
the-hustler,drama film
the-hustler,sport film
the-ice-storm,drama film
the-ice-tower,drama film
the-ice-tower,fantasy film
the-iceman,biographical film
the-iceman,crime film
the-iceman,drama film
the-iceman,thriller film
the-iceman-cometh,drama film
the-idea-of-you,romantic comedy film
the-ides-of-march,drama film
the-ides-of-march,political thriller film
the-idol,comedy film
the-idol,drama film
the-ignorant-fairies,drama film
the-ignorant-fairies,LGBTQ-related film
the-illusionist-1969,coming-of-age film
the-illusionist-1969,drama film
the-image-book,documentary film
the-image-book,essay film
the-image-book,experimental film
the-imaginary,fantasy anime and manga
the-imitation-game,biographical film
the-imitation-game,drama film
the-imitation-game,historical film
the-imitation-game,LGBTQ-related film
the-imitation-game,war film
the-immigrant,drama film
the-impossible,disaster film
the-impossible,drama film
the-impossible,thriller film
the-imposter,biographical film
the-imposter,crime film
the-imposter,documentary film
the-in-laws-1969,action film
the-in-laws-1969,comedy film
the-incredible-hulk,action film
the-incredible-hulk,adventure film
the-incredible-hulk,science fiction film
the-incredible-hulk,superhero film
the-incredible-jessica-james,comedy film
the-incredible-shrinking-man,drama film
the-incredible-shrinking-man,horror film
the-incredible-shrinking-man,science fiction film
the-incredible-shrinking-man,science fiction horror film
the-incredible-shrinking-man,survival film
the-incredible-shrinking-man,suspense film
the-incredible-shrinking-man,thriller film
the-incredibles,action film
the-incredibles,comedy film
the-incredibles,family film
the-incredibles,superhero film
the-infiltrator,biographical film
the-infiltrator,crime film
the-infiltrator,drama film
the-infiltrator,thriller film
the-informant!,comedy film
the-informant!,crime film
the-informant!,drama film
the-informer,action film
the-informer,crime film
the-informer,thriller film
the-innkeepers,horror film
the-innkeepers,thriller film
the-innocent,comedy film
the-innocents,ghost film
the-innocents,horror film
the-innocents-2016,drama film
the-innocents-2022,drama film
the-innocents-2022,horror film
the-innocents-2022,thriller film
the-insider,biographical film
the-insider,drama film
the-insider,thriller film
the-inspection,drama film
the-inspection,LGBTQ-related film
the-insult,drama film
the-international,action film
the-international,mystery film
the-international,political thriller film
the-internets-own-boy-the-story-of-aaron-swartz,biographical film
the-internets-own-boy-the-story-of-aaron-swartz,documentary film
the-interrupters,documentary film
the-intervention,comedy drama
the-intervention,LGBTQ-related film
the-intouchables,biographical film
the-intouchables,comedy film
the-intouchables,drama film
the-intruder,drama film
the-invasion,action film
the-invasion,drama film
the-invasion,horror film
the-invasion,post-apocalyptic film
the-invasion,science fiction film
the-invasion,thriller film
the-invention-of-lying,fantasy film
the-invention-of-lying,romantic comedy
the-inventor,animated film
the-inventor,biographical film
the-invisible-man,drama film
the-invisible-man,horror film
the-invisible-man,science fiction film
the-invisible-man,thriller film
the-invisible-man-1933,horror film
the-invisible-man-1933,science fiction film
the-invisible-war,documentary film
the-invisible-woman,biographical film
the-invisible-woman,drama film
the-invisible-woman,melodrama
the-invisible-woman,romance film
the-invisibles,docudrama
the-invitation,comedy film
the-invite,comedy film
the-irishman,biographical film
the-irishman,crime drama film
the-irishman,crime film
the-irishman,crime thriller film
the-irishman,drama film
the-irishman,epic film
the-irishman,gangster film
the-irishman,historical drama film
the-irishman,historical film
the-irishman,period drama film
the-irishman,thriller film
the-iron-claw,biographical film
the-iron-claw,drama film
the-iron-claw,sport film
the-iron-giant,action film
the-iron-giant,adventure film
the-iron-giant,children's film
the-iron-giant,comedy drama
the-iron-giant,drama film
the-iron-giant,fantasy film
the-iron-giant,science fiction film
the-iron-lady,biographical film
the-iron-lady,drama film
the-island-president,documentary film
the-italian,drama film
the-italian-job,action film
the-italian-job,crime film
the-italian-job,heist film
the-italian-job,mystery film
the-italian-job,thriller film
the-italian-job-1969,action comedy film
the-italian-job-1969,crime comedy film
the-italian-job-1969,heist film
the-ivory-game,documentary film
the-jackal,action film
the-jackal,crime film
the-jackal,drama film
the-jackal,spy film
the-jackal,thriller film
the-jacket,drama film
the-jacket,science fiction film
the-jacket,thriller film
the-janes,documentary film
the-jeffrey-dahmer-files,documentary film
the-joy-luck-club,drama film
the-jungle-book,comedy film
the-jungle-book,musical film
the-jungle-book-2,adventure film
the-jungle-book-2,children's film
the-jungle-book-2,comedy
the-jungle-book-2,musical film
the-jungle-book-2016,action film
the-jungle-book-2016,adventure film
the-jungle-book-2016,drama film
the-jungle-book-2016,fantasy film
the-jungle-book-2016,live action
the-karate-kid,children's film
the-karate-kid,comedy drama
the-karate-kid,drama film
the-karate-kid,martial arts film
the-karate-kid,sport film
the-karate-kid-1984,action film
the-karate-kid-1984,coming-of-age film
the-karate-kid-1984,drama film
the-karate-kid-1984,martial arts film
the-karate-kid-1984,romance film
the-karate-kid-1984,teen film
the-karate-kid-part-ii,action film
the-karate-kid-part-ii,coming-of-age film
the-karate-kid-part-ii,drama film
the-karate-kid-part-ii,martial arts film
the-karate-kid-part-ii,romance film
the-karate-kid-part-ii,teen film
the-karate-kid-part-iii,action film
the-karate-kid-part-iii,coming-of-age film
the-karate-kid-part-iii,drama film
the-karate-kid-part-iii,martial arts film
the-karate-kid-part-iii,romance film
the-karate-kid-part-iii,teen film
the-keeping-room,action film
the-keeping-room,thriller film
the-kid-stays-in-the-picture,documentary film
the-kid-who-would-be-king,adventure film
the-kid-who-would-be-king,fantasy film
the-kid-with-a-bike,drama film
the-kids-are-all-right,comedy drama
the-kids-are-all-right,comedy film
the-kids-are-all-right,drama film
the-kids-are-all-right,LGBTQ-related film
the-kill-room,comedy film
the-kill-room,crime film
the-kill-room,thriller film
the-kill-team,documentary film
the-kill-team-2019,action film
the-kill-team-2019,drama film
the-kill-team-2019,war film
the-killer,action film
the-killer,buddy film
the-killer,crime film
the-killer-2023,action thriller
the-killer-2023,neo-noir
the-killer-2024,action film
the-killer-inside-me,crime thriller film
the-killer-inside-me,drama film
the-killer-inside-me,thriller film
the-killers,action film
the-killers,crime film
the-killers,drama film
the-killing,action film
the-killing,crime drama film
the-killing,crime film
the-killing,crime thriller film
the-killing,drama film
the-killing,film noir
the-killing,flashback film
the-killing,gangster film
the-killing,heist film
the-killing,mystery film
the-killing,thriller film
the-killing,war drama
the-killing,war film
the-killing-fields,biographical film
the-killing-fields,drama film
the-killing-of-a-sacred-deer,drama film
the-killing-of-a-sacred-deer,horror film
the-killing-of-a-sacred-deer,thriller film
the-killing-of-two-lovers,drama film
the-kindergarten-teacher-2018,drama film
the-king-and-the-mockingbird,animated film
the-king-and-the-mockingbird,fairy tale
the-king-and-the-mockingbird,family film
the-king-and-the-mockingbird,fantasy film
the-king-and-the-mockingbird,pritcha
the-king-and-the-mockingbird,romance film
the-king-of-comedy,biographical film
the-king-of-comedy,black comedy film
the-king-of-comedy,comedy drama
the-king-of-comedy,comedy film
the-king-of-comedy,crime drama film
the-king-of-comedy,crime film
the-king-of-comedy,drama film
the-king-of-kong-a-fistful-of-quarters,documentary film
the-king-of-staten-island,comedy film
the-king-of-staten-island,drama film
the-kingdom,action film
the-kingdom,drama film
the-kingdom-of-dreams-and-madness,documentary film
the-kingmaker,biographical film
the-kingmaker,documentary film
the-kings-choice,action film
the-kings-choice,biographical film
the-kings-choice,drama film
the-kings-choice,historical film
the-kings-choice,war film
the-kings-of-summer,comedy film
the-kings-of-summer,coming-of-age film
the-kings-of-summer,drama film
the-kings-speech,biographical film
the-kings-speech,drama film
the-kings-speech,historical film
the-kite-runner,drama film
the-krays,biographical film
the-krays,crime film
the-krays,drama film
the-krays,LGBTQ-related film
the-lady-eve,comedy of remarriage
the-lady-eve,crime film
the-lady-eve,romantic comedy film
the-lady-in-the-van,comedy film
the-lady-in-the-van,drama film
the-lady-vanishes-1938,comedy film
the-lady-vanishes-1938,comedy thriller
the-lady-vanishes-1938,crime drama film
the-lady-vanishes-1938,crime film
the-lady-vanishes-1938,crime thriller film
the-lady-vanishes-1938,detective film
the-lady-vanishes-1938,drama film
the-lady-vanishes-1938,mystery film
the-lady-vanishes-1938,psychological drama film
the-lady-vanishes-1938,psychological thriller film
the-lady-vanishes-1938,romance film
the-lady-vanishes-1938,spy film
the-lady-vanishes-1938,suspense film
the-lady-vanishes-1938,thriller film
the-ladykillers,comedy film
the-ladykillers,comedy thriller
the-ladykillers,heist film
the-ladykillers-1955,heist film
the-lake-house,alternate history
the-lake-house,drama film
the-lake-house,fantasy film
the-lake-house,melodrama
the-lake-house,romance film
the-lake-house,science fiction film
the-lake-house,time-travel film
the-land-before-time,adventure film
the-land-before-time,buddy film
the-land-before-time,coming-of-age film
the-land-before-time,drama film
the-land-before-time,family film
the-land-of-steady-habits,drama film
the-last-airbender,action film
the-last-airbender,children's film
the-last-airbender,fantasy film
the-last-airbender,kung fu film
the-last-airbender,martial arts film
the-last-airbender,superhero film
the-last-black-man-in-san-francisco,drama film
the-last-circus,comedy film
the-last-circus,drama film
the-last-days,documentary film
the-last-days-of-disco,comedy film
the-last-days-of-disco,drama film
the-last-detail,buddy film
the-last-detail,comedy film
the-last-detail,drama film
the-last-detail,road movie
the-last-duel,drama film
the-last-duel,historical film
the-last-duel,knight film
the-last-duel,medieval film
the-last-emperor,biographical film
the-last-emperor,drama film
the-last-emperor,epic film
the-last-emperor,historical film
the-last-exorcism,drama film
the-last-exorcism,found footage film
the-last-exorcism,horror film
the-last-exorcism,pseudo-documentary
the-last-exorcism,thriller film
the-last-family,biographical film
the-last-family,drama film
the-last-five-years,comedy drama
the-last-five-years,musical film
the-last-king-of-scotland,drama film
the-last-lions,documentary film
the-last-lions,nature documentary
the-last-man-on-the-moon,biographical film
the-last-man-on-the-moon,documentary film
the-last-mistress,drama film
the-last-mistress,erotic film
the-last-mistress,romance film
the-last-of-the-mohicans,drama film
the-last-of-the-mohicans,melodrama
the-last-of-the-mohicans,romance film
the-last-of-the-mohicans,war film
the-last-one-for-the-road,comedy film
the-last-one-for-the-road,crime film
the-last-one-for-the-road,drama film
the-last-picture-show,coming-of-age film
the-last-picture-show,drama film
the-last-rites-of-joe-may,drama film
the-last-samurai,action film
the-last-samurai,adventure film
the-last-samurai,drama film
the-last-samurai,historical film
the-last-samurai,ninja film
the-last-samurai,war film
the-last-samurai,white savior film
the-last-seduction,crime film
the-last-seduction,drama film
the-last-seduction,erotic thriller
the-last-seduction,film noir
the-last-seduction,LGBTQ-related film
the-last-seduction,neo-noir
the-last-shift,comedy film
the-last-showgirl,drama film
the-last-song,coming-of-age film
the-last-song,drama film
the-last-song,romance film
the-last-song,teen film
the-last-station,biographical film
the-last-station,drama film
the-last-stop-in-yuma-county,contemporary Western film
the-last-stop-in-yuma-county,thriller film
the-last-temptation-of-christ,drama film
the-last-temptation-of-christ,historical drama film
the-last-temptation-of-christ,historical film
the-last-temptation-of-christ,thriller film
the-last-unicorn,children's film
the-last-unicorn,fantasy film
the-last-vermeer,drama film
the-last-viking,black comedy film
the-last-waltz,concert film
the-last-waltz,music documentary film
the-last-winter,horror film
the-last-winter,thriller film
the-laundromat,drama film
the-lavender-hill-mob,heist film
the-league-of-extraordinary-gentlemen,action film
the-league-of-extraordinary-gentlemen,adventure film
the-league-of-extraordinary-gentlemen,alternate history film
the-league-of-extraordinary-gentlemen,crossover fiction
the-league-of-extraordinary-gentlemen,fantasy film
the-league-of-extraordinary-gentlemen,science fiction action film
the-league-of-extraordinary-gentlemen,science fiction film
the-league-of-extraordinary-gentlemen,steampunk film
the-league-of-extraordinary-gentlemen,superhero film
the-league-of-extraordinary-gentlemen,vampire film
the-legend-of-1900,comedy film
the-legend-of-1900,drama film
the-legend-of-1900,independent film
the-legend-of-1900,romance film
the-legend-of-molly-johnson,drama film
the-legend-of-molly-johnson,historical film
the-legend-of-molly-johnson,Western film
the-legend-of-ochi,adventure film
the-legend-of-ochi,fantasy film
the-lego-batman-movie,comedy film
the-lego-batman-movie,fantasy film
the-lego-batman-movie,superhero film
the-lego-movie,action film
the-lego-movie,adventure film
the-lego-movie,comedy film
the-lego-movie,crossover fiction
the-lego-movie,dystopian film
the-lego-movie,family film
the-lego-movie,fantasy film
the-lego-movie,teen film
the-lego-movie-2-the-second-part,action film
the-lego-movie-2-the-second-part,adventure film
the-lego-movie-2-the-second-part,comedy film
the-lego-movie-2-the-second-part,family film
the-lego-movie-2-the-second-part,fantasy film
the-lego-movie-2-the-second-part,live-action/animated film
the-lego-movie-2-the-second-part,musical film
the-lego-movie-2-the-second-part,post-apocalyptic film
the-lego-movie-2-the-second-part,science fiction film
the-lego-movie-2-the-second-part,time-travel film
the-leopard-re-release,drama film
the-letter,crime film
the-letter,drama film
the-letter,film noir
the-levelling,drama film
the-life-ahead,drama film
the-life-and-death-of-colonel-blimp-1945,drama film
the-life-and-death-of-colonel-blimp-1945,romance film
the-life-and-death-of-colonel-blimp-1945,war film
the-life-of-chuck,drama film
the-life-of-chuck,fantasy film
the-life-of-chuck,science fiction film
the-life-of-david-gale,crime film
the-life-of-david-gale,drama film
the-life-of-david-gale,mystery film
the-light-between-oceans,drama film
the-light-between-oceans,romance film
the-light-between-oceans,war film
the-lighthouse-2019,drama film
the-lighthouse-2019,fantasy film
the-lighthouse-2019,horror film
the-limehouse-golem,horror film
the-limehouse-golem,mystery film
the-limehouse-golem,thriller film
the-limey,crime film
the-limey,drama film
the-limey,flashback film
the-limey,neo-noir
the-lincoln-lawyer,crime film
the-lincoln-lawyer,crime thriller film
the-lincoln-lawyer,drama film
the-lincoln-lawyer,trial film
the-lion-king,adventure film
the-lion-king,drama film
the-lion-king,family film
the-lion-king,musical film
the-listener,drama film
the-little-hours,comedy film
the-little-hours,LGBTQ-related film
the-little-hours,nunsploitation
the-little-mermaid,children's film
the-little-mermaid,cinematic fairy tale
the-little-mermaid,fantasy film
the-little-mermaid,melodrama
the-little-mermaid,musical film
the-little-mermaid,romance film
the-little-prince,adventure film
the-little-prince,drama film
the-little-prince,family film
the-little-prince,fantasy film
the-little-stranger,drama film
the-little-stranger,horror film
the-little-stranger,supernatural fiction
the-little-stranger,thriller film
the-lives-of-others,drama film
the-lives-of-others,political thriller film
the-lives-of-others,thriller film
the-lobster,arthouse science fiction film
the-lobster,dystopian film
the-lobster,romantic comedy film
the-lobster,science fiction film
the-lodge,drama film
the-lodge,horror film
the-lodge,psychological thriller
the-lodge,thriller film
the-lodger-a-story-of-the-london-fog,crime drama film
the-lodger-a-story-of-the-london-fog,crime film
the-lodger-a-story-of-the-london-fog,crime thriller film
the-lodger-a-story-of-the-london-fog,detective film
the-lodger-a-story-of-the-london-fog,drama film
the-lodger-a-story-of-the-london-fog,horror film
the-lodger-a-story-of-the-london-fog,mystery film
the-lodger-a-story-of-the-london-fog,silent film
the-lodger-a-story-of-the-london-fog,thriller film
the-loneliest-planet,drama film
the-loneliest-whale-the-search-for-52,documentary film
the-long-day-closes,drama film
the-long-dumb-road,drama film
the-long-dumb-road,road movie
the-long-good-friday,crime film
the-long-good-friday,drama film
the-long-good-friday,gangster film
the-long-goodbye,crime film
the-long-goodbye,drama film
the-long-goodbye,film noir
the-long-goodbye,mystery film
the-long-goodbye,neo-noir
the-long-kiss-goodnight,action film
the-long-kiss-goodnight,Christmas film
the-long-kiss-goodnight,girls with guns
the-long-kiss-goodnight,thriller film
the-long-walk-2025,dystopian fiction
the-long-walk-2025,dystopian film
the-long-walk-2025,horror film
the-long-walk-2025,science fiction film
the-long-walk-2025,thriller film
the-longest-day,action film
the-longest-day,drama film
the-longest-day,historical film
the-longest-day,war film
the-longest-yard,action comedy film
the-longest-yard,American football film
the-longest-yard,comedy drama
the-longest-yard,crime film
the-longest-yard,drama film
the-longest-yard,prison film
the-longest-yard,sport film
the-look-of-love,biographical film
the-look-of-love,drama film
the-look-of-silence,documentary film
the-lookout,crime thriller film
the-lookout,drama film
the-lookout,heist film
the-lord-of-the-rings-the-fellowship-of-the-ring,action film
the-lord-of-the-rings-the-fellowship-of-the-ring,adventure film
the-lord-of-the-rings-the-fellowship-of-the-ring,fantasy film
the-lord-of-the-rings-the-fellowship-of-the-ring,high fantasy
the-lord-of-the-rings-the-return-of-the-king,adventure film
the-lord-of-the-rings-the-return-of-the-king,fantasy film
the-lord-of-the-rings-the-two-towers,action film
the-lord-of-the-rings-the-two-towers,adventure film
the-lord-of-the-rings-the-two-towers,fantasy film
the-lords-of-salem,horror film
the-lords-of-salem,mystery film
the-lords-of-salem,psychological horror film
the-lords-of-salem,psychological thriller film
the-lords-of-salem,supernatural horror film
the-lords-of-salem,suspense film
the-lords-of-salem,thriller film
the-losers,action film
the-losers,crime film
the-lost-boys,comedy horror film
the-lost-boys,fantasy film
the-lost-boys,vampire film
the-lost-bus,disaster film
the-lost-bus,drama film
the-lost-bus,survival film
the-lost-city-2022,action film
the-lost-city-2022,adventure film
the-lost-city-2022,comedy film
the-lost-city-of-z,action film
the-lost-city-of-z,adventure film
the-lost-city-of-z,biographical film
the-lost-city-of-z,drama film
the-lost-daughter,drama film
the-lost-king,comedy drama
the-lost-leonardo,documentary film
the-lost-world-jurassic-park,action film
the-lost-world-jurassic-park,adventure film
the-lost-world-jurassic-park,science fiction film
the-lottery,documentary film
the-love-guru,romantic comedy
the-love-that-remains,drama film
the-love-witch,comedy horror
the-love-witch,horror film
the-love-witch,thriller film
the-lovebirds,comedy film
the-lovebirds,romance film
the-lovebirds,romantic comedy
the-lovely-bones,crime drama film
the-lovely-bones,crime film
the-lovely-bones,crime thriller film
the-lovely-bones,drama film
the-lovely-bones,fantasy film
the-lovely-bones,ghost film
the-lovely-bones,horror film
the-lovely-bones,melodrama
the-lovely-bones,supernatural film
the-lovely-bones,supernatural horror film
the-lovely-bones,suspense film
the-lovely-bones,thriller film
the-lovers-2017,comedy film
the-lovers-2017,romance film
the-luckiest-man-in-america,drama film
the-lunchbox,drama film
the-lunchbox,romance film
the-machinist,drama film
the-machinist,psychological thriller
the-mad-womens-ball,drama film
the-madness-of-king-george,biographical film
the-madness-of-king-george,comedy film
the-madness-of-king-george,drama film
the-magdalene-sisters,drama film
the-magic-faraway-tree,adventure film
the-magic-faraway-tree,family film
the-magician-1959,drama film
the-magician-1959,fantasy film
the-magnificent-ambersons,drama film
the-magnificent-seven-1960,action film
the-magnificent-seven-1960,drama film
the-magnificent-seven-1960,Western film
the-maid,comedy film
the-maid,drama film
the-majestic,drama film
the-major-and-the-minor,romantic comedy
the-maltese-falcon,crime film
the-maltese-falcon,drama film
the-maltese-falcon,film noir
the-maltese-falcon,mystery film
the-maltese-falcon,treasure hunt film
the-man-from-uncle,action film
the-man-from-uncle,buddy film
the-man-from-uncle,comedy film
the-man-from-uncle,heist film
the-man-from-uncle,spy film
the-man-in-the-iron-mask,action film
the-man-in-the-iron-mask,adventure film
the-man-in-the-iron-mask,comedy film
the-man-in-the-iron-mask,drama film
the-man-in-the-iron-mask,historical drama
the-man-in-the-iron-mask,prison film
the-man-in-the-iron-mask,swashbuckler film
the-man-in-the-moon,coming-of-age film
the-man-in-the-moon,drama film
the-man-in-the-moon,romance film
the-man-in-the-moon,teen film
the-man-nobody-knew-in-search-of-my-father-cia-spymaster-william-colby,documentary film
the-man-who-fell-to-earth,arthouse science fiction film
the-man-who-fell-to-earth,drama film
the-man-who-fell-to-earth,science fiction film
the-man-who-invented-christmas,Christmas film
the-man-who-killed-don-quixote,adventure film
the-man-who-killed-don-quixote,comedy film
the-man-who-knew-infinity,biographical film
the-man-who-knew-infinity,drama film
the-man-who-knew-too-much,crime drama film
the-man-who-knew-too-much,crime film
the-man-who-knew-too-much,crime thriller film
the-man-who-knew-too-much,drama film
the-man-who-knew-too-much,film noir
the-man-who-knew-too-much,mystery film
the-man-who-knew-too-much,political thriller film
the-man-who-knew-too-much,psychological drama film
the-man-who-knew-too-much,psychological thriller film
the-man-who-knew-too-much,spy film
the-man-who-knew-too-much,thriller film
the-man-who-knew-too-much-1935,crime drama film
the-man-who-knew-too-much-1935,crime film
the-man-who-knew-too-much-1935,crime thriller film
the-man-who-knew-too-much-1935,drama film
the-man-who-knew-too-much-1935,film noir
the-man-who-knew-too-much-1935,mystery film
the-man-who-knew-too-much-1935,psychological drama film
the-man-who-knew-too-much-1935,psychological thriller film
the-man-who-knew-too-much-1935,spy film
the-man-who-knew-too-much-1935,suspense film
the-man-who-knew-too-much-1935,thriller film
the-man-who-shot-liberty-valance,drama film
the-man-who-shot-liberty-valance,flashback film
the-man-who-shot-liberty-valance,revisionist Western
the-man-who-shot-liberty-valance,Western film
the-man-who-sold-his-skin,black comedy film
the-man-who-sold-his-skin,drama film
the-man-who-wasnt-there,crime film
the-man-who-wasnt-there,drama film
the-man-who-wasnt-there,neo-noir
the-man-who-would-be-king,adventure film
the-man-who-would-be-king,drama film
the-man-with-the-golden-gun,action film
the-man-with-the-golden-gun,adventure film
the-man-with-the-golden-gun,spy film
the-man-with-the-golden-gun,thriller film
the-man-without-a-past,comedy film
the-man-without-a-past,drama film
the-manchurian-candidate,drama film
the-manchurian-candidate,political film
the-manchurian-candidate,political thriller film
the-manchurian-candidate,thriller film
the-manchurian-candidate-1962,drama film
the-manchurian-candidate-1962,film noir
the-manchurian-candidate-1962,political film
the-manchurian-candidate-1962,political thriller film
the-manchurian-candidate-1962,spy film
the-manchurian-candidate-1962,thriller film
the-manchurian-candidate-1962,war film
the-many-saints-of-newark,action film
the-many-saints-of-newark,crime film
the-many-saints-of-newark,drama film
the-map-of-tiny-perfect-things,comedy drama
the-map-of-tiny-perfect-things,romance film
the-map-of-tiny-perfect-things,science fiction film
the-map-of-tiny-perfect-things,teen film
the-martian,action film
the-martian,adventure film
the-martian,drama film
the-martian,science fiction film
the-martian,survival film
the-mask,comedy film
the-mask,fantasy film
the-mask,gangster film
the-mask,speculative fiction film
the-mask,superhero film
the-mask-of-zorro,action film
the-mask-of-zorro,adventure film
the-mask-of-zorro,heist film
the-mask-of-zorro,superhero film
the-mask-of-zorro,swashbuckler film
the-mask-of-zorro,Western film
the-masque-of-the-red-death,drama film
the-masque-of-the-red-death,fantasy film
the-masque-of-the-red-death,Gothic film
the-masque-of-the-red-death,gothic horror film
the-masque-of-the-red-death,horror film
the-masque-of-the-red-death,supernatural horror film
the-master,drama film
the-master-of-disguise,fantasy film
the-mastermind,drama film
the-mastermind,heist film
the-mastermind,thriller film
the-matrix,action film
the-matrix,action thriller
the-matrix,cyberpunk
the-matrix,dystopian film
the-matrix,film noir
the-matrix,post-apocalyptic film
the-matrix,science fiction film
the-matrix,superhero film
the-matrix,thriller film
the-matrix-reloaded,action film
the-matrix-reloaded,cyberpunk
the-matrix-reloaded,dystopian film
the-matrix-reloaded,martial arts film
the-matrix-reloaded,science fiction film
the-matrix-reloaded,superhero film
the-matrix-reloaded,thriller film
the-matrix-resurrections,action film
the-matrix-resurrections,cyberpunk
the-matrix-resurrections,science fiction film
the-matrix-resurrections,superhero film
the-matrix-revolutions,action film
the-matrix-revolutions,cyberpunk
the-matrix-revolutions,science fiction action film
the-matrix-revolutions,science fiction film
the-matrix-revolutions,superhero film
the-matrix-revolutions,wuxia film
the-maze-runner,action film
the-maze-runner,dystopian film
the-maze-runner,fantasy film
the-maze-runner,mystery film
the-maze-runner,post-apocalyptic film
the-maze-runner,science fiction film
the-maze-runner,thriller film
the-meaning-of-hitler,documentary
the-meaning-of-life,comedy film
the-meaning-of-life,musical film
the-measure-of-a-man,drama film
the-meddler,comedy drama
the-memory-of-a-killer,action film
the-memory-of-a-killer,crime thriller film
the-memory-of-a-killer,drama film
the-memory-of-a-killer,psychological thriller
the-men-who-stare-at-goats,comedy film
the-men-who-stare-at-goats,war film
the-menu,black comedy
the-menu,comedy horror
the-menu,thriller film
the-mercy,biographical film
the-mercy,drama film
the-mermaid,comedy film
the-mermaid,fantasy film
the-messenger,drama film
the-messenger,romance film
the-messenger,war film
the-meyerowitz-stories-new-and-selected,comedy drama
the-midnight-meat-train,fantasy film
the-midnight-meat-train,horror film
the-midnight-meat-train,mystery film
the-midnight-meat-train,slasher film
the-midnight-meat-train,thriller film
the-midnight-sky,post-apocalyptic film
the-midnight-sky,science fiction film
the-midwife,drama film
the-mighty-quinn,crime film
the-mighty-quinn,mystery film
the-milk-of-sorrow,drama film
the-mill-and-the-cross,biographical film
the-mill-and-the-cross,drama film
the-mill-and-the-cross,historical film
the-miracle-of-morgans-creek,romantic comedy
the-miracle-worker,biographical film
the-miracle-worker,drama film
the-miseducation-of-cameron-post,drama film
the-miseducation-of-cameron-post,LGBTQ-related film
the-misfits,drama film
the-misfits,romance film
the-missing-picture,documentary film
the-mist,drama film
the-mist,horror film
the-mist,monster film
the-mist,science fiction film
the-mist,science fiction horror film
the-mitchells-vs-the-machines,apocalyptic film
the-mitchells-vs-the-machines,road movie
the-mitchells-vs-the-machines,science fiction film
the-mole-agent,documentary film
the-monk,drama film
the-monk,parable
the-monk-and-the-gun,comedy film
the-monk-and-the-gun,drama film
the-monkey,supernatural horror film
the-monkey-king,action comedy film
the-monkey-king,animated film
the-monkey-king,fantasy film
the-monster,horror film
the-mortuary-collection,anthology film
the-mortuary-collection,horror film
the-most-dangerous-man-in-america-daniel-ellsberg-and-the-pentagon-papers,documentary film
the-motel-life,crime film
the-motel-life,drama film
the-mother-and-the-whore,comedy film
the-mother-and-the-whore,drama film
the-mother-of-all-lies,documentary film
the-mothman-prophecies,drama film
the-mothman-prophecies,horror film
the-mothman-prophecies,mystery film
the-mothman-prophecies,psychological horror film
the-motorcycle-diaries,adventure film
the-motorcycle-diaries,biographical film
the-motorcycle-diaries,coming-of-age film
the-motorcycle-diaries,drama film
the-motorcycle-diaries,road movie
the-mule-2018,biographical film
the-mule-2018,crime film
the-mule-2018,drama film
the-mummy,action film
the-mummy,comedy film
the-mummy,fantasy film
the-mummy,horror film
the-mummy,treasure hunt film
the-mummy-returns,action film
the-mummy-returns,fantasy film
the-mummy-returns,horror film
the-mummy-tomb-of-the-dragon-emperor,action film
the-mummy-tomb-of-the-dragon-emperor,fantasy film
the-mummy-tomb-of-the-dragon-emperor,horror film
the-munsters,black comedy film
the-munsters,comedy horror film
the-munsters,fantasy comedy film
the-munsters,fantasy film
the-munsters,Gothic film
the-munsters,gothic horror film
the-munsters,horror film
the-munsters,monster film
the-munsters,mystery film
the-munsters,romance film
the-munsters,romantic comedy film
the-munsters,science fiction film
the-munsters,science fiction horror film
the-munsters,supernatural horror film
the-muppet-christmas-carol,children's film
the-muppet-christmas-carol,Christmas film
the-muppet-christmas-carol,comedy film
the-muppet-christmas-carol,drama film
the-muppet-christmas-carol,fantasy film
the-muppet-christmas-carol,musical film
the-muppet-movie,comedy film
the-muppet-movie,musical film
the-muppets,comedy film
the-muppets,musical film
the-music-never-stopped,drama film
the-music-of-strangers-yo-yo-ma-and-the-silk-road-ensemble,documentary film
the-mustang,drama film
the-mysterious-gaze-of-the-flamingo,drama film
the-myth-of-the-american-sleepover,comedy drama
the-myth-of-the-american-sleepover,coming-of-age film
the-naked-city,crime film
the-naked-city,documentary film
the-naked-city,drama film
the-naked-city,film noir
the-naked-city,mystery film
the-naked-gun,action comedy film
the-naked-gun-212-the-smell-of-fear,comedy film
the-naked-gun-from-the-files-of-police-squad!,comedy film
the-naked-kiss,crime film
the-naked-kiss,drama film
the-naked-kiss,neo-noir
the-names-of-love,comedy film
the-names-of-love,drama film
the-names-of-love,romance film
the-names-of-love,romantic comedy film
the-namesake,drama film
the-nature-of-love,comedy drama
the-nature-of-love,romantic comedy
the-negotiator,action film
the-negotiator,buddy cop film
the-negotiator,crime film
the-negotiator,drama film
the-nest,drama film
the-nest,thriller film
the-new-girlfriend,drama film
the-new-girlfriend,LGBTQ-related film
the-new-world,biographical film
the-new-world,drama film
the-new-world,historical drama film
the-new-world,romance film
the-next-three-days,action film
the-next-three-days,crime film
the-next-three-days,drama film
the-nice-guys,buddy cop film
the-nice-guys,comedy film
the-nice-guys,mystery film
the-night,horror film
the-night,psychological horror film
the-night-before,buddy film
the-night-before,Christmas film
the-night-before,comedy film
the-night-before,stoner film
the-night-house,supernatural film
the-night-house,supernatural horror film
the-night-house,thriller film
the-night-is-short-walk-on-girl,anime
the-night-is-short-walk-on-girl,romantic comedy
the-night-of-the-12th,police film
the-night-of-the-12th,thriller film
the-night-of-the-hunter,crime thriller film
the-night-of-the-hunter,drama film
the-night-of-the-hunter,film noir
the-nightingale-2018,drama film
the-nightmare,drama film
the-nightmare,horror film
the-nightmare-before-christmas,Christmas film
the-nightmare-before-christmas,comedy film
the-nightmare-before-christmas,dark fantasy
the-nightmare-before-christmas,fantasy film
the-nightmare-before-christmas,monster film
the-nightmare-before-christmas,musical film
the-nile-hilton-incident,crime film
the-nile-hilton-incident,thriller film
the-ninth-gate,horror film
the-ninth-gate,mystery film
the-ninth-gate,neo-noir
the-ninth-gate,psychological thriller film
the-ninth-gate,supernatural film
the-ninth-gate,thriller film
the-northman,epic film
the-northman,historical film
the-northman,medieval film
the-northman,thriller film
the-notebook,coming-of-age film
the-notebook,drama film
the-notebook,romance film
the-notebook-2014,drama film
the-novice,drama film
the-novice,thriller film
the-nowhere-inn,comedy film
the-nowhere-inn,drama film
the-nowhere-inn,mockumentary
the-nowhere-inn,psychological thriller
the-oath-2018,black comedy film
the-odd-couple,buddy film
the-odd-couple,comedy film
the-odyssey-2026,action film
the-odyssey-2026,adventure film
the-odyssey-2026,epic film
the-odyssey-2026,fantasy film
the-odyssey-2026,historical film
the-offence,crime film
the-offence,drama film
the-offering-2023,horror film
the-old-guard,action film
the-old-guard,mystery film
the-old-guard,speculative fiction film
the-old-man-the-gun,biographical film
the-old-man-the-gun,crime comedy film
the-old-man-the-gun,drama film
the-old-oak,drama film
the-omen,drama film
the-omen,horror film
the-omen-1976,horror film
the-omen-1976,mystery film
the-omen-1976,satanic film
the-omen-1976,thriller film
the-one,martial arts film
the-one,science fiction film
the-one,thriller film
the-one-and-only-ivan,fantasy film
the-one-and-only-ivan,live-action/animated film
the-one-i-love,comedy drama
the-one-i-love,drama film
the-one-i-love,magic realist film
the-one-i-love,romance film
the-ones-below,thriller film
the-opposite-of-sex,comedy drama
the-opposite-of-sex,LGBTQ-related film
the-opposite-of-sex,romantic comedy
the-order-2024,crime thriller film
the-order-of-myths,documentary film
the-original-kings-of-comedy,documentary film
the-original-kings-of-comedy,stand-up comedy
the-ornithologist,drama film
the-ornithologist,LGBTQ-related film
the-orphanage,drama film
the-orphanage,horror film
the-other-boleyn-girl,biographical film
the-other-boleyn-girl,drama film
the-other-boleyn-girl,historical film
the-other-boleyn-girl,romance film
the-other-dream-team,documentary film
the-other-f-word,documentary film
the-other-guys,action film
the-other-guys,buddy cop film
the-other-guys,comedy film
the-other-lamb,horror film
the-other-side-of-hope,comedy film
the-other-side-of-hope,drama film
the-other-side-of-the-wind,mockumentary
the-other-son,drama film
the-others,drama film
the-others,horror film
the-others,mystery film
the-outfit,crime film
the-outfit,drama film
the-outlaw-josey-wales,vigilante film
the-outlaw-josey-wales,Western film
the-outpost,drama film
the-outpost,historical film
the-outpost,war film
the-outrun,drama film
the-outsiders,coming-of-age film
the-outsiders,drama film
the-outsiders,teen film
the-outwaters,horror film
the-overnight,comedy film
the-overnighters,documentary film
the-pacifier,action film
the-pacifier,comedy film
the-pacifier,drama film
the-painted-bird,drama film
the-painted-bird,war film
the-painted-veil,drama film
the-painted-veil,romance film
the-painter-and-the-thief,documentary film
the-pale-blue-eye,crime film
the-pale-blue-eye,Gothic film
the-pale-blue-eye,horror film
the-pale-blue-eye,mystery film
the-pale-blue-eye,police film
the-pale-blue-eye,thriller film
the-panic-in-needle-park,drama film
the-paper,comedy drama
the-paper,comedy film
the-parent-trap,comedy drama
the-parent-trap,comedy of remarriage
the-parent-trap,family film
the-parent-trap,romantic comedy film
the-party,black comedy film
the-party,LGBTQ-related film
the-partys-just-beginning,comedy drama
the-passenger-re-release,drama film
the-passengers-of-the-night,drama film
the-passion-of-joan-of-arc,drama film
the-passion-of-joan-of-arc,silent film
the-passion-of-joan-of-arc,trial film
the-passion-of-the-christ,biographical film
the-passion-of-the-christ,drama film
the-passion-of-the-christ,historical film
the-passion-of-the-christ,sword-and-sandal film
the-past,drama film
the-patience-stone,drama film
the-patriot,action film
the-patriot,drama film
the-patriot,historical film
the-patriot,war film
the-pawnbroker,drama film
the-peacemaker,action film
the-peacemaker,thriller film
the-peanut-butter-falcon,drama film
the-peanut-butter-falcon,road movie
the-peanuts-movie,adventure film
the-peanuts-movie,children's film
the-pearl-button,documentary film
the-peasants,drama film
the-pelican-brief,action thriller
the-pelican-brief,crime film
the-pelican-brief,drama film
the-pelican-brief,political thriller film
the-people-vs-fritz-bauer,biographical film
the-people-vs-fritz-bauer,drama film
the-people-vs-larry-flynt,biographical film
the-people-vs-larry-flynt,drama film
the-people-vs-larry-flynt,LGBTQ-related film
the-people-vs-larry-flynt,trial film
the-peoples-joker,coming-of-age film
the-peoples-joker,parody film
the-peoples-joker,superhero film
the-perfect-candidate,drama film
the-perfect-find,romantic comedy film
the-perfect-neighbor,documentary film
the-perfect-storm,action film
the-perfect-storm,disaster film
the-perfect-storm,drama film
the-perfection,horror film
the-perks-of-being-a-wallflower,coming-of-age film
the-perks-of-being-a-wallflower,drama film
the-perks-of-being-a-wallflower,LGBTQ-related film
the-perks-of-being-a-wallflower,romance film
the-perks-of-being-a-wallflower,teen film
the-persian-version,comedy drama
the-personal-history-of-david-copperfield,comedy drama
the-personal-history-of-david-copperfield,drama film
the-perverts-guide-to-ideology,documentary film
the-phantom-of-the-open,biographical film
the-phantom-of-the-open,comedy drama
the-phantom-of-the-opera,drama film
the-phantom-of-the-opera,musical film
the-phantom-of-the-opera,romance film
the-phenom,drama film
the-philadelphia-story,comedy of remarriage
the-philadelphia-story,romantic comedy film
the-phoenician-scheme,adventure film
the-phoenician-scheme,black comedy film
the-phoenician-scheme,spy film
the-phoenician-scheme,thriller film
the-photograph,drama film
the-photograph,romance film
the-photograph,romantic comedy film
the-pianist,biographical film
the-pianist,drama film
the-pianist,historical film
the-pianist,musical film
the-pianist,war film
the-piano,drama film
the-piano,romance film
the-piano-lesson,drama film
the-piano-teacher,drama film
the-piano-teacher,erotic thriller
the-piano-teacher,romance film
the-pigeon-tunnel,documentary film
the-pink-cloud,science fiction film
the-pink-panther,buddy cop film
the-pink-panther,comedy film
the-pink-panther,heist film
the-pink-panther,mystery film
the-pink-panther-2,comedy film
the-pirates!-band-of-misfits,adventure film
the-pirates!-band-of-misfits,comedy film
the-pirates!-band-of-misfits,pirate film
the-pirates!-band-of-misfits,swashbuckler film
the-place-beyond-the-pines,crime film
the-place-beyond-the-pines,drama film
the-plague,thriller film
the-platform,dystopian film
the-platform,horror film
the-platform,science fiction film
the-platform,speculative fiction film
the-platform,thriller film
the-player,crime film
the-player,drama film
the-pledge,crime film
the-pledge,drama film
the-pledge,mystery film
the-pod-generation,comedy film
the-pod-generation,drama film
the-pod-generation,romantic comedy
the-pod-generation,science fiction film
the-polka-king,biographical film
the-polka-king,comedy film
the-polka-king,crime film
the-poseidon-adventure,action film
the-poseidon-adventure,disaster film
the-poseidon-adventure,drama film
the-poseidon-adventure,thriller film
the-post,biographical film
the-post,drama film
the-post,historical film
the-post,political thriller
the-post,thriller film
the-postman-always-rings-twice-1969,crime film
the-postman-always-rings-twice-1969,drama film
the-postman-always-rings-twice-1969,film noir
the-postman-always-rings-twice-1969,romance film
the-power,action film
the-power,thriller film
the-power-of-the-dog,drama film
the-power-of-the-dog,psychological drama film
the-power-of-the-dog,Western film
the-presidents-cake,drama film
the-presidents-cake,road movie
the-prestige,drama film
the-prestige,fantasy film
the-prestige,magic realist film
the-prestige,mystery film
the-prestige,thriller film
the-prey,action film
the-prey,thriller film
the-prince-of-egypt,adventure film
the-prince-of-egypt,coming-of-age film
the-prince-of-egypt,drama film
the-prince-of-egypt,musical film
the-prince-of-egypt,romance film
the-prince-of-egypt,sword-and-sandal film
the-princess-and-the-frog,buddy film
the-princess-and-the-frog,comedy drama
the-princess-and-the-frog,fantasy film
the-princess-and-the-frog,musical film
the-princess-and-the-frog,romantic comedy film
the-princess-bride,cinematic fairy tale
the-princess-bride,fantasy film
the-princess-bride,pirate film
the-princess-bride,romantic comedy film
the-princess-bride,swashbuckler film
the-princess-bride,sword and sorcery film
the-princess-diaries,children's film
the-princess-diaries,comedy drama
the-princess-diaries,comedy film
the-princess-diaries,coming-of-age fiction
the-princess-diaries,romantic comedy
the-princess-diaries,teen film
the-princess-of-montpensier,drama film
the-princess-of-montpensier,historical film
the-princess-of-montpensier,melodrama
the-princess-of-montpensier,romance film
the-producers-1968,comedy film
the-producers-1968,LGBTQ-related film
the-producers-1968,musical film
the-promised-land,historical film
the-proposal,comedy film
the-proposal,romantic comedy film
the-proposal-2019,documentary film
the-proposition,bushranging film
the-proposition,crime film
the-proposition,drama film
the-proposition,Western film
the-pruitt-igoe-myth,documentary film
the-public-enemy,action film
the-public-enemy,crime drama film
the-public-enemy,crime film
the-public-enemy,crime thriller film
the-public-enemy,drama film
the-public-enemy,film noir
the-public-enemy,gangster film
the-public-enemy,mystery film
the-public-enemy,suspense film
the-public-enemy,thriller film
the-puffy-chair,comedy drama
the-puffy-chair,romantic comedy
the-punisher,action film
the-punisher,crime film
the-punisher,drama fiction
the-punisher,drama film
the-punisher,superhero film
the-punisher,thriller film
the-punisher,vigilante film
the-punk-singer,documentary film
the-purple-rose-of-cairo,fantasy film
the-purple-rose-of-cairo,romantic comedy
the-quake,disaster film
the-quake,drama film
the-queen,biographical film
the-queen,docudrama
the-queen,drama film
the-queen-of-versailles,documentary film
the-quick-and-the-dead,Western film
the-quiet-american,drama film
the-quiet-american,mystery film
the-quiet-american,political thriller film
the-quiet-american,romance film
the-quiet-girl,drama film
the-quiet-man,boxing film
the-quiet-man,drama film
the-quiet-man,romantic comedy
the-rabbis-cat,adventure film
the-rabbis-cat,comedy film
the-rachel-divide,documentary film
the-raid-2,action film
the-raid-2,crime film
the-raid-2,martial arts film
the-raid-redemption,action film
the-raid-redemption,crime film
the-raid-redemption,martial arts film
the-railway-man,biographical film
the-railway-man,drama film
the-railway-man,war film
the-rainmaker,crime film
the-rainmaker,drama film
the-rainmaker,trial film
the-rape-of-europa,documentary film
the-rape-of-europa,war film
the-reader,coming-of-age film
the-reader,drama film
the-reader,prison film
the-reader,romance film
the-real-dirt-on-farmer-john,documentary film
the-reason-i-jump,documentary film
the-reason-i-jump,drama film
the-recruit,drama film
the-recruit,spy film
the-recruit,thriller film
the-red-turtle,drama film
the-red-turtle,silent film
the-remains-of-the-day,drama film
the-remarkable-life-of-ibelin,biographical film
the-remarkable-life-of-ibelin,documentary film
the-rental,horror film
the-report,drama film
the-report,political film
the-rescuers-1977,adventure film
the-rescuers-1977,buddy film
the-rescuers-1977,comedy drama
the-rescuers-1977,coming-of-age film
the-rescuers-1977,fantasy film
the-rescuers-1977,musical film
the-retrieval,drama film
the-return-2004,drama film
the-return-2004,thriller film
the-return-2024,drama film
the-return-2024,historical film
the-revenant-2015,biographical film
the-revenant-2015,drama film
the-revenant-2015,survival film
the-revenant-2015,thriller film
the-revenant-2015,Western film
the-rider,drama film
the-right-stuff,adventure film
the-right-stuff,drama film
the-right-stuff,historical film
the-rip,action film
the-rip,crime film
the-rip,mystery film
the-rip,police film
the-rip,thriller film
the-rite,drama film
the-rite,horror film
the-rite,thriller film
the-rivals-of-amziah-king,crime thriller film
the-road-home,drama film
the-road-home,romance film
the-road-to-el-dorado,adventure film
the-road-to-el-dorado,buddy film
the-road-to-el-dorado,comedy film
the-road-to-el-dorado,fantasy film
the-road-to-el-dorado,musical film
the-road-warrior,action film
the-road-warrior,adventure film
the-road-warrior,dystopian film
the-road-warrior,road movie
the-road-warrior,thriller film
the-roaring-twenties,action film
the-roaring-twenties,crime drama film
the-roaring-twenties,crime film
the-roaring-twenties,crime thriller film
the-roaring-twenties,drama film
the-roaring-twenties,film noir
the-roaring-twenties,gangster film
the-roaring-twenties,mystery film
the-roaring-twenties,suspense film
the-roaring-twenties,thriller film
the-roaring-twenties,war film
the-robber,drama film
the-rock,action film
the-rock,buddy cop film
the-rock,buddy film
the-rock,prison film
the-rock,thriller film
the-rocket,drama film
the-rocky-horror-picture-show,comedy horror
the-rocky-horror-picture-show,erotic thriller
the-rocky-horror-picture-show,horror film
the-rocky-horror-picture-show,LGBTQ-related film
the-rocky-horror-picture-show,musical film
the-rocky-horror-picture-show,science fiction film
the-rookie,drama film
the-room,drama film
the-room,independent film
the-room,romance film
the-room-next-door,drama film
the-roommate,drama film
the-roommate,horror film
the-roommate,LGBTQ-related film
the-roommate,thriller film
the-roses,black comedy film
the-roses,drama film
the-rover,drama film
the-rover,dystopian film
the-rover,post-apocalyptic film
the-royal-hotel,thriller film
the-royal-tenenbaums,comedy drama
the-royal-tenenbaums,comedy film
the-rule-of-jenny-pen,psychological horror film
the-rules-of-the-game,art film
the-rules-of-the-game,drama film
the-rules-of-the-game,romance film
the-rum-diary,comedy film
the-rum-diary,drama film
the-runaways,biographical film
the-runaways,coming-of-age film
the-runaways,drama film
the-runaways,LGBTQ-related film
the-runaways,musical film
the-runaways,teen film
the-rundown,action film
the-rundown,adventure film
the-rundown,buddy cop film
the-rundown,buddy film
the-running-man,action film
the-running-man,dystopian film
the-running-man,science fiction film
the-running-man-2025,action film
the-running-man-2025,dystopian film
the-running-man-2025,science fiction film
the-running-man-2025,thriller film
the-russian-woodpecker,documentary film
the-russians-are-coming-the-russians-are-coming,comedy film
the-sacrifice,drama film
the-saddest-music-in-the-world,musical film
the-sadness,horror film
the-saint,action film
the-saint,comedy film
the-saint,romance film
the-saint,spy film
the-saint,thriller film
the-salesman,drama film
the-salesman,rape and revenge film
the-salesman,thriller film
the-salt-of-the-earth,biographical film
the-salt-of-the-earth,documentary film
the-salvation,drama film
the-salvation,Western film
the-samurai-and-the-prisoner,historical drama film
the-samurai-and-the-prisoner,Jidaigeki
the-samurai-and-the-prisoner,mystery film
the-samurai-and-the-prisoner,samurai cinema
the-santa-clause,Christmas film
the-santa-clause,comedy film
the-santa-clause,fantasy film
the-santa-clause-2,children's film
the-santa-clause-2,Christmas film
the-santa-clause-2,comedy film
the-santa-clause-2,fantasy film
the-santa-clause-2,romantic comedy
the-santa-clause-3-the-escape-clause,Christmas film
the-santa-clause-3-the-escape-clause,comedy film
the-santa-clause-3-the-escape-clause,fantasy film
the-sapphires,biographical film
the-sapphires,comedy drama
the-sapphires,comedy film
the-sapphires,musical film
the-savages,comedy film
the-savages,drama film
the-scent-of-green-papaya,drama film
the-scent-of-green-papaya,romance film
the-science-of-sleep,comedy film
the-science-of-sleep,drama film
the-science-of-sleep,fantasy film
the-science-of-sleep,magic realist film
the-science-of-sleep,romance film
the-score,action film
the-score,drama film
the-score,heist film
the-score,thriller film
the-scorpion-king,action comedy film
the-scorpion-king,adventure film
the-scorpion-king,fantasy film
the-scorpion-king,swashbuckler film
the-scorpion-king,sword and sorcery film
the-scorpion-king,sword-and-sandal film
the-sea-beast,adventure film
the-sea-beast,children's film
the-sea-beast,comedy film
the-sea-beast,family film
the-sea-beast,fantasy film
the-sea-inside,biographical film
the-sea-inside,drama film
the-sea-wolf,drama film
the-seagull,drama film
the-searchers,drama film
the-searchers,war film
the-searchers,Western film
the-second-mother,drama film
the-secret-agent-2025,drama film
the-secret-agent-2025,historical film
the-secret-agent-2025,political thriller film
the-secret-agent-2025,thriller film
the-secret-garden,drama film
the-secret-garden,fantasy film
the-secret-garden-2020,fantasy film
the-secret-in-their-eyes,crime film
the-secret-in-their-eyes,detective film
the-secret-in-their-eyes,drama film
the-secret-in-their-eyes,melodrama
the-secret-in-their-eyes,romance film
the-secret-in-their-eyes,thriller film
the-secret-life-of-pets,adventure film
the-secret-life-of-pets,comedy film
the-secret-life-of-pets,family film
the-secret-of-kells,adventure film
the-secret-of-kells,children's film
the-secret-of-kells,drama film
the-secret-of-kells,fantasy film
the-secret-of-nimh,adventure film
the-secret-of-nimh,dark fantasy
the-secret-of-nimh,fantasy film
the-secret-of-the-grain,drama film
the-secret-world-of-arrietty,children's film
the-secret-world-of-arrietty,coming-of-age film
the-secret-world-of-arrietty,fantasy film
the-secret-world-of-arrietty,supernatural anime
the-seed-of-the-sacred-fig,drama film
the-selfish-giant,drama film
the-sense-of-an-ending,drama film
the-september-issue,documentary film
the-servant,drama film
the-sessions,biographical film
the-sessions,comedy film
the-sessions,drama film
the-sessions,erotic film
the-settlers-2023,crime film
the-settlers-2023,drama film
the-settlers-2023,historical film
the-settlers-2023,Western film
the-seventh-seal,drama film
the-seventh-seal,fantasy film
the-seventh-seal,historical film
the-shadowless-tower,drama film
the-shallows,drama film
the-shallows,horror film
the-shallows,survival film
the-shallows,thriller film
the-shape-of-water,drama film
the-shape-of-water,fantasy film
the-shape-of-water,magic realist film
the-shape-of-water,melodrama
the-shape-of-water,romance film
the-shape-of-water,thriller film
the-shawshank-redemption,buddy film
the-shawshank-redemption,crime film
the-shawshank-redemption,drama film
the-shawshank-redemption,prison film
the-sheep-detectives,adventure film
the-sheep-detectives,comedy film
the-sheep-detectives,family film
the-sheep-detectives,mystery film
the-shootist,revisionist Western
the-shop-around-the-corner,Christmas film
the-shop-around-the-corner,drama film
the-shop-around-the-corner,romantic comedy
the-short-history-of-the-long-road,drama film
the-shrouds,body horror film
the-shrouds,drama film
the-shrouds,horror film
the-shrouds,science fiction film
the-shrouds,science fiction horror film
the-shrouds,suspense film
the-shrouds,thriller film
the-silence-of-the-lambs,crime drama film
the-silence-of-the-lambs,crime film
the-silence-of-the-lambs,crime thriller film
the-silence-of-the-lambs,drama film
the-silence-of-the-lambs,horror film
the-silence-of-the-lambs,LGBTQ-related film
the-silence-of-the-lambs,police procedural film
the-silence-of-the-lambs,psychological drama film
the-silence-of-the-lambs,psychological horror film
the-silence-of-the-lambs,psychological thriller film
the-silence-of-the-lambs,thriller film
the-silent-partner,drama film
the-silent-partner,heist film
the-silent-twins,biographical film
the-silent-twins,drama film
the-simpsons-movie,action film
the-simpsons-movie,adventure film
the-simpsons-movie,comedy film
the-sisterhood-of-night,drama film
the-sisters-brothers,black comedy film
the-sisters-brothers,Western film
the-sitter,black comedy film
the-sitter,comedy film
the-sixth-sense,drama film
the-sixth-sense,ghost film
the-sixth-sense,horror film
the-sixth-sense,mystery film
the-sixth-sense,psychological drama film
the-sixth-sense,psychological horror film
the-sixth-sense,psychological thriller film
the-sixth-sense,suspense film
the-sixth-sense,thriller film
the-skeleton-key,horror film
the-skeleton-key,thriller film
the-skeleton-twins,comedy drama
the-skeleton-twins,LGBTQ-related film
the-skin-i-live-in,drama film
the-skin-i-live-in,thriller film
the-smashing-machine,biographical film
the-smashing-machine,sport film
the-smurfs,children's film
the-smurfs,comedy film
the-smurfs,fantasy film
the-social-dilemma,documentary film
the-social-dilemma,drama film
the-social-network,biographical film
the-social-network,drama film
the-social-network,trial film
the-son,drama film
the-song-of-sparrows,drama film
the-sons-of-katie-elder,Western film
the-sons-room,drama film
the-sorcerers-apprentice,action film
the-sorcerers-apprentice,adventure film
the-sorcerers-apprentice,comedy film
the-sorcerers-apprentice,drama film
the-sorcerers-apprentice,fantasy film
the-sound-of-silence,drama film
the-souvenir,drama film
the-souvenir-part-ii,drama film
the-spanish-prisoner,heist film
the-spanish-prisoner,mystery film
the-spanish-prisoner,neo-noir
the-sparks-brothers,documentary film
the-specialist,documentary film
the-spectacular-now,comedy drama
the-spectacular-now,drama film
the-spectacular-now,romance film
the-spectacular-now,romantic comedy film
the-spiderwick-chronicles,drama film
the-spiderwick-chronicles,family film
the-spiderwick-chronicles,fantasy film
the-spine-of-night,dark fantasy
the-spine-of-night,horror film
the-spirit,fantasy film
the-spirit,neo-noir
the-spirit,superhero film
the-spongebob-movie-search-for-squarepants,adventure film
the-spongebob-movie-search-for-squarepants,comedy film
the-spongebob-movie-search-for-squarepants,family film
the-spongebob-movie-search-for-squarepants,fantasy film
the-spongebob-movie-sponge-on-the-run,comedy film
the-spongebob-movie-sponge-on-the-run,live-action/animated film
the-spongebob-movie-sponge-out-of-water,adventure film
the-spongebob-movie-sponge-out-of-water,animated film with LGBT character(s)
the-spongebob-movie-sponge-out-of-water,family film
the-spongebob-movie-sponge-out-of-water,live-action/animated film
the-spongebob-movie-sponge-out-of-water,pirate film
the-spongebob-movie-sponge-out-of-water,teen film
the-spongebob-movie-sponge-out-of-water,time-travel film
the-spongebob-squarepants-movie,buddy film
the-spongebob-squarepants-movie,comedy film
the-spongebob-squarepants-movie,family film
the-spongebob-squarepants-movie,live-action/animated film
the-spongebob-squarepants-movie,teen film
the-spy-next-door,comedy film
the-spy-next-door,spy film
the-square,neo-noir
the-square,thriller film
the-square-2013,documentary film
the-square-2017,comedy drama
the-square-2017,satirical film
the-squid-and-the-whale,comedy film
the-squid-and-the-whale,coming-of-age film
the-squid-and-the-whale,drama film
the-standoff-at-sparrow-creek,thriller film
the-stanford-prison-experiment,docudrama
the-stanford-prison-experiment,prison film
the-stanford-prison-experiment,thriller film
the-starling-girl,drama film
the-station-agent,comedy film
the-station-agent,drama film
the-stepfather-1987,horror film
the-stepfather-1987,slasher film
the-stepford-wives,comedy film
the-stepford-wives,drama film
the-stepford-wives,LGBTQ-related film
the-stepford-wives,science fiction film
the-sting,buddy film
the-sting,comedy film
the-sting,drama film
the-sting,heist film
the-stone-roses-made-of-stone,documentary film
the-story-of-the-weeping-camel,docudrama
the-straight-story,adventure film
the-straight-story,biographical film
the-straight-story,drama film
the-straight-story,road movie
the-strange-case-of-angelica,drama film
the-strange-little-cat,fiction film
the-strange-ones,drama film
the-strange-ones,thriller film
the-stranger-1946,crime film
the-stranger-1946,film noir
the-stranger-2022,crime film
the-stranger-2022,drama film
the-stranger-2022,thriller film
the-strangers,horror film
the-stroll,documentary film
the-stunt-man,action film
the-stunt-man,comedy drama
the-stunt-man,comedy film
the-stunt-man,comedy thriller
the-substance,black comedy film
the-substance,body horror film
the-substance,desire horror fiction
the-substance,drama film
the-substance,horror film
the-substance,independent film
the-substance,monster film
the-substance,psychological drama film
the-substance,psychological horror film
the-substance,psychological thriller film
the-substance,satirical film
the-substance,science fiction film
the-substance,science fiction horror film
the-substance,splatter film
the-substance,thriller film
the-suicide-squad,action film
the-suicide-squad,adventure film
the-suicide-squad,black comedy film
the-suicide-squad,science fiction film
the-suicide-squad,splatter film
the-suicide-squad,superhero film
the-sum-of-all-fears,action film
the-sum-of-all-fears,drama film
the-sum-of-all-fears,political thriller film
the-sum-of-all-fears,spy film
the-sum-of-all-fears,techno-thriller
the-sum-of-all-fears,thriller film
the-summer-of-sangaile,drama film
the-summer-of-sangaile,LGBTQ-related film
the-summit-of-the-gods,adventure film
the-summit-of-the-gods,drama film
the-sure-thing,Christmas film
the-sure-thing,romantic comedy
the-surfer,psychological thriller
the-survivalist,drama film
the-survivalist,post-apocalyptic film
the-survivalist,science fiction film
the-survivalist,thriller film
the-survivor,biographical film
the-survivor,boxing film
the-swan-princess,comedy drama
the-swan-princess,drama film
the-swan-princess,family film
the-swan-princess,fantasy film
the-swan-princess,musical film
the-swan-princess,romantic comedy film
the-sweet-east,comedy film
the-sweet-hereafter,drama film
the-swimmers,drama film
the-switch,comedy drama
the-switch,romantic comedy
the-sword-in-the-stone,buddy film
the-sword-in-the-stone,coming-of-age film
the-sword-in-the-stone,fantasy film
the-sword-in-the-stone,musical film
the-taking-of-tiger-mountain,action film
the-taking-of-tiger-mountain,adventure film
the-tale,drama film
the-tale-of-silyan,documentary film
the-tale-of-the-princess-kaguya,drama film
the-tale-of-the-princess-kaguya,fantasy film
the-talented-mr-ripley,crime film
the-talented-mr-ripley,drama film
the-talented-mr-ripley,LGBTQ-related film
the-talented-mr-ripley,psychological thriller film
the-talented-mr-ripley,thriller film
the-tales-of-hoffmann,drama film
the-tales-of-hoffmann,fantasy film
the-tales-of-hoffmann,musical film
the-tao-of-steve,romantic comedy
the-taste-of-others,comedy drama
the-taste-of-things,drama film
the-taste-of-things,historical film
the-taste-of-things,romance film
the-teacher,drama film
the-teacher-2023,drama film
the-teachers-lounge,drama film
the-tenant,comedy film
the-tenant,drama film
the-tenant,horror film
the-tenant,LGBTQ-related film
the-terminal,drama film
the-terminal,tragicomedy
the-terminator,action film
the-terminator,adventure film
the-terminator,chase film
the-terminator,cyberpunk
the-terminator,drama film
the-terminator,dystopian film
the-terminator,fantasy film
the-terminator,horror film
the-terminator,independent film
the-terminator,post-apocalyptic film
the-terminator,science fiction action film
the-terminator,science fiction film
the-terminator,science fiction horror film
the-terminator,suspense film
the-terminator,tech-noir film
the-terminator,techno-thriller
the-terminator,thriller film
the-terminator,time-travel film
the-testament-of-ann-lee,drama film
the-testament-of-ann-lee,historical film
the-testament-of-ann-lee,musical film
the-texas-chain-saw-massacre,body horror film
the-texas-chain-saw-massacre,crime drama film
the-texas-chain-saw-massacre,crime film
the-texas-chain-saw-massacre,crime thriller film
the-texas-chain-saw-massacre,exploitation film
the-texas-chain-saw-massacre,Gothic film
the-texas-chain-saw-massacre,gothic horror film
the-texas-chain-saw-massacre,horror film
the-texas-chain-saw-massacre,independent film
the-texas-chain-saw-massacre,mystery film
the-texas-chain-saw-massacre,psychological drama film
the-texas-chain-saw-massacre,psychological horror film
the-texas-chain-saw-massacre,psychological thriller film
the-texas-chain-saw-massacre,slasher film
the-texas-chain-saw-massacre,suspense film
the-texas-chain-saw-massacre,teen film
the-texas-chain-saw-massacre,teen horror film
the-texas-chain-saw-massacre,thriller film
the-texas-chainsaw-massacre,horror film
the-texas-chainsaw-massacre,slasher film
the-texas-chainsaw-massacre-2,black comedy film
the-texas-chainsaw-massacre-2,body horror film
the-texas-chainsaw-massacre-2,comedy film
the-texas-chainsaw-massacre-2,comedy horror film
the-texas-chainsaw-massacre-2,crime drama film
the-texas-chainsaw-massacre-2,crime film
the-texas-chainsaw-massacre-2,crime thriller film
the-texas-chainsaw-massacre-2,drama film
the-texas-chainsaw-massacre-2,horror film
the-texas-chainsaw-massacre-2,psychological drama film
the-texas-chainsaw-massacre-2,psychological horror film
the-texas-chainsaw-massacre-2,psychological thriller film
the-texas-chainsaw-massacre-2,satirical film
the-texas-chainsaw-massacre-2,slasher film
the-texas-chainsaw-massacre-2,splatter film
the-texas-chainsaw-massacre-2,suspense film
the-texas-chainsaw-massacre-2,thriller film
the-texas-chainsaw-massacre-the-beginning,horror film
the-texas-chainsaw-massacre-the-beginning,slasher film
the-theory-of-everything,biographical film
the-theory-of-everything,drama film
the-theory-of-everything,historical film
the-theory-of-everything,melodrama
the-theory-of-everything,romance film
the-thin-blue-line,documentary film
the-thin-man,comedy film
the-thin-man,comedy thriller
the-thin-man,crime film
the-thin-man,drama film
the-thin-man,mystery film
the-thin-red-line,drama film
the-thin-red-line,war film
the-thing,horror film
the-thing,monster film
the-thing,science fiction film
the-thing,slasher film
the-thing-1982,action film
the-thing-1982,body horror film
the-thing-1982,drama film
the-thing-1982,horror film
the-thing-1982,monster film
the-thing-1982,mystery film
the-thing-1982,science fiction film
the-thing-1982,science fiction horror film
the-thing-1982,splatter film
the-thing-1982,survival film
the-thing-1982,suspense film
the-thing-1982,thriller film
the-things-you-kill,mystery film
the-third-man,adventure film
the-third-man,drama film
the-third-man,film noir
the-third-man,mystery film
the-third-man,thriller film
the-third-murder,drama film
the-third-wife,drama film
the-thirteenth-floor,cyberpunk
the-thirteenth-floor,dystopian film
the-thirteenth-floor,fantasy film
the-thirteenth-floor,melodrama
the-thirteenth-floor,mystery film
the-thirteenth-floor,neo-noir
the-thirteenth-floor,science fiction film
the-thirteenth-floor,thriller film
the-thomas-crown-affair,comedy film
the-thomas-crown-affair,detective film
the-thomas-crown-affair,drama film
the-thomas-crown-affair,heist film
the-thomas-crown-affair,melodrama
the-thomas-crown-affair,mystery film
the-three-burials-of-melquiades-estrada,drama film
the-three-burials-of-melquiades-estrada,Western film
the-three-musketeers,action film
the-three-musketeers,adventure film
the-three-musketeers,comedy film
the-three-musketeers,drama film
the-three-musketeers,romance film
the-three-musketeers,steampunk film
the-three-musketeers,swashbuckler film
the-three-musketeers---part-i-dartagnan,adventure film
the-three-musketeers---part-i-dartagnan,historical film
the-three-musketeers---part-i-dartagnan,swashbuckler film
the-three-musketeers-1974,adventure film
the-three-musketeers-1974,family film
the-three-musketeers-1974,traditionally animated film
the-three-stooges,comedy film
the-threesome,romantic comedy film
the-thursday-murder-club,comedy film
the-thursday-murder-club,crime film
the-thursday-murder-club,mystery film
the-thursday-murder-club,thriller film
the-tillman-story,documentary film
the-time-machine,action film
the-time-machine,dystopian film
the-time-machine,post-apocalyptic film
the-time-machine,science fiction film
the-time-machine,time-travel film
the-time-that-remains,drama film
the-time-that-remains,historical film
the-time-travelers-wife,drama film
the-time-travelers-wife,fantasy film
the-time-travelers-wife,melodrama
the-time-travelers-wife,romance film
the-time-travelers-wife,science fiction film
the-to-do-list,romantic comedy
the-tourist,action film
the-tourist,crime film
the-tourist,drama film
the-tourist,melodrama
the-tourist,romantic comedy film
the-towering-inferno,action film
the-towering-inferno,disaster film
the-towering-inferno,drama film
the-towering-inferno,thriller film
the-town,crime thriller film
the-town,drama film
the-town,heist film
the-toxic-avenger-2023,comedy horror
the-toxic-avenger-2023,science fiction film
the-toxic-avenger-2023,splatter film
the-toxic-avenger-2023,superhero film
the-tracker,Western film
the-tragedy-of-macbeth,drama film
the-train,action film
the-train,drama film
the-train,thriller film
the-train,war film
the-traitor,biographical film
the-traitor,drama film
the-transfiguration,drama film
the-transfiguration,romance film
the-transfiguration,vampire film
the-transporter,action film
the-transporter,crime thriller film
the-treasure,comedy film
the-treasure-of-the-sierra-madre,contemporary Western film
the-treasure-of-the-sierra-madre,drama film
the-treasure-of-the-sierra-madre,treasure hunt film
the-treasure-of-the-sierra-madre,Western film
the-tree,Christmas film
the-tree,drama film
the-tree,melodrama
the-tree-of-life,coming-of-age film
the-tree-of-life,drama film
the-tree-of-life,fantasy film
the-tree-of-life,science fiction film
the-trial-of-the-chicago-7,historical drama
the-trial-of-the-chicago-7,historical film
the-trial-of-the-chicago-7,legal drama
the-trials-of-henry-kissinger,documentary film
the-tribe,drama film
the-trip-to-italy,comedy film
the-trip-to-spain,road movie
the-triplets-of-belleville,adventure film
the-triplets-of-belleville,comedy drama
the-triplets-of-belleville,musical film
the-triplets-of-belleville,sport film
the-trouble-with-harry,black comedy film
the-trouble-with-harry,comedy thriller
the-trouble-with-harry,crime drama film
the-trouble-with-harry,crime film
the-trouble-with-harry,crime thriller film
the-trouble-with-harry,drama film
the-trouble-with-harry,mystery film
the-trouble-with-harry,thriller film
the-truffle-hunters,documentary film
the-truman-show,comedy film
the-truman-show,drama film
the-truman-show,dystopian fiction
the-truman-show,dystopian film
the-truman-show,science fiction film
the-truman-show,tragicomedy
the-trust,action film
the-trust,crime film
the-trust,thriller film
the-turin-horse,drama film
the-tuxedo,action film
the-tuxedo,comedy film
the-tuxedo,fantasy film
the-twilight-saga-breaking-dawn---part-1,drama film
the-twilight-saga-breaking-dawn---part-1,fantasy film
the-twilight-saga-breaking-dawn---part-1,romance film
the-twilight-saga-breaking-dawn---part-1,teen film
the-twilight-saga-breaking-dawn---part-1,vampire film
the-twilight-saga-breaking-dawn---part-1,werewolf film
the-twilight-saga-eclipse,drama film
the-twilight-saga-eclipse,fantasy film
the-twilight-saga-eclipse,romance film
the-twilight-saga-eclipse,teen film
the-twilight-saga-eclipse,vampire film
the-twilight-saga-eclipse,werewolf film
the-twilight-saga-new-moon,action film
the-twilight-saga-new-moon,drama film
the-twilight-saga-new-moon,fantasy film
the-twilight-saga-new-moon,horror film
the-twilight-saga-new-moon,romance film
the-twilight-saga-new-moon,teen film
the-twilight-saga-new-moon,vampire film
the-twilight-saga-new-moon,werewolf film
the-twilight-samurai,drama film
the-two-faces-of-january,thriller film
the-two-popes,biographical film
the-two-popes,drama film
the-two-popes,historical film
the-ugly-stepsister,black comedy
the-ugly-stepsister,black comedy film
the-ugly-stepsister,body horror
the-ugly-stepsister,body horror film
the-ugly-stepsister,satirical film
the-ugly-truth,romantic comedy
the-unbearable-lightness-of-being,drama film
the-unbearable-lightness-of-being,erotic film
the-unbearable-lightness-of-being,romance film
the-unbearable-weight-of-massive-talent,action film
the-underneath,drama film
the-underneath,heist film
the-underneath,neo-noir
the-unknown-country,drama film
the-unknown-girl,drama film
the-unknown-known,biographical film
the-unknown-known,documentary film
the-untamed,drama film
the-untamed,horror film
the-untamed,LGBTQ-related film
the-untouchables,action film
the-untouchables,biographical film
the-untouchables,crime drama film
the-untouchables,crime film
the-untouchables,crime thriller film
the-untouchables,drama film
the-untouchables,gangster film
the-untouchables,historical drama film
the-untouchables,historical film
the-untouchables,period drama film
the-untouchables,police procedural film
the-untouchables,suspense film
the-untouchables,thriller film
the-untouchables,trial film
the-uprising-2026,action film
the-uprising-2026,historical drama
the-uprising-2026,historical drama film
the-usual-suspects,action film
the-usual-suspects,crime drama film
the-usual-suspects,crime thriller film
the-usual-suspects,detective film
the-usual-suspects,drama film
the-usual-suspects,flashback film
the-usual-suspects,gangster film
the-usual-suspects,heist film
the-usual-suspects,mystery film
the-usual-suspects,neo-noir
the-usual-suspects,suspense film
the-usual-suspects,thriller film
the-vanishing-2019,psychological thriller
the-vast-of-night,thriller film
the-velvet-queen,documentary film
the-velvet-underground,documentary film
the-verdict,drama film
the-verdict,trial film
the-vertical-ray-of-the-sun,drama film
the-vigil,horror film
the-village,action film
the-village,drama film
the-village,fantasy film
the-village,horror film
the-village,melodrama
the-village,mystery film
the-village,psychological drama film
the-village,psychological horror film
the-village,psychological thriller film
the-village,romance film
the-village,romantic horror film
the-village,suspense film
the-village,thriller film
the-villainess,action film
the-villainess,girls with guns
the-virgin-suicides,coming-of-age film
the-virgin-suicides,drama film
the-virgin-suicides,teen film
the-visitor,drama film
the-voice-of-hind-rajab,docudrama
the-voice-of-hind-rajab,drama film
the-voices,comedy film
the-voices,comedy thriller
the-voices,crime film
the-voices,horror film
the-wages-of-fear-1953,action film
the-wages-of-fear-1953,adventure film
the-wages-of-fear-1953,road movie
the-wailing,horror film
the-wailing,mystery film
the-wailing,thriller film
the-waiting-room,documentary film
the-wall,drama film
the-wall,fantasy film
the-wall,post-apocalyptic film
the-wall-2017,war film
the-wandering-earth,disaster film
the-wandering-earth,post-apocalyptic film
the-wandering-earth,science fiction film
the-wandering-earth-ii,action-adventure film
the-wandering-earth-ii,science fiction film
the-war-of-the-roses,comedy drama
the-war-of-the-roses,comedy film
the-war-of-the-roses,drama film
the-war-of-the-worlds,adventure film
the-war-of-the-worlds,alien invasion
the-war-of-the-worlds,disaster film
the-war-of-the-worlds,drama film
the-war-of-the-worlds,science fiction film
the-war-of-the-worlds,speculative fiction film
the-war-of-the-worlds,thriller film
the-war-room,documentary film
the-war-tapes,documentary film
the-war-zone,drama film
the-war-zone,teen film
the-ward,horror film
the-ward,independent film
the-ward,psychological horror film
the-ward,psychological thriller film
the-ward,supernatural film
the-ward,supernatural horror film
the-ward,thriller film
the-warriors,action film
the-warriors,drama film
the-warriors,hood film
the-warriors,thriller film
the-wasp,psychological thriller
the-water-horse,children's film
the-water-horse,drama film
the-water-horse,fantasy film
the-watermelon-woman,comedy drama
the-watermelon-woman,comedy film
the-watermelon-woman,drama film
the-watermelon-woman,LGBTQ-related film
the-watermelon-woman,romance film
the-wave,disaster film
the-wave,drama film
the-way,drama film
the-way-back,drama film
the-way-back,prison film
the-way-back,survival film
the-way-back,war film
the-way-back-2020,drama film
the-way-back-2020,sport film
the-way-he-looks,coming-of-age film
the-way-he-looks,drama film
the-way-he-looks,LGBTQ-related film
the-way-he-looks,romance film
the-way-i-see-it,documentary film
the-way-way-back,comedy film
the-way-way-back,coming-of-age film
the-way-way-back,drama film
the-way-way-back,teen film
the-weather-man,comedy film
the-weather-man,drama film
the-wedding-banquet,comedy film
the-wedding-banquet,LGBTQ-related film
the-wedding-banquet,romance film
the-wedding-banquet-1993,drama film
the-wedding-banquet-1993,LGBTQ-related film
the-wedding-banquet-1993,romantic comedy
the-wedding-guest,thriller film
the-wedding-plan,comedy film
the-wedding-singer,romantic comedy film
the-well-diggers-daughter,comedy drama
the-well-diggers-daughter,romantic comedy
the-whale,documentary film
the-whale-2022,drama film
the-whale-2022,psychological drama film
the-whistleblower,biographical film
the-whistleblower,drama film
the-whistleblower,war film
the-whistlers,comedy film
the-white-crow,biographical film
the-white-crow,drama film
the-white-diamond,documentary film
the-white-ribbon,drama film
the-white-ribbon,historical film
the-white-ribbon,mystery film
the-white-tiger,drama film
the-wicker-man,crime film
the-wicker-man,dystopian film
the-wicker-man,horror film
the-wicker-man,mystery film
the-wicker-man,supernatural film
the-wicker-man-1974,crime film
the-wicker-man-1974,drama film
the-wicker-man-1974,dystopian film
the-wicker-man-1974,horror film
the-wicker-man-1974,mystery film
the-wife,drama film
the-wild,adventure film
the-wild,children's film
the-wild,comedy film
the-wild-bunch,heist film
the-wild-bunch,vigilante film
the-wild-bunch,Western film
the-wild-child,drama film
the-wild-goose-lake,crime film
the-wild-goose-lake,drama film
the-wild-parrots-of-telegraph-hill,documentary film
the-wild-pear-tree,drama film
the-wild-robot,adventure film
the-wild-robot,drama film
the-wild-robot,science fiction film
the-wild-thornberrys-movie,adventure film
the-wild-thornberrys-movie,animated film
the-wild-thornberrys-movie,comedy film
the-wild-thornberrys-movie,family film
the-wild-thornberrys-movie,fantasy film
the-willoughbys,comedy drama
the-wind-rises,biographical film
the-wind-rises,coming-of-age film
the-wind-rises,drama film
the-wind-that-shakes-the-barley,drama film
the-wind-that-shakes-the-barley,romance film
the-wind-that-shakes-the-barley,war film
the-wind-will-carry-us,drama film
the-wings-of-the-dove,drama film
the-wings-of-the-dove,romance film
the-winslow-boy,trial film
the-witch,horror film
the-witch,mystery film
the-witches-1990,children's film
the-witches-1990,comedy film
the-witches-1990,fantasy film
the-witches-1990,horror film
the-witches-of-eastwick,comedy film
the-witches-of-eastwick,comedy horror
the-witches-of-eastwick,fantasy film
the-witches-of-eastwick,female buddy film
the-witches-of-eastwick,horror film
the-witness,documentary film
the-witnesses,drama film
the-witnesses,LGBTQ-related film
the-wizard-of-oz-re-release,adventure film
the-wizard-of-oz-re-release,cinematic fairy tale
the-wizard-of-oz-re-release,drama film
the-wizard-of-oz-re-release,family film
the-wizard-of-oz-re-release,fantasy film
the-wizard-of-oz-re-release,musical film
the-wizard-of-the-kremlin,drama film
the-wizard-of-the-kremlin,political film
the-wizard-of-the-kremlin,thriller film
the-wolf-house,drama film
the-wolf-house,stop-motion animated film
the-wolf-man,drama film
the-wolf-man,horror film
the-wolf-man,werewolf film
the-wolf-of-snow-hollow,comedy horror film
the-wolf-of-snow-hollow,detective film
the-wolf-of-snow-hollow,werewolf film
the-wolf-of-wall-street,biographical film
the-wolf-of-wall-street,black comedy film
the-wolf-of-wall-street,comedy drama
the-wolf-of-wall-street,comedy film
the-wolf-of-wall-street,crime drama film
the-wolf-of-wall-street,crime film
the-wolf-of-wall-street,drama film
the-wolf-of-wall-street,epic film
the-wolfman,drama film
the-wolfman,horror film
the-wolfman,werewolf film
the-wolfpack,documentary film
the-wolverine,action film
the-wolverine,fantasy film
the-wolverine,ninja film
the-wolverine,science fiction film
the-wolverine,superhero film
the-woman,drama film
the-woman,horror film
the-woman,rape and revenge film
the-woman-in-black,drama film
the-woman-in-black,ghost film
the-woman-in-black,horror film
the-woman-in-black,psychological horror fiction
the-woman-in-black,thriller film
the-woman-in-the-fifth,drama film
the-woman-in-the-fifth,mystery film
the-woman-king,action film
the-woman-king,drama film
the-woman-king,epic film
the-woman-king,historical film
the-woman-who-left,drama film
the-woman-who-ran,drama film
the-woman-who-ran,independent film
the-womens-balcony,comedy drama
the-wonder,drama film
the-wonder,mystery film
the-wonder,psychological film
the-wonder,thriller film
the-wonderful-story-of-henry-sugar,adventure film
the-wonderful-story-of-henry-sugar,comedy film
the-wonderful-story-of-henry-sugar,drama film
the-wonders,drama film
the-woodmans,documentary film
the-woodsman,drama film
the-work,documentary film
the-world-is-not-enough,action film
the-world-is-not-enough,spy film
the-world-is-yours,comedy film
the-world-is-yours,crime film
the-world-is-yours,thriller film
the-world-to-come,drama film
the-world-to-come,lesbian-related film
the-world-to-come,LGBTQ-related film
the-world-to-come,romance film
the-worlds-end,action film
the-worlds-end,alien invasion
the-worlds-end,apocalyptic film
the-worlds-end,post-apocalyptic film
the-worlds-end,romantic comedy
the-worlds-end,science fiction comedy
the-worlds-end,science fiction film
the-worlds-fastest-indian,biographical film
the-worlds-fastest-indian,drama film
the-worlds-fastest-indian,LGBTQ-related film
the-worlds-fastest-indian,road movie
the-worst-person-in-the-world,comedy film
the-worst-person-in-the-world,drama film
the-worst-person-in-the-world,romance film
the-wound,drama film
the-wound,LGBTQ-related film
the-wrecking-crew,documentary film
the-wrecking-crew-2026,action comedy film
the-wrecking-crew-2026,buddy film
the-wrestler,drama film
the-wrestler,sport film
the-wrong-girls,comedy film
the-wrong-girls,stoner film
the-wrong-man,crime drama film
the-wrong-man,crime film
the-wrong-man,docudrama
the-wrong-man,drama film
the-wrong-man,film noir
the-wrong-man,trial film
the-x-files,action film
the-x-files,drama film
the-x-files,mystery film
the-x-files,science fiction film
the-x-files-i-want-to-believe,action film
the-x-files-i-want-to-believe,drama film
the-x-files-i-want-to-believe,science fiction film
the-x-files-i-want-to-believe,thriller film
the-year-of-spectacular-men,comedy drama
the-yellow-birds,drama film
the-yellow-birds,war film
the-yellow-handkerchief,drama film
the-yellow-handkerchief,romance film
the-yellow-handkerchief,teen film
the-yellow-sea,action film
the-yellow-sea,crime film
the-yellow-sea,thriller film
the-yes-men,documentary film
the-yes-men-fix-the-world,documentary film
the-young-karl-marx,biographical film
the-young-karl-marx,drama film
the-young-karl-marx,historical film
the-young-victoria,biographical film
the-young-victoria,drama film
the-young-victoria,romance film
the-young-victoria,teen film
the-zen-of-bennett,documentary film
the-zone-of-interest,drama film
the-zone-of-interest,historical drama
the-zone-of-interest,historical film
the-zone-of-interest,war film
the-zookeepers-wife,biographical film
the-zookeepers-wife,drama film
the-zookeepers-wife,historical film
the-zookeepers-wife,war film
theater-camp,comedy film
theater-of-blood,comedy film
theater-of-blood,drama film
theater-of-blood,horror film
theeb,adventure film
theeb,drama film
their-finest,comedy drama
their-finest,drama film
thelma,drama film
thelma,LGBTQ-related film
thelma,mystery film
thelma-2024,action film
thelma-2024,comedy film
thelma-louise,adventure film
thelma-louise,comedy drama
thelma-louise,crime film
thelma-louise,female buddy film
thelma-louise,girls with guns
thelma-louise,road movie
them-that-follow,thriller film
them!,action film
them!,B movie
them!,horror film
them!,monster film
them!,natural horror film
them!,science fiction film
them!,science fiction horror film
there-is-no-evil,anthology film
there-is-no-evil,drama film
there-will-be-blood,drama film
there-will-be-blood,epic film
there-will-be-blood,historical drama film
there-will-be-blood,historical film
there-will-be-blood,independent film
there-will-be-blood,period drama film
there-will-be-blood,revisionist Western
there-will-be-blood,thriller film
there-will-be-blood,Western film
theres-something-about-mary,romantic comedy
these-birds-walk,documentary film
these-final-hours,apocalyptic film
these-final-hours,thriller film
they-came-together,romantic comedy film
they-cloned-tyrone,comedy film
they-cloned-tyrone,science fiction comedy
they-cloned-tyrone,science fiction film
they-drive-by-night,drama film
they-drive-by-night,film noir
they-live,action film
they-live,action thriller
they-live,adventure film
they-live,black comedy film
they-live,dystopian film
they-live,horror film
they-live,science fiction action film
they-live,science fiction film
they-live,science fiction horror film
they-live,suspense film
they-live,thriller film
they-live-by-night,crime film
they-live-by-night,drama film
they-live-by-night,film noir
they-shall-not-grow-old,anti-war film
they-shall-not-grow-old,documentary film
they-shall-not-grow-old,historical film
they-shall-not-grow-old,war film
they-shoot-horses-dont-they,drama film
they-shoot-horses-dont-they,historical drama
they-shoot-horses-dont-they,psychological thriller
they-shot-the-piano-player,animated film
theyll-love-me-when-im-dead,documentary film
thief,crime film
thief,film noir
thief,heist film
thief,neo-noir
things-change,comedy drama
things-change,comedy film
things-change,crime film
things-to-come,comedy film
things-to-come,drama film
thirst,drama film
thirst,erotic film
thirst,fantasy film
thirst,horror film
thirst,romance film
thirst,vampire film
thirst-street,comedy thriller
thirst-street,romantic comedy
thirteen,drama film
thirteen,LGBTQ-related film
thirteen,teen film
thirteen-conversations-about-one-thing,drama film
thirteen-lives,action film
thirteen-lives,biographical film
thirteen-lives,drama film
thirteen-lives,historical film
thirteen-lives,survival film
this-changes-everything-2019,documentary film
this-film-is-not-yet-rated,documentary film
this-is-40,comedy drama
this-is-40,romantic comedy
this-is-england,coming-of-age film
this-is-england,crime film
this-is-england,drama film
this-is-it,biographical film
this-is-it,documentary film
this-is-it,musical film
this-is-martin-bonner,drama film
this-is-menow-a-love-story,musical film
this-is-menow-a-love-story,romance film
this-is-not-a-burial-its-a-resurrection,drama film
this-is-not-a-film,documentary film
this-is-not-berlin,teen film
this-is-spinal-tap,comedy film
this-is-spinal-tap,mockumentary
this-is-spinal-tap,musical film
this-is-spinal-tap,parody film
this-is-the-end,apocalyptic film
this-is-the-end,buddy film
this-is-the-end,comedy film
this-is-the-end,disaster film
this-is-the-end,fantasy film
this-much-i-know-to-be-true,documentary film
thor,action film
thor,adventure film
thor,fantasy film
thor,science fiction film
thor,superhero film
thor-love-and-thunder,action film
thor-love-and-thunder,adventure film
thor-love-and-thunder,science fiction film
thor-love-and-thunder,superhero film
thor-ragnarok,action film
thor-ragnarok,adventure film
thor-ragnarok,comedy film
thor-ragnarok,fantasy film
thor-ragnarok,science fiction film
thor-ragnarok,superhero film
thoroughbreds,drama film
thoroughbreds,thriller film
those-who-wish-me-dead,action film
those-who-wish-me-dead,drama film
those-who-wish-me-dead,thriller film
three-2016,crime film
three-2016,drama film
three-billboards-outside-ebbing-missouri,black comedy film
three-billboards-outside-ebbing-missouri,crime film
three-billboards-outside-ebbing-missouri,drama film
three-billboards-outside-ebbing-missouri,mystery film
three-colors-blue,art film
three-colors-blue,drama film
three-colors-red,art film
three-colors-red,drama film
three-colors-red,mystery film
three-colors-red,romance film
three-colors-white,art film
three-colors-white,drama film
three-colors-white,romance film
three-identical-strangers,documentary film
three-kings,action film
three-kings,comedy drama
three-kings,heist film
three-kings,treasure hunt film
three-kings,war film
three-minutes-a-lengthening,documentary film
three-monkeys,drama film
three-thousand-years-of-longing,drama film
three-thousand-years-of-longing,epic film
three-thousand-years-of-longing,fantasy film
three-thousand-years-of-longing,melodrama
three-thousand-years-of-longing,romance film
three-thousand-years-of-longing,speculative fiction film
three-times,drama film
through-a-glass-darkly,drama film
thumbsucker,comedy film
thumbsucker,coming-of-age film
thumbsucker,drama film
thunder-road,drama film
thunderball,action film
thunderball,spy film
thunderball,thriller film
thunderbolts,action film
thunderbolts,adventure film
thunderbolts,crime film
thunderbolts,science fiction film
thunderbolts,superhero film
thx-1138,arthouse science fiction film
thx-1138,drama film
thx-1138,dystopian film
thx-1138,science fiction film
tick-tickboom!,musical film
tickled,documentary film
tiger-eyes,adventure film
tiger-eyes,drama film
tiger-stripes,horror film
tigers-are-not-afraid,ghost film
tigers-are-not-afraid,horror film
tigertail,drama film
till,biographical film
till,drama film
timbuktu,drama film
time-2020,documentary film
time-after-time,science fiction film
time-after-time,time-travel film
time-bandits,adventure film
time-bandits,comedy film
time-bandits,fantasy film
time-bandits,science fiction film
time-bandits,steampunk film
time-bandits,time-travel film
time-of-the-wolf,drama film
time-of-the-wolf,dystopian film
time-of-the-wolf,post-apocalyptic film
time-out,drama film
time-out-of-mind,drama film
timecop,action film
timecop,adventure film
timecop,martial arts film
timecop,science fiction film
timecop,thriller film
timecop,time-travel film
timecrimes,science fiction film
timestalker,science fiction film
timestalker,thriller film
timmy-failure-mistakes-were-made,comedy film
timmy-failure-mistakes-were-made,fantasy film
tims-vermeer,documentary film
tin-men,comedy drama
tin-men,comedy film
tina,documentary film
tina,music documentary film
tinker-tailor-soldier-spy,detective film
tinker-tailor-soldier-spy,drama film
tinker-tailor-soldier-spy,mystery film
tinker-tailor-soldier-spy,spy film
tinker-tailor-soldier-spy,thriller film
tiny-furniture,comedy drama
tiny-furniture,drama film
titane,body horror film
titane,desire horror fiction
titane,drama film
titane,psychological film
titanic,disaster film
titanic,drama film
titanic,epic film
titanic,flashback film
titanic,historical film
titanic,melodrama
titanic,romance film
tito-and-the-birds,animated film
to-a-land-unknown,crime film
to-all-the-boys-always-and-forever,romance film
to-all-the-boys-ive-loved-before,romantic comedy
to-be-and-to-have,documentary film
to-be-or-not-to-be,comedy drama
to-be-or-not-to-be,war film
to-be-takei,documentary film
to-be-takei,LGBTQ-related film
to-catch-a-thief,comedy film
to-catch-a-thief,crime film
to-catch-a-thief,crime thriller film
to-catch-a-thief,mystery film
to-catch-a-thief,romantic comedy film
to-catch-a-thief,thriller film
to-die-for,black comedy film
to-die-for,comedy drama
to-die-for,crime film
to-die-for,drama film
to-dust,comedy drama
to-have-and-have-not,adventure film
to-have-and-have-not,drama film
to-have-and-have-not,film noir
to-have-and-have-not,romance film
to-have-and-have-not,war film
to-kill-a-mockingbird,crime film
to-kill-a-mockingbird,drama film
to-kill-a-mockingbird,trial film
to-leslie,drama film
to-live-and-die-in-la,action film
to-live-and-die-in-la,crime film
to-live-and-die-in-la,drama film
to-live-and-die-in-la,thriller film
to-the-bone,drama film
to-the-ends-of-the-earth,drama film
to-the-stars,drama film
to-the-stars,independent film
to-the-wonder,drama film
to-the-wonder,melodrama
to-the-wonder,romance film
together-2001,comedy drama
together-2001,LGBTQ-related film
together-2001,romance film
together-2025,body horror
together-2025,horror film
together-2025,science fiction film
together-2025,supernatural horror film
together-together,comedy film
togo,drama film
tokyo-godfathers,adventure anime and manga
tokyo-godfathers,animated film with LGBT character(s)
tokyo-godfathers,Christmas film
tokyo-godfathers,comedy drama anime and manga
tokyo-godfathers,LGBTQ-related film
tokyo-sonata,drama film
tokyo-story,drama film
tokyo-tribe,action film
tokyo-tribe,musical film
tom-at-the-farm,drama film
tom-at-the-farm,LGBTQ-related film
tom-at-the-farm,thriller film
tom-jones,adventure film
tom-jones,comedy film
tom-jones,drama film
tom-jones,period drama film
tom-of-finland,biographical film
tom-of-finland,drama film
tom-of-finland,LGBTQ-related film
tomboy,drama film
tomboy,LGBTQ-related film
tombstone,biographical film
tombstone,drama film
tombstone,Western film
tommaso,drama film
tomorrow-never-dies,action film
tomorrow-never-dies,spy film
tomorrow-never-dies,thriller film
tomorrowland,action film
tomorrowland,adventure film
tomorrowland,fantasy film
tomorrowland,mystery film
tomorrowland,science fiction film
toni-erdmann,comedy film
toni-erdmann,drama film
tony,biographical film
tony,drama film
too-late-to-die-young,drama film
tooth-fairy,comedy film
tooth-fairy,fantasy film
tootsie,comedy drama
tootsie,LGBTQ-related film
tootsie,romantic comedy film
tootsie,satirical film
top-five,comedy film
top-gun,action film
top-gun,drama film
top-gun,melodrama
top-gun,romance film
top-gun-maverick,action film
top-gun-maverick,adventure film
top-gun-maverick,drama film
top-hat,musical film
top-hat,romantic comedy
top-secret!,parody film
top-secret!,spy film
topsy-turvy,biographical film
topsy-turvy,comedy drama
topsy-turvy,drama film
topsy-turvy,musical film
tori-and-lokita,drama film
tornado,thriller film
total-recall,action film
total-recall,adventure film
total-recall,cyberpunk
total-recall,dystopian film
total-recall,science fiction film
totally-killer,comedy horror
totally-killer,time-travel film
totally-under-control,documentary film
totem,drama film
touch-2024,drama film
touch-2024,romance film
touch-of-evil,crime film
touch-of-evil,drama film
touch-of-evil,film noir
touched-with-fire,drama film
touched-with-fire,romance film
touching-the-void,documentary film
touching-the-void,drama film
tove,biographical film
tow,drama film
tower,crime film
tower,documentary film
tower,historical film
tower-heist,comedy film
tower-heist,heist film
toy-story,adventure film
toy-story,buddy film
toy-story,comedy film
toy-story,fantasy film
toy-story-2,buddy film
toy-story-2,comedy film
toy-story-2,fantasy film
toy-story-2,flashback film
toy-story-3,buddy film
toy-story-3,comedy drama
toy-story-3,comedy film
toy-story-3,flashback film
toy-story-4,action film
toy-story-4,adventure film
toy-story-4,children's film
toy-story-4,comedy film
toy-story-4,fantasy film
toy-story-5,adventure film
toy-story-5,comedy film
toy-story-5,computer-animated film
toy-story-5,family film
tracktown,drama film
tracktown,sport film
trading-places,Christmas film
trading-places,comedy film
traffic,crime film
traffic,drama film
traffic,political thriller film
tragedy-girls,comedy horror
tragedy-girls,horror film
train-dreams,drama film
train-dreams,period drama film
train-to-busan,action film
train-to-busan,apocalyptic film
train-to-busan,horror film
train-to-busan,thriller film
train-to-busan,zombie film
training-day,action film
training-day,buddy cop film
training-day,comedy film
training-day,crime comedy film
training-day,crime drama film
training-day,crime film
training-day,crime thriller film
training-day,drama film
training-day,gangster film
training-day,hood film
training-day,neo-noir
training-day,thriller film
trainspotting,buddy film
trainspotting,crime film
trainspotting,drama film
trainspotting,independent film
trainspotting,magic realist film
trainwreck,comedy film
trainwreck,romantic comedy
tramps,comedy film
trance,crime film
trance,drama film
trance,heist film
trance,mystery film
trance,neo-noir
transformers,action film
transformers,alien invasion
transformers,science fiction film
transformers-dark-of-the-moon,action film
transformers-dark-of-the-moon,alien invasion
transformers-dark-of-the-moon,science fiction film
transformers-dark-of-the-moon,thriller film
transformers-one,action film
transformers-one,adventure film
transformers-one,science fiction film
transformers-revenge-of-the-fallen,action film
transformers-revenge-of-the-fallen,science fiction film
transpecos,thriller film
transporter-2,action film
transporter-2,thriller film
transporter-3,action film
transporter-3,thriller film
transsiberian,crime film
transsiberian,drama film
transsiberian,neo-noir
travelers-and-magicians,drama film
treasure-island,children's film
treasure-island,pirate film
trees-lounge,comedy film
trees-lounge,drama film
trespass,crime film
trespass,drama film
triangle-of-sadness,comedy film
triangle-of-sadness,drama film
trilogy-the-weeping-meadow,drama film
triple-frontier,action film
triple-frontier,action thriller
triple-frontier,crime film
trishna,drama film
tristana-re-release,drama film
tron,action film
tron,adventure film
tron,cyberpunk
tron,science fiction film
tron-legacy,action film
tron-legacy,cyberpunk
tron-legacy,science fiction film
troop-zero,drama film
tropic-thunder,action film
tropic-thunder,comedy film
tropic-thunder,parody film
tropical-malady,drama film
tropical-malady,LGBTQ-related film
trouble-in-mind,crime film
trouble-in-mind,drama film
trouble-in-mind,neo-noir
trouble-the-water,documentary film
trouble-with-the-curve,drama film
trouble-with-the-curve,sport film
true-grit,adventure film
true-grit,drama film
true-grit,Western film
true-grit-1969,drama film
true-grit-1969,Western film
true-history-of-the-kelly-gang,biographical film
true-history-of-the-kelly-gang,bushranging film
true-history-of-the-kelly-gang,crime film
true-history-of-the-kelly-gang,drama film
true-legend,action film
true-lies,action film
true-lies,comedy film
true-lies,romantic comedy film
true-lies,spy film
true-lies,thriller film
true-mothers,drama film
true-mothers,mystery film
true-romance,action film
true-romance,crime film
true-romance,drama film
true-romance,romance film
true-romance,thriller film
truly-madly-deeply,drama film
truly-madly-deeply,fantasy film
truly-madly-deeply,romance film
truman,comedy drama
truman,comedy film
truman,drama film
truman-tennessee-an-intimate-conversation,biographical film
truman-tennessee-an-intimate-conversation,documentary film
trumbo,documentary film
trumbo-2015,biographical film
trumbo-2015,drama film
trust-1969,drama film
truth-2015,biographical film
truth-2015,crime film
truth-2015,drama film
tsotsi,crime film
tsotsi,drama film
tu-dors-nicole,comedy drama
tu-dors-nicole,drama film
tucker-the-man-and-his-dream,biographical film
tucker-the-man-and-his-dream,drama film
tuesday-after-christmas,drama film
tully,drama film
tully-2018,comedy film
tulpan,comedy film
tulpan,drama film
tumbledown,romantic comedy film
tumbleweeds,comedy film
tumbleweeds,coming-of-age film
tumbleweeds,drama film
tuner,drama film
tuner,thriller film
turbo,adventure film
turbo,comedy film
turbo,musical film
turn-every-page-the-adventures-of-robert-caro-and-robert-gottlieb,documentary film
turn-me-on-dammit!,comedy film
turn-me-on-dammit!,sex comedy
turn-me-on-dammit!,teen film
turning-red-2022,adventure film
turning-red-2022,animated film
turning-red-2022,comedy film
turning-red-2022,family film
turning-red-2022,fantasy film
turtles-all-the-way-down,drama film
turtles-all-the-way-down,romance film
turtles-can-fly,drama film
turtles-can-fly,war film
twelve-monkeys,dystopian film
twelve-monkeys,neo-noir
twelve-monkeys,post-apocalyptic film
twilight,action film
twilight,drama film
twilight,fantasy film
twilight,melodrama
twilight,romance film
twilight,teen film
twilight,vampire film
twilight-of-the-warriors-walled-in,action film
twilight-of-the-warriors-walled-in,crime film
twilight-of-the-warriors-walled-in,neo-noir
twilight-of-the-warriors-walled-in,thriller film
twilight-zone-the-movie,anthology film
twilight-zone-the-movie,drama film
twilight-zone-the-movie,fantasy film
twilight-zone-the-movie,horror film
twilight-zone-the-movie,science fiction film
twilight-zone-the-movie,time-travel film
twin-peaks-fire-walk-with-me,crime drama film
twin-peaks-fire-walk-with-me,crime film
twin-peaks-fire-walk-with-me,crime thriller film
twin-peaks-fire-walk-with-me,drama film
twin-peaks-fire-walk-with-me,experimental film
twin-peaks-fire-walk-with-me,fantasy film
twin-peaks-fire-walk-with-me,horror film
twin-peaks-fire-walk-with-me,mystery film
twin-peaks-fire-walk-with-me,neo-noir
twin-peaks-fire-walk-with-me,psychological drama film
twin-peaks-fire-walk-with-me,psychological horror film
twin-peaks-fire-walk-with-me,psychological thriller film
twin-peaks-fire-walk-with-me,surrealist film
twinless,comedy film
twinless,drama film
twinless,gay-related film
twins,buddy film
twins,comedy film
twins,science fiction film
twinsters,documentary film
twister,action film
twister,disaster film
twister,drama film
twisters,disaster film
two-days-one-night,drama film
two-for-the-road,drama film
two-for-the-road,romantic comedy
two-lane-blacktop,action film
two-lane-blacktop,drama film
two-lovers,drama film
two-lovers,romance film
two-lovers-and-a-bear,drama film
two-prosecutors,drama film
two-prosecutors,historical film
two-step,crime film
tyrannosaur,crime film
tyrannosaur,drama film
tyrannosaur,rape and revenge film
tyrannosaur,romance film
tyrel,drama film
tyson,boxing film
tyson,documentary film
u2-3d,documentary film
uhf,slapstick
ulees-gold,drama film
ultraman-rising,action film
ultraman-rising,fantasy film
ultraman-rising,science fiction film
ultraman-rising,superhero film
ultraviolet,action film
ultraviolet,dystopian film
ultraviolet,girls with guns
ultraviolet,science fiction film
ultraviolet,vampire film
umberto-d-re-release,drama film
una,drama film
una-noche,drama film
una-noche,LGBTQ-related film
unbreakable,detective film
unbreakable,drama film
unbreakable,fantasy film
unbreakable,horror film
unbreakable,mystery film
unbreakable,science fiction film
unbreakable,superhero film
unbreakable,thriller film
unbroken,athletics film
unbroken,biographical film
unbroken,drama film
unbroken,war film
uncle-boonmee-who-can-recall-his-past-lives,comedy film
uncle-boonmee-who-can-recall-his-past-lives,drama film
uncle-boonmee-who-can-recall-his-past-lives,fantasy film
uncle-buck,comedy drama
uncle-buck,comedy film
uncle-buck,drama film
uncle-drew,comedy film
uncle-frank,comedy drama
uncle-frank,LGBTQ-related film
uncle-frank,road movie
uncorked,drama film
uncut-gems,comedy drama
uncut-gems,crime film
uncut-gems,drama film
uncut-gems,thriller film
undefeated,American football film
undefeated,documentary film
under-the-sand,drama film
under-the-sea-3d,documentary film
under-the-shadow,horror film
under-the-silver-lake,drama film
under-the-silver-lake,mystery film
under-the-silver-lake,neo-noir
under-the-silver-lake,thriller film
under-the-skin,arthouse science fiction film
under-the-skin,drama film
under-the-skin,horror film
under-the-skin,science fiction film
under-the-tree,comedy film
under-the-tree,drama film
under-the-tree,mystery film
under-the-tree,thriller film
under-the-volcano,drama film
under-the-wire,documentary film
undercover-brother,action comedy film
undercover-brother,blaxploitation film
undercover-brother,comedy film
undercover-brother,parody film
undercover-brother,spy film
undergods,fantasy film
undertone,horror film
undertow-1969,drama film
undertow-1969,LGBTQ-related film
undertow-1969,romance film
underworld,action film
underworld,action thriller
underworld,fantasy film
underworld,girls with guns
underworld,horror film
underworld,romance film
underworld,vampire film
underworld,werewolf film
underworld-evolution,action film
underworld-evolution,fantasy film
underworld-evolution,girls with guns
underworld-evolution,horror film
underworld-evolution,thriller film
underworld-evolution,vampire film
underworld-evolution,werewolf film
undine,drama film
unexpected,drama film
unfaithful,crime film
unfaithful,drama film
unfaithful,erotic film
unfaithful,erotic thriller
unfinished-song,comedy drama
unfinished-song,comedy film
unfinished-song,drama film
unforgivable,drama film
unforgivable,LGBTQ-related film
unforgiven,crime film
unforgiven,drama film
unforgiven,Western film
unfriended,ghost film
unfriended,horror film
unfriended,screenlife
unfriended,thriller film
unicorn-wars,fantasy film
union-2024,documentary film
united-93,biographical film
united-93,disaster film
united-93,docudrama
united-93,drama film
universal-language,comedy drama
universal-soldier-day-of-reckoning,action film
universal-soldier-day-of-reckoning,biopunk
universal-soldier-day-of-reckoning,dystopian film
universal-soldier-day-of-reckoning,neo-noir
universal-soldier-day-of-reckoning,rape and revenge film
universal-soldier-day-of-reckoning,science fiction film
unknown-2011,action film
unknown-2011,drama film
unknown-2011,mystery film
unleashed,action film
unleashed,martial arts film
unleashed,thriller film
unpregnant,comedy drama
unpregnant,drama film
unpregnant,female buddy film
unpregnant,road movie
unrelated,drama film
unrest,documentary film
unrest,drama film
unrest,romance film
unsane,horror film
unsane,psychological horror fiction
unsane,thriller film
unstoppable,action film
unstoppable,thriller film
unstrung-heroes,comedy drama
unstrung-heroes,coming-of-age film
untouchable,biographical film
untouchable,documentary film
up,adventure film
up,comedy film
up,fantasy film
up-and-down,comedy film
up-and-down,drama film
up-in-the-air,drama film
up-in-the-air,romantic comedy
up-the-yangtze,documentary film
upgrade,action film
upgrade,cyberpunk
upgrade,dystopian film
upgrade,horror film
upgrade,science fiction film
upgrade,thriller film
upgraded,comedy film
upgraded,romance film
upstream-color,arthouse science fiction film
upstream-color,drama film
upstream-color,science fiction film
urban-legend,horror film
urban-legend,slasher film
urban-legend,teen film
urbania,drama film
urbania,LGBTQ-related film
urchin,drama film
us,action film
us,horror film
us,psychological horror fiction
us,science fiction film
us,thriller film
us-and-them,romance film
us-kids,documentary film
us-marshals,action film
us-marshals,crime film
us-marshals,thriller film
ushpizin,comedy drama
utama,drama film
v-for-vendetta,action thriller
v-for-vendetta,dystopian film
v-for-vendetta,LGBTQ-related film
v-for-vendetta,political drama
v-for-vendetta,political thriller film
v-for-vendetta,post-apocalyptic film
v-for-vendetta,science fiction action film
v-for-vendetta,thriller film
v-for-vendetta,vigilante film
vacancy,horror film
vacancy,mystery film
vacancy,slasher film
valentines-day,LGBTQ-related film
valentines-day,romantic comedy
valhalla-rising,action film
valhalla-rising,adventure film
valhalla-rising,drama film
valhalla-rising,fantasy film
valhalla-rising,medieval film
valiant,adventure film
valiant,war film
valkyrie,biographical film
valkyrie,drama film
valkyrie,historical film
valkyrie,political thriller film
valkyrie,war film
valley-of-love,drama film
vampire-hunter-d,action anime and manga
vampire-hunter-d,fantasy film
vampire-hunter-d,horror anime and manga
vampire-hunter-d,horror film
vampire-hunter-d,post-apocalyptic film
vampire-hunter-d,science fiction film
vampire-hunter-d,vampire anime and manga
vampire-hunter-d,vampire film
vampires-kiss,comedy film
vampires-kiss,comedy horror
vampires-kiss,vampire film
vampires-suck,comedy film
vampires-suck,vampire film
vampires-suck,werewolf film
vamps,comedy film
vamps,comedy horror
vamps,vampire film
van-wilder,coming-of-age film
van-wilder,romantic comedy film
van-wilder,teen film
vanilla-sky,drama film
vanilla-sky,melodrama
vanilla-sky,psychological thriller film
vanilla-sky,romance film
vanilla-sky,science fiction film
vanishing-on-7th-street,horror film
vanishing-on-7th-street,mystery film
vanishing-on-7th-street,post-apocalyptic film
vantage-point,action film
vantage-point,crime film
vantage-point,political thriller film
vantage-point,thriller film
vazante,adventure film
vazante,drama film
vazante,historical drama
velvet-buzzsaw,horror film
velvet-buzzsaw,LGBTQ-related film
velvet-buzzsaw,mystery film
vengeance-2022,comedy film
vengeance-2022,mystery film
vengeance-2022,thriller film
vengeance-is-mine-1979,crime film
vengeance-is-mine-1979,drama film
venus,comedy drama
venus,drama film
venus-and-serena,documentary film
venus-in-fur,drama film
venus-in-fur,erotic film
vera-drake,drama film
vermiglio,drama film
vermiglio,historical film
veronica-mars,comedy drama
veronica-mars,crime film
veronica-mars,mystery film
vertigo-1958,drama film
vertigo-1958,melodrama
vertigo-1958,mystery film
vertigo-1958,psychological drama film
vertigo-1958,psychological thriller film
vertigo-1958,romance film
vertigo-1958,thriller film
vesper,adventure film
vesper,drama film
vesper,science fiction film
vfw,action film
vfw,horror film
vfw,splatter film
vhs94,anthology film
vhs94,horror film
vhs99,horror film
vhsbeyond,found footage film
vhsbeyond,horror film
vhshalloween,found footage film
vhshalloween,horror film
vice-2018,biographical film
vice-2018,comedy drama
vice-2018,drama film
vice-2018,LGBTQ-related film
vice-2018,political film
vicious,horror film
vicky-cristina-barcelona,comedy drama
vicky-cristina-barcelona,drama film
vicky-cristina-barcelona,LGBTQ-related film
vicky-cristina-barcelona,romantic comedy film
victim,crime film
victim,drama film
victim,LGBTQ-related film
victor-victoria,comedy film
victor-victoria,LGBTQ-related film
victor-victoria,musical film
victor-victoria,romantic comedy film
victoria,drama film
videodrome,arthouse science fiction film
videodrome,body horror film
videodrome,desire horror fiction
videodrome,drama film
videodrome,fantasy film
videodrome,horror film
videodrome,science fiction film
videodrome,science fiction horror film
viet-and-nam,drama film
viet-and-nam,LGBTQ-related film
village-of-the-damned-1960,horror film
village-of-the-damned-1960,science fiction film
villains,comedy horror
vincere,biographical film
vincere,drama film
vincere,romance film
violation,drama film
violation,horror film
violeta-went-to-heaven,biographical film
violette,biographical film
violette,drama film
viper-club,drama film
viral-antisemitism-in-four-mutations,documentary
virtuosity,action film
virtuosity,science fiction film
virtuosity,thriller film
visitors,documentary film
vitalina-varela,drama film
viva,drama film
viva,LGBTQ-related film
viva-las-vegas,musical film
viva-las-vegas,romantic comedy
vivarium,science fiction film
vivarium,thriller film
vodka-lemon,drama film
voicemails-for-isabelle,romantic comedy film
volcano,action film
volcano,disaster film
volcano,drama film
volcano,thriller film
volver,comedy drama
volver,comedy film
vortex,drama film
vortex,psychological film
vox-lux,drama film
vox-lux,musical film
voyage-of-time-the-imax-experience,documentary film
voyeur,documentary film
wadjda,drama film
wag-the-dog,comedy drama
wait-until-dark,crime film
wait-until-dark,drama film
wait-until-dark,horror film
waiting,comedy film
waiting,coming-of-age film
waiting-for-guffman,comedy film
waiting-for-guffman,mockumentary
waiting-for-superman,documentary film
waitress,comedy drama
waitress,drama film
waitress,romantic comedy
wake-in-fright-1971,drama film
wake-in-fright-1971,thriller film
wakefield,drama film
waking-life,drama film
waking-life,fantasy film
waking-ned-devine,comedy film
waking-sleeping-beauty,documentary film
walk-hard-the-dewey-cox-story,musical film
walk-hard-the-dewey-cox-story,parody film
walk-the-line,biographical film
walk-the-line,drama film
walk-the-line,flashback film
walk-the-line,musical film
walk-up,drama film
walkabout,adventure film
walkabout,drama film
walking-out,adventure film
walking-out,drama film
walking-out,mystery film
walking-tall,action film
walking-tall,biographical film
walking-tall,crime film
walking-tall,drama film
walking-tall,police film
walking-tall,vigilante film
wall-e,adventure film
wall-e,adventure science fiction
wall-e,children's film
wall-e,comedy film
wall-e,dystopian film
wall-e,flashback film
wall-e,post-apocalyptic film
wall-e,romance film
wall-e,romantic comedy film
wall-e,science fiction comedy
wall-e,science fiction film
wall-street,crime film
wall-street,drama film
wall-street-money-never-sleeps,drama film
wall-street-money-never-sleeps,prison film
wallace-gromit-the-curse-of-the-were-rabbit,buddy film
wallace-gromit-the-curse-of-the-were-rabbit,children's film
wallace-gromit-the-curse-of-the-were-rabbit,comedy film
wallace-gromit-the-curse-of-the-were-rabbit,family film
wallace-gromit-the-curse-of-the-were-rabbit,fantasy film
wallace-gromit-the-curse-of-the-were-rabbit,mystery film
wallace-gromit-vengeance-most-fowl,comedy film
wallace-gromit-vengeance-most-fowl,stop-motion animated film
waltz-with-bashir,documentary film
waltz-with-bashir,war film
wander-darkly,drama film
wanted,action film
wanted,action thriller
wanted,girls with guns
war,action film
war,crime film
war,thriller film
war-dogs,biographical film
war-dogs,comedy film
war-dogs,crime film
war-dogs,drama film
war-dogs,war film
war-for-the-planet-of-the-apes,action film
war-for-the-planet-of-the-apes,drama film
war-for-the-planet-of-the-apes,dystopian film
war-for-the-planet-of-the-apes,post-apocalyptic film
war-for-the-planet-of-the-apes,science fiction film
war-for-the-planet-of-the-apes,war film
war-game,documentary film
war-horse,drama film
war-horse,war film
war-machine,action film
war-machine,comedy film
war-machine,war film
war-of-the-worlds,action film
war-of-the-worlds,adventure film
war-of-the-worlds,alien invasion
war-of-the-worlds,disaster film
war-of-the-worlds,drama film
war-of-the-worlds,fantasy film
war-of-the-worlds,science fiction film
war-of-the-worlds,thriller film
war-photographer,documentary film
war-pony,drama film
war-witch,drama film
warfare,biographical film
warfare,drama film
warfare,war film
wargames,drama film
wargames,thriller film
warm-bodies,comedy horror
warm-bodies,post-apocalyptic film
warm-bodies,romantic comedy film
warm-bodies,teen film
warm-bodies,zombie comedy
warm-water-under-a-red-bridge,drama film
warm-water-under-a-red-bridge,romantic comedy
warrior,action film
warrior,drama film
warrior,kung fu film
warrior,martial arts film
waste-land,documentary film
wasteman,crime film
watcher,psychological thriller film
watcher,thriller film
watchers-of-the-sky,documentary film
water,pseudo-documentary
water-drops-on-burning-rocks,drama film
water-drops-on-burning-rocks,LGBTQ-related film
water-for-elephants,drama film
water-for-elephants,historical drama
water-for-elephants,historical film
water-for-elephants,romance film
waterloo-bridge,drama film
waterloo-bridge,romance film
waterloo-bridge,war film
watermark,documentary film
waves,drama film
waynes-world,buddy film
waynes-world,comedy film
waynes-world,musical film
we,drama film
we,romance film
we-are-still-here,ghost film
we-are-still-here,horror film
we-are-the-best!,coming-of-age film
we-are-the-best!,drama film
we-are-the-flesh,drama film
we-are-the-flesh,horror film
we-are-what-we-are,horror film
we-are-what-we-are-2013,drama film
we-are-what-we-are-2013,horror film
we-bought-a-zoo,drama film
we-bought-a-zoo,romantic comedy
we-bury-the-dead,survival film
we-bury-the-dead,thriller film
we-bury-the-dead,zombie film
we-have-a-pope,comedy film
we-have-a-pope,drama film
we-have-always-lived-in-the-castle,mystery film
we-have-always-lived-in-the-castle,thriller film
we-live-in-public,documentary film
we-live-in-time,drama film
we-live-in-time,romance film
we-met-in-virtual-reality,documentary film
we-need-to-talk-about-kevin,drama film
we-need-to-talk-about-kevin,romance film
we-need-to-talk-about-kevin,thriller film
we-own-the-night,crime film
we-own-the-night,drama film
we-own-the-night,neo-noir
we-own-the-night,police film
we-own-the-night,thriller film
we-steal-secrets-the-story-of-wikileaks,documentary film
we-the-animals,drama film
we-the-animals,independent film
we-the-animals,LGBTQ-related film
we-were-here,documentary film
we-were-here,LGBTQ-related film
we-were-soldiers,drama film
we-were-soldiers,war film
weapons,drama film
weapons,horror film
weapons,mystery film
weapons,thriller film
weathering-with-you,fantasy film
weathering-with-you,supernatural anime
web-junkie,documentary film
wedding-crashers,buddy film
wedding-crashers,romantic comedy
wedding-doll,drama film
weekend,drama film
weekend,LGBTQ-related film
weekend,romance film
weiner,documentary film
weird-science,action film
weird-science,buddy film
weird-science,fantasy film
weird-science,romantic comedy
weird-science,science fiction comedy
weird-science,science fiction film
weird-science,teen film
weird-the-al-yankovic-story,biographical film
weird-the-al-yankovic-story,comedy film
weird-the-al-yankovic-story,parody film
welcome-to-chechnya,documentary film
welcome-to-chechnya,LGBTQ-related film
welcome-to-leith,documentary film
welcome-to-me,comedy drama
welcome-to-me,comedy film
welcome-to-new-york,drama film
welcome-to-sarajevo,drama film
welcome-to-sarajevo,war film
welcome-to-the-dollhouse,coming-of-age film
welcome-to-the-dollhouse,drama film
welcome-to-the-rileys,drama film
wendell-wild,comedy film
wendell-wild,comedy horror
wendell-wild,dark fantasy
wendell-wild,horror film
wendell-wild,satanic film
wendy-and-lucy,drama film
werckmeister-harmonies,drama film
were-all-going-to-the-worlds-fair,drama film
were-all-going-to-the-worlds-fair,found footage film
were-all-going-to-the-worlds-fair,horror film
werewolf,drama film
werewolf,horror film
werewolves-within,werewolf film
wes-cravens-new-nightmare,horror film
west-of-memphis,documentary film
west-of-memphis,prison film
west-side-story,crime film
west-side-story,drama film
west-side-story,musical film
west-side-story,romance film
west-side-story-2020,musical film
west-side-story-2020,romance film
western-2017,art film
western-2017,drama film
western-stars,documentary film
westworld,action film
westworld,dystopian film
westworld,horror film
westworld,science fiction film
westworld,thriller film
westworld,Western film
wet-hot-american-summer,farce
wet-hot-american-summer,independent film
wet-hot-american-summer,LGBTQ-related film
wet-hot-american-summer,parody film
wet-hot-american-summer,romantic comedy
wet-hot-american-summer,satirical film
wetlands,comedy film
wetlands,drama film
wetlands,LGBTQ-related film
whale-rider,coming-of-age film
whale-rider,drama film
whale-rider,family film
wham!,documentary film
what-about-bob,comedy film
what-do-we-see-when-we-look-at-the-sky,drama film
what-doesnt-kill-you,crime film
what-doesnt-kill-you,drama film
what-doesnt-kill-you,heist film
what-ever-happened-to-baby-jane,drama film
what-ever-happened-to-baby-jane,psycho-biddy
what-ever-happened-to-baby-jane,psychological horror fiction
what-ever-happened-to-baby-jane,psychological thriller
what-happened-miss-simone,biographical film
what-happened-miss-simone,documentary film
what-happens-later,romantic comedy film
what-keeps-you-alive,horror film
what-keeps-you-alive,LGBTQ-related film
what-lies-beneath,drama film
what-lies-beneath,ghost film
what-lies-beneath,horror film
what-lies-beneath,psychological horror fiction
what-maisie-knew,drama film
what-our-fathers-did-a-nazi-legacy,documentary film
what-richard-did,drama film
what-they-had,drama film
what-we-become,horror film
what-we-become,thriller film
what-we-do-in-the-shadows,comedy film
what-we-do-in-the-shadows,comedy horror
what-we-do-in-the-shadows,horror film
what-we-do-in-the-shadows,mockumentary
what-we-do-in-the-shadows,vampire film
what-will-people-say,drama film
what-women-want,fantasy film
what-women-want,romantic comedy film
what-women-want,science fiction film
what-women-want,screwball comedy film
whatever-works,romantic comedy
whats-eating-gilbert-grape,comedy film
whats-eating-gilbert-grape,coming-of-age film
whats-eating-gilbert-grape,drama film
whats-love-got-to-do-with-it,biographical film
whats-love-got-to-do-with-it,drama film
whats-love-got-to-do-with-it,musical film
whats-love-got-to-do-with-it-2022,romantic comedy film
whats-up-doc,romantic comedy
whats-your-number,romantic comedy
wheel-of-fortune-and-fantasy,drama film
when-a-stranger-calls,horror film
when-a-stranger-calls,teen film
when-a-stranger-calls,thriller film
when-evening-falls-on-bucharest-or-metabolism,drama film
when-evil-lurks,horror film
when-evil-lurks,psychological horror fiction
when-fall-is-coming,comedy drama
when-harry-met-sally,Christmas film
when-harry-met-sally,comedy film
when-harry-met-sally,romantic comedy
when-i-saw-you,drama film
when-marnie-was-there,drama film
when-marnie-was-there,mystery anime
when-we-leave,drama film
when-we-were-kings,boxing film
when-we-were-kings,documentary film
when-you-finish-saving-the-world,comedy drama
where-do-we-go-now,comedy film
where-do-we-go-now,drama film
where-is-kyra,drama film
where-is-kyra,independent film
where-the-wild-things-are,adventure film
where-the-wild-things-are,children's film
where-the-wild-things-are,drama film
where-the-wild-things-are,fantasy film
where-to-invade-next,documentary film
while-were-young,comedy film
while-were-young,drama film
whip-it,comedy drama
whip-it,coming-of-age film
whip-it,drama film
whiplash,drama film
whiplash,musical film
whiskey-tango-foxtrot,comedy drama
whisper-of-the-heart,adventure film
whisper-of-the-heart,coming-of-age film
whisper-of-the-heart,drama anime and manga
whisper-of-the-heart,drama film
whisper-of-the-heart,love triangle romance
whisper-of-the-heart,romance film
whisper-of-the-heart,slice of life
white-boy-rick,biographical film
white-boy-rick,crime film
white-boy-rick,drama film
white-building,drama film
white-chicks,buddy cop film
white-chicks,buddy film
white-chicks,comedy film
white-elephant,drama film
white-girl,drama film
white-god,drama film
white-heat,action film
white-heat,adventure film
white-heat,crime drama film
white-heat,crime film
white-heat,crime thriller film
white-heat,drama film
white-heat,film noir
white-heat,gangster film
white-heat,mystery film
white-heat,prison film
white-heat,suspense film
white-heat,thriller film
white-heat,war film
white-material,art film
white-material,drama film
white-noise-2022,absurdist fiction
white-noise-2022,apocalyptic film
white-noise-2022,comedy film
white-reindeer,Christmas film
white-reindeer,comedy drama
white-sun-seto-surya,drama film
whiteout,action film
whiteout,crime film
whiteout,mystery film
whiteout,thriller film
whitey-united-states-of-america-v-james-j-bulger,documentary film
whitney,biographical film
whitney,documentary film
whitney-can-i-be-me,documentary film
who-framed-roger-rabbit,buddy film
who-framed-roger-rabbit,comedy film
who-framed-roger-rabbit,crossover fiction
who-framed-roger-rabbit,fantasy film
who-framed-roger-rabbit,live-action/animated film
who-framed-roger-rabbit,neo-noir
who-is-harry-nilsson-and-why-is-everybody-talkin-about-him,documentary film
who-killed-the-electric-car,documentary film
who-we-are-now,drama film
who-you-think-i-am,drama fiction
who-you-think-i-am,drama film
wholl-stop-the-rain,action film
wholl-stop-the-rain,crime film
wholl-stop-the-rain,drama film
wholl-stop-the-rain,war film
whores-glory,documentary film
whos-afraid-of-virginia-woolf,drama film
why-dont-you-just-die!,comedy film
why-dont-you-just-die!,crime film
why-dont-you-play-in-hell,action film
wicked,cinematic fairy tale
wicked,fantasy film
wicked,musical film
wicked-for-good,fantasy film
wicked-for-good,musical film
wicked-little-letters,comedy film
widow-clicquot,drama film
widows,crime film
widows,drama film
widows,heist film
widows,mystery film
widows,thriller film
wiener-dog,comedy drama
wiener-dog,comedy film
wife-of-a-spy,historical drama
wilbur-wants-to-kill-himself,comedy film
wilbur-wants-to-kill-himself,drama film
wild,adventure film
wild,biographical film
wild,drama film
wild,survival film
wild-at-heart,black comedy film
wild-at-heart,comedy film
wild-at-heart,crime comedy film
wild-at-heart,crime drama film
wild-at-heart,crime film
wild-at-heart,crime thriller film
wild-at-heart,drama film
wild-at-heart,neo-noir
wild-at-heart,romance film
wild-at-heart,thriller film
wild-diamond,coming-of-age film
wild-diamond,drama film
wild-grass,drama film
wild-hogs,action film
wild-hogs,buddy film
wild-indian,crime film
wild-indian,drama film
wild-indian,mystery film
wild-indian,thriller film
wild-life,documentary film
wild-men,comedy film
wild-men,thriller film
wild-nights-with-emily,biographical film
wild-nights-with-emily,comedy film
wild-nights-with-emily,LGBTQ-related film
wild-reeds,drama film
wild-reeds,LGBTQ-related film
wild-rose,drama film
wild-strawberries,drama film
wild-strawberries,flashback film
wild-tales,anthology film
wild-tales,black comedy film
wild-tales,comedy drama
wild-tales,thriller film
wild-target,comedy film
wild-target,crime film
wilde,biographical film
wilde,drama film
wilde,LGBTQ-related film
wildhood,drama film
wildlife,drama film
wildling,fantasy film
wildling,horror film
will-harper,buddy film
will-harper,documentary film
will-harper,LGBTQ-related film
will-harper,road movie
will-o-the-wisp,musical film
willow,fantasy film
willow,sword and sorcery film
willow-creek,found footage film
willow-creek,horror film
willow-creek,mystery film
willy-wonka-the-chocolate-factory,children's film
willy-wonka-the-chocolate-factory,drama film
willy-wonka-the-chocolate-factory,family film
willy-wonka-the-chocolate-factory,fantasy film
willy-wonka-the-chocolate-factory,musical film
win-it-all,comedy film
win-win,comedy drama
win-win,sport film
winchester-73,Western film
wind-river,crime film
wind-river,mystery film
wind-river,thriller film
wind-river,Western film
wine-country,comedy film
winged-migration,documentary film
winged-migration,nature documentary
wings,action film
wings,drama film
wings,romance film
wings,silent film
wings,war film
wings-of-desire,drama film
wings-of-desire,fantasy film
winnebago-man,documentary film
winner,biographical film
winnie-the-pooh,comedy film
winnie-the-pooh,fantasy film
winnie-the-pooh,musical film
winter-brothers,drama film
winter-in-wartime,drama film
winter-in-wartime,war film
winter-kills,mystery film
winter-kills,political thriller film
winter-on-fire-ukraines-fight-for-freedom,documentary film
winter-sleep,drama film
winters-bone,crime film
winters-bone,drama film
wise-blood,comedy drama
wise-blood,drama film
wish-you-were-here,road movie
witching-and-bitching,comedy horror
withnail-and-i,black comedy film
withnail-and-i,buddy film
withnail-and-i,comedy drama
witness,crime film
witness,drama film
witness,thriller film
witness-for-the-prosecution,crime film
witness-for-the-prosecution,trial film
wojnarowicz,documentary film
wolf-children,children's film
wolf-children,coming-of-age film
wolf-children,drama film
wolf-children,fantasy film
wolf-children,supernatural anime
wolf-creek,horror film
wolf-creek,slasher film
wolf-totem,adventure film
wolf-totem,drama film
wolfs,crime film
wolfs,thriller film
wolfwalkers,adventure film
wolfwalkers,fantasy film
wolfwalkers,independent film
woman-at-war,black comedy film
woman-at-war,thriller film
woman-of-the-hour,crime film
woman-of-the-hour,crime thriller film
woman-of-the-hour,drama film
woman-of-the-hour,thriller film
women-on-the-verge-of-a-nervous-breakdown,black comedy film
women-talking,drama film
women-without-men,drama film
wonder,drama film
wonder-boys,comedy film
wonder-boys,drama film
wonder-boys,LGBTQ-related film
wonder-woman,action film
wonder-woman,adventure film
wonder-woman,drama film
wonder-woman,fantasy film
wonder-woman,superhero film
wonder-woman,war film
wonder-woman-1984,action film
wonder-woman-1984,adventure film
wonder-woman-1984,drama film
wonder-woman-1984,fantasy film
wonder-woman-1984,superhero film
wonder-woman-1984,war film
wonderland-2000,drama film
wonderstruck,drama film
wonka,adventure film
wonka,comedy film
wonka,fantasy film
wonka,musical film
wonka,speculative fiction film
wont-you-be-my-neighbor,documentary film
woodstock-1970,documentary film
woodstock-1970,musical film
woodstock-1970,rockumentary
woodstock-99-peace-love-and-rage,documentary film
words-of-war,biographical film
words-of-war,drama film
words-on-bathroom-walls,drama film
work-it,comedy film
working-girl,comedy drama
working-girl,romantic comedy film
working-woman,drama film
world-trade-center,disaster film
world-trade-center,docudrama
world-trade-center,drama film
world-war-z,action film
world-war-z,adventure film
world-war-z,apocalyptic film
world-war-z,drama film
world-war-z,horror film
world-war-z,post-apocalyptic film
world-war-z,science fiction film
world-war-z,thriller film
world-war-z,zombie film
worlds-greatest-dad,black comedy film
worlds-greatest-dad,comedy drama
worlds-greatest-dad,romantic comedy film
wrath-of-man,action film
wrath-of-man,thriller film
wreck-it-ralph,adventure film
wreck-it-ralph,comedy drama
wreck-it-ralph,comedy film
wreck-it-ralph,crossover fiction
wreck-it-ralph,family film
wreck-it-ralph,fantasy film
wreck-it-ralph,science fiction film
wrecked,drama film
wrinkles,drama fiction
wrinkles,drama film
writing-with-fire,documentary film
written-on-the-wind,drama film
wrong,comedy film
wrong-turn,horror film
wrong-turn,slasher film
wrong-turn,splatter film
wrong-turn,teen film
wrong-turn,thriller film
wuthering-heights,drama film
wuthering-heights,melodrama
x-2022,horror film
x-2022,slasher film
x-men,action film
x-men,action thriller
x-men,fantasy film
x-men,science fiction film
x-men,superhero film
x-men-days-of-future-past,action film
x-men-days-of-future-past,crossover fiction
x-men-days-of-future-past,dystopian film
x-men-days-of-future-past,science fiction film
x-men-days-of-future-past,superhero film
x-men-days-of-future-past,thriller film
x-men-days-of-future-past,time-travel film
x-men-first-class,action film
x-men-first-class,fantasy film
x-men-first-class,science fiction film
x-men-first-class,superhero film
x-men-first-class,teen film
x-men-the-last-stand,action film
x-men-the-last-stand,fantasy film
x-men-the-last-stand,science fiction film
x-men-the-last-stand,superhero film
x2-x-men-united,action film
x2-x-men-united,fantasy film
x2-x-men-united,science fiction film
x2-x-men-united,speculative fiction film
x2-x-men-united,superhero film
xx,horror film
xxx,action film
xxx,spy film
xxx,techno-thriller
xxx,thriller film
xxx-state-of-the-union,action film
xxx-state-of-the-union,adventure film
xxx-state-of-the-union,spy film
xxx-state-of-the-union,techno-thriller
xxx-state-of-the-union,thriller film
y-tu-mama-tambien,comedy film
y-tu-mama-tambien,coming-of-age film
y-tu-mama-tambien,drama film
y-tu-mama-tambien,LGBTQ-related film
y-tu-mama-tambien,romance film
yakuza-apocalypse,action film
yakuza-apocalypse,fantasy film
yankee-doodle-dandy,biographical film
yankee-doodle-dandy,drama film
yankee-doodle-dandy,musical film
yankee-doodle-dandy,war film
year-of-the-dog,comedy film
year-of-the-dog,drama film
year-one,buddy film
year-one,fantasy film
year-one,parody film
yellow-submarine,fantasy film
yellow-submarine,musical film
yes-god-yes,comedy drama
yes-god-yes,coming-of-age film
yes-god-yes,drama film
yes-god-yes,sex comedy
yes-man,romantic comedy
yi-yi,drama film
yi-yi,slice of life
yogi-bear,adventure film
yogi-bear,children's film
yogi-bear,comedy film
yogi-bear,family film
yogi-bear,live-action/animated film
yojimbo,drama film
yoo-hoo-mrs-goldberg,documentary film
yosemite,independent film
yossi,drama film
yossi,LGBTQ-related film
yossi,romance film
yossi-jagger,drama film
yossi-jagger,LGBTQ-related film
yossi-jagger,romance film
yossi-jagger,war film
you-again,comedy film
you-again,romantic comedy
you-aint-seen-nothin-yet,drama film
you-are-not-my-mother,horror film
you-are-so-not-invited-to-my-bat-mitzvah!,comedy drama
you-can-count-on-me,drama film
you-can-live-forever,drama film
you-can-live-forever,LGBTQ-related film
you-cannot-kill-david-arquette,documentary film
you-hurt-my-feelings-2023,comedy drama
you-the-living,comedy drama
you-the-living,music-themed film
you-were-never-really-here,crime film
you-were-never-really-here,drama film
you-were-never-really-here,neo-noir
you-were-never-really-here,thriller film
you-were-never-really-here,vigilante film
you-will-die-at-twenty,drama film
you-will-meet-a-tall-dark-stranger,drama film
you-will-meet-a-tall-dark-stranger,romantic comedy
you-wont-be-alone,horror film
you-wont-be-alone,speculative fiction film
young-adult,comedy drama
young-adult,comedy film
young-adult,tragicomedy
young-ahmed,drama film
young-beautiful,drama film
young-beautiful,erotic film
young-frankenstein,comedy horror
young-frankenstein,gothic horror film
young-frankenstein,horror film
young-frankenstein,parody film
young-frankenstein,science fiction film
young-man-with-a-horn,biographical film
young-man-with-a-horn,drama film
young-man-with-a-horn,musical film
young-mothers,drama film
young-mr-lincoln,biographical film
young-mr-lincoln,drama film
young-mr-lincoln,trial film
young-woman-and-the-sea,biographical film
young-woman-and-the-sea,drama film
young-woman-and-the-sea,sport film
youngheart,documentary film
your-friends-neighbors,comedy drama
your-friends-neighbors,comedy film
your-friends-neighbors,LGBTQ-related film
your-highness,buddy film
your-highness,comedy film
your-highness,fantasy film
your-highness,sword and sorcery film
your-lucky-day,action film
your-lucky-day,thriller film
your-monster,comedy film
your-monster,horror film
your-monster,romance film
your-name,coming-of-age film
your-name,fantasy film
your-name,romance film
your-name,time-travel film
your-sisters-sister,comedy drama
your-sisters-sister,drama film
youre-next,horror film
youre-next,slasher film
youre-next,thriller film
youre-not-you,drama film
youth,comedy film
youth,drama film
youth,LGBTQ-related film
youth-in-revolt,comedy drama
youth-in-revolt,romantic comedy film
youve-been-trumped,documentary film
youve-got-mail,Christmas film
youve-got-mail,romantic comedy
yu-gi-oh!-the-movie,action film
yu-gi-oh!-the-movie,adventure film
yu-gi-oh!-the-movie,children's film
yu-gi-oh!-the-movie,fantasy film
z-1969,drama film
z-1969,political thriller film
z-for-zachariah,drama film
z-for-zachariah,dystopian film
z-for-zachariah,post-apocalyptic film
z-for-zachariah,science fiction film
zama,drama film
zarafa,adventure film
zarafa,children's film
zathura-a-space-adventure,action film
zathura-a-space-adventure,adventure fiction
zathura-a-space-adventure,adventure film
zathura-a-space-adventure,children's film
zathura-a-space-adventure,fantasy film
zathura-a-space-adventure,science fiction film
zathura-a-space-adventure,speculative fiction
zero-charisma,comedy film
zero-dark-thirty,action film
zero-dark-thirty,drama film
zero-dark-thirty,thriller film
zero-dark-thirty,war film
zero-day,drama film
zero-day,found footage film
zero-day,independent film
zero-days,documentary film
zero-motivation,comedy drama
zeros-and-ones,thriller film
zeros-and-ones,war film
zhantai,drama film
zheng-hun-qi-shi,drama film
zodiac,crime thriller film
zodiac,docudrama
zodiac,drama film
zodiac,mystery film
zodiac,police procedural film
zodiac-killer-project,documentary film
zola,drama film
zombi-child,drama film
zombieland,comedy horror
zombieland,horror film
zombieland,post-apocalyptic film
zombieland,zombie comedy
zombieland,zombie film
zookeeper,children's film
zookeeper,romantic comedy film
zoolander,comedy film
zootopia,action comedy film
zootopia,adventure film
zootopia,buddy cop film
zootopia,comedy film
zootopia,detective film
zootopia,family film
zootopia-2,adventure film
zootopia-2,buddy cop film
zootopia-2,comedy film
zootopia-2,family film
zulu,adventure film
zulu,drama film
zulu,historical film
zulu,war film
