movie_slug,genre_name
-1963,Drama
10-cloverfield-lane,Drama
10-cloverfield-lane,Horror
10-cloverfield-lane,Sci-Fi
10-cloverfield-lane,Thriller
10-things-i-hate-about-you,Comedy
10-things-i-hate-about-you,Drama
10-things-i-hate-about-you,Romance
10000-bc,Action
10000-bc,Adventure
10000-bc,Drama
10000-bc,Fantasy
10000-bc,History
10000-km,Drama
10000-km,Romance
101-dalmatians,Adventure
101-dalmatians,Comedy
101-dalmatians,Crime
101-dalmatians,Family
101-dalmatians-1961,Adventure
101-dalmatians-1961,Animation
101-dalmatians-1961,Comedy
101-dalmatians-1961,Family
102-dalmatians,Adventure
102-dalmatians,Comedy
102-dalmatians,Family
12-angry-men,Crime
12-angry-men,Drama
12-rounds,Action
12-rounds,Crime
12-rounds,Thriller
12-years-a-slave,Biography
12-years-a-slave,Drama
12-years-a-slave,History
1208-east-of-bucharest,Comedy
1208-east-of-bucharest,Drama
127-hours,Biography
127-hours,Drama
13-assassins,Action
13-assassins,Adventure
13-assassins,Drama
13-going-on-30,Comedy
13-going-on-30,Fantasy
13-going-on-30,Romance
13th,Crime
13th,Documentary
13th,History
1408,Fantasy
1408,Horror
1408,Mystery
16-blocks,Action
16-blocks,Drama
16-blocks,Thriller
1917,Drama
1917,War
1945,Drama
1971,Documentary
1971,History
1971,Thriller
1985,Drama
2-fast-2-furious,Action
2-fast-2-furious,Crime
2-fast-2-furious,Thriller
20-days-in-mariupol,Documentary
20-days-in-mariupol,War
20-feet-from-stardom,Biography
20-feet-from-stardom,Documentary
20-feet-from-stardom,History
20-feet-from-stardom,Music
2000-meters-to-andriivka,Documentary
2000-meters-to-andriivka,War
20000-days-on-earth,Documentary
20000-days-on-earth,Drama
20000-days-on-earth,Music
20000-species-of-bees,Drama
2001-a-space-odyssey,Adventure
2001-a-space-odyssey,Sci-Fi
2012,Action
2012,Adventure
2012,Sci-Fi
2046,Drama
2046,Romance
2046,Sci-Fi
20th-century-women,Comedy
20th-century-women,Drama
21,Crime
21,Drama
21,Thriller
21-grams,Crime
21-grams,Drama
21-grams,Thriller
22-jump-street,Action
22-jump-street,Comedy
22-jump-street,Crime
22-jump-street,Mystery
24-frames,Drama
24-hour-party-people,Biography
24-hour-party-people,Comedy
24-hour-party-people,Drama
24-hour-party-people,Music
28-weeks-later,Horror
28-weeks-later,Sci-Fi
28-years-later,Horror
28-years-later,Sci-Fi
28-years-later,Thriller
28-years-later-the-bone-temple,Horror
28-years-later-the-bone-temple,Sci-Fi
28-years-later-the-bone-temple,Thriller
3-12-minutes-10-bullets,Crime
3-12-minutes-10-bullets,Documentary
3-faces,Drama
3-godfathers,Drama
3-godfathers,Western
3-idiots,Comedy
3-idiots,Drama
30-minutes-or-less,Action
30-minutes-or-less,Comedy
30-minutes-or-less,Crime
300,Action
300,Drama
310-to-yuma,Action
310-to-yuma,Crime
310-to-yuma,Drama
310-to-yuma,Western
310-to-yuma-1957,Adventure
310-to-yuma-1957,Drama
310-to-yuma-1957,Thriller
310-to-yuma-1957,Western
32-sounds,Documentary
32-sounds,Music
35-shots-of-rum,Drama
4-little-girls,Documentary
4-little-girls,History
4-months-3-weeks-and-2-days,Drama
40-acres,Action
40-acres,Drama
40-acres,Fantasy
40-acres,Thriller
40-days-and-40-nights,Comedy
40-days-and-40-nights,Romance
42-forty-two-up,Biography
42-forty-two-up,Documentary
42nd-street,Comedy
42nd-street,Drama
42nd-street,Musical
42nd-street,Romance
45-years,Drama
45-years,Romance
45365,Documentary
48-hrs,Action
48-hrs,Comedy
48-hrs,Crime
48-hrs,Drama
48-hrs,Thriller
49-up,Biography
49-up,Documentary
5-broken-cameras,Documentary
5-broken-cameras,War
5-days-of-war,Action
5-days-of-war,Drama
5-days-of-war,War
50-first-dates,Comedy
50-first-dates,Drama
50-first-dates,Romance
500-days-of-summer,Comedy
500-days-of-summer,Drama
500-days-of-summer,Romance
5050,Comedy
5050,Drama
5050,Romance
52-tuesdays,Drama
52-tuesdays,Family
56-up,Biography
56-up,Documentary
63-up,Biography
63-up,Documentary
7-boxes,Adventure
7-boxes,Crime
7-boxes,Drama
7-boxes,Mystery
7-boxes,Thriller
7-days,Comedy
7-days,Drama
7-prisoners,Crime
7-prisoners,Drama
71,Action
71,Crime
71,Drama
71,Thriller
71,War
76-days,Documentary
76-days,Drama
7852-hitchcocks-shower-scene,Documentary
8-mile,Drama
8-mile,Music
88-minutes,Crime
88-minutes,Drama
88-minutes,Mystery
88-minutes,Thriller
99-homes,Crime
99-homes,Drama
a-band-called-death,Biography
a-band-called-death,Documentary
a-band-called-death,Music
a-beautiful-day-in-the-neighborhood,Biography
a-beautiful-day-in-the-neighborhood,Drama
a-beautiful-day-in-the-neighborhood,Family
a-beautiful-mind,Biography
a-beautiful-mind,Drama
a-beautiful-mind,Mystery
a-better-tomorrow,Action
a-better-tomorrow,Crime
a-better-tomorrow,Drama
a-better-tomorrow,Thriller
a-bigger-splash,Drama
a-bigger-splash,Music
a-bigger-splash,Thriller
a-borrowed-identity,Drama
a-bread-factory-part-one-for-the-sake-of-gold,Comedy
a-bread-factory-part-one-for-the-sake-of-gold,Drama
a-bread-factory-part-two-walk-with-me-a-while,Comedy
a-bread-factory-part-two-walk-with-me-a-while,Drama
a-brief-history-of-time,Biography
a-brief-history-of-time,Documentary
a-bronx-tale,Crime
a-bronx-tale,Drama
a-bugs-life,Adventure
a-bugs-life,Animation
a-bugs-life,Comedy
a-bugs-life,Family
a-canterbury-tale,Comedy
a-canterbury-tale,Drama
a-canterbury-tale,Mystery
a-canterbury-tale,War
a-chiara,Drama
a-christmas-carol,Adventure
a-christmas-carol,Animation
a-christmas-carol,Comedy
a-christmas-carol,Drama
a-christmas-carol,Family
a-christmas-carol,Fantasy
a-christmas-story,Comedy
a-christmas-story,Family
a-christmas-tale,Comedy
a-christmas-tale,Drama
a-ciambra,Crime
a-ciambra,Drama
a-cinderella-story,Comedy
a-cinderella-story,Family
a-cinderella-story,Romance
a-civil-action,Biography
a-civil-action,Drama
a-clockwork-orange,Crime
a-clockwork-orange,Sci-Fi
a-complete-unknown,Biography
a-complete-unknown,Drama
a-complete-unknown,Music
a-cop-movie,Action
a-cop-movie,Crime
a-cop-movie,Documentary
a-cop-movie,Drama
a-cop-movie,Thriller
a-couple,Drama
a-dangerous-method,Biography
a-dangerous-method,Drama
a-dangerous-method,Romance
a-different-man,Drama
a-different-man,Thriller
a-disturbance-in-the-force,Documentary
a-disturbance-in-the-force,History
a-fantastic-woman,Drama
a-field-in-england,Drama
a-field-in-england,History
a-field-in-england,Horror
a-field-in-england,Mystery
a-film-unfinished,Documentary
a-film-unfinished,Drama
a-film-unfinished,History
a-fish-called-wanda,Comedy
a-fish-called-wanda,Crime
a-fistful-of-dollars,Drama
a-fistful-of-dollars,Western
a-ghost-story,Drama
a-ghost-story,Fantasy
a-ghost-story,Mystery
a-ghost-story,Romance
a-girl-walks-home-alone-at-night,Drama
a-girl-walks-home-alone-at-night,Horror
a-girl-walks-home-alone-at-night,Romance
a-girl-walks-home-alone-at-night,Thriller
a-good-year,Comedy
a-good-year,Drama
a-good-year,Romance
a-gray-state,Documentary
a-hard-day,Action
a-hard-day,Crime
a-hard-day,Thriller
a-hard-days-night,Comedy
a-hard-days-night,Musical
a-hero,Drama
a-hidden-life,Biography
a-hidden-life,Drama
a-hidden-life,Romance
a-hidden-life,War
a-hijacking,Drama
a-hijacking,Thriller
a-history-of-violence,Action
a-history-of-violence,Crime
a-history-of-violence,Drama
a-history-of-violence,Thriller
a-house-made-of-splinters,Documentary
a-house-of-dynamite,Drama
a-house-of-dynamite,Thriller
a-knights-tale,Action
a-knights-tale,Adventure
a-knights-tale,Drama
a-knights-tale,Romance
a-league-of-their-own,Comedy
a-league-of-their-own,Drama
a-league-of-their-own,Sport
a-little-prayer,Drama
a-little-princess,Drama
a-little-princess,Family
a-little-princess,Fantasy
a-love-song,Romance
a-mighty-wind,Comedy
a-mighty-wind,Music
a-monster-calls,Adventure
a-monster-calls,Drama
a-monster-calls,Family
a-monster-calls,Fantasy
a-monster-with-a-thousand-heads,Drama
a-monster-with-a-thousand-heads,Thriller
a-most-violent-year,Crime
a-most-violent-year,Drama
a-most-violent-year,Thriller
a-most-wanted-man,Crime
a-most-wanted-man,Drama
a-most-wanted-man,Thriller
a-murder-in-the-park,Crime
a-murder-in-the-park,Documentary
a-murder-in-the-park,History
a-nice-indian-boy,Comedy
a-nice-indian-boy,Drama
a-nice-indian-boy,Romance
a-night-at-the-roxbury,Comedy
a-night-at-the-roxbury,Music
a-night-at-the-roxbury,Romance
a-night-of-knowing-nothing,Documentary
a-nightmare-on-elm-street,Crime
a-nightmare-on-elm-street,Drama
a-nightmare-on-elm-street,Horror
a-nightmare-on-elm-street,Mystery
a-nightmare-on-elm-street-1984,Horror
a-nightmare-on-elm-street-2-freddys-revenge,Horror
a-nightmare-on-elm-street-3-dream-warriors,Fantasy
a-nightmare-on-elm-street-3-dream-warriors,Horror
a-nightmare-on-elm-street-4-the-dream-master,Horror
a-nightmare-on-elm-street-5-the-dream-child,Fantasy
a-nightmare-on-elm-street-5-the-dream-child,Horror
a-passage-to-india,Adventure
a-passage-to-india,Drama
a-passage-to-india,History
a-perfect-murder,Crime
a-perfect-murder,Drama
a-perfect-murder,Thriller
a-pigeon-sat-on-a-branch-reflecting-on-existence,Comedy
a-pigeon-sat-on-a-branch-reflecting-on-existence,Drama
a-pigeon-sat-on-a-branch-reflecting-on-existence,Fantasy
a-poet,Comedy
a-poet,Drama
a-prayer-before-dawn,Action
a-prayer-before-dawn,Biography
a-prayer-before-dawn,Crime
a-prayer-before-dawn,Drama
a-prayer-before-dawn,Sport
a-private-war,Biography
a-private-war,Drama
a-private-war,War
a-prophet,Crime
a-prophet,Drama
a-quiet-passion,Biography
a-quiet-passion,Drama
a-quiet-passion,Romance
a-quiet-place,Drama
a-quiet-place,Horror
a-quiet-place,Sci-Fi
a-quiet-place-part-ii,Drama
a-quiet-place-part-ii,Horror
a-quiet-place-part-ii,Sci-Fi
a-quiet-place-part-ii,Thriller
a-real-pain,Comedy
a-real-pain,Drama
a-river-runs-through-it,Drama
a-room-with-a-view,Drama
a-room-with-a-view,Romance
a-royal-affair,Biography
a-royal-affair,Drama
a-royal-affair,History
a-royal-affair,Romance
a-sad-and-beautiful-world,Comedy
a-sad-and-beautiful-world,Drama
a-sad-and-beautiful-world,Romance
a-screaming-man,Drama
a-secret-love,Biography
a-secret-love,Documentary
a-secret-love,Drama
a-secret-love,Romance
a-self-made-hero,Comedy
a-self-made-hero,Drama
a-separation,Drama
a-serious-man,Comedy
a-serious-man,Drama
a-shaun-the-sheep-movie-farmageddon,Adventure
a-shaun-the-sheep-movie-farmageddon,Animation
a-shaun-the-sheep-movie-farmageddon,Comedy
a-shaun-the-sheep-movie-farmageddon,Family
a-shaun-the-sheep-movie-farmageddon,Fantasy
a-shaun-the-sheep-movie-farmageddon,Sci-Fi
a-silent-voice,Animation
a-silent-voice,Drama
a-simple-life,Drama
a-simple-plan,Crime
a-simple-plan,Drama
a-simple-plan,Thriller
a-single-man,Drama
a-single-man,Romance
a-single-man,Thriller
a-star-is-born,Drama
a-star-is-born,Music
a-star-is-born,Romance
a-star-is-born-1954,Drama
a-star-is-born-1954,Musical
a-star-is-born-1954,Romance
a-streetcar-named-desire,Drama
a-summers-tale,Comedy
a-summers-tale,Drama
a-summers-tale,Romance
a-tale-of-two-cities,Drama
a-tale-of-two-cities,History
a-tale-of-two-cities,Romance
a-tale-of-two-sisters,Drama
a-tale-of-two-sisters,Horror
a-tale-of-two-sisters,Mystery
a-tale-of-two-sisters,Thriller
a-thousand-and-one,Crime
a-thousand-and-one,Drama
a-thousand-cuts,Documentary
a-time-for-drunken-horses,Drama
a-time-for-drunken-horses,War
a-time-to-kill,Crime
a-time-to-kill,Drama
a-time-to-kill,Thriller
a-touch-of-sin,Crime
a-touch-of-sin,Drama
a-travelers-needs,Drama
a-useful-ghost,Comedy
a-useful-ghost,Drama
a-useful-ghost,Fantasy
a-useful-ghost,Horror
a-useful-ghost,Thriller
a-very-long-engagement,Drama
a-very-long-engagement,Mystery
a-very-long-engagement,Romance
a-very-long-engagement,War
a-view-to-a-kill,Action
a-view-to-a-kill,Adventure
a-view-to-a-kill,Thriller
a-walk-to-remember,Drama
a-walk-to-remember,Romance
a-war,Crime
a-war,Drama
a-war,Thriller
a-war,War
a-white-white-day,Drama
a-white-white-day,Mystery
a-white-white-day,Thriller
a-woman-under-the-influence,Drama
a-woman-under-the-influence,Romance
a-womans-life,Drama
a-wounded-fawn,Horror
abacus-small-enough-to-jail,Documentary
abduction,Action
abduction,Drama
abduction,Mystery
abduction,Thriller
aberdeen,Drama
about-dry-grasses,Drama
about-elly-2009,Drama
about-elly-2009,Mystery
about-endlessness,Comedy
about-endlessness,Drama
about-endlessness,Fantasy
about-schmidt,Drama
abuse-of-weakness,Drama
accepted,Comedy
ace-ventura-pet-detective,Comedy
ace-ventura-when-nature-calls,Adventure
ace-ventura-when-nature-calls,Comedy
ace-ventura-when-nature-calls,Crime
across-the-universe,Drama
across-the-universe,Fantasy
across-the-universe,History
across-the-universe,Music
across-the-universe,Musical
across-the-universe,Romance
ad-astra,Adventure
ad-astra,Drama
ad-astra,Mystery
ad-astra,Sci-Fi
ad-astra,Thriller
adams-rib,Comedy
adams-rib,Romance
adaptation,Comedy
adaptation,Drama
adventureland,Comedy
adventureland,Drama
adventureland,Romance
aferim!,Adventure
aferim!,Comedy
aferim!,Drama
aferim!,History
aferim!,Western
affliction,Drama
affliction,Mystery
affliction,Thriller
afghan-star,Documentary
afghan-star,Music
afire,Comedy
afire,Drama
afire,Romance
after-dark-my-sweet,Crime
after-dark-my-sweet,Drama
after-dark-my-sweet,Mystery
after-dark-my-sweet,Thriller
after-hours,Comedy
after-hours,Crime
after-hours,Drama
after-hours,Thriller
after-life,Drama
after-life,Fantasy
after-love-2020,Drama
after-the-storm-2016,Comedy
after-the-storm-2016,Drama
after-the-wedding,Drama
after-tiller,Biography
after-tiller,Documentary
after-tiller,Drama
after-tiller,News
after-yang,Drama
after-yang,Sci-Fi
afterimage,Biography
afterimage,Drama
afterimage,History
afternoons-of-solitude,Documentary
afternoons-of-solitude,Drama
afternoons-of-solitude,Sport
aftershock-2022,Documentary
aftersun,Drama
agent-cody-banks,Action
agent-cody-banks,Adventure
agent-cody-banks,Comedy
agent-cody-banks,Crime
agent-cody-banks,Family
agent-cody-banks,Romance
agent-cody-banks,Thriller
agora,Adventure
agora,Biography
agora,Drama
agora,History
agora,Romance
ahead-of-time,Biography
ahead-of-time,Documentary
aheds-knee,Drama
aheds-knee,Music
ai-artificial-intelligence,Adventure
ai-artificial-intelligence,Drama
ai-artificial-intelligence,Sci-Fi
ai-weiwei-never-sorry,Documentary
aint-them-bodies-saints,Crime
aint-them-bodies-saints,Drama
aint-them-bodies-saints,Romance
aint-them-bodies-saints,Western
air-2023,Drama
air-2023,Sport
airplane!,Comedy
aisha,Drama
ajami,Crime
ajami,Drama
aladdin,Adventure
aladdin,Animation
aladdin,Comedy
aladdin,Family
aladdin,Fantasy
aladdin,Musical
aladdin,Romance
albert-brooks-defending-my-life,Biography
albert-brooks-defending-my-life,Documentary
albert-nobbs,Drama
albert-nobbs,Romance
alcarras,Drama
alexander,Action
alexander,Biography
alexander,Drama
alexander,History
alexander,War
ali,Biography
ali,Drama
ali,Sport
ali-ava,Drama
ali-ava,Romance
alice-2019,Comedy
alice-2019,Drama
alice-2019,Romance
alice-doesnt-live-here-anymore,Drama
alice-doesnt-live-here-anymore,Romance
alice-in-the-cities,Drama
alice-in-wonderland,Adventure
alice-in-wonderland,Family
alice-in-wonderland,Fantasy
alice-in-wonderland,Mystery
alice-in-wonderland-1951,Adventure
alice-in-wonderland-1951,Animation
alice-in-wonderland-1951,Comedy
alice-in-wonderland-1951,Family
alice-in-wonderland-1951,Fantasy
alice-in-wonderland-1951,Musical
alien-1979,Horror
alien-1979,Sci-Fi
alien-3,Action
alien-3,Horror
alien-3,Sci-Fi
alien-resurrection,Action
alien-resurrection,Horror
alien-resurrection,Sci-Fi
aliens,Action
aliens,Adventure
aliens,Horror
aliens,Sci-Fi
aliens,Thriller
all-about-eve,Drama
all-about-my-mother,Comedy
all-about-my-mother,Drama
all-about-my-mother,Romance
all-about-steve,Comedy
all-about-steve,Romance
all-dirt-roads-taste-of-salt,Drama
all-good-things,Crime
all-good-things,Drama
all-good-things,Mystery
all-good-things,Romance
all-good-things,Thriller
all-in-the-fight-for-democracy,Documentary
all-is-lost,Action
all-is-lost,Adventure
all-is-lost,Drama
all-is-well,Drama
all-my-friends-hate-me,Comedy
all-my-friends-hate-me,Horror
all-of-us-strangers,Drama
all-of-us-strangers,Romance
all-quiet-on-the-western-front,Drama
all-quiet-on-the-western-front,War
all-quiet-on-the-western-front-2022,Drama
all-quiet-on-the-western-front-2022,History
all-quiet-on-the-western-front-2022,War
all-shall-be-well,Drama
all-that-breathes,Documentary
all-that-heaven-allows,Drama
all-that-heaven-allows,Romance
all-thats-left-of-you,Drama
all-thats-left-of-you,Romance
all-the-beauty-and-the-bloodshed,Biography
all-the-beauty-and-the-bloodshed,Documentary
all-the-beauty-and-the-bloodshed,History
all-the-money-in-the-world,Biography
all-the-money-in-the-world,Crime
all-the-money-in-the-world,Drama
all-the-money-in-the-world,History
all-the-money-in-the-world,Mystery
all-the-money-in-the-world,Thriller
all-the-presidents-men,Drama
all-the-presidents-men,History
all-the-presidents-men,Thriller
all-these-sleepless-nights,Documentary
all-these-sleepless-nights,Drama
all-these-sleepless-nights,Music
all-things-must-pass,Documentary
all-things-must-pass,History
all-things-must-pass,Music
all-we-imagine-as-light,Drama
all-we-imagine-as-light,Romance
alleluia,Crime
alleluia,Horror
alleluia,Romance
alleluia,Thriller
almost-famous,Adventure
almost-famous,Comedy
almost-famous,Drama
almost-famous,Music
alone-in-the-dark,Action
alone-in-the-dark,Horror
alone-in-the-dark,Sci-Fi
along-came-a-spider,Crime
along-came-a-spider,Drama
along-came-a-spider,Mystery
along-came-a-spider,Thriller
alpha-and-omega,Adventure
alpha-and-omega,Animation
alpha-and-omega,Comedy
alpha-and-omega,Family
alpha-and-omega,Romance
alpha-dog,Biography
alpha-dog,Crime
alpha-dog,Drama
alpha-dog,Thriller
alphaville,Comedy
alphaville,Drama
alphaville,Mystery
alphaville,Sci-Fi
alphaville,Thriller
alvin-and-the-chipmunks,Adventure
alvin-and-the-chipmunks,Animation
alvin-and-the-chipmunks,Comedy
alvin-and-the-chipmunks,Family
alvin-and-the-chipmunks,Fantasy
alvin-and-the-chipmunks,Music
alvin-and-the-chipmunks,Musical
alvin-and-the-chipmunks-chipwrecked,Adventure
alvin-and-the-chipmunks-chipwrecked,Animation
alvin-and-the-chipmunks-chipwrecked,Comedy
alvin-and-the-chipmunks-chipwrecked,Family
alvin-and-the-chipmunks-chipwrecked,Fantasy
alvin-and-the-chipmunks-chipwrecked,Music
alvin-and-the-chipmunks-chipwrecked,Musical
alvin-and-the-chipmunks-the-squeakquel,Adventure
alvin-and-the-chipmunks-the-squeakquel,Animation
alvin-and-the-chipmunks-the-squeakquel,Comedy
alvin-and-the-chipmunks-the-squeakquel,Family
alvin-and-the-chipmunks-the-squeakquel,Fantasy
alvin-and-the-chipmunks-the-squeakquel,Music
alvin-and-the-chipmunks-the-squeakquel,Musical
always-shine,Drama
always-shine,Horror
always-shine,Mystery
always-shine,Thriller
amadeus,Biography
amadeus,Drama
amadeus,Music
amanda-2022,Comedy
amanda-2022,Drama
amanda-knox,Crime
amanda-knox,Documentary
amazing-grace-1972,Documentary
amazing-grace-1972,Music
amelie,Comedy
amelie,Romance
amer,Drama
amer,Horror
amer,Mystery
amer,Thriller
american-beauty,Drama
american-doctor,Documentary
american-doctor,News
american-doctor,War
american-factory,Documentary
american-fiction,Comedy
american-fiction,Drama
american-gangster,Biography
american-gangster,Crime
american-gangster,Drama
american-graffiti,Comedy
american-graffiti,Drama
american-history-x,Crime
american-history-x,Drama
american-honey,Adventure
american-honey,Drama
american-honey,Romance
american-hustle,Crime
american-hustle,Drama
american-movie,Comedy
american-movie,Documentary
american-pain,Documentary
american-pain,History
american-pain,Sport
american-pie,Comedy
american-pie-2,Comedy
american-psycho,Crime
american-psycho,Drama
american-psycho,Horror
american-sniper,Action
american-sniper,Biography
american-sniper,Drama
american-sniper,War
american-splendor,Biography
american-splendor,Comedy
american-splendor,Drama
american-symphony,Biography
american-symphony,Documentary
american-symphony,Music
american-wedding,Comedy
amistad,Biography
amistad,Drama
amistad,History
ammonite,Drama
ammonite,History
ammonite,Romance
amores-perros,Drama
amores-perros,Thriller
amour,Drama
amy-2015,Biography
amy-2015,Documentary
amy-2015,Music
an-american-in-paris,Drama
an-american-in-paris,Musical
an-american-in-paris,Romance
an-angel-at-my-table,Biography
an-angel-at-my-table,Drama
an-autumn-afternoon,Drama
an-easy-girl,Comedy
an-easy-girl,Drama
an-education,Drama
an-elephant-sitting-still,Crime
an-elephant-sitting-still,Drama
an-honest-liar,Biography
an-honest-liar,Comedy
an-honest-liar,Documentary
an-honest-liar,History
an-inconvenient-truth,Documentary
an-officer-and-a-gentleman,Drama
an-officer-and-a-gentleman,Romance
an-unfinished-film,Drama
an-unmarried-woman,Comedy
an-unmarried-woman,Drama
an-unmarried-woman,Romance
anaconda,Action
anaconda,Adventure
anaconda,Horror
anaconda,Thriller
anacondas-the-hunt-for-the-blood-orchid,Action
anacondas-the-hunt-for-the-blood-orchid,Adventure
anacondas-the-hunt-for-the-blood-orchid,Horror
anacondas-the-hunt-for-the-blood-orchid,Thriller
anais-in-love,Comedy
anais-in-love,Drama
anais-in-love,Romance
analyze-this,Comedy
analyze-this,Crime
anatomy-of-a-fall,Crime
anatomy-of-a-fall,Drama
anatomy-of-a-fall,Mystery
anatomy-of-a-fall,Thriller
anatomy-of-a-murder,Drama
anatomy-of-a-murder,Mystery
and-everything-is-going-fine,Documentary
andre-is-an-idiot,Biography
andre-is-an-idiot,Comedy
andre-is-an-idiot,Documentary
andy-warhol-a-documentary-film,Biography
andy-warhol-a-documentary-film,Documentary
angels-demons,Mystery
angels-demons,Thriller
angels-wear-white,Drama
anger-management,Comedy
animal-crackers-1930,Comedy
animal-crackers-1930,Family
animal-crackers-1930,Musical
animal-house,Comedy
animal-kingdom,Crime
animal-kingdom,Drama
animal-kingdom,Thriller
anne-at-13000-ft,Drama
annie-hall-1977,Comedy
annie-hall-1977,Romance
annihilation,Adventure
annihilation,Drama
annihilation,Horror
annihilation,Mystery
annihilation,Sci-Fi
annihilation,Thriller
anomalisa,Animation
anomalisa,Comedy
anomalisa,Drama
anomalisa,Romance
anonymous-2011,Drama
anonymous-2011,Thriller
anora,Comedy
anora,Drama
anora,Romance
another-earth,Drama
another-earth,Romance
another-earth,Sci-Fi
another-round,Comedy
another-round,Drama
another-year,Comedy
another-year,Drama
anselm,Documentary
anthropocene-the-human-epoch,Documentary
antichrist,Drama
antichrist,Horror
antichrist,Thriller
antz,Adventure
antz,Animation
antz,Comedy
antz,Family
anvil!-the-story-of-anvil,Biography
anvil!-the-story-of-anvil,Documentary
anvil!-the-story-of-anvil,Drama
anvil!-the-story-of-anvil,Music
aon-flux,Action
aon-flux,Adventure
aon-flux,Sci-Fi
aon-flux,Thriller
apocalypse-in-the-tropics,Documentary
apocalypse-in-the-tropics,History
apocalypse-now,Drama
apocalypse-now,Mystery
apocalypse-now,War
apocalypse-now-final-cut,Drama
apocalypse-now-final-cut,Mystery
apocalypse-now-final-cut,War
apocalypto,Action
apocalypto,Adventure
apocalypto,Drama
apocalypto,Thriller
apollo-10-12-a-space-age-childhood,Adventure
apollo-10-12-a-space-age-childhood,Animation
apollo-10-12-a-space-age-childhood,Drama
apollo-10-12-a-space-age-childhood,History
apollo-11,Documentary
apollo-11,History
apollo-13,Adventure
apollo-13,Drama
apollo-13,History
apollo-18,Horror
apollo-18,Mystery
apollo-18,Sci-Fi
apollo-18,Thriller
apolonia-apolonia,Biography
apolonia-apolonia,Documentary
appaloosa,Crime
appaloosa,Drama
appaloosa,Romance
appaloosa,Western
apples,Comedy
apples,Drama
apples,Sci-Fi
apprentice,Drama
appropriate-behavior,Comedy
appropriate-behavior,Drama
appropriate-behavior,Romance
april,Drama
april-and-the-extraordinary-world,Adventure
april-and-the-extraordinary-world,Animation
april-and-the-extraordinary-world,Comedy
april-and-the-extraordinary-world,Drama
april-and-the-extraordinary-world,Family
april-and-the-extraordinary-world,Fantasy
april-and-the-extraordinary-world,Mystery
april-and-the-extraordinary-world,Sci-Fi
aquarela,Documentary
aquarius,Drama
arabian-nights-volume-1-the-restless-one,Drama
arabian-nights-volume-2-the-desolate-one,Drama
arabian-nights-volume-2-the-desolate-one,Romance
arabian-nights-volume-3-the-enchanted-one,Drama
araby,Drama
arbitrage,Drama
arbitrage,Thriller
archipelago,Drama
architecton,Documentary
arco,Adventure
arco,Animation
arco,Fantasy
arco,Sci-Fi
arctic,Adventure
arctic,Drama
are-we-there-yet,Adventure
are-we-there-yet,Comedy
are-we-there-yet,Family
are-we-there-yet,Fantasy
are-we-there-yet,Romance
are-you-there-god-its-me-margaret,Comedy
are-you-there-god-its-me-margaret,Drama
are-you-there-god-its-me-margaret,Family
argentina-1985,Biography
argentina-1985,Crime
argentina-1985,Drama
argentina-1985,History
argo,Biography
argo,Drama
argo,History
argo,Thriller
arlington-road,Action
arlington-road,Crime
arlington-road,Drama
arlington-road,Mystery
arlington-road,Thriller
armadillo,Documentary
armadillo,War
armageddon-time,Drama
army-of-darkness,Comedy
army-of-darkness,Horror
army-of-shadows,Drama
army-of-shadows,War
around-the-world-in-80-days,Action
around-the-world-in-80-days,Adventure
around-the-world-in-80-days,Comedy
around-the-world-in-80-days,Family
around-the-world-in-80-days,Western
arrebato-1979,Drama
arrebato-1979,Fantasy
arrebato-1979,Horror
arrebato-1979,Mystery
arrival,Drama
arrival,Mystery
arrival,Sci-Fi
arthur,Comedy
arthur,Romance
arthur-and-the-invisibles,Adventure
arthur-and-the-invisibles,Animation
arthur-and-the-invisibles,Comedy
arthur-and-the-invisibles,Family
arthur-and-the-invisibles,Fantasy
arthur-christmas,Adventure
arthur-christmas,Animation
arthur-christmas,Comedy
arthur-christmas,Drama
arthur-christmas,Family
arthur-christmas,Fantasy
as-good-as-it-gets,Comedy
as-good-as-it-gets,Drama
as-good-as-it-gets,Romance
as-i-open-my-eyes,Drama
as-i-open-my-eyes,Music
ascension,Documentary
ash-is-purest-white,Crime
ash-is-purest-white,Drama
ash-is-purest-white,Romance
asia,Drama
assassins,Biography
assassins,Documentary
assault-on-precinct-13-1976,Action
assault-on-precinct-13-1976,Crime
assault-on-precinct-13-1976,Thriller
asteroid-city,Comedy
asteroid-city,Drama
asteroid-city,Romance
asteroid-city,Sci-Fi
at-berkeley,Documentary
at-eternitys-gate,Biography
at-eternitys-gate,Drama
at-eternitys-gate,History
atanarjuat-the-fast-runner,Drama
athena,Action
athena,Drama
athena,Thriller
athlete-a,Crime
athlete-a,Documentary
athlete-a,Sport
atlantic-city,Crime
atlantic-city,Drama
atlantic-city,Romance
atlantics,Drama
atlantics,Fantasy
atlantics,Mystery
atlantics,Romance
atlantis,Drama
atlantis,War
atlantis-the-lost-empire,Action
atlantis-the-lost-empire,Adventure
atlantis-the-lost-empire,Animation
atlantis-the-lost-empire,Family
atlantis-the-lost-empire,Fantasy
atlantis-the-lost-empire,Sci-Fi
atlas-shrugged-part-i,Drama
atlas-shrugged-part-i,Mystery
atlas-shrugged-part-i,Sci-Fi
atonement,Drama
atonement,Mystery
atonement,Romance
atonement,War
attack-the-block,Action
attack-the-block,Adventure
attack-the-block,Comedy
attack-the-block,Sci-Fi
attack-the-block,Thriller
attenberg,Comedy
attenberg,Drama
attenberg,Romance
attica,Documentary
attica,History
au-hasard-balthazar,Drama
au-revoir-les-enfants,Drama
au-revoir-les-enfants,War
audition,Drama
audition,Horror
audition,Mystery
audrie-daisy,Crime
audrie-daisy,Documentary
august-rush,Drama
august-rush,Music
augustine,Biography
augustine,Drama
augustine,History
autumn-tale,Comedy
autumn-tale,Drama
autumn-tale,Romance
ava-2017,Drama
avatar,Action
avatar,Adventure
avatar,Fantasy
avatar,Sci-Fi
avengers-endgame,Action
avengers-endgame,Adventure
avengers-endgame,Sci-Fi
avpr-aliens-vs-predator---requiem,Action
avpr-aliens-vs-predator---requiem,Horror
avpr-aliens-vs-predator---requiem,Sci-Fi
avpr-aliens-vs-predator---requiem,Thriller
awakenings,Biography
awakenings,Drama
away,Adventure
away,Animation
away,Family
away,Fantasy
away,Mystery
away-from-her,Drama
away-we-go,Comedy
away-we-go,Drama
away-we-go,Romance
azor,Drama
azor,Thriller
babe,Comedy
babe,Drama
babe,Family
babel,Drama
babes,Comedy
babettes-feast,Drama
baby-doll,Comedy
baby-doll,Drama
baby-driver,Action
baby-driver,Crime
baby-driver,Drama
baby-driver,Music
baby-driver,Romance
baby-driver,Thriller
baby-geniuses,Comedy
baby-geniuses,Crime
baby-geniuses,Family
baby-geniuses,Sci-Fi
babygirl-2024,Drama
babygirl-2024,Romance
babygirl-2024,Thriller
babylon,Drama
babylon-ad,Action
babylon-ad,Adventure
babylon-ad,Sci-Fi
babylon-ad,Thriller
babyteeth,Comedy
babyteeth,Drama
babyteeth,Romance
back-to-the-future,Adventure
back-to-the-future,Comedy
back-to-the-future,Sci-Fi
back-to-the-future-part-ii,Adventure
back-to-the-future-part-ii,Comedy
back-to-the-future-part-ii,Sci-Fi
back-to-the-future-part-iii,Adventure
back-to-the-future-part-iii,Comedy
back-to-the-future-part-iii,Sci-Fi
back-to-the-future-part-iii,Western
backdraft,Action
backdraft,Drama
backdraft,Mystery
backdraft,Thriller
backrooms,Horror
backrooms,Sci-Fi
backrooms,Thriller
backspot,Drama
backspot,Sport
bacurau,Action
bacurau,Adventure
bacurau,Drama
bacurau,Horror
bacurau,Mystery
bacurau,Thriller
bacurau,Western
bad-boys,Action
bad-boys,Comedy
bad-boys,Crime
bad-boys,Thriller
bad-boys-ii,Action
bad-boys-ii,Comedy
bad-boys-ii,Crime
bad-boys-ii,Thriller
bad-education,Crime
bad-education,Drama
bad-education-2019,Biography
bad-education-2019,Comedy
bad-education-2019,Crime
bad-education-2019,Drama
bad-hair,Drama
bad-lieutenant,Crime
bad-lieutenant,Drama
bad-lieutenant,Thriller
bad-luck-banging-or-loony-porn,Comedy
bad-luck-banging-or-loony-porn,Drama
bad-teacher,Comedy
bad-teacher,Romance
badlands,Action
badlands,Crime
badlands,Drama
bait-2019,Drama
ball-of-fire,Comedy
ball-of-fire,Romance
ballast,Drama
ballet-422,Documentary
ballet-422,Music
ballet-422,Sport
ballets-russes,Documentary
ballets-russes,History
ballets-russes,Music
ballistic-ecks-vs-sever,Action
ballistic-ecks-vs-sever,Crime
ballistic-ecks-vs-sever,Mystery
ballistic-ecks-vs-sever,Sci-Fi
ballistic-ecks-vs-sever,Thriller
bamako,Drama
bambi,Adventure
bambi,Animation
bambi,Drama
bambi,Family
band-of-outsiders-re-release,Comedy
band-of-outsiders-re-release,Crime
band-of-outsiders-re-release,Drama
bandits,Action
bandits,Comedy
bandits,Crime
bandits,Drama
bandits,Romance
banel-adama,Drama
bangkok-dangerous,Action
bangkok-dangerous,Crime
bangkok-dangerous,Thriller
baran,Drama
baran,Romance
barbara,Drama
barbarian,Horror
barbarian,Mystery
barbarian,Thriller
barbie,Adventure
barbie,Comedy
barbie,Fantasy
barnyard,Adventure
barnyard,Animation
barnyard,Comedy
barnyard,Drama
barnyard,Family
barracuda,Drama
barracuda,Music
barracuda,Thriller
barry,Biography
barry,Drama
barry-lyndon,Adventure
barry-lyndon,Drama
barry-lyndon,War
barton-fink,Comedy
barton-fink,Drama
barton-fink,Thriller
basic-instinct,Drama
basic-instinct,Mystery
basic-instinct,Romance
basic-instinct,Thriller
basic-instinct-2,Drama
basic-instinct-2,Mystery
basic-instinct-2,Thriller
bathtubs-over-broadway,Comedy
bathtubs-over-broadway,Documentary
bathtubs-over-broadway,Music
batman,Crime
batman-forever,Action
batman-forever,Adventure
batman-mask-of-the-phantasm,Action
batman-mask-of-the-phantasm,Adventure
batman-mask-of-the-phantasm,Animation
batman-mask-of-the-phantasm,Crime
batman-mask-of-the-phantasm,Family
batman-mask-of-the-phantasm,Mystery
batman-mask-of-the-phantasm,Sci-Fi
batman-returns,Action
batman-returns,Crime
batman-returns,Fantasy
batman-robin,Action
batman-robin,Sci-Fi
battle-los-angeles,Action
battle-los-angeles,Adventure
battle-los-angeles,Sci-Fi
battle-of-the-sexes,Biography
battle-of-the-sexes,Comedy
battle-of-the-sexes,Drama
battle-of-the-sexes,History
battle-of-the-sexes,Sport
battle-royale-2000,Action
battle-royale-2000,Drama
battle-royale-2000,Thriller
battleship-potemkin,Drama
battleship-potemkin,History
battleship-potemkin,Thriller
battleship-potemkin,War
be-kind-rewind,Comedy
be-natural-the-untold-story-of-alice-guy-blache,Biography
be-natural-the-untold-story-of-alice-guy-blache,Documentary
be-natural-the-untold-story-of-alice-guy-blache,History
beach-rats,Drama
bean,Adventure
bean,Comedy
bean,Family
beanpole,Drama
beanpole,War
beans,Drama
beast,Crime
beast,Drama
beast,Mystery
beast,Romance
beast,Thriller
beastie-boys-story,Biography
beastie-boys-story,Documentary
beastie-boys-story,Music
beastly,Drama
beastly,Fantasy
beastly,Romance
beasts-of-no-nation,Drama
beasts-of-no-nation,War
beasts-of-the-southern-wild,Adventure
beasts-of-the-southern-wild,Drama
beasts-of-the-southern-wild,Fantasy
beatles-64,Documentary
beatles-64,Music
beats-2019,Comedy
beats-2019,Crime
beats-2019,Drama
beats-2019,Music
beats-rhymes-life-the-travels-of-a-tribe-called-quest,Documentary
beats-rhymes-life-the-travels-of-a-tribe-called-quest,Music
beau-travail,Drama
beau-travail,War
beauty-and-the-beast-1991,Animation
beauty-and-the-beast-1991,Family
beauty-and-the-beast-1991,Fantasy
beauty-and-the-beast-1991,Musical
beauty-and-the-beast-1991,Romance
beauty-and-the-beast-re-release,Drama
beauty-and-the-beast-re-release,Fantasy
beauty-and-the-beast-re-release,Romance
beavis-and-butt-head-do-america,Adventure
beavis-and-butt-head-do-america,Animation
beavis-and-butt-head-do-america,Comedy
beavis-and-butt-head-do-america,Crime
beavis-and-butt-head-do-america,Music
becoming-astrid,Biography
becoming-astrid,Drama
becoming-astrid,History
becoming-cousteau,Adventure
becoming-cousteau,Biography
becoming-cousteau,Documentary
bedazzled,Comedy
bedazzled,Fantasy
bedazzled-1967,Comedy
bedazzled-1967,Fantasy
bedazzled-1967,Romance
bedtime-stories,Adventure
bedtime-stories,Comedy
bedtime-stories,Family
bedtime-stories,Fantasy
bedtime-stories,Romance
bedtime-stories,Sci-Fi
bee-movie,Adventure
bee-movie,Animation
bee-movie,Comedy
bee-movie,Drama
bee-movie,Family
bee-movie,Romance
beetlejuice,Comedy
beetlejuice,Fantasy
before-midnight,Drama
before-midnight,Romance
before-night-falls,Biography
before-night-falls,Drama
before-night-falls,Romance
before-sunrise,Comedy
before-sunrise,Drama
before-sunrise,Romance
before-sunset,Drama
before-sunset,Romance
before-the-devil-knows-youre-dead,Crime
before-the-devil-knows-youre-dead,Drama
before-the-devil-knows-youre-dead,Thriller
beginners,Comedy
beginners,Drama
beginners,Romance
beginning,Drama
behemoth,Documentary
behind-enemy-lines,Action
behind-enemy-lines,Drama
behind-enemy-lines,Thriller
behind-enemy-lines,War
being-17,Drama
being-17,Romance
being-elmo-a-puppeteers-journey,Biography
being-elmo-a-puppeteers-journey,Documentary
being-evel,Action
being-evel,Biography
being-evel,Documentary
being-evel,History
being-evel,Sport
being-john-malkovich,Comedy
being-john-malkovich,Drama
being-john-malkovich,Fantasy
being-there,Comedy
being-there,Drama
belfast,Biography
belfast,Drama
belle-2021,Adventure
belle-2021,Animation
belle-2021,Drama
belle-2021,Family
belle-2021,Fantasy
belle-2021,Music
belle-2021,Musical
belle-2021,Sci-Fi
bellflower,Action
bellflower,Drama
bellflower,Romance
belushi,Biography
belushi,Documentary
ben-hur-1959,Adventure
ben-hur-1959,Drama
bending-the-arc,Documentary
beneath-the-planet-of-the-apes,Action
beneath-the-planet-of-the-apes,Adventure
beneath-the-planet-of-the-apes,Sci-Fi
benedetta,Biography
benedetta,Drama
benedetta,Romance
benediction,Biography
benediction,Drama
benediction,History
benediction,War
beowulf,Action
beowulf,Adventure
beowulf,Animation
beowulf,Fantasy
berberian-sound-studio,Drama
berberian-sound-studio,Horror
berberian-sound-studio,Thriller
bergman-island,Comedy
bergman-island,Drama
bergman-island,Romance
bernie,Biography
bernie,Comedy
bernie,Crime
bernie,Drama
best-in-show,Comedy
best-of-enemies,Biography
best-of-enemies,Documentary
best-of-enemies,History
better-man,Biography
better-man,Fantasy
better-man,Music
better-man,Musical
betting-on-zero,Documentary
between-the-temples,Comedy
between-the-temples,Drama
beverly-hills-cop,Action
beverly-hills-cop,Comedy
beverly-hills-cop,Crime
beverly-hills-cop,Thriller
beverly-hills-cop-ii,Action
beverly-hills-cop-ii,Comedy
beverly-hills-cop-ii,Crime
beverly-hills-cop-ii,Thriller
beware-of-mr-baker,Biography
beware-of-mr-baker,Documentary
beware-of-mr-baker,Music
bewitched,Comedy
bewitched,Fantasy
bewitched,Romance
beyond-the-hills,Drama
beyond-the-lights,Drama
beyond-the-lights,Music
beyond-the-lights,Romance
beyond-utopia,Biography
beyond-utopia,Documentary
beyond-utopia,History
beyond-utopia,News
bicentennial-man,Drama
bicentennial-man,Romance
bicentennial-man,Sci-Fi
big-daddy,Comedy
big-daddy,Drama
big-fat-liar,Adventure
big-fat-liar,Comedy
big-fat-liar,Family
big-fish,Adventure
big-fish,Drama
big-fish,Fantasy
big-fish,Romance
big-fish-begonia,Adventure
big-fish-begonia,Animation
big-fish-begonia,Drama
big-fish-begonia,Family
big-fish-begonia,Fantasy
big-fish-begonia,Romance
big-hero-6,Action
big-hero-6,Adventure
big-hero-6,Animation
big-hero-6,Comedy
big-hero-6,Crime
big-hero-6,Drama
big-hero-6,Family
big-hero-6,Sci-Fi
big-men,Documentary
big-mommas-house,Action
big-mommas-house,Comedy
big-mommas-house,Crime
big-mommas-house-2,Comedy
big-mommas-house-2,Crime
big-mommas-like-father-like-son,Action
big-mommas-like-father-like-son,Comedy
big-mommas-like-father-like-son,Crime
big-mommas-like-father-like-son,Family
big-night,Drama
big-night,Romance
big-trouble-in-little-china,Action
big-trouble-in-little-china,Adventure
big-trouble-in-little-china,Comedy
big-trouble-in-little-china,Fantasy
bigger-stronger-faster,Documentary
bigger-stronger-faster,Sport
bill-cunningham-new-york,Biography
bill-cunningham-new-york,Documentary
bill-cunningham-new-york,History
bill-nye-science-guy,Documentary
bill-teds-bogus-journey,Adventure
bill-teds-bogus-journey,Comedy
bill-teds-bogus-journey,Fantasy
bill-teds-bogus-journey,Music
bill-teds-bogus-journey,Sci-Fi
bill-teds-excellent-adventure,Adventure
bill-teds-excellent-adventure,Comedy
bill-teds-excellent-adventure,Music
bill-teds-excellent-adventure,Romance
bill-teds-excellent-adventure,Sci-Fi
bill-traylor-chasing-ghosts,Documentary
billie,Biography
billie,Documentary
billie,History
billie,Music
billie-eilish---hit-me-hard-and-soft-the-tour-live-in-3d,Documentary
billie-eilish---hit-me-hard-and-soft-the-tour-live-in-3d,Music
billy-elliot,Drama
billy-elliot,Music
billy-madison,Comedy
bio-dome,Comedy
bird,Biography
bird,Drama
bird,Music
bird-2024,Drama
bird-people,Drama
bird-people,Fantasy
bird-people,Romance
birdboy-the-forgotten-children,Animation
birdboy-the-forgotten-children,Drama
birdboy-the-forgotten-children,Horror
birdboy-the-forgotten-children,Sci-Fi
birdman-or-the-unexpected-virtue-of-ignorance,Comedy
birdman-or-the-unexpected-virtue-of-ignorance,Drama
birds-of-passage,Crime
birds-of-passage,Drama
birth,Drama
birth,Fantasy
birth,Mystery
birth,Thriller
birthrebirth,Drama
birthrebirth,Horror
birthrebirth,Thriller
bisbee-17,Documentary
bisbee-17,History
bitterbrush,Documentary
biutiful,Drama
biutiful,Romance
black-bag,Drama
black-bag,Mystery
black-bag,Romance
black-bag,Thriller
black-bear,Drama
black-box-diaries,Crime
black-box-diaries,Documentary
black-death,Action
black-death,Drama
black-death,History
black-death,Horror
black-death,Mystery
black-hawk-down,Action
black-hawk-down,Drama
black-hawk-down,History
black-hawk-down,War
black-is-king,Adventure
black-is-king,Drama
black-is-king,Fantasy
black-is-king,Music
black-mother,Documentary
black-narcissus,Drama
black-narcissus,Thriller
black-orpheus,Drama
black-orpheus,Musical
black-orpheus,Romance
black-panther,Action
black-panther,Adventure
black-panther,Sci-Fi
black-sabbath,Horror
black-snake-moan,Drama
black-snake-moan,Music
black-souls,Crime
black-souls,Drama
black-swan,Drama
black-swan,Thriller
blackberry,Biography
blackberry,Comedy
blackberry,Drama
blackberry,History
blackfish,Documentary
blackfish,Drama
blackfish,Thriller
blackkklansman,Biography
blackkklansman,Comedy
blackkklansman,Crime
blackkklansman,Drama
blackkklansman,Thriller
blade,Action
blade,Horror
blade,Sci-Fi
blade-ii,Action
blade-ii,Horror
blade-ii,Sci-Fi
blade-ii,Thriller
blade-of-the-immortal,Action
blade-of-the-immortal,Drama
blade-of-the-immortal,History
blade-runner,Action
blade-runner,Drama
blade-runner,Sci-Fi
blade-runner,Thriller
blade-runner-2049,Action
blade-runner-2049,Drama
blade-runner-2049,Mystery
blade-runner-2049,Sci-Fi
blade-runner-2049,Thriller
blade-trinity,Action
blade-trinity,Horror
blade-trinity,Sci-Fi
blades-of-glory,Comedy
blades-of-glory,Sport
blancanieves,Drama
blancanieves,Fantasy
blast-from-the-past,Comedy
blast-from-the-past,Drama
blast-from-the-past,Romance
blast-from-the-past,Sci-Fi
blaze-2018,Biography
blaze-2018,Drama
blaze-2018,Music
blind,Drama
blinded-by-the-light,Comedy
blinded-by-the-light,Drama
blinded-by-the-light,Music
blindness,Drama
blindness,Mystery
blindness,Thriller
blindspotting,Comedy
blindspotting,Crime
blindspotting,Drama
blissfully-yours,Drama
blissfully-yours,Romance
blitz-2024,Action
blitz-2024,Drama
blitz-2024,History
blitz-2024,War
blknws-terms-conditions,Documentary
blknws-terms-conditions,Fantasy
blknws-terms-conditions,Sci-Fi
blood-brother,Documentary
blood-simple,Crime
blood-simple,Drama
blood-simple,Thriller
bloodrayne,Action
bloodrayne,Fantasy
bloodrayne,Horror
bloody-nose-empty-pockets,Documentary
bloody-nose-empty-pockets,Drama
bloody-sunday,Drama
bloody-sunday,History
bloody-sunday,War
blow,Biography
blow,Crime
blow,Drama
blow-out,Crime
blow-out,Drama
blow-out,Mystery
blow-out,Thriller
blow-the-man-down,Comedy
blow-the-man-down,Crime
blow-the-man-down,Drama
blow-the-man-down,Mystery
blow-the-man-down,Thriller
blow-up,Drama
blow-up,Mystery
blow-up,Thriller
blue-caprice,Biography
blue-caprice,Crime
blue-caprice,Drama
blue-collar,Crime
blue-collar,Drama
blue-film,Drama
blue-film,Thriller
blue-heron,Drama
blue-is-the-warmest-color,Drama
blue-is-the-warmest-color,Romance
blue-jasmine,Comedy
blue-jasmine,Drama
blue-jasmine,Romance
blue-jean,Drama
blue-jean,History
blue-moon-2025,Biography
blue-moon-2025,Comedy
blue-moon-2025,Drama
blue-moon-2025,History
blue-moon-2025,Music
blue-moon-2025,Romance
blue-ruin,Crime
blue-ruin,Drama
blue-ruin,Thriller
blue-streak,Action
blue-streak,Comedy
blue-streak,Crime
blue-streak,Thriller
blue-sun-palace,Drama
blue-sun-palace,Romance
blue-valentine,Drama
blue-valentine,Romance
blue-velvet,Crime
blue-velvet,Drama
blue-velvet,Mystery
blue-velvet,Thriller
bob-dylan-dont-look-back,Documentary
bob-dylan-dont-look-back,Music
bob-trevino-likes-it,Comedy
bob-trevino-likes-it,Drama
bobby-fischer-against-the-world,Biography
bobby-fischer-against-the-world,Documentary
bobby-fischer-against-the-world,History
bobby-fischer-against-the-world,Sport
bobby-sands-66-days,Biography
bobby-sands-66-days,Documentary
bobby-sands-66-days,History
bobi-wine-the-peoples-president,Documentary
bodied,Comedy
bodied,Drama
bodied,Music
body-heat,Crime
body-heat,Drama
body-heat,Romance
body-heat,Thriller
body-of-lies,Action
body-of-lies,Drama
body-of-lies,Thriller
boiling-point-2021,Drama
boiling-point-2021,Thriller
bolt,Adventure
bolt,Animation
bolt,Comedy
bolt,Crime
bolt,Drama
bolt,Family
bolt,Sci-Fi
bombay-beach,Documentary
bombay-beach,Drama
bombay-beach,Musical
bombshell-1933,Comedy
bombshell-1933,Drama
bombshell-1933,Mystery
bombshell-1933,Romance
bone-tomahawk,Drama
bone-tomahawk,Horror
bone-tomahawk,Western
bones-and-all,Drama
bones-and-all,Horror
bones-and-all,Romance
bonnie-and-clyde,Action
bonnie-and-clyde,Biography
bonnie-and-clyde,Crime
bonnie-and-clyde,Drama
boogie-nights,Drama
book-of-shadows-blair-witch-2,Adventure
book-of-shadows-blair-witch-2,Fantasy
book-of-shadows-blair-witch-2,Horror
book-of-shadows-blair-witch-2,Mystery
book-of-shadows-blair-witch-2,Thriller
booksmart,Comedy
borat-cultural-learnings-of-america-for-make-benefit-glorious-nation-of-kazakhstan,Comedy
border,Crime
border,Drama
border,Fantasy
border,Mystery
border,Romance
border,Sci-Fi
border,Thriller
born-into-brothels-calcuttas-red-light-kids,Biography
born-into-brothels-calcuttas-red-light-kids,Documentary
born-into-brothels-calcuttas-red-light-kids,News
born-on-the-fourth-of-july,Biography
born-on-the-fourth-of-july,Drama
born-on-the-fourth-of-july,War
both-sides-of-the-blade,Drama
both-sides-of-the-blade,Romance
both-sides-of-the-blade,Thriller
bottle-rocket,Comedy
bottle-rocket,Crime
bottle-rocket,Drama
bottoms,Comedy
bowling-for-columbine,Crime
bowling-for-columbine,Documentary
bowling-for-columbine,Drama
boy-and-the-world,Adventure
boy-and-the-world,Animation
boy-and-the-world,Family
boyhood,Comedy
boyhood,Drama
boys-dont-cry,Biography
boys-dont-cry,Crime
boys-dont-cry,Drama
boys-dont-cry,Romance
boys-go-to-jupiter,Animation
boys-go-to-jupiter,Comedy
boys-go-to-jupiter,Drama
boys-state,Documentary
boyz-n-the-hood,Crime
boyz-n-the-hood,Drama
bpm-beats-per-minute,Drama
brads-status,Comedy
brads-status,Drama
brads-status,Music
bram-stokers-dracula,Fantasy
bram-stokers-dracula,Horror
bram-stokers-dracula,Romance
brand-upon-the-brain!,Comedy
brand-upon-the-brain!,Drama
brand-upon-the-brain!,Fantasy
brand-upon-the-brain!,Horror
brand-upon-the-brain!,Romance
brand-upon-the-brain!,Sci-Fi
brawl-in-cell-block-99,Crime
brawl-in-cell-block-99,Drama
brawl-in-cell-block-99,Thriller
brazil,Drama
brazil,Sci-Fi
brazil,Thriller
bread-roses,Documentary
breakdown,Action
breakdown,Crime
breakdown,Drama
breakdown,Mystery
breakdown,Thriller
breakfast-at-tiffanys,Comedy
breakfast-at-tiffanys,Drama
breakfast-at-tiffanys,Romance
breaking-away,Comedy
breaking-away,Drama
breaking-away,Sport
breaking-the-waves,Drama
breath,Adventure
breath,Drama
breath,Romance
breath,Sport
breathe,Drama
breathless-1960,Crime
breathless-1960,Drama
bride-of-chucky,Comedy
bride-of-chucky,Horror
bride-of-chucky,Thriller
bride-wars,Comedy
bride-wars,Romance
bridesmaids,Comedy
bridge-of-spies,Drama
bridge-of-spies,History
bridge-of-spies,Thriller
bridge-of-spies,War
bridge-to-terabithia,Drama
bridge-to-terabithia,Family
bridge-to-terabithia,Fantasy
bridget-jones-mad-about-the-boy,Comedy
bridget-jones-mad-about-the-boy,Drama
bridget-jones-mad-about-the-boy,Romance
bridget-joness-diary,Comedy
bridget-joness-diary,Drama
bridget-joness-diary,Romance
brief-encounter,Drama
brief-encounter,Romance
bright-star,Biography
bright-star,Drama
bright-star,Romance
bring-her-back,Horror
bring-her-back,Mystery
bring-it-on,Comedy
bring-it-on,Romance
bring-it-on,Sport
bring-me-the-head-of-alfredo-garcia,Action
bring-me-the-head-of-alfredo-garcia,Crime
bring-me-the-head-of-alfredo-garcia,Drama
bring-me-the-head-of-alfredo-garcia,Thriller
bring-me-the-head-of-alfredo-garcia,Western
bringing-out-the-dead,Drama
bringing-out-the-dead,Thriller
bringing-up-baby,Comedy
brittany-runs-a-marathon,Comedy
brittany-runs-a-marathon,Drama
broadcast-news,Comedy
broadcast-news,Drama
broadcast-news,Romance
broadway-danny-rose,Comedy
brokeback-mountain,Drama
brokeback-mountain,Romance
broken-arrow,Action
broken-arrow,Adventure
broken-arrow,Thriller
broken-embraces,Drama
broken-embraces,Romance
broken-embraces,Thriller
broken-flowers,Comedy
broken-flowers,Drama
broken-flowers,Mystery
broken-flowers,Romance
broker,Comedy
broker,Crime
broker,Drama
bronson,Action
bronson,Crime
bronson,Drama
brooklyn,Drama
brooklyn,Romance
brooklyn-45,Drama
brooklyn-45,History
brooklyn-45,Horror
brooklyn-45,Thriller
brooklyn-castle,Documentary
brooklyns-finest,Crime
brooklyns-finest,Drama
brooklyns-finest,Thriller
bros,Comedy
bros,Romance
brother-bear,Adventure
brother-bear,Animation
brother-bear,Comedy
brother-bear,Drama
brother-bear,Family
brother-bear,Fantasy
brother-bear,Musical
brotherhood-of-the-wolf,Action
brotherhood-of-the-wolf,Adventure
brotherhood-of-the-wolf,Drama
brotherhood-of-the-wolf,Horror
brotherhood-of-the-wolf,Thriller
brothers,Drama
brothers,Thriller
brothers,War
brothers-keeper,Crime
brothers-keeper,Documentary
brothers-keeper,Mystery
bruiser,Drama
brute-force,Crime
brute-force,Drama
brute-force,Film-Noir
brute-force,Thriller
buck,Documentary
bucky-larson-born-to-be-a-star,Comedy
buena-vista-social-club,Documentary
buena-vista-social-club,Music
buffy-the-vampire-slayer,Action
buffy-the-vampire-slayer,Comedy
buffy-the-vampire-slayer,Fantasy
buffy-the-vampire-slayer,Horror
bugonia,Comedy
bugonia,Crime
bugonia,Sci-Fi
bugonia,Thriller
bugsy,Biography
bugsy,Crime
bugsy,Drama
bull-2022,Crime
bull-2022,Fantasy
bull-2022,Thriller
bullitt,Action
bullitt,Crime
bullitt,Thriller
bunny-lake-is-missing,Drama
bunny-lake-is-missing,Mystery
bunny-lake-is-missing,Thriller
bunraku,Action
bunraku,Drama
bunraku,Thriller
buouel-in-the-labyrinth-of-the-turtles,Animation
buouel-in-the-labyrinth-of-the-turtles,Biography
buouel-in-the-labyrinth-of-the-turtles,Drama
buouel-in-the-labyrinth-of-the-turtles,History
buried,Drama
buried,Mystery
buried,Thriller
burma-vj-reporter-i-et-lukket-land,Documentary
burma-vj-reporter-i-et-lukket-land,History
burma-vj-reporter-i-et-lukket-land,News
burn-after-reading,Comedy
burn-after-reading,Crime
burn-after-reading,Drama
burn-after-reading,Thriller
burning,Crime
burning,Drama
burning,Mystery
burning,Thriller
burning-bush,Biography
burning-bush,Drama
burning-bush,History
burning-cane,Drama
bus-174,Crime
bus-174,Documentary
butch-cassidy-and-the-sundance-kid,Adventure
butch-cassidy-and-the-sundance-kid,Biography
butch-cassidy-and-the-sundance-kid,Crime
butch-cassidy-and-the-sundance-kid,Drama
butch-cassidy-and-the-sundance-kid,Western
buzzard,Comedy
buzzard,Drama
by-the-grace-of-god,Crime
by-the-grace-of-god,Drama
ca-commence-aujourdhui,Drama
cabaret,Drama
cabaret,Music
cabaret,Musical
cabaret,Romance
cabin-fever,Horror
cache-hidden,Drama
cache-hidden,Mystery
cache-hidden,Thriller
cactus-pears,Drama
cactus-pears,Romance
caddyshack,Comedy
caddyshack,Sport
caesar-must-die,Drama
cafe-lumiere,Drama
cairo-conspiracy,Drama
cairo-conspiracy,Thriller
calibre,Drama
calibre,Thriller
california-split,Comedy
california-split,Drama
call-me-by-your-name,Drama
call-me-by-your-name,Romance
call-me-kuchu,Documentary
calle-54,Documentary
calle-54,Music
calvary,Crime
calvary,Drama
calvary,Mystery
cam,Drama
cam,Horror
cam,Mystery
cam,Thriller
cameraperson,Biography
cameraperson,Documentary
cameraperson,History
cameraperson,News
cameraperson,War
can-you-ever-forgive-me,Biography
can-you-ever-forgive-me,Comedy
can-you-ever-forgive-me,Crime
can-you-ever-forgive-me,Drama
candyman,Horror
candyman,Thriller
candyman-2020,Horror
candyman-2020,Thriller
capernaum,Drama
capitalism-a-love-story,Crime
capitalism-a-love-story,Documentary
capitalism-a-love-story,History
capote,Biography
capote,Crime
capote,Drama
capote,History
captain-america-civil-war,Action
captain-america-civil-war,Sci-Fi
captain-blood,Action
captain-blood,Adventure
captain-blood,History
captain-blood,Romance
captain-fantastic,Adventure
captain-fantastic,Comedy
captain-fantastic,Drama
captain-phillips,Action
captain-phillips,Biography
captain-phillips,Crime
captain-phillips,Drama
captain-phillips,Thriller
captains-courageous,Adventure
captains-courageous,Drama
captains-courageous,Family
capturing-the-friedmans,Biography
capturing-the-friedmans,Crime
capturing-the-friedmans,Documentary
career-girls,Comedy
career-girls,Drama
carlos,Biography
carlos,Crime
carlos,Drama
carlos,Thriller
carnal-knowledge,Comedy
carnal-knowledge,Drama
carol,Drama
carol,Romance
carolina-caroline,Crime
carolina-caroline,Drama
carolina-caroline,Romance
carolina-caroline,Thriller
carrie-1976,Horror
cars-2,Adventure
cars-2,Animation
cars-2,Comedy
cars-2,Crime
cars-2,Family
cars-2,Sci-Fi
cars-2,Sport
cartel-land,Documentary
casablanca,Drama
casablanca,Romance
casablanca,War
cashback,Comedy
cashback,Drama
cashback,Romance
casino,Crime
casino,Drama
casino-royale,Action
casino-royale,Adventure
casino-royale,Thriller
casper,Comedy
casper,Family
casper,Fantasy
cassandro,Biography
cassandro,Drama
cassandro,Sport
cast-away,Adventure
cast-away,Drama
cast-away,Romance
casting-jonbenet,Crime
casting-jonbenet,Documentary
casting-jonbenet,Drama
castle-in-the-sky,Adventure
castle-in-the-sky,Animation
castle-in-the-sky,Family
castle-in-the-sky,Fantasy
cat-on-a-hot-tin-roof,Drama
cat-people-1942,Fantasy
cat-people-1942,Horror
cat-people-1942,Thriller
catch-me-if-you-can,Biography
catch-me-if-you-can,Crime
catch-me-if-you-can,Drama
catch-the-fair-one,Crime
catch-the-fair-one,Thriller
catfish,Documentary
catfish,Drama
catfish,Mystery
catfish,Thriller
catherine-called-birdy,Adventure
catherine-called-birdy,Comedy
cats-dogs-the-revenge-of-kitty-galore,Action
cats-dogs-the-revenge-of-kitty-galore,Comedy
cats-dogs-the-revenge-of-kitty-galore,Family
cats-dogs-the-revenge-of-kitty-galore,Fantasy
catwoman,Action
catwoman,Crime
catwoman,Fantasy
caught-by-the-tides,Drama
cave-of-forgotten-dreams,Documentary
cave-of-forgotten-dreams,History
cedar-rapids,Comedy
cellular,Action
cellular,Crime
cellular,Thriller
cemetery-of-splendor,Drama
cemetery-of-splendor,Fantasy
cemetery-of-splendor,Mystery
censored-voices,Documentary
censored-voices,History
central-station,Drama
centurion,Action
centurion,Drama
centurion,History
centurion,War
certain-women,Drama
certified-copy,Drama
certified-copy,Romance
chainsaw-man---the-movie-reze-arc,Action
chainsaw-man---the-movie-reze-arc,Adventure
chainsaw-man---the-movie-reze-arc,Animation
chainsaw-man---the-movie-reze-arc,Comedy
chainsaw-man---the-movie-reze-arc,Fantasy
chainsaw-man---the-movie-reze-arc,Romance
chainsaw-man---the-movie-reze-arc,Thriller
challengers,Comedy
challengers,Drama
challengers,Romance
challengers,Sport
changeling,Biography
changeling,Crime
changeling,Drama
changeling,History
changeling,Mystery
changeling,Thriller
changing-lanes,Drama
changing-lanes,Thriller
changing-the-game,Documentary
changing-the-game,Drama
changing-the-game,Sport
chaos,Horror
chaos,Thriller
charade,Comedy
charade,Mystery
charade,Romance
charade,Thriller
chariots-of-fire,Biography
chariots-of-fire,Drama
chariots-of-fire,Sport
charlie-st-cloud,Drama
charlie-st-cloud,Fantasy
charlie-st-cloud,Romance
charlie-the-life-and-art-of-charles-chaplin,Biography
charlie-the-life-and-art-of-charles-chaplin,Documentary
charlies-angels,Action
charlies-angels,Adventure
charlies-angels,Comedy
charlies-angels,Crime
charlies-angels,Thriller
charlies-angels-full-throttle,Action
charlies-angels-full-throttle,Adventure
charlies-angels-full-throttle,Comedy
charlies-angels-full-throttle,Crime
charlies-country,Adventure
charlies-country,Drama
charlottes-web,Adventure
charlottes-web,Comedy
charlottes-web,Family
charlottes-web,Fantasy
chasing-amy,Comedy
chasing-amy,Drama
chasing-amy,Romance
chasing-chasing-amy,Documentary
chasing-coral,Documentary
chasing-ice,Biography
chasing-ice,Documentary
cheaper-by-the-dozen,Comedy
cheaper-by-the-dozen,Family
cheaper-by-the-dozen-2,Adventure
cheaper-by-the-dozen-2,Comedy
cheaper-by-the-dozen-2,Family
cheatin,Animation
cheatin,Comedy
cheatin,Drama
cheatin,Romance
cheech-and-chongs-last-movie,Comedy
cheech-and-chongs-last-movie,Documentary
chevalier,Comedy
chevalier,Drama
chi-raq,Comedy
chi-raq,Crime
chi-raq,Drama
chi-raq,Musical
chicago,Comedy
chicago,Crime
chicago,Musical
chicken-for-linda!,Animation
chicken-for-linda!,Comedy
chicken-for-linda!,Musical
chicken-little,Adventure
chicken-little,Animation
chicken-little,Comedy
chicken-little,Family
chicken-little,Fantasy
chicken-little,Sci-Fi
chicken-run,Adventure
chicken-run,Animation
chicken-run,Comedy
chicken-run,Drama
chicken-run,Family
chico-rita,Animation
chico-rita,Crime
chico-rita,Drama
chico-rita,Music
chico-rita,Romance
children-of-a-lesser-god,Drama
children-of-a-lesser-god,Romance
children-of-heaven,Drama
children-of-heaven,Family
children-of-heaven,Sport
children-of-men,Drama
children-of-men,Sci-Fi
children-of-men,Thriller
children-of-paradise-1945,Drama
children-of-paradise-1945,Romance
children-of-the-sea,Adventure
children-of-the-sea,Animation
children-of-the-sea,Fantasy
children-of-the-sea,Sci-Fi
children-underground,Documentary
childs-play-2,Horror
childs-play-2,Thriller
childs-play-3,Horror
childs-play-3,Thriller
childs-pose,Drama
chile-76,Drama
chile-76,Thriller
chimes-at-midnight,Comedy
chimes-at-midnight,Drama
chimes-at-midnight,History
chimes-at-midnight,War
chinatown,Drama
chinatown,Mystery
chinatown,Thriller
chloe,Drama
chloe,Mystery
chloe,Thriller
chocolat,Drama
chocolat,Romance
chocolat-1989,Drama
chop-shop,Drama
chris-don-a-love-story,Biography
chris-don-a-love-story,Documentary
chris-don-a-love-story,Romance
christine,Biography
christine,Drama
christine-1983,Horror
christine-1983,Thriller
christmas-again,Drama
christmas-again,Romance
christmas-eve-in-millers-point,Comedy
christmas-eve-in-millers-point,Drama
christmas-with-the-kranks,Comedy
christmas-with-the-kranks,Family
chungking-express,Comedy
chungking-express,Crime
chungking-express,Drama
chungking-express,Mystery
chungking-express,Romance
cinderella-1950,Animation
cinderella-1950,Family
cinderella-1950,Fantasy
cinderella-1950,Musical
cinderella-1950,Romance
cinema-paradiso,Drama
cinema-paradiso,Romance
circus-of-books,Biography
circus-of-books,Documentary
circus-of-books,History
cirque-du-freak-the-vampires-assistant,Action
cirque-du-freak-the-vampires-assistant,Adventure
cirque-du-freak-the-vampires-assistant,Fantasy
cirque-du-freak-the-vampires-assistant,Thriller
citizen-ashe,Biography
citizen-ashe,Documentary
citizen-ashe,Sport
citizen-k,Documentary
citizen-kane-1941,Drama
citizen-kane-1941,Mystery
citizenfour,Biography
citizenfour,Documentary
city-hall,Documentary
city-lights,Comedy
city-lights,Drama
city-lights,Romance
city-of-ember,Adventure
city-of-ember,Drama
city-of-ember,Family
city-of-ember,Fantasy
city-of-ember,Sci-Fi
city-of-ember,Thriller
city-of-ghosts-2017,Documentary
city-of-ghosts-2017,War
city-of-god,Crime
city-of-god,Drama
city-of-gold,Biography
city-of-gold,Documentary
city-of-life-and-death,Drama
city-of-life-and-death,History
city-of-life-and-death,War
civil-war,Action
civil-war,Thriller
civil-war,War
claires-camera,Drama
clara-sola,Drama
clara-sola,Fantasy
clash,Drama
clash,Thriller
clash,War
clash-of-the-titans,Action
clash-of-the-titans,Adventure
clash-of-the-titans,Fantasy
clear-and-present-danger,Action
clear-and-present-danger,Crime
clear-and-present-danger,Drama
clear-and-present-danger,Thriller
clemency,Drama
cleo-from-5-to-7,Comedy
cleo-from-5-to-7,Drama
cleo-from-5-to-7,Music
clerks-ii,Comedy
click,Comedy
click,Drama
click,Fantasy
click,Romance
close-2022,Drama
close-encounters-of-the-third-kind,Drama
close-encounters-of-the-third-kind,Sci-Fi
close-up,Biography
close-up,Crime
close-up,Drama
close-your-eyes-2023,Drama
closed-curtain,Drama
closer,Drama
closer,Romance
closet-monster,Drama
closet-monster,Fantasy
closet-monster,Mystery
cloud,Action
cloud,Crime
cloud,Drama
cloud,Horror
cloud,Thriller
clouds-of-sils-maria,Drama
cloverfield,Action
cloverfield,Horror
cloverfield,Sci-Fi
cloverfield,Thriller
clue,Comedy
clue,Crime
clue,Mystery
clue,Thriller
clueless,Comedy
clueless,Romance
cmon-cmon,Drama
coal-miners-daughter,Biography
coal-miners-daughter,Drama
coal-miners-daughter,Music
cobra,Action
cobra,Crime
cobra,Thriller
cocktail,Comedy
cocktail,Drama
cocktail,Romance
coco-2017,Adventure
coco-2017,Animation
coco-2017,Drama
coco-2017,Family
coco-2017,Fantasy
coco-2017,Music
coco-2017,Mystery
coda-2021,Comedy
coda-2021,Drama
coda-2021,Music
code-black,Documentary
code-black,Drama
coded-bias,Documentary
coffee-and-cigarettes,Comedy
coffee-and-cigarettes,Drama
coffee-and-cigarettes,Music
cold-case-hammarskjold,Documentary
cold-case-hammarskjold,History
cold-comfort-farm,Comedy
cold-comfort-farm,Romance
cold-in-july,Crime
cold-in-july,Thriller
cold-war,Drama
cold-war,Music
cold-war,Romance
colette,Biography
colette,Drama
colette,History
colette,Romance
collateral,Action
collateral,Crime
collateral,Drama
collateral,Thriller
collateral-damage,Action
collateral-damage,Drama
collateral-damage,Thriller
collective,Crime
collective,Documentary
colombiana,Action
colombiana,Crime
colombiana,Drama
colombiana,Thriller
columbus,Drama
come-as-you-are,Comedy
come-as-you-are,Drama
come-from-away,Comedy
come-from-away,Drama
come-from-away,Musical
come-see-me-in-the-good-light,Biography
come-see-me-in-the-good-light,Documentary
come-see-me-in-the-good-light,Family
come-see-me-in-the-good-light,Romance
coming-home,Drama
coming-home,History
coming-home,Romance
coming-to-america,Comedy
coming-to-america,Romance
commando,Action
commando,Adventure
commando,Thriller
companion,Sci-Fi
companion,Thriller
compartment-no-6,Drama
compartment-no-6,Romance
computer-chess,Comedy
con-air,Action
con-air,Crime
con-air,Thriller
conan-the-barbarian,Adventure
conan-the-barbarian,Fantasy
conan-the-barbarian-2011,Action
conan-the-barbarian-2011,Adventure
conan-the-barbarian-2011,Fantasy
conan-the-destroyer,Action
conan-the-destroyer,Adventure
conan-the-destroyer,Fantasy
concert-for-george,Documentary
concert-for-george,Music
conclave,Drama
conclave,Thriller
concrete-utopia,Action
concrete-utopia,Adventure
concrete-utopia,Drama
concrete-utopia,Sci-Fi
concrete-utopia,Thriller
confessions-of-a-dangerous-mind,Biography
confessions-of-a-dangerous-mind,Comedy
confessions-of-a-dangerous-mind,Crime
confessions-of-a-dangerous-mind,Drama
confessions-of-a-dangerous-mind,Romance
confessions-of-a-dangerous-mind,Thriller
confessions-of-a-shopaholic,Comedy
confessions-of-a-shopaholic,Romance
congo,Action
congo,Adventure
congo,Mystery
congo,Sci-Fi
conspiracy-theory,Action
conspiracy-theory,Crime
conspiracy-theory,Drama
conspiracy-theory,Mystery
conspiracy-theory,Thriller
constantine,Action
constantine,Fantasy
constantine,Horror
constantine,Mystery
contagion,Drama
contagion,Thriller
control,Biography
control,Drama
control,Music
control-room,Documentary
conviction,Biography
conviction,Crime
conviction,Drama
cool-hand-luke,Crime
cool-hand-luke,Drama
cop-out,Action
cop-out,Comedy
cop-out,Crime
cop-out,Mystery
copa-71,Documentary
copa-71,History
copa-71,Sport
copycat,Drama
copycat,Mystery
copycat,Thriller
coraline,Animation
coraline,Drama
coraline,Family
coraline,Fantasy
coriolanus,Drama
coriolanus,Thriller
coriolanus,War
corpse-bride,Animation
corpse-bride,Comedy
corpse-bride,Drama
corpse-bride,Family
corpse-bride,Fantasy
corpse-bride,Musical
corpse-bride,Romance
corpus-christi,Drama
corsage,Biography
corsage,Drama
corsage,History
cosmos,Comedy
cosmos,Crime
cosmos,Drama
costa-brava-lebanon,Drama
countdown-to-zero,Documentary
couples-retreat,Comedy
courage-under-fire,Action
courage-under-fire,Drama
courage-under-fire,Mystery
courage-under-fire,Thriller
courage-under-fire,War
courageous,Drama
court,Drama
cover-up,Documentary
cow,Documentary
cowboy-bebop-the-movie-knockin-on-heavens-door,Action
cowboy-bebop-the-movie-knockin-on-heavens-door,Adventure
cowboy-bebop-the-movie-knockin-on-heavens-door,Animation
cowboy-bebop-the-movie-knockin-on-heavens-door,Crime
cowboy-bebop-the-movie-knockin-on-heavens-door,Drama
cowboy-bebop-the-movie-knockin-on-heavens-door,Sci-Fi
cowboys-aliens,Action
cowboys-aliens,Drama
cowboys-aliens,Sci-Fi
cowboys-aliens,Thriller
cowboys-aliens,Western
coyote-vs-acme,Adventure
coyote-vs-acme,Animation
coyote-vs-acme,Comedy
coyote-vs-acme,Family
coyote-vs-acme,Fantasy
crank,Action
crank,Crime
crank,Thriller
crash,Crime
crash,Drama
crash,Thriller
crash-1997,Drama
crazy-heart,Drama
crazy-heart,Music
crazy-heart,Romance
crazy-not-insane,Biography
crazy-not-insane,Crime
crazy-not-insane,Documentary
crazy-rich-asians,Comedy
crazy-rich-asians,Drama
crazy-rich-asians,Romance
crazy-stupid-love,Comedy
crazy-stupid-love,Drama
crazy-stupid-love,Romance
creed,Action
creed,Drama
creed,Sport
creed-iii,Action
creed-iii,Drama
creed-iii,Sport
creepshow,Comedy
creepshow,Fantasy
creepshow,Horror
creepy,Crime
creepy,Drama
creepy,Horror
creepy,Mystery
creepy,Thriller
crime-+-punishment,Documentary
crime-after-crime,Biography
crime-after-crime,Crime
crime-after-crime,Documentary
crime-after-crime,News
crimes-and-misdemeanors,Comedy
crimes-and-misdemeanors,Drama
crimson-gold,Crime
crimson-gold,Drama
crimson-gold,Thriller
crimson-tide,Action
crimson-tide,Drama
crimson-tide,Thriller
crimson-tide,War
crip-camp-a-disability-revolution,Documentary
crip-camp-a-disability-revolution,History
cronos,Drama
cronos,Fantasy
cronos,Horror
cronos,Thriller
cropsey,Crime
cropsey,Documentary
cropsey,Horror
cropsey,Mystery
crossing,Drama
crossroads,Comedy
crossroads,Drama
crossroads,Romance
crouching-tiger-hidden-dragon,Action
crouching-tiger-hidden-dragon,Adventure
crouching-tiger-hidden-dragon,Drama
crouching-tiger-hidden-dragon,Fantasy
crouching-tiger-hidden-dragon,Romance
cruel-intentions,Drama
cruel-intentions,Romance
crumb,Biography
crumb,Comedy
crumb,Documentary
crumb,Drama
cryptozoo,Action
cryptozoo,Animation
cryptozoo,Crime
cryptozoo,Drama
cryptozoo,Fantasy
cryptozoo,Mystery
cryptozoo,Thriller
cube,Horror
cube,Mystery
cube,Sci-Fi
cure,Crime
cure,Horror
cure,Mystery
cure,Thriller
custody,Drama
custody,Thriller
cutie-and-the-boxer,Biography
cutie-and-the-boxer,Documentary
cyrano-de-bergerac,Comedy
cyrano-de-bergerac,Drama
cyrano-de-bergerac,History
cyrano-de-bergerac,Romance
cyrus,Comedy
cyrus,Drama
cyrus,Romance
da-5-bloods,Adventure
da-5-bloods,Drama
da-5-bloods,War
daaaaaali,Comedy
daaaaaali,Drama
daddy-day-care,Comedy
daddy-day-care,Family
daddy-longlegs,Comedy
daddy-longlegs,Drama
dahomey,Documentary
dallas-buyers-club,Biography
dallas-buyers-club,Drama
dan-in-real-life,Comedy
dan-in-real-life,Drama
dan-in-real-life,Romance
dancer-in-the-dark,Crime
dancer-in-the-dark,Drama
dancer-in-the-dark,Musical
dances-with-wolves,Adventure
dances-with-wolves,Drama
dances-with-wolves,Western
dantes-peak,Action
dantes-peak,Adventure
dantes-peak,Thriller
daredevil,Action
daredevil,Crime
daredevil,Drama
daredevil,Sci-Fi
dark-city,Fantasy
dark-city,Mystery
dark-city,Sci-Fi
dark-city,Thriller
dark-horse-2016,Documentary
dark-horse-2016,Drama
dark-horse-2016,Sport
dark-money,Documentary
dark-waters,Biography
dark-waters,Drama
dark-waters,History
dark-waters,Thriller
darkest-hour,Biography
darkest-hour,Drama
darkest-hour,History
darkest-hour,War
darkman,Action
darkman,Sci-Fi
darkman,Thriller
darkness-falls,Fantasy
darkness-falls,Horror
darkness-falls,Mystery
darkness-falls,Thriller
darwins-nightmare,Documentary
das-boot,Drama
das-boot,War
date-movie,Comedy
date-movie,Romance
date-night,Comedy
date-night,Crime
date-night,Romance
date-night,Thriller
daughter-from-danang,Documentary
daughter-from-danang,War
daughters,Documentary
daughters-of-the-dust,Drama
daughters-of-the-dust,History
daughters-of-the-dust,Romance
dave-chappelles-block-party,Comedy
dave-chappelles-block-party,Documentary
dave-chappelles-block-party,Music
david-byrnes-american-utopia,Documentary
david-byrnes-american-utopia,Music
david-byrnes-american-utopia,Musical
david-copperfield,Adventure
david-copperfield,Drama
david-copperfield,Family
david-copperfield,Romance
david-crosby-remember-my-name,Documentary
david-crosby-remember-my-name,Music
david-lynch-the-art-life,Biography
david-lynch-the-art-life,Documentary
dawn-of-the-dead,Action
dawn-of-the-dead,Horror
dawn-of-the-dead-1979,Horror
dawn-of-the-dead-1979,Thriller
dawn-of-the-planet-of-the-apes,Action
dawn-of-the-planet-of-the-apes,Adventure
dawn-of-the-planet-of-the-apes,Drama
dawn-of-the-planet-of-the-apes,Sci-Fi
dawn-of-the-planet-of-the-apes,Thriller
dawson-city-frozen-time,Documentary
dawson-city-frozen-time,History
day-of-the-dead,Horror
day-of-the-dead,Thriller
daylight,Crime
daylight,Horror
daylight,Thriller
days,Drama
days-of-being-wild-re-release,Crime
days-of-being-wild-re-release,Drama
days-of-being-wild-re-release,Romance
days-of-glory,Drama
days-of-glory,War
days-of-heaven-re-release,Drama
days-of-heaven-re-release,Romance
days-of-thunder,Action
days-of-thunder,Drama
days-of-thunder,Sport
dazed-and-confused,Comedy
de-humani-corporis-fabrica,Documentary
de-palma,Biography
de-palma,Documentary
dead-man,Adventure
dead-man,Drama
dead-man,Western
dead-man-walking,Crime
dead-man-walking,Drama
dead-mans-burden,Drama
dead-mans-burden,Western
dead-pigs,Comedy
dead-pigs,Drama
dead-poets-society,Comedy
dead-poets-society,Drama
dead-ringers,Drama
dead-ringers,Horror
dead-ringers,Thriller
dead-snow,Comedy
dead-snow,Fantasy
dead-snow,Horror
deaf-president-now!,Documentary
dear-comrades!,Drama
dear-comrades!,History
dear-john,Drama
dear-john,Romance
dear-john,War
dear-white-people,Comedy
dear-white-people,Drama
dear-white-people,Romance
dear-zachary-a-letter-to-a-son-about-his-father,Biography
dear-zachary-a-letter-to-a-son-about-his-father,Crime
dear-zachary-a-letter-to-a-son-about-his-father,Documentary
dear-zachary-a-letter-to-a-son-about-his-father,Drama
death-at-a-funeral,Comedy
death-at-a-funeral,Drama
death-at-a-funeral-2007,Comedy
death-race,Action
death-race,Sci-Fi
death-race,Thriller
death-sentence,Action
death-sentence,Crime
death-sentence,Thriller
decision-to-leave,Crime
decision-to-leave,Drama
decision-to-leave,Mystery
decision-to-leave,Romance
decision-to-leave,Thriller
declaration-of-war,Drama
deep-blue-sea,Action
deep-blue-sea,Adventure
deep-blue-sea,Sci-Fi
deep-blue-sea,Thriller
deep-impact,Action
deep-impact,Drama
deep-impact,Sci-Fi
deep-impact,Thriller
deep-red,Horror
deep-red,Mystery
deep-red,Thriller
deep-sea,Documentary
deep-sea,Unknown
deep-water,Documentary
deep-water,History
deep-water,Sport
defiance,Action
defiance,Drama
defiance,History
defiance,Thriller
defiance,War
definitely-maybe,Comedy
definitely-maybe,Drama
definitely-maybe,Romance
deja-vu,Action
deja-vu,Crime
deja-vu,Sci-Fi
deja-vu,Thriller
dekalog-1988,Drama
delicatessen,Comedy
delicatessen,Crime
deliver-us-from-evil,Crime
deliver-us-from-evil,Documentary
deliverance,Adventure
deliverance,Drama
deliverance,Thriller
demolition-man,Action
demolition-man,Sci-Fi
demolition-man,Thriller
demon,Drama
demon,Fantasy
demon,Horror
demon,Thriller
demon-slayer--kimetsu-no-yaiba--the-movie-mugen-train,Action
demon-slayer--kimetsu-no-yaiba--the-movie-mugen-train,Adventure
demon-slayer--kimetsu-no-yaiba--the-movie-mugen-train,Animation
demon-slayer--kimetsu-no-yaiba--the-movie-mugen-train,Fantasy
demon-slayer--kimetsu-no-yaiba--the-movie-mugen-train,Thriller
departures,Drama
derek-delgaudios-in-of-itself,Documentary
descendant,Documentary
descendant,History
desire,Comedy
desire,Crime
desire,Romance
despicable-me,Adventure
despicable-me,Animation
despicable-me,Comedy
despicable-me,Crime
despicable-me,Family
despicable-me,Sci-Fi
destry-rides-again,Comedy
destry-rides-again,Western
detective-dee-and-the-mystery-of-the-phantom-flame,Action
detective-dee-and-the-mystery-of-the-phantom-flame,Adventure
detective-dee-and-the-mystery-of-the-phantom-flame,Drama
detective-dee-and-the-mystery-of-the-phantom-flame,Fantasy
detective-dee-and-the-mystery-of-the-phantom-flame,History
detective-dee-and-the-mystery-of-the-phantom-flame,Mystery
detective-dee-and-the-mystery-of-the-phantom-flame,Thriller
detective-story,Crime
detective-story,Drama
detective-story,Film-Noir
detective-story,Romance
detroit,Crime
detroit,Drama
detroit,History
detroit,Thriller
deuce-bigalow-european-gigolo,Comedy
deuce-bigalow-male-gigolo,Comedy
deuce-bigalow-male-gigolo,Romance
devil,Horror
devil,Mystery
devil,Thriller
devil-in-a-blue-dress,Crime
devil-in-a-blue-dress,Drama
devil-in-a-blue-dress,Mystery
devil-in-a-blue-dress,Thriller
devo,Documentary
devo,Music
dheepan,Crime
dheepan,Drama
dial-m-for-murder,Crime
dial-m-for-murder,Drama
dial-m-for-murder,Mystery
dial-m-for-murder,Thriller
diamantino,Comedy
diamantino,Drama
diamantino,Fantasy
diamantino,Sci-Fi
diamantino,Sport
diamond-men,Drama
diamonds-are-forever,Action
diamonds-are-forever,Adventure
diamonds-are-forever,Thriller
diane,Drama
diary-of-a-wimpy-kid,Comedy
diary-of-a-wimpy-kid,Drama
diary-of-a-wimpy-kid,Family
diary-of-a-wimpy-kid-2-rodrick-rules,Comedy
diary-of-a-wimpy-kid-2-rodrick-rules,Family
diary-of-the-dead,Fantasy
diary-of-the-dead,Horror
diary-of-the-dead,Sci-Fi
diary-of-the-dead,Thriller
dick-johnson-is-dead,Biography
dick-johnson-is-dead,Documentary
dick-johnson-is-dead,Drama
did-you-wonder-who-fired-the-gun,Documentary
didi,Comedy
didi,Drama
die-hard,Action
die-hard,Thriller
die-hard-2,Action
die-hard-2,Thriller
die-hard-with-a-vengeance,Action
die-hard-with-a-vengeance,Adventure
die-hard-with-a-vengeance,Thriller
die-my-love,Drama
die-my-love,Thriller
diego-maradona,Biography
diego-maradona,Documentary
diego-maradona,Sport
dig!,Documentary
dig!,Music
diner,Comedy
diner,Drama
dinner-for-schmucks,Comedy
dinner-in-america,Comedy
dinner-in-america,Drama
dinner-in-america,Music
dinner-in-america,Romance
dinosaur,Adventure
dinosaur,Animation
dinosaur,Drama
dinosaur,Family
dinosaur,Fantasy
dior-and-i,Documentary
diplomacy,Drama
diplomacy,History
diplomacy,War
dirty-dancing,Drama
dirty-dancing,Music
dirty-dancing,Romance
dirty-god,Drama
dirty-harry,Action
dirty-harry,Crime
dirty-harry,Thriller
dirty-pretty-things,Crime
dirty-pretty-things,Drama
dirty-pretty-things,Thriller
dirty-rotten-scoundrels,Comedy
dirty-rotten-scoundrels,Crime
dirty-wars,Crime
dirty-wars,Documentary
dirty-wars,History
dirty-wars,Mystery
dirty-wars,War
disaster-movie,Comedy
disaster-movie,Sci-Fi
disclosure-2020,Documentary
disclosure-day,Action
disclosure-day,Drama
disclosure-day,Mystery
disclosure-day,Sci-Fi
disclosure-day,Thriller
disco-boy,Drama
disobedience,Drama
distant,Comedy
distant,Drama
distant-voices-still-lives,Drama
distant-voices-still-lives,Music
district-13-ultimatum,Action
district-13-ultimatum,Crime
district-13-ultimatum,Thriller
district-9,Action
district-9,Sci-Fi
district-9,Thriller
district-b13,Action
district-b13,Crime
district-b13,Sci-Fi
district-b13,Thriller
disturbia,Crime
disturbia,Drama
disturbia,Mystery
disturbia,Thriller
divide-and-conquer-the-story-of-roger-ailes,Biography
divide-and-conquer-the-story-of-roger-ailes,Documentary
divine-love,Drama
divine-love,Sci-Fi
divines,Crime
divines,Drama
django-unchained,Drama
django-unchained,Western
do-not-expect-too-much-from-the-end-of-the-world,Comedy
do-not-expect-too-much-from-the-end-of-the-world,Drama
do-the-right-thing,Comedy
do-the-right-thing,Drama
doa-dead-or-alive,Action
doa-dead-or-alive,Adventure
doa-dead-or-alive,Mystery
doctor-strange,Action
doctor-strange,Adventure
doctor-strange,Fantasy
doctor-strange,Sci-Fi
dodgeball-a-true-underdog-story,Comedy
dodgeball-a-true-underdog-story,Sport
dog-day-afternoon,Biography
dog-day-afternoon,Crime
dog-day-afternoon,Drama
dog-day-afternoon,Thriller
dogma,Adventure
dogma,Comedy
dogma,Drama
dogma,Fantasy
dogman,Crime
dogman,Drama
dogman,Thriller
dogtooth,Drama
dogtooth,Thriller
dogville,Crime
dogville,Drama
dolemite-is-my-name,Biography
dolemite-is-my-name,Comedy
dolemite-is-my-name,Drama
dolores,Biography
dolores,Documentary
dolores,History
dolphin-tale,Drama
dolphin-tale,Family
donald-cried,Comedy
donald-cried,Drama
donbass,Drama
donnie-brasco,Biography
donnie-brasco,Crime
donnie-brasco,Drama
donnie-darko,Drama
donnie-darko,Mystery
donnie-darko,Sci-Fi
donnie-darko,Thriller
donnie-darko-the-directors-cut,Drama
donnie-darko-the-directors-cut,Mystery
donnie-darko-the-directors-cut,Sci-Fi
donnie-darko-the-directors-cut,Thriller
dont-be-afraid-of-the-dark,Fantasy
dont-be-afraid-of-the-dark,Horror
dont-be-afraid-of-the-dark,Thriller
dont-breathe,Crime
dont-breathe,Horror
dont-breathe,Thriller
dont-call-me-son,Drama
dont-lets-go-to-the-dogs-tonight,Drama
dont-lets-go-to-the-dogs-tonight,War
dont-look-now,Drama
dont-look-now,Horror
dont-look-now,Mystery
dont-look-now,Thriller
dont-say-good-luck,Drama
dont-say-good-luck,Musical
dont-think-twice,Comedy
dont-think-twice,Drama
doom,Action
doom,Horror
doom,Sci-Fi
doomsday,Action
doomsday,Sci-Fi
doomsday,Thriller
dope,Adventure
dope,Comedy
dope,Crime
dope,Drama
dos-estaciones,Drama
double-indemnity,Crime
double-indemnity,Drama
double-indemnity,Film-Noir
double-indemnity,Mystery
double-indemnity,Thriller
double-jeopardy,Crime
double-jeopardy,Drama
double-jeopardy,Mystery
double-jeopardy,Thriller
doubt,Drama
doubt,Mystery
downfall,Biography
downfall,Drama
downfall,History
downfall,War
downhill-racer,Drama
downhill-racer,Sport
dr-dolittle,Comedy
dr-dolittle,Family
dr-dolittle,Fantasy
dr-jekyll-and-mr-hyde,Horror
dr-jekyll-and-mr-hyde,Sci-Fi
dr-no,Action
dr-no,Adventure
dr-no,Thriller
dr-strangelove-or-how-i-learned-to-stop-worrying-and-love-the-bomb,Comedy
dr-strangelove-or-how-i-learned-to-stop-worrying-and-love-the-bomb,War
dracula-1931,Drama
dracula-1931,Fantasy
dracula-1931,Horror
dracula-2000,Action
dracula-2000,Fantasy
dracula-2000,Horror
dracula-2000,Thriller
dracula-pages-from-a-virgins-diary,Drama
dracula-pages-from-a-virgins-diary,Horror
dracula-pages-from-a-virgins-diary,Musical
drag-me-to-hell,Horror
dragonball-evolution,Action
dragonball-evolution,Adventure
dragonball-evolution,Fantasy
dragonball-evolution,Sci-Fi
dragonball-evolution,Thriller
dragonslayer,Documentary
dream-house-2011,Drama
dream-house-2011,Mystery
dream-house-2011,Thriller
dream-scenario,Comedy
dream-scenario,Drama
dream-scenario,Fantasy
dream-scenario,Horror
dreamcatcher,Drama
dreamcatcher,Horror
dreamcatcher,Sci-Fi
dreamcatcher,Thriller
dreamcatcher-2015,Crime
dreamcatcher-2015,Documentary
dreamcatcher-2015,Drama
dreamcatcher-2015,Family
dreamgirls,Drama
dreamgirls,Musical
dreams-drommer,Comedy
dreams-drommer,Drama
dreams-drommer,Romance
dreams-in-nightmares,Comedy
dreams-in-nightmares,Drama
dreams-in-nightmares,Thriller
drinking-buddies,Comedy
drinking-buddies,Drama
drinking-buddies,Romance
drive,Action
drive,Drama
drive-angry-3d,Action
drive-angry-3d,Comedy
drive-angry-3d,Crime
drive-angry-3d,Drama
drive-angry-3d,Fantasy
drive-angry-3d,Thriller
drive-my-car,Drama
driveways,Drama
driving-miss-daisy,Comedy
driving-miss-daisy,Drama
drug-war,Action
drug-war,Crime
drug-war,Drama
drug-war,Thriller
drugstore-cowboy,Crime
drugstore-cowboy,Drama
drunk-stoned-brilliant-dead-the-story-of-the-national-lampoon--0001,Documentary
drunk-stoned-brilliant-dead-the-story-of-the-national-lampoon--0001,History
duck-soup,Comedy
duck-soup,Musical
dude-wheres-my-car,Comedy
dude-wheres-my-car,Mystery
dude-wheres-my-car,Sci-Fi
due-date,Comedy
due-date,Drama
duel,Action
duel,Thriller
duma,Adventure
duma,Drama
duma,Family
dumb-and-dumber,Comedy
dumb-and-dumberer-when-harry-met-lloyd,Comedy
dumbo-1941,Adventure
dumbo-1941,Animation
dumbo-1941,Drama
dumbo-1941,Family
dumbo-1941,Fantasy
dumbo-1941,Musical
dune-part-one,Action
dune-part-one,Adventure
dune-part-one,Drama
dune-part-one,Sci-Fi
dune-part-two,Action
dune-part-two,Adventure
dune-part-two,Drama
dune-part-two,Sci-Fi
dungeons-dragons,Action
dungeons-dragons,Adventure
dungeons-dragons,Fantasy
dungeons-dragons-honor-among-thieves,Action
dungeons-dragons-honor-among-thieves,Adventure
dungeons-dragons-honor-among-thieves,Comedy
dungeons-dragons-honor-among-thieves,Fantasy
dunkirk,Action
dunkirk,Drama
dunkirk,History
dunkirk,Thriller
dunkirk,War
duplex,Comedy
dust-bunny,Action
dust-bunny,Drama
dust-bunny,Horror
dust-bunny,Thriller
eagle-eye,Action
eagle-eye,Mystery
eagle-eye,Thriller
early-spring,Drama
earth-mama,Drama
easier-with-practice,Drama
easier-with-practice,Romance
east-of-wall,Drama
eastern-boys,Crime
eastern-boys,Drama
eastern-boys,Romance
eastern-boys,Thriller
eastern-promises,Crime
eastern-promises,Drama
eastern-promises,Thriller
easy-a,Comedy
easy-a,Drama
easy-a,Romance
easy-money,Action
easy-money,Crime
easy-money,Drama
easy-money,Thriller
easy-rider,Adventure
easy-rider,Drama
eat-drink-man-woman,Comedy
eat-drink-man-woman,Drama
eat-drink-man-woman,Romance
eat-pray-love,Biography
eat-pray-love,Comedy
eat-pray-love,Drama
eat-pray-love,Romance
eat-that-question-frank-zappa-in-his-own-words,Biography
eat-that-question-frank-zappa-in-his-own-words,Documentary
eat-that-question-frank-zappa-in-his-own-words,Music
ed-wood,Biography
ed-wood,Comedy
ed-wood,Drama
eden-2014,Biography
eden-2014,Drama
eden-2014,Music
eden-lake,Horror
eden-lake,Thriller
edge-of-tomorrow,Action
edge-of-tomorrow,Adventure
edge-of-tomorrow,Sci-Fi
eephus,Comedy
eephus,Drama
eephus,Sport
egg,Comedy
eight-crazy-nights,Animation
eight-crazy-nights,Comedy
eight-crazy-nights,Musical
eight-legged-freaks,Action
eight-legged-freaks,Adventure
eight-legged-freaks,Comedy
eight-legged-freaks,Horror
eight-legged-freaks,Sci-Fi
eight-legged-freaks,Thriller
eighth-grade,Comedy
eighth-grade,Drama
eileen,Drama
eileen,Mystery
eileen,Romance
eileen,Thriller
el-camino-a-breaking-bad-movie,Crime
el-camino-a-breaking-bad-movie,Drama
el-camino-a-breaking-bad-movie,Thriller
el-cid,Biography
el-cid,Drama
el-cid,History
el-cid,Romance
el-cid,War
el-conde,Comedy
el-conde,Fantasy
el-conde,History
el-conde,Horror
el-dorado,Drama
el-dorado,Romance
el-dorado,Western
el-mariachi,Action
el-mariachi,Crime
el-mariachi,Thriller
el-planeta,Comedy
el-planeta,Drama
elaine-stritch-shoot-me,Documentary
election-1999,Comedy
election-1999,Romance
elektra,Action
elektra,Adventure
elektra,Crime
elektra,Fantasy
elena,Crime
elena,Drama
elena,Thriller
elena-2014,Biography
elena-2014,Documentary
elena-2014,Drama
elephant,Crime
elephant,Drama
elephant,Thriller
elevator-to-the-gallows,Crime
elevator-to-the-gallows,Drama
elevator-to-the-gallows,Thriller
elite-squad-the-enemy-within,Crime
elite-squad-the-enemy-within,Drama
elite-squad-the-enemy-within,Thriller
elizabeth,Biography
elizabeth,Drama
elizabeth,History
elizabeth-taylor-the-lost-tapes,Documentary
elizabeth-the-golden-age,Biography
elizabeth-the-golden-age,Drama
elizabeth-the-golden-age,History
elizabeth-the-golden-age,War
ella-enchanted,Comedy
ella-enchanted,Family
ella-enchanted,Fantasy
ella-enchanted,Romance
elle,Action
elle,Crime
elle,Drama
elle,Mystery
elle,Romance
elle,Thriller
ema,Drama
ema,Music
ema,Romance
embrace-of-the-serpent,Adventure
embrace-of-the-serpent,Biography
embrace-of-the-serpent,Drama
emergency,Comedy
emergency,Drama
emergency,Thriller
emily-2022,Biography
emily-2022,Drama
emily-2022,History
emily-2022,Romance
emily-the-criminal,Crime
emily-the-criminal,Drama
emily-the-criminal,Thriller
emma-2020,Comedy
emma-2020,Drama
emma-2020,Romance
empire-of-the-sun,Drama
empire-of-the-sun,War
en-el-septimo-dia-on-the-seventh-day,Drama
encanto-2021,Animation
encanto-2021,Comedy
encanto-2021,Family
encanto-2021,Fantasy
encanto-2021,Musical
enchanted,Adventure
enchanted,Animation
enchanted,Comedy
enchanted,Family
enchanted,Fantasy
enchanted,Musical
enchanted,Romance
encounters-at-the-end-of-the-world,Documentary
end-of-days,Action
end-of-days,Fantasy
end-of-days,Horror
end-of-days,Thriller
end-of-sentence,Adventure
end-of-sentence,Drama
end-of-the-century-2019,Drama
endless-poetry,Biography
endless-poetry,Drama
endless-poetry,Fantasy
enemies-of-the-state,Documentary
enemy-at-the-gates,Action
enemy-at-the-gates,Drama
enemy-at-the-gates,War
ennio,Biography
ennio,Documentary
ennio,Music
enough,Crime
enough,Drama
enough,Thriller
enough-said,Comedy
enough-said,Drama
enough-said,Romance
enron-the-smartest-guys-in-the-room,Documentary
enter-the-dragon,Action
enter-the-dragon,Crime
enter-the-dragon,Thriller
enter-the-void,Drama
enter-the-void,Fantasy
entrapment,Action
entrapment,Crime
entrapment,Romance
entrapment,Thriller
enys-men,Fantasy
enys-men,Horror
enys-men,Mystery
eo,Drama
epic-elvis-presley-in-concert,Biography
epic-elvis-presley-in-concert,Documentary
epic-elvis-presley-in-concert,Music
epic-movie,Adventure
epic-movie,Comedy
epic-movie,Fantasy
equilibrium,Action
equilibrium,Drama
equilibrium,Sci-Fi
equilibrium,Thriller
eragon,Action
eragon,Adventure
eragon,Family
eragon,Fantasy
eraser,Action
eraser,Crime
eraser,Thriller
eraserhead,Fantasy
eraserhead,Horror
ernest-celestine,Adventure
ernest-celestine,Animation
ernest-celestine,Comedy
ernest-celestine,Crime
ernest-celestine,Drama
ernest-celestine,Family
ernest-celestine,Fantasy
ernest-cole-lost-and-found,Biography
ernest-cole-lost-and-found,Documentary
ernest-cole-lost-and-found,History
erupcja,Comedy
erupcja,Drama
erupcja,Romance
escape-from-mogadishu,Action
escape-from-mogadishu,Drama
escape-from-mogadishu,Thriller
escape-from-new-york,Action
escape-from-new-york,Adventure
escape-from-new-york,Sci-Fi
escape-from-the-planet-of-the-apes,Action
escape-from-the-planet-of-the-apes,Sci-Fi
escapes,Documentary
et-the-extra-terrestrial,Adventure
et-the-extra-terrestrial,Family
et-the-extra-terrestrial,Sci-Fi
eternal-beauty,Comedy
eternal-beauty,Drama
eternal-beauty,Romance
eternal-spring,Animation
eternal-spring,Documentary
eternal-sunshine-of-the-spotless-mind,Drama
eternal-sunshine-of-the-spotless-mind,Romance
eternal-sunshine-of-the-spotless-mind,Sci-Fi
eternal-you,Documentary
eternal-you,Drama
eternity-and-a-day,Drama
ethel-ernest,Animation
ethel-ernest,Drama
ethel-ernest,History
eureka,Crime
eureka,Drama
eureka,Thriller
eurotrip,Comedy
euthanizer,Drama
euthanizer,Horror
euthanizer,Thriller
evan-almighty,Comedy
evan-almighty,Family
evan-almighty,Fantasy
evangelion-20-you-can-not-advance,Action
evangelion-20-you-can-not-advance,Animation
evangelion-20-you-can-not-advance,Drama
evangelion-20-you-can-not-advance,Sci-Fi
evangelion-30+10-thrice-upon-a-time,Action
evangelion-30+10-thrice-upon-a-time,Animation
evangelion-30+10-thrice-upon-a-time,Drama
evangelion-30+10-thrice-upon-a-time,Sci-Fi
event-horizon,Horror
event-horizon,Sci-Fi
event-horizon,Thriller
everlasting-moments,Drama
everlasting-moments,History
every-body,Documentary
every-little-step,Documentary
every-little-step,Music
everybody-wants-some!!,Comedy
everybodys-everything,Documentary
everybodys-everything,Music
everyone-else,Drama
everyone-else,Romance
everything-everywhere-all-at-once,Action
everything-everywhere-all-at-once,Adventure
everything-everywhere-all-at-once,Comedy
everything-everywhere-all-at-once,Drama
everything-everywhere-all-at-once,Fantasy
everything-everywhere-all-at-once,Sci-Fi
everything-must-go,Comedy
everything-must-go,Drama
eves-bayou,Drama
evil-dead-ii,Comedy
evil-dead-ii,Horror
evil-does-not-exist,Drama
evita,Biography
evita,Drama
evita,History
evita,Musical
evolution,Comedy
evolution,Sci-Fi
evolution-2015,Drama
evolution-2015,Horror
evolution-2015,Mystery
evolution-2015,Sci-Fi
ex-libris-the-new-york-public-library,Documentary
ex-machina,Drama
ex-machina,Sci-Fi
ex-machina,Thriller
exhibiting-forgiveness,Drama
exhibition,Drama
existenz,Horror
existenz,Mystery
existenz,Sci-Fi
existenz,Thriller
exit-8,Action
exit-8,Adventure
exit-8,Horror
exit-8,Mystery
exit-8,Thriller
exit-through-the-gift-shop,Comedy
exit-through-the-gift-shop,Crime
exit-through-the-gift-shop,Documentary
exit-through-the-gift-shop,History
exorcist-the-beginning,Horror
exorcist-the-beginning,Mystery
exorcist-the-beginning,Thriller
experimenter,Biography
experimenter,Drama
experimenter,History
extra-ordinary,Comedy
extra-ordinary,Fantasy
extra-ordinary,Horror
extract,Comedy
extract,Crime
extract,Romance
extremely-loud-and-incredibly-close,Adventure
extremely-loud-and-incredibly-close,Drama
extremely-loud-and-incredibly-close,Mystery
eye-in-the-sky,Drama
eye-in-the-sky,Thriller
eye-in-the-sky,War
eyes-wide-shut,Drama
eyes-wide-shut,Mystery
eyes-wide-shut,Thriller
eyes-without-a-face-re-release,Drama
eyes-without-a-face-re-release,Horror
f-for-fake,Documentary
faceoff,Action
faceoff,Crime
faceoff,Sci-Fi
faceoff,Thriller
faces,Drama
faces-places,Adventure
faces-places,Documentary
fahrenheit-911,Documentary
fahrenheit-911,Drama
fahrenheit-911,War
fair-game-2010,Biography
fair-game-2010,Drama
fair-game-2010,Thriller
fair-play-2023,Drama
fair-play-2023,Thriller
fairyland,Drama
falcon-lake,Drama
falcon-lake,Mystery
falcon-lake,Romance
fallen-angels,Comedy
fallen-angels,Crime
fallen-angels,Drama
fallen-angels,Romance
fallen-leaves,Comedy
fallen-leaves,Drama
fallen-leaves,Romance
falling-down,Crime
falling-down,Drama
falling-down,Thriller
familiar-touch,Drama
family-plot,Comedy
family-plot,Crime
family-plot,Drama
family-plot,Mystery
family-plot,Thriller
family-portrait,Drama
fanboys,Adventure
fanboys,Comedy
fanboys,Crime
fancy-dance,Drama
fanny-and-alexander-re-release,Drama
fantasia,Animation
fantasia,Family
fantasia,Fantasy
fantasia,Music
fantasia,Musical
fantasia-2000,Animation
fantasia-2000,Family
fantasia-2000,Fantasy
fantasia-2000,Music
fantastic-four,Action
fantastic-four,Adventure
fantastic-four,Fantasy
fantastic-four,Sci-Fi
fantastic-four-rise-of-the-silver-surfer,Action
fantastic-four-rise-of-the-silver-surfer,Adventure
fantastic-four-rise-of-the-silver-surfer,Fantasy
fantastic-four-rise-of-the-silver-surfer,Sci-Fi
fantastic-mr-fox,Adventure
fantastic-mr-fox,Animation
fantastic-mr-fox,Comedy
fantastic-mr-fox,Crime
fantastic-mr-fox,Drama
fantastic-mr-fox,Family
fantasy-life,Comedy
fantasy-life,Drama
fantasy-life,Romance
far-from-heaven,Drama
far-from-heaven,Romance
far-from-men,Drama
far-from-men,War
far-from-the-madding-crowd,Drama
far-from-the-madding-crowd,Romance
farewell,Drama
farewell,Romance
farewell,Thriller
farewell-amor,Drama
farewell-amor,Music
farewell-amor,Romance
farewell-my-concubine,Drama
farewell-my-concubine,Music
farewell-my-concubine,Romance
fargo,Crime
fargo,Drama
fargo,Thriller
fast-five,Action
fast-five,Crime
fast-five,Thriller
fast-times-at-ridgemont-high,Comedy
fast-times-at-ridgemont-high,Drama
fastball,Documentary
fastball,Sport
faster-2010,Action
faster-2010,Crime
faster-2010,Drama
faster-2010,Thriller
fat-girl,Drama
fateless,Drama
fateless,Romance
fateless,War
father-mother-sister-brother,Comedy
father-mother-sister-brother,Drama
father-of-my-children,Drama
father-soldier-son,Documentary
father-soldier-son,War
fauci,Biography
fauci,Documentary
fauci,History
faya-dayi,Documentary
faya-dayi,Drama
fear,Drama
fear,Thriller
fear-and-loathing-in-las-vegas,Adventure
fear-and-loathing-in-las-vegas,Comedy
fear-and-loathing-in-las-vegas,Drama
fed-up,Documentary
feels-good-man,Comedy
feels-good-man,Documentary
felicite,Drama
felicite,Music
fences,Drama
ferrari,Biography
ferrari,Drama
ferrari,History
ferrari,Sport
festival-express,Documentary
festival-express,History
festival-express,Music
fever-dream,Drama
fever-dream,Horror
fever-dream,Mystery
fever-dream,Thriller
fever-heat-re-release,Crime
fever-heat-re-release,Drama
fever-heat-re-release,Thriller
fiddler-a-miracle-of-miracles,Documentary
field-of-dreams,Drama
field-of-dreams,Family
field-of-dreams,Fantasy
field-of-dreams,Sport
fifi-howls-from-happiness,Documentary
fight-club,Crime
fight-club,Drama
fight-club,Thriller
fighter,Documentary
fill-the-void,Drama
fill-the-void,Romance
filmworker,Biography
filmworker,Documentary
final-account,Documentary
final-destination-2,Horror
final-destination-2,Thriller
final-destination-bloodlines,Horror
final-destination-bloodlines,Thriller
final-fantasy-the-spirits-within,Action
final-fantasy-the-spirits-within,Adventure
final-fantasy-the-spirits-within,Animation
final-fantasy-the-spirits-within,Fantasy
final-fantasy-the-spirits-within,Romance
final-fantasy-the-spirits-within,Sci-Fi
final-portrait,Biography
final-portrait,Comedy
final-portrait,Drama
finders-keepers,Documentary
finding-dory,Adventure
finding-dory,Animation
finding-dory,Comedy
finding-dory,Family
finding-dory,Fantasy
finding-dory,Mystery
finding-nemo,Adventure
finding-nemo,Animation
finding-nemo,Comedy
finding-nemo,Family
finding-neverland,Biography
finding-neverland,Drama
finding-neverland,Family
finding-vivian-maier,Biography
finding-vivian-maier,Documentary
finding-vivian-maier,History
finding-vivian-maier,Mystery
fire-at-sea,Documentary
fire-island,Comedy
fire-island,Romance
fire-of-love,Biography
fire-of-love,Documentary
fire-will-come,Crime
fire-will-come,Drama
fireball-visitors-from-darker-worlds,Documentary
fireworks-1998,Crime
fireworks-1998,Drama
fireworks-1998,Romance
fireworks-1998,Thriller
fireworks-wednesday-2006,Drama
fireworks-wednesday-2006,Mystery
fireworks-wednesday-2006,Romance
fireworks-wednesday-2006,Thriller
first-blood,Action
first-blood,Adventure
first-blood,Thriller
first-cow,Drama
first-cow,Western
first-love-2019,Action
first-love-2019,Comedy
first-love-2019,Crime
first-love-2019,Romance
first-man,Biography
first-man,Drama
first-man,History
first-position,Documentary
first-reformed,Drama
first-reformed,Mystery
first-reformed,Thriller
first-they-killed-my-father,Biography
first-they-killed-my-father,Drama
first-they-killed-my-father,History
first-they-killed-my-father,War
fish-tank,Drama
fiume-o-morte,Documentary
fiume-o-morte,History
five-easy-pieces,Drama
five-fingers-for-marseilles,Drama
five-fingers-for-marseilles,Thriller
five-fingers-for-marseilles,Western
flags-of-our-fathers,Action
flags-of-our-fathers,Adventure
flags-of-our-fathers,Drama
flags-of-our-fathers,History
flags-of-our-fathers,War
flash-gordon,Action
flash-gordon,Adventure
flash-gordon,Sci-Fi
flashdance,Drama
flashdance,Music
flashdance,Romance
flatliners,Drama
flatliners,Horror
flatliners,Sci-Fi
flatliners,Thriller
flee,Animation
flee,Biography
flee,Documentary
flee,Drama
flight,Drama
flight,Thriller
flight-of-the-red-balloon,Drama
flight-of-the-red-balloon,Family
flightplan,Drama
flightplan,Mystery
flightplan,Thriller
flipped,Comedy
flipped,Drama
flipped,Romance
flirting-with-disaster,Comedy
flora-and-son,Comedy
flora-and-son,Music
flora-and-son,Romance
florence-foster-jenkins,Biography
florence-foster-jenkins,Comedy
florence-foster-jenkins,Drama
florence-foster-jenkins,Music
flow,Adventure
flow,Animation
flow,Family
flow,Fantasy
flubber,Comedy
flubber,Family
flubber,Sci-Fi
flushed-away,Action
flushed-away,Adventure
flushed-away,Animation
flushed-away,Comedy
flushed-away,Drama
flushed-away,Family
flushed-away,Romance
flux-gourmet,Comedy
flux-gourmet,Drama
flux-gourmet,Horror
fly-away-home,Adventure
fly-away-home,Drama
fly-away-home,Family
food-inc,Documentary
food-inc,News
footlight-parade,Comedy
footlight-parade,Musical
footlight-parade,Romance
footloose,Comedy
footloose,Drama
footloose,Music
footloose,Romance
footnote,Comedy
footnote,Drama
for-a-few-dollars-more,Drama
for-a-few-dollars-more,Western
for-all-mankind,Documentary
for-all-mankind,History
for-sama,Biography
for-sama,Documentary
for-sama,War
for-the-love-of-spock,Biography
for-the-love-of-spock,Documentary
for-those-in-peril,Drama
for-your-eyes-only,Action
for-your-eyes-only,Adventure
for-your-eyes-only,Thriller
forbidden-lie,Documentary
forbidden-lie,Drama
forbidden-planet,Adventure
forbidden-planet,Sci-Fi
force-majeure,Comedy
force-majeure,Drama
force-of-evil,Crime
force-of-evil,Drama
force-of-evil,Film-Noir
ford-v-ferrari,Action
ford-v-ferrari,Biography
ford-v-ferrari,Drama
ford-v-ferrari,Sport
foreign-correspondent,Action
foreign-correspondent,Drama
foreign-correspondent,Romance
foreign-correspondent,Thriller
foreign-correspondent,War
forgetting-sarah-marshall,Comedy
forgetting-sarah-marshall,Drama
forgetting-sarah-marshall,Romance
forrest-gump,Drama
forrest-gump,Romance
fort-tilden,Comedy
four-christmases,Comedy
four-christmases,Drama
four-christmases,Romance
four-daughters,Documentary
four-hours-at-the-capitol,Crime
four-hours-at-the-capitol,Documentary
four-weddings-and-a-funeral,Comedy
four-weddings-and-a-funeral,Drama
four-weddings-and-a-funeral,Romance
foxcatcher,Biography
foxcatcher,Drama
foxcatcher,History
foxcatcher,Sport
foxtrot,Drama
foxtrot,War
frailty,Crime
frailty,Drama
frailty,Thriller
frances-ha,Comedy
frances-ha,Drama
frances-ha,Romance
francofonia,Drama
francofonia,History
frank,Comedy
frank,Drama
frank,Music
frankenstein,Drama
frankenstein,Horror
frankenstein,Sci-Fi
frankenstein,Thriller
frankenstein-2025,Drama
frankenstein-2025,Fantasy
frankenstein-2025,Horror
frankenstein-2025,Sci-Fi
frankenweenie,Animation
frankenweenie,Comedy
frankenweenie,Drama
frankenweenie,Family
frankenweenie,Fantasy
frankenweenie,Horror
frankenweenie,Sci-Fi
frankenweenie,Thriller
frantz,Drama
frantz,History
frantz,Romance
frantz,War
freaks-1932,Drama
freaks-1932,Horror
freaky-friday,Comedy
freaky-friday,Family
freaky-friday,Fantasy
freaky-friday,Music
freaky-friday,Romance
freddy-got-fingered,Comedy
freddy-vs-jason,Horror
freddys-dead-the-final-nightmare,Fantasy
freddys-dead-the-final-nightmare,Horror
free-angela-all-political-prisoners,Crime
free-angela-all-political-prisoners,Documentary
free-angela-all-political-prisoners,History
free-solo,Adventure
free-solo,Documentary
free-solo,Sport
free-time-2023,Comedy
free-willy,Adventure
free-willy,Drama
free-willy,Family
freedom-writers,Biography
freedom-writers,Crime
freedom-writers,Drama
fremont,Drama
frenzy,Drama
frenzy,Thriller
frequency,Crime
frequency,Drama
frequency,Mystery
frequency,Sci-Fi
frequency,Thriller
fresh,Crime
fresh,Drama
fresh,Thriller
frida,Biography
frida,Drama
frida,Romance
frida-2024,Animation
frida-2024,Documentary
friday,Comedy
friday,Drama
friday-night-lights,Action
friday-night-lights,Drama
friday-night-lights,Sport
friday-the-13th,Horror
friday-the-13th,Mystery
friday-the-13th,Thriller
friday-the-13th-1980,Horror
friday-the-13th-1980,Mystery
friday-the-13th-1980,Thriller
friday-the-13th-part-iii,Horror
friday-the-13th-part-iii,Thriller
friday-the-13th-part-vi-jason-lives,Horror
friday-the-13th-part-vi-jason-lives,Thriller
friday-the-13th-part-vii-the-new-blood,Horror
friday-the-13th-part-vii-the-new-blood,Thriller
friday-the-13th-part-viii-jason-takes-manhattan,Adventure
friday-the-13th-part-viii-jason-takes-manhattan,Horror
friday-the-13th-part-viii-jason-takes-manhattan,Thriller
friday-the-13th-the-final-chapter,Horror
friday-the-13th-the-final-chapter,Thriller
friendship,Comedy
fright-night,Action
fright-night,Comedy
fright-night,Drama
fright-night,Horror
fright-night,Mystery
fright-night-1985,Horror
from-afar,Drama
from-afar,Romance
from-dusk-till-dawn,Action
from-dusk-till-dawn,Crime
from-dusk-till-dawn,Horror
from-ground-zero,Animation
from-ground-zero,Documentary
from-ground-zero,Drama
from-hell,Crime
from-hell,Horror
from-hell,Mystery
from-hell,Thriller
from-here-to-eternity-re-release,Drama
from-here-to-eternity-re-release,Romance
from-here-to-eternity-re-release,War
from-russia-with-love,Action
from-russia-with-love,Adventure
from-russia-with-love,Thriller
from-up-on-poppy-hill,Animation
from-up-on-poppy-hill,Comedy
from-up-on-poppy-hill,Drama
from-up-on-poppy-hill,Family
from-up-on-poppy-hill,History
from-up-on-poppy-hill,Romance
frostnixon,Biography
frostnixon,Drama
frostnixon,History
frozen,Adventure
frozen,Thriller
frozen-2013,Adventure
frozen-2013,Animation
frozen-2013,Comedy
frozen-2013,Family
frozen-2013,Fantasy
frozen-2013,Musical
frozen-river,Crime
frozen-river,Drama
fruitvale-station,Biography
fruitvale-station,Crime
fruitvale-station,Drama
frybread-face-and-me,Drama
full-metal-jacket,Drama
full-metal-jacket,War
full-river-red,Comedy
full-river-red,Drama
full-river-red,History
full-river-red,Mystery
full-time,Drama
full-time,Thriller
fun-with-dick-and-jane,Comedy
fun-with-dick-and-jane,Crime
funan,Animation
funan,Drama
funan,History
funan,War
funny-games,Crime
funny-games,Drama
funny-games,Thriller
funny-girl,Biography
funny-girl,Comedy
funny-girl,Drama
funny-girl,Musical
funny-girl,Romance
funny-pages,Comedy
furiosa-a-mad-max-saga,Action
furiosa-a-mad-max-saga,Adventure
furiosa-a-mad-max-saga,Sci-Fi
fyre,Crime
fyre,Documentary
fyre,Music
g-force,Action
g-force,Adventure
g-force,Animation
g-force,Comedy
g-force,Family
g-force,Fantasy
g-force,Sci-Fi
gabrielle,Drama
gabrielle,Romance
gagarine,Drama
gagarine,Fantasy
galaxy-quest,Adventure
galaxy-quest,Comedy
galaxy-quest,Sci-Fi
gamer,Action
gamer,Sci-Fi
gamer,Thriller
gandhi,Biography
gandhi,Drama
gandhi,History
gangs-of-new-york,Crime
gangs-of-new-york,Drama
gangs-of-wasseypur,Action
gangs-of-wasseypur,Comedy
gangs-of-wasseypur,Crime
gangs-of-wasseypur,Drama
gangs-of-wasseypur,Thriller
garden-state,Comedy
garden-state,Drama
garden-state,Romance
garfield,Adventure
garfield,Comedy
garfield,Family
garfield,Fantasy
gaslight,Crime
gaslight,Drama
gaslight,Mystery
gaslight,Romance
gaslight,Thriller
gasoline-rainbow,Adventure
gasoline-rainbow,Drama
gattaca,Drama
gattaca,Sci-Fi
gattaca,Thriller
gaucho-gaucho,Documentary
gavagai,Drama
gazer,Mystery
gazer,Thriller
gencse-genesis,Drama
genius-within-the-inner-life-of-glenn-gould,Biography
genius-within-the-inner-life-of-glenn-gould,Documentary
genius-within-the-inner-life-of-glenn-gould,Music
george-of-the-jungle,Action
george-of-the-jungle,Adventure
george-of-the-jungle,Comedy
george-of-the-jungle,Family
george-of-the-jungle,Romance
george-washington,Drama
georgia,Drama
georgia,Music
geralds-game,Drama
geralds-game,Horror
geralds-game,Thriller
gerhard-richter---painting,Documentary
get-carter,Action
get-carter,Crime
get-carter,Drama
get-carter,Thriller
get-carter-1971,Crime
get-carter-1971,Thriller
get-him-to-the-greek,Comedy
get-him-to-the-greek,Music
get-low,Drama
get-low,Mystery
get-me-roger-stone,Biography
get-me-roger-stone,Documentary
get-on-the-bus,Adventure
get-on-the-bus,Drama
get-on-the-bus,History
get-on-up,Biography
get-on-up,Drama
get-on-up,Music
get-out,Horror
get-out,Mystery
get-out,Thriller
get-shorty,Comedy
get-shorty,Crime
get-shorty,Thriller
get-smart,Action
get-smart,Adventure
get-smart,Comedy
gett-the-trial-of-viviane-amsalem,Biography
gett-the-trial-of-viviane-amsalem,Drama
ghost,Drama
ghost,Fantasy
ghost,Romance
ghost,Thriller
ghost-dog-the-way-of-the-samurai,Crime
ghost-dog-the-way-of-the-samurai,Drama
ghost-in-the-shell,Action
ghost-in-the-shell,Animation
ghost-in-the-shell,Crime
ghost-in-the-shell,Drama
ghost-in-the-shell,Mystery
ghost-in-the-shell,Sci-Fi
ghost-in-the-shell,Thriller
ghost-in-the-shell-2-innocence,Animation
ghost-in-the-shell-2-innocence,Drama
ghost-in-the-shell-2-innocence,Mystery
ghost-in-the-shell-2-innocence,Sci-Fi
ghost-in-the-shell-2-innocence,Thriller
ghost-rider,Action
ghost-rider,Fantasy
ghost-rider,Thriller
ghost-ship,Horror
ghost-ship,Mystery
ghost-ship,Thriller
ghost-trail,Drama
ghost-trail,Thriller
ghost-world,Comedy
ghost-world,Drama
ghostbusters,Action
ghostbusters,Comedy
ghostbusters,Fantasy
ghostbusters,Sci-Fi
ghostbusters-ii,Action
ghostbusters-ii,Comedy
ghostbusters-ii,Fantasy
ghostbusters-ii,Sci-Fi
ghostlight-2024,Comedy
ghostlight-2024,Drama
ghosts-of-mars,Action
ghosts-of-mars,Horror
ghosts-of-mars,Sci-Fi
gi-joe-the-rise-of-cobra,Action
gi-joe-the-rise-of-cobra,Adventure
gi-joe-the-rise-of-cobra,Sci-Fi
gi-joe-the-rise-of-cobra,Thriller
giant-1956,Drama
giant-1956,Western
gideons-army,Documentary
gigi,Comedy
gigi,Musical
gigi,Romance
gigli,Comedy
gigli,Crime
gigli,Romance
gilbert,Biography
gilbert,Comedy
gilbert,Documentary
gilles-wife,Drama
gimme-danger,Documentary
gimme-danger,Music
gimme-shelter-1970,Documentary
gimme-shelter-1970,Music
gimme-shelter-1970,Thriller
gimme-the-loot,Comedy
gimme-the-loot,Crime
gimme-the-loot,Drama
girl,Drama
girl-interrupted,Biography
girl-interrupted,Drama
girl-picture,Drama
girl-picture,Romance
girl-with-a-pearl-earring,Biography
girl-with-a-pearl-earring,Drama
girl-with-a-pearl-earring,Romance
girlhood-2014,Drama
girls-state,Documentary
girls-trip,Adventure
girls-trip,Comedy
girls-trip,Drama
girls-will-be-girls-2024,Drama
girls-will-be-girls-2024,Romance
give-me-liberty,Comedy
give-me-liberty,Drama
gladiator,Action
gladiator,Adventure
gladiator,Drama
glass-onion-a-knives-out-mystery,Comedy
glass-onion-a-knives-out-mystery,Crime
glass-onion-a-knives-out-mystery,Drama
glass-onion-a-knives-out-mystery,Mystery
glass-onion-a-knives-out-mystery,Thriller
gleason,Biography
gleason,Documentary
glee-the-3d-concert-movie,Comedy
glee-the-3d-concert-movie,Documentary
glee-the-3d-concert-movie,Music
glen-campbell-ill-be-me,Biography
glen-campbell-ill-be-me,Documentary
glen-campbell-ill-be-me,Family
glen-campbell-ill-be-me,Music
glengarry-glen-ross,Crime
glengarry-glen-ross,Drama
glengarry-glen-ross,Mystery
glitter,Drama
glitter,Music
glitter,Romance
gloria-2013,Comedy
gloria-2013,Drama
gloria-2013,Romance
gloria-bell,Comedy
gloria-bell,Drama
gloria-bell,Music
gloria-bell,Romance
glory,Biography
glory,Drama
glory,History
glory,War
glory-2017,Drama
gnomeo-and-juliet,Adventure
gnomeo-and-juliet,Animation
gnomeo-and-juliet,Comedy
gnomeo-and-juliet,Family
gnomeo-and-juliet,Fantasy
gnomeo-and-juliet,Musical
gnomeo-and-juliet,Romance
go,Comedy
go,Crime
god-loves-uganda,Documentary
godland,Drama
gods-country,Thriller
gods-own-country,Drama
gods-own-country,Romance
godzilla,Drama
godzilla,Horror
godzilla,Sci-Fi
godzilla-1998,Action
godzilla-1998,Sci-Fi
godzilla-1998,Thriller
godzilla-minus-one,Action
godzilla-minus-one,Adventure
godzilla-minus-one,Drama
godzilla-minus-one,Horror
godzilla-minus-one,Sci-Fi
going-clear-scientology-and-the-prison-of-belief,Documentary
going-the-distance,Comedy
going-the-distance,Romance
golden-exits,Drama
goldeneye,Action
goldeneye,Adventure
goldeneye,Thriller
goldfinger,Action
goldfinger,Adventure
goldfinger,Thriller
goldstone,Action
goldstone,Crime
goldstone,Mystery
goldstone,Thriller
gomorrah,Crime
gomorrah,Drama
gone-baby-gone,Crime
gone-baby-gone,Drama
gone-baby-gone,Mystery
gone-baby-gone,Thriller
gone-girl,Drama
gone-girl,Mystery
gone-girl,Thriller
gone-in-sixty-seconds,Action
gone-in-sixty-seconds,Crime
gone-in-sixty-seconds,Thriller
gone-with-the-wind,Drama
gone-with-the-wind,Romance
gone-with-the-wind,War
good-boy-2025,Horror
good-boy-2025,Thriller
good-luck-chuck,Comedy
good-luck-chuck,Romance
good-luck-to-you-leo-grande,Comedy
good-luck-to-you-leo-grande,Drama
good-manners,Fantasy
good-manners,Horror
good-morning,Comedy
good-morning,Drama
good-morning,Family
good-morning-vietnam,Biography
good-morning-vietnam,Comedy
good-morning-vietnam,Drama
good-morning-vietnam,War
good-night-and-good-luck,Biography
good-night-and-good-luck,Drama
good-night-and-good-luck,History
good-one,Drama
good-time,Crime
good-time,Drama
good-time,Thriller
good-will-hunting,Drama
good-will-hunting,Romance
goodbye-dragon-inn,Comedy
goodbye-dragon-inn,Drama
goodbye-first-love,Drama
goodbye-first-love,Romance
goodbye-solo,Drama
goodbye-to-language,Drama
goodbye-to-language,Fantasy
goodfellas,Biography
goodfellas,Crime
goodfellas,Drama
goodnight-mommy,Horror
goodnight-mommy,Mystery
goodnight-mommy,Thriller
gore-vidal-the-united-states-of-amnesia,Biography
gore-vidal-the-united-states-of-amnesia,Documentary
gore-vidal-the-united-states-of-amnesia,History
gosford-park,Comedy
gosford-park,Drama
gosford-park,Mystery
gothika,Horror
gothika,Mystery
gothika,Thriller
grace-jones-bloodlight-and-bami,Biography
grace-jones-bloodlight-and-bami,Documentary
grace-jones-bloodlight-and-bami,Music
graceland,Crime
graceland,Thriller
graduation,Crime
graduation,Drama
grand-hotel,Drama
grand-hotel,Romance
grand-theft-hamlet,Animation
grand-theft-hamlet,Documentary
grand-tour,Drama
grand-tour,History
grand-tour,Romance
grandma,Comedy
grandma,Drama
grandmas-boy,Comedy
grass-2018,Drama
grave-encounters,Fantasy
grave-encounters,Horror
grave-encounters,Mystery
grave-encounters,Thriller
grave-of-the-fireflies-1988,Animation
grave-of-the-fireflies-1988,Drama
grave-of-the-fireflies-1988,War
gravity,Drama
gravity,Sci-Fi
gravity,Thriller
grease,Comedy
grease,Musical
grease,Romance
great-absence,Drama
great-expectations-1947,Adventure
great-expectations-1947,Drama
great-expectations-1947,Mystery
great-expectations-1947,Romance
great-freedom,Drama
green-border,Drama
green-lantern,Action
green-lantern,Adventure
green-lantern,Sci-Fi
green-room,Horror
green-room,Thriller
green-street-hooligans,Crime
green-street-hooligans,Drama
green-street-hooligans,Sport
green-street-hooligans,War
greenberg,Comedy
greenberg,Drama
greenberg,Romance
gregory-crewdson-brief-encounters,Biography
gregory-crewdson-brief-encounters,Documentary
gregory-crewdson-brief-encounters,Drama
gremlins,Comedy
gremlins,Fantasy
gremlins,Horror
grey-gardens,Comedy
grey-gardens,Documentary
grey-gardens,Drama
griffin-in-summer,Comedy
grindhouse,Horror
grindhouse,Thriller
grisbi,Crime
grisbi,Drama
grizzly-man,Biography
grizzly-man,Documentary
groundhog-day,Comedy
groundhog-day,Drama
groundhog-day,Fantasy
groundhog-day,Romance
grown-ups,Comedy
guardians-of-the-galaxy,Action
guardians-of-the-galaxy,Adventure
guardians-of-the-galaxy,Comedy
guardians-of-the-galaxy,Sci-Fi
gueros,Comedy
gueros,Drama
guillermo-del-toros-pinocchio,Adventure
guillermo-del-toros-pinocchio,Animation
guillermo-del-toros-pinocchio,Drama
guillermo-del-toros-pinocchio,Family
guillermo-del-toros-pinocchio,Fantasy
guillermo-del-toros-pinocchio,Musical
gullivers-travels,Adventure
gullivers-travels,Comedy
gullivers-travels,Family
gullivers-travels,Fantasy
gummo,Comedy
gummo,Drama
gunda,Documentary
guy-and-madeline-on-a-park-bench,Drama
guy-and-madeline-on-a-park-bench,Musical
guys-and-dolls,Comedy
guys-and-dolls,Crime
guys-and-dolls,Musical
guys-and-dolls,Romance
hacksaw-ridge,Biography
hacksaw-ridge,Drama
hacksaw-ridge,History
hacksaw-ridge,War
hadestown-the-musical,Drama
hadestown-the-musical,Music
hadestown-the-musical,Musical
hadewijch,Drama
hail-caesar!,Comedy
hail-caesar!,Drama
hail-caesar!,Mystery
hail-satan,Documentary
hairspray,Comedy
hairspray,Drama
hairspray,Musical
hairspray,Romance
hairspray-1988,Comedy
hairspray-1988,Drama
hairspray-1988,Music
hairspray-1988,Musical
hairspray-1988,Romance
hala,Drama
hale-county-this-morning-this-evening,Documentary
half-baked,Comedy
half-baked,Crime
half-nelson,Drama
hall-pass,Comedy
hall-pass,Romance
halloween-1978,Horror
halloween-1978,Thriller
halloween-2007,Horror
halloween-4-the-return-of-michael-myers,Horror
halloween-4-the-return-of-michael-myers,Thriller
halloween-5-the-revenge-of-michael-myers,Horror
halloween-5-the-revenge-of-michael-myers,Thriller
halloween-h20-20-years-later,Horror
halloween-h20-20-years-later,Thriller
halloween-ii,Horror
halloween-ii-2009,Horror
halloween-iii-season-of-the-witch,Horror
halloween-iii-season-of-the-witch,Mystery
halloween-iii-season-of-the-witch,Sci-Fi
halloween-iii-season-of-the-witch,Thriller
halloween-resurrection,Horror
halloween-resurrection,Thriller
halloween-the-curse-of-michael-myers,Horror
halloween-the-curse-of-michael-myers,Thriller
ham-on-rye,Drama
ham-on-rye,Mystery
hamilton-2020,Biography
hamilton-2020,Drama
hamilton-2020,History
hamilton-2020,Musical
hamlet-1969,Drama
hamnet,Biography
hamnet,Drama
hamnet,History
hamnet,Romance
hancock,Action
hancock,Comedy
hancock,Drama
hancock,Fantasy
hanna,Action
hanna,Adventure
hanna,Drama
hanna,Thriller
hannah-and-her-sisters,Comedy
hannah-and-her-sisters,Drama
hannah-montana-miley-cyrus-best-of-both-worlds-concert,Documentary
hannah-montana-miley-cyrus-best-of-both-worlds-concert,Music
hannah-montana-the-movie,Comedy
hannah-montana-the-movie,Drama
hannah-montana-the-movie,Family
hannah-montana-the-movie,Music
hannah-montana-the-movie,Romance
hannibal,Crime
hannibal,Drama
hannibal,Thriller
hannibal-rising,Adventure
hannibal-rising,Crime
hannibal-rising,Drama
hannibal-rising,Thriller
hannibal-rising,War
happening,Drama
happiness,Comedy
happiness,Drama
happy-as-lazzaro,Drama
happy-as-lazzaro,Fantasy
happy-as-lazzaro,Mystery
happy-end,Drama
happy-feet,Adventure
happy-feet,Animation
happy-feet,Comedy
happy-feet,Family
happy-feet,Music
happy-feet,Musical
happy-feet,Romance
happy-feet-two,Adventure
happy-feet-two,Animation
happy-feet-two,Comedy
happy-feet-two,Family
happy-feet-two,Musical
happy-feet-two,Romance
happy-go-lucky,Comedy
happy-go-lucky,Drama
happy-go-lucky,Romance
happy-people-a-year-in-the-taiga,Documentary
happy-together,Drama
happy-together,Romance
happy-valley,Documentary
happy-valley,Drama
happy-valley,Sport
happyend,Drama
happyend,Fantasy
happyend,Sci-Fi
hara-kiri-death-of-a-samurai,Drama
harakiri,Drama
harakiri,Mystery
hard-boiled,Action
hard-boiled,Crime
hard-boiled,Thriller
hard-candy,Drama
hard-candy,Thriller
hard-eight,Crime
hard-eight,Drama
hard-to-be-a-god,Drama
hard-to-be-a-god,Sci-Fi
hard-truths-2024,Comedy
hard-truths-2024,Drama
harmonium,Drama
harold-and-lillian-a-hollywood-love-story,Biography
harold-and-lillian-a-hollywood-love-story,Documentary
harold-kumar-escape-from-guantanamo-bay,Adventure
harold-kumar-escape-from-guantanamo-bay,Comedy
harold-kumar-go-to-white-castle,Adventure
harold-kumar-go-to-white-castle,Comedy
harry-brown,Action
harry-brown,Crime
harry-brown,Drama
harry-brown,Thriller
harry-dean-stanton-partly-fiction,Biography
harry-dean-stanton-partly-fiction,Documentary
harry-potter-and-the-deathly-hallows-part-2,Adventure
harry-potter-and-the-deathly-hallows-part-2,Family
harry-potter-and-the-deathly-hallows-part-2,Fantasy
harry-potter-and-the-deathly-hallows-part-2,Mystery
harry-potter-and-the-deathly-hallows-part-i,Adventure
harry-potter-and-the-deathly-hallows-part-i,Family
harry-potter-and-the-deathly-hallows-part-i,Fantasy
harry-potter-and-the-deathly-hallows-part-i,Mystery
harry-potter-and-the-goblet-of-fire,Adventure
harry-potter-and-the-goblet-of-fire,Family
harry-potter-and-the-goblet-of-fire,Fantasy
harry-potter-and-the-goblet-of-fire,Mystery
harry-potter-and-the-half-blood-prince,Adventure
harry-potter-and-the-half-blood-prince,Family
harry-potter-and-the-half-blood-prince,Fantasy
harry-potter-and-the-half-blood-prince,Mystery
harry-potter-and-the-order-of-the-phoenix,Adventure
harry-potter-and-the-order-of-the-phoenix,Family
harry-potter-and-the-order-of-the-phoenix,Fantasy
harry-potter-and-the-order-of-the-phoenix,Mystery
harry-potter-and-the-prisoner-of-azkaban,Adventure
harry-potter-and-the-prisoner-of-azkaban,Family
harry-potter-and-the-prisoner-of-azkaban,Fantasy
harry-potter-and-the-prisoner-of-azkaban,Mystery
harry-potter-and-the-sorcerers-stone,Adventure
harry-potter-and-the-sorcerers-stone,Family
harry-potter-and-the-sorcerers-stone,Fantasy
harvard-beats-yale-29-29,Biography
harvard-beats-yale-29-29,Documentary
harvard-beats-yale-29-29,Sport
harvard-beats-yale-29-29,War
harvey,Comedy
harvey,Drama
harvey,Fantasy
hatchet,Comedy
hatchet,Horror
hatchet,Thriller
hatching,Drama
hatching,Fantasy
hatching,Horror
have-a-nice-day,Animation
have-a-nice-day,Comedy
have-a-nice-day,Crime
have-a-nice-day,Drama
head-on,Drama
head-on,Romance
headhunters-2012,Action
headhunters-2012,Crime
headhunters-2012,Thriller
heal-the-living,Drama
heart-of-a-dog,Documentary
hearts-of-darkness-a-filmmakers-apocalypse,Documentary
heat,Action
heat,Crime
heat,Drama
heathers,Comedy
heathers,Crime
heaven-knows-what,Crime
heaven-knows-what,Drama
heavenly-creatures,Biography
heavenly-creatures,Crime
heavenly-creatures,Drama
heavenly-creatures,Thriller
heavy,Drama
heavy,Romance
heavy-trip,Comedy
heavy-trip,Music
hedda,Drama
hedda,Romance
hedwig-and-the-angry-inch,Comedy
hedwig-and-the-angry-inch,Drama
hedwig-and-the-angry-inch,Music
hedwig-and-the-angry-inch,Musical
hell-and-back-again,Action
hell-and-back-again,Documentary
hell-and-back-again,History
hell-and-back-again,War
hell-or-high-water,Crime
hell-or-high-water,Drama
hell-or-high-water,Thriller
hell-or-high-water,Western
hellbound-hellraiser-ii,Horror
hellbound-hellraiser-ii,Thriller
hellboy,Action
hellboy,Adventure
hellboy,Fantasy
hellboy,Horror
hellboy,Sci-Fi
hellboy-ii-the-golden-army,Action
hellboy-ii-the-golden-army,Adventure
hellboy-ii-the-golden-army,Fantasy
hellboy-ii-the-golden-army,Horror
hellboy-ii-the-golden-army,Sci-Fi
hellraiser,Horror
hellraiser,Thriller
henry-portrait-of-a-serial-killer,Biography
henry-portrait-of-a-serial-killer,Crime
henry-portrait-of-a-serial-killer,Drama
henry-portrait-of-a-serial-killer,Horror
henry-portrait-of-a-serial-killer,Thriller
henry-v,Biography
henry-v,Drama
henry-v,History
henry-v,War
her,Drama
her,Romance
her,Sci-Fi
her-smell,Drama
her-smell,Music
herbie-fully-loaded,Adventure
herbie-fully-loaded,Comedy
herbie-fully-loaded,Family
herbie-fully-loaded,Fantasy
herbie-fully-loaded,Romance
herbie-fully-loaded,Sport
hercules-1997,Action
hercules-1997,Adventure
hercules-1997,Animation
hercules-1997,Comedy
hercules-1997,Family
hercules-1997,Fantasy
hercules-1997,Musical
hercules-1997,Romance
here-2023,Drama
hereafter,Drama
hereafter,Fantasy
hereafter,Romance
hereditary,Drama
hereditary,Horror
hereditary,Mystery
hereditary,Thriller
heretic,Horror
heretic,Thriller
hero,Action
hero,Adventure
hero,Drama
hes-just-not-that-into-you,Comedy
hes-just-not-that-into-you,Drama
hes-just-not-that-into-you,Romance
hesher,Comedy
hesher,Drama
hidden-figures,Biography
hidden-figures,Drama
hidden-figures,History
high-and-low,Crime
high-and-low,Drama
high-and-low,Mystery
high-and-low,Thriller
high-fidelity,Comedy
high-fidelity,Drama
high-fidelity,Music
high-fidelity,Romance
high-flying-bird,Drama
high-flying-bird,Sport
high-hopes,Comedy
high-hopes,Drama
high-life,Drama
high-life,Horror
high-life,Sci-Fi
high-life,Thriller
high-noon-re-release,Drama
high-noon-re-release,Thriller
high-noon-re-release,Western
high-tension,Horror
higher-ground,Drama
highest-2-lowest,Crime
highest-2-lowest,Drama
highest-2-lowest,Mystery
highest-2-lowest,Thriller
highlander,Action
highlander,Adventure
highlander,Fantasy
hilary-and-jackie,Biography
hilary-and-jackie,Drama
hilary-and-jackie,Music
his-girl-friday,Comedy
his-girl-friday,Drama
his-girl-friday,Romance
his-house,Drama
his-house,Horror
his-house,Thriller
his-three-daughters,Drama
hit-man,Comedy
hit-man,Crime
hit-man,Romance
hit-the-road,Comedy
hit-the-road,Drama
hit-the-road,Music
hitch,Comedy
hitch,Romance
hitchcocktruffaut,Documentary
hitman,Action
hitman,Crime
hitman,Thriller
hive,Drama
hoard,Drama
hobo-with-a-shotgun,Action
hobo-with-a-shotgun,Adventure
hobo-with-a-shotgun,Comedy
hobo-with-a-shotgun,Crime
hobo-with-a-shotgun,Horror
hobo-with-a-shotgun,Thriller
hocus-pocus,Comedy
hocus-pocus,Family
hocus-pocus,Fantasy
hokum,Horror
hokum,Thriller
hold-back-the-dawn,Drama
hold-back-the-dawn,Romance
hold-me-tight,Drama
holiday-2018,Crime
holiday-2018,Drama
holler,Drama
hollow-man,Action
hollow-man,Horror
hollow-man,Sci-Fi
hollow-man,Thriller
hollywoodgate,Documentary
hollywoodgate,War
holy-cow,Comedy
holy-cow,Drama
holy-motors,Drama
holy-motors,Fantasy
home-alone,Comedy
home-alone,Family
home-alone-2-lost-in-new-york,Adventure
home-alone-2-lost-in-new-york,Comedy
home-alone-2-lost-in-new-york,Crime
home-alone-2-lost-in-new-york,Family
home-on-the-range,Adventure
home-on-the-range,Animation
home-on-the-range,Comedy
home-on-the-range,Family
home-on-the-range,Musical
home-on-the-range,Western
homicide,Crime
homicide,Mystery
homicide,Thriller
honey-boy,Drama
honey-bunch,Comedy
honey-bunch,Drama
honey-bunch,Fantasy
honey-bunch,Horror
honey-bunch,Sci-Fi
honey-bunch,Thriller
honeyland,Documentary
hoodwinked-too!-hood-vs-evil,Adventure
hoodwinked-too!-hood-vs-evil,Animation
hoodwinked-too!-hood-vs-evil,Comedy
hoodwinked-too!-hood-vs-evil,Crime
hoodwinked-too!-hood-vs-evil,Family
hoodwinked-too!-hood-vs-evil,Fantasy
hoodwinked-too!-hood-vs-evil,Mystery
hoop-dreams,Documentary
hoop-dreams,Drama
hoop-dreams,Sport
hoosiers,Drama
hoosiers,Sport
hop,Adventure
hop,Animation
hop,Comedy
hop,Family
hop,Fantasy
hope,Drama
hope,Romance
hope-and-glory,Comedy
hope-and-glory,Drama
hope-and-glory,Romance
hoppers,Adventure
hoppers,Animation
hoppers,Comedy
hoppers,Family
hoppers,Sci-Fi
horse-feathers,Comedy
horse-feathers,Family
horse-feathers,Musical
horse-feathers,Romance
horse-feathers,Sport
horse-money,Drama
horton-hears-a-who!,Adventure
horton-hears-a-who!,Animation
horton-hears-a-who!,Comedy
horton-hears-a-who!,Drama
horton-hears-a-who!,Family
horton-hears-a-who!,Fantasy
horton-hears-a-who!,Music
host,Horror
host,Mystery
hostel,Horror
hostel-part-ii,Horror
hot-fuzz,Action
hot-fuzz,Comedy
hot-fuzz,Mystery
hot-fuzz,Thriller
hot-rod,Comedy
hot-rod,Sport
hot-tub-time-machine,Comedy
hot-tub-time-machine,Sci-Fi
hotel-by-the-river,Drama
hotel-rwanda,Biography
hotel-rwanda,Drama
hotel-rwanda,History
hotel-rwanda,War
hounds-of-love,Crime
hounds-of-love,Drama
hounds-of-love,Thriller
house-of-1000-corpses,Horror
house-of-flying-daggers,Action
house-of-flying-daggers,Adventure
house-of-flying-daggers,Drama
house-of-flying-daggers,Romance
house-of-games,Crime
house-of-games,Drama
house-of-games,Thriller
house-of-hummingbird,Drama
house-of-pleasures,Drama
house-of-sand-and-fog,Crime
house-of-sand-and-fog,Drama
house-of-the-dead,Action
house-of-the-dead,Adventure
house-of-the-dead,Horror
house-of-wax,Horror
house-of-wax,Thriller
house-on-haunted-hill,Horror
house-on-haunted-hill,Mystery
house-on-haunted-hill,Thriller
housebound,Comedy
housebound,Horror
housebound,Mystery
housebound,Thriller
housekeeping-for-beginners,Comedy
housekeeping-for-beginners,Drama
how-do-you-know,Comedy
how-do-you-know,Drama
how-do-you-know,Romance
how-green-was-my-valley,Drama
how-green-was-my-valley,Family
how-the-grinch-stole-christmas,Comedy
how-the-grinch-stole-christmas,Family
how-the-grinch-stole-christmas,Fantasy
how-to-blow-up-a-pipeline,Action
how-to-blow-up-a-pipeline,Crime
how-to-blow-up-a-pipeline,Drama
how-to-blow-up-a-pipeline,Thriller
how-to-have-sex,Drama
how-to-lose-a-guy-in-10-days,Comedy
how-to-lose-a-guy-in-10-days,Romance
how-to-make-millions-before-grandma-dies,Comedy
how-to-make-millions-before-grandma-dies,Drama
how-to-make-millions-before-grandma-dies,Family
how-to-survive-a-plague,Documentary
how-to-survive-a-plague,History
how-to-survive-a-plague,News
how-to-train-your-dragon,Action
how-to-train-your-dragon,Adventure
how-to-train-your-dragon,Animation
how-to-train-your-dragon,Family
how-to-train-your-dragon,Fantasy
how-to-train-your-dragon-2,Action
how-to-train-your-dragon-2,Adventure
how-to-train-your-dragon-2,Animation
how-to-train-your-dragon-2,Comedy
how-to-train-your-dragon-2,Family
how-to-train-your-dragon-2,Fantasy
how-to-train-your-dragon-the-hidden-world,Action
how-to-train-your-dragon-the-hidden-world,Adventure
how-to-train-your-dragon-the-hidden-world,Animation
how-to-train-your-dragon-the-hidden-world,Comedy
how-to-train-your-dragon-the-hidden-world,Drama
how-to-train-your-dragon-the-hidden-world,Family
how-to-train-your-dragon-the-hidden-world,Fantasy
howard,Biography
howard,Documentary
howard,Music
howard-the-duck,Action
howard-the-duck,Adventure
howard-the-duck,Comedy
howard-the-duck,Romance
howard-the-duck,Sci-Fi
howards-end,Drama
howards-end,Romance
howls-moving-castle,Adventure
howls-moving-castle,Animation
howls-moving-castle,Family
howls-moving-castle,Fantasy
hudson-hawk,Action
hudson-hawk,Adventure
hudson-hawk,Comedy
huesera-the-bone-woman,Drama
huesera-the-bone-woman,Horror
huesera-the-bone-woman,Mystery
hugo,Adventure
hugo,Drama
hugo,Family
hugo,Fantasy
hugo,Mystery
hukkle,Crime
hukkle,Drama
hukkle,Mystery
human-flow,Documentary
human-nature-2019,Documentary
humanite,Drama
humanite,Mystery
hundreds-of-beavers,Action
hundreds-of-beavers,Adventure
hundreds-of-beavers,Comedy
hunger,Biography
hunger,Crime
hunger,Drama
hunger,Thriller
hunt-for-the-wilderpeople,Adventure
hunt-for-the-wilderpeople,Comedy
hunt-for-the-wilderpeople,Drama
hunt-for-the-wilderpeople,Family
husbands-and-wives,Comedy
husbands-and-wives,Drama
husbands-and-wives,Romance
hustlers,Comedy
hustlers,Crime
hustlers,Drama
i-am-another-you,Biography
i-am-another-you,Documentary
i-am-big-bird-the-caroll-spinney-story,Biography
i-am-big-bird-the-caroll-spinney-story,Documentary
i-am-big-bird-the-caroll-spinney-story,Drama
i-am-celine-dion,Biography
i-am-celine-dion,Documentary
i-am-celine-dion,Music
i-am-cuba,Drama
i-am-frankelda,Animation
i-am-frankelda,Family
i-am-frankelda,Fantasy
i-am-frankelda,Horror
i-am-frankelda,Musical
i-am-legend,Drama
i-am-legend,Horror
i-am-legend,Sci-Fi
i-am-legend,Thriller
i-am-love,Drama
i-am-love,Romance
i-am-not-a-witch,Comedy
i-am-not-a-witch,Drama
i-am-not-your-negro,Documentary
i-am-not-your-negro,History
i-am-number-four,Action
i-am-number-four,Adventure
i-am-number-four,Sci-Fi
i-am-number-four,Thriller
i-am-sam,Drama
i-called-him-morgan,Documentary
i-called-him-morgan,Drama
i-called-him-morgan,History
i-called-him-morgan,Music
i-carry-you-with-me,Drama
i-daniel-blake,Drama
i-do-not-care-if-we-go-down-in-history-as-barbarians,Comedy
i-do-not-care-if-we-go-down-in-history-as-barbarians,Drama
i-dont-feel-at-home-in-this-world-anymore,Comedy
i-dont-feel-at-home-in-this-world-anymore,Crime
i-dont-feel-at-home-in-this-world-anymore,Drama
i-dont-feel-at-home-in-this-world-anymore,Thriller
i-heart-huckabees,Comedy
i-kill-giants,Drama
i-kill-giants,Fantasy
i-kill-giants,Thriller
i-killed-my-mother,Drama
i-killed-my-mother,Romance
i-know-what-you-did-last-summer,Horror
i-know-what-you-did-last-summer,Mystery
i-know-where-im-going!,Drama
i-know-where-im-going!,Romance
i-like-movies,Comedy
i-like-movies,Drama
i-lost-my-body,Animation
i-lost-my-body,Drama
i-lost-my-body,Fantasy
i-lost-my-body,Romance
i-love-boosters,Adventure
i-love-boosters,Comedy
i-love-boosters,Crime
i-love-boosters,Drama
i-love-boosters,Sci-Fi
i-love-boosters,Thriller
i-love-you-man,Comedy
i-love-you-man,Romance
i-now-pronounce-you-chuck-larry,Comedy
i-now-pronounce-you-chuck-larry,Romance
i-robot,Action
i-robot,Mystery
i-robot,Sci-Fi
i-robot,Thriller
i-saw-the-devil,Action
i-saw-the-devil,Thriller
i-saw-the-tv-glow,Drama
i-saw-the-tv-glow,Horror
i-saw-the-tv-glow,Mystery
i-spit-on-your-grave,Horror
i-spit-on-your-grave,Thriller
i-stand-alone,Crime
i-stand-alone,Drama
i-stand-alone,Thriller
i-still-know-what-you-did-last-summer,Horror
i-still-know-what-you-did-last-summer,Mystery
i-still-know-what-you-did-last-summer,Thriller
i-tonya,Biography
i-tonya,Comedy
i-tonya,Drama
i-tonya,Sport
i-travel-because-i-have-to-i-come-back-because-i-love-you,Drama
i-used-to-be-funny,Comedy
i-used-to-be-funny,Drama
i-used-to-be-funny,Mystery
i-vitelloni-re-release,Comedy
i-vitelloni-re-release,Drama
i-wish,Drama
i-wish-i-knew,Documentary
i-wish-i-knew,History
i-wish-you-all-the-best,Drama
ice-age,Adventure
ice-age,Animation
ice-age,Comedy
ice-age,Family
ice-age-dawn-of-the-dinosaurs,Adventure
ice-age-dawn-of-the-dinosaurs,Animation
ice-age-dawn-of-the-dinosaurs,Comedy
ice-age-dawn-of-the-dinosaurs,Family
ice-age-the-meltdown,Adventure
ice-age-the-meltdown,Animation
ice-age-the-meltdown,Comedy
ice-age-the-meltdown,Family
ichi-the-killer,Crime
ichi-the-killer,Drama
ida,Drama
identifying-features,Drama
identity,Mystery
identity,Thriller
if-beale-street-could-talk,Drama
if-beale-street-could-talk,Romance
if-i-had-legs-id-kick-you,Drama
if-i-had-legs-id-kick-you,Thriller
igor,Animation
igor,Comedy
igor,Family
igor,Fantasy
igor,Horror
igor,Sci-Fi
ikiru,Drama
il-divo,Biography
il-divo,Drama
il-futuro,Drama
il-postino-the-postman,Biography
il-postino-the-postman,Comedy
il-postino-the-postman,Drama
il-postino-the-postman,Romance
ill-see-you-in-my-dreams,Comedy
ill-see-you-in-my-dreams,Drama
ill-see-you-in-my-dreams,Romance
ilo-ilo,Drama
im-going-home,Comedy
im-going-home,Drama
im-not-there,Biography
im-not-there,Drama
im-not-there,Music
im-still-here,Comedy
im-still-here,Drama
im-still-here,Music
im-still-here-2024,Biography
im-still-here-2024,Drama
im-still-here-2024,History
im-thinking-of-ending-things,Drama
im-thinking-of-ending-things,Thriller
im-your-man,Comedy
im-your-man,Drama
im-your-man,Romance
im-your-man,Sci-Fi
imax-hubble-3d,Documentary
imitation-of-life,Drama
immortals,Action
immortals,Drama
immortals,Fantasy
immortals,Romance
in-a-better-world,Drama
in-a-better-world,Romance
in-a-world,Comedy
in-between,Drama
in-bloom,Drama
in-bruges,Comedy
in-bruges,Crime
in-bruges,Drama
in-bruges,Thriller
in-darkness,Drama
in-darkness,War
in-fabric,Comedy
in-fabric,Drama
in-fabric,Fantasy
in-fabric,Horror
in-fabric,Mystery
in-fabric,Thriller
in-flames,Drama
in-flames,Horror
in-front-of-your-face,Drama
in-my-mothers-skin,Action
in-my-mothers-skin,Fantasy
in-my-mothers-skin,Horror
in-my-mothers-skin,Thriller
in-my-mothers-skin,War
in-my-room,Drama
in-my-room,Sci-Fi
in-order-of-disappearance,Action
in-order-of-disappearance,Comedy
in-order-of-disappearance,Crime
in-order-of-disappearance,Drama
in-order-of-disappearance,Thriller
in-our-day,Drama
in-the-bedroom,Crime
in-the-bedroom,Drama
in-the-company-of-men,Comedy
in-the-company-of-men,Drama
in-the-family,Drama
in-the-family,Romance
in-the-fog,Drama
in-the-fog,History
in-the-fog,War
in-the-heat-of-the-night,Drama
in-the-heat-of-the-night,Mystery
in-the-heat-of-the-night,Thriller
in-the-heights,Drama
in-the-heights,Musical
in-the-heights,Romance
in-the-house,Drama
in-the-house,Mystery
in-the-house,Thriller
in-the-land-of-blood-and-honey,Drama
in-the-land-of-blood-and-honey,Romance
in-the-land-of-blood-and-honey,War
in-the-line-of-fire,Action
in-the-line-of-fire,Crime
in-the-line-of-fire,Drama
in-the-line-of-fire,Thriller
in-the-loop,Comedy
in-the-mood-for-love,Drama
in-the-mood-for-love,Romance
in-the-mouth-of-madness,Drama
in-the-mouth-of-madness,Fantasy
in-the-mouth-of-madness,Horror
in-the-mouth-of-madness,Mystery
in-the-mouth-of-madness,Thriller
in-the-name-of-the-father,Biography
in-the-name-of-the-father,Crime
in-the-name-of-the-father,Drama
in-the-name-of-the-king-a-dungeon-siege-tale,Action
in-the-name-of-the-king-a-dungeon-siege-tale,Adventure
in-the-name-of-the-king-a-dungeon-siege-tale,Fantasy
in-the-name-of-the-king-a-dungeon-siege-tale,Thriller
in-the-name-of-the-king-a-dungeon-siege-tale,War
in-the-same-breath,Documentary
in-the-shadow-of-the-moon,Documentary
in-the-shadow-of-the-moon,History
in-the-shadow-of-women,Drama
in-the-shadow-of-women,Romance
in-the-summers,Drama
in-this-corner-of-the-world,Animation
in-this-corner-of-the-world,Drama
in-this-corner-of-the-world,History
in-this-corner-of-the-world,War
in-transit,Documentary
in-transit,News
incendies,Drama
incendies,Mystery
incendies,War
inception,Adventure
inception,Sci-Fi
inception,Thriller
incitement,Thriller
incredible-but-true,Comedy
incredible-but-true,Drama
incredible-but-true,Fantasy
incredible-but-true,Mystery
incredible-but-true,Sci-Fi
incredibles-2,Action
incredibles-2,Adventure
incredibles-2,Animation
incredibles-2,Comedy
incredibles-2,Family
incredibles-2,Sci-Fi
incredibles-2,Thriller
indecent-proposal,Drama
indecent-proposal,Romance
indiana-jones-and-the-kingdom-of-the-crystal-skull,Action
indiana-jones-and-the-kingdom-of-the-crystal-skull,Adventure
indiana-jones-and-the-last-crusade,Adventure
indiana-jones-and-the-temple-of-doom,Action
indiana-jones-and-the-temple-of-doom,Adventure
indie-game-the-movie,Documentary
indie-game-the-movie,Drama
indignation,Drama
indignation,Romance
infernal-affairs,Crime
infernal-affairs,Drama
infernal-affairs,Mystery
infernal-affairs,Thriller
infinity-pool,Crime
infinity-pool,Horror
infinity-pool,Mystery
infinity-pool,Sci-Fi
infinity-pool,Thriller
influencers,Horror
influencers,Thriller
ingrid-bergman-in-her-own-words,Biography
ingrid-bergman-in-her-own-words,Documentary
ingrid-goes-west,Comedy
ingrid-goes-west,Drama
ingrid-goes-west,Horror
ingrid-goes-west,Thriller
inherent-vice,Comedy
inherent-vice,Crime
inherent-vice,Drama
inherent-vice,Mystery
inherent-vice,Romance
innocence,Drama
innocence,Mystery
inshallah-a-boy,Drama
inside-job,Crime
inside-job,Documentary
inside-llewyn-davis,Drama
inside-llewyn-davis,Music
inside-man,Crime
inside-man,Drama
inside-man,Mystery
inside-man,Thriller
inside-out-2,Adventure
inside-out-2,Animation
inside-out-2,Comedy
inside-out-2,Drama
inside-out-2,Family
inside-out-2,Fantasy
inside-out-2,Sport
inside-out-2015,Adventure
inside-out-2015,Animation
inside-out-2015,Comedy
inside-out-2015,Drama
inside-out-2015,Family
inside-out-2015,Fantasy
inside-the-yellow-cocoon-shell,Drama
insomnia,Drama
insomnia,Mystery
insomnia,Thriller
inspector-bellamy,Crime
inspector-bellamy,Drama
inspector-bellamy,Thriller
inspector-gadget,Action
inspector-gadget,Adventure
inspector-gadget,Comedy
inspector-gadget,Crime
inspector-gadget,Family
inspector-gadget,Sci-Fi
interstellar,Adventure
interstellar,Drama
interstellar,Sci-Fi
interview-with-the-vampire-the-vampire-chronicles,Drama
interview-with-the-vampire-the-vampire-chronicles,Fantasy
interview-with-the-vampire-the-vampire-chronicles,Horror
into-great-silence,Documentary
into-the-abyss,Crime
into-the-abyss,Documentary
into-the-abyss,Drama
into-the-arms-of-strangers-stories-of-the-kindertransport,Documentary
into-the-arms-of-strangers-stories-of-the-kindertransport,History
into-the-arms-of-strangers-stories-of-the-kindertransport,War
into-the-blue,Action
into-the-blue,Adventure
into-the-blue,Crime
into-the-blue,Thriller
into-the-inferno,Documentary
intolerance,Drama
intolerance,History
introducing-selma-blair,Documentary
inu-oh,Animation
inu-oh,Drama
inu-oh,Fantasy
inu-oh,History
inu-oh,Horror
inu-oh,Music
inu-oh,Musical
invasion-of-the-body-snatchers-1956,Drama
invasion-of-the-body-snatchers-1956,Horror
invasion-of-the-body-snatchers-1956,Sci-Fi
investigation-of-a-citizen-above-suspicion-re-release,Crime
investigation-of-a-citizen-above-suspicion-re-release,Drama
invictus,Biography
invictus,Drama
invictus,History
invictus,Sport
invisible-life,Drama
involuntary,Drama
io-capitano,Adventure
io-capitano,Drama
ip-man,Action
ip-man,Biography
ip-man,Drama
ip-man,War
ip-man-2,Action
ip-man-2,Biography
ip-man-2,Drama
ip-man-2,History
iris-2015,Biography
iris-2015,Documentary
iris-2015,History
irma-vep,Comedy
irma-vep,Drama
iron-man,Action
iron-man,Adventure
iron-man,Sci-Fi
iron-man-2,Action
iron-man-2,Sci-Fi
iron-monkey,Action
iron-monkey,Crime
iron-monkey,Drama
ironclad,Action
ironclad,Drama
ironclad,History
ironclad,Romance
ironclad,War
irreversible,Crime
irreversible,Drama
irreversible,Mystery
irreversible,Thriller
is-god-is,Drama
is-god-is,Mystery
is-god-is,Thriller
is-god-is,Western
is-that-black-enough-for-you,Documentary
is-that-black-enough-for-you,History
is-the-man-who-is-tall-happy,Animation
is-the-man-who-is-tall-happy,Biography
is-the-man-who-is-tall-happy,Documentary
is-this-thing-on,Comedy
is-this-thing-on,Drama
islands-2025,Crime
islands-2025,Drama
islands-2025,Mystery
islands-2025,Thriller
isle-of-dogs,Adventure
isle-of-dogs,Animation
isle-of-dogs,Comedy
isle-of-dogs,Drama
isle-of-dogs,Fantasy
isle-of-dogs,Sci-Fi
it-aint-over,Biography
it-aint-over,Documentary
it-aint-over,Sport
it-comes-at-night,Drama
it-comes-at-night,Horror
it-comes-at-night,Mystery
it-comes-at-night,Sci-Fi
it-comes-at-night,Thriller
it-ends,Drama
it-ends,Fantasy
it-ends,Horror
it-ends,Sci-Fi
it-ends,Thriller
it-felt-like-love,Drama
it-follows,Horror
it-follows,Mystery
it-follows,Thriller
it-happened-one-night,Comedy
it-happened-one-night,Romance
it-was-just-an-accident,Crime
it-was-just-an-accident,Drama
it-was-just-an-accident,Mystery
it-was-just-an-accident,Thriller
italian-for-beginners,Comedy
italian-for-beginners,Drama
italian-for-beginners,Romance
its-a-wonderful-life,Drama
its-a-wonderful-life,Family
its-a-wonderful-life,Fantasy
its-a-wonderful-life,Romance
its-complicated,Comedy
its-complicated,Drama
its-complicated,Romance
its-kind-of-a-funny-story,Comedy
its-kind-of-a-funny-story,Drama
its-kind-of-a-funny-story,Romance
its-never-over-jeff-buckley,Biography
its-never-over-jeff-buckley,Documentary
its-never-over-jeff-buckley,Music
its-such-a-beautiful-day-2012,Animation
its-such-a-beautiful-day-2012,Comedy
its-such-a-beautiful-day-2012,Drama
its-such-a-beautiful-day-2012,Fantasy
its-such-a-beautiful-day-2012,Horror
its-such-a-beautiful-day-2012,Mystery
its-such-a-beautiful-day-2012,Sci-Fi
its-such-a-beautiful-day-2012,Thriller
ive-loved-you-so-long,Drama
ixcanul,Drama
j-edgar,Biography
j-edgar,Drama
j-edgar,Romance
jack,Comedy
jack,Drama
jack,Fantasy
jack-and-jill,Comedy
jack-and-jill,Family
jackass-3-d,Action
jackass-3-d,Comedy
jackass-3-d,Documentary
jackass-forever,Comedy
jackass-forever,Documentary
jackass-number-two,Action
jackass-number-two,Comedy
jackass-number-two,Documentary
jackass-the-movie,Action
jackass-the-movie,Comedy
jackass-the-movie,Documentary
jackie,Biography
jackie,Drama
jackie-brown,Crime
jackie-brown,Drama
jackie-brown,Thriller
jacobs-ladder,Drama
jacobs-ladder,Horror
jacobs-ladder,Mystery
jafar-panahis-taxi,Comedy
jafar-panahis-taxi,Drama
james-and-the-giant-peach,Adventure
james-and-the-giant-peach,Animation
james-and-the-giant-peach,Family
james-and-the-giant-peach,Fantasy
james-and-the-giant-peach,Musical
james-white,Drama
jane,Biography
jane,Documentary
jane-austen-wrecked-my-life,Comedy
jane-austen-wrecked-my-life,Romance
jane-eyre,Drama
jane-eyre,Mystery
jane-eyre,Romance
jane-fonda-in-five-acts,Biography
jane-fonda-in-five-acts,Documentary
janet-planet,Drama
janis-little-girl-blue,Biography
janis-little-girl-blue,Documentary
janis-little-girl-blue,Music
jarhead,Biography
jarhead,Drama
jarhead,War
jason-goes-to-hell-the-final-friday,Fantasy
jason-goes-to-hell-the-final-friday,Horror
jason-goes-to-hell-the-final-friday,Mystery
jason-goes-to-hell-the-final-friday,Thriller
jason-x,Action
jason-x,Horror
jason-x,Sci-Fi
jason-x,Thriller
jauja,Adventure
jauja,Drama
jauja,Fantasy
jauja,Western
jawline,Documentary
jaws,Adventure
jaws,Drama
jaws,Horror
jaws,Thriller
jaws-2,Adventure
jaws-2,Horror
jaws-2,Thriller
jaws-3-d,Adventure
jaws-3-d,Horror
jaws-3-d,Thriller
jaws-the-revenge,Adventure
jaws-the-revenge,Horror
jaws-the-revenge,Thriller
jay-and-silent-bob-strike-back,Comedy
jazzy,Drama
jean-michel-basquiat-the-radiant-child,Biography
jean-michel-basquiat-the-radiant-child,Documentary
jeanne-dielman-23-quai-du-commerce-1080-bruxelles,Drama
jeepers-creepers-ii,Horror
jerry-maguire,Comedy
jerry-maguire,Drama
jerry-maguire,Romance
jerry-maguire,Sport
jersey-girl,Comedy
jersey-girl,Drama
jersey-girl,Romance
jezebel,Drama
jim-andy-the-great-beyond-featuring-a-very-special-contractually-obligated-mention-of-tony-clifton,Documentary
jim-the-james-foley-story,Biography
jim-the-james-foley-story,Documentary
jim-the-james-foley-story,War
jimmy-carter-rock-roll-president,Documentary
jimmy-carter-rock-roll-president,History
jimmy-carter-rock-roll-president,Music
jimmy-neutron-boy-genius,Action
jimmy-neutron-boy-genius,Adventure
jimmy-neutron-boy-genius,Animation
jimmy-neutron-boy-genius,Comedy
jimmy-neutron-boy-genius,Family
jimmy-neutron-boy-genius,Sci-Fi
jingle-all-the-way,Adventure
jingle-all-the-way,Comedy
jingle-all-the-way,Family
jiro-dreams-of-sushi,Documentary
joan-baez-i-am-a-noise,Animation
joan-baez-i-am-a-noise,Biography
joan-baez-i-am-a-noise,Documentary
joan-baez-i-am-a-noise,Music
joan-didion-the-center-will-not-hold,Biography
joan-didion-the-center-will-not-hold,Documentary
joan-rivers-a-piece-of-work,Biography
joan-rivers-a-piece-of-work,Comedy
joan-rivers-a-piece-of-work,Documentary
joan-rivers-a-piece-of-work,Drama
jockey,Drama
jodorowskys-dune,Documentary
joe,Crime
joe,Drama
joe,Thriller
joe-strummer-the-future-is-unwritten,Biography
joe-strummer-the-future-is-unwritten,Documentary
joe-strummer-the-future-is-unwritten,Music
john-mcenroe-in-the-realm-of-perfection,Documentary
john-mcenroe-in-the-realm-of-perfection,Sport
john-q,Crime
john-q,Drama
john-q,Thriller
john-tucker-must-die,Comedy
john-tucker-must-die,Romance
john-wick-chapter-2,Action
john-wick-chapter-2,Crime
john-wick-chapter-2,Thriller
john-wick-chapter-3---parabellum,Action
john-wick-chapter-3---parabellum,Crime
john-wick-chapter-3---parabellum,Thriller
john-wick-chapter-4,Action
john-wick-chapter-4,Crime
john-wick-chapter-4,Thriller
johnny-english,Action
johnny-english,Adventure
johnny-english,Comedy
johnny-english-reborn,Action
johnny-english-reborn,Adventure
johnny-english-reborn,Comedy
jonah-hex,Action
jonah-hex,Drama
jonah-hex,Fantasy
jonah-hex,Thriller
jonah-hex,Western
jonestown-the-life-and-death-of-peoples-temple,Documentary
jonestown-the-life-and-death-of-peoples-temple,History
jose,Drama
joshua-teenager-vs-superpower,Documentary
journeys-end,Drama
journeys-end,War
joy-ride,Mystery
joy-ride,Thriller
joy-ride-2023,Comedy
joyland,Comedy
joyland,Crime
joyland,Drama
judas-and-the-black-messiah,Biography
judas-and-the-black-messiah,Crime
judas-and-the-black-messiah,Drama
judas-and-the-black-messiah,History
jujutsu-kaisen-0-the-movie,Action
jujutsu-kaisen-0-the-movie,Animation
jujutsu-kaisen-0-the-movie,Fantasy
jules-and-jim,Drama
jules-and-jim,Romance
julie-julia,Biography
julie-julia,Drama
julie-julia,Romance
juliet-of-the-spirits,Comedy
juliet-of-the-spirits,Drama
juliet-of-the-spirits,Fantasy
julieta,Drama
julieta,Mystery
julieta,Romance
jumanji,Adventure
jumanji,Comedy
jumanji,Family
jumanji,Fantasy
jumper,Action
jumper,Adventure
jumper,Sci-Fi
jumper,Thriller
junebug,Comedy
junebug,Drama
jungle-fever,Drama
jungle-fever,Romance
juno,Comedy
juno,Drama
jurassic-park,Adventure
jurassic-park,Sci-Fi
jurassic-park-iii,Action
jurassic-park-iii,Adventure
jurassic-park-iii,Sci-Fi
jurassic-park-iii,Thriller
juror-2,Crime
juror-2,Drama
juror-2,Mystery
juror-2,Thriller
just-friends,Comedy
just-friends,Romance
just-go-with-it,Comedy
just-go-with-it,Romance
just-like-heaven,Comedy
just-like-heaven,Drama
just-like-heaven,Fantasy
just-like-heaven,Romance
justin-bieber-never-say-never,Documentary
justin-bieber-never-say-never,Music
k-19-the-widowmaker,Drama
k-19-the-widowmaker,History
k-19-the-widowmaker,Thriller
k-19-the-widowmaker,War
k-pax,Drama
k-pax,Mystery
k-pax,Sci-Fi
kagemusha,Drama
kagemusha,History
kagemusha,War
kaili-blues,Drama
kaili-blues,Mystery
kajillionaire,Comedy
kajillionaire,Crime
kajillionaire,Drama
kandahar,Drama
kangaroo-jack,Action
kangaroo-jack,Adventure
kangaroo-jack,Comedy
kangaroo-jack,Crime
kangaroo-jack,Family
kate-leopold,Comedy
kate-leopold,Fantasy
kate-leopold,Romance
kate-plays-christine,Biography
kate-plays-christine,Documentary
kate-plays-christine,Drama
kate-plays-christine,Thriller
katyn,Drama
katyn,History
katyn,War
keane,Drama
keane,Mystery
keane,Thriller
kedi,Documentary
keep-on-keepin-on,Documentary
keep-on-keepin-on,Music
keep-the-change,Comedy
keep-the-change,Romance
keep-the-lights-on,Drama
keep-the-lights-on,Romance
kick-ass,Action
kick-ass,Comedy
kick-ass,Crime
kickboxer,Action
kickboxer,Sport
kickboxer,Thriller
kidnapped-the-abduction-of-edgardo-mortara,Drama
kidnapped-the-abduction-of-edgardo-mortara,History
kikis-delivery-service,Animation
kikis-delivery-service,Family
kikis-delivery-service,Fantasy
kill,Action
kill,Crime
kill,Drama
kill,Thriller
kill-bill-the-whole-bloody-affair,Action
kill-bill-the-whole-bloody-affair,Crime
kill-bill-the-whole-bloody-affair,Thriller
kill-bill-vol-1,Action
kill-bill-vol-1,Crime
kill-bill-vol-1,Thriller
kill-bill-vol-2,Action
kill-bill-vol-2,Crime
kill-bill-vol-2,Thriller
kill-the-irishman,Action
kill-the-irishman,Biography
kill-the-irishman,Crime
kill-the-irishman,Drama
kill-zone-2,Action
kill-zone-2,Adventure
kill-zone-2,Crime
kill-zone-2,Thriller
killer-klowns-from-outer-space,Comedy
killer-klowns-from-outer-space,Horror
killer-klowns-from-outer-space,Sci-Fi
killer-of-sheep,Drama
killers,Action
killers,Comedy
killers,Romance
killers,Thriller
killers-of-the-flower-moon,Crime
killers-of-the-flower-moon,Drama
killers-of-the-flower-moon,History
killers-of-the-flower-moon,Western
kimi,Crime
kimi,Drama
kimi,Mystery
kimi,Thriller
king-arthur,Action
king-arthur,Adventure
king-arthur,Drama
king-arthur,War
king-georges,Biography
king-georges,Documentary
king-jack,Adventure
king-jack,Drama
king-kong,Action
king-kong,Adventure
king-kong,Romance
king-kong-1933,Adventure
king-kong-1933,Horror
king-of-the-hill,Drama
king-of-the-hill,History
king-richard,Biography
king-richard,Drama
king-richard,Sport
kingpin,Comedy
kingpin,Sport
kings-queen,Comedy
kings-queen,Drama
kings-queen,Romance
kinsey,Biography
kinsey,Drama
kinsey,Romance
kirikou-and-the-sorceress,Adventure
kirikou-and-the-sorceress,Animation
kirikou-and-the-sorceress,Family
kirikou-and-the-sorceress,Fantasy
kiss-kiss-bang-bang,Comedy
kiss-kiss-bang-bang,Crime
kiss-kiss-bang-bang,Mystery
kiss-kiss-bang-bang,Thriller
kiss-of-the-spider-woman,Drama
kiss-the-future,Documentary
kiss-the-future,History
kiss-the-future,Music
kiss-the-future,War
klondike,Drama
klondike,War
klute,Crime
klute,Mystery
klute,Thriller
kneecap,Comedy
kneecap,Drama
kneecap,Music
knife-in-the-water,Drama
knife-in-the-water,Thriller
knight-and-day,Action
knight-and-day,Adventure
knight-and-day,Comedy
knives-out,Comedy
knives-out,Crime
knives-out,Drama
knives-out,Mystery
knives-out,Thriller
knock-down-the-house,Documentary
knocked-up,Comedy
knocked-up,Romance
knowing,Mystery
knowing,Sci-Fi
knowing,Thriller
kokomo-city,Documentary
kokuho,Drama
kpop-demon-hunters,Action
kpop-demon-hunters,Adventure
kpop-demon-hunters,Animation
kpop-demon-hunters,Comedy
kpop-demon-hunters,Family
kpop-demon-hunters,Fantasy
kpop-demon-hunters,Music
kpop-demon-hunters,Musical
kramer-vs-kramer,Drama
krisha,Drama
kubo-and-the-two-strings,Action
kubo-and-the-two-strings,Adventure
kubo-and-the-two-strings,Animation
kubo-and-the-two-strings,Family
kubo-and-the-two-strings,Fantasy
kung-fu-hustle,Action
kung-fu-hustle,Comedy
kung-fu-hustle,Fantasy
kung-fu-panda,Action
kung-fu-panda,Adventure
kung-fu-panda,Animation
kung-fu-panda,Comedy
kung-fu-panda,Family
kung-fu-panda,Fantasy
kung-pow-enter-the-fist,Action
kung-pow-enter-the-fist,Comedy
kurt-cobain-montage-of-heck,Biography
kurt-cobain-montage-of-heck,Documentary
kurt-cobain-montage-of-heck,Music
kusama---infinity,Documentary
la-chimera,Adventure
la-chimera,Comedy
la-chimera,Drama
la-chimera,Fantasy
la-chimera,Romance
la-cienaga,Comedy
la-cienaga,Drama
la-cocina,Comedy
la-cocina,Drama
la-cocina,Romance
la-confidential,Crime
la-confidential,Drama
la-confidential,Mystery
la-confidential,Thriller
la-dolce-vita-re-release,Comedy
la-dolce-vita-re-release,Drama
la-femme-nikita,Action
la-femme-nikita,Crime
la-femme-nikita,Drama
la-femme-nikita,Thriller
la-la-land,Comedy
la-la-land,Drama
la-la-land,Music
la-la-land,Musical
la-la-land,Romance
la-llorona,Crime
la-llorona,Drama
la-llorona,Horror
la-llorona,Thriller
la-llorona,War
la-promesse-the-promise,Drama
la-ronde,Drama
la-ronde,Romance
la-sapienza,Drama
la-vie-en-rose,Biography
la-vie-en-rose,Drama
la-vie-en-rose,Music
la-vie-en-rose,Romance
labyrinth,Adventure
labyrinth,Family
labyrinth,Fantasy
labyrinth,Musical
lady-and-the-tramp,Adventure
lady-and-the-tramp,Animation
lady-and-the-tramp,Comedy
lady-and-the-tramp,Family
lady-and-the-tramp,Musical
lady-and-the-tramp,Romance
lady-bird,Comedy
lady-bird,Drama
lady-chatterley,Drama
lady-chatterley,Romance
lady-in-the-water,Drama
lady-in-the-water,Fantasy
lady-in-the-water,Mystery
lady-in-the-water,Thriller
lady-macbeth,Drama
lady-macbeth,Romance
lagaan-once-upon-a-time-in-india,Drama
lagaan-once-upon-a-time-in-india,Musical
lagaan-once-upon-a-time-in-india,Sport
lake-of-fire,Documentary
lake-placid,Action
lake-placid,Comedy
lake-placid,Horror
lakeview-terrace,Crime
lakeview-terrace,Drama
lakeview-terrace,Thriller
lambert-stamp,Biography
lambert-stamp,Documentary
lambert-stamp,History
lambert-stamp,Music
land-of-mine,Drama
land-of-mine,History
land-of-mine,War
land-of-the-dead,Horror
land-of-the-dead,Sci-Fi
land-of-the-dead,Thriller
land-of-the-lost,Action
land-of-the-lost,Adventure
land-of-the-lost,Comedy
land-of-the-lost,Sci-Fi
lantana,Drama
lantana,Mystery
lantana,Romance
lara-croft-tomb-raider,Action
lara-croft-tomb-raider,Adventure
lara-croft-tomb-raider,Fantasy
lara-croft-tomb-raider,Thriller
lara-croft-tomb-raider-the-cradle-of-life,Action
lara-croft-tomb-raider-the-cradle-of-life,Adventure
lara-croft-tomb-raider-the-cradle-of-life,Fantasy
lassie,Adventure
lassie,Comedy
lassie,Drama
lassie,Family
lassie-come-home,Adventure
lassie-come-home,Drama
lassie-come-home,Family
last-action-hero,Action
last-action-hero,Adventure
last-action-hero,Comedy
last-action-hero,Fantasy
last-and-first-men,Fantasy
last-and-first-men,Mystery
last-and-first-men,Sci-Fi
last-days-in-vietnam,Documentary
last-days-in-vietnam,History
last-days-in-vietnam,War
last-men-in-aleppo,Documentary
last-men-in-aleppo,War
last-orders,Drama
last-resort,Drama
last-resort,Romance
last-summer-2023,Drama
last-summer-2023,Thriller
last-tango-in-paris,Drama
last-tango-in-paris,Romance
last-train-home,Documentary
last-train-home,Drama
late-marriage,Comedy
late-marriage,Drama
late-marriage,Romance
late-night-with-the-devil,Horror
late-spring-1949,Comedy
late-spring-1949,Drama
laurence-anyways,Drama
laurence-anyways,Romance
law-abiding-citizen,Action
law-abiding-citizen,Crime
law-abiding-citizen,Drama
law-abiding-citizen,Thriller
lawrence-of-arabia-re-release,Adventure
lawrence-of-arabia-re-release,Biography
lawrence-of-arabia-re-release,Drama
lawrence-of-arabia-re-release,War
layer-cake,Crime
layer-cake,Drama
layer-cake,Thriller
le-cercle-rouge-1970,Crime
le-cercle-rouge-1970,Drama
le-cercle-rouge-1970,Thriller
le-havre,Comedy
le-havre,Drama
le-samourai,Crime
le-samourai,Drama
le-samourai,Thriller
le-week-end,Comedy
le-week-end,Drama
le-week-end,Romance
lean-on-pete,Adventure
lean-on-pete,Drama
lean-on-pete,Sport
leaning-into-the-wind,Documentary
leap-of-faith-william-friedkin-on-the-exorcist,Documentary
leap-year,Comedy
leap-year,Romance
leap-year-2011,Drama
leap-year-2011,Romance
leave-no-trace,Adventure
leave-no-trace,Drama
leaving-las-vegas,Drama
leaving-las-vegas,Romance
lebanon,Drama
lebanon,War
left-handed-girl,Drama
legally-blonde,Comedy
legally-blonde,Romance
legend-1986,Adventure
legend-1986,Fantasy
legend-1986,Romance
legend-of-the-guardians-the-owls-of-gahoole,Action
legend-of-the-guardians-the-owls-of-gahoole,Adventure
legend-of-the-guardians-the-owls-of-gahoole,Animation
legend-of-the-guardians-the-owls-of-gahoole,Drama
legend-of-the-guardians-the-owls-of-gahoole,Family
legend-of-the-guardians-the-owls-of-gahoole,Fantasy
legend-of-the-guardians-the-owls-of-gahoole,Mystery
legend-of-the-guardians-the-owls-of-gahoole,Thriller
legend-of-the-guardians-the-owls-of-gahoole,War
legends-of-the-fall,Drama
legends-of-the-fall,Romance
legends-of-the-fall,War
legends-of-the-fall,Western
legion,Action
legion,Fantasy
legion,Horror
lemony-snickets-a-series-of-unfortunate-events,Adventure
lemony-snickets-a-series-of-unfortunate-events,Comedy
lemony-snickets-a-series-of-unfortunate-events,Family
lemony-snickets-a-series-of-unfortunate-events,Fantasy
lenfant-the-child,Crime
lenfant-the-child,Drama
lenfant-the-child,Romance
les-miserables-2019,Crime
les-miserables-2019,Drama
les-miserables-2019,Thriller
let-me-in,Drama
let-me-in,Fantasy
let-me-in,Horror
let-me-in,Mystery
let-me-in,Thriller
let-the-fire-burn,Documentary
let-the-fire-burn,History
let-the-right-one-in,Drama
let-the-right-one-in,Fantasy
let-the-right-one-in,Horror
let-the-right-one-in,Romance
let-the-sunshine-in,Comedy
let-the-sunshine-in,Drama
let-the-sunshine-in,Romance
let-them-all-talk,Comedy
let-them-all-talk,Drama
lethal-weapon,Action
lethal-weapon,Crime
lethal-weapon,Thriller
lethal-weapon-2,Action
lethal-weapon-2,Crime
lethal-weapon-2,Thriller
lethal-weapon-4,Action
lethal-weapon-4,Crime
lethal-weapon-4,Thriller
letters-from-iwo-jima,Action
letters-from-iwo-jima,Adventure
letters-from-iwo-jima,Drama
letters-from-iwo-jima,History
letters-from-iwo-jima,War
leviathan,Documentary
leviathan-2014,Crime
leviathan-2014,Drama
leviticus,Horror
leviticus,Romance
leviticus,Sci-Fi
leviticus,Thriller
liar-liar,Comedy
liar-liar,Fantasy
licence-to-kill,Action
licence-to-kill,Adventure
licence-to-kill,Thriller
licorice-pizza,Comedy
licorice-pizza,Drama
licorice-pizza,Romance
life-and-nothing-more,Drama
life-animated,Comedy
life-animated,Documentary
life-animated,Drama
life-animated,Family
life-animated,Fantasy
life-animated,Romance
life-as-we-know-it,Comedy
life-as-we-know-it,Drama
life-as-we-know-it,Romance
life-is-sweet,Comedy
life-is-sweet,Drama
life-itself,Biography
life-itself,Documentary
life-of-pi,Adventure
life-of-pi,Drama
life-of-pi,Fantasy
lifeboat,Drama
lifeboat,War
lifehack,Action
lifehack,Crime
lifehack,Thriller
light-from-light,Drama
like-crazy,Drama
like-crazy,Romance
like-crazy-2016,Comedy
like-crazy-2016,Drama
like-father-like-son,Drama
like-someone-in-love,Drama
like-water-for-chocolate,Drama
like-water-for-chocolate,Romance
lil-quinquin,Comedy
lil-quinquin,Crime
lil-quinquin,Mystery
lilo-stitch,Adventure
lilo-stitch,Animation
lilo-stitch,Comedy
lilo-stitch,Drama
lilo-stitch,Family
lilo-stitch,Sci-Fi
lilya-4-ever,Crime
lilya-4-ever,Drama
limbo,Comedy
limbo,Drama
limbo-2023,Crime
limbo-2023,Drama
limbo-2023,Mystery
limbo-2023,Thriller
limelight-1969,Comedy
limelight-1969,Drama
limelight-1969,Music
limelight-1969,Romance
limitless,Sci-Fi
limitless,Thriller
limmensits,Drama
limmensits,Music
lincoln,Biography
lincoln,Drama
lincoln,History
lincoln,War
linda-ronstadt-the-sound-of-my-voice,Biography
linda-ronstadt-the-sound-of-my-voice,Documentary
linda-ronstadt-the-sound-of-my-voice,Music
lingui-the-sacred-bonds,Drama
linoleum,Drama
linoleum,Sci-Fi
listen-to-me-marlon,Biography
listen-to-me-marlon,Documentary
listen-up-philip,Comedy
listen-up-philip,Drama
listening-to-kenny-g,Documentary
listening-to-kenny-g,Music
little-amelie-or-the-character-of-rain,Animation
little-amelie-or-the-character-of-rain,Drama
little-amelie-or-the-character-of-rain,Family
little-amelie-or-the-character-of-rain,Fantasy
little-children,Drama
little-children,Romance
little-fish,Crime
little-fish,Drama
little-fish,Romance
little-fish,Thriller
little-fish-2021,Drama
little-fish-2021,Romance
little-fish-2021,Sci-Fi
little-fockers,Comedy
little-fockers,Romance
little-girl,Biography
little-girl,Documentary
little-men,Drama
little-miss-sunshine,Comedy
little-miss-sunshine,Drama
little-nicky,Comedy
little-nicky,Fantasy
little-richard-i-am-everything,Biography
little-richard-i-am-everything,Documentary
little-richard-i-am-everything,Music
little-shop-of-horrors,Comedy
little-shop-of-horrors,Horror
little-shop-of-horrors,Musical
little-shop-of-horrors,Romance
little-sister,Comedy
little-sister,Drama
little-trouble-girls,Drama
little-trouble-girls,Romance
little-women,Drama
little-women,Family
little-women,Romance
little-women-1933,Drama
little-women-1933,Family
little-women-1933,Romance
little-women-1933,War
little-women-2019,Drama
little-women-2019,Romance
little-woods,Crime
little-woods,Drama
little-woods,Western
live-and-let-die,Action
live-and-let-die,Adventure
live-and-let-die,Thriller
live-free-or-die-hard,Action
live-free-or-die-hard,Thriller
living,Drama
living-in-oblivion,Comedy
living-in-oblivion,Drama
liyana,Animation
liyana,Documentary
liza-a-truly-terrific-absolutely-true-story,Biography
liza-a-truly-terrific-absolutely-true-story,Documentary
liza-a-truly-terrific-absolutely-true-story,History
liza-a-truly-terrific-absolutely-true-story,Music
lo-and-behold-reveries-of-the-connected-world,Documentary
local-hero,Comedy
local-hero,Drama
lock-stock-and-two-smoking-barrels,Comedy
lock-stock-and-two-smoking-barrels,Crime
locke,Drama
logan-2017,Action
logan-2017,Drama
logan-2017,Sci-Fi
logan-2017,Thriller
logan-lucky,Action
logan-lucky,Comedy
logan-lucky,Crime
logan-lucky,Drama
lolita,Drama
lolita,Romance
lolita-1969,Crime
lolita-1969,Drama
lolita-1969,Romance
london-road,Crime
london-road,Drama
london-road,Musical
london-road,Mystery
london-road,Thriller
lone-star,Drama
lone-star,Mystery
lone-star,Western
long-days-journey-into-night,Drama
long-days-journey-into-night,Mystery
long-days-journey-into-night,Romance
long-strange-trip,Biography
long-strange-trip,Documentary
long-strange-trip,Music
long-way-north,Adventure
long-way-north,Animation
long-way-north,Drama
long-way-north,Family
longlegs,Crime
longlegs,Horror
longlegs,Mystery
longlegs,Thriller
look-into-my-eyes,Documentary
look-whos-talking,Comedy
look-whos-talking,Romance
looney-tunes-back-in-action,Adventure
looney-tunes-back-in-action,Animation
looney-tunes-back-in-action,Comedy
looney-tunes-back-in-action,Family
looper,Action
looper,Drama
looper,Sci-Fi
looper,Thriller
lord-of-war,Crime
lord-of-war,Drama
lore,Drama
lore,Romance
lore,War
lorelei,Drama
lorelei,Romance
lorenzos-oil,Biography
lorenzos-oil,Drama
lornas-silence,Drama
los-angeles-plays-itself,Documentary
los-angeles-plays-itself,History
lost-illusions,Drama
lost-illusions,Romance
lost-in-america,Comedy
lost-in-paris,Comedy
lost-in-space,Action
lost-in-space,Adventure
lost-in-space,Sci-Fi
lost-in-space,Thriller
lost-in-translation,Comedy
lost-in-translation,Drama
louis-armstrongs-black-blues,Biography
louis-armstrongs-black-blues,Documentary
louis-armstrongs-black-blues,Music
louis-theroux-inside-the-manosphere,Documentary
lourdes,Drama
love-2024,Comedy
love-2024,Drama
love-2024,Romance
love-actually,Comedy
love-actually,Drama
love-actually,Romance
love-affair-1939,Comedy
love-affair-1939,Drama
love-affair-1939,Romance
love-after-love,Drama
love-after-love,Romance
love-and-death-on-long-island,Comedy
love-and-death-on-long-island,Drama
love-and-other-drugs,Comedy
love-and-other-drugs,Drama
love-and-other-drugs,Romance
love-antosha,Biography
love-antosha,Documentary
love-exposure,Action
love-exposure,Comedy
love-exposure,Drama
love-exposure,Romance
love-exposure,Thriller
love-friendship,Comedy
love-friendship,Drama
love-friendship,Romance
love-gilda,Documentary
love-is-strange,Drama
love-is-strange,Romance
love-lies-bleeding,Crime
love-lies-bleeding,Drama
love-lies-bleeding,Mystery
love-lies-bleeding,Romance
love-lies-bleeding,Thriller
love-mercy,Biography
love-mercy,Drama
love-mercy,Music
love-simon,Comedy
love-simon,Drama
love-simon,Romance
loveless-2017,Drama
lovely-rita-2001,Drama
lovesong,Drama
lovesong,Romance
loving,Biography
loving,Drama
loving,Romance
luca,Adventure
luca,Animation
luca,Comedy
luca,Drama
luca,Family
luca,Fantasy
luce,Drama
luce,Mystery
luce,Thriller
lucky-2017,Comedy
lucky-2017,Drama
lucky-2017,Western
lucky-2020,Drama
lucky-2020,Fantasy
lucky-2020,Horror
lucky-2020,Thriller
lucky-grandma,Comedy
lucky-grandma,Crime
lucky-grandma,Drama
lucy-and-desi,Biography
lucy-and-desi,Comedy
lucy-and-desi,Documentary
lucy-and-desi,Drama
lucy-and-desi,History
lumumba,Biography
lumumba,Drama
lumumba,History
lumumba,War
lunana-a-yak-in-the-classroom,Drama
lunana-a-yak-in-the-classroom,Family
lurker,Crime
lurker,Drama
lurker,Music
lurker,Thriller
lust-caution,Drama
lust-caution,History
lust-caution,Romance
lust-caution,Thriller
lust-caution,War
luther-never-too-much,Biography
luther-never-too-much,Documentary
luther-never-too-much,Music
luzzu,Drama
m3gan,Horror
m3gan,Sci-Fi
m3gan,Thriller
ma-raineys-black-bottom,Drama
ma-raineys-black-bottom,Music
maborosi,Drama
macbeth-2015,Drama
macbeth-2015,History
macbeth-2015,War
macgruber,Action
macgruber,Comedy
machete,Action
machete,Crime
machete,Thriller
machine-gun-preacher,Action
machine-gun-preacher,Biography
machine-gun-preacher,Crime
machine-gun-preacher,Drama
mad-god,Animation
mad-god,Fantasy
mad-god,Horror
mad-god,Sci-Fi
mad-max-beyond-thunderdome,Action
mad-max-beyond-thunderdome,Adventure
mad-max-beyond-thunderdome,Sci-Fi
mad-max-fury-road,Action
mad-max-fury-road,Adventure
mad-max-fury-road,Sci-Fi
madadayo,Drama
madagascar,Adventure
madagascar,Animation
madagascar,Comedy
madagascar,Family
madagascar-escape-2-africa,Adventure
madagascar-escape-2-africa,Animation
madagascar-escape-2-africa,Comedy
madagascar-escape-2-africa,Family
maddies-secret,Comedy
maddies-secret,Drama
made-in-england-the-films-of-powell-and-pressburger,Documentary
madelines-madeline,Drama
mademoiselle-chambon,Drama
mademoiselle-chambon,Romance
maestro-2023,Biography
maestro-2023,Drama
maestro-2023,History
maestro-2023,Music
maestro-2023,Romance
mafioso-re-release,Comedy
mafioso-re-release,Crime
mafioso-re-release,Drama
magellan,Adventure
magellan,Biography
magellan,Drama
magellan,History
maggies-plan,Comedy
maggies-plan,Drama
maggies-plan,Romance
magic-mike,Comedy
magic-mike,Drama
magic-mike,Music
magnolia,Drama
maidan,Documentary
maiden,Biography
maiden,Documentary
maiden,Sport
maidentrip,Adventure
maidentrip,Biography
maidentrip,Documentary
make-up,Drama
make-up,Mystery
make-up,Thriller
making-waves-the-art-of-cinematic-sound,Documentary
making-waves-the-art-of-cinematic-sound,History
making-waves-the-art-of-cinematic-sound,Music
mala-mala,Biography
mala-mala,Documentary
mala-mala,Drama
mala-mala,News
malcolm-x,Biography
malcolm-x,Drama
malcolm-x,History
malena,Drama
malena,Romance
malena,War
mallrats,Comedy
mallrats,Romance
mami-wata,Drama
mami-wata,Fantasy
mami-wata,Thriller
mamma-mia!,Comedy
mamma-mia!,Musical
mamma-mia!,Romance
man-on-fire,Action
man-on-fire,Crime
man-on-fire,Drama
man-on-fire,Thriller
man-on-wire,Biography
man-on-wire,Crime
man-on-wire,Documentary
man-on-wire,History
man-on-wire,Sport
man-on-wire,Thriller
man-with-a-movie-camera,Documentary
manakamana,Documentary
manchester-by-the-sea,Drama
mandibles,Comedy
mandibles,Fantasy
mandy,Action
mandy,Fantasy
mandy,Horror
manhattan,Comedy
manhattan,Drama
manhattan,Romance
manhunter,Crime
manhunter,Mystery
manhunter,Thriller
manifesto,Drama
mank,Biography
mank,Drama
manufactured-landscapes,Documentary
manuscripts-dont-burn,Drama
manuscripts-dont-burn,Thriller
mapplethorpe-look-at-the-pictures,Biography
mapplethorpe-look-at-the-pictures,Documentary
maquia-when-the-promised-flower-blooms,Adventure
maquia-when-the-promised-flower-blooms,Animation
maquia-when-the-promised-flower-blooms,Drama
maquia-when-the-promised-flower-blooms,Fantasy
maquia-when-the-promised-flower-blooms,Romance
marcel-the-shell-with-shoes-on,Animation
marcel-the-shell-with-shoes-on,Comedy
marcel-the-shell-with-shoes-on,Drama
marcel-the-shell-with-shoes-on,Family
marcel-the-shell-with-shoes-on,Fantasy
march-of-the-penguins,Documentary
march-of-the-penguins,Family
margin-call,Drama
margin-call,Thriller
marguerite,Comedy
marguerite,Drama
marguerite,Music
maria-by-callas,Biography
maria-by-callas,Documentary
maria-by-callas,Music
maria-full-of-grace,Crime
maria-full-of-grace,Drama
marie-antoinette,Biography
marie-antoinette,Drama
marie-antoinette,History
marie-antoinette,Romance
marina-abramovic-the-artist-is-present,Biography
marina-abramovic-the-artist-is-present,Documentary
marina-abramovic-the-artist-is-present,History
marjorie-prime,Drama
marjorie-prime,Romance
marjorie-prime,Sci-Fi
marlee-matlin-not-alone-anymore,Biography
marlee-matlin-not-alone-anymore,Documentary
marley,Biography
marley,Documentary
marley,Music
marley-me,Drama
marley-me,Family
marlina-the-murderer-in-four-acts,Drama
marlina-the-murderer-in-four-acts,Thriller
marlina-the-murderer-in-four-acts,Western
marmaduke,Comedy
marmaduke,Family
marriage-story,Drama
marriage-story,Romance
mars-attacks!,Comedy
mars-attacks!,Sci-Fi
mars-express,Action
mars-express,Animation
mars-express,Mystery
mars-express,Sci-Fi
mars-express,Thriller
mars-needs-moms,Adventure
mars-needs-moms,Animation
mars-needs-moms,Family
mars-needs-moms,Fantasy
mars-needs-moms,Sci-Fi
mars-one,Drama
martha-marcy-may-marlene,Drama
martha-marcy-may-marlene,Mystery
martha-marcy-may-marlene,Thriller
martin-eden,Drama
martin-eden,Romance
marty,Drama
marty,Romance
marty-supreme,Comedy
marty-supreme,Drama
marty-supreme,Sport
marwencol,Biography
marwencol,Documentary
marwencol,Fantasy
mary-and-the-witchs-flower,Adventure
mary-and-the-witchs-flower,Animation
mary-and-the-witchs-flower,Family
mary-and-the-witchs-flower,Fantasy
mary-poppins,Comedy
mary-poppins,Family
mary-poppins,Fantasy
mary-poppins,Musical
masculine-feminine,Drama
masculine-feminine,Romance
mash,Comedy
mash,Drama
mash,War
mass,Drama
master-and-commander-the-far-side-of-the-world,Action
master-and-commander-the-far-side-of-the-world,Adventure
master-and-commander-the-far-side-of-the-world,Drama
master-and-commander-the-far-side-of-the-world,War
master-z-ip-man-legacy,Action
master-z-ip-man-legacy,Biography
master-z-ip-man-legacy,Crime
master-z-ip-man-legacy,Drama
masters-of-the-universe,Action
masters-of-the-universe,Adventure
masters-of-the-universe,Fantasy
masters-of-the-universe,Sci-Fi
match-point,Drama
match-point,Romance
match-point,Thriller
matt-shepard-is-a-friend-of-mine,Biography
matt-shepard-is-a-friend-of-mine,Documentary
matt-shepard-is-a-friend-of-mine,History
max-payne,Action
max-payne,Crime
max-payne,Drama
max-payne,Mystery
max-payne,Thriller
may-december,Comedy
may-december,Drama
mccabe-mrs-miller,Drama
mccabe-mrs-miller,Western
mcqueen,Biography
mcqueen,Documentary
me-and-earl-and-the-dying-girl,Comedy
me-and-earl-and-the-dying-girl,Drama
me-myself-irene,Comedy
mea-maxima-culpa-silence-in-the-house-of-god,Documentary
mean-girls,Comedy
mean-streets,Crime
mean-streets,Drama
mean-streets,Thriller
mediterranea,Drama
medium-cool,Drama
medium-cool,Thriller
meeks-cutoff,Adventure
meeks-cutoff,Drama
meeks-cutoff,Thriller
meeks-cutoff,Western
meet-joe-black,Drama
meet-joe-black,Fantasy
meet-joe-black,Romance
meet-me-in-st-louis,Comedy
meet-me-in-st-louis,Drama
meet-me-in-st-louis,Family
meet-me-in-st-louis,Musical
meet-me-in-st-louis,Romance
meet-the-parents,Comedy
meet-the-parents,Romance
meet-the-robinsons,Adventure
meet-the-robinsons,Animation
meet-the-robinsons,Comedy
meet-the-robinsons,Family
meet-the-robinsons,Sci-Fi
meet-the-spartans,Comedy
meet-the-spartans,Fantasy
meeting-gorbachev,Biography
meeting-gorbachev,Documentary
meeting-gorbachev,History
meeting-with-pol-pot,Drama
meeting-with-pol-pot,History
megadoc,Documentary
megamind,Action
megamind,Adventure
megamind,Animation
megamind,Comedy
megamind,Crime
megamind,Family
megamind,Fantasy
megamind,Sci-Fi
melancholia,Drama
melancholia,Sci-Fi
memento,Mystery
memento,Thriller
memoir-of-a-snail,Animation
memoir-of-a-snail,Drama
memoirs-of-a-geisha,Drama
memoirs-of-a-geisha,Romance
memoria-2020,Drama
memoria-2020,Mystery
memoria-2020,Sci-Fi
memories-of-murder,Crime
memories-of-murder,Drama
memories-of-murder,Mystery
memories-of-murder,Thriller
memory-2023,Drama
memory-the-origins-of-alien,Biography
memory-the-origins-of-alien,Documentary
memory-the-origins-of-alien,History
men-go-to-battle,Comedy
men-go-to-battle,Drama
men-go-to-battle,War
men-in-black,Action
men-in-black,Adventure
men-in-black,Comedy
men-in-black,Sci-Fi
men-in-black-ii,Action
men-in-black-ii,Adventure
men-in-black-ii,Comedy
men-in-black-ii,Mystery
men-in-black-ii,Sci-Fi
men-of-honor,Biography
men-of-honor,Drama
menace-ii-society,Crime
menace-ii-society,Drama
menace-ii-society,Thriller
menashe,Drama
menus-plaisirs---les-troisgros,Documentary
merci-pour-le-chocolat,Crime
merci-pour-le-chocolat,Drama
merci-pour-le-chocolat,Mystery
merrily-we-roll-along,Musical
meru,Adventure
meru,Documentary
meru,Sport
mesrine-killer-instinct,Action
mesrine-killer-instinct,Biography
mesrine-killer-instinct,Crime
mesrine-killer-instinct,Drama
mesrine-killer-instinct,Thriller
mesrine-public-enemy-no-1,Action
mesrine-public-enemy-no-1,Biography
mesrine-public-enemy-no-1,Crime
mesrine-public-enemy-no-1,Drama
mesrine-public-enemy-no-1,Thriller
metropolis-re-release,Drama
metropolis-re-release,Sci-Fi
miami-vice,Action
miami-vice,Crime
miami-vice,Drama
miami-vice,Thriller
michael-clayton,Crime
michael-clayton,Drama
michael-clayton,Mystery
michael-clayton,Thriller
mickey-17,Adventure
mickey-17,Comedy
mickey-17,Fantasy
mickey-17,Sci-Fi
mickey-and-the-bear,Drama
microbe-and-gasoline,Adventure
microbe-and-gasoline,Comedy
microbe-and-gasoline,Drama
microcosmos,Documentary
mid-august-lunch,Comedy
mid-august-lunch,Drama
middle-of-nowhere,Drama
midnight-cowboy,Drama
midnight-family,Documentary
midnight-in-paris,Comedy
midnight-in-paris,Fantasy
midnight-in-paris,Romance
midnight-run,Action
midnight-run,Comedy
midnight-run,Crime
midnight-run,Thriller
midnight-special,Drama
midnight-special,Mystery
midnight-special,Sci-Fi
midnight-special,Thriller
midnight-traveler,Documentary
midnight-traveler,War
midsommar,Drama
midsommar,Horror
midsommar,Mystery
midsommar,Thriller
mike-wallace-is-here,Biography
mike-wallace-is-here,Documentary
mikey-and-nicky,Crime
mikey-and-nicky,Drama
mikey-and-nicky,Thriller
mildred-pierce,Crime
mildred-pierce,Drama
mildred-pierce,Film-Noir
mildred-pierce,Mystery
mildred-pierce,Romance
mile-end-kicks,Comedy
mile-end-kicks,Drama
mile-end-kicks,Music
mile-end-kicks,Romance
miles-davis-birth-of-the-cool,Biography
miles-davis-birth-of-the-cool,Documentary
milk,Biography
milk,Drama
milk,History
millennium-actress,Animation
millennium-actress,Drama
millennium-actress,Fantasy
millennium-actress,Romance
millers-crossing,Crime
millers-crossing,Drama
millers-crossing,Thriller
milli-vanilli,Biography
milli-vanilli,Documentary
milli-vanilli,Music
million-dollar-baby,Drama
million-dollar-baby,Sport
mimic,Horror
mimic,Sci-Fi
minari,Drama
mindhunters,Crime
mindhunters,Horror
mindhunters,Thriller
minding-the-gap,Documentary
minding-the-gap,Sport
minority-report,Action
minority-report,Crime
minority-report,Mystery
minority-report,Sci-Fi
minority-report,Thriller
miracle-in-milan,Comedy
miracle-in-milan,Drama
miracle-in-milan,Fantasy
miracle-on-34th-street,Comedy
miracle-on-34th-street,Drama
miracle-on-34th-street,Family
miracle-on-34th-street,Fantasy
mirai,Adventure
mirai,Animation
mirai,Drama
mirai,Family
mirai,Fantasy
miroirs-no-3,Drama
miroirs-no-3,Music
miroirs-no-3,Mystery
miroirs-no-3,Thriller
mirror-1975,Biography
mirror-1975,Drama
mirrors,Horror
mirrors,Mystery
misericordia,Comedy
misericordia,Crime
misericordia,Drama
misery,Drama
misery,Thriller
mishima-a-life-in-four-chapters,Biography
mishima-a-life-in-four-chapters,Drama
miss-bala,Action
miss-bala,Crime
miss-bala,Drama
miss-bala,Thriller
miss-congeniality,Action
miss-congeniality,Comedy
miss-congeniality,Crime
miss-congeniality,Romance
miss-congeniality-2-armed-fabulous,Action
miss-congeniality-2-armed-fabulous,Comedy
miss-congeniality-2-armed-fabulous,Crime
miss-hokusai,Animation
miss-hokusai,Biography
miss-hokusai,Drama
miss-hokusai,History
miss-juneteenth,Drama
miss-sharon-jones!,Documentary
miss-sharon-jones!,Music
missing,Biography
missing,Drama
missing,History
missing,Mystery
missing,Thriller
mission-impossible,Action
mission-impossible,Adventure
mission-impossible,Thriller
mission-impossible---ghost-protocol,Action
mission-impossible---ghost-protocol,Adventure
mission-impossible---ghost-protocol,Thriller
mission-impossible---rogue-nation,Action
mission-impossible---rogue-nation,Adventure
mission-impossible---rogue-nation,Thriller
mission-impossible-dead-reckoning,Action
mission-impossible-dead-reckoning,Adventure
mission-impossible-dead-reckoning,Thriller
mission-impossible-fallout,Action
mission-impossible-fallout,Adventure
mission-impossible-fallout,Thriller
mission-impossible-ii,Action
mission-impossible-ii,Adventure
mission-impossible-ii,Thriller
mission-impossible-iii,Action
mission-impossible-iii,Adventure
mission-impossible-iii,Thriller
mission-to-mars,Adventure
mission-to-mars,Sci-Fi
mission-to-mars,Thriller
mississippi-burning,Crime
mississippi-burning,Drama
mississippi-burning,Mystery
mississippi-burning,Thriller
mississippi-grind,Comedy
mississippi-grind,Drama
mississippi-masala,Drama
mississippi-masala,Romance
mistaken-for-strangers,Comedy
mistaken-for-strangers,Documentary
mistaken-for-strangers,Music
mister-organ,Documentary
mistress-america,Comedy
mistress-america,Drama
mlkfbi,Biography
mlkfbi,Documentary
mlkfbi,History
moana,Adventure
moana,Animation
moana,Comedy
moana,Family
moana,Fantasy
moana,Musical
moby-dick,Adventure
moby-dick,Drama
modern-times-re-release,Comedy
modern-times-re-release,Drama
modern-times-re-release,Romance
mogul-mowgli,Drama
mogul-mowgli,Music
molli-and-max-in-the-future,Comedy
molli-and-max-in-the-future,Romance
molli-and-max-in-the-future,Sci-Fi
mollys-game,Biography
mollys-game,Crime
mollys-game,Drama
mommy,Drama
mona-lisa,Crime
mona-lisa,Drama
mona-lisa,Romance
mona-lisa,Thriller
moneyball,Biography
moneyball,Drama
moneyball,Sport
monica,Drama
monkey-kingdom,Documentary
monos,Adventure
monos,Drama
monos,Thriller
monrovia-indiana,Documentary
monsieur-hulots-holiday,Comedy
monsieur-lazhar,Comedy
monsieur-lazhar,Drama
monsoon-wedding,Comedy
monsoon-wedding,Drama
monsoon-wedding,Romance
monster,Biography
monster,Crime
monster,Drama
monster,Thriller
monster-2023,Drama
monster-2023,Mystery
monster-2023,Thriller
monster-house,Animation
monster-house,Comedy
monster-house,Family
monster-house,Fantasy
monster-house,Mystery
monster-in-law,Comedy
monster-in-law,Romance
monsters,Adventure
monsters,Drama
monsters,Romance
monsters,Sci-Fi
monsters,Thriller
monsters-ball,Drama
monsters-ball,Romance
monsters-inc,Adventure
monsters-inc,Animation
monsters-inc,Comedy
monsters-inc,Family
monsters-inc,Fantasy
montana-story,Drama
monte-carlo,Adventure
monte-carlo,Comedy
monte-carlo,Family
monte-carlo,Romance
monty-python-and-the-holy-grail,Adventure
monty-python-and-the-holy-grail,Comedy
monty-python-and-the-holy-grail,Fantasy
monty-pythons-life-of-brian,Comedy
moolaade,Drama
moonage-daydream,Biography
moonage-daydream,Documentary
moonage-daydream,Music
moonlight-2016,Drama
moonraker,Action
moonraker,Adventure
moonraker,Sci-Fi
moonraker,Thriller
moonrise-kingdom,Adventure
moonrise-kingdom,Comedy
moonrise-kingdom,Drama
moonrise-kingdom,Fantasy
moonrise-kingdom,Romance
moonstruck,Comedy
moonstruck,Drama
moonstruck,Romance
more-than-ever,Drama
more-than-ever,Romance
more-than-honey,Documentary
morning-glory,Comedy
morning-glory,Drama
morning-glory,Romance
morris-from-america,Comedy
morris-from-america,Drama
morris-from-america,Romance
mortal-kombat,Action
mortal-kombat,Adventure
mortal-kombat,Fantasy
mortal-kombat,Sci-Fi
mortal-kombat,Thriller
mortal-kombat-annihilation,Action
mortal-kombat-annihilation,Adventure
mortal-kombat-annihilation,Fantasy
mortal-kombat-annihilation,Sci-Fi
mortal-kombat-annihilation,Thriller
morvern-callar,Drama
most-beautiful-island,Drama
most-beautiful-island,Horror
most-beautiful-island,Thriller
motel-destino,Drama
motel-destino,Thriller
mother,Crime
mother,Drama
mother,Mystery
mother,Thriller
mother!,Drama
mother!,Horror
mother!,Mystery
moulin-rouge!,Drama
moulin-rouge!,Musical
moulin-rouge!,Romance
mountain-2018,Documentary
mountain-patrol,Action
mountain-patrol,Drama
mountains,Drama
mountains-may-depart,Drama
mountains-may-depart,Romance
mousehunt,Comedy
moviepass-moviecrash,Comedy
moviepass-moviecrash,Crime
moviepass-moviecrash,Documentary
moviepass-moviecrash,Drama
mozarts-sister,Biography
mozarts-sister,Drama
mozarts-sister,Music
mozarts-sister,Romance
mr-bachmann-and-his-class,Documentary
mr-beans-vacation,Comedy
mr-beans-vacation,Family
mr-brooks,Crime
mr-brooks,Drama
mr-brooks,Mystery
mr-brooks,Thriller
mr-death-the-rise-and-fall-of-fred-a-leuchter-jr,Biography
mr-death-the-rise-and-fall-of-fred-a-leuchter-jr,Documentary
mr-deeds,Comedy
mr-deeds,Romance
mr-mrs-smith,Action
mr-mrs-smith,Comedy
mr-mrs-smith,Crime
mr-mrs-smith,Thriller
mr-nobody-against-putin,Documentary
mr-poppers-penguins,Comedy
mr-poppers-penguins,Family
mr-poppers-penguins,Fantasy
mr-roosevelt,Comedy
mr-smith-goes-to-washington,Comedy
mr-smith-goes-to-washington,Drama
mr-turner,Biography
mr-turner,Drama
mr-turner,History
mrs-doubtfire,Comedy
mrs-doubtfire,Drama
mrs-doubtfire,Family
mrs-miniver,Drama
mrs-miniver,Romance
mrs-miniver,War
much-ado-about-nothing,Comedy
much-ado-about-nothing,Drama
much-ado-about-nothing,Romance
much-ado-about-nothing-1993,Comedy
much-ado-about-nothing-1993,Drama
much-ado-about-nothing-1993,Romance
mucho-mucho-amor,Biography
mucho-mucho-amor,Documentary
mud,Adventure
mud,Drama
mudbound,Drama
mudbound,War
mugabe-and-the-white-african,Documentary
mulan,Adventure
mulan,Animation
mulan,Comedy
mulan,Family
mulan,Fantasy
mulan,Musical
mulan,War
mulholland-dr,Drama
mulholland-dr,Mystery
mulholland-dr,Thriller
munich,Drama
munich,History
munich,Thriller
murder-on-the-orient-express-1974,Crime
murder-on-the-orient-express-1974,Drama
murder-on-the-orient-express-1974,Mystery
murder-on-the-orient-express-1974,Thriller
murderball,Documentary
murderball,Sport
murina,Drama
muscle-shoals,Biography
muscle-shoals,Documentary
muscle-shoals,History
muscle-shoals,Music
museo,Crime
museo,Drama
museum-hours,Drama
music-2023,Drama
music-2023,Music
music-by-john-williams,Biography
music-by-john-williams,Documentary
music-by-john-williams,Music
musica,Comedy
musica,Music
musica,Romance
mustang,Drama
mutiny-on-the-bounty,Adventure
mutiny-on-the-bounty,Biography
mutiny-on-the-bounty,Drama
mutiny-on-the-bounty,History
mutiny-on-the-bounty,Romance
my-architect,Biography
my-architect,Documentary
my-beautiful-laundrette,Comedy
my-beautiful-laundrette,Drama
my-beautiful-laundrette,Romance
my-best-friends-wedding,Comedy
my-best-friends-wedding,Drama
my-best-friends-wedding,Romance
my-big-night,Comedy
my-big-night,Romance
my-bloody-valentine,Horror
my-bloody-valentine,Mystery
my-bloody-valentine,Thriller
my-blueberry-nights,Drama
my-blueberry-nights,Romance
my-brother-the-devil,Crime
my-brother-the-devil,Drama
my-brother-the-devil,Romance
my-cousin-vinny,Comedy
my-cousin-vinny,Crime
my-darling-vivian,Biography
my-darling-vivian,Documentary
my-dead-friend-zoe,Comedy
my-dead-friend-zoe,Drama
my-dead-friend-zoe,War
my-dinner-with-andre,Comedy
my-dinner-with-andre,Drama
my-dog-tulip,Animation
my-dog-tulip,Drama
my-entire-high-school-sinking-into-the-sea,Action
my-entire-high-school-sinking-into-the-sea,Animation
my-entire-high-school-sinking-into-the-sea,Comedy
my-entire-high-school-sinking-into-the-sea,Drama
my-entire-high-school-sinking-into-the-sea,Thriller
my-fair-lady,Drama
my-fair-lady,Musical
my-fair-lady,Romance
my-fathers-dragon,Adventure
my-fathers-dragon,Animation
my-fathers-dragon,Comedy
my-fathers-dragon,Drama
my-fathers-dragon,Family
my-fathers-dragon,Fantasy
my-fathers-shadow,Drama
my-golden-days,Drama
my-golden-days,Romance
my-happy-family,Drama
my-hero-academia-heroes-rising,Action
my-hero-academia-heroes-rising,Adventure
my-hero-academia-heroes-rising,Animation
my-hero-academia-heroes-rising,Sci-Fi
my-journey-through-french-cinema,Documentary
my-joy,Drama
my-left-foot,Biography
my-left-foot,Drama
my-life-as-a-dog,Comedy
my-life-as-a-dog,Drama
my-life-as-a-zucchini,Animation
my-life-as-a-zucchini,Comedy
my-life-as-a-zucchini,Drama
my-little-sister,Drama
my-man-godfrey,Comedy
my-man-godfrey,Drama
my-man-godfrey,Romance
my-mom-jayne,Biography
my-mom-jayne,Documentary
my-mom-jayne,Family
my-mom-jayne,Mystery
my-name-is-alfred-hitchcock,Documentary
my-name-is-khan,Drama
my-name-is-khan,Romance
my-neighbor-totoro,Adventure
my-neighbor-totoro,Animation
my-neighbor-totoro,Comedy
my-neighbor-totoro,Family
my-neighbor-totoro,Fantasy
my-old-ass,Comedy
my-old-ass,Drama
my-old-ass,Fantasy
my-old-ass,Romance
my-own-private-idaho,Drama
my-penguin-friend,Adventure
my-penguin-friend,Drama
my-penguin-friend,Family
my-perestroika,Biography
my-perestroika,Documentary
my-perestroika,Family
my-perestroika,History
my-perestroika,News
my-sisters-keeper,Drama
my-sisters-keeper,Family
my-soul-to-take,Horror
my-soul-to-take,Mystery
my-soul-to-take,Thriller
my-summer-of-love,Drama
my-summer-of-love,Romance
my-super-ex-girlfriend,Comedy
my-super-ex-girlfriend,Romance
my-super-ex-girlfriend,Sci-Fi
my-uncle,Comedy
my-undesirable-friends-part-i---last-air-in-moscow,Documentary
my-voyage-to-italy,Documentary
my-week-with-marilyn,Biography
my-week-with-marilyn,Drama
my-winnipeg,Comedy
my-winnipeg,Drama
my-winnipeg,Fantasy
my-winnipeg,History
mysteries-of-lisbon,Drama
mysteries-of-lisbon,Mystery
mysteries-of-lisbon,Romance
mystery-men,Action
mystery-men,Comedy
mystery-men,Fantasy
mystery-men,Sci-Fi
mystery-train,Comedy
mystery-train,Crime
mystery-train,Drama
mystic-river,Crime
mystic-river,Drama
mystic-river,Mystery
mystic-river,Thriller
mystify-michael-hutchence,Biography
mystify-michael-hutchence,Documentary
mystify-michael-hutchence,Music
nacho-libre,Comedy
nacho-libre,Family
nacho-libre,Sport
naked,Comedy
naked,Drama
naked-gun-33-13-the-final-insult,Comedy
naked-gun-33-13-the-final-insult,Crime
naked-lunch,Drama
naked-lunch,Mystery
nam-june-paik-moon-is-the-oldest-tv,Biography
nam-june-paik-moon-is-the-oldest-tv,Documentary
nanny,Drama
nanny,Horror
nanny-mcphee,Comedy
nanny-mcphee,Family
nanny-mcphee,Fantasy
napoleon-dynamite,Comedy
narco-cultura,Crime
narco-cultura,Documentary
nas-time-is-illmatic,Biography
nas-time-is-illmatic,Documentary
nas-time-is-illmatic,History
nas-time-is-illmatic,Music
nashville,Comedy
nashville,Drama
nashville,Music
national-anthem,Drama
national-gallery,Documentary
national-lampoons-vacation,Adventure
national-lampoons-vacation,Comedy
national-treasure-book-of-secrets,Action
national-treasure-book-of-secrets,Adventure
national-treasure-book-of-secrets,Mystery
national-treasure-book-of-secrets,Thriller
natural-born-killers,Crime
natural-born-killers,Romance
nausicaa-of-the-valley-of-the-wind,Adventure
nausicaa-of-the-valley-of-the-wind,Animation
nausicaa-of-the-valley-of-the-wind,Sci-Fi
navalny,Biography
navalny,Documentary
near-dark,Horror
nebraska,Drama
neighboring-sounds,Drama
neighboring-sounds,Thriller
neil-young-heart-of-gold,Documentary
neil-young-heart-of-gold,Music
neil-young-journeys,Documentary
neil-young-journeys,Music
neon-bull,Drama
neptune-frost,Fantasy
neptune-frost,Musical
neptune-frost,Romance
neptune-frost,Sci-Fi
neruda,Biography
neruda,Crime
neruda,Drama
neruda,History
neruda,Thriller
network,Drama
never-back-down,Action
never-back-down,Drama
never-back-down,Sport
never-gonna-snow-again,Comedy
never-gonna-snow-again,Drama
never-gonna-snow-again,Mystery
never-rarely-sometimes-always,Drama
never-say-never-again,Action
never-say-never-again,Adventure
never-say-never-again,Thriller
new-years-eve,Comedy
new-years-eve,Romance
news-of-the-world,Action
news-of-the-world,Adventure
news-of-the-world,Drama
news-of-the-world,Western
newtown,Documentary
newtown,History
next-goal-wins,Documentary
next-goal-wins,Sport
nick-and-norahs-infinite-playlist,Comedy
nick-and-norahs-infinite-playlist,Drama
nick-and-norahs-infinite-playlist,Music
nick-and-norahs-infinite-playlist,Romance
nickel-boys,Drama
nico-1988,Biography
nico-1988,Drama
nico-1988,Music
night-at-the-museum,Adventure
night-at-the-museum,Comedy
night-at-the-museum,Family
night-at-the-museum,Fantasy
night-comes-on,Drama
night-moves,Drama
night-moves,Thriller
night-moves-1975,Crime
night-moves-1975,Drama
night-moves-1975,Mystery
night-moves-1975,Thriller
night-of-the-kings,Drama
night-of-the-kings,Fantasy
night-of-the-living-dead,Horror
night-of-the-living-dead,Thriller
night-will-fall,Documentary
night-will-fall,History
night-will-fall,War
nightcrawler,Crime
nightcrawler,Drama
nightcrawler,Thriller
nimona,Action
nimona,Adventure
nimona,Animation
nimona,Comedy
nimona,Drama
nimona,Family
nimona,Fantasy
nimona,Sci-Fi
nimona,Thriller
nina-forever,Comedy
nina-forever,Drama
nina-forever,Horror
nina-forever,Romance
nina-forever,Thriller
nine-days,Drama
nine-days,Fantasy
nine-lives,Drama
nine-queens,Crime
nine-queens,Drama
nine-queens,Thriller
nirvanna-the-band-the-show-the-movie,Adventure
nirvanna-the-band-the-show-the-movie,Comedy
nirvanna-the-band-the-show-the-movie,Sci-Fi
nitram,Crime
nitram,Drama
nitram,Thriller
nixon,Biography
nixon,Drama
nixon,History
no,Drama
no,History
no-bears,Drama
no-bears,Romance
no-country-for-old-men,Crime
no-country-for-old-men,Drama
no-country-for-old-men,Thriller
no-date-no-signature,Drama
no-date-no-signature,Mystery
no-date-no-signature,Thriller
no-end-in-sight,Documentary
no-end-in-sight,War
no-home-movie,Documentary
no-mans-land,Comedy
no-mans-land,Drama
no-mans-land,War
no-one-knows-about-persian-cats,Drama
no-one-knows-about-persian-cats,Music
no-other-choice,Comedy
no-other-choice,Crime
no-other-choice,Drama
no-other-choice,Thriller
no-other-land,Documentary
no-strings-attached,Comedy
no-strings-attached,Romance
no-sudden-move,Crime
no-sudden-move,Drama
no-sudden-move,Mystery
no-sudden-move,Thriller
no-way-out,Action
no-way-out,Crime
no-way-out,Drama
no-way-out,Mystery
no-way-out,Romance
no-way-out,Thriller
nobody-knows,Drama
nobodys-fool,Comedy
nobodys-fool,Drama
nocturama,Drama
nocturama,Thriller
nomadland,Drama
non-fiction,Comedy
non-fiction,Drama
non-fiction,Romance
nope,Horror
nope,Mystery
nope,Sci-Fi
nope,Thriller
norbit,Comedy
norbit,Romance
norman-the-moderate-rise-and-tragic-fall-of-a-new-york-fixer,Drama
norman-the-moderate-rise-and-tragic-fall-of-a-new-york-fixer,Thriller
norte-the-end-of-history,Crime
norte-the-end-of-history,Drama
north-by-northwest,Adventure
north-by-northwest,Drama
north-by-northwest,Mystery
north-by-northwest,Thriller
north-dallas-forty,Comedy
north-dallas-forty,Drama
north-dallas-forty,Sport
nosferatu-2024,Fantasy
nosferatu-2024,Horror
nosferatu-2024,Mystery
nosferatu-the-vampyre,Drama
nosferatu-the-vampyre,Horror
nossa-chape,Documentary
nossa-chape,Sport
nostalghia,Drama
nostalgia-2022,Drama
nostalgia-for-the-light,Documentary
not-another-teen-movie,Comedy
not-another-teen-movie,Romance
notes-on-a-scandal,Crime
notes-on-a-scandal,Drama
notes-on-a-scandal,Romance
notes-on-a-scandal,Thriller
nothing-compares,Biography
nothing-compares,Documentary
nothing-compares,Music
nothing-lasts-forever,Documentary
nothing-sacred,Comedy
nothing-sacred,Drama
nothing-sacred,Fantasy
nothing-sacred,Romance
notorious-1946,Drama
notorious-1946,Film-Noir
notorious-1946,Mystery
notorious-1946,Romance
notorious-1946,Thriller
notre-musique,Drama
notting-hill,Comedy
notting-hill,Drama
notting-hill,Romance
nouvelle-vague,Biography
nouvelle-vague,Comedy
nouvelle-vague,Drama
nouvelle-vague,History
november-2018,Drama
november-2018,Fantasy
november-2018,Horror
november-2018,Romance
novitiate,Drama
nowhere-boy,Biography
nowhere-boy,Drama
nowhere-boy,Music
nowhere-boy,Romance
nowhere-special,Drama
o-brother-where-art-thou,Adventure
o-brother-where-art-thou,Comedy
o-brother-where-art-thou,Crime
o-brother-where-art-thou,Drama
o-brother-where-art-thou,Music
oasis,Drama
oasis,Romance
oasis-dont-look-back-in-anger,Documentary
oasis-dont-look-back-in-anger,Music
oasis-knebworth-1996,Documentary
oasis-knebworth-1996,Music
oasis-supersonic,Biography
oasis-supersonic,Documentary
oasis-supersonic,Music
obex,Fantasy
obex,Horror
obex,Sci-Fi
obit,Documentary
observe-and-report,Action
observe-and-report,Comedy
observe-and-report,Crime
observe-and-report,Drama
observe-and-report,Mystery
obsessed,Drama
obsessed,Romance
obsessed,Thriller
obsession-2025,Horror
obsession-2025,Romance
obsession-2025,Thriller
obvious-child,Comedy
obvious-child,Drama
obvious-child,Romance
occupied-city,Documentary
occupied-city,History
occupied-city,War
oceans,Documentary
oceans-thirteen,Crime
oceans-thirteen,Thriller
oceans-twelve,Crime
oceans-twelve,Thriller
october-sky,Biography
october-sky,Drama
october-sky,Family
octopussy,Action
octopussy,Adventure
octopussy,Thriller
odd-man-out,Crime
odd-man-out,Drama
odd-man-out,Film-Noir
odd-man-out,Thriller
oddity,Horror
oddity,Mystery
oddity,Thriller
of-gods-and-men,Drama
of-gods-and-men,History
of-men-and-war,Documentary
of-men-and-war,History
of-men-and-war,War
of-mice-and-men,Adventure
of-mice-and-men,Drama
of-time-and-the-city,Biography
of-time-and-the-city,Documentary
office,Comedy
office,Musical
office,Romance
office-space,Comedy
official-competition,Comedy
official-competition,Drama
offside,Comedy
offside,Drama
offside,Sport
ohorten,Comedy
ohorten,Drama
okja,Action
okja,Adventure
okja,Drama
okja,Sci-Fi
oklahoma-city,Crime
oklahoma-city,Documentary
oklahoma-city,History
old-dogs,Comedy
old-dogs,Family
old-joy,Drama
old-school,Comedy
oldboy,Action
oldboy,Drama
oldboy,Mystery
oldboy,Thriller
olga,Drama
olga,Sport
oliver-sacks-his-own-life,Biography
oliver-sacks-his-own-life,Documentary
oliver-twist-1951,Drama
olmo,Comedy
olmo,Drama
omaha,Drama
omar,Crime
omar,Drama
omar,Romance
omar,Thriller
omar,War
on-becoming-a-guinea-fowl,Comedy
on-becoming-a-guinea-fowl,Drama
on-body-and-soul,Drama
on-body-and-soul,Fantasy
on-body-and-soul,Mystery
on-body-and-soul,Romance
on-dangerous-ground,Drama
on-dangerous-ground,Film-Noir
on-her-majestys-secret-service,Action
on-her-majestys-secret-service,Adventure
on-her-majestys-secret-service,Thriller
on-the-adamant,Documentary
on-the-beach-at-night-alone,Drama
on-the-beach-at-night-alone,Romance
on-the-count-of-three,Comedy
on-the-count-of-three,Crime
on-the-count-of-three,Drama
on-the-record,Documentary
on-the-rocks-2020,Comedy
on-the-rocks-2020,Drama
on-the-rocks-2020,Romance
on-the-ropes,Documentary
on-the-ropes,Drama
on-the-ropes,Sport
on-the-waterfront,Crime
on-the-waterfront,Drama
on-the-waterfront,Thriller
once,Drama
once,Music
once,Musical
once,Romance
once-upon-a-time-in-anatolia,Crime
once-upon-a-time-in-anatolia,Drama
once-upon-a-time-in-anatolia,Thriller
once-upon-a-time-in-hollywood,Comedy
once-upon-a-time-in-hollywood,Drama
once-upon-a-time-in-the-west,Drama
once-upon-a-time-in-the-west,Western
once-were-warriors,Crime
once-were-warriors,Drama
one-battle-after-another,Crime
one-battle-after-another,Thriller
one-child-nation,Documentary
one-child-nation,History
one-cut-of-the-dead,Comedy
one-cut-of-the-dead,Drama
one-cut-of-the-dead,Horror
one-day-2011,Drama
one-day-2011,Romance
one-day-in-september,Documentary
one-day-in-september,History
one-day-in-september,Sport
one-false-move,Crime
one-false-move,Drama
one-false-move,Thriller
one-fine-morning,Drama
one-fine-morning,Romance
one-flew-over-the-cuckoos-nest,Drama
one-hour-photo,Drama
one-hour-photo,Thriller
one-missed-call,Horror
one-missed-call,Mystery
one-more-time-with-feeling,Documentary
one-more-time-with-feeling,Music
one-night-in-miami,Drama
one-of-them-days,Comedy
one-of-us,Documentary
one-to-one-john-yoko,Biography
one-to-one-john-yoko,Documentary
one-to-one-john-yoko,History
one-to-one-john-yoko,Music
one-week-and-a-day,Comedy
one-week-and-a-day,Drama
ong-bak,Action
ong-bak,Crime
ong-bak,Thriller
only-angels-have-wings,Adventure
only-angels-have-wings,Drama
only-angels-have-wings,Romance
only-lovers-left-alive,Comedy
only-lovers-left-alive,Drama
only-lovers-left-alive,Fantasy
only-lovers-left-alive,Horror
only-lovers-left-alive,Romance
only-the-brave,Action
only-the-brave,Biography
only-the-brave,Drama
only-the-young,Comedy
only-the-young,Documentary
only-the-young,Romance
only-yesterday-1991,Animation
only-yesterday-1991,Drama
only-yesterday-1991,Romance
onoda-10000-nights-in-the-jungle,Adventure
onoda-10000-nights-in-the-jungle,Drama
onoda-10000-nights-in-the-jungle,History
onoda-10000-nights-in-the-jungle,War
open-hearts,Drama
open-hearts,Romance
open-range,Action
open-range,Drama
open-range,Romance
open-range,Western
oppenheimer,Biography
oppenheimer,Drama
oppenheimer,History
ordinary-love,Drama
ordinary-love,Romance
ordinary-people,Drama
origin,Drama
origin,History
orion-and-the-dark,Adventure
orion-and-the-dark,Animation
orion-and-the-dark,Comedy
orion-and-the-dark,Family
orion-and-the-dark,Fantasy
orion-and-the-dark,Mystery
orlando-my-political-biography,Documentary
osama,Drama
oslo-august-31st,Drama
osmosis-jones,Action
osmosis-jones,Adventure
osmosis-jones,Animation
osmosis-jones,Comedy
osmosis-jones,Crime
osmosis-jones,Family
osmosis-jones,Fantasy
osmosis-jones,Sci-Fi
other-peoples-children-2022,Comedy
other-peoples-children-2022,Drama
other-peoples-children-2022,Romance
our-body,Documentary
our-children,Crime
our-children,Drama
our-daily-bread,Documentary
our-father-the-devil,Thriller
our-hero-balthazar,Comedy
our-hero-balthazar,Drama
our-hero-balthazar,Thriller
our-idiot-brother,Comedy
our-idiot-brother,Drama
our-land-nuestra-tierra,Crime
our-land-nuestra-tierra,Documentary
our-land-nuestra-tierra,History
our-land-nuestra-tierra,Thriller
our-little-sister,Drama
our-little-sister,Family
our-nixon,Biography
our-nixon,Crime
our-nixon,Documentary
our-nixon,History
our-time-will-come,Drama
our-time-will-come,War
out-1-noli-me-tangere-1971,Drama
out-1-noli-me-tangere-1971,Mystery
out-of-sight,Comedy
out-of-sight,Crime
out-of-sight,Drama
out-of-sight,Romance
out-of-sight,Thriller
out-of-the-blue-1980,Drama
out-of-the-past,Crime
out-of-the-past,Drama
out-of-the-past,Film-Noir
out-of-the-past,Romance
out-of-the-past,Thriller
out-of-time,Crime
out-of-time,Drama
out-of-time,Mystery
out-of-time,Thriller
outbreak,Action
outbreak,Drama
outbreak,Thriller
outlander,Action
outlander,Adventure
outlander,Sci-Fi
outside-in,Drama
over-the-hedge,Adventure
over-the-hedge,Animation
over-the-hedge,Comedy
over-the-hedge,Family
overlord-re-release,Drama
overlord-re-release,History
overlord-re-release,War
pacifiction,Drama
pacifiction,Thriller
paddington,Adventure
paddington,Comedy
paddington,Family
paddington,Fantasy
paddington-2,Adventure
paddington-2,Comedy
paddington-2,Family
pain-and-glory,Drama
palio,Documentary
palio,Drama
palio,Sport
palm-springs,Comedy
palm-springs,Fantasy
palm-springs,Mystery
palm-springs,Romance
palm-springs,Sci-Fi
palm-trees-and-power-lines,Drama
panic,Comedy
panic,Crime
panic,Drama
pans-labyrinth,Drama
pans-labyrinth,Fantasy
pans-labyrinth,War
paper-moon,Comedy
paper-moon,Crime
paper-moon,Drama
paprika,Animation
paprika,Drama
paprika,Fantasy
paprika,Mystery
paprika,Sci-Fi
paprika,Thriller
paradise-hope,Drama
paragraph-175,Documentary
paragraph-175,History
paragraph-175,Romance
paragraph-175,War
parallel-mothers,Drama
paranoid-park,Crime
paranoid-park,Drama
paranoid-park,Mystery
paranormal-activity,Horror
paranormal-activity,Mystery
paranormal-activity-2,Horror
paranormal-activity-2,Mystery
paranormal-activity-3,Horror
paranormal-activity-3,Mystery
paranormal-activity-3,Thriller
paranorman,Adventure
paranorman,Animation
paranorman,Comedy
paranorman,Family
paranorman,Fantasy
paranorman,Mystery
parasite,Drama
parasite,Thriller
parenthood,Comedy
parenthood,Drama
pariah,Drama
paris-0559-theo-hugo,Drama
paris-0559-theo-hugo,Romance
paris-13th-district,Comedy
paris-13th-district,Drama
paris-13th-district,Romance
paris-is-burning,Documentary
paris-je-taime,Comedy
paris-je-taime,Drama
paris-je-taime,Romance
paris-texas,Drama
parlez-moi-de-la-pluie,Comedy
parlez-moi-de-la-pluie,Drama
particle-fever,Documentary
pasolini,Biography
pasolini,Drama
pass-over,Drama
passages,Drama
passages,Romance
passing,Drama
passing,Mystery
passing,Thriller
passing-strange,Comedy
passing-strange,Drama
passing-strange,Music
passing-strange,Musical
past-lives,Drama
past-lives,Romance
patch-adams,Biography
patch-adams,Comedy
patch-adams,Drama
patch-adams,Romance
paterson,Comedy
paterson,Drama
paterson,Romance
paths-of-glory,Drama
paths-of-glory,War
paths-of-the-soul,Drama
patriot-games,Action
patriot-games,Thriller
patton,Biography
patton,Drama
patton,War
paul,Adventure
paul,Comedy
paul,Sci-Fi
paul-blart-mall-cop,Action
paul-blart-mall-cop,Comedy
paul-blart-mall-cop,Crime
paul-blart-mall-cop,Family
paul-mccartney-man-on-the-run,Biography
paul-mccartney-man-on-the-run,Documentary
paul-mccartney-man-on-the-run,Music
paul-williams-still-alive,Biography
paul-williams-still-alive,Comedy
paul-williams-still-alive,Documentary
paul-williams-still-alive,Music
pavements,Biography
pavements,Documentary
pavements,Drama
pavements,Music
pay-it-forward,Drama
paycheck,Action
paycheck,Mystery
paycheck,Sci-Fi
paycheck,Thriller
pearl-2022,Drama
pearl-2022,Horror
pearl-2022,Thriller
pearl-harbor,Action
pearl-harbor,Drama
pearl-harbor,Romance
pearl-harbor,War
pepe-le-moko-re-release,Crime
pepe-le-moko-re-release,Drama
pepe-le-moko-re-release,Romance
percy-jackson-the-olympians-the-lightning-thief,Adventure
percy-jackson-the-olympians-the-lightning-thief,Family
percy-jackson-the-olympians-the-lightning-thief,Fantasy
perfect-blue,Animation
perfect-blue,Crime
perfect-blue,Drama
perfect-blue,Mystery
perfect-blue,Thriller
perfect-days,Drama
persepolis,Animation
persepolis,Biography
persepolis,Drama
persepolis,History
persepolis,War
persona,Drama
persona,Thriller
personal-shopper,Drama
personal-shopper,Mystery
personal-shopper,Thriller
personality-crisis-one-night-only,Biography
personality-crisis-one-night-only,Documentary
personality-crisis-one-night-only,Music
pervert-park,Crime
pervert-park,Documentary
pet-sematary,Fantasy
pet-sematary,Horror
pet-sematary,Thriller
peter-and-the-farm,Biography
peter-and-the-farm,Documentary
peter-hujars-day,Biography
peter-hujars-day,Drama
peter-hujars-day,History
petes-dragon,Action
petes-dragon,Adventure
petes-dragon,Comedy
petes-dragon,Drama
petes-dragon,Family
petes-dragon,Fantasy
petite-maman,Drama
petite-maman,Fantasy
petrovs-flu,Drama
petrovs-flu,Sci-Fi
phantasm,Horror
phantasm,Sci-Fi
phantom-thread,Drama
phantom-thread,Romance
phenomenon,Drama
phenomenon,Fantasy
phenomenon,Romance
phenomenon,Sci-Fi
phil-ochs-there-but-for-fortune,Biography
phil-ochs-there-but-for-fortune,Documentary
phil-ochs-there-but-for-fortune,History
phil-ochs-there-but-for-fortune,Music
philomena,Biography
philomena,Comedy
philomena,Drama
phoenix,Drama
phoenix,History
phoenix,Music
phoenix,Romance
phone-booth,Crime
phone-booth,Thriller
pi,Drama
pi,Horror
pi,Mystery
pi,Sci-Fi
pi,Thriller
piccadilly-re-release,Crime
piccadilly-re-release,Drama
picnic-at-hanging-rock,Drama
picnic-at-hanging-rock,Mystery
pictures-of-ghosts,Documentary
pictures-of-ghosts,History
pieta,Crime
pieta,Drama
pieta,Thriller
pig-2021,Drama
pig-2021,Mystery
piggy,Drama
piggy,Horror
piggy,Thriller
pillion,Comedy
pillion,Drama
pillion,Romance
pin-cushion,Drama
pina,Documentary
pina,Music
pineapple-express,Action
pineapple-express,Comedy
pineapple-express,Crime
pink-floyd-the-wall,Drama
pink-floyd-the-wall,Fantasy
pink-floyd-the-wall,Music
pinocchio,Comedy
pinocchio,Family
pinocchio,Fantasy
pinocchio-1940,Adventure
pinocchio-1940,Animation
pinocchio-1940,Comedy
pinocchio-1940,Family
pinocchio-1940,Fantasy
pinocchio-1940,Musical
piranha-3-d,Comedy
piranha-3-d,Horror
pirate-radio,Comedy
pirate-radio,Drama
pirate-radio,Music
pirates-of-the-caribbean-at-worlds-end,Action
pirates-of-the-caribbean-at-worlds-end,Adventure
pirates-of-the-caribbean-at-worlds-end,Fantasy
pirates-of-the-caribbean-dead-mans-chest,Action
pirates-of-the-caribbean-dead-mans-chest,Adventure
pirates-of-the-caribbean-dead-mans-chest,Fantasy
pirates-of-the-caribbean-on-stranger-tides,Action
pirates-of-the-caribbean-on-stranger-tides,Adventure
pirates-of-the-caribbean-on-stranger-tides,Fantasy
pirates-of-the-caribbean-the-curse-of-the-black-pearl,Action
pirates-of-the-caribbean-the-curse-of-the-black-pearl,Adventure
pirates-of-the-caribbean-the-curse-of-the-black-pearl,Fantasy
pit-and-the-pendulum,Drama
pit-and-the-pendulum,Horror
pit-and-the-pendulum,Mystery
pitch-black,Horror
pitch-black,Sci-Fi
pitch-black,Thriller
plan-75,Drama
plan-75,Sci-Fi
plan-b,Comedy
plan-c,Documentary
planes-trains-automobiles,Comedy
planes-trains-automobiles,Drama
planet-51,Adventure
planet-51,Animation
planet-51,Comedy
planet-51,Family
planet-51,Fantasy
planet-51,Sci-Fi
planet-of-the-apes,Action
planet-of-the-apes,Adventure
planet-of-the-apes,Sci-Fi
planet-of-the-apes,Thriller
planet-of-the-apes-1968,Adventure
planet-of-the-apes-1968,Sci-Fi
platoon,Drama
platoon,War
play,Drama
play-it-again-sam,Comedy
play-it-again-sam,Romance
play-misty-for-me,Drama
play-misty-for-me,Thriller
playground,Drama
playtime,Comedy
pleasantville,Comedy
pleasantville,Drama
pleasantville,Fantasy
please-give,Comedy
please-give,Drama
pleasure,Drama
pocahontas,Adventure
pocahontas,Animation
pocahontas,Drama
pocahontas,Family
pocahontas,Musical
pocahontas,Romance
poetry,Drama
point-blank,Action
point-blank,Crime
point-blank,Drama
point-blank,Thriller
point-blank-1967,Crime
point-blank-1967,Drama
point-blank-1967,Thriller
point-break-1991,Action
point-break-1991,Crime
point-break-1991,Thriller
pokemon-3-the-movie,Action
pokemon-3-the-movie,Adventure
pokemon-3-the-movie,Animation
pokemon-3-the-movie,Comedy
pokemon-3-the-movie,Drama
pokemon-3-the-movie,Family
pokemon-3-the-movie,Fantasy
pokemon-3-the-movie,Sci-Fi
pokemon-4-the-movie,Action
pokemon-4-the-movie,Adventure
pokemon-4-the-movie,Animation
pokemon-4-the-movie,Comedy
pokemon-4-the-movie,Drama
pokemon-4-the-movie,Family
pokemon-4-the-movie,Fantasy
pokemon-4-the-movie,Mystery
pokemon-4-the-movie,Sci-Fi
pokemon-heroes,Action
pokemon-heroes,Adventure
pokemon-heroes,Animation
pokemon-heroes,Comedy
pokemon-heroes,Drama
pokemon-heroes,Family
pokemon-heroes,Fantasy
pokemon-heroes,Mystery
pokemon-heroes,Sci-Fi
pokemon-the-movie-2000,Action
pokemon-the-movie-2000,Adventure
pokemon-the-movie-2000,Animation
pokemon-the-movie-2000,Comedy
pokemon-the-movie-2000,Drama
pokemon-the-movie-2000,Family
pokemon-the-movie-2000,Fantasy
pokmon-the-first-movie---mewtwo-strikes-back!,Action
pokmon-the-first-movie---mewtwo-strikes-back!,Adventure
pokmon-the-first-movie---mewtwo-strikes-back!,Animation
pokmon-the-first-movie---mewtwo-strikes-back!,Family
pokmon-the-first-movie---mewtwo-strikes-back!,Fantasy
pokmon-the-first-movie---mewtwo-strikes-back!,Sci-Fi
police-academy,Comedy
police-adjective,Crime
police-adjective,Drama
police-story-1985,Action
police-story-1985,Comedy
police-story-1985,Crime
police-story-1985,Thriller
policeman,Crime
policeman,Drama
polisse,Crime
polisse,Drama
polite-society,Action
polite-society,Comedy
pollock,Biography
pollock,Drama
poltergeist-1982,Horror
poltergeist-1982,Thriller
pom-poko,Animation
pom-poko,Comedy
pom-poko,Drama
pom-poko,Family
pom-poko,Fantasy
pompei-below-the-clouds,Documentary
pontypool,Horror
pontypool,Sci-Fi
ponyo,Adventure
ponyo,Animation
ponyo,Comedy
ponyo,Family
ponyo,Fantasy
poor-things,Comedy
poor-things,Drama
poor-things,Romance
poor-things,Sci-Fi
porcelain-war,Documentary
porcelain-war,War
porco-rosso,Adventure
porco-rosso,Animation
porco-rosso,Comedy
porco-rosso,Fantasy
portrait-of-a-lady-on-fire,Drama
portrait-of-a-lady-on-fire,Romance
poseidon,Action
poseidon,Adventure
poseidon,Thriller
possession-1983,Drama
possession-1983,Horror
possessor-uncut,Horror
possessor-uncut,Mystery
possessor-uncut,Sci-Fi
possessor-uncut,Thriller
post-mortem,Drama
postal,Action
postal,Comedy
postal,Crime
postal,Thriller
power-2024,Documentary
practical-magic,Comedy
practical-magic,Drama
practical-magic,Fantasy
practical-magic,Romance
pray-away,Documentary
pray-the-devil-back-to-hell,Documentary
prayers-for-the-stolen,Drama
precious-based-on-the-novel-push-by-sapphire,Drama
predator,Action
predator,Adventure
predator,Horror
predator,Sci-Fi
predator-2,Action
predator-2,Horror
predator-2,Sci-Fi
predator-badlands,Action
predator-badlands,Adventure
predator-badlands,Sci-Fi
predator-badlands,Thriller
predator-killer-of-killers,Action
predator-killer-of-killers,Adventure
predator-killer-of-killers,Animation
predator-killer-of-killers,Sci-Fi
predator-killer-of-killers,Thriller
predators,Action
predators,Adventure
predators,Sci-Fi
predators,Thriller
predators-2025,Crime
predators-2025,Documentary
predators-2025,Thriller
premature-2020,Drama
premature-2020,Music
premature-2020,Romance
premonition,Drama
premonition,Fantasy
premonition,Mystery
premonition,Thriller
preparation-for-the-next-life,Drama
preparations-to-be-together-for-an-unknown-period-of-time,Drama
preparations-to-be-together-for-an-unknown-period-of-time,Romance
presence,Drama
presence,Horror
presence,Thriller
pretty-woman,Comedy
pretty-woman,Romance
prevenge,Comedy
prevenge,Crime
prevenge,Drama
prevenge,Fantasy
prevenge,Horror
prevenge,Mystery
prevenge,Thriller
prey-2022,Action
prey-2022,Adventure
prey-2022,Horror
prey-2022,Sci-Fi
prey-2022,Thriller
pride-2014,Biography
pride-2014,Comedy
pride-2014,Drama
pride-2014,History
pride-2014,Romance
pride-and-prejudice-1940,Comedy
pride-and-prejudice-1940,Drama
pride-and-prejudice-1940,Romance
pride-prejudice,Drama
pride-prejudice,Romance
priest,Action
priest,Fantasy
priest,Horror
priest,Sci-Fi
priest,Thriller
primal-fear,Crime
primal-fear,Drama
primal-fear,Mystery
primal-fear,Thriller
primer,Drama
primer,Sci-Fi
primer,Thriller
prince-avalanche,Comedy
prince-avalanche,Drama
prince-of-persia-the-sands-of-time,Action
prince-of-persia-the-sands-of-time,Adventure
prince-of-persia-the-sands-of-time,Fantasy
prince-of-the-city,Crime
prince-of-the-city,Drama
princess-cyd,Drama
princess-cyd,Romance
princess-mononoke,Adventure
princess-mononoke,Animation
princess-mononoke,Fantasy
priscilla,Biography
priscilla,Drama
priscilla,Music
priscilla,Romance
prisoners,Crime
prisoners,Drama
prisoners,Mystery
prisoners,Thriller
private-life,Comedy
private-life,Drama
prizzis-honor,Comedy
prizzis-honor,Crime
prizzis-honor,Drama
prizzis-honor,Romance
procession,Documentary
project-hail-mary,Adventure
project-hail-mary,Comedy
project-hail-mary,Drama
project-hail-mary,Sci-Fi
project-nim,Documentary
prom-night,Horror
promare,Action
promare,Adventure
promare,Animation
promare,Comedy
promare,Drama
promare,Fantasy
promare,Sci-Fi
promare,Thriller
promising-young-woman,Crime
promising-young-woman,Drama
promising-young-woman,Mystery
promising-young-woman,Thriller
prophets-prey,Biography
prophets-prey,Documentary
prophets-prey,History
proxima,Adventure
proxima,Drama
proxima,Sci-Fi
ps-i-love-you,Comedy
ps-i-love-you,Drama
ps-i-love-you,Romance
psycho,Horror
psycho,Mystery
psycho,Thriller
psycho-1960,Drama
psycho-1960,Horror
psycho-1960,Mystery
psycho-1960,Thriller
public-enemies,Biography
public-enemies,Crime
public-enemies,Drama
public-enemies,History
pulp-fiction,Crime
pulp-fiction,Drama
pulse,Horror
pulse,Sci-Fi
pulse,Thriller
pulse-2005,Horror
pulse-2005,Mystery
pulse-2005,Sci-Fi
pulse-2005,Thriller
pump-up-the-volume,Comedy
pump-up-the-volume,Drama
pump-up-the-volume,Music
punch-drunk-love,Comedy
punch-drunk-love,Drama
punch-drunk-love,Romance
punch-drunk-love,Thriller
punisher-war-zone,Action
punisher-war-zone,Crime
punisher-war-zone,Drama
punisher-war-zone,Thriller
pusher,Crime
pusher,Thriller
pusher-ii-with-blood-on-my-hands,Action
pusher-ii-with-blood-on-my-hands,Crime
pusher-ii-with-blood-on-my-hands,Drama
puss-in-boots,Action
puss-in-boots,Adventure
puss-in-boots,Animation
puss-in-boots,Comedy
puss-in-boots,Family
puss-in-boots,Fantasy
puss-in-boots-the-last-wish,Action
puss-in-boots-the-last-wish,Adventure
puss-in-boots-the-last-wish,Animation
puss-in-boots-the-last-wish,Comedy
puss-in-boots-the-last-wish,Family
puss-in-boots-the-last-wish,Fantasy
puss-in-boots-the-last-wish,Western
pussy-riot-a-punk-prayer,Biography
pussy-riot-a-punk-prayer,Crime
pussy-riot-a-punk-prayer,Documentary
pussy-riot-a-punk-prayer,History
pussy-riot-a-punk-prayer,Music
pussy-riot-a-punk-prayer,News
put-your-soul-on-your-hand-and-walk,Documentary
put-your-soul-on-your-hand-and-walk,Drama
put-your-soul-on-your-hand-and-walk,War
putty-hill,Drama
quai-des-orfcvres-re-release,Crime
quai-des-orfcvres-re-release,Drama
quantum-of-solace,Action
quantum-of-solace,Adventure
quantum-of-solace,Mystery
quantum-of-solace,Thriller
quarantine,Horror
quarantine,Sci-Fi
quarantine,Thriller
queen-of-earth,Drama
queen-of-earth,Mystery
queen-of-earth,Thriller
queen-of-katwe,Biography
queen-of-katwe,Drama
queen-of-katwe,Sport
queen-of-the-damned,Drama
queen-of-the-damned,Fantasy
queen-of-the-damned,Horror
queen-slim,Crime
queen-slim,Drama
queen-slim,Romance
queen-slim,Thriller
queer,Biography
queer,Drama
queer,History
queer,Romance
quest-2017,Documentary
quest-2017,Family
quest-2017,Music
quest-for-fire,Adventure
quest-for-fire,Drama
quiz-show,Biography
quiz-show,Drama
quiz-show,History
quo-vadis-aida,Drama
quo-vadis-aida,History
quo-vadis-aida,War
ra-one,Action
ra-one,Sci-Fi
ra-one,Thriller
rabbit-hole,Drama
rabbit-proof-fence,Adventure
rabbit-proof-fence,Biography
rabbit-proof-fence,Drama
rachel-getting-married,Drama
rachel-getting-married,Romance
racing-dreams,Documentary
racing-dreams,Sport
raging-bull,Biography
raging-bull,Drama
raging-bull,Sport
raiders-of-the-lost-ark,Adventure
raiders!-the-story-of-the-greatest-fan-film-ever-made,Documentary
rain-man,Drama
raise-the-red-lantern,Drama
raise-the-red-lantern,Romance
raising-victor-vargas,Drama
raising-victor-vargas,Romance
ralph-breaks-the-internet,Adventure
ralph-breaks-the-internet,Animation
ralph-breaks-the-internet,Comedy
ralph-breaks-the-internet,Family
ralph-breaks-the-internet,Fantasy
ralph-breaks-the-internet,Sci-Fi
ralph-breaks-the-internet,Sport
rambo-first-blood-part-ii,Action
rambo-first-blood-part-ii,Adventure
rambo-first-blood-part-ii,Thriller
rambo-iii,Action
rambo-iii,Adventure
rambo-iii,Thriller
ramona-and-beezus,Comedy
ramona-and-beezus,Drama
ramona-and-beezus,Family
ramona-and-beezus,Fantasy
rams,Comedy
rams,Drama
ran,Action
ran,Drama
ran,War
rango,Action
rango,Adventure
rango,Animation
rango,Comedy
rango,Drama
rango,Family
rango,Western
rapt,Drama
rapt,Thriller
rare-exports-a-christmas-tale,Adventure
rare-exports-a-christmas-tale,Fantasy
rare-exports-a-christmas-tale,Horror
rashomon,Crime
rashomon,Drama
rashomon,Mystery
rat-film,Documentary
ratatouille,Adventure
ratatouille,Animation
ratatouille,Comedy
ratatouille,Family
ratatouille,Fantasy
ratcatcher,Drama
raw,Drama
raw,Horror
ray,Biography
ray,Drama
ray,Music
ray-liz,Drama
raya-and-the-last-dragon,Action
raya-and-the-last-dragon,Adventure
raya-and-the-last-dragon,Animation
raya-and-the-last-dragon,Comedy
raya-and-the-last-dragon,Drama
raya-and-the-last-dragon,Family
raya-and-the-last-dragon,Fantasy
rbg,Biography
rbg,Documentary
re-animator,Comedy
re-animator,Horror
re-animator,Sci-Fi
read-my-lips,Crime
read-my-lips,Drama
read-my-lips,Romance
read-my-lips,Thriller
real-steel,Action
real-steel,Drama
real-steel,Sci-Fi
real-steel,Sport
reality,Comedy
reality,Drama
reality-2023,Biography
reality-2023,Drama
rear-window,Drama
rear-window,Mystery
rear-window,Thriller
rebecca-1940,Drama
rebecca-1940,Mystery
rebecca-1940,Romance
rebecca-1940,Thriller
rebel-ridge,Action
rebel-ridge,Crime
rebel-ridge,Drama
rebel-ridge,Thriller
rebel-without-a-cause,Drama
rebels-of-the-neon-god,Crime
rebels-of-the-neon-god,Drama
rebels-of-the-neon-god,Romance
rebuilding,Drama
rec,Horror
rec,Mystery
rec,Thriller
rec-2,Horror
rec-2,Thriller
red-army,Biography
red-army,Documentary
red-army,History
red-army,Sport
red-beard,Drama
red-dragon,Crime
red-dragon,Drama
red-dragon,Thriller
red-heat,Action
red-heat,Comedy
red-heat,Crime
red-heat,Thriller
red-island,Drama
red-island,Fantasy
red-planet,Action
red-planet,Sci-Fi
red-planet,Thriller
red-riding-hood,Fantasy
red-riding-hood,Horror
red-riding-hood,Mystery
red-riding-hood,Romance
red-riding-hood,Thriller
red-riding-trilogy,Crime
red-riding-trilogy,Drama
red-riding-trilogy,History
red-river,Drama
red-river,Western
red-rock-west,Crime
red-rock-west,Drama
red-rock-west,Thriller
red-rocket,Comedy
red-rocket,Drama
red-rocket,Romance
red-rooms,Crime
red-rooms,Horror
red-rooms,Mystery
red-rooms,Thriller
redux-redux,Action
redux-redux,Adventure
redux-redux,Crime
redux-redux,Drama
redux-redux,Fantasy
redux-redux,Horror
redux-redux,Sci-Fi
redux-redux,Thriller
reflection-in-a-dead-diamond,Action
reflection-in-a-dead-diamond,Mystery
reflection-in-a-dead-diamond,Sci-Fi
reflection-in-a-dead-diamond,Thriller
reign-over-me,Drama
relaxer,Comedy
relaxer,Fantasy
relic,Drama
relic,Horror
relic,Mystery
relic,Thriller
religulous,Comedy
religulous,Documentary
religulous,War
remake,Documentary
remember-me,Drama
remember-me,Romance
remember-the-night,Comedy
remember-the-night,Drama
remember-the-night,Romance
remember-the-titans,Biography
remember-the-titans,Comedy
remember-the-titans,Drama
remember-the-titans,Sport
renaissance-a-film-by-beyonce,Documentary
renaissance-a-film-by-beyonce,Music
repo-man,Comedy
repo-man,Crime
repo-man,Sci-Fi
repo-man,Thriller
repo-men,Action
repo-men,Sci-Fi
repo-men,Thriller
repo!-the-genetic-opera,Horror
repo!-the-genetic-opera,Musical
repo!-the-genetic-opera,Sci-Fi
reprise,Drama
repulsion-re-release,Drama
repulsion-re-release,Horror
repulsion-re-release,Thriller
requiem,Drama
requiem,Horror
requiem-for-a-dream,Drama
rescue-dawn,Adventure
rescue-dawn,Biography
rescue-dawn,War
reservoir-dogs,Crime
reservoir-dogs,Thriller
resident-evil,Action
resident-evil,Horror
resident-evil,Sci-Fi
resident-evil-apocalypse,Action
resident-evil-apocalypse,Horror
resident-evil-apocalypse,Sci-Fi
resident-evil-apocalypse,Thriller
resident-evil-extinction,Action
resident-evil-extinction,Horror
resident-evil-extinction,Sci-Fi
residue-2020,Drama
restless-creature-wendy-whelan,Documentary
restrepo,Biography
restrepo,Documentary
restrepo,History
restrepo,War
results,Comedy
results,Romance
resurrection,Crime
resurrection,Drama
resurrection,Horror
resurrection,Mystery
resurrection,Thriller
resurrection-2025,Drama
resurrection-2025,Sci-Fi
return-to-dust,Drama
return-to-seoul,Drama
revanche,Crime
revanche,Drama
revanche,Romance
revanche,Thriller
revenge,Action
revenge,Drama
revenge,Horror
revenge,Thriller
reversal-of-fortune,Biography
reversal-of-fortune,Drama
reversal-of-fortune,Mystery
revoir-paris,Drama
revolutionary-road,Drama
revolutionary-road,Romance
revolver,Action
revolver,Crime
revolver,Drama
revolver,Mystery
revolver,Thriller
rewind,Biography
rewind,Documentary
rich-hill,Biography
rich-hill,Documentary
rich-hill,Drama
rich-hill,Family
richard-iii,Drama
richard-iii,Sci-Fi
richard-iii,War
richard-iii-1956,Biography
richard-iii-1956,Drama
richard-iii-1956,History
richard-iii-1956,War
ricky-2025,Drama
ride-the-high-country,Drama
ride-the-high-country,Western
riders-of-justice,Action
riders-of-justice,Comedy
riders-of-justice,Drama
riders-of-justice,Thriller
riefenstahl,Biography
riefenstahl,Documentary
riefenstahl,History
riefenstahl,War
rififi-re-release,Crime
rififi-re-release,Drama
rififi-re-release,Thriller
right-now-wrong-then,Drama
right-now-wrong-then,Romance
righteous-kill,Crime
righteous-kill,Mystery
righteous-kill,Thriller
rimini,Comedy
rimini,Drama
rimini,Music
rio-bravo,Western
riotsville-usa,Documentary
riotsville-usa,History
rise-of-the-planet-of-the-apes,Action
rise-of-the-planet-of-the-apes,Drama
rise-of-the-planet-of-the-apes,Sci-Fi
rise-of-the-planet-of-the-apes,Thriller
risk,Documentary
risky-business,Comedy
risky-business,Crime
risky-business,Drama
risky-business,Romance
rita-moreno-just-a-girl-who-decided-to-go-for-it,Biography
rita-moreno-just-a-girl-who-decided-to-go-for-it,Documentary
rmn,Drama
road-diary-bruce-springsteen-and-the-e-street-band,Biography
road-diary-bruce-springsteen-and-the-e-street-band,Documentary
road-house,Action
road-house,Thriller
roadrunner-a-film-about-anthony-bourdain,Documentary
roald-dahls-matilda-the-musical,Comedy
roald-dahls-matilda-the-musical,Drama
roald-dahls-matilda-the-musical,Family
roald-dahls-matilda-the-musical,Fantasy
roald-dahls-matilda-the-musical,Music
roald-dahls-matilda-the-musical,Musical
robin-hood,Action
robin-hood,Adventure
robin-hood,Drama
robin-hood,History
robin-hood-1973,Adventure
robin-hood-1973,Animation
robin-hood-1973,Comedy
robin-hood-1973,Family
robin-hood-1973,Musical
robin-hood-1973,Romance
robin-hood-men-in-tights,Adventure
robin-hood-men-in-tights,Comedy
robin-hood-men-in-tights,Musical
robin-hood-men-in-tights,Romance
robin-hood-prince-of-thieves,Action
robin-hood-prince-of-thieves,Adventure
robin-hood-prince-of-thieves,Drama
robin-hood-prince-of-thieves,Romance
robin-williams-come-inside-my-mind,Biography
robin-williams-come-inside-my-mind,Comedy
robin-williams-come-inside-my-mind,Documentary
robins-wish,Biography
robins-wish,Documentary
robocop,Action
robocop,Crime
robocop,Sci-Fi
robocop,Thriller
robocop-2,Action
robocop-2,Crime
robocop-2,Sci-Fi
robocop-2,Thriller
robocop-3,Action
robocop-3,Crime
robocop-3,Sci-Fi
robocop-3,Thriller
robot-dreams,Animation
robot-dreams,Comedy
robot-dreams,Drama
robot-dreams,Family
robots,Adventure
robots,Animation
robots,Comedy
robots,Family
robots,Romance
robots,Sci-Fi
rocco-and-his-brothers,Crime
rocco-and-his-brothers,Drama
rocco-and-his-brothers,Sport
rock-hudson-all-that-heaven-allowed,Biography
rock-hudson-all-that-heaven-allowed,Documentary
rocknrolla,Action
rocknrolla,Crime
rocknrolla,Thriller
rocks,Drama
rocky-balboa,Drama
rocky-balboa,Sport
rocky-ii,Drama
rocky-ii,Sport
rocky-iii,Drama
rocky-iii,Sport
rocky-iv,Drama
rocky-iv,Sport
rocky-v,Drama
rocky-v,Sport
rojo,Drama
rojo,Mystery
rojo,Thriller
role-models,Comedy
roll-red-roll,Crime
roll-red-roll,Documentary
rolling-thunder-revue-a-bob-dylan-story-by-martin-scorsese,Biography
rolling-thunder-revue-a-bob-dylan-story-by-martin-scorsese,Documentary
rolling-thunder-revue-a-bob-dylan-story-by-martin-scorsese,History
rolling-thunder-revue-a-bob-dylan-story-by-martin-scorsese,Music
roma,Drama
roman-holiday,Comedy
roman-holiday,Drama
roman-holiday,Romance
roman-polanski-wanted-and-desired,Crime
roman-polanski-wanted-and-desired,Documentary
romancing-the-stone,Action
romancing-the-stone,Adventure
romancing-the-stone,Comedy
romancing-the-stone,Romance
romeo-and-juliet,Drama
romeo-and-juliet,Romance
romeo-must-die,Action
romeo-must-die,Crime
romeo-must-die,Thriller
romeria,Biography
romeria,Drama
romeria,Romance
ronin,Action
ronin,Crime
ronin,Thriller
room-2015,Drama
room-2015,Thriller
room-237,Documentary
rope,Crime
rope,Drama
rope,Mystery
rope,Thriller
rose-of-nevada,Drama
rose-of-nevada,Fantasy
rose-of-nevada,Horror
rose-of-nevada,Mystery
rose-of-nevada,Sci-Fi
rose-plays-julie,Drama
rose-plays-julie,Mystery
rosemarys-baby,Drama
rosemarys-baby,Horror
rosemead,Crime
rosemead,Drama
rosemead,Thriller
rosetta,Drama
rosie,Drama
rounders,Crime
rounders,Drama
roxanne-roxanne,Biography
roxanne-roxanne,Drama
roxanne-roxanne,Music
rrr,Action
rrr,Adventure
rrr,Drama
rubber,Comedy
rubber,Fantasy
rubber,Horror
ruben-brandt-collector,Action
ruben-brandt-collector,Animation
ruben-brandt-collector,Crime
ruben-brandt-collector,Drama
ruben-brandt-collector,Thriller
ruby-in-paradise,Drama
ruby-in-paradise,Romance
rumble-in-the-bronx,Action
rumble-in-the-bronx,Comedy
rumble-in-the-bronx,Crime
rumble-in-the-bronx,Thriller
rumble-the-indians-who-rocked-the-world,Documentary
rumble-the-indians-who-rocked-the-world,Music
run-jump,Comedy
run-jump,Drama
run-jump,Mystery
run-lola-run,Action
run-lola-run,Crime
run-lola-run,Thriller
runaway-vacation,Adventure
runaway-vacation,Comedy
runaway-vacation,Family
rush,Biography
rush,Drama
rush,Sport
rush-hour,Action
rush-hour,Comedy
rush-hour,Crime
rush-hour,Thriller
rush-hour-3,Action
rush-hour-3,Comedy
rush-hour-3,Crime
rush-hour-3,Thriller
rushmore,Comedy
rushmore,Drama
rushmore,Romance
russian-ark,Drama
russian-ark,Fantasy
russian-ark,History
russian-ark,Mystery
rust-and-bone,Drama
rust-and-bone,Romance
ruthless-people,Comedy
ruthless-people,Crime
rye-lane,Comedy
rye-lane,Drama
rye-lane,Romance
ryuichi-sakamoto-coda,Documentary
ryuichi-sakamoto-coda,Music
ryuichi-sakamoto-opus,Documentary
ryuichi-sakamoto-opus,Music
s1m0ne,Comedy
s1m0ne,Drama
s1m0ne,Sci-Fi
sabotage-1937,Crime
sabotage-1937,Thriller
sabrina,Comedy
sabrina,Drama
sabrina,Romance
safe-conduct,Biography
safe-conduct,Drama
safe-conduct,History
safe-conduct,War
safety-not-guaranteed,Adventure
safety-not-guaranteed,Comedy
safety-not-guaranteed,Drama
safety-not-guaranteed,Fantasy
safety-not-guaranteed,Romance
sahara,Action
sahara,Adventure
sahara,Comedy
saint-frances,Comedy
saint-frances,Drama
saint-maud,Drama
saint-maud,Horror
saint-maud,Mystery
saint-maud,Thriller
saint-omer,Drama
salaam-bombay,Crime
salaam-bombay,Drama
saloum,Action
saloum,Horror
saloum,Thriller
salt,Action
salt,Thriller
sami-blood,Drama
sami-blood,History
samson-and-delilah,Drama
samson-and-delilah,Romance
samurai-rebellion,Drama
sanctum,Action
sanctum,Adventure
sanctum,Drama
sanctum,Thriller
sand-storm,Drama
sanjuro,Action
sanjuro,Drama
sanjuro,Thriller
sankofa,Drama
sansho-the-bailiff,Drama
santosh,Crime
santosh,Drama
santosh,Thriller
saraband,Drama
saraband,Music
sator,Horror
saturday-church,Drama
saturday-church,Fantasy
saturday-church,Music
saturday-church,Musical
saturday-night-fever,Drama
saturday-night-fever,Music
sauvage-wild,Drama
save-the-last-dance,Drama
save-the-last-dance,Music
save-the-last-dance,Romance
saving-private-ryan,Drama
saving-private-ryan,War
saw,Horror
saw,Mystery
saw,Thriller
saw-3d,Horror
saw-3d,Mystery
saw-ii,Horror
saw-ii,Mystery
saw-iii,Horror
saw-iii,Mystery
saw-iii,Thriller
saw-iv,Horror
saw-iv,Mystery
saw-iv,Thriller
saw-v,Horror
saw-v,Thriller
saw-vi,Horror
saw-vi,Mystery
saw-vi,Thriller
say-anything,Comedy
say-anything,Drama
say-anything,Romance
scanners,Horror
scanners,Sci-Fi
scanners,Thriller
scarface,Crime
scarface,Drama
scarface-1932,Action
scarface-1932,Crime
scarface-1932,Drama
scarface-1932,Film-Noir
scarface-1932,Thriller
scarlet,Drama
scarlet,History
scarlet,Romance
scary-movie,Comedy
scary-movie-2,Comedy
scary-movie-2,Horror
scary-movie-3,Comedy
scary-movie-4,Comedy
scent-of-a-woman,Drama
schindlers-list,Biography
schindlers-list,Drama
schindlers-list,History
school-of-rock,Comedy
school-of-rock,Music
science-fair,Documentary
scooby-doo,Adventure
scooby-doo,Comedy
scooby-doo,Family
scooby-doo,Fantasy
scooby-doo,Mystery
scott-pilgrim-vs-the-world,Action
scott-pilgrim-vs-the-world,Comedy
scott-pilgrim-vs-the-world,Fantasy
scott-pilgrim-vs-the-world,Romance
scrapper,Comedy
scrapper,Drama
scratch,Documentary
scratch,Music
scream,Horror
scream,Mystery
scream-2,Horror
scream-2,Mystery
scream-3,Horror
scream-3,Mystery
scream-4,Horror
scream-4,Mystery
screwball,Documentary
screwball,History
scrooged,Comedy
scrooged,Drama
scrooged,Fantasy
scrooged,Romance
scum,Crime
scum,Drama
sea-of-shadows,Crime
sea-of-shadows,Documentary
sea-of-shadows,History
seabiscuit,Drama
seabiscuit,History
seabiscuit,Sport
searching,Drama
searching,Mystery
searching,Thriller
searching-for-bobby-fischer,Biography
searching-for-bobby-fischer,Drama
searching-for-bobby-fischer,Sport
searching-for-sugar-man,Biography
searching-for-sugar-man,Documentary
searching-for-sugar-man,Music
searching-for-sugar-man,Mystery
season-of-the-witch-2011,Action
season-of-the-witch-2011,Adventure
season-of-the-witch-2011,Fantasy
secret-mall-apartment,Documentary
secretariat,Biography
secretariat,Drama
secretariat,Family
secretariat,History
secretariat,Sport
secretary,Comedy
secretary,Drama
secretary,Romance
secrets-lies,Comedy
secrets-lies,Drama
seduced-and-abandoned,Documentary
see-you-yesterday,Action
see-you-yesterday,Adventure
see-you-yesterday,Crime
see-you-yesterday,Drama
see-you-yesterday,Sci-Fi
see-you-yesterday,Thriller
seed-of-chucky,Comedy
seed-of-chucky,Horror
seed-of-chucky,Thriller
seeds-2025,Documentary
seeking-mavis-beacon,Documentary
selena,Biography
selena,Drama
selena,Music
selma,Biography
selma,Drama
selma,History
semi-pro,Comedy
semi-pro,Sport
send-help,Adventure
send-help,Horror
send-help,Thriller
senna,Biography
senna,Documentary
senna,Sport
sense-and-sensibility,Drama
sense-and-sensibility,Romance
sentimental-value,Drama
september-5,Drama
september-5,History
september-5,Thriller
seraphine,Biography
seraphine,Drama
serenity,Action
serenity,Adventure
serenity,Sci-Fi
serenity,Thriller
serpico,Biography
serpico,Crime
serpico,Drama
serpico,Thriller
service-serbis,Drama
service-serbis,Romance
seven-pounds,Drama
seven-pounds,Mystery
seven-pounds,Thriller
seven-samurai-1954,Action
seven-samurai-1954,Drama
seven-years-in-tibet,Adventure
seven-years-in-tibet,Biography
seven-years-in-tibet,Drama
seven-years-in-tibet,History
seven-years-in-tibet,War
sex-and-the-city,Comedy
sex-and-the-city,Drama
sex-and-the-city,Romance
sex-and-the-city-2,Comedy
sex-and-the-city-2,Drama
sex-and-the-city-2,Romance
sex-drive,Comedy
sex-drive,Romance
sex-lies-and-videotape,Drama
sexy-beast,Crime
sexy-beast,Drama
sexy-beast,Thriller
seymour-an-introduction,Biography
seymour-an-introduction,Documentary
seymour-an-introduction,Music
shadow,Action
shadow,Adventure
shadow,Fantasy
shadow,History
shadow,War
shadow-dancer,Drama
shadow-dancer,Mystery
shadow-dancer,Thriller
shadow-of-a-doubt,Drama
shadow-of-a-doubt,Film-Noir
shadow-of-a-doubt,Mystery
shadow-of-a-doubt,Thriller
shadows-1969,Drama
shadows-1969,Music
shadows-1969,Romance
shakespeare-in-love,Comedy
shakespeare-in-love,Drama
shakespeare-in-love,History
shakespeare-in-love,Romance
shallow-grave,Crime
shallow-grave,Drama
shallow-grave,Thriller
shallow-hal,Comedy
shallow-hal,Drama
shallow-hal,Fantasy
shallow-hal,Romance
shame,Drama
shane,Drama
shane,Western
shang-chi-and-the-legend-of-the-ten-rings,Action
shang-chi-and-the-legend-of-the-ten-rings,Adventure
shang-chi-and-the-legend-of-the-ten-rings,Fantasy
shang-chi-and-the-legend-of-the-ten-rings,Sci-Fi
shanghai-express,Adventure
shanghai-express,Drama
shanghai-express,Film-Noir
shanghai-express,Romance
shanghai-noon,Action
shanghai-noon,Adventure
shanghai-noon,Comedy
shanghai-noon,Western
shaolin-soccer,Action
shaolin-soccer,Comedy
shaolin-soccer,Fantasy
shaolin-soccer,Sport
share,Crime
share,Drama
share,Mystery
shark-night-3d,Action
shark-night-3d,Horror
shark-night-3d,Thriller
shark-tale,Adventure
shark-tale,Animation
shark-tale,Comedy
shark-tale,Family
shark-tale,Thriller
sharkwater-extinction,Documentary
shaun-of-the-dead,Comedy
shaun-of-the-dead,Horror
shaun-the-sheep-movie,Adventure
shaun-the-sheep-movie,Animation
shaun-the-sheep-movie,Comedy
shaun-the-sheep-movie,Family
shaun-the-sheep-movie,Fantasy
shayda,Drama
shazam!,Action
shazam!,Adventure
shazam!,Comedy
shazam!,Fantasy
she-dies-tomorrow,Drama
she-dies-tomorrow,Fantasy
she-dies-tomorrow,Horror
she-dies-tomorrow,Mystery
she-dies-tomorrow,Thriller
she-is-conann,Action
she-is-conann,Fantasy
she-is-conann,Sci-Fi
she-rides-shotgun,Action
she-rides-shotgun,Drama
she-rides-shotgun,Thriller
she-said,Crime
she-said,Drama
she-said,History
she-will,Drama
she-will,Horror
she-will,Mystery
she-will,Thriller
she-wore-a-yellow-ribbon,Drama
she-wore-a-yellow-ribbon,Western
sherlock-holmes,Action
sherlock-holmes,Adventure
sherlock-holmes,Mystery
sherpa,Documentary
shes-beautiful-when-shes-angry,Documentary
shes-beautiful-when-shes-angry,History
shes-gotta-have-it,Comedy
shes-gotta-have-it,Romance
shes-the-man,Comedy
shes-the-man,Romance
shes-the-man,Sport
shin-ultraman,Action
shin-ultraman,Adventure
shin-ultraman,Drama
shin-ultraman,Fantasy
shin-ultraman,Sci-Fi
shine,Biography
shine,Drama
shine,Music
shine,Romance
shirkers,Documentary
shirley,Biography
shirley,Drama
shirley,Mystery
shirley,Thriller
shithouse,Comedy
shithouse,Drama
shithouse,Romance
shiva-baby,Comedy
shiva-baby,Drama
shoot-em-up,Action
shoot-em-up,Comedy
shoot-em-up,Thriller
shooter,Action
shooter,Drama
shooter,Thriller
shoplifters,Crime
shoplifters,Drama
shoplifters,Thriller
short-cuts,Comedy
short-cuts,Drama
short-term-12,Drama
show-boat,Comedy
show-boat,Drama
show-boat,Musical
show-boat,Romance
showgirls,Drama
showing-up,Comedy
showing-up,Drama
shrek,Adventure
shrek,Animation
shrek,Comedy
shrek,Family
shrek,Fantasy
shrek,Romance
shrek-2,Adventure
shrek-2,Animation
shrek-2,Comedy
shrek-2,Family
shrek-2,Fantasy
shrek-2,Romance
shrek-forever-after,Adventure
shrek-forever-after,Animation
shrek-forever-after,Comedy
shrek-forever-after,Family
shrek-forever-after,Fantasy
shrek-forever-after,Romance
shrek-the-third,Adventure
shrek-the-third,Animation
shrek-the-third,Comedy
shrek-the-third,Family
shrek-the-third,Fantasy
shrek-the-third,Romance
shut-up-and-play-the-hits,Documentary
shut-up-and-play-the-hits,Music
shutter-island,Mystery
shutter-island,Thriller
sicario,Action
sicario,Crime
sicario,Drama
sicario,Mystery
sicario,Thriller
sick-of-myself,Comedy
sick-of-myself,Drama
sick-of-myself,Horror
sicko,Documentary
sicko,Drama
sid-and-nancy,Biography
sid-and-nancy,Drama
sid-and-nancy,Music
sid-and-nancy,Romance
side-by-side,Documentary
side-effects-2013,Crime
side-effects-2013,Drama
side-effects-2013,Mystery
side-effects-2013,Thriller
sideways,Comedy
sideways,Drama
sideways,Romance
sieranevada,Comedy
sieranevada,Drama
silence,Drama
silence,History
silent-friend,Biography
silent-friend,Drama
silent-friend,History
silent-light,Drama
silent-light,Romance
silent-souls,Drama
silent-souls,Romance
silver-linings-playbook,Drama
silver-linings-playbook,Romance
sin-city,Crime
sin-city,Thriller
sin-nombre,Adventure
sin-nombre,Crime
sin-nombre,Drama
sin-nombre,Thriller
sinbad-legend-of-the-seven-seas,Adventure
sinbad-legend-of-the-seven-seas,Animation
sinbad-legend-of-the-seven-seas,Comedy
sinbad-legend-of-the-seven-seas,Family
sinbad-legend-of-the-seven-seas,Fantasy
sing-sing,Drama
sing-street,Comedy
sing-street,Drama
sing-street,Music
sing-street,Musical
sing-street,Romance
sing-your-song,Biography
sing-your-song,Documentary
sing-your-song,Music
singin-in-the-rain,Comedy
singin-in-the-rain,Musical
singin-in-the-rain,Romance
sinners,Horror
sirat,Action
sirat,Adventure
sirat,Drama
sirat,Music
sirat,Mystery
sirat,Thriller
sister,Crime
sister,Drama
sister-midnight,Comedy
sister-midnight,Drama
sister-midnight,Horror
sisu,Action
sisu,Thriller
sisu,War
sisu-road-to-revenge,Action
sisu-road-to-revenge,Thriller
sisu-road-to-revenge,War
sita-sings-the-blues,Animation
sita-sings-the-blues,Comedy
sita-sings-the-blues,Fantasy
sita-sings-the-blues,Musical
sita-sings-the-blues,Romance
six-days-seven-nights,Action
six-days-seven-nights,Adventure
six-days-seven-nights,Comedy
six-days-seven-nights,Romance
sixteen-candles,Comedy
sixteen-candles,Romance
skate-kitchen,Drama
sketch,Adventure
sketch,Comedy
sketch,Family
sketch,Fantasy
skin-deep-2022,Drama
skin-deep-2022,Fantasy
skin-deep-2022,Romance
skin-deep-2022,Sci-Fi
sky-captain-and-the-world-of-tomorrow,Action
sky-captain-and-the-world-of-tomorrow,Adventure
sky-captain-and-the-world-of-tomorrow,Mystery
sky-captain-and-the-world-of-tomorrow,Sci-Fi
sky-captain-and-the-world-of-tomorrow,Thriller
sky-high,Action
sky-high,Comedy
sky-high,Family
sky-high,Sci-Fi
skyfall,Action
skyfall,Adventure
skyfall,Thriller
skyline,Action
skyline,Sci-Fi
skyline,Thriller
slalom,Drama
slalom,Sport
sleep,Horror
sleep,Mystery
sleep,Thriller
sleepaway-camp,Horror
sleeper,Comedy
sleeper,Sci-Fi
sleepers,Crime
sleepers,Drama
sleepers,Thriller
sleeping-beauty,Drama
sleeping-beauty,Mystery
sleeping-beauty,Romance
sleeping-beauty,Thriller
sleeping-beauty-1959,Adventure
sleeping-beauty-1959,Animation
sleeping-beauty-1959,Family
sleeping-beauty-1959,Fantasy
sleeping-beauty-1959,Musical
sleeping-beauty-1959,Romance
sleepless-in-seattle,Comedy
sleepless-in-seattle,Drama
sleepless-in-seattle,Romance
sleepless-night,Action
sleepless-night,Crime
sleepless-night,Thriller
sleepwalk-with-me,Comedy
sleepwalk-with-me,Drama
sleepwalk-with-me,Romance
sleepy-hollow,Fantasy
sleepy-hollow,Horror
sleepy-hollow,Mystery
sling-blade,Drama
slither,Comedy
slither,Horror
slither,Sci-Fi
slow,Drama
slow,Romance
slow-west,Adventure
slow-west,Drama
slow-west,Romance
slow-west,Thriller
slow-west,Western
slumdog-millionaire,Crime
slumdog-millionaire,Drama
slumdog-millionaire,Romance
sly-lives!-aka-the-burden-of-black-genius,Documentary
sly-lives!-aka-the-burden-of-black-genius,Music
small-axe-alex-wheatle,Drama
small-axe-alex-wheatle,History
small-axe-education,Drama
small-axe-education,History
small-axe-lovers-rock,Drama
small-axe-lovers-rock,History
small-axe-mangrove,Drama
small-axe-mangrove,History
small-axe-red-white-and-blue,Drama
small-axe-red-white-and-blue,History
small-things-like-these,Drama
smashed,Drama
smoke-sauna-sisterhood,Documentary
smoking-causes-coughing,Comedy
smoking-causes-coughing,Horror
smoking-causes-coughing,Sci-Fi
snakes-on-a-plane,Action
snakes-on-a-plane,Adventure
snakes-on-a-plane,Crime
snakes-on-a-plane,Thriller
snatch,Comedy
snatch,Crime
snow-white-and-the-seven-dwarfs,Adventure
snow-white-and-the-seven-dwarfs,Animation
snow-white-and-the-seven-dwarfs,Family
snow-white-and-the-seven-dwarfs,Fantasy
snow-white-and-the-seven-dwarfs,Musical
snow-white-and-the-seven-dwarfs,Romance
snowpiercer,Action
snowpiercer,Drama
snowpiercer,Sci-Fi
snowpiercer,Thriller
society-of-the-snow,Adventure
society-of-the-snow,Biography
society-of-the-snow,Drama
society-of-the-snow,History
society-of-the-snow,Thriller
socrates,Drama
soft-quiet,Horror
soft-quiet,Thriller
solaris,Drama
solaris,Mystery
solaris,Romance
solaris,Sci-Fi
solaris-1972,Adventure
solaris-1972,Drama
solaris-1972,Mystery
solaris-1972,Sci-Fi
solo-2024,Drama
solo-2024,Romance
some-kind-of-heaven,Documentary
some-like-it-hot,Comedy
some-like-it-hot,Music
some-like-it-hot,Romance
somers-town,Comedy
somers-town,Drama
something-borrowed,Comedy
something-borrowed,Drama
something-borrowed,Romance
something-in-the-air,Drama
something-in-the-dirt,Comedy
something-in-the-dirt,Horror
something-in-the-dirt,Mystery
something-in-the-dirt,Sci-Fi
somethings-gotta-give,Comedy
somethings-gotta-give,Drama
somethings-gotta-give,Romance
somewhere,Comedy
somewhere,Drama
somewhere,Romance
son-of-saul,Drama
son-of-saul,War
son-of-the-mask,Comedy
son-of-the-mask,Family
son-of-the-mask,Fantasy
song-of-the-sea,Adventure
song-of-the-sea,Animation
song-of-the-sea,Drama
song-of-the-sea,Family
song-of-the-sea,Fantasy
songs-from-the-second-floor,Comedy
songs-from-the-second-floor,Drama
sophies-choice,Drama
sophies-choice,Romance
sorority-row,Horror
sorority-row,Mystery
sorry-angel,Comedy
sorry-angel,Drama
sorry-angel,Romance
sorry-baby,Comedy
sorry-baby,Drama
sorry-to-bother-you,Comedy
sorry-to-bother-you,Drama
sorry-to-bother-you,Fantasy
sorry-to-bother-you,Sci-Fi
sorry-we-missed-you,Drama
soul,Adventure
soul,Animation
soul,Comedy
soul,Drama
soul,Family
soul,Fantasy
soul,Music
soul-kitchen,Comedy
soul-kitchen,Drama
soul-surfer,Biography
soul-surfer,Drama
soul-surfer,Family
soul-surfer,Sport
souleymanes-story,Drama
sound-and-fury,Documentary
sound-city,Documentary
sound-city,Music
sound-of-falling,Drama
sound-of-falling,War
sound-of-metal,Drama
sound-of-metal,Music
sound-of-noise,Comedy
sound-of-noise,Crime
sound-of-noise,Music
soundtrack-to-a-coup-detat,Documentary
soundtrack-to-a-coup-detat,Music
source-code,Action
source-code,Drama
source-code,Mystery
source-code,Sci-Fi
source-code,Thriller
south-park-bigger-longer-uncut,Animation
south-park-bigger-longer-uncut,Comedy
south-park-bigger-longer-uncut,Fantasy
south-park-bigger-longer-uncut,Musical
southside-with-you,Biography
southside-with-you,Drama
southside-with-you,History
southside-with-you,Romance
spa-night,Drama
space-chimps,Adventure
space-chimps,Animation
space-chimps,Comedy
space-chimps,Family
space-chimps,Sci-Fi
space-jam,Adventure
space-jam,Animation
space-jam,Comedy
space-jam,Family
space-jam,Fantasy
space-jam,Sci-Fi
space-jam,Sport
spaceballs,Adventure
spaceballs,Comedy
spaceballs,Sci-Fi
spaceship-earth,Documentary
spartacus,Adventure
spartacus,Biography
spartacus,Drama
spartacus,History
spartacus,War
spawn,Action
spawn,Crime
spawn,Drama
spawn,Fantasy
spawn,Horror
speak-no-evil,Drama
speak-no-evil,Horror
speak-no-evil,Mystery
speak-no-evil,Thriller
species,Action
species,Horror
species,Sci-Fi
species,Thriller
species-ii,Action
species-ii,Horror
species-ii,Sci-Fi
species-ii,Thriller
speed,Action
speed,Adventure
speed,Thriller
speed-2-cruise-control,Action
speed-2-cruise-control,Adventure
speed-2-cruise-control,Crime
speed-2-cruise-control,Romance
speed-2-cruise-control,Thriller
speed-racer,Action
speed-racer,Adventure
speed-racer,Comedy
speed-racer,Drama
speed-racer,Family
speed-racer,Sci-Fi
speed-racer,Sport
spellbound,Comedy
spellbound,Documentary
spellbound,Thriller
spellbound-1945,Drama
spellbound-1945,Film-Noir
spellbound-1945,Mystery
spellbound-1945,Romance
spellbound-1945,Thriller
spencer,Biography
spencer,Drama
sphere,Mystery
sphere,Sci-Fi
sphere,Thriller
spider,Drama
spider,Mystery
spider,Thriller
spider-man,Action
spider-man,Adventure
spider-man,Sci-Fi
spider-man-2,Action
spider-man-2,Adventure
spider-man-2,Sci-Fi
spider-man-3,Action
spider-man-3,Adventure
spider-man-3,Sci-Fi
spider-man-across-the-spider-verse,Action
spider-man-across-the-spider-verse,Adventure
spider-man-across-the-spider-verse,Animation
spider-man-across-the-spider-verse,Family
spider-man-across-the-spider-verse,Fantasy
spider-man-across-the-spider-verse,Sci-Fi
spider-man-homecoming,Action
spider-man-homecoming,Adventure
spider-man-homecoming,Sci-Fi
spider-man-into-the-spider-verse,Action
spider-man-into-the-spider-verse,Adventure
spider-man-into-the-spider-verse,Animation
spider-man-into-the-spider-verse,Family
spider-man-into-the-spider-verse,Fantasy
spider-man-into-the-spider-verse,Sci-Fi
spider-man-no-way-home,Action
spider-man-no-way-home,Adventure
spider-man-no-way-home,Fantasy
spider-man-no-way-home,Sci-Fi
spirit-stallion-of-the-cimarron,Adventure
spirit-stallion-of-the-cimarron,Animation
spirit-stallion-of-the-cimarron,Drama
spirit-stallion-of-the-cimarron,Family
spirit-stallion-of-the-cimarron,Western
spirited-away,Adventure
spirited-away,Animation
spirited-away,Family
spirited-away,Fantasy
splice,Horror
splice,Sci-Fi
splitsville,Comedy
spontaneous,Comedy
spontaneous,Drama
spontaneous,Horror
spontaneous,Romance
spotlight,Biography
spotlight,Crime
spotlight,Drama
spring,Drama
spring,Horror
spring,Romance
spring,Sci-Fi
spring-summer-fall-winter-and-spring,Drama
spring-summer-fall-winter-and-spring,Romance
spy,Action
spy,Comedy
spy-game,Action
spy-game,Crime
spy-game,Thriller
spy-kids,Action
spy-kids,Adventure
spy-kids,Comedy
spy-kids,Family
spy-kids,Sci-Fi
spy-kids-2-island-of-lost-dreams,Action
spy-kids-2-island-of-lost-dreams,Adventure
spy-kids-2-island-of-lost-dreams,Comedy
spy-kids-2-island-of-lost-dreams,Family
spy-kids-2-island-of-lost-dreams,Sci-Fi
spy-kids-3-d-game-over,Action
spy-kids-3-d-game-over,Adventure
spy-kids-3-d-game-over,Comedy
spy-kids-3-d-game-over,Family
spy-kids-3-d-game-over,Sci-Fi
spy-kids-all-the-time-in-the-world,Action
spy-kids-all-the-time-in-the-world,Adventure
spy-kids-all-the-time-in-the-world,Comedy
spy-kids-all-the-time-in-the-world,Drama
spy-kids-all-the-time-in-the-world,Family
spy-kids-all-the-time-in-the-world,Fantasy
spy-kids-all-the-time-in-the-world,Sci-Fi
sr,Biography
sr,Documentary
stagecoach,Adventure
stagecoach,Drama
stagecoach,Western
stake-land,Drama
stake-land,Horror
stalag-17,Comedy
stalag-17,Drama
stalag-17,War
stalker,Drama
stalker,Sci-Fi
stamped-from-the-beginning,Documentary
stan-ollie,Biography
stan-ollie,Comedy
stan-ollie,Drama
stan-ollie,Family
stan-ollie,History
stand-and-deliver,Biography
stand-and-deliver,Drama
stand-clear-of-the-closing-doors,Drama
star-trek,Action
star-trek,Adventure
star-trek,Sci-Fi
star-trek-first-contact,Action
star-trek-first-contact,Adventure
star-trek-first-contact,Drama
star-trek-first-contact,Sci-Fi
star-trek-first-contact,Thriller
star-trek-generations,Action
star-trek-generations,Adventure
star-trek-generations,Mystery
star-trek-generations,Sci-Fi
star-trek-generations,Thriller
star-trek-ii-the-wrath-of-khan,Action
star-trek-ii-the-wrath-of-khan,Adventure
star-trek-ii-the-wrath-of-khan,Sci-Fi
star-trek-into-darkness,Action
star-trek-into-darkness,Adventure
star-trek-into-darkness,Sci-Fi
star-trek-nemesis,Action
star-trek-nemesis,Adventure
star-trek-nemesis,Sci-Fi
star-trek-nemesis,Thriller
star-trek-v-the-final-frontier,Action
star-trek-v-the-final-frontier,Adventure
star-trek-v-the-final-frontier,Fantasy
star-trek-v-the-final-frontier,Sci-Fi
star-trek-v-the-final-frontier,Thriller
star-trek-vi-the-undiscovered-country,Action
star-trek-vi-the-undiscovered-country,Adventure
star-trek-vi-the-undiscovered-country,Sci-Fi
star-trek-vi-the-undiscovered-country,Thriller
star-wars-episode-i---the-phantom-menace,Action
star-wars-episode-i---the-phantom-menace,Adventure
star-wars-episode-i---the-phantom-menace,Fantasy
star-wars-episode-i---the-phantom-menace,Sci-Fi
star-wars-episode-ii---attack-of-the-clones,Action
star-wars-episode-ii---attack-of-the-clones,Adventure
star-wars-episode-ii---attack-of-the-clones,Fantasy
star-wars-episode-ii---attack-of-the-clones,Sci-Fi
star-wars-episode-iv---a-new-hope,Action
star-wars-episode-iv---a-new-hope,Adventure
star-wars-episode-iv---a-new-hope,Fantasy
star-wars-episode-iv---a-new-hope,Sci-Fi
star-wars-episode-v---the-empire-strikes-back,Adventure
star-wars-episode-v---the-empire-strikes-back,Fantasy
star-wars-episode-v---the-empire-strikes-back,Sci-Fi
star-wars-episode-vi---return-of-the-jedi,Action
star-wars-episode-vi---return-of-the-jedi,Adventure
star-wars-episode-vi---return-of-the-jedi,Fantasy
star-wars-episode-vi---return-of-the-jedi,Sci-Fi
star-wars-episode-vii---the-force-awakens,Action
star-wars-episode-vii---the-force-awakens,Adventure
star-wars-episode-vii---the-force-awakens,Sci-Fi
star-wars-episode-viii---the-last-jedi,Action
star-wars-episode-viii---the-last-jedi,Adventure
star-wars-episode-viii---the-last-jedi,Fantasy
star-wars-episode-viii---the-last-jedi,Sci-Fi
star-wars-the-clone-wars,Action
star-wars-the-clone-wars,Adventure
star-wars-the-clone-wars,Animation
star-wars-the-clone-wars,Family
star-wars-the-clone-wars,Fantasy
star-wars-the-clone-wars,Sci-Fi
stargate,Action
stargate,Adventure
stargate,Sci-Fi
starlet,Drama
starred-up,Crime
starred-up,Drama
starred-up,Thriller
starship-troopers,Action
starship-troopers,Adventure
starship-troopers,Sci-Fi
starship-troopers,Thriller
starsky-hutch,Comedy
starsky-hutch,Crime
starting-out-in-the-evening,Drama
starting-out-in-the-evening,Romance
state-of-play,Crime
state-of-play,Drama
state-of-play,Mystery
state-of-play,Thriller
stay,Drama
stay,Mystery
stay,Thriller
stay-alive,Fantasy
stay-alive,Horror
stay-alive,Mystery
stay-alive,Sci-Fi
stay-alive,Thriller
stefan-zweig-farewell-to-europe,Biography
stefan-zweig-farewell-to-europe,Drama
stefan-zweig-farewell-to-europe,History
step,Documentary
step-brothers,Comedy
step-up-2-the-streets,Drama
step-up-2-the-streets,Music
step-up-2-the-streets,Romance
step-up-3-d,Drama
step-up-3-d,Music
step-up-3-d,Romance
steve-jobs,Biography
steve-jobs,Drama
steve-jobs-man-in-the-machine,Biography
steve-jobs-man-in-the-machine,Documentary
stigmata,Horror
stigmata,Mystery
still-a-michael-j-fox-movie,Biography
still-a-michael-j-fox-movie,Documentary
still-alice,Drama
still-life,Drama
still-mine,Drama
still-walking,Drama
stiller-meara-nothing-is-lost,Biography
stiller-meara-nothing-is-lost,Documentary
stone,Drama
stone,Mystery
stone,Thriller
stonewalling,Drama
stop-making-sense,Documentary
stop-making-sense,Music
stories-we-tell,Documentary
straight-outta-compton,Biography
straight-outta-compton,Drama
straight-outta-compton,History
straight-outta-compton,Music
straight-outta-compton,Musical
strange-darling,Horror
strange-darling,Thriller
stranger-by-the-lake,Drama
stranger-by-the-lake,Romance
stranger-by-the-lake,Thriller
stranger-than-paradise,Comedy
stranger-than-paradise,Drama
strangers-on-a-train,Crime
strangers-on-a-train,Drama
strangers-on-a-train,Film-Noir
strangers-on-a-train,Thriller
straw-dogs,Action
straw-dogs,Drama
straw-dogs,Thriller
strawberry-mansion,Adventure
strawberry-mansion,Fantasy
strawberry-mansion,Romance
strawberry-mansion,Sci-Fi
stray-2021,Documentary
stray-dogs,Drama
street-fight,Documentary
street-fighter-the-legend-of-chun-li,Action
street-fighter-the-legend-of-chun-li,Crime
street-fighter-the-legend-of-chun-li,Fantasy
street-fighter-the-legend-of-chun-li,Thriller
street-gang-how-we-got-to-sesame-street,Documentary
street-gang-how-we-got-to-sesame-street,Family
street-gang-how-we-got-to-sesame-street,History
street-kings,Action
street-kings,Crime
street-kings,Thriller
strong-island,Crime
strong-island,Documentary
stronger,Biography
stronger,Drama
stuart-little,Adventure
stuart-little,Comedy
stuart-little,Family
stuart-little,Fantasy
stuart-little-2,Adventure
stuart-little-2,Comedy
stuart-little-2,Family
stuart-little-2,Fantasy
styx,Action
styx,Crime
styx,Drama
styx,Thriller
submarine,Comedy
submarine,Drama
submarine,Romance
sucker-punch,Action
sucker-punch,Adventure
sucker-punch,Fantasy
sucker-punch,Thriller
sugar,Drama
sugar,Sport
sugarcane,Documentary
sujo,Drama
sullivans-travels,Adventure
sullivans-travels,Comedy
sullivans-travels,Drama
sullivans-travels,Romance
sully,Biography
sully,Drama
sully,History
summer-1993,Drama
summer-1993,Family
summer-hours,Drama
summer-hours,Family
summer-of-soul-or-when-the-revolution-could-not-be-televised,Documentary
summer-of-soul-or-when-the-revolution-could-not-be-televised,History
summer-of-soul-or-when-the-revolution-could-not-be-televised,Music
summer-palace,Drama
summer-palace,History
summer-palace,Romance
summer-wars,Action
summer-wars,Adventure
summer-wars,Animation
summer-wars,Comedy
summer-wars,Drama
summer-wars,Romance
summer-wars,Sci-Fi
summertime,Drama
summertime,Romance
sundown-2021,Drama
sundown-2021,Mystery
sunrise-1927,Drama
sunrise-1927,Romance
sunset-boulevard,Drama
sunset-boulevard,Film-Noir
sunset-song,Drama
super-8,Action
super-8,Sci-Fi
super-8,Thriller
super-dark-times,Crime
super-dark-times,Drama
super-dark-times,Thriller
super-mario-bros,Adventure
super-mario-bros,Comedy
super-mario-bros,Family
super-mario-bros,Fantasy
super-mario-bros,Sci-Fi
super-size-me,Documentary
superbabies-baby-geniuses-2,Comedy
superbabies-baby-geniuses-2,Family
superbabies-baby-geniuses-2,Sci-Fi
superbad,Comedy
superboys-of-malegaon,Comedy
superboys-of-malegaon,Drama
supergirl,Action
supergirl,Adventure
supergirl,Fantasy
supergirl,Romance
supergirl,Sci-Fi
superhero-movie,Action
superhero-movie,Comedy
superhero-movie,Sci-Fi
superman,Action
superman,Adventure
superman,Sci-Fi
superman-ii,Action
superman-ii,Adventure
superman-ii,Sci-Fi
superman-iii,Action
superman-iii,Adventure
superman-iii,Comedy
superman-iii,Sci-Fi
superman-iv-the-quest-for-peace,Action
superman-iv-the-quest-for-peace,Adventure
superman-iv-the-quest-for-peace,Sci-Fi
superman-the-christopher-reeve-story,Biography
superman-the-christopher-reeve-story,Documentary
supernova-2020,Drama
supernova-2020,Romance
support-the-girls,Comedy
support-the-girls,Drama
surrogates,Action
surrogates,Sci-Fi
surrogates,Thriller
suspiria,Horror
suzume,Adventure
suzume,Animation
suzume,Drama
suzume,Fantasy
swat,Action
swat,Adventure
swat,Crime
swat,Thriller
sweat,Drama
sweeney-todd-the-demon-barber-of-fleet-street,Drama
sweeney-todd-the-demon-barber-of-fleet-street,Horror
sweeney-todd-the-demon-barber-of-fleet-street,Musical
sweeney-todd-the-demon-barber-of-fleet-street,Thriller
sweet-country,Adventure
sweet-country,Crime
sweet-country,Drama
sweet-country,Thriller
sweet-country,Western
sweet-sixteen,Crime
sweet-sixteen,Drama
sweet-smell-of-success-re-release,Drama
sweet-smell-of-success-re-release,Film-Noir
sweet-virginia,Drama
sweet-virginia,Thriller
sweetheart,Adventure
sweetheart,Horror
sweetheart,Sci-Fi
sweetheart,Thriller
sweetie,Comedy
sweetie,Drama
swept-away,Comedy
swept-away,Romance
swing-time,Comedy
swing-time,Musical
swing-time,Romance
swingers,Comedy
swingers,Drama
swordfish,Action
swordfish,Crime
swordfish,Thriller
sylvies-love,Drama
sylvies-love,Music
sylvies-love,Romance
sympathy-for-mr-vengeance,Crime
sympathy-for-mr-vengeance,Drama
sympathy-for-mr-vengeance,Thriller
synonyms,Comedy
synonyms,Drama
syriana,Drama
syriana,Thriller
tabloid,Crime
tabloid,Documentary
tabu,Drama
tabu,Romance
take-me-home-tonight,Comedy
take-me-home-tonight,Drama
take-me-home-tonight,Romance
take-out,Drama
take-shelter,Drama
take-shelter,Thriller
taken,Action
taken,Crime
taken,Thriller
takers,Action
takers,Crime
takers,Drama
takers,Thriller
taking-lives,Crime
taking-lives,Mystery
taking-lives,Thriller
tale-of-tales,Drama
tale-of-tales,Fantasy
tale-of-tales,Horror
tales-of-the-grim-sleeper,Crime
tales-of-the-grim-sleeper,Documentary
talk-to-her,Drama
talk-to-her,Mystery
talk-to-her,Romance
talk-to-me-2022,Horror
talk-to-me-2022,Thriller
talladega-nights-the-ballad-of-ricky-bobby,Comedy
talladega-nights-the-ballad-of-ricky-bobby,Sport
tampopo,Comedy
tangerine,Comedy
tangerine,Crime
tangerine,Drama
tangerines,Drama
tangerines,War
tangled,Adventure
tangled,Animation
tangled,Comedy
tangled,Family
tangled,Fantasy
tangled,Musical
tangled,Romance
tanna,Adventure
tanna,Drama
tanna,Romance
tantura,Documentary
tantura,History
tar-2022,Drama
tar-2022,Music
tarnation,Biography
tarnation,Documentary
tarzan,Adventure
tarzan,Animation
tarzan,Comedy
tarzan,Drama
tarzan,Family
taste-of-cherry,Drama
taxi,Action
taxi,Comedy
taxi,Crime
taxi,Thriller
taxi-driver-1976,Crime
taxi-driver-1976,Drama
taxi-to-the-dark-side,Crime
taxi-to-the-dark-side,Documentary
taxi-to-the-dark-side,History
taxi-to-the-dark-side,War
taxidermia,Comedy
taxidermia,Horror
taylor-swift-the-eras-tour,Documentary
taylor-swift-the-eras-tour,Music
taylor-swift-the-eras-tour,Musical
tchoupitoulas,Documentary
tea-with-the-dames,Documentary
teenage-mutant-ninja-turtles-1990,Action
teenage-mutant-ninja-turtles-1990,Adventure
teenage-mutant-ninja-turtles-1990,Comedy
teenage-mutant-ninja-turtles-1990,Family
teenage-mutant-ninja-turtles-1990,Sci-Fi
teenage-mutant-ninja-turtles-mutant-mayhem,Action
teenage-mutant-ninja-turtles-mutant-mayhem,Adventure
teenage-mutant-ninja-turtles-mutant-mayhem,Animation
teenage-mutant-ninja-turtles-mutant-mayhem,Comedy
teenage-mutant-ninja-turtles-mutant-mayhem,Crime
teenage-mutant-ninja-turtles-mutant-mayhem,Family
teenage-mutant-ninja-turtles-mutant-mayhem,Fantasy
teenage-mutant-ninja-turtles-mutant-mayhem,Sci-Fi
teenage-sex-and-death-at-camp-miasma,Comedy
teenage-sex-and-death-at-camp-miasma,Drama
teenage-sex-and-death-at-camp-miasma,Horror
teenage-sex-and-death-at-camp-miasma,Romance
teenage-sex-and-death-at-camp-miasma,Thriller
teeth,Comedy
teeth,Fantasy
teeth,Horror
teeth,Thriller
tehran-taboo,Animation
tehran-taboo,Drama
tell-no-one,Crime
tell-no-one,Drama
tell-no-one,Mystery
tell-no-one,Romance
tell-no-one,Thriller
temblores,Drama
ten,Drama
ten-canoes,Adventure
ten-canoes,Comedy
ten-canoes,Drama
tenacious-d-in-the-pick-of-destiny,Adventure
tenacious-d-in-the-pick-of-destiny,Comedy
tenacious-d-in-the-pick-of-destiny,Music
tenacious-d-in-the-pick-of-destiny,Musical
tender-mercies,Drama
tender-mercies,Music
tenebrae,Horror
tenebrae,Mystery
tenebrae,Thriller
terminator-2-judgment-day,Action
terminator-2-judgment-day,Adventure
terminator-2-judgment-day,Sci-Fi
terminator-3-rise-of-the-machines,Action
terminator-3-rise-of-the-machines,Sci-Fi
terminator-salvation,Action
terminator-salvation,Adventure
terminator-salvation,Sci-Fi
terms-of-endearment,Comedy
terms-of-endearment,Drama
terrestrial-verses,Drama
terri,Comedy
terri,Drama
terribly-happy,Crime
terribly-happy,Drama
terribly-happy,Thriller
tess,Drama
tess,Romance
test-pattern,Drama
test-pattern,Thriller
testament-of-youth,Biography
testament-of-youth,Drama
testament-of-youth,History
testament-of-youth,Romance
testament-of-youth,War
texas-chainsaw-massacre-the-next-generation,Comedy
texas-chainsaw-massacre-the-next-generation,Horror
texas-chainsaw-massacre-the-next-generation,Thriller
the-13th-warrior,Action
the-13th-warrior,Adventure
the-13th-warrior,History
the-39-steps,Crime
the-39-steps,Mystery
the-39-steps,Thriller
the-6th-day,Action
the-6th-day,Mystery
the-6th-day,Sci-Fi
the-6th-day,Thriller
the-a-team,Action
the-a-team,Adventure
the-a-team,Crime
the-a-team,Thriller
the-abyss,Adventure
the-abyss,Drama
the-abyss,Mystery
the-abyss,Sci-Fi
the-abyss,Thriller
the-act-of-killing,Biography
the-act-of-killing,Crime
the-act-of-killing,Documentary
the-act-of-killing,History
the-act-of-killing,War
the-addams-family,Comedy
the-addams-family,Fantasy
the-adjustment-bureau,Crime
the-adjustment-bureau,Drama
the-adjustment-bureau,Mystery
the-adjustment-bureau,Romance
the-adjustment-bureau,Sci-Fi
the-adjustment-bureau,Thriller
the-adults,Comedy
the-adults,Drama
the-adventures-of-baron-munchausen,Adventure
the-adventures-of-baron-munchausen,Comedy
the-adventures-of-baron-munchausen,Fantasy
the-adventures-of-robin-hood-re-release,Action
the-adventures-of-robin-hood-re-release,Adventure
the-adventures-of-robin-hood-re-release,Romance
the-adventures-of-sharkboy-and-lavagirl-3-d,Action
the-adventures-of-sharkboy-and-lavagirl-3-d,Adventure
the-adventures-of-sharkboy-and-lavagirl-3-d,Comedy
the-adventures-of-sharkboy-and-lavagirl-3-d,Family
the-adventures-of-sharkboy-and-lavagirl-3-d,Fantasy
the-adventures-of-sharkboy-and-lavagirl-3-d,Sci-Fi
the-adventures-of-tintin,Action
the-adventures-of-tintin,Adventure
the-adventures-of-tintin,Animation
the-adventures-of-tintin,Family
the-adventures-of-tintin,Mystery
the-african-desperate,Comedy
the-african-desperate,Drama
the-african-queen,Adventure
the-african-queen,Drama
the-african-queen,Romance
the-african-queen,War
the-age-of-innocence,Drama
the-age-of-innocence,Romance
the-age-of-shadows,Action
the-age-of-shadows,History
the-age-of-shadows,Thriller
the-alabama-solution,Documentary
the-american,Crime
the-american,Drama
the-american,Thriller
the-american-friend,Crime
the-american-friend,Drama
the-american-friend,Mystery
the-american-friend,Thriller
the-amusement-park,Drama
the-amusement-park,Horror
the-amusement-park,Thriller
the-ant-bully,Adventure
the-ant-bully,Animation
the-ant-bully,Comedy
the-ant-bully,Family
the-ant-bully,Fantasy
the-apartment,Comedy
the-apartment,Drama
the-apartment,Romance
the-apostle,Drama
the-arbor,Biography
the-arbor,Documentary
the-arbor,Drama
the-army-of-crime,Drama
the-army-of-crime,History
the-army-of-crime,War
the-art-of-getting-by,Comedy
the-art-of-getting-by,Drama
the-art-of-getting-by,Family
the-art-of-getting-by,Romance
the-art-of-the-steal,Documentary
the-artist,Comedy
the-artist,Drama
the-artist,Romance
the-asphalt-jungle,Crime
the-asphalt-jungle,Drama
the-asphalt-jungle,Film-Noir
the-asphalt-jungle,Thriller
the-assassin,Action
the-assassin,Drama
the-assassin,History
the-assistant,Drama
the-attack,Crime
the-attack,Drama
the-attack,Mystery
the-attack,War
the-aura,Crime
the-aura,Drama
the-aura,Thriller
the-auschwitz-report,Drama
the-auschwitz-report,History
the-auschwitz-report,War
the-autobiography-of-nicolae-ceausescu,Biography
the-autobiography-of-nicolae-ceausescu,Documentary
the-autobiography-of-nicolae-ceausescu,History
the-avengers,Action
the-avengers,Adventure
the-avengers,Sci-Fi
the-avengers,Thriller
the-aviator,Biography
the-aviator,Drama
the-awful-truth,Comedy
the-awful-truth,Romance
the-babadook,Drama
the-babadook,Horror
the-babadook,Mystery
the-bad-and-the-beautiful,Drama
the-bad-and-the-beautiful,Romance
the-bad-lieutenant-port-of-call---new-orleans,Crime
the-bad-lieutenant-port-of-call---new-orleans,Drama
the-bad-lieutenant-port-of-call---new-orleans,Mystery
the-bad-news-bears,Comedy
the-bad-news-bears,Drama
the-bad-news-bears,Family
the-bad-news-bears,Sport
the-ballad-of-buster-scruggs,Comedy
the-ballad-of-buster-scruggs,Drama
the-ballad-of-buster-scruggs,Musical
the-ballad-of-buster-scruggs,Mystery
the-ballad-of-buster-scruggs,Western
the-ballad-of-wallis-island,Comedy
the-ballad-of-wallis-island,Drama
the-ballad-of-wallis-island,Music
the-ballad-of-wallis-island,Romance
the-baltimorons,Comedy
the-baltimorons,Drama
the-baltimorons,Romance
the-band-wagon,Comedy
the-band-wagon,Musical
the-band-wagon,Romance
the-bands-visit,Comedy
the-bands-visit,Drama
the-bands-visit,Music
the-bands-visit,Romance
the-bank-job,Crime
the-bank-job,Thriller
the-banshees-of-inisherin,Comedy
the-banshees-of-inisherin,Drama
the-batman,Action
the-batman,Crime
the-batman,Drama
the-batman,Mystery
the-battered-bastards-of-baseball,Documentary
the-battered-bastards-of-baseball,Sport
the-battle-of-algiers,Drama
the-battle-of-algiers,War
the-beach,Adventure
the-beach,Drama
the-beach,Romance
the-beach,Thriller
the-beaches-of-agnes,Biography
the-beaches-of-agnes,Documentary
the-beast-2023,Drama
the-beast-2023,Romance
the-beast-2023,Sci-Fi
the-beast-2023,Thriller
the-beasts,Drama
the-beasts,Thriller
the-beatles-eight-days-a-week---the-touring-years,Documentary
the-beatles-eight-days-a-week---the-touring-years,History
the-beatles-eight-days-a-week---the-touring-years,Music
the-beaver,Drama
the-bee-gees-how-can-you-mend-a-broken-heart,Biography
the-bee-gees-how-can-you-mend-a-broken-heart,Documentary
the-bee-gees-how-can-you-mend-a-broken-heart,Music
the-beguiled,Drama
the-beguiled,History
the-beguiled,Thriller
the-beguiled,War
the-beguiled,Western
the-believer,Drama
the-benchwarmers,Comedy
the-benchwarmers,Sport
the-best-intentions,Biography
the-best-intentions,Drama
the-best-intentions,Romance
the-best-of-youth,Drama
the-best-of-youth,Romance
the-best-years-of-our-lives,Drama
the-best-years-of-our-lives,Romance
the-best-years-of-our-lives,War
the-beta-test,Comedy
the-beta-test,Drama
the-beta-test,Mystery
the-beta-test,Thriller
the-bibi-files,Biography
the-bibi-files,Documentary
the-big-easy,Comedy
the-big-easy,Crime
the-big-easy,Drama
the-big-easy,Mystery
the-big-easy,Romance
the-big-easy,Thriller
the-big-picture,Drama
the-big-picture,Thriller
the-big-red-one,Drama
the-big-red-one,War
the-big-risk,Crime
the-big-risk,Drama
the-big-risk,Romance
the-big-risk,Thriller
the-big-short,Biography
the-big-short,Comedy
the-big-short,Drama
the-big-short,History
the-big-sick,Comedy
the-big-sick,Drama
the-big-sick,Romance
the-big-sleep,Crime
the-big-sleep,Drama
the-big-sleep,Film-Noir
the-big-sleep,Mystery
the-big-sleep,Thriller
the-big-year,Comedy
the-biggest-little-farm,Documentary
the-biggest-little-farm,Family
the-bikeriders,Crime
the-bikeriders,Drama
the-birdcage,Comedy
the-birds,Drama
the-birds,Horror
the-birds,Mystery
the-birds,Romance
the-black-cauldron,Action
the-black-cauldron,Adventure
the-black-cauldron,Animation
the-black-cauldron,Family
the-black-cauldron,Fantasy
the-black-dahlia,Crime
the-black-dahlia,Drama
the-black-dahlia,Mystery
the-black-dahlia,Thriller
the-black-panthers-vanguard-of-the-revolution,Documentary
the-black-panthers-vanguard-of-the-revolution,History
the-black-power-mixtape-1967-1975,Documentary
the-black-power-mixtape-1967-1975,History
the-black-stallion,Adventure
the-black-stallion,Family
the-black-stallion,Sport
the-blair-witch-project,Horror
the-blair-witch-project,Mystery
the-bleeding-edge,Documentary
the-blind-man-who-did-not-want-to-see-titanic,Comedy
the-blind-man-who-did-not-want-to-see-titanic,Drama
the-blind-man-who-did-not-want-to-see-titanic,Romance
the-blind-man-who-did-not-want-to-see-titanic,Thriller
the-blind-side,Biography
the-blind-side,Drama
the-blind-side,Sport
the-blue-angel,Drama
the-blue-angel,Music
the-blue-angel,Romance
the-blue-caftan,Drama
the-blue-caftan,Romance
the-blue-room,Crime
the-blue-room,Drama
the-blue-room,Mystery
the-blue-room,Romance
the-blue-room,Thriller
the-blues-brothers,Adventure
the-blues-brothers,Comedy
the-blues-brothers,Crime
the-blues-brothers,Music
the-blues-brothers,Musical
the-bobs-burgers-movie,Adventure
the-bobs-burgers-movie,Animation
the-bobs-burgers-movie,Comedy
the-bobs-burgers-movie,Crime
the-bobs-burgers-movie,Drama
the-bobs-burgers-movie,Musical
the-bobs-burgers-movie,Mystery
the-bobs-burgers-movie,Thriller
the-body-remembers-when-the-world-broke-open,Drama
the-bodyguard,Drama
the-bodyguard,Music
the-bodyguard,Romance
the-bodyguard,Thriller
the-bone-collector,Crime
the-bone-collector,Drama
the-bone-collector,Mystery
the-bone-collector,Thriller
the-book-of-eli,Action
the-book-of-eli,Adventure
the-book-of-eli,Drama
the-book-of-eli,Thriller
the-booksellers,Documentary
the-boondock-saints,Action
the-boondock-saints,Crime
the-boondock-saints,Thriller
the-boondock-saints-ii-all-saints-day,Action
the-boondock-saints-ii-all-saints-day,Crime
the-boondock-saints-ii-all-saints-day,Thriller
the-bounty-hunter,Action
the-bounty-hunter,Comedy
the-bounty-hunter,Romance
the-bourne-identity,Action
the-bourne-identity,Mystery
the-bourne-identity,Thriller
the-bourne-supremacy,Action
the-bourne-supremacy,Mystery
the-bourne-supremacy,Thriller
the-bourne-ultimatum,Action
the-bourne-ultimatum,Mystery
the-bourne-ultimatum,Thriller
the-box,Drama
the-box,Mystery
the-box,Thriller
the-boy-and-the-heron,Adventure
the-boy-and-the-heron,Animation
the-boy-and-the-heron,Drama
the-boy-and-the-heron,Fantasy
the-boy-in-the-striped-pajamas,Drama
the-boy-in-the-striped-pajamas,War
the-boys-the-sherman-brothers-story,Documentary
the-breadwinner,Animation
the-breadwinner,Drama
the-breadwinner,War
the-break-up,Comedy
the-break-up,Drama
the-break-up,Romance
the-breaker-upperers,Comedy
the-breakfast-club,Comedy
the-breakfast-club,Drama
the-breaking-ice,Drama
the-breaking-ice,Romance
the-bride-of-frankenstein,Drama
the-bride-of-frankenstein,Horror
the-bride-of-frankenstein,Sci-Fi
the-bridge-on-the-river-kwai,Adventure
the-bridge-on-the-river-kwai,Drama
the-bridge-on-the-river-kwai,War
the-bridges-of-madison-county,Drama
the-bridges-of-madison-county,Romance
the-brink,Documentary
the-broken-circle-breakdown,Drama
the-broken-circle-breakdown,Music
the-broken-circle-breakdown,Romance
the-brothers-bloom,Action
the-brothers-bloom,Adventure
the-brothers-bloom,Comedy
the-brothers-bloom,Crime
the-brothers-bloom,Drama
the-brothers-bloom,Romance
the-brutalist,Drama
the-bucket-list,Adventure
the-bucket-list,Comedy
the-bucket-list,Drama
the-buddy-holly-story,Biography
the-buddy-holly-story,Drama
the-buddy-holly-story,Music
the-bully-project,Documentary
the-bully-project,Drama
the-burial,Drama
the-burial,History
the-butterfly-effect,Drama
the-butterfly-effect,Sci-Fi
the-butterfly-effect,Thriller
the-cabin-in-the-woods,Horror
the-cabin-in-the-woods,Mystery
the-cabin-in-the-woods,Thriller
the-cable-guy,Comedy
the-cable-guy,Drama
the-cable-guy,Thriller
the-caine-mutiny-court-martial,Drama
the-caine-mutiny-court-martial,War
the-cakemaker,Drama
the-cakemaker,Romance
the-card-counter,Crime
the-card-counter,Drama
the-card-counter,Thriller
the-case-against-8,Biography
the-case-against-8,Documentary
the-case-against-8,News
the-cat-in-the-hat,Adventure
the-cat-in-the-hat,Comedy
the-cat-in-the-hat,Family
the-cat-in-the-hat,Fantasy
the-cave-2019,Documentary
the-cave-2019,War
the-celebration,Drama
the-cell,Crime
the-cell,Horror
the-cell,Sci-Fi
the-cell,Thriller
the-central-park-five,Crime
the-central-park-five,Documentary
the-central-park-five,History
the-chambermaid,Drama
the-change-up,Comedy
the-change-up,Fantasy
the-chaser,Action
the-chaser,Crime
the-chaser,Drama
the-chaser,Thriller
the-china-syndrome,Drama
the-china-syndrome,Thriller
the-christophers,Comedy
the-christophers,Drama
the-chronicles-of-narnia-the-lion-the-witch-and-the-wardrobe,Adventure
the-chronicles-of-narnia-the-lion-the-witch-and-the-wardrobe,Family
the-chronicles-of-narnia-the-lion-the-witch-and-the-wardrobe,Fantasy
the-chronicles-of-narnia-the-voyage-of-the-dawn-treader,Adventure
the-chronicles-of-narnia-the-voyage-of-the-dawn-treader,Family
the-chronicles-of-narnia-the-voyage-of-the-dawn-treader,Fantasy
the-chronology-of-water,Biography
the-chronology-of-water,Drama
the-chronology-of-water,Romance
the-cider-house-rules,Drama
the-cider-house-rules,Romance
the-circle,Drama
the-circus,Comedy
the-circus,Family
the-circus,Romance
the-city-of-lost-children,Adventure
the-city-of-lost-children,Drama
the-city-of-lost-children,Fantasy
the-city-of-lost-children,Sci-Fi
the-clan,Biography
the-clan,Crime
the-clan,Drama
the-clan,Thriller
the-class,Drama
the-climb,Comedy
the-climb,Drama
the-club,Drama
the-club,Mystery
the-club,Thriller
the-cockettes,Documentary
the-collector,Horror
the-collector,Thriller
the-color-of-paradise,Drama
the-color-of-paradise,Family
the-color-purple,Drama
the-color-purple-2023,Drama
the-color-purple-2023,Musical
the-colors-within,Animation
the-colors-within,Drama
the-colors-within,Music
the-company-men,Drama
the-conformist-re-release,Drama
the-conspirator,Crime
the-conspirator,Drama
the-conspirator,History
the-constant-gardener,Drama
the-constant-gardener,Mystery
the-constant-gardener,Romance
the-constant-gardener,Thriller
the-conversation,Drama
the-conversation,Mystery
the-conversation,Thriller
the-core,Action
the-core,Adventure
the-core,Sci-Fi
the-core,Thriller
the-count-of-monte-cristo,Action
the-count-of-monte-cristo,Adventure
the-count-of-monte-cristo,Drama
the-count-of-monte-cristo,Thriller
the-count-of-monte-cristo-2024,Action
the-count-of-monte-cristo-2024,Adventure
the-count-of-monte-cristo-2024,Drama
the-count-of-monte-cristo-2024,Romance
the-count-of-monte-cristo-2024,Thriller
the-counterfeiters,Crime
the-counterfeiters,Drama
the-counterfeiters,History
the-counterfeiters,War
the-cove,Biography
the-cove,Crime
the-cove,Documentary
the-cove,History
the-crash-reel,Biography
the-crash-reel,Documentary
the-crash-reel,Sport
the-crazies,Horror
the-crime-is-mine,Comedy
the-crime-is-mine,Crime
the-crime-is-mine,Mystery
the-crime-is-mine,Thriller
the-crow,Action
the-crow,Crime
the-crow,Drama
the-crow,Fantasy
the-crow,Horror
the-crow,Thriller
the-crying-game,Crime
the-crying-game,Drama
the-crying-game,Romance
the-crying-game,Thriller
the-curious-case-of-benjamin-button,Drama
the-curious-case-of-benjamin-button,Fantasy
the-curious-case-of-benjamin-button,Romance
the-da-vinci-code,Mystery
the-da-vinci-code,Thriller
the-damned-2024,Drama
the-damned-2024,History
the-damned-united,Biography
the-damned-united,Drama
the-damned-united,Sport
the-dance-of-reality,Biography
the-dance-of-reality,Drama
the-dance-of-reality,Fantasy
the-darjeeling-limited,Adventure
the-darjeeling-limited,Comedy
the-darjeeling-limited,Drama
the-dark-and-the-wicked,Horror
the-dark-crystal,Adventure
the-dark-crystal,Family
the-dark-crystal,Fantasy
the-dark-horse,Biography
the-dark-horse,Drama
the-dark-knight,Crime
the-dark-knight,Thriller
the-dark-knight-rises,Crime
the-dark-knight-rises,Thriller
the-darkest-hour,Action
the-darkest-hour,Adventure
the-darkest-hour,Horror
the-darkest-hour,Sci-Fi
the-darkest-hour,Thriller
the-day-after,Drama
the-day-after,Romance
the-day-after-tomorrow,Action
the-day-after-tomorrow,Adventure
the-day-after-tomorrow,Sci-Fi
the-day-after-tomorrow,Thriller
the-day-he-arrives,Comedy
the-day-he-arrives,Drama
the-day-of-the-jackal,Crime
the-day-of-the-jackal,Drama
the-day-of-the-jackal,Thriller
the-day-the-earth-stood-still,Adventure
the-day-the-earth-stood-still,Drama
the-day-the-earth-stood-still,Sci-Fi
the-day-the-earth-stood-still,Thriller
the-day-the-earth-stood-still-1951,Drama
the-day-the-earth-stood-still-1951,Sci-Fi
the-dead-pool,Action
the-dead-pool,Crime
the-dead-pool,Mystery
the-dead-pool,Thriller
the-dead-zone,Drama
the-dead-zone,Fantasy
the-dead-zone,Thriller
the-death-and-life-of-marsha-p-johnson,Biography
the-death-and-life-of-marsha-p-johnson,Documentary
the-death-of-mr-lazarescu,Comedy
the-death-of-mr-lazarescu,Drama
the-death-of-stalin,Comedy
the-death-of-stalin,Drama
the-death-of-stalin,History
the-debt,Drama
the-debt,Thriller
the-decline-of-western-civilization,Documentary
the-decline-of-western-civilization,History
the-decline-of-western-civilization,Music
the-deep-blue-sea,Drama
the-deep-blue-sea,Romance
the-deep-end,Crime
the-deep-end,Drama
the-deep-end,Mystery
the-deep-end,Romance
the-deep-end,Thriller
the-deer-hunter,Drama
the-deer-hunter,War
the-delinquents,Comedy
the-delinquents,Crime
the-delinquents,Drama
the-departed,Crime
the-departed,Drama
the-departed,Thriller
the-departure,Documentary
the-descendants,Comedy
the-descendants,Drama
the-descent,Adventure
the-descent,Horror
the-descent,Thriller
the-devil-and-daniel-johnston,Biography
the-devil-and-daniel-johnston,Documentary
the-devil-and-daniel-johnston,Music
the-devils-advocate,Drama
the-devils-advocate,Fantasy
the-devils-advocate,Mystery
the-devils-advocate,Thriller
the-devils-backbone,Drama
the-devils-backbone,Horror
the-devils-backbone,Thriller
the-devils-bath,Drama
the-devils-bath,History
the-devils-bath,Horror
the-devils-bath,Thriller
the-devils-candy,Drama
the-devils-candy,Horror
the-devils-candy,Thriller
the-devils-rejects,Crime
the-devils-rejects,Drama
the-devils-rejects,Horror
the-devils-rejects,Western
the-diary-of-a-teenage-girl,Comedy
the-diary-of-a-teenage-girl,Drama
the-diary-of-a-teenage-girl,Romance
the-dig,Biography
the-dig,Drama
the-dig,History
the-dilemma,Comedy
the-dilemma,Drama
the-disappearance-of-shere-hite,Biography
the-disappearance-of-shere-hite,Documentary
the-disaster-artist,Biography
the-disaster-artist,Comedy
the-disaster-artist,Drama
the-disciple,Drama
the-disciple,Music
the-discreet-charm-of-the-bourgeoisie,Comedy
the-discreet-charm-of-the-bourgeoisie,Drama
the-discreet-charm-of-the-bourgeoisie,Fantasy
the-dissident,Crime
the-dissident,Documentary
the-dissident,Thriller
the-diving-bell-and-the-butterfly,Biography
the-diving-bell-and-the-butterfly,Drama
the-doors,Biography
the-doors,Drama
the-doors,Music
the-double-hour,Crime
the-double-hour,Drama
the-double-hour,Mystery
the-double-hour,Romance
the-double-hour,Thriller
the-double-life-of-veronique,Drama
the-double-life-of-veronique,Fantasy
the-double-life-of-veronique,Music
the-double-life-of-veronique,Mystery
the-double-life-of-veronique,Romance
the-dreamers,Drama
the-dreamers,Romance
the-duke,Biography
the-duke,Comedy
the-duke,Crime
the-duke,Drama
the-duke-of-burgundy,Drama
the-duke-of-burgundy,Romance
the-eagle,Action
the-eagle,Adventure
the-eagle,Drama
the-eagle-huntress,Adventure
the-eagle-huntress,Documentary
the-eagle-huntress,Sport
the-edge-of-democracy,Documentary
the-edge-of-democracy,History
the-edge-of-heaven,Drama
the-edge-of-seventeen,Comedy
the-edge-of-seventeen,Drama
the-edge-of-seventeen,Romance
the-eight-mountains,Drama
the-elephant-man,Biography
the-elephant-man,Drama
the-empty-hours,Drama
the-empty-hours,Romance
the-end-of-the-tour,Biography
the-end-of-the-tour,Drama
the-endless,Horror
the-endless,Mystery
the-endless,Sci-Fi
the-endless,Thriller
the-endless-summer,Documentary
the-endless-summer,Sport
the-endurance,Documentary
the-endurance,History
the-english-patient,Drama
the-english-patient,Romance
the-english-patient,War
the-escape,Drama
the-eternal-daughter,Drama
the-eternal-daughter,Mystery
the-eternal-daughter,Thriller
the-eternal-memory,Documentary
the-evil-dead,Horror
the-exorcism-of-emily-rose,Drama
the-exorcism-of-emily-rose,Horror
the-exorcism-of-emily-rose,Thriller
the-exorcist-1973,Horror
the-eyes-of-orson-welles,Biography
the-eyes-of-orson-welles,Documentary
the-fabelmans,Biography
the-fabelmans,Drama
the-fabulous-baker-boys,Comedy
the-fabulous-baker-boys,Drama
the-fabulous-baker-boys,Music
the-fabulous-baker-boys,Romance
the-faculty,Horror
the-faculty,Mystery
the-faculty,Sci-Fi
the-fall,Adventure
the-fall,Drama
the-fall,Fantasy
the-fall-guy,Action
the-fall-guy,Comedy
the-fall-guy,Drama
the-fall-guy,Romance
the-fallen-idol,Drama
the-fallen-idol,Film-Noir
the-fallen-idol,Mystery
the-fallen-idol,Thriller
the-falling,Drama
the-falling,Mystery
the-falling,Thriller
the-fallout,Drama
the-family-man,Comedy
the-family-man,Drama
the-family-man,Fantasy
the-family-man,Romance
the-family-stone,Comedy
the-family-stone,Drama
the-family-stone,Romance
the-farewell,Comedy
the-farewell,Drama
the-farthest,Documentary
the-farthest,History
the-fast-and-the-furious,Action
the-fast-and-the-furious,Crime
the-fast-and-the-furious,Thriller
the-father,Drama
the-father,Mystery
the-favourite,Biography
the-favourite,Comedy
the-favourite,Drama
the-favourite,History
the-feeling-that-the-time-for-doing-something-has-passed,Comedy
the-fifth-element,Action
the-fifth-element,Adventure
the-fifth-element,Sci-Fi
the-fighter,Action
the-fighter,Biography
the-fighter,Drama
the-fighter,Sport
the-filth-and-the-fury,Biography
the-filth-and-the-fury,Documentary
the-filth-and-the-fury,Music
the-final-destination,Horror
the-final-destination,Thriller
the-final-master,Action
the-final-master,Drama
the-fire-inside,Biography
the-fire-inside,Drama
the-fire-inside,Sport
the-firm,Crime
the-firm,Drama
the-firm,Mystery
the-firm,Thriller
the-first-slam-dunk,Animation
the-first-slam-dunk,Comedy
the-first-slam-dunk,Drama
the-first-slam-dunk,Sport
the-first-wave,Documentary
the-first-wave,History
the-fisher-king,Comedy
the-fisher-king,Drama
the-fisher-king,Fantasy
the-fits,Drama
the-fits,Music
the-five-obstructions,Documentary
the-flat,Documentary
the-flintstones,Comedy
the-flintstones,Family
the-flintstones,Fantasy
the-florida-project,Drama
the-flowers-of-war,Drama
the-flowers-of-war,History
the-flowers-of-war,Romance
the-flowers-of-war,War
the-fly,Drama
the-fly,Horror
the-fly,Sci-Fi
the-fog-of-war-eleven-lessons-from-the-life-of-robert-s-mcnamara,Biography
the-fog-of-war-eleven-lessons-from-the-life-of-robert-s-mcnamara,Documentary
the-fog-of-war-eleven-lessons-from-the-life-of-robert-s-mcnamara,History
the-fog-of-war-eleven-lessons-from-the-life-of-robert-s-mcnamara,War
the-fool,Crime
the-fool,Drama
the-fool,Thriller
the-forbidden-kingdom,Action
the-forbidden-kingdom,Adventure
the-forbidden-kingdom,Fantasy
the-forbidden-room,Comedy
the-forbidden-room,Mystery
the-force,Documentary
the-forgiveness-of-blood,Drama
the-forgotten,Drama
the-forgotten,Mystery
the-forgotten,Sci-Fi
the-forgotten,Thriller
the-forty-year-old-version,Comedy
the-forty-year-old-version,Drama
the-four-times-le-quattro-volte,Drama
the-fourth-kind,Horror
the-fourth-kind,Mystery
the-fourth-kind,Sci-Fi
the-fourth-kind,Thriller
the-french-connection-1971,Action
the-french-connection-1971,Crime
the-french-connection-1971,Drama
the-french-connection-1971,Thriller
the-french-dispatch,Comedy
the-french-dispatch,Drama
the-french-dispatch,Romance
the-freshman-1990,Comedy
the-freshman-1990,Crime
the-friends-of-eddie-coyle,Crime
the-friends-of-eddie-coyle,Drama
the-fugitive,Action
the-fugitive,Crime
the-fugitive,Drama
the-fugitive,Mystery
the-fugitive,Thriller
the-full-monty,Comedy
the-full-monty,Drama
the-furious,Action
the-furious,Crime
the-furious,Thriller
the-gatekeepers,Documentary
the-gatekeepers,History
the-gatekeepers,War
the-gay-divorcee,Comedy
the-gay-divorcee,Musical
the-gay-divorcee,Romance
the-general-1998,Biography
the-general-1998,Crime
the-general-1998,Drama
the-general-1998,Thriller
the-ghost-writer,Crime
the-ghost-writer,Drama
the-ghost-writer,Mystery
the-ghost-writer,Thriller
the-gift,Drama
the-gift,Fantasy
the-gift,Horror
the-gift,Mystery
the-gift-2015,Drama
the-gift-2015,Mystery
the-gift-2015,Thriller
the-girl-and-the-spider,Comedy
the-girl-and-the-spider,Drama
the-girl-who-kicked-the-hornets-nest,Crime
the-girl-who-kicked-the-hornets-nest,Drama
the-girl-who-kicked-the-hornets-nest,Mystery
the-girl-who-kicked-the-hornets-nest,Thriller
the-girl-who-played-with-fire,Action
the-girl-who-played-with-fire,Crime
the-girl-who-played-with-fire,Drama
the-girl-who-played-with-fire,Mystery
the-girl-who-played-with-fire,Thriller
the-girl-with-the-dragon-tattoo,Crime
the-girl-with-the-dragon-tattoo,Drama
the-girl-with-the-dragon-tattoo,Mystery
the-girl-with-the-dragon-tattoo,Thriller
the-girl-with-the-dragon-tattoo-2011,Crime
the-girl-with-the-dragon-tattoo-2011,Drama
the-girl-with-the-dragon-tattoo-2011,Mystery
the-girl-with-the-dragon-tattoo-2011,Thriller
the-girl-with-the-needle,Crime
the-girl-with-the-needle,Drama
the-girl-with-the-needle,History
the-girl-without-hands,Animation
the-girl-without-hands,Drama
the-girl-without-hands,Fantasy
the-gleaners-i,Documentary
the-go-gos,Documentary
the-go-gos,Music
the-godfather,Crime
the-godfather,Drama
the-godfather-part-ii,Crime
the-godfather-part-ii,Drama
the-godfather-part-iii,Crime
the-godfather-part-iii,Drama
the-gold-rush-1925,Adventure
the-gold-rush-1925,Comedy
the-gold-rush-1925,Drama
the-gold-rush-1925,Romance
the-gold-rush-1925,Western
the-golden-compass,Adventure
the-golden-compass,Family
the-golden-compass,Fantasy
the-golden-dream,Drama
the-goldman-case,Crime
the-goldman-case,Drama
the-goldman-case,History
the-good-shepherd,Drama
the-good-shepherd,History
the-good-shepherd,Thriller
the-good-the-bad-and-the-ugly,Adventure
the-good-the-bad-and-the-ugly,Drama
the-good-the-bad-and-the-ugly,Western
the-good-the-bad-the-weird,Action
the-good-the-bad-the-weird,Adventure
the-good-the-bad-the-weird,Comedy
the-good-the-bad-the-weird,Western
the-goonies,Adventure
the-goonies,Comedy
the-goonies,Family
the-graduate,Comedy
the-graduate,Drama
the-graduate,Romance
the-graduates,Drama
the-grand-budapest-hotel,Comedy
the-grand-budapest-hotel,Drama
the-grandmaster,Action
the-grandmaster,Biography
the-grandmaster,Drama
the-grandmaster,Romance
the-grandmaster,War
the-grapes-of-wrath,Drama
the-great-beauty,Drama
the-great-buddha+,Comedy
the-great-buddha+,Crime
the-great-buddha+,Drama
the-great-buster-a-celebration,Biography
the-great-buster-a-celebration,Comedy
the-great-buster-a-celebration,Documentary
the-great-buster-a-celebration,History
the-great-escape,Adventure
the-great-escape,Drama
the-great-escape,Thriller
the-great-escape,War
the-great-flood,Documentary
the-great-flood,History
the-great-flood,Music
the-great-mouse-detective,Adventure
the-great-mouse-detective,Animation
the-great-mouse-detective,Family
the-great-mouse-detective,Musical
the-great-mouse-detective,Mystery
the-green-hornet,Action
the-green-hornet,Comedy
the-green-hornet,Crime
the-green-knight,Adventure
the-green-knight,Drama
the-green-knight,Fantasy
the-green-mile,Crime
the-green-mile,Drama
the-green-mile,Fantasy
the-green-mile,Mystery
the-grifters,Crime
the-grifters,Drama
the-grifters,Thriller
the-ground-beneath-my-feet,Drama
the-grudge,Horror
the-grudge,Mystery
the-grudge,Thriller
the-grudge-2,Horror
the-grudge-2,Thriller
the-grudge-2004,Horror
the-guard,Comedy
the-guard,Crime
the-guard,Thriller
the-guardian,Adventure
the-guardian,Drama
the-guardians,Drama
the-guardians,War
the-guest,Action
the-guest,Mystery
the-guest,Thriller
the-guilty,Crime
the-guilty,Drama
the-guilty,Thriller
the-gunfighter,Western
the-half-of-it,Comedy
the-half-of-it,Drama
the-hand-of-god,Drama
the-handmaiden,Drama
the-handmaiden,Romance
the-handmaiden,Thriller
the-hangover,Comedy
the-hangover-part-ii,Comedy
the-happening,Adventure
the-happening,Drama
the-happening,Sci-Fi
the-happening,Thriller
the-happiest-day-in-the-life-of-olli-maki,Biography
the-happiest-day-in-the-life-of-olli-maki,Drama
the-happiest-day-in-the-life-of-olli-maki,Romance
the-happiest-day-in-the-life-of-olli-maki,Sport
the-harder-they-come-1972,Crime
the-harder-they-come-1972,Drama
the-harder-they-come-1972,Music
the-hate-u-give,Crime
the-hate-u-give,Drama
the-haunting-in-connecticut,Drama
the-haunting-in-connecticut,Horror
the-haunting-in-connecticut,Mystery
the-haunting-in-connecticut,Thriller
the-headless-woman,Drama
the-headless-woman,Mystery
the-headless-woman,Thriller
the-heiresses,Drama
the-help,Drama
the-hidden-fortress,Adventure
the-hidden-fortress,Drama
the-hill,Drama
the-hill,War
the-hills-have-eyes,Horror
the-hills-have-eyes,Thriller
the-hitchhikers-guide-to-the-galaxy,Adventure
the-hitchhikers-guide-to-the-galaxy,Comedy
the-hitchhikers-guide-to-the-galaxy,Sci-Fi
the-holdovers,Comedy
the-holdovers,Drama
the-holiday,Comedy
the-holiday,Romance
the-honeymoon-killers,Crime
the-honeymoon-killers,Drama
the-honeymoon-killers,Romance
the-honeymoon-killers,Thriller
the-host,Drama
the-host,Horror
the-host,Sci-Fi
the-hot-chick,Comedy
the-hot-chick,Fantasy
the-hours,Drama
the-hours,Romance
the-house-bunny,Comedy
the-house-i-live-in,Crime
the-house-i-live-in,Documentary
the-house-of-mirth,Drama
the-house-of-mirth,Romance
the-house-of-the-devil,Horror
the-house-of-the-devil,Mystery
the-hudsucker-proxy,Comedy
the-hudsucker-proxy,Drama
the-hudsucker-proxy,Fantasy
the-human-centipede-first-sequence,Horror
the-human-centipede-ii-full-sequence,Horror
the-human-voice,Drama
the-human-voice,Unknown
the-humans,Drama
the-hunchback-of-notre-dame,Animation
the-hunchback-of-notre-dame,Drama
the-hunchback-of-notre-dame,Family
the-hunchback-of-notre-dame,Musical
the-hunchback-of-notre-dame,Romance
the-hunger-games-catching-fire,Action
the-hunger-games-catching-fire,Adventure
the-hunger-games-catching-fire,Romance
the-hunger-games-catching-fire,Sci-Fi
the-hunger-games-catching-fire,Thriller
the-hunt,Drama
the-hunt-for-red-october,Action
the-hunt-for-red-october,Adventure
the-hunt-for-red-october,Drama
the-hunt-for-red-october,Thriller
the-hunter,Drama
the-hunter,Thriller
the-hunting-ground,Documentary
the-hurt-locker,Drama
the-hurt-locker,Thriller
the-hurt-locker,War
the-hustler,Drama
the-hustler,Sport
the-ice-storm,Drama
the-ice-tower,Drama
the-ice-tower,Fantasy
the-ice-tower,Thriller
the-ides-of-march,Drama
the-ides-of-march,Thriller
the-illusionist-1969,Animation
the-illusionist-1969,Drama
the-image-book,Documentary
the-image-book,Drama
the-image-book,Horror
the-imitation-game,Biography
the-imitation-game,Drama
the-imitation-game,Thriller
the-imitation-game,War
the-immigrant,Drama
the-immigrant,Romance
the-impossible,Drama
the-impossible,History
the-impossible,Thriller
the-imposter,Biography
the-imposter,Crime
the-imposter,Documentary
the-imposter,Drama
the-imposter,Thriller
the-incredible-hulk,Action
the-incredible-hulk,Sci-Fi
the-incredible-jessica-james,Comedy
the-incredibles,Action
the-incredibles,Adventure
the-incredibles,Animation
the-incredibles,Family
the-informant!,Biography
the-informant!,Comedy
the-informant!,Crime
the-informant!,Drama
the-inheritance-2021,Drama
the-innocents,Drama
the-innocents,Horror
the-innocents,Mystery
the-innocents,Thriller
the-innocents-2016,Drama
the-innocents-2016,History
the-innocents-2022,Drama
the-innocents-2022,Fantasy
the-innocents-2022,Horror
the-innocents-2022,Thriller
the-insider,Biography
the-insider,Drama
the-insider,History
the-insider,Thriller
the-inspection,Drama
the-insult,Crime
the-insult,Drama
the-insult,Thriller
the-international,Action
the-international,Crime
the-international,Drama
the-international,Mystery
the-international,Thriller
the-internets-own-boy-the-story-of-aaron-swartz,Biography
the-internets-own-boy-the-story-of-aaron-swartz,Crime
the-internets-own-boy-the-story-of-aaron-swartz,Documentary
the-interrupters,Crime
the-interrupters,Documentary
the-intruder,Drama
the-invasion,Sci-Fi
the-invasion,Thriller
the-invention-of-lying,Comedy
the-invention-of-lying,Fantasy
the-invention-of-lying,Romance
the-invisible-man,Drama
the-invisible-man,Horror
the-invisible-man,Mystery
the-invisible-man,Sci-Fi
the-invisible-man,Thriller
the-invisible-man-1933,Horror
the-invisible-man-1933,Sci-Fi
the-invisible-war,Crime
the-invisible-war,Documentary
the-invisible-woman,Biography
the-invisible-woman,Drama
the-invisible-woman,History
the-invisible-woman,Romance
the-invitation,Drama
the-invitation,Horror
the-invitation,Mystery
the-invitation,Thriller
the-invite,Comedy
the-invite,Drama
the-invite,Romance
the-irishman,Biography
the-irishman,Crime
the-irishman,Drama
the-irishman,History
the-irishman,Thriller
the-iron-claw,Biography
the-iron-claw,Drama
the-iron-claw,Sport
the-iron-giant,Action
the-iron-giant,Adventure
the-iron-giant,Animation
the-iron-giant,Family
the-iron-giant,Sci-Fi
the-iron-lady,Biography
the-iron-lady,Drama
the-island-president,Documentary
the-italian-job,Action
the-italian-job,Crime
the-italian-job,Thriller
the-ivory-game,Documentary
the-jackal,Action
the-jackal,Crime
the-jackal,Drama
the-jackal,Thriller
the-jacket,Drama
the-jacket,Fantasy
the-jacket,Mystery
the-jacket,Sci-Fi
the-jacket,Thriller
the-janes,Documentary
the-joy-luck-club,Drama
the-jungle-book,Adventure
the-jungle-book,Animation
the-jungle-book,Comedy
the-jungle-book,Family
the-jungle-book,Musical
the-jungle-book-2,Adventure
the-jungle-book-2,Animation
the-jungle-book-2,Comedy
the-jungle-book-2,Family
the-jungle-book-2,Music
the-jungle-book-2,Musical
the-jungle-book-2016,Action
the-jungle-book-2016,Adventure
the-jungle-book-2016,Animation
the-jungle-book-2016,Drama
the-jungle-book-2016,Family
the-jungle-book-2016,Fantasy
the-jungle-book-2016,Musical
the-karate-kid,Action
the-karate-kid,Drama
the-karate-kid,Family
the-karate-kid,Sport
the-karate-kid-1984,Action
the-karate-kid-1984,Drama
the-karate-kid-1984,Family
the-karate-kid-1984,Sport
the-karate-kid-part-ii,Action
the-karate-kid-part-ii,Family
the-karate-kid-part-ii,Sport
the-karate-kid-part-iii,Action
the-karate-kid-part-iii,Drama
the-karate-kid-part-iii,Family
the-karate-kid-part-iii,Sport
the-kid-detective,Comedy
the-kid-detective,Crime
the-kid-detective,Drama
the-kid-detective,Mystery
the-kid-with-a-bike,Drama
the-kids-are-all-right,Comedy
the-kids-are-all-right,Drama
the-kids-are-all-right,Romance
the-kill-team,Documentary
the-killer,Action
the-killer,Crime
the-killer,Drama
the-killer,Thriller
the-killer-2023,Action
the-killer-2023,Adventure
the-killer-2023,Crime
the-killer-2023,Drama
the-killer-2023,Thriller
the-killer-inside-me,Crime
the-killer-inside-me,Drama
the-killer-inside-me,Mystery
the-killer-inside-me,Thriller
the-killing,Crime
the-killing,Drama
the-killing,Film-Noir
the-killing,Thriller
the-killing-of-a-sacred-deer,Drama
the-killing-of-a-sacred-deer,Horror
the-killing-of-a-sacred-deer,Mystery
the-killing-of-a-sacred-deer,Thriller
the-killing-of-two-lovers,Drama
the-kindergarten-teacher-2018,Drama
the-kindergarten-teacher-2018,Thriller
the-king-and-the-mockingbird,Animation
the-king-and-the-mockingbird,Family
the-king-and-the-mockingbird,Fantasy
the-king-and-the-mockingbird,Romance
the-king-of-comedy,Comedy
the-king-of-comedy,Crime
the-king-of-comedy,Drama
the-king-of-comedy,Thriller
the-king-of-kong-a-fistful-of-quarters,Biography
the-king-of-kong-a-fistful-of-quarters,Documentary
the-king-of-kong-a-fistful-of-quarters,Sport
the-kingdom,Action
the-kingdom,Drama
the-kingdom,Thriller
the-kingdom-2024,Crime
the-kingdom-2024,Drama
the-kingdom-2024,Thriller
the-kingdom-of-dreams-and-madness,Documentary
the-kingmaker,Biography
the-kingmaker,Documentary
the-kingmaker,History
the-kings-speech,Biography
the-kings-speech,Drama
the-kings-speech,History
the-kite-runner,Drama
the-lady-eve,Comedy
the-lady-eve,Romance
the-lady-vanishes-1938,Crime
the-lady-vanishes-1938,Drama
the-lady-vanishes-1938,Mystery
the-lady-vanishes-1938,Thriller
the-ladykillers,Comedy
the-ladykillers,Crime
the-ladykillers,Thriller
the-ladykillers-1955,Comedy
the-ladykillers-1955,Crime
the-lake-house,Drama
the-lake-house,Fantasy
the-lake-house,Romance
the-land-before-time,Adventure
the-land-before-time,Animation
the-land-before-time,Drama
the-land-before-time,Family
the-land-of-steady-habits,Comedy
the-land-of-steady-habits,Drama
the-last-airbender,Action
the-last-airbender,Adventure
the-last-airbender,Family
the-last-airbender,Fantasy
the-last-black-man-in-san-francisco,Drama
the-last-circus,Comedy
the-last-circus,Drama
the-last-circus,Horror
the-last-circus,War
the-last-days,Documentary
the-last-days,War
the-last-detail,Comedy
the-last-detail,Drama
the-last-exorcism,Horror
the-last-exorcism,Mystery
the-last-exorcism,Thriller
the-last-man-on-the-moon,Adventure
the-last-man-on-the-moon,Biography
the-last-man-on-the-moon,Documentary
the-last-man-on-the-moon,History
the-last-mistress,Drama
the-last-mistress,Romance
the-last-of-the-mohicans,Action
the-last-of-the-mohicans,Adventure
the-last-of-the-mohicans,Drama
the-last-of-the-mohicans,Romance
the-last-of-the-mohicans,War
the-last-picture-show,Drama
the-last-picture-show,Romance
the-last-samurai,Action
the-last-samurai,Drama
the-last-seduction,Crime
the-last-seduction,Drama
the-last-seduction,Romance
the-last-seduction,Thriller
the-last-song,Drama
the-last-song,Music
the-last-song,Romance
the-last-stop-in-yuma-county,Crime
the-last-stop-in-yuma-county,Drama
the-last-stop-in-yuma-county,Thriller
the-last-temptation-of-christ,Drama
the-last-viking,Animation
the-last-viking,Comedy
the-last-viking,Crime
the-last-viking,Drama
the-last-waltz,Biography
the-last-waltz,Documentary
the-last-waltz,Music
the-lavender-hill-mob,Comedy
the-lavender-hill-mob,Crime
the-league-of-extraordinary-gentlemen,Action
the-league-of-extraordinary-gentlemen,Adventure
the-league-of-extraordinary-gentlemen,Fantasy
the-league-of-extraordinary-gentlemen,Sci-Fi
the-legend-of-1900,Drama
the-legend-of-1900,Music
the-legend-of-1900,Romance
the-lego-batman-movie,Action
the-lego-batman-movie,Adventure
the-lego-batman-movie,Animation
the-lego-batman-movie,Comedy
the-lego-batman-movie,Family
the-lego-batman-movie,Fantasy
the-lego-batman-movie,Sci-Fi
the-lego-movie,Action
the-lego-movie,Adventure
the-lego-movie,Animation
the-lego-movie,Comedy
the-lego-movie,Family
the-lego-movie,Fantasy
the-lego-movie,Sci-Fi
the-leopard-re-release,Drama
the-leopard-re-release,History
the-letter,Crime
the-letter,Drama
the-letter,Film-Noir
the-letter,Mystery
the-letter,Romance
the-levelling,Drama
the-life-and-death-of-colonel-blimp-1945,Drama
the-life-and-death-of-colonel-blimp-1945,Romance
the-life-and-death-of-colonel-blimp-1945,War
the-life-of-david-gale,Crime
the-life-of-david-gale,Drama
the-life-of-david-gale,Mystery
the-life-of-david-gale,Thriller
the-lighthouse-2019,Drama
the-lighthouse-2019,Fantasy
the-lighthouse-2019,Horror
the-lighthouse-2019,Mystery
the-lighthouse-2019,Thriller
the-lincoln-lawyer,Crime
the-lincoln-lawyer,Drama
the-lincoln-lawyer,Mystery
the-lincoln-lawyer,Thriller
the-line-2023,Drama
the-lion-king,Adventure
the-lion-king,Animation
the-lion-king,Drama
the-lion-king,Family
the-lion-king,Musical
the-little-mermaid,Adventure
the-little-mermaid,Animation
the-little-mermaid,Family
the-little-mermaid,Fantasy
the-little-mermaid,Musical
the-little-mermaid,Romance
the-little-prince,Adventure
the-little-prince,Animation
the-little-prince,Comedy
the-little-prince,Drama
the-little-prince,Family
the-little-prince,Fantasy
the-little-prince,Sci-Fi
the-lives-of-others,Drama
the-lives-of-others,Mystery
the-lives-of-others,Thriller
the-lobster,Drama
the-lobster,Romance
the-lobster,Sci-Fi
the-lobster,Thriller
the-lodger-a-story-of-the-london-fog,Crime
the-lodger-a-story-of-the-london-fog,Drama
the-lodger-a-story-of-the-london-fog,Mystery
the-lodger-a-story-of-the-london-fog,Thriller
the-loneliest-planet,Drama
the-loneliest-planet,Thriller
the-long-day-closes,Biography
the-long-day-closes,Drama
the-long-good-friday,Crime
the-long-good-friday,Drama
the-long-good-friday,Mystery
the-long-good-friday,Thriller
the-long-goodbye,Comedy
the-long-goodbye,Crime
the-long-goodbye,Drama
the-long-goodbye,Mystery
the-long-goodbye,Thriller
the-long-kiss-goodnight,Action
the-long-kiss-goodnight,Crime
the-long-kiss-goodnight,Drama
the-long-kiss-goodnight,Mystery
the-long-kiss-goodnight,Thriller
the-long-walk,Drama
the-long-walk,Horror
the-long-walk,Mystery
the-long-walk,Sci-Fi
the-long-walk-2025,Horror
the-long-walk-2025,Thriller
the-longest-yard,Comedy
the-longest-yard,Crime
the-longest-yard,Sport
the-look-of-silence,Biography
the-look-of-silence,Documentary
the-look-of-silence,History
the-lord-of-the-rings-the-fellowship-of-the-ring,Adventure
the-lord-of-the-rings-the-fellowship-of-the-ring,Drama
the-lord-of-the-rings-the-fellowship-of-the-ring,Fantasy
the-lord-of-the-rings-the-return-of-the-king,Adventure
the-lord-of-the-rings-the-return-of-the-king,Drama
the-lord-of-the-rings-the-return-of-the-king,Fantasy
the-lord-of-the-rings-the-two-towers,Adventure
the-lord-of-the-rings-the-two-towers,Drama
the-lord-of-the-rings-the-two-towers,Fantasy
the-losers,Action
the-losers,Adventure
the-losers,Comedy
the-losers,Crime
the-losers,Mystery
the-losers,Thriller
the-lost-boys,Comedy
the-lost-boys,Horror
the-lost-city-of-z,Adventure
the-lost-city-of-z,Biography
the-lost-city-of-z,Drama
the-lost-city-of-z,History
the-lost-daughter,Drama
the-lost-leonardo,Documentary
the-lost-leonardo,Mystery
the-lost-world-jurassic-park,Action
the-lost-world-jurassic-park,Adventure
the-lost-world-jurassic-park,Sci-Fi
the-lottery,Documentary
the-lottery,Drama
the-lottery,News
the-love-guru,Comedy
the-love-guru,Romance
the-love-guru,Sport
the-love-that-remains,Comedy
the-love-that-remains,Drama
the-love-that-remains,Family
the-love-witch,Comedy
the-love-witch,Horror
the-love-witch,Romance
the-lovely-bones,Drama
the-lovely-bones,Fantasy
the-lovely-bones,Thriller
the-lovers-2017,Comedy
the-lovers-2017,Drama
the-lovers-2017,Romance
the-lunchbox,Drama
the-lunchbox,Romance
the-lure,Drama
the-lure,Fantasy
the-lure,Horror
the-lure,Musical
the-lure,Thriller
the-machinist,Drama
the-machinist,Thriller
the-mad-womens-ball,Drama
the-mad-womens-ball,Thriller
the-madness-of-king-george,Biography
the-madness-of-king-george,Comedy
the-madness-of-king-george,Drama
the-madness-of-king-george,History
the-magdalene-sisters,Drama
the-magician-1959,Comedy
the-magician-1959,Drama
the-magnificent-ambersons,Drama
the-magnificent-ambersons,Romance
the-maid,Comedy
the-maid,Drama
the-majestic,Drama
the-majestic,Romance
the-maltese-falcon,Crime
the-maltese-falcon,Drama
the-maltese-falcon,Film-Noir
the-maltese-falcon,Mystery
the-maltese-falcon,Romance
the-man-in-the-iron-mask,Action
the-man-in-the-iron-mask,Adventure
the-man-in-the-iron-mask,Drama
the-man-nobody-knew-in-search-of-my-father-cia-spymaster-william-colby,Biography
the-man-nobody-knew-in-search-of-my-father-cia-spymaster-william-colby,Documentary
the-man-nobody-knew-in-search-of-my-father-cia-spymaster-william-colby,History
the-man-nobody-knew-in-search-of-my-father-cia-spymaster-william-colby,War
the-man-who-fell-to-earth,Drama
the-man-who-fell-to-earth,Sci-Fi
the-man-who-knew-too-much,Crime
the-man-who-knew-too-much,Drama
the-man-who-knew-too-much,Mystery
the-man-who-knew-too-much,Thriller
the-man-who-knew-too-much-1935,Crime
the-man-who-knew-too-much-1935,Drama
the-man-who-knew-too-much-1935,Mystery
the-man-who-knew-too-much-1935,Thriller
the-man-who-shot-liberty-valance,Drama
the-man-who-shot-liberty-valance,Western
the-man-who-would-be-king,Adventure
the-man-who-would-be-king,Drama
the-man-who-would-be-king,War
the-man-with-the-golden-gun,Action
the-man-with-the-golden-gun,Adventure
the-man-with-the-golden-gun,Thriller
the-man-without-a-past,Comedy
the-man-without-a-past,Drama
the-man-without-a-past,Romance
the-manchurian-candidate,Drama
the-manchurian-candidate,Mystery
the-manchurian-candidate,Sci-Fi
the-manchurian-candidate,Thriller
the-manchurian-candidate-1962,Drama
the-manchurian-candidate-1962,Thriller
the-martian,Adventure
the-martian,Drama
the-martian,Sci-Fi
the-mask,Comedy
the-mask,Crime
the-mask,Fantasy
the-mask-of-zorro,Action
the-mask-of-zorro,Adventure
the-mask-of-zorro,Comedy
the-mask-of-zorro,Drama
the-mask-of-zorro,Romance
the-mask-of-zorro,Thriller
the-mask-of-zorro,Western
the-masque-of-the-red-death,Drama
the-masque-of-the-red-death,Horror
the-master,Drama
the-master-of-disguise,Adventure
the-master-of-disguise,Comedy
the-master-of-disguise,Family
the-master-of-disguise,Fantasy
the-mastermind,Crime
the-mastermind,Drama
the-matrix,Action
the-matrix,Sci-Fi
the-matrix-reloaded,Action
the-matrix-reloaded,Sci-Fi
the-matrix-revolutions,Action
the-matrix-revolutions,Sci-Fi
the-meaning-of-hitler,Documentary
the-measure-of-a-man,Drama
the-men-who-stare-at-goats,Comedy
the-men-who-stare-at-goats,War
the-menu,Comedy
the-menu,Horror
the-menu,Thriller
the-messenger,Drama
the-messenger,Romance
the-messenger,War
the-meyerowitz-stories-new-and-selected,Comedy
the-meyerowitz-stories-new-and-selected,Drama
the-midnight-meat-train,Horror
the-midnight-meat-train,Mystery
the-midnight-meat-train,Thriller
the-mill-and-the-cross,Drama
the-mill-and-the-cross,History
the-miracle-of-morgans-creek,Comedy
the-miracle-of-morgans-creek,Romance
the-miracle-of-morgans-creek,War
the-miracle-worker,Biography
the-miracle-worker,Drama
the-misfits,Drama
the-misfits,Romance
the-misfits,Western
the-missing-picture,Documentary
the-mission-2023,Animation
the-mission-2023,Biography
the-mission-2023,Documentary
the-mist,Horror
the-mist,Sci-Fi
the-mist,Thriller
the-mitchells-vs-the-machines,Adventure
the-mitchells-vs-the-machines,Animation
the-mitchells-vs-the-machines,Comedy
the-mitchells-vs-the-machines,Family
the-mitchells-vs-the-machines,Sci-Fi
the-monk-and-the-gun,Comedy
the-monk-and-the-gun,Drama
the-mother-and-the-whore,Drama
the-mother-and-the-whore,Romance
the-mother-of-all-lies,Biography
the-mother-of-all-lies,Documentary
the-mother-of-all-lies,Drama
the-mother-of-all-lies,History
the-mothman-prophecies,Drama
the-mothman-prophecies,Horror
the-mothman-prophecies,Mystery
the-mothman-prophecies,Thriller
the-motorcycle-diaries,Adventure
the-motorcycle-diaries,Biography
the-motorcycle-diaries,Drama
the-mummy,Action
the-mummy,Adventure
the-mummy,Fantasy
the-mummy-returns,Action
the-mummy-returns,Adventure
the-mummy-returns,Fantasy
the-mummy-returns,Thriller
the-mummy-tomb-of-the-dragon-emperor,Action
the-mummy-tomb-of-the-dragon-emperor,Adventure
the-mummy-tomb-of-the-dragon-emperor,Fantasy
the-muppet-christmas-carol,Comedy
the-muppet-christmas-carol,Drama
the-muppet-christmas-carol,Family
the-muppet-christmas-carol,Fantasy
the-muppet-christmas-carol,Musical
the-muppet-movie,Adventure
the-muppet-movie,Comedy
the-muppet-movie,Family
the-muppet-movie,Musical
the-muppets,Adventure
the-muppets,Comedy
the-muppets,Family
the-muppets,Musical
the-music-of-strangers-yo-yo-ma-and-the-silk-road-ensemble,Documentary
the-music-of-strangers-yo-yo-ma-and-the-silk-road-ensemble,Music
the-mustang,Drama
the-mysterious-gaze-of-the-flamingo,Drama
the-mysterious-gaze-of-the-flamingo,History
the-mysterious-gaze-of-the-flamingo,Western
the-naked-gun,Action
the-naked-gun,Comedy
the-naked-gun,Crime
the-naked-gun-212-the-smell-of-fear,Comedy
the-naked-gun-212-the-smell-of-fear,Crime
the-naked-gun-from-the-files-of-police-squad!,Comedy
the-naked-gun-from-the-files-of-police-squad!,Crime
the-naked-kiss,Crime
the-naked-kiss,Drama
the-namesake,Drama
the-nature-of-love,Comedy
the-nature-of-love,Drama
the-nature-of-love,Romance
the-negotiator,Action
the-negotiator,Crime
the-negotiator,Drama
the-negotiator,Mystery
the-negotiator,Thriller
the-nest,Drama
the-nest,Romance
the-nest,Thriller
the-new-girlfriend,Comedy
the-new-girlfriend,Drama
the-new-girlfriend,Romance
the-new-world,Biography
the-new-world,Drama
the-new-world,History
the-new-world,Romance
the-next-three-days,Action
the-next-three-days,Crime
the-next-three-days,Drama
the-next-three-days,Romance
the-next-three-days,Thriller
the-nice-guys,Action
the-nice-guys,Comedy
the-nice-guys,Crime
the-nice-guys,Mystery
the-nice-guys,Thriller
the-night-of-the-12th,Crime
the-night-of-the-12th,Drama
the-night-of-the-12th,Mystery
the-night-of-the-12th,Thriller
the-night-of-the-hunter,Crime
the-night-of-the-hunter,Drama
the-night-of-the-hunter,Thriller
the-nightingale-2018,Adventure
the-nightingale-2018,Drama
the-nightingale-2018,Thriller
the-nightingale-2018,Western
the-nightmare-before-christmas,Adventure
the-nightmare-before-christmas,Animation
the-nightmare-before-christmas,Family
the-nightmare-before-christmas,Fantasy
the-nightmare-before-christmas,Musical
the-ninth-gate,Mystery
the-ninth-gate,Thriller
the-northman,Action
the-northman,Adventure
the-northman,Drama
the-northman,Fantasy
the-northman,History
the-northman,Thriller
the-notebook,Drama
the-notebook,Romance
the-novice,Drama
the-novice,Sport
the-odd-couple,Comedy
the-odyssey-2026,Action
the-odyssey-2026,Adventure
the-odyssey-2026,Fantasy
the-old-man-the-gun,Biography
the-old-man-the-gun,Comedy
the-old-man-the-gun,Crime
the-old-man-the-gun,Drama
the-old-man-the-gun,Romance
the-omen,Drama
the-omen,Fantasy
the-omen,Horror
the-omen,Mystery
the-omen,Thriller
the-omen-1976,Horror
the-omen-1976,Mystery
the-one,Action
the-one,Sci-Fi
the-one,Thriller
the-order-2024,Crime
the-order-2024,Drama
the-order-2024,Thriller
the-order-of-myths,Documentary
the-ornithologist,Adventure
the-ornithologist,Drama
the-ornithologist,Mystery
the-orphanage,Drama
the-orphanage,Horror
the-orphanage,Mystery
the-orphanage,Thriller
the-other-boleyn-girl,Biography
the-other-boleyn-girl,Drama
the-other-boleyn-girl,History
the-other-boleyn-girl,Romance
the-other-guys,Action
the-other-guys,Comedy
the-other-guys,Crime
the-other-guys,Thriller
the-other-side-of-hope,Comedy
the-other-side-of-hope,Drama
the-other-side-of-the-wind,Drama
the-outlaw-josey-wales,Drama
the-outlaw-josey-wales,Western
the-outpost,Action
the-outpost,Drama
the-outpost,History
the-outpost,War
the-outrun,Biography
the-outrun,Drama
the-outsiders,Crime
the-outsiders,Drama
the-outwaters,Horror
the-outwaters,Sci-Fi
the-outwaters,Thriller
the-overnighters,Documentary
the-overnighters,Drama
the-pacifier,Action
the-pacifier,Comedy
the-pacifier,Drama
the-pacifier,Family
the-painted-bird,Drama
the-painted-bird,Horror
the-painted-bird,Thriller
the-painted-bird,War
the-painted-veil,Drama
the-painted-veil,Romance
the-painter-and-the-thief,Documentary
the-parent-trap,Adventure
the-parent-trap,Comedy
the-parent-trap,Drama
the-parent-trap,Family
the-parent-trap,Romance
the-party,Comedy
the-party,Drama
the-passenger-re-release,Drama
the-passenger-re-release,Thriller
the-passion-of-joan-of-arc,Biography
the-passion-of-joan-of-arc,Drama
the-passion-of-joan-of-arc,History
the-passion-of-the-christ,Drama
the-past,Drama
the-past,Mystery
the-patriot,Action
the-patriot,Drama
the-patriot,War
the-peacemaker,Action
the-peacemaker,Crime
the-peacemaker,Drama
the-peacemaker,Thriller
the-pearl-button,Documentary
the-pelican-brief,Crime
the-pelican-brief,Drama
the-pelican-brief,Mystery
the-pelican-brief,Thriller
the-people-vs-larry-flynt,Biography
the-people-vs-larry-flynt,Drama
the-peoples-joker,Comedy
the-perfect-candidate,Comedy
the-perfect-candidate,Drama
the-perfect-neighbor,Crime
the-perfect-neighbor,Documentary
the-perfect-neighbor,Drama
the-perfect-neighbor,Thriller
the-perfect-storm,Action
the-perfect-storm,Adventure
the-perfect-storm,Drama
the-perfect-storm,Thriller
the-personal-history-of-david-copperfield,Comedy
the-personal-history-of-david-copperfield,Drama
the-perverts-guide-to-ideology,Documentary
the-phantom-of-the-opera,Drama
the-phantom-of-the-opera,Musical
the-phantom-of-the-opera,Romance
the-phantom-of-the-opera,Thriller
the-philadelphia-story,Comedy
the-philadelphia-story,Romance
the-pianist,Biography
the-pianist,Drama
the-pianist,Music
the-pianist,War
the-piano,Drama
the-piano,Music
the-piano,Romance
the-piano-teacher,Drama
the-piano-teacher,Music
the-piano-teacher,Romance
the-pigeon-tunnel,Biography
the-pigeon-tunnel,Documentary
the-pink-panther,Adventure
the-pink-panther,Comedy
the-pink-panther,Crime
the-pink-panther,Mystery
the-pink-panther-2,Action
the-pink-panther-2,Adventure
the-pink-panther-2,Comedy
the-pink-panther-2,Crime
the-pink-panther-2,Mystery
the-pirates!-band-of-misfits,Action
the-pirates!-band-of-misfits,Adventure
the-pirates!-band-of-misfits,Animation
the-pirates!-band-of-misfits,Comedy
the-pirates!-band-of-misfits,Family
the-pirates!-band-of-misfits,Fantasy
the-pirates!-band-of-misfits,History
the-plague,Drama
the-plague,Thriller
the-platform,Horror
the-platform,Mystery
the-platform,Sci-Fi
the-platform,Thriller
the-player,Comedy
the-player,Crime
the-player,Drama
the-player,Thriller
the-pledge,Crime
the-pledge,Drama
the-pledge,Mystery
the-pledge,Thriller
the-post,Biography
the-post,Drama
the-post,History
the-post,Thriller
the-post,War
the-postman-always-rings-twice-1969,Crime
the-postman-always-rings-twice-1969,Drama
the-postman-always-rings-twice-1969,Film-Noir
the-postman-always-rings-twice-1969,Mystery
the-postman-always-rings-twice-1969,Romance
the-postman-always-rings-twice-1969,Thriller
the-power-of-the-dog,Drama
the-power-of-the-dog,Western
the-powerpuff-girls,Action
the-powerpuff-girls,Adventure
the-powerpuff-girls,Animation
the-powerpuff-girls,Comedy
the-powerpuff-girls,Family
the-powerpuff-girls,Sci-Fi
the-presidents-cake,Drama
the-prestige,Drama
the-prestige,Mystery
the-prestige,Sci-Fi
the-prestige,Thriller
the-prince-of-egypt,Adventure
the-prince-of-egypt,Animation
the-prince-of-egypt,Drama
the-prince-of-egypt,Family
the-prince-of-egypt,Fantasy
the-prince-of-egypt,Musical
the-princess-and-the-frog,Adventure
the-princess-and-the-frog,Animation
the-princess-and-the-frog,Comedy
the-princess-and-the-frog,Family
the-princess-and-the-frog,Fantasy
the-princess-and-the-frog,Musical
the-princess-and-the-frog,Romance
the-princess-bride,Adventure
the-princess-bride,Comedy
the-princess-bride,Family
the-princess-bride,Fantasy
the-princess-bride,Romance
the-princess-diaries,Comedy
the-princess-diaries,Family
the-princess-diaries,Romance
the-princess-of-montpensier,Action
the-princess-of-montpensier,Drama
the-princess-of-montpensier,History
the-princess-of-montpensier,Romance
the-princess-of-montpensier,War
the-producers-1968,Comedy
the-producers-1968,Music
the-professional,Action
the-professional,Crime
the-professional,Drama
the-professional,Thriller
the-promised-land,Action
the-promised-land,Drama
the-promised-land,History
the-proposal,Comedy
the-proposal,Drama
the-proposal,Romance
the-proposal-2019,Documentary
the-proposition,Crime
the-proposition,Drama
the-proposition,Western
the-pruitt-igoe-myth,Documentary
the-public-enemy,Crime
the-public-enemy,Drama
the-punisher,Action
the-punisher,Crime
the-punisher,Drama
the-punisher,Thriller
the-punk-singer,Biography
the-punk-singer,Documentary
the-punk-singer,Music
the-purple-rose-of-cairo,Comedy
the-purple-rose-of-cairo,Fantasy
the-purple-rose-of-cairo,Romance
the-queen,Biography
the-queen,Drama
the-queen-of-versailles,Documentary
the-quick-and-the-dead,Action
the-quick-and-the-dead,Drama
the-quick-and-the-dead,Romance
the-quick-and-the-dead,Thriller
the-quick-and-the-dead,Western
the-quiet-american,Drama
the-quiet-american,Romance
the-quiet-american,Thriller
the-quiet-american,War
the-quiet-girl,Drama
the-quiet-man,Comedy
the-quiet-man,Drama
the-quiet-man,Romance
the-rabbis-cat,Adventure
the-rabbis-cat,Animation
the-rabbis-cat,Comedy
the-rabbis-cat,Fantasy
the-raid-2,Action
the-raid-2,Crime
the-raid-2,Thriller
the-raid-redemption,Action
the-raid-redemption,Crime
the-raid-redemption,Thriller
the-rainmaker,Crime
the-rainmaker,Drama
the-rainmaker,Thriller
the-rape-of-europa,Documentary
the-rape-of-europa,History
the-rape-of-europa,War
the-rape-of-recy-taylor,Documentary
the-rape-of-recy-taylor,Drama
the-rape-of-recy-taylor,History
the-reader,Drama
the-reader,Mystery
the-reader,Romance
the-real-dirt-on-farmer-john,Documentary
the-reason-i-jump,Documentary
the-reason-i-jump,Drama
the-recruit,Action
the-recruit,Thriller
the-red-turtle,Animation
the-red-turtle,Drama
the-red-turtle,Family
the-red-turtle,Fantasy
the-red-turtle,Romance
the-remains-of-the-day,Drama
the-remains-of-the-day,Romance
the-remarkable-life-of-ibelin,Animation
the-remarkable-life-of-ibelin,Biography
the-remarkable-life-of-ibelin,Documentary
the-rescue-2021,Action
the-rescue-2021,Documentary
the-rescue-2021,Mystery
the-rescue-2021,Thriller
the-rescuers-1977,Adventure
the-rescuers-1977,Animation
the-rescuers-1977,Comedy
the-rescuers-1977,Family
the-rescuers-1977,Fantasy
the-retrieval,Adventure
the-retrieval,Drama
the-retrieval,Western
the-return-2004,Drama
the-revenant-2015,Action
the-revenant-2015,Drama
the-revenant-2015,Western
the-rider,Drama
the-rider,Western
the-right-stuff,Adventure
the-right-stuff,Biography
the-right-stuff,Drama
the-right-stuff,History
the-rite,Drama
the-rite,Horror
the-rite,Mystery
the-rite,Thriller
the-rivals-of-amziah-king,Crime
the-rivals-of-amziah-king,Drama
the-rivals-of-amziah-king,Thriller
the-road-2012,Crime
the-road-2012,Drama
the-road-2012,Horror
the-road-2012,Mystery
the-road-2012,Thriller
the-road-to-el-dorado,Adventure
the-road-to-el-dorado,Animation
the-road-to-el-dorado,Comedy
the-road-to-el-dorado,Family
the-road-to-el-dorado,Fantasy
the-road-to-el-dorado,Musical
the-road-warrior,Action
the-road-warrior,Adventure
the-road-warrior,Sci-Fi
the-road-warrior,Thriller
the-roaring-twenties,Crime
the-roaring-twenties,Drama
the-roaring-twenties,Thriller
the-rock,Action
the-rock,Adventure
the-rock,Thriller
the-rocket,Drama
the-rocky-horror-picture-show,Comedy
the-rocky-horror-picture-show,Horror
the-rocky-horror-picture-show,Musical
the-room,Drama
the-room-next-door,Drama
the-roommate,Drama
the-roommate,Horror
the-roommate,Thriller
the-royal-hotel,Drama
the-royal-hotel,Thriller
the-rules-of-the-game,Comedy
the-rules-of-the-game,Drama
the-rundown,Action
the-rundown,Adventure
the-rundown,Comedy
the-rundown,Thriller
the-running-man,Action
the-running-man,Sci-Fi
the-running-man,Thriller
the-russian-woodpecker,Documentary
the-russian-woodpecker,War
the-sacrifice,Drama
the-saddest-music-in-the-world,Comedy
the-saddest-music-in-the-world,Musical
the-saint,Action
the-saint,Adventure
the-saint,Romance
the-saint,Sci-Fi
the-saint,Thriller
the-salesman,Drama
the-salesman,Thriller
the-salt-of-the-earth,Biography
the-salt-of-the-earth,Documentary
the-salt-of-the-earth,History
the-samurai-and-the-prisoner,Drama
the-samurai-and-the-prisoner,History
the-samurai-and-the-prisoner,Mystery
the-samurai-and-the-prisoner,Thriller
the-samurai-and-the-prisoner,War
the-santa-clause,Comedy
the-santa-clause,Drama
the-santa-clause,Family
the-santa-clause,Fantasy
the-santa-clause-2,Comedy
the-santa-clause-2,Family
the-santa-clause-2,Fantasy
the-santa-clause-3-the-escape-clause,Adventure
the-santa-clause-3-the-escape-clause,Comedy
the-santa-clause-3-the-escape-clause,Family
the-santa-clause-3-the-escape-clause,Fantasy
the-savages,Comedy
the-savages,Drama
the-scent-of-green-papaya,Drama
the-scent-of-green-papaya,Music
the-scent-of-green-papaya,Romance
the-score,Crime
the-score,Drama
the-score,Thriller
the-scorpion-king,Action
the-scorpion-king,Adventure
the-scorpion-king,Fantasy
the-sea-beast,Action
the-sea-beast,Adventure
the-sea-beast,Animation
the-sea-beast,Comedy
the-sea-beast,Family
the-sea-beast,Fantasy
the-sea-beast,Thriller
the-searchers,Adventure
the-searchers,Western
the-second-mother,Comedy
the-second-mother,Drama
the-secret-agent-2025,Crime
the-secret-agent-2025,Drama
the-secret-agent-2025,Mystery
the-secret-agent-2025,Thriller
the-secret-in-their-eyes,Drama
the-secret-in-their-eyes,Mystery
the-secret-in-their-eyes,Romance
the-secret-in-their-eyes,Thriller
the-secret-of-kells,Adventure
the-secret-of-kells,Animation
the-secret-of-kells,Family
the-secret-of-kells,Fantasy
the-secret-of-the-grain,Drama
the-secret-world-of-arrietty,Adventure
the-secret-world-of-arrietty,Animation
the-secret-world-of-arrietty,Drama
the-secret-world-of-arrietty,Family
the-secret-world-of-arrietty,Fantasy
the-seed-of-the-sacred-fig,Crime
the-seed-of-the-sacred-fig,Drama
the-seed-of-the-sacred-fig,Thriller
the-selfish-giant,Drama
the-servant,Drama
the-sessions,Biography
the-sessions,Comedy
the-sessions,Drama
the-sessions,Romance
the-settlers-2023,Crime
the-settlers-2023,Drama
the-settlers-2023,History
the-seventh-seal,Drama
the-seventh-seal,Fantasy
the-shadowless-tower,Drama
the-shape-of-water,Drama
the-shape-of-water,Fantasy
the-shape-of-water,Romance
the-shape-of-water,Sci-Fi
the-shawshank-redemption,Drama
the-sheep-detectives,Comedy
the-sheep-detectives,Family
the-sheep-detectives,Mystery
the-shootist,Drama
the-shootist,Romance
the-shootist,Western
the-shop-around-the-corner,Comedy
the-shop-around-the-corner,Drama
the-shop-around-the-corner,Romance
the-shrouds,Drama
the-shrouds,Horror
the-shrouds,Sci-Fi
the-shrouds,Thriller
the-silence,Crime
the-silence,Drama
the-silence,Thriller
the-silence-of-the-lambs,Crime
the-silence-of-the-lambs,Drama
the-silence-of-the-lambs,Horror
the-silence-of-the-lambs,Thriller
the-simpsons-movie,Adventure
the-simpsons-movie,Animation
the-simpsons-movie,Comedy
the-sisters-brothers,Drama
the-sisters-brothers,Western
the-sitter,Comedy
the-sixth-sense,Drama
the-sixth-sense,Mystery
the-sixth-sense,Thriller
the-skeleton-key,Drama
the-skeleton-key,Horror
the-skeleton-key,Mystery
the-skeleton-key,Thriller
the-skeleton-twins,Comedy
the-skeleton-twins,Drama
the-skeleton-twins,Romance
the-skin-i-live-in,Drama
the-skin-i-live-in,Mystery
the-skin-i-live-in,Thriller
the-smurfs,Adventure
the-smurfs,Animation
the-smurfs,Comedy
the-smurfs,Family
the-smurfs,Fantasy
the-social-dilemma,Documentary
the-social-dilemma,Drama
the-social-network,Biography
the-social-network,Drama
the-son,Drama
the-son,Mystery
the-sorcerers-apprentice,Action
the-sorcerers-apprentice,Adventure
the-sorcerers-apprentice,Family
the-sorcerers-apprentice,Fantasy
the-souvenir,Drama
the-souvenir,Romance
the-souvenir-part-ii,Drama
the-souvenir-part-ii,Romance
the-sparks-brothers,Biography
the-sparks-brothers,Comedy
the-sparks-brothers,Documentary
the-sparks-brothers,History
the-sparks-brothers,Music
the-spectacular-now,Drama
the-spectacular-now,Romance
the-spiderwick-chronicles,Action
the-spiderwick-chronicles,Adventure
the-spiderwick-chronicles,Drama
the-spiderwick-chronicles,Family
the-spiderwick-chronicles,Fantasy
the-spiderwick-chronicles,Thriller
the-spirit,Action
the-spirit,Crime
the-spirit,Fantasy
the-spirit,Thriller
the-spongebob-squarepants-movie,Adventure
the-spongebob-squarepants-movie,Animation
the-spongebob-squarepants-movie,Comedy
the-spongebob-squarepants-movie,Family
the-spongebob-squarepants-movie,Fantasy
the-spy-next-door,Action
the-spy-next-door,Comedy
the-spy-next-door,Family
the-square,Crime
the-square,Drama
the-square,Thriller
the-square-2013,Documentary
the-square-2013,Drama
the-square-2013,History
the-square-2013,News
the-square-2017,Comedy
the-square-2017,Drama
the-squid-and-the-whale,Comedy
the-squid-and-the-whale,Drama
the-starling-girl,Drama
the-starling-girl,Romance
the-station-agent,Comedy
the-station-agent,Drama
the-stepford-wives,Comedy
the-stepford-wives,Horror
the-stepford-wives,Sci-Fi
the-stepford-wives,Thriller
the-sting,Comedy
the-sting,Crime
the-sting,Drama
the-stone-roses-made-of-stone,Documentary
the-stone-roses-made-of-stone,Music
the-story-of-the-weeping-camel,Documentary
the-story-of-the-weeping-camel,Drama
the-story-of-the-weeping-camel,Family
the-story-of-the-weeping-camel,Music
the-straight-story,Biography
the-straight-story,Drama
the-strange-case-of-angelica,Drama
the-strange-case-of-angelica,Fantasy
the-strange-little-cat,Comedy
the-strange-little-cat,Drama
the-stranger-2022,Crime
the-stranger-2022,Drama
the-stranger-2022,Thriller
the-stranger-2025,Crime
the-stranger-2025,Drama
the-strangers,Horror
the-strangers,Mystery
the-strangers,Thriller
the-stroll,Documentary
the-student-2016,Drama
the-substance,Drama
the-substance,Horror
the-substance,Sci-Fi
the-suicide-squad,Action
the-suicide-squad,Adventure
the-suicide-squad,Comedy
the-suicide-squad,Sci-Fi
the-sum-of-all-fears,Action
the-sum-of-all-fears,Drama
the-sum-of-all-fears,Thriller
the-sum-of-all-fears,War
the-summit-of-the-gods,Adventure
the-summit-of-the-gods,Animation
the-summit-of-the-gods,Drama
the-summit-of-the-gods,Mystery
the-summit-of-the-gods,Sport
the-sure-thing,Comedy
the-sure-thing,Drama
the-sure-thing,Romance
the-survivalist,Drama
the-survivalist,Sci-Fi
the-survivalist,Thriller
the-survivor,Biography
the-survivor,Drama
the-survivor,History
the-survivor,Sport
the-survivor,War
the-sweet-hereafter,Drama
the-switch,Comedy
the-switch,Drama
the-switch,Romance
the-sword-in-the-stone,Adventure
the-sword-in-the-stone,Animation
the-sword-in-the-stone,Comedy
the-sword-in-the-stone,Family
the-sword-in-the-stone,Fantasy
the-sword-in-the-stone,Musical
the-tale,Biography
the-tale,Drama
the-tale,Mystery
the-tale,Thriller
the-tale-of-silyan,Documentary
the-tale-of-the-princess-kaguya,Animation
the-tale-of-the-princess-kaguya,Drama
the-tale-of-the-princess-kaguya,Family
the-tale-of-the-princess-kaguya,Fantasy
the-tale-of-the-princess-kaguya,Romance
the-talented-mr-ripley,Crime
the-talented-mr-ripley,Drama
the-talented-mr-ripley,Thriller
the-taste-of-others,Comedy
the-taste-of-others,Drama
the-taste-of-others,Romance
the-taste-of-things,Drama
the-taste-of-things,History
the-taste-of-things,Romance
the-teacher,Comedy
the-teacher,Drama
the-teachers-lounge,Drama
the-teachers-lounge,Thriller
the-terminal,Comedy
the-terminal,Drama
the-terminal,Romance
the-terminator,Action
the-terminator,Adventure
the-terminator,Sci-Fi
the-territory,Documentary
the-testament-of-ann-lee,Biography
the-testament-of-ann-lee,Drama
the-testament-of-ann-lee,History
the-testament-of-ann-lee,Musical
the-texas-chain-saw-massacre,Horror
the-texas-chainsaw-massacre,Horror
the-texas-chainsaw-massacre-2,Comedy
the-texas-chainsaw-massacre-2,Horror
the-texas-chainsaw-massacre-the-beginning,Horror
the-theory-of-everything,Biography
the-theory-of-everything,Drama
the-theory-of-everything,Romance
the-thin-blue-line,Crime
the-thin-blue-line,Documentary
the-thin-man,Comedy
the-thin-man,Crime
the-thin-man,Mystery
the-thin-man,Romance
the-thin-red-line,Drama
the-thin-red-line,History
the-thin-red-line,War
the-thing,Horror
the-thing,Mystery
the-thing,Sci-Fi
the-thing-1982,Horror
the-thing-1982,Mystery
the-thing-1982,Sci-Fi
the-things-you-kill,Drama
the-things-you-kill,Thriller
the-third-man,Drama
the-third-man,Film-Noir
the-third-man,Mystery
the-third-man,Thriller
the-third-wife,Drama
the-thirteenth-floor,Mystery
the-thirteenth-floor,Sci-Fi
the-thirteenth-floor,Thriller
the-thomas-crown-affair,Crime
the-thomas-crown-affair,Romance
the-thomas-crown-affair,Thriller
the-three-burials-of-melquiades-estrada,Adventure
the-three-burials-of-melquiades-estrada,Crime
the-three-burials-of-melquiades-estrada,Drama
the-three-burials-of-melquiades-estrada,Mystery
the-three-burials-of-melquiades-estrada,Western
the-three-musketeers,Action
the-three-musketeers,Adventure
the-three-musketeers,Fantasy
the-three-musketeers,Romance
the-three-musketeers,Thriller
the-three-musketeers---part-2-milady,Action
the-three-musketeers---part-2-milady,Adventure
the-three-musketeers---part-2-milady,Drama
the-three-musketeers---part-2-milady,History
the-three-musketeers---part-i-dartagnan,Action
the-three-musketeers---part-i-dartagnan,Adventure
the-three-musketeers---part-i-dartagnan,History
the-three-musketeers-1974,Action
the-three-musketeers-1974,Adventure
the-three-musketeers-1974,Romance
the-tillman-story,Biography
the-tillman-story,Documentary
the-tillman-story,Mystery
the-tillman-story,War
the-time-machine,Action
the-time-machine,Adventure
the-time-machine,Sci-Fi
the-time-that-remains,Drama
the-time-that-remains,History
the-time-travelers-wife,Drama
the-time-travelers-wife,Fantasy
the-time-travelers-wife,Romance
the-time-travelers-wife,Sci-Fi
the-tourist,Action
the-tourist,Crime
the-tourist,Thriller
the-town,Crime
the-town,Drama
the-town,Thriller
the-tragedy-of-macbeth,Drama
the-tragedy-of-macbeth,Mystery
the-tragedy-of-macbeth,Thriller
the-train,Action
the-train,Thriller
the-train,War
the-transporter,Action
the-transporter,Crime
the-transporter,Thriller
the-treasure,Comedy
the-treasure-of-the-sierra-madre,Adventure
the-treasure-of-the-sierra-madre,Drama
the-treasure-of-the-sierra-madre,Western
the-tree-of-life,Drama
the-tree-of-life,Fantasy
the-trial-of-the-chicago-7,Drama
the-trial-of-the-chicago-7,History
the-trial-of-the-chicago-7,Thriller
the-tribe,Crime
the-tribe,Drama
the-trip-2011,Comedy
the-trip-to-italy,Comedy
the-trip-to-italy,Drama
the-triplets-of-belleville,Adventure
the-triplets-of-belleville,Animation
the-triplets-of-belleville,Comedy
the-triplets-of-belleville,Drama
the-triplets-of-belleville,Music
the-triplets-of-belleville,Sport
the-truffle-hunters,Documentary
the-truman-show,Comedy
the-truman-show,Drama
the-truth,Comedy
the-truth,Drama
the-turin-horse,Drama
the-tuxedo,Action
the-tuxedo,Comedy
the-tuxedo,Sci-Fi
the-twilight-saga-breaking-dawn---part-1,Adventure
the-twilight-saga-breaking-dawn---part-1,Drama
the-twilight-saga-breaking-dawn---part-1,Fantasy
the-twilight-saga-breaking-dawn---part-1,Romance
the-twilight-saga-breaking-dawn---part-1,Thriller
the-twilight-saga-eclipse,Action
the-twilight-saga-eclipse,Adventure
the-twilight-saga-eclipse,Drama
the-twilight-saga-eclipse,Fantasy
the-twilight-saga-eclipse,Mystery
the-twilight-saga-eclipse,Romance
the-twilight-saga-eclipse,Thriller
the-twilight-saga-new-moon,Adventure
the-twilight-saga-new-moon,Drama
the-twilight-saga-new-moon,Fantasy
the-twilight-saga-new-moon,Romance
the-twilight-samurai,Drama
the-twilight-samurai,Romance
the-two-popes,Biography
the-two-popes,Drama
the-ugly-truth,Comedy
the-ugly-truth,Romance
the-umbrellas-of-cherbourg,Drama
the-umbrellas-of-cherbourg,Musical
the-umbrellas-of-cherbourg,Romance
the-unknown-country,Adventure
the-unknown-country,Drama
the-unknown-country,Mystery
the-unknown-country,Romance
the-untamed,Drama
the-untamed,Horror
the-untamed,Mystery
the-untamed,Romance
the-untamed,Sci-Fi
the-untamed,Thriller
the-untouchables,Crime
the-untouchables,Drama
the-untouchables,Thriller
the-usual-suspects,Crime
the-usual-suspects,Drama
the-usual-suspects,Mystery
the-usual-suspects,Thriller
the-vast-of-night,Drama
the-vast-of-night,Mystery
the-vast-of-night,Sci-Fi
the-vast-of-night,Thriller
the-velvet-queen,Documentary
the-velvet-underground,Documentary
the-velvet-underground,Music
the-verdict,Drama
the-village,Drama
the-village,Mystery
the-village,Thriller
the-virgin-suicides,Drama
the-virgin-suicides,Romance
the-visitor,Drama
the-voice-of-hind-rajab,Biography
the-voice-of-hind-rajab,Drama
the-voice-of-hind-rajab,War
the-wages-of-fear-1953,Adventure
the-wages-of-fear-1953,Drama
the-wages-of-fear-1953,Thriller
the-wailing,Drama
the-wailing,Horror
the-waiting-room,Documentary
the-walk,Adventure
the-walk,Biography
the-walk,Drama
the-war-of-the-roses,Comedy
the-war-of-the-roses,Romance
the-war-of-the-worlds,Action
the-war-of-the-worlds,Sci-Fi
the-war-of-the-worlds,Thriller
the-war-room,Documentary
the-war-room,History
the-war-tapes,Documentary
the-war-tapes,War
the-ward,Horror
the-ward,Mystery
the-ward,Thriller
the-warriors,Action
the-warriors,Crime
the-warriors,Thriller
the-way-back,Adventure
the-way-back,Drama
the-way-back,History
the-way-he-looks,Drama
the-way-he-looks,Romance
the-weather-man,Comedy
the-weather-man,Drama
the-wedding-banquet-1993,Comedy
the-wedding-banquet-1993,Drama
the-wedding-banquet-1993,Romance
the-wedding-plan,Comedy
the-wedding-plan,Romance
the-wedding-singer,Comedy
the-wedding-singer,Music
the-wedding-singer,Romance
the-whistlers,Comedy
the-whistlers,Crime
the-whistlers,Drama
the-whistlers,Thriller
the-white-diamond,Documentary
the-white-ribbon,Drama
the-white-ribbon,Mystery
the-white-ribbon,Thriller
the-white-tiger,Crime
the-white-tiger,Drama
the-wicker-man,Horror
the-wicker-man,Mystery
the-wicker-man,Thriller
the-wicker-man-1974,Horror
the-wicker-man-1974,Mystery
the-wicker-man-1974,Thriller
the-wife,Drama
the-wild,Adventure
the-wild,Animation
the-wild,Comedy
the-wild,Family
the-wild-bunch,Action
the-wild-bunch,Adventure
the-wild-bunch,Drama
the-wild-bunch,Western
the-wild-child,Biography
the-wild-child,Drama
the-wild-child,History
the-wild-goose-lake,Crime
the-wild-goose-lake,Drama
the-wild-parrots-of-telegraph-hill,Documentary
the-wild-pear-tree,Drama
the-wild-robot,Adventure
the-wild-robot,Animation
the-wild-robot,Family
the-wild-robot,Sci-Fi
the-wind-rises,Animation
the-wind-rises,Biography
the-wind-rises,Drama
the-wind-rises,History
the-wind-rises,Romance
the-wind-rises,War
the-wind-that-shakes-the-barley,Drama
the-wind-that-shakes-the-barley,War
the-wind-will-carry-us,Drama
the-winslow-boy,Drama
the-winslow-boy,Romance
the-witch,Drama
the-witch,Fantasy
the-witch,Horror
the-witch,Mystery
the-witch,Thriller
the-witches-1990,Adventure
the-witches-1990,Comedy
the-witches-1990,Family
the-witches-1990,Fantasy
the-witches-1990,Horror
the-witches-1990,Mystery
the-witches-of-eastwick,Comedy
the-witches-of-eastwick,Fantasy
the-witches-of-eastwick,Horror
the-witness,Biography
the-witness,Crime
the-witness,Documentary
the-witness,Mystery
the-wizard-of-oz-re-release,Adventure
the-wizard-of-oz-re-release,Family
the-wizard-of-oz-re-release,Fantasy
the-wizard-of-oz-re-release,Musical
the-wolf-house,Animation
the-wolf-house,Drama
the-wolf-house,Fantasy
the-wolf-house,Horror
the-wolf-of-wall-street,Biography
the-wolf-of-wall-street,Comedy
the-wolf-of-wall-street,Crime
the-wolf-of-wall-street,Drama
the-wolfman,Drama
the-wolfman,Fantasy
the-wolfman,Horror
the-wolfman,Thriller
the-wolfpack,Biography
the-wolfpack,Documentary
the-woman-king,Action
the-woman-king,Drama
the-woman-king,History
the-woman-who-left,Drama
the-woman-who-ran,Drama
the-womens-balcony,Comedy
the-womens-balcony,Drama
the-wonder,Drama
the-wonder,Mystery
the-wonder,Thriller
the-wonderful-story-of-henry-sugar,Adventure
the-wonderful-story-of-henry-sugar,Comedy
the-wonderful-story-of-henry-sugar,Drama
the-wonderful-story-of-henry-sugar,Unknown
the-wonders,Drama
the-woodmans,Biography
the-woodmans,Documentary
the-work,Documentary
the-workshop,Drama
the-workshop,Mystery
the-workshop,Thriller
the-world-is-not-enough,Action
the-world-is-not-enough,Adventure
the-world-is-not-enough,Thriller
the-world-is-yours,Comedy
the-world-is-yours,Crime
the-world-to-come,Drama
the-world-to-come,History
the-world-to-come,Romance
the-world-to-come,Western
the-worlds-end,Action
the-worlds-end,Comedy
the-worlds-end,Sci-Fi
the-worlds-fastest-indian,Biography
the-worlds-fastest-indian,Drama
the-worlds-fastest-indian,Sport
the-worst-person-in-the-world,Comedy
the-worst-person-in-the-world,Drama
the-worst-person-in-the-world,Romance
the-wound,Drama
the-wound,Romance
the-wrestler,Drama
the-wrestler,Sport
the-wrong-man,Drama
the-wrong-man,Film-Noir
the-x-files,Adventure
the-x-files,Drama
the-x-files,Mystery
the-x-files,Sci-Fi
the-x-files,Thriller
the-x-files-i-want-to-believe,Adventure
the-x-files-i-want-to-believe,Crime
the-x-files-i-want-to-believe,Drama
the-x-files-i-want-to-believe,Horror
the-x-files-i-want-to-believe,Mystery
the-x-files-i-want-to-believe,Sci-Fi
the-x-files-i-want-to-believe,Thriller
the-yellow-sea,Action
the-yellow-sea,Crime
the-yellow-sea,Drama
the-yellow-sea,Thriller
the-young-victoria,Biography
the-young-victoria,Drama
the-young-victoria,History
the-young-victoria,Romance
the-zen-of-bennett,Documentary
the-zone-of-interest,Drama
the-zone-of-interest,History
the-zone-of-interest,War
theater-camp,Comedy
theater-of-blood,Comedy
theater-of-blood,Drama
theater-of-blood,Horror
theeb,Adventure
theeb,Drama
theeb,Thriller
their-finest,Comedy
their-finest,Drama
their-finest,Romance
their-finest,War
thelma,Drama
thelma,Fantasy
thelma,Horror
thelma,Mystery
thelma,Romance
thelma,Thriller
thelma-2024,Action
thelma-2024,Comedy
thelma-louise,Adventure
thelma-louise,Crime
thelma-louise,Drama
there-is-no-evil,Drama
there-will-be-blood,Drama
theres-something-about-mary,Comedy
theres-something-about-mary,Romance
these-birds-walk,Documentary
these-birds-walk,Drama
these-birds-walk,News
they-cloned-tyrone,Comedy
they-cloned-tyrone,Mystery
they-cloned-tyrone,Sci-Fi
they-cloned-tyrone,Thriller
they-live,Action
they-live,Horror
they-live,Sci-Fi
they-live,Thriller
they-live-by-night,Crime
they-live-by-night,Drama
they-live-by-night,Film-Noir
they-live-by-night,Romance
they-shall-not-grow-old,Documentary
they-shall-not-grow-old,History
they-shall-not-grow-old,War
they-shot-the-piano-player,Animation
they-shot-the-piano-player,Documentary
they-shot-the-piano-player,Drama
they-shot-the-piano-player,History
they-shot-the-piano-player,Music
theyll-love-me-when-im-dead,Biography
theyll-love-me-when-im-dead,Documentary
thief,Action
thief,Crime
thief,Drama
thief,Thriller
things-to-come,Drama
thirst,Drama
thirst,Fantasy
thirst,Horror
thirst,Romance
thirst-street,Comedy
thirst-street,Drama
thirst-street,Romance
thirteen,Drama
thirteen-ghosts,Fantasy
thirteen-ghosts,Horror
this-is-england,Crime
this-is-england,Drama
this-is-it,Documentary
this-is-it,Music
this-is-martin-bonner,Drama
this-is-not-a-burial-its-a-resurrection,Drama
this-is-not-a-film,Documentary
this-is-spinal-tap,Comedy
this-is-spinal-tap,Music
this-much-i-know-to-be-true,Documentary
this-much-i-know-to-be-true,Music
thor,Action
thor,Fantasy
thor-ragnarok,Action
thor-ragnarok,Adventure
thor-ragnarok,Comedy
thor-ragnarok,Fantasy
thor-ragnarok,Sci-Fi
thoroughbreds,Comedy
thoroughbreds,Crime
thoroughbreds,Drama
thoroughbreds,Thriller
three-2016,Action
three-2016,Crime
three-2016,Thriller
three-billboards-outside-ebbing-missouri,Comedy
three-billboards-outside-ebbing-missouri,Crime
three-billboards-outside-ebbing-missouri,Drama
three-colors-blue,Drama
three-colors-blue,Music
three-colors-blue,Mystery
three-colors-blue,Romance
three-colors-red,Drama
three-colors-red,Mystery
three-colors-red,Romance
three-colors-white,Comedy
three-colors-white,Drama
three-colors-white,Romance
three-identical-strangers,Biography
three-identical-strangers,Documentary
three-identical-strangers,Drama
three-identical-strangers,History
three-identical-strangers,Mystery
three-kings,Action
three-kings,Adventure
three-kings,Comedy
three-kings,Drama
three-kings,War
three-minutes-a-lengthening,Documentary
three-minutes-a-lengthening,History
three-minutes-a-lengthening,War
three-times,Drama
three-times,Romance
through-a-glass-darkly,Drama
thunder-road,Comedy
thunder-road,Drama
thunderball,Action
thunderball,Adventure
thunderball,Thriller
thx-1138,Drama
thx-1138,Sci-Fi
thx-1138,Thriller
tick-tickboom!,Biography
tick-tickboom!,Comedy
tick-tickboom!,Drama
tick-tickboom!,Musical
tickled,Crime
tickled,Documentary
tickled,Mystery
tigers-are-not-afraid,Crime
tigers-are-not-afraid,Drama
tigers-are-not-afraid,Fantasy
tigers-are-not-afraid,Horror
tigers-are-not-afraid,Mystery
tigers-are-not-afraid,Thriller
till,Biography
till,Crime
till,Drama
till,History
timbuktu,Drama
timbuktu,War
time-2020,Biography
time-2020,Documentary
time-and-water,Documentary
time-and-water,Family
time-bandits,Adventure
time-bandits,Comedy
time-bandits,Fantasy
time-bandits,Sci-Fi
time-out,Drama
time-out-of-mind,Drama
timecop,Action
timecop,Crime
timecop,Sci-Fi
timecop,Thriller
timecrimes,Horror
timecrimes,Mystery
timecrimes,Sci-Fi
timecrimes,Thriller
timestalker,Comedy
timestalker,Drama
timestalker,Fantasy
timestalker,Romance
timestalker,Sci-Fi
tims-vermeer,Documentary
tims-vermeer,History
tina,Biography
tina,Documentary
tina,Music
tinker-tailor-soldier-spy,Drama
tinker-tailor-soldier-spy,Mystery
tinker-tailor-soldier-spy,Thriller
tiny-furniture,Comedy
tiny-furniture,Drama
tiny-furniture,Romance
titane,Drama
titane,Horror
titane,Sci-Fi
titane,Thriller
titanic,Drama
titanic,Romance
tito-and-the-birds,Action
tito-and-the-birds,Animation
tito-and-the-birds,Drama
tito-and-the-birds,Family
tito-and-the-birds,Fantasy
tito-and-the-birds,Sci-Fi
to-a-land-unknown,Crime
to-a-land-unknown,Drama
to-a-land-unknown,Thriller
to-be-and-to-have,Documentary
to-be-and-to-have,Family
to-be-or-not-to-be,Comedy
to-be-or-not-to-be,Romance
to-be-or-not-to-be,War
to-catch-a-thief,Drama
to-catch-a-thief,Mystery
to-catch-a-thief,Romance
to-catch-a-thief,Thriller
to-die-for,Comedy
to-die-for,Crime
to-die-for,Drama
to-die-for,Thriller
to-have-and-have-not,Adventure
to-have-and-have-not,Comedy
to-have-and-have-not,Drama
to-have-and-have-not,Film-Noir
to-have-and-have-not,Romance
to-have-and-have-not,Thriller
to-have-and-have-not,War
to-kill-a-mockingbird,Crime
to-kill-a-mockingbird,Drama
to-leslie,Drama
to-live-and-die-in-la,Action
to-live-and-die-in-la,Crime
to-live-and-die-in-la,Drama
to-live-and-die-in-la,Thriller
to-the-ends-of-the-earth,Drama
to-the-sea,Documentary
to-the-sea,Drama
together-2001,Comedy
together-2001,Drama
together-2001,Romance
together-2025,Horror
together-2025,Romance
tokyo-godfathers,Adventure
tokyo-godfathers,Animation
tokyo-godfathers,Comedy
tokyo-godfathers,Drama
tokyo-sonata,Drama
tokyo-story,Drama
tom-jones,Adventure
tom-jones,Comedy
tom-jones,History
tom-jones,Romance
tomboy,Drama
tombstone,Biography
tombstone,Drama
tombstone,History
tombstone,Western
tomorrow-never-dies,Action
tomorrow-never-dies,Adventure
tomorrow-never-dies,Thriller
toni-erdmann,Comedy
toni-erdmann,Drama
toni-morrison-the-pieces-i-am,Documentary
tony,Biography
tony,Comedy
tony,Drama
tony-hawk-until-the-wheels-fall-off,Biography
tony-hawk-until-the-wheels-fall-off,Documentary
tony-hawk-until-the-wheels-fall-off,Sport
too-late-to-die-young,Drama
tooth-fairy,Comedy
tooth-fairy,Family
tooth-fairy,Fantasy
tooth-fairy,Sport
tootsie,Comedy
tootsie,Drama
tootsie,Romance
top-five,Comedy
top-five,Romance
top-gun,Action
top-gun,Drama
top-gun-maverick,Action
top-gun-maverick,Drama
top-hat,Comedy
top-hat,Musical
top-hat,Romance
top-secret!,Comedy
top-secret!,Crime
top-secret!,Music
topsy-turvy,Biography
topsy-turvy,Comedy
topsy-turvy,Drama
topsy-turvy,History
topsy-turvy,Musical
tori-and-lokita,Crime
tori-and-lokita,Drama
total-recall,Action
total-recall,Adventure
total-recall,Sci-Fi
totally-under-control,Documentary
totem,Drama
touch-2024,Drama
touch-2024,Romance
touch-of-evil,Crime
touch-of-evil,Drama
touch-of-evil,Film-Noir
touch-of-evil,Thriller
touching-the-void,Adventure
touching-the-void,Documentary
touching-the-void,Drama
touching-the-void,Sport
tower,Animation
tower,Crime
tower,Documentary
tower-heist,Action
tower-heist,Comedy
tower-heist,Crime
toy-story,Adventure
toy-story,Animation
toy-story,Comedy
toy-story,Family
toy-story,Fantasy
toy-story-2,Adventure
toy-story-2,Animation
toy-story-2,Comedy
toy-story-2,Family
toy-story-2,Fantasy
toy-story-3,Adventure
toy-story-3,Animation
toy-story-3,Comedy
toy-story-3,Family
toy-story-3,Fantasy
toy-story-4,Adventure
toy-story-4,Animation
toy-story-4,Comedy
toy-story-4,Family
toy-story-4,Fantasy
toy-story-5,Adventure
toy-story-5,Animation
toy-story-5,Comedy
toy-story-5,Drama
toy-story-5,Family
toy-story-5,Fantasy
tracks,Adventure
tracks,Biography
tracks,Drama
trading-places,Comedy
traffic,Crime
traffic,Drama
traffic,Thriller
train-dreams,Drama
train-to-busan,Action
train-to-busan,Horror
train-to-busan,Thriller
training-day,Crime
training-day,Drama
training-day,Thriller
trainspotting,Crime
trainspotting,Drama
trainwreck,Comedy
trainwreck,Drama
trainwreck,Romance
tramps,Adventure
tramps,Romance
transformers,Action
transformers,Adventure
transformers,Sci-Fi
transformers-dark-of-the-moon,Action
transformers-dark-of-the-moon,Adventure
transformers-dark-of-the-moon,Comedy
transformers-dark-of-the-moon,Sci-Fi
transformers-dark-of-the-moon,Thriller
transformers-revenge-of-the-fallen,Action
transformers-revenge-of-the-fallen,Adventure
transformers-revenge-of-the-fallen,Sci-Fi
transit,Drama
transit,Sci-Fi
transpecos,Thriller
transporter-2,Action
transporter-2,Thriller
transporter-3,Action
transporter-3,Thriller
treasure-island,Adventure
treasure-island,Drama
treasure-island,Family
trenque-lauquen-parte-i,Drama
trenque-lauquen-parte-i,Mystery
trenque-lauquen-parte-i,Thriller
trenque-lauquen-parte-ii,Drama
trenque-lauquen-parte-ii,Mystery
trenque-lauquen-parte-ii,Thriller
trespass,Crime
trespass,Drama
trespass,Mystery
trespass,Thriller
triad-election,Crime
triad-election,Drama
triad-election,Thriller
tristana-re-release,Drama
tristram-shandy-a-cock-and-bull-story,Comedy
tron,Action
tron,Adventure
tron,Sci-Fi
tron-legacy,Action
tron-legacy,Adventure
tron-legacy,Sci-Fi
tropic-thunder,Action
tropic-thunder,Comedy
tropic-thunder,War
tropical-malady,Drama
tropical-malady,Fantasy
tropical-malady,Romance
trouble-in-mind,Comedy
trouble-in-mind,Crime
trouble-in-mind,Drama
trouble-in-mind,Thriller
trouble-the-water,Documentary
true-grit,Drama
true-grit,Western
true-grit-1969,Adventure
true-grit-1969,Drama
true-grit-1969,Western
true-history-of-the-kelly-gang,Action
true-history-of-the-kelly-gang,Biography
true-history-of-the-kelly-gang,Crime
true-history-of-the-kelly-gang,Drama
true-history-of-the-kelly-gang,Thriller
true-history-of-the-kelly-gang,Western
true-lies,Action
true-lies,Comedy
true-lies,Thriller
true-romance,Crime
true-romance,Drama
true-romance,Romance
true-romance,Thriller
truman,Comedy
truman,Drama
tu-dors-nicole,Comedy
tu-dors-nicole,Drama
tucker-dale-vs-evil,Comedy
tucker-dale-vs-evil,Horror
tuesday-after-christmas,Drama
tuesday-after-christmas,Romance
tully-2018,Comedy
tully-2018,Drama
tully-2018,Mystery
tulpan,Comedy
tulpan,Drama
tuner,Crime
tuner,Drama
tuner,Music
tuner,Romance
tuner,Thriller
turn-every-page-the-adventures-of-robert-caro-and-robert-gottlieb,Documentary
turning-red-2022,Action
turning-red-2022,Adventure
turning-red-2022,Animation
turning-red-2022,Comedy
turning-red-2022,Drama
turning-red-2022,Family
turning-red-2022,Fantasy
turning-red-2022,Music
turning-red-2022,Romance
turtles-can-fly,Drama
turtles-can-fly,War
twelve-monkeys,Mystery
twelve-monkeys,Sci-Fi
twelve-monkeys,Thriller
twilight,Drama
twilight,Fantasy
twilight,Romance
twilight-of-the-warriors-walled-in,Action
twilight-of-the-warriors-walled-in,Crime
twilight-of-the-warriors-walled-in,Thriller
twilight-zone-the-movie,Horror
twilight-zone-the-movie,Sci-Fi
twin-peaks-fire-walk-with-me,Drama
twin-peaks-fire-walk-with-me,Horror
twin-peaks-fire-walk-with-me,Mystery
twin-peaks-fire-walk-with-me,Thriller
twinless,Comedy
twinless,Drama
twins,Comedy
twins,Crime
twinsters,Biography
twinsters,Documentary
twister,Action
twister,Adventure
twister,Thriller
two-days-one-night,Drama
two-for-the-road,Comedy
two-for-the-road,Drama
two-for-the-road,Romance
two-lane-blacktop,Drama
two-lovers,Drama
two-lovers,Romance
two-of-us,Drama
two-of-us,Romance
two-prosecutors,Biography
two-prosecutors,Crime
two-prosecutors,Drama
two-prosecutors,History
two-prosecutors,Mystery
two-prosecutors,Thriller
two-step,Crime
two-step,Drama
two-step,Thriller
tyrannosaur,Drama
tyrel,Comedy
tyrel,Drama
tyson,Biography
tyson,Documentary
tyson,Sport
u2-3d,Documentary
u2-3d,Music
uhf,Comedy
uhf,Sci-Fi
ulees-gold,Drama
ultraviolet,Action
ultraviolet,Sci-Fi
umberto-d-re-release,Drama
unbreakable,Drama
unbreakable,Mystery
unbreakable,Sci-Fi
unbreakable,Thriller
uncertain,Comedy
uncertain,Documentary
uncertain,Drama
uncle-boonmee-who-can-recall-his-past-lives,Drama
uncle-boonmee-who-can-recall-his-past-lives,Fantasy
uncle-buck,Comedy
uncut-gems,Crime
uncut-gems,Drama
uncut-gems,Thriller
undefeated,Documentary
undefeated,Sport
under-the-citys-skin,Drama
under-the-sand,Drama
under-the-sand,Mystery
under-the-sea-3d,Documentary
under-the-sea-3d,Unknown
under-the-shadow,Drama
under-the-shadow,Fantasy
under-the-shadow,Horror
under-the-shadow,Thriller
under-the-shadow,War
under-the-skin,Drama
under-the-skin,Horror
under-the-skin,Mystery
under-the-skin,Sci-Fi
under-the-skin,Thriller
under-the-sun,Documentary
under-the-tree,Comedy
under-the-tree,Drama
under-the-tree,Thriller
under-the-wire,Documentary
undergods,Drama
undergods,Sci-Fi
undergods,Thriller
underground,Comedy
underground,Drama
underground,Fantasy
underground,War
undertow-1969,Drama
undertow-1969,Fantasy
undertow-1969,Romance
underworld,Action
underworld,Fantasy
underworld,Thriller
underworld-evolution,Action
underworld-evolution,Fantasy
underworld-evolution,Thriller
undine,Drama
undine,Fantasy
undine,Mystery
undine,Romance
undine,Thriller
unfaithful,Drama
unfaithful,Romance
unfaithful,Thriller
unforgiven,Drama
unforgiven,Western
unicorn-wars,Action
unicorn-wars,Animation
unicorn-wars,Comedy
unicorn-wars,Drama
unicorn-wars,Fantasy
unicorn-wars,Horror
union-2024,Documentary
united-93,Action
united-93,Drama
united-93,History
united-93,Thriller
universal-language,Comedy
universal-language,Drama
unknown-2011,Action
unknown-2011,Mystery
unknown-2011,Thriller
unleashed,Action
unleashed,Crime
unleashed,Thriller
unrelated,Drama
unrest,Documentary
unrest,Drama
unrest,History
unrest,Romance
unstoppable,Action
unstoppable,Thriller
untouchable,Biography
untouchable,Crime
untouchable,Documentary
up,Adventure
up,Animation
up,Comedy
up,Drama
up,Family
up-and-down,Comedy
up-and-down,Drama
up-in-the-air,Comedy
up-in-the-air,Drama
up-in-the-air,Romance
up-the-yangtze,Documentary
upstream-color,Drama
upstream-color,Mystery
upstream-color,Sci-Fi
urban-legend,Horror
urban-legend,Mystery
urban-legend,Thriller
urchin,Drama
us,Horror
us,Mystery
us,Thriller
us-marshals,Action
us-marshals,Crime
us-marshals,Thriller
utama,Drama
v-for-vendetta,Action
v-for-vendetta,Drama
v-for-vendetta,Sci-Fi
v-for-vendetta,Thriller
va-savoir-who-knows,Comedy
va-savoir-who-knows,Crime
va-savoir-who-knows,Drama
va-savoir-who-knows,Romance
vacancy,Horror
vacancy,Thriller
val,Biography
val,Documentary
valentines-day,Comedy
valentines-day,Romance
valhalla-rising,Adventure
valhalla-rising,Drama
valhalla-rising,Fantasy
valiant,Adventure
valiant,Animation
valiant,Comedy
valiant,Family
valiant,War
valkyrie,Drama
valkyrie,History
valkyrie,Thriller
valkyrie,War
vampire-hunter-d,Action
vampire-hunter-d,Animation
vampire-hunter-d,Drama
vampire-hunter-d,Fantasy
vampire-hunter-d,Horror
vampire-hunter-d,Romance
vampire-hunter-d,Sci-Fi
vampires-kiss,Comedy
vampires-kiss,Crime
vampires-kiss,Fantasy
vampires-kiss,Horror
vampires-suck,Comedy
vampires-suck,Horror
van-wilder,Comedy
van-wilder,Romance
vanilla-sky,Fantasy
vanilla-sky,Mystery
vanilla-sky,Romance
vanilla-sky,Sci-Fi
vanilla-sky,Thriller
vanishing-on-7th-street,Horror
vanishing-on-7th-street,Mystery
vanishing-on-7th-street,Thriller
vantage-point,Action
vantage-point,Drama
vantage-point,Thriller
varda-by-agncs,Biography
varda-by-agncs,Documentary
vengeance-is-mine-1979,Crime
vengeance-is-mine-1979,Drama
venus,Comedy
venus,Drama
venus,Romance
vera-drake,Crime
vera-drake,Drama
vermiglio,Drama
vermiglio,History
vertigo-1958,Mystery
vertigo-1958,Romance
vertigo-1958,Thriller
vesper,Adventure
vesper,Drama
vesper,Sci-Fi
vesper,Thriller
vfw,Action
vfw,Crime
vfw,Horror
vfw,Thriller
vicky-cristina-barcelona,Comedy
vicky-cristina-barcelona,Drama
vicky-cristina-barcelona,Romance
victim,Drama
victor-victoria,Comedy
victor-victoria,Music
victor-victoria,Romance
victoria,Crime
victoria,Drama
victoria,Romance
victoria,Thriller
videodrome,Drama
videodrome,Horror
videodrome,Sci-Fi
videodrome,Thriller
viet-and-nam,Drama
village-of-the-damned-1960,Horror
village-of-the-damned-1960,Sci-Fi
vincere,Biography
vincere,Drama
vincere,Romance
violette,Biography
violette,Drama
violette,Romance
virtuosity,Action
virtuosity,Crime
virtuosity,Sci-Fi
virtuosity,Thriller
vitalina-varela,Drama
volcano,Action
volcano,Drama
volcano,Sci-Fi
volcano,Thriller
volver,Comedy
volver,Drama
vortex,Drama
voyage-of-time-the-imax-experience,Animation
voyage-of-time-the-imax-experience,Documentary
voyage-of-time-the-imax-experience,Unknown
wadjda,Comedy
wadjda,Drama
wag-the-dog,Comedy
wag-the-dog,Drama
wait-until-dark,Thriller
waiting,Comedy
waiting-for-superman,Documentary
wake-in-fright-1971,Drama
wake-in-fright-1971,Thriller
wake-up-dead-man-a-knives-out-mystery,Comedy
wake-up-dead-man-a-knives-out-mystery,Crime
wake-up-dead-man-a-knives-out-mystery,Drama
wake-up-dead-man-a-knives-out-mystery,Mystery
wake-up-dead-man-a-knives-out-mystery,Thriller
waking-life,Animation
waking-life,Drama
waking-life,Fantasy
walk-hard-the-dewey-cox-story,Comedy
walk-hard-the-dewey-cox-story,Music
walk-the-line,Biography
walk-the-line,Drama
walk-the-line,Music
walk-the-line,Romance
walk-up,Drama
walkabout,Adventure
walkabout,Drama
walking-out,Adventure
walking-out,Drama
walking-out,Mystery
walking-out,Thriller
walking-tall,Action
walking-tall,Crime
wall-e,Adventure
wall-e,Animation
wall-e,Family
wall-e,Sci-Fi
wall-street,Crime
wall-street,Drama
wallace-gromit-the-curse-of-the-were-rabbit,Adventure
wallace-gromit-the-curse-of-the-were-rabbit,Animation
wallace-gromit-the-curse-of-the-were-rabbit,Comedy
wallace-gromit-the-curse-of-the-were-rabbit,Family
wallace-gromit-the-curse-of-the-were-rabbit,Fantasy
wallace-gromit-the-curse-of-the-were-rabbit,Mystery
wallace-gromit-the-curse-of-the-were-rabbit,Sci-Fi
wallace-gromit-vengeance-most-fowl,Adventure
wallace-gromit-vengeance-most-fowl,Animation
wallace-gromit-vengeance-most-fowl,Comedy
wallace-gromit-vengeance-most-fowl,Family
wallace-gromit-vengeance-most-fowl,Sci-Fi
waltz-with-bashir,Animation
waltz-with-bashir,Biography
waltz-with-bashir,Documentary
waltz-with-bashir,Drama
waltz-with-bashir,History
waltz-with-bashir,Mystery
waltz-with-bashir,War
wanted,Action
wanted,Crime
wanted,Thriller
war,Action
war,Thriller
war-for-the-planet-of-the-apes,Action
war-for-the-planet-of-the-apes,Adventure
war-for-the-planet-of-the-apes,Drama
war-for-the-planet-of-the-apes,Sci-Fi
war-for-the-planet-of-the-apes,Thriller
war-game,Documentary
war-game,Thriller
war-horse,Adventure
war-horse,Drama
war-horse,History
war-horse,War
war-of-the-worlds,Action
war-of-the-worlds,Adventure
war-of-the-worlds,Sci-Fi
war-photographer,Documentary
war-photographer,War
war-witch,Drama
war-witch,War
warfare,Action
warfare,Drama
warfare,War
wargames,Action
wargames,Drama
wargames,Sci-Fi
wargames,Thriller
warrior,Action
warrior,Drama
warrior,Sport
waste-land,Documentary
wasteman,Crime
wasteman,Drama
wasteman,Thriller
watcher,Drama
watcher,Horror
watcher,Mystery
watcher,Thriller
watchers-of-the-sky,Biography
watchers-of-the-sky,Documentary
watchers-of-the-sky,History
watchers-of-the-sky,News
water,Drama
water-for-elephants,Drama
water-for-elephants,Romance
wattstax,Comedy
wattstax,Documentary
wattstax,Music
waves,Drama
waves,Romance
waves,Sport
waynes-world,Comedy
waynes-world,Music
we,Drama
we,History
we,Romance
we-are-the-best!,Drama
we-are-the-best!,Music
we-are-what-we-are-2013,Drama
we-are-what-we-are-2013,Horror
we-are-what-we-are-2013,Thriller
we-bought-a-zoo,Comedy
we-bought-a-zoo,Drama
we-bought-a-zoo,Family
we-met-in-virtual-reality,Documentary
we-need-to-talk-about-kevin,Drama
we-need-to-talk-about-kevin,Mystery
we-need-to-talk-about-kevin,Thriller
we-own-the-night,Crime
we-own-the-night,Drama
we-own-the-night,Thriller
we-steal-secrets-the-story-of-wikileaks,Documentary
we-the-animals,Drama
we-were-here,Biography
we-were-here,Documentary
we-were-here,History
we-were-here,News
we-were-soldiers,Action
we-were-soldiers,Drama
we-were-soldiers,History
we-were-soldiers,War
weapons,Horror
weapons,Mystery
weathering-with-you,Animation
weathering-with-you,Drama
weathering-with-you,Fantasy
weathering-with-you,Romance
wedding-crashers,Comedy
wedding-crashers,Romance
weekend,Drama
weekend,Romance
weiner,Documentary
weird-science,Comedy
weird-science,Romance
weird-science,Sci-Fi
welcome-to-chechnya,Documentary
welcome-to-leith,Documentary
welcome-to-new-york,Crime
welcome-to-new-york,Drama
welcome-to-the-dollhouse,Comedy
welcome-to-the-dollhouse,Drama
welcome-to-the-rileys,Drama
wendy-and-lucy,Drama
werckmeister-harmonies,Drama
werckmeister-harmonies,Mystery
were-all-going-to-the-worlds-fair,Drama
were-all-going-to-the-worlds-fair,Fantasy
were-all-going-to-the-worlds-fair,Horror
were-all-going-to-the-worlds-fair,Mystery
werewolf,Drama
wes-cravens-new-nightmare,Fantasy
wes-cravens-new-nightmare,Horror
wes-cravens-new-nightmare,Mystery
wes-cravens-new-nightmare,Thriller
west-of-memphis,Crime
west-of-memphis,Documentary
west-side-story,Crime
west-side-story,Drama
west-side-story,Musical
west-side-story,Romance
west-side-story-2020,Crime
west-side-story-2020,Drama
west-side-story-2020,Musical
west-side-story-2020,Romance
western,Documentary
western-2017,Drama
western-stars,Documentary
western-stars,Music
westworld,Action
westworld,Drama
westworld,Sci-Fi
westworld,Thriller
westworld,Western
wet-hot-american-summer,Comedy
wet-hot-american-summer,Romance
wetlands,Comedy
wetlands,Drama
whale-rider,Drama
whale-rider,Family
wham!,Biography
wham!,Documentary
wham!,Music
what-about-bob,Comedy
what-do-we-see-when-we-look-at-the-sky,Comedy
what-do-we-see-when-we-look-at-the-sky,Drama
what-do-we-see-when-we-look-at-the-sky,Romance
what-happened-miss-simone,Biography
what-happened-miss-simone,Documentary
what-happened-miss-simone,Music
what-lies-beneath,Drama
what-lies-beneath,Horror
what-lies-beneath,Mystery
what-lies-beneath,Thriller
what-maisie-knew,Drama
what-richard-did,Drama
what-the-constitution-means-to-me,Drama
what-time-is-it-over-there,Drama
what-time-is-it-over-there,Romance
what-we-do-in-the-shadows,Comedy
what-we-do-in-the-shadows,Horror
what-we-do-in-the-shadows,Thriller
what-women-want,Comedy
what-women-want,Fantasy
what-women-want,Romance
whatever-works,Comedy
whatever-works,Romance
whats-eating-gilbert-grape,Drama
whats-your-number,Comedy
whats-your-number,Romance
wheel-of-fortune-and-fantasy,Drama
wheel-of-fortune-and-fantasy,Romance
when-a-stranger-calls,Horror
when-a-stranger-calls,Thriller
when-evil-lurks,Horror
when-fall-is-coming,Drama
when-i-saw-you,Drama
when-marnie-was-there,Animation
when-marnie-was-there,Drama
when-marnie-was-there,Family
when-marnie-was-there,Mystery
when-the-levees-broke-a-requiem-in-four-acts,Documentary
when-we-were-kings,Documentary
when-we-were-kings,Sport
where-is-kyra,Crime
where-is-kyra,Drama
where-is-kyra,Thriller
where-the-wild-things-are,Adventure
where-the-wild-things-are,Drama
where-the-wild-things-are,Family
where-the-wild-things-are,Fantasy
wheres-my-roy-cohn,Documentary
while-were-young,Comedy
while-were-young,Drama
while-were-young,Mystery
whip-it,Drama
whip-it,Sport
whiplash,Drama
whiplash,Music
whisper-of-the-heart,Animation
whisper-of-the-heart,Drama
whisper-of-the-heart,Family
whisper-of-the-heart,Romance
white-chicks,Comedy
white-chicks,Crime
white-god,Adventure
white-god,Drama
white-god,Thriller
white-heat,Action
white-heat,Crime
white-heat,Drama
white-heat,Film-Noir
white-heat,Thriller
white-material,Drama
white-material,War
white-sun-seto-surya,Adventure
white-sun-seto-surya,Drama
whiteout,Action
whiteout,Crime
whiteout,Mystery
whiteout,Thriller
whitey-united-states-of-america-v-james-j-bulger,Biography
whitey-united-states-of-america-v-james-j-bulger,Crime
whitey-united-states-of-america-v-james-j-bulger,Documentary
whitney,Biography
whitney,Documentary
whitney,Drama
whitney,Music
who-framed-roger-rabbit,Adventure
who-framed-roger-rabbit,Animation
who-framed-roger-rabbit,Comedy
who-framed-roger-rabbit,Crime
who-framed-roger-rabbit,Family
who-framed-roger-rabbit,Fantasy
who-framed-roger-rabbit,Mystery
who-we-are-a-chronicle-of-racism-in-america,Documentary
who-we-are-now,Drama
whores-glory,Documentary
wicked,Fantasy
wicked,Musical
wicked,Romance
widows,Crime
widows,Drama
widows,Thriller
wife-of-a-spy,Drama
wife-of-a-spy,History
wife-of-a-spy,War
wild,Adventure
wild,Biography
wild,Drama
wild-at-heart,Crime
wild-at-heart,Drama
wild-at-heart,Thriller
wild-hogs,Action
wild-hogs,Adventure
wild-hogs,Comedy
wild-indian,Crime
wild-indian,Drama
wild-indian,Mystery
wild-indian,Thriller
wild-men,Adventure
wild-men,Comedy
wild-men,Crime
wild-men,Drama
wild-nights-with-emily,Comedy
wild-nights-with-emily,History
wild-reeds,Drama
wild-reeds,Romance
wild-rose,Drama
wild-rose,Music
wild-strawberries,Drama
wild-strawberries,Romance
wild-tales,Comedy
wild-tales,Drama
wild-tales,Thriller
wild-target,Action
wild-target,Comedy
wild-target,Crime
wildcat-2022,Documentary
wildlife,Drama
will-harper,Documentary
will-o-the-wisp,Comedy
will-o-the-wisp,Fantasy
will-o-the-wisp,Musical
will-o-the-wisp,Romance
will-o-the-wisp,Sci-Fi
willow,Action
willow,Adventure
willow,Drama
willow,Fantasy
willow,Romance
willy-wonka-the-chocolate-factory,Adventure
willy-wonka-the-chocolate-factory,Comedy
willy-wonka-the-chocolate-factory,Family
willy-wonka-the-chocolate-factory,Fantasy
willy-wonka-the-chocolate-factory,Musical
win-it-all,Comedy
win-win,Comedy
win-win,Drama
win-win,Sport
winchester-73,Action
winchester-73,Drama
winchester-73,Western
wind-river,Crime
wind-river,Drama
wind-river,Mystery
wind-river,Thriller
wind-river,Western
winged-migration,Documentary
wings,Action
wings,Drama
wings,Romance
wings,War
wings-of-desire,Drama
wings-of-desire,Fantasy
wings-of-desire,Romance
winnebago-man,Biography
winnebago-man,Comedy
winnebago-man,Documentary
winnie-the-pooh,Adventure
winnie-the-pooh,Animation
winnie-the-pooh,Comedy
winnie-the-pooh,Family
winnie-the-pooh,Fantasy
winnie-the-pooh,Musical
winter-kills,Comedy
winter-kills,Drama
winter-kills,Mystery
winter-kills,Thriller
winter-on-fire-ukraines-fight-for-freedom,Documentary
winter-on-fire-ukraines-fight-for-freedom,History
winter-sleep,Drama
winters-bone,Crime
winters-bone,Drama
winters-bone,Mystery
winters-bone,Thriller
wise-blood,Comedy
wise-blood,Drama
witching-and-bitching,Action
witching-and-bitching,Adventure
witching-and-bitching,Comedy
witching-and-bitching,Fantasy
witching-and-bitching,Horror
witching-and-bitching,Thriller
withnail-and-i,Comedy
withnail-and-i,Drama
witness,Crime
witness,Drama
witness,Romance
witness,Thriller
wojnarowicz,Documentary
wolf-children,Animation
wolf-children,Drama
wolf-children,Family
wolf-children,Fantasy
wolf-creek,Horror
wolf-creek,Thriller
wolfwalkers,Action
wolfwalkers,Adventure
wolfwalkers,Animation
wolfwalkers,Drama
wolfwalkers,Family
wolfwalkers,Fantasy
wolfwalkers,Thriller
woman-at-war,Adventure
woman-at-war,Comedy
woman-at-war,Drama
woman-at-war,Thriller
woman-of-the-hour,Crime
woman-of-the-hour,Drama
woman-of-the-hour,Mystery
women-on-the-verge-of-a-nervous-breakdown,Comedy
women-on-the-verge-of-a-nervous-breakdown,Drama
women-talking,Drama
wonder-woman,Action
wonder-woman,Adventure
wonder-woman,Fantasy
wonder-woman,Sci-Fi
wonder-woman,War
wonderstruck,Adventure
wonderstruck,Drama
wonderstruck,Mystery
wont-you-be-my-neighbor,Biography
wont-you-be-my-neighbor,Documentary
wont-you-be-my-neighbor,History
woodstock-1970,Documentary
woodstock-1970,History
woodstock-1970,Music
woodstock-99-peace-love-and-rage,Documentary
woodstock-99-peace-love-and-rage,Music
working-girl,Comedy
working-girl,Drama
working-girl,Romance
working-woman,Drama
world-on-a-wire-1973,Crime
world-on-a-wire-1973,Mystery
world-on-a-wire-1973,Sci-Fi
world-trade-center,Drama
world-trade-center,History
world-trade-center,Thriller
worlds-greatest-dad,Comedy
worlds-greatest-dad,Drama
wreck-it-ralph,Adventure
wreck-it-ralph,Animation
wreck-it-ralph,Comedy
wreck-it-ralph,Family
wreck-it-ralph,Fantasy
wreck-it-ralph,Sci-Fi
wreck-it-ralph,Sport
wrinkles,Animation
wrinkles,Drama
writing-with-fire,Documentary
written-on-the-wind,Drama
wrong-turn,Horror
wrong-turn,Thriller
x-2022,Horror
x-2022,Mystery
x-2022,Thriller
x-men,Action
x-men,Adventure
x-men,Sci-Fi
x-men-days-of-future-past,Action
x-men-days-of-future-past,Adventure
x-men-days-of-future-past,Sci-Fi
x-men-days-of-future-past,Thriller
x-men-first-class,Action
x-men-first-class,Sci-Fi
x-men-the-last-stand,Action
x-men-the-last-stand,Adventure
x-men-the-last-stand,Sci-Fi
x2-x-men-united,Action
x2-x-men-united,Sci-Fi
x2-x-men-united,Thriller
xxx,Action
xxx,Adventure
xxx,Drama
xxx,Thriller
xxx-state-of-the-union,Action
xxx-state-of-the-union,Adventure
xxx-state-of-the-union,Crime
xxx-state-of-the-union,Thriller
y-tu-mama-tambien,Drama
yankee-doodle-dandy,Biography
yankee-doodle-dandy,Drama
yankee-doodle-dandy,Family
yankee-doodle-dandy,Music
yankee-doodle-dandy,Musical
year-one,Comedy
yellow-submarine,Adventure
yellow-submarine,Animation
yellow-submarine,Comedy
yellow-submarine,Fantasy
yellow-submarine,Musical
yes-2025,Comedy
yes-2025,Drama
yes-god-yes,Comedy
yes-god-yes,Drama
yes-man,Comedy
yes-man,Romance
yi-yi,Drama
yogi-bear,Adventure
yogi-bear,Animation
yogi-bear,Comedy
yogi-bear,Family
yojimbo,Action
yojimbo,Drama
yojimbo,Thriller
you-again,Comedy
you-again,Romance
you-are-not-my-mother,Drama
you-are-not-my-mother,Horror
you-are-so-not-invited-to-my-bat-mitzvah!,Comedy
you-can-count-on-me,Drama
you-hurt-my-feelings-2023,Comedy
you-hurt-my-feelings-2023,Drama
you-hurt-my-feelings-2023,Romance
you-the-living,Comedy
you-the-living,Drama
you-the-living,Music
you-were-never-really-here,Crime
you-were-never-really-here,Drama
you-were-never-really-here,Thriller
you-will-die-at-twenty,Drama
you-will-meet-a-tall-dark-stranger,Comedy
you-will-meet-a-tall-dark-stranger,Drama
you-will-meet-a-tall-dark-stranger,Romance
you-wont-be-alone,Drama
you-wont-be-alone,Fantasy
you-wont-be-alone,Horror
young-adult,Comedy
young-adult,Drama
young-frankenstein,Comedy
young-mothers,Drama
young-mr-lincoln,Biography
young-mr-lincoln,Drama
your-highness,Action
your-highness,Adventure
your-highness,Comedy
your-highness,Fantasy
your-highness,Romance
your-name,Animation
your-name,Drama
your-name,Fantasy
your-name,Romance
your-sisters-sister,Comedy
your-sisters-sister,Drama
your-sisters-sister,Romance
youth-hard-times,Documentary
youth-in-revolt,Comedy
youth-in-revolt,Drama
youth-in-revolt,Romance
youve-got-mail,Comedy
youve-got-mail,Drama
youve-got-mail,Romance
yu-gi-oh!-the-movie,Action
yu-gi-oh!-the-movie,Adventure
yu-gi-oh!-the-movie,Animation
yu-gi-oh!-the-movie,Family
yu-gi-oh!-the-movie,Fantasy
yu-gi-oh!-the-movie,Thriller
z-1969,Crime
z-1969,Drama
z-1969,Thriller
zama,Drama
zama,History
zappa,Biography
zappa,Documentary
zappa,History
zappa,Music
zathura-a-space-adventure,Action
zathura-a-space-adventure,Adventure
zathura-a-space-adventure,Comedy
zathura-a-space-adventure,Family
zathura-a-space-adventure,Fantasy
zathura-a-space-adventure,Sci-Fi
zero-dark-thirty,Drama
zero-dark-thirty,History
zero-dark-thirty,Thriller
zero-days,Documentary
zodiac,Crime
zodiac,Drama
zodiac,Mystery
zodiac,Thriller
zodiac-killer-project,Crime
zodiac-killer-project,Documentary
zodiac-killer-project,Mystery
zola,Comedy
zola,Crime
zola,Drama
zombi-child,Drama
zombi-child,Fantasy
zombi-child,Horror
zombieland,Action
zombieland,Comedy
zombieland,Horror
zookeeper,Comedy
zookeeper,Family
zookeeper,Fantasy
zookeeper,Romance
zoolander,Comedy
zootopia,Action
zootopia,Adventure
zootopia,Animation
zootopia,Comedy
zootopia,Crime
zootopia,Family
zootopia,Mystery
zootopia-2,Adventure
zootopia-2,Animation
zootopia-2,Comedy
zootopia-2,Crime
zootopia-2,Family
zootopia-2,Mystery
zulu,Drama
zulu,History
zulu,War
