movie_slug,imdb_id,imdb_year,language,oscar_wins,oscar_nominations
-1963,tt0056801,1963,Italian,2,4
10-cloverfield-lane,tt1179933,2016,English,0,0
10-things-i-hate-about-you,tt0147800,1999,English,0,0
10000-bc,tt0443649,2008,English,0,0
10000-km,tt3114132,2014,Catalan,0,0
101-dalmatians,tt0115433,1996,English,0,0
101-dalmatians-1961,tt0115433,1996,English,0,0
102-dalmatians,tt0211181,2000,English,0,1
12-angry-men,tt0050083,1957,English,0,1
12-rounds,tt1160368,2009,English,0,0
12-years-a-slave,tt2024544,2013,English,2,7
1208-east-of-bucharest,tt0809407,2006,Romanian,0,0
127-hours,tt1542344,2010,English,0,4
13-assassins,tt1436045,2010,Japanese,0,0
13-going-on-30,tt0337563,2004,English,0,0
13th,tt5895028,2016,English,0,1
1408,tt0450385,2007,English,0,0
16-blocks,tt0450232,2006,English,0,0
1917,tt8579674,2019,English,3,5
1945,tt5815492,2017,Hungarian,0,0
1971,tt3478510,2014,English,0,0
1985,tt6411590,2018,English,0,0
2-fast-2-furious,tt0322259,2003,English,0,0
20-days-in-mariupol,tt24082438,2023,Ukrainian,1,1
20-feet-from-stardom,tt2396566,2013,Japanese,1,0
2000-meters-to-andriivka,tt34964205,2025,Ukrainian,0,0
20000-days-on-earth,tt2920540,2014,English,0,0
20000-species-of-bees,tt21113962,2023,Basque,0,0
2001-a-space-odyssey,tt0062622,1968,English,1,3
2012,tt1190080,2009,Tibetan,0,0
2046,tt0212712,2004,Mandarin,0,0
20th-century-women,tt4385888,2016,English,0,1
21,tt0478087,2008,American English,0,0
21-grams,tt0315733,2003,English,0,2
22-jump-street,tt2294449,2014,English,0,0
24-frames,tt6777170,2017,Persian,0,0
24-hour-party-people,tt0274309,2002,English,0,0
28-weeks-later,tt0463854,2007,English,0,0
28-years-later,tt10548174,2025,English,0,0
28-years-later-the-bone-temple,tt32141377,2026,English,0,0
3-12-minutes-10-bullets,tt4126312,2015,English,0,0
3-faces,tt8269552,2018,Persian,0,0
3-godfathers,tt0040064,1948,English,0,0
3-idiots,tt1187043,2009,Hindi,0,0
30-minutes-or-less,tt1622547,2011,English,0,0
300,tt33397756,2007,,0,0
310-to-yuma,tt0381849,2007,English,0,2
310-to-yuma-1957,tt0050086,1957,English,0,0
32-sounds,tt16294920,2022,,0,0
35-shots-of-rum,tt1100048,2008,German,0,0
4-little-girls,tt0118540,1997,English,0,1
4-months-3-weeks-and-2-days,tt1032846,2007,Romanian,0,0
40-acres,tt29634843,2024,English,0,0
40-days-and-40-nights,tt0243736,2002,English,0,0
42nd-street,tt0024034,1933,English,0,1
45-years,tt3544082,2015,English,0,1
45365,tt1337139,2009,English,0,0
48-hrs,tt0083511,1982,English,0,0
49-up,tt0473434,2005,,0,0
5-broken-cameras,tt2125423,2011,Arabic,0,1
5-days-of-war,tt1486193,2011,Georgian,0,0
50-first-dates,tt0343660,2004,English,0,0
500-days-of-summer,tt1022603,2009,English,0,0
5050,tt1306980,2011,English,0,0
52-tuesdays,tt3100636,2013,English,0,0
56-up,tt2147134,2012,,0,0
7-boxes,tt2333598,2012,Guarani,0,0
7-days,tt14494586,2021,English,0,0
7-prisoners,tt14168118,2021,Brazilian Portuguese,0,0
71,tt2614684,2014,English,0,0
76-days,tt12801326,2020,,0,0
8-mile,tt0298203,2002,English,0,0
88-minutes,tt0411061,2007,English,0,0
99-homes,tt2891174,2014,English,0,0
a-band-called-death,tt2064713,2012,English,0,0
a-beautiful-day-in-the-neighborhood,tt3224458,2019,English,0,1
a-beautiful-mind,tt0268978,2001,English,2,6
a-better-tomorrow,tt0092263,1986,Cantonese,0,0
a-bigger-splash,tt2056771,2015,English,0,0
a-borrowed-identity,tt2841572,2014,Arabic,0,0
a-brief-history-of-time,tt0103882,1991,English,0,0
a-bronx-tale,tt0106489,1993,English,0,0
a-bugs-life,tt0120623,1998,English,0,1
a-canterbury-tale,tt0036695,1944,English,0,0
a-chiara,tt14324296,2021,Italian,0,0
a-christmas-carol,tt1067106,2009,English,0,0
a-christmas-story,tt0085334,1983,English,0,0
a-christmas-tale,tt0993789,2008,French,0,0
a-ciambra,tt6802896,2017,Calabrian,0,0
a-cinderella-story,tt0356470,2004,English,0,0
a-civil-action,tt0120633,1998,English,0,2
a-clockwork-orange,tt0066921,1971,Nadsat,0,2
a-complete-unknown,tt11563598,2024,English,0,6
a-cop-movie,tt14035242,2021,Spanish,0,0
a-couple,tt21374862,2022,French,0,0
a-dangerous-method,tt1571222,2011,English,0,0
a-different-man,tt21097228,2024,English,0,1
a-disturbance-in-the-force,tt13021790,2023,English,0,0
a-fantastic-woman,tt5639354,2017,Spanish,1,1
a-field-in-england,tt2375574,2013,English,0,0
a-film-unfinished,tt1568923,2010,English,0,0
a-fish-called-wanda,tt0095159,1988,English,1,2
a-fistful-of-dollars,tt0058461,1964,English,0,0
a-ghost-story,tt6265828,2017,English,0,0
a-girl-walks-home-alone-at-night,tt2326554,2014,Persian,0,0
a-good-year,tt0401445,2006,English,0,0
a-gray-state,tt6794380,2017,English,0,0
a-hard-day,tt3697626,2014,Korean,0,0
a-hard-days-night,tt0058182,1964,English,0,2
a-hero,tt11777738,2021,Persian,0,0
a-hidden-life,tt5827916,2019,English,0,0
a-hijacking,tt2216240,2012,Danish,0,0
a-history-of-violence,tt0399146,2005,English,0,2
a-house-made-of-splinters,tt16377920,2022,Ukrainian,0,1
a-house-of-dynamite,tt32376165,2025,English,0,0
a-knights-tale,tt0183790,2001,English,0,0
a-league-of-their-own,tt0104694,1992,English,0,0
a-little-prayer,tt22004186,2023,English,0,0
a-little-princess,tt0113670,1995,English,0,2
a-love-song,tt12691830,2022,English,0,0
a-mighty-wind,tt0310281,2003,English,0,0
a-monster-calls,tt3416532,2016,English,0,0
a-monster-with-a-thousand-heads,tt4569240,2015,Spanish,0,0
a-most-violent-year,tt2937898,2014,English,0,0
a-most-wanted-man,tt1972571,2014,Arabic,0,0
a-murder-in-the-park,tt3168808,2014,English,0,0
a-nice-indian-boy,tt16431330,2024,English,0,0
a-night-at-the-roxbury,tt0120770,1998,English,0,0
a-night-of-knowing-nothing,tt14812784,2021,Bangla,0,0
a-nightmare-on-elm-street,tt1179056,2010,English,0,0
a-nightmare-on-elm-street-1984,tt0087800,1984,English,0,0
a-nightmare-on-elm-street-3-dream-warriors,tt0093629,1987,English,0,0
a-nightmare-on-elm-street-4-the-dream-master,tt0095742,1988,English,0,0
a-nightmare-on-elm-street-5-the-dream-child,tt12737326,1989,,0,0
a-passage-to-india,tt0087892,1984,English,2,9
a-perfect-murder,tt0120787,1998,English,0,0
a-pigeon-sat-on-a-branch-reflecting-on-existence,tt1883180,2014,Swedish,0,0
a-poet,tt36544524,2025,Spanish,0,0
a-prayer-before-dawn,tt4080956,2017,English,0,0
a-private-war,tt2368254,2018,English,0,0
a-prophet,tt1235166,2009,Corsican,0,1
a-quiet-passion,tt2392830,2016,English,0,0
a-quiet-place,tt6644200,2018,American Sign Language,0,1
a-quiet-place-part-ii,tt8332922,2020,American Sign Language,0,0
a-real-pain,tt21823606,2024,English,1,2
a-river-runs-through-it,tt0105265,1992,English,1,3
a-room-with-a-view,tt0091867,1986,English,3,5
a-royal-affair,tt1276419,2012,Danish,0,1
a-sad-and-beautiful-world,tt32622406,2025,Lebanese Arabic,0,0
a-screaming-man,tt1639901,2010,Arabic,0,0
a-secret-love,tt3260524,2020,English,0,0
a-self-made-hero,tt0118020,1996,French,0,0
a-separation,tt1832382,2011,Persian,1,2
a-serious-man,tt1019452,2009,English,0,1
a-shaun-the-sheep-movie-farmageddon,tt6193408,2019,English,0,1
a-silent-voice,tt8207132,2017,,0,0
a-simple-life,tt2008006,2011,Cantonese,0,0
a-simple-plan,tt0120324,1998,English,0,2
a-single-man,tt1315981,2009,English,0,1
a-star-is-born,tt1517451,2018,English,1,5
a-star-is-born-1954,tt0047522,1954,English,0,5
a-streetcar-named-desire,tt0044081,1951,English,4,10
a-summers-tale,tt0433461,2004,,0,0
a-tale-of-two-cities,tt0027075,1935,English,0,1
a-tale-of-two-sisters,tt0365376,2003,Korean,0,0
a-thousand-and-one,tt12427158,2023,English,0,0
a-thousand-cuts,tt11394166,2020,English,0,0
a-time-for-drunken-horses,tt0259072,2000,Kurdish language,0,0
a-time-to-kill,tt0117913,1996,English,0,0
a-touch-of-sin,tt2852400,2013,Mandarin,0,0
a-travelers-needs,tt31015344,2024,Korean,0,0
a-useful-ghost,tt22530226,2025,Isan,0,0
a-very-long-engagement,tt0344510,2004,Corsican,0,2
a-view-to-a-kill,tt0090264,1985,English,0,0
a-walk-to-remember,tt0281358,2002,English,0,0
a-war,tt3830162,2015,Danish,0,1
a-white-white-day,tt9801736,2019,Icelandic,0,0
a-woman-under-the-influence,tt0072417,1974,English,0,1
a-womans-life,tt5078134,2016,French,0,0
a-wounded-fawn,tt13434562,2022,,0,0
abacus-small-enough-to-jail,tt5952382,2016,English,0,1
abduction,tt1600195,2011,English,0,0
aberdeen,tt0168446,2000,English,0,0
about-dry-grasses,tt13231544,2023,Turkish,0,0
about-elly-2009,tt1360860,2009,Persian,0,0
about-endlessness,tt6817944,2019,Swedish,0,0
about-schmidt,tt0257360,2002,English,0,2
abuse-of-weakness,tt2418372,2013,French,0,0
accepted,tt0384793,2006,English,0,0
ace-ventura-pet-detective,tt0109040,1994,English,0,0
ace-ventura-when-nature-calls,tt0112281,1995,English,0,0
across-the-universe,tt0445922,2007,English,0,1
ad-astra,tt2935510,2019,English,0,1
adams-rib,tt0041090,1949,English,0,1
adaptation,tt0268126,2002,English,1,4
adventureland,tt1091722,2009,English,0,0
aferim!,tt4374460,2015,Romanian,0,0
affliction,tt0118564,1997,English,1,2
afghan-star,tt1334510,2009,English,0,0
afire,tt26440619,2023,German,0,0
after-dark-my-sweet,tt0098994,1990,English,0,0
after-hours,tt0088680,1985,English,0,0
after-life,tt0165078,1998,Japanese,0,0
after-love-2020,tt10692788,2020,Arabic,0,0
after-the-storm-2016,tt7577816,2017,,0,0
after-the-wedding,tt0457655,2006,Danish,0,1
after-tiller,tt2430104,2013,English,0,0
after-yang,tt8633464,2021,English,0,0
afterimage,tt5186236,2016,Polish,0,0
afternoons-of-solitude,tt26245982,2024,Portuguese,0,0
aftershock-2022,tt16376478,2022,English,0,0
aftersun,tt19512922,2022,Catalan,0,0
agent-cody-banks,tt0313911,2003,English,0,0
agora,tt1186830,2009,English,0,0
ahead-of-time,tt0441913,2004,Icelandic,0,0
aheds-knee,tt12494638,2021,Hebrew,0,0
ai-artificial-intelligence,tt0212720,2001,English,0,2
ai-weiwei-never-sorry,tt1845773,2012,Standard Chinese,0,0
aint-them-bodies-saints,tt2388637,2013,English,0,0
air-2023,tt16419074,2023,English,0,0
airplane!,tt0080339,1980,English,0,0
aisha,tt14397058,2022,English,0,0
ajami,tt1077262,2009,Arabic,0,1
aladdin,tt0103639,1992,English,1,2
albert-brooks-defending-my-life,tt20274588,2023,,0,0
albert-nobbs,tt1602098,2011,English,0,3
alcarras,tt11930126,2022,Catalan,0,0
alexander,tt0346491,2004,English,0,0
ali,tt0248667,2001,English,0,2
ali-ava,tt11559472,2021,English,0,0
alice-2019,tt9120416,2019,French,0,0
alice-doesnt-live-here-anymore,tt0071115,1974,English,1,3
alice-in-the-cities,tt0069687,1974,German,0,0
alice-in-wonderland,tt1014759,2010,English,2,3
alice-in-wonderland-1951,tt0043274,1951,English,0,1
alien-1979,tt0078748,1979,English,1,2
alien-3,tt30749937,2009,,0,0
alien-resurrection,tt0118583,1997,English,0,0
aliens,tt0090605,1986,English,1,6
all-about-eve,tt0042192,1950,English,4,10
all-about-my-mother,tt0185125,1999,Catalan,1,1
all-about-steve,tt0881891,2009,English,0,0
all-dirt-roads-taste-of-salt,tt11534720,2023,English,0,0
all-good-things,tt1175709,2010,English,0,0
all-in-the-fight-for-democracy,tt12538822,2020,English,0,0
all-is-lost,tt2017038,2013,English,0,0
all-is-well,tt7776430,2018,German,0,0
all-my-friends-hate-me,tt9340892,2021,,0,0
all-of-us-strangers,tt21192142,2023,English,0,0
all-quiet-on-the-western-front,tt0020629,1930,German,0,2
all-quiet-on-the-western-front-2022,tt1016150,2022,German,4,5
all-shall-be-well,tt30439035,2024,Yue Chinese,0,0
all-that-breathes,tt16377862,2022,Hindi,0,1
all-that-heaven-allows,tt0047811,1955,English,0,0
all-thats-left-of-you,tt29344894,2025,Arabic,0,0
all-the-beauty-and-the-bloodshed,tt21374850,2022,English,0,1
all-the-money-in-the-world,tt5294550,2017,English,0,1
all-the-presidents-men,tt0074119,1976,English,4,6
all-these-sleepless-nights,tt5146068,2016,,0,0
all-things-must-pass,tt3272570,2015,,0,0
all-we-imagine-as-light,tt32086077,2024,Malayalam,0,0
alleluia,tt3218580,2014,French,0,0
almost-famous,tt0181875,2000,English,1,3
alone-in-the-dark,tt0369226,2005,English,0,0
along-came-a-spider,tt0164334,2001,English,0,0
alpha-and-omega,tt1213012,2010,English,0,0
alpha-dog,tt0426883,2006,English,0,0
alphaville,tt0058898,1965,French,0,0
alvin-and-the-chipmunks,tt0952640,2007,English,0,0
alvin-and-the-chipmunks-chipwrecked,tt1615918,2011,English,0,0
alvin-and-the-chipmunks-the-squeakquel,tt1231580,2009,English,0,0
always-shine,tt4392770,2016,English,0,0
amadeus,tt0086879,1984,English,6,8
amanda-2022,tt30252225,2023,,0,0
amanda-knox,tt5952332,2016,English,0,0
amazing-grace-1972,tt4935462,2018,English,0,0
amelie,tt0211915,2001,French,0,5
amer,tt1426352,2009,English,0,0
american-beauty,tt0169547,1999,English,3,6
american-doctor,tt39149951,2026,Hebrew,0,0
american-factory,tt9351980,2019,Mandarin,1,1
american-fiction,tt23561236,2023,English,1,3
american-gangster,tt0765429,2007,English,0,2
american-graffiti,tt0069704,1973,English,0,3
american-history-x,tt0120586,1998,English,0,1
american-honey,tt3721936,2016,English,0,0
american-hustle,tt1800241,2013,English,0,8
american-movie,tt0181288,1999,English,0,0
american-pain,tt19781504,2022,,0,0
american-pie,tt0163651,1999,English,0,0
american-pie-2,tt0252866,2001,English,0,0
american-psycho,tt0144084,2000,English,0,0
american-sniper,tt2179136,2014,Arabic,0,4
american-splendor,tt0305206,2003,English,0,1
american-symphony,tt28865980,2023,English,0,0
american-wedding,tt0328828,2003,English,0,0
amistad,tt0118607,1997,English,0,4
ammonite,tt7983894,2020,English,0,0
amores-perros,tt0245712,2000,Spanish,0,1
amour,tt1602620,2012,French,1,3
amy-2015,tt2870648,2015,English,1,1
an-american-in-paris,tt0043278,1951,English,6,6
an-angel-at-my-table,tt0099040,1990,English,0,0
an-autumn-afternoon,tt0056444,1962,Japanese,0,0
an-easy-girl,tt9632590,2019,French,0,0
an-education,tt1174732,2009,English,0,2
an-elephant-sitting-still,tt8020896,2018,Putonghua,0,0
an-honest-liar,tt2246565,2014,English,0,0
an-inconvenient-truth,tt0497116,2006,English,2,1
an-officer-and-a-gentleman,tt0084434,1982,English,1,5
an-unfinished-film,tt32186579,2024,Chinese,0,0
an-unmarried-woman,tt0078444,1978,English,0,2
anaconda,tt0118615,1997,English,0,0
anacondas-the-hunt-for-the-blood-orchid,tt0366174,2004,English,0,0
anais-in-love,tt13142240,2021,French,0,0
analyze-this,tt0122933,1999,English,0,0
anatomy-of-a-fall,tt17009710,2023,English,1,3
anatomy-of-a-murder,tt0052561,1959,English,0,5
and-everything-is-going-fine,tt1122614,2010,English,0,0
andre-is-an-idiot,tt34963034,2025,English,0,0
angels-demons,tt0808151,2009,English,0,0
angels-wear-white,tt7205208,2017,Chinese,0,0
anger-management,tt0305224,2003,English,0,0
animal-crackers-1930,tt0020640,1930,English,0,0
animal-house,tt4280694,2015,,0,0
animal-kingdom,tt1313092,2010,English,0,1
anne-at-13000-ft,tt10874006,2019,English,0,0
annie-hall-1977,tt0075686,1977,English,2,3
annihilation,tt2798920,2018,English,0,0
anomalisa,tt2401878,2015,English,0,1
anonymous-2011,tt1521197,2011,English,0,1
anora,tt28607951,2024,Armenian,3,4
another-earth,tt1549572,2011,English,0,0
another-round,tt10288566,2020,Danish,1,1
another-year,tt1431181,2010,English,0,1
anselm,tt27502250,2023,German,0,0
anthropocene-the-human-epoch,tt8399690,2018,English,0,0
antichrist,tt0870984,2009,English,0,0
antz,tt0120587,1998,English,0,0
anvil!-the-story-of-anvil,tt1157605,2008,English,0,0
aon-flux,tt0402022,2005,English,0,0
apocalypse-in-the-tropics,tt30012657,2024,English,0,0
apocalypse-now,tt0078788,1979,English,2,6
apocalypto,tt0472043,2006,Yucatec Maya,0,2
apollo-10-12-a-space-age-childhood,tt7978758,2022,English,0,0
apollo-11,tt8760684,2019,English,0,0
apollo-13,tt0112384,1995,English,2,8
apollo-18,tt1772240,2011,English,0,0
apolonia-apolonia,tt22768450,2022,,0,0
appaloosa,tt0800308,2008,English,0,0
apples,tt10110614,2020,Greek,0,0
apprentice,tt4660736,2016,English,0,0
appropriate-behavior,tt3077108,2014,English,0,0
april,tt38589634,2025,,0,0
april-and-the-extraordinary-world,tt3422078,2015,French,0,0
aquarela,tt4920360,2018,Russian,0,0
aquarius,tt5221584,2016,Portuguese,0,0
arabian-nights-volume-1-the-restless-one,tt3284178,2015,Portuguese,0,0
arabian-nights-volume-2-the-desolate-one,tt4692234,2015,Portuguese,0,0
arabian-nights-volume-3-the-enchanted-one,tt4692242,2015,Portuguese,0,0
araby,tt6400280,2017,Portuguese,0,0
arbitrage,tt1764183,2012,English,0,0
archipelago,tt8045226,2017,,0,0
architecton,tt18346498,2024,English,0,0
arco,tt14883538,2025,French,0,1
arctic,tt6820256,2018,Danish,0,0
are-we-there-yet,tt0368578,2005,English,0,0
are-you-there-god-its-me-margaret,tt9185206,2023,English,0,0
argentina-1985,tt15301048,2022,Spanish,0,0
argo,tt1024648,2012,Persian,2,5
arlington-road,tt0137363,1999,English,0,0
armadillo,tt1640680,2010,Danish,0,0
armageddon-time,tt10343028,2022,English,0,0
army-of-darkness,tt0106308,1992,English,0,0
army-of-shadows,tt0064040,1969,French,0,0
around-the-world-in-80-days,tt0327437,2004,English,0,0
arrebato-1979,tt4168698,2014,,0,0
arrival,tt2543164,2016,English,0,5
arthur,tt1334512,2011,English,0,0
arthur-and-the-invisibles,tt0344854,2006,English,0,0
arthur-christmas,tt1430607,2011,English,0,0
as-good-as-it-gets,tt0119822,1997,English,2,6
as-i-open-my-eyes,tt4400174,2015,French,0,0
ascension,tt12047436,2021,,0,0
ash-is-purest-white,tt7298400,2018,Standard Chinese,0,0
asia,tt10032266,2020,Hebrew,0,0
assassins,tt11394276,2020,Korean,0,0
assault-on-precinct-13-1976,tt0074156,1976,English,0,0
asteroid-city,tt14230388,2023,English,0,0
at-berkeley,tt3091552,2013,English,0,0
at-eternitys-gate,tt6938828,2018,English,0,1
atanarjuat-the-fast-runner,tt0285441,2001,Inuktitut,0,0
athena,tt15445056,2022,Arabic,0,0
athlete-a,tt11905462,2020,English,0,0
atlantic-city,tt0080388,1980,English,0,3
atlantics,tt10199586,2019,Wolof,0,0
atlantis,tt15119666,2021,Italian,0,0
atlantis-the-lost-empire,tt0230011,2001,Atlantean,0,0
atlas-shrugged-part-i,tt0480239,2011,English,0,0
atonement,tt0783233,2007,English,1,6
attack-the-block,tt1478964,2011,English,0,0
attenberg,tt1691323,2010,Greek,0,0
attica,tt12482898,2021,English,0,1
au-hasard-balthazar,tt0060138,1966,French,0,0
au-revoir-les-enfants,tt0092593,1987,German,0,2
audition,tt0235198,1999,Japanese,0,0
audrie-daisy,tt5278460,2016,English,0,0
august-rush,tt0426931,2007,English,0,0
augustine,tt2098628,2012,French,0,0
autumn-tale,tt0137439,1998,French,0,0
ava-2017,tt6194530,2017,French,0,0
avatar,tt0499549,2009,Na'vi,0,0
avengers-endgame,tt4154796,2019,English,0,0
avpr-aliens-vs-predator---requiem,tt0758730,2007,English,0,0
awakenings,tt0099077,1990,English,0,0
away,tt8288450,2019,Latvian,0,0
away-from-her,tt0491747,2006,English,0,0
away-we-go,tt1176740,2009,English,0,0
azor,tt11136276,2021,Spanish,0,0
babe,tt0112431,1995,English,0,0
babel,tt0449467,2006,English,0,0
babes,tt21276958,2024,English,0,0
babettes-feast,tt0092603,1987,Danish,1,1
baby-doll,tt0048973,1956,English,0,4
baby-driver,tt3890160,2017,English,0,2
baby-geniuses,tt0118665,1999,English,0,0
babygirl-2024,tt30057084,2024,English,0,0
babylon,tt10640346,2022,English,0,3
babylon-ad,tt0364970,2008,English,0,0
babyteeth,tt8399664,2019,English,0,0
back-to-the-future,tt0088763,1985,English,0,2
back-to-the-future-part-ii,tt0096874,1989,English,0,1
back-to-the-future-part-iii,tt0099088,1990,English,0,0
backdraft,tt0101393,1991,English,0,2
backrooms,tt26657236,2026,English,0,0
backspot,tt26739710,2023,English,0,0
bacurau,tt2762506,2019,Portuguese,0,0
bad-boys,tt0112442,1995,English,0,0
bad-boys-ii,tt0172156,2003,English,0,0
bad-education,tt0275491,2004,Spanish,0,0
bad-education-2019,tt8206668,2019,English,0,0
bad-hair,tt3074610,2013,English,0,0
bad-lieutenant,tt0103759,1992,English,0,0
bad-luck-banging-or-loony-porn,tt14033502,2021,Romanian,0,0
bad-teacher,tt1284575,2011,English,0,0
badlands,tt0069762,1973,English,0,0
bait-2019,tt33365145,2025,,0,0
ball-of-fire,tt0033373,1941,English,0,3
ballast,tt1153690,2008,English,0,0
ballet-422,tt3164198,2014,,0,0
ballets-russes,tt0436095,2005,English,0,0
ballistic-ecks-vs-sever,tt0308208,2002,English,0,0
bamako,tt0814666,2006,Wolof,0,0
bambi,tt0034492,1942,English,0,2
band-of-outsiders-re-release,tt0057869,1964,French,0,0
bandits,tt0219965,2001,English,0,0
banel-adama,tt26256406,2023,Pulaar,0,0
bangkok-dangerous,tt0814022,2008,English,0,0
baran,tt0233841,2001,Azerbaijani,0,0
barbara,tt2178941,2012,German,0,0
barbarian,tt15791034,2022,English,0,0
barbie,tt1517268,2023,English,0,5
barnyard,tt0414853,2006,English,0,0
barracuda,tt5663298,2017,English,0,0
barry,tt5477566,2016,English,0,0
barry-lyndon,tt0072684,1975,English,4,5
barton-fink,tt0101410,1991,English,0,3
basic-instinct,tt0103772,1992,English,0,2
basic-instinct-2,tt0430912,2006,English,0,0
bathtubs-over-broadway,tt6029778,2018,English,0,0
batman,tt0096895,1989,English,1,1
batman-forever,tt0112462,1995,English,0,2
batman-mask-of-the-phantasm,tt0106364,1993,English,0,0
batman-returns,tt0103776,1992,English,0,2
batman-robin,tt0118688,1997,English,0,0
battle-los-angeles,tt1217613,2011,English,0,0
battle-of-the-sexes,tt4622512,2017,English,0,0
battle-royale-2000,tt0266308,2000,Japanese,0,0
battleship-potemkin,tt0015648,1925,Russian,0,0
be-kind-rewind,tt0799934,2008,English,0,0
be-natural-the-untold-story-of-alice-guy-blache,tt3146022,2018,English,0,0
beach-rats,tt6303866,2017,English,0,0
bean,tt0118689,1997,English,0,0
beanpole,tt10199640,2019,Russian,0,0
beans,tt11735544,2020,English,0,0
beast,tt6463468,2018,,0,0
beastie-boys-story,tt11615290,2020,English,0,0
beastly,tt1152398,2011,English,0,0
beasts-of-no-nation,tt1365050,2015,English,0,0
beasts-of-the-southern-wild,tt2125435,2012,English,0,2
beatles-64,tt33986138,2024,,0,0
beats-2019,tt7524414,2019,Scottish English,0,0
beats-rhymes-life-the-travels-of-a-tribe-called-quest,tt1613023,2011,English,0,0
beau-travail,tt0209933,1999,French,0,0
beauty-and-the-beast-1991,tt0101414,1991,English,2,2
beauty-and-the-beast-re-release,tt0338769,2005,English,0,0
beavis-and-butt-head-do-america,tt0115641,1996,English,0,0
becoming-astrid,tt6433456,2018,Danish,0,0
becoming-cousteau,tt10334438,2021,English,0,0
bedazzled,tt0230030,2000,Russian,0,0
bedazzled-1967,tt0061391,1967,English,0,0
bedtime-stories,tt0960731,2008,English,0,0
bee-movie,tt0389790,2007,English,0,0
beetlejuice,tt0094721,1988,English,1,1
before-midnight,tt2209418,2013,Greek,0,1
before-night-falls,tt0247196,2000,Russian,0,1
before-sunrise,tt0112471,1995,English,0,0
before-sunset,tt0381681,2004,English,0,1
before-the-devil-knows-youre-dead,tt0292963,2007,English,0,0
beginners,tt1532503,2010,English,1,1
beginning,tt12235250,2020,,0,0
behemoth,tt7945574,2018,,0,0
behind-enemy-lines,tt0159273,2001,English,0,0
being-17,tt4331970,2016,French,0,0
being-elmo-a-puppeteers-journey,tt1787660,2011,English,0,0
being-evel,tt4076756,2015,English,0,0
being-john-malkovich,tt0120601,1999,English,0,2
being-there,tt0078841,1979,English,1,2
belfast,tt12789558,2021,English,1,4
belle-2021,tt12373754,2023,,0,0
bellflower,tt1242599,2011,English,0,0
belushi,tt5752346,2020,,0,0
ben-hur-1959,tt0052618,1959,English,10,10
bending-the-arc,tt6370266,2017,English,0,0
beneath-the-planet-of-the-apes,tt0065462,1970,English,0,0
benedetta,tt6823148,2021,French,0,0
benediction,tt20600384,2022,,0,0
beowulf,tt0442933,2007,English,0,0
berberian-sound-studio,tt1833844,2012,English,0,0
bergman-island,tt6910282,2021,English,0,0
bernie,tt1704573,2011,English,0,0
best-in-show,tt0218839,2000,English,0,0
best-of-enemies,tt3518012,2015,English,0,0
better-man,tt14260836,2024,English,0,1
betting-on-zero,tt3762912,2016,English,0,0
between-the-temples,tt27722375,2024,English,0,0
beverly-hills-cop,tt0086960,1984,English,0,1
beverly-hills-cop-ii,tt0092644,1987,English,0,0
beware-of-mr-baker,tt1931388,2012,English,0,0
bewitched,tt0374536,2005,English,0,0
beyond-the-hills,tt2258281,2012,Romanian,0,0
beyond-the-lights,tt3125324,2014,English,0,0
beyond-utopia,tt25470468,2023,Korean,0,0
bicentennial-man,tt0182789,1999,English,0,1
big-daddy,tt0142342,1999,English,0,0
big-fat-liar,tt0265298,2002,English,0,0
big-fish,tt0319061,2003,English,0,1
big-fish-begonia,tt1920885,2016,Chinese,0,0
big-hero-6,tt2245084,2014,English,1,1
big-men,tt2789532,2013,English,0,0
big-mommas-house,tt0208003,2000,English,0,0
big-mommas-house-2,tt0421729,2006,English,0,0
big-mommas-like-father-like-son,tt1464174,2011,English,0,0
big-night,tt0115678,1996,English,0,0
big-trouble-in-little-china,tt0090728,1986,English,0,0
bigger-stronger-faster,tt1151309,2008,English,0,0
bill-cunningham-new-york,tt1621444,2010,English,0,0
bill-nye-science-guy,tt4853154,2017,English,0,0
bill-teds-bogus-journey,tt0101452,1991,English,0,0
bill-teds-excellent-adventure,tt0096928,1989,English,0,0
bill-traylor-chasing-ghosts,tt9108510,2019,,0,0
billie,tt8019486,2019,English,0,0
billie-eilish---hit-me-hard-and-soft-the-tour-live-in-3d,tt39018643,2026,English,0,0
billy-elliot,tt0249462,2000,English,0,2
billy-madison,tt0112508,1995,English,0,0
bio-dome,tt0115683,1996,English,0,0
bird,tt0094747,1988,English,1,1
bird-2024,tt28277817,2024,English,0,0
bird-people,tt2368635,2014,English,0,0
birdboy-the-forgotten-children,tt5004766,2015,Spanish,0,0
birdman-or-the-unexpected-virtue-of-ignorance,tt2562232,2014,English,2,6
birds-of-passage,tt6386748,2018,Wayuu,0,0
birth,tt0337876,2004,English,0,0
birthrebirth,tt9048804,2023,English,0,0
bisbee-17,tt7520286,2018,English,0,0
bitterbrush,tt14299618,2021,,0,0
biutiful,tt1164999,2010,Standard Chinese,0,2
black-bag,tt30988739,2025,English,0,0
black-bear,tt9601220,2020,English,0,0
black-box-diaries,tt30227076,2024,Japanese,0,1
black-death,tt1181791,2010,Latin,0,0
black-hawk-down,tt0265086,2001,English,2,3
black-is-king,tt12607910,2020,English,0,0
black-mother,tt8099132,2018,,0,0
black-narcissus,tt0039192,1947,English,3,2
black-orpheus,tt0053146,1959,Portuguese,1,1
black-panther,tt1825683,2018,American English,3,3
black-sabbath,tt0057603,1963,Italian,0,0
black-snake-moan,tt0462200,2006,English,0,0
black-souls,tt3894190,2014,Italian,0,0
black-swan,tt0947798,2010,English,1,3
blackberry,tt21867434,2023,English,0,0
blackfish,tt2545118,2013,English,0,0
blackkklansman,tt7349662,2018,English,1,4
blade,tt0120611,1998,English,0,0
blade-ii,tt0187738,2002,Czech,0,0
blade-of-the-immortal,tt5084170,2017,Japanese,0,0
blade-runner,tt0083658,1982,English,0,2
blade-runner-2049,tt1856101,2017,English,2,4
blade-trinity,tt0359013,2004,English,0,0
blades-of-glory,tt0445934,2007,English,0,0
blancanieves,tt1854513,2012,Spanish,0,0
blast-from-the-past,tt0124298,1999,English,0,0
blaze-2018,tt6443294,2018,English,0,0
blind,tt1935089,2016,English,0,0
blinded-by-the-light,tt8266310,2019,English,0,0
blindness,tt0861689,2008,English,0,0
blindspotting,tt7242142,2018,English,0,0
blissfully-yours,tt0317171,2002,Thai,0,0
blitz-2024,tt15939198,2024,English,0,0
blknws-terms-conditions,tt17497960,2025,English,0,0
blood-brother,tt2265179,2013,Tamil,0,0
blood-simple,tt0086979,1984,English,0,0
bloodrayne,tt0383222,2005,English,0,0
bloody-nose-empty-pockets,tt11392114,2020,English,0,0
bloody-sunday,tt0280491,2002,English,0,0
blow,tt0221027,2001,English,0,0
blow-out,tt0082085,1981,English,0,0
blow-the-man-down,tt8299768,2019,English,0,0
blow-up,tt0060176,1966,English,0,1
blue-caprice,tt2027064,2013,English,0,0
blue-collar,tt0077248,1978,English,0,0
blue-film,tt34915693,2025,English,0,0
blue-heron,tt32252801,2025,English,0,0
blue-jasmine,tt2334873,2013,English,1,3
blue-jean,tt8649344,2022,English,0,0
blue-moon-2025,tt32536315,2025,English,0,2
blue-ruin,tt2359024,2013,English,0,0
blue-streak,tt0181316,1999,English,0,0
blue-sun-palace,tt32119297,2024,,0,0
blue-valentine,tt1120985,2010,English,0,1
blue-velvet,tt0090756,1986,English,0,0
bob-dylan-dont-look-back,tt0061589,1967,English,0,0
bob-trevino-likes-it,tt28613536,2024,English,0,0
bobby-fischer-against-the-world,tt1777551,2011,English,0,0
bobby-sands-66-days,tt5931144,2016,English,0,0
bobi-wine-the-peoples-president,tt21376900,2022,English,0,1
bodied,tt5883570,2017,English,0,0
body-heat,tt0082089,1981,English,0,0
body-of-lies,tt0758774,2008,English,0,0
boiling-point-2021,tt11127680,2021,English,0,0
bolt,tt0397892,2008,English,0,1
bombay-beach,tt1758576,2011,English,0,0
bombshell-1933,tt0023825,1933,English,0,0
bone-tomahawk,tt2494362,2015,English,0,0
bones-and-all,tt10168670,2022,English,0,0
bonnie-and-clyde,tt0061418,1967,English,2,7
boogie-nights,tt0118749,1997,English,0,3
book-of-shadows-blair-witch-2,tt0229260,2000,English,0,0
booksmart,tt1489887,2019,English,0,0
borat-cultural-learnings-of-america-for-make-benefit-glorious-nation-of-kazakhstan,tt0443453,2006,English,0,1
border,tt11007024,2018,,0,0
born-into-brothels-calcuttas-red-light-kids,tt0388789,2004,English,1,0
born-on-the-fourth-of-july,tt0096969,1989,English,1,6
both-sides-of-the-blade,tt13535920,2022,French,0,0
bottle-rocket,tt0115734,1996,English,0,0
bottoms,tt17527468,2023,English,0,0
bowling-for-columbine,tt0310793,2002,English,1,0
boyhood,tt1065073,2014,English,1,4
boys-dont-cry,tt0171804,1999,English,1,2
boys-go-to-jupiter,tt31021863,2024,English,0,0
boys-state,tt11095742,2020,English,0,0
boyz-n-the-hood,tt0101507,1991,English,0,1
brads-status,tt5884230,2017,English,0,0
brand-upon-the-brain!,tt0443455,2006,,0,0
brawl-in-cell-block-99,tt5657856,2017,English,0,0
brazil,tt0088846,1985,English,0,2
bread-roses,tt27599265,2023,,0,0
breakdown,tt0118771,1997,English,0,0
breakfast-at-tiffanys,tt0054698,1961,English,1,4
breaking-away,tt0078902,1979,English,1,3
breaking-the-waves,tt0115751,1996,English,0,1
breath,tt11075870,2019,,0,0
breathe,tt32146623,2014,,0,0
breathless-1960,tt0053472,1960,English,0,0
bride-of-chucky,tt0144120,1998,English,0,0
bride-wars,tt0901476,2009,English,0,0
bridesmaids,tt1478338,2011,English,0,2
bridge-of-spies,tt3682448,2015,Russian,1,5
bridge-to-terabithia,tt0398808,2007,English,0,0
bridget-jones-mad-about-the-boy,tt32063050,2025,English,0,0
bridget-joness-diary,tt0243155,2001,English,0,1
brief-encounter,tt0037558,1945,English,0,2
bright-star,tt0810784,2009,English,0,1
bring-her-back,tt32246771,2025,English,0,0
bring-it-on,tt0204946,2000,English,0,0
bring-me-the-head-of-alfredo-garcia,tt0071249,1974,English,0,0
bringing-out-the-dead,tt0163988,1999,English,0,0
bringing-up-baby,tt0029947,1938,English,0,0
brittany-runs-a-marathon,tt7671064,2019,English,0,0
broadcast-news,tt0092699,1987,English,0,6
broadway-danny-rose,tt0087003,1984,English,0,1
brokeback-mountain,tt0388795,2005,English,2,6
broken-arrow,tt0115759,1996,English,0,0
broken-embraces,tt0913425,2009,English,0,0
broken-flowers,tt0412019,2005,English,0,0
broker,tt13056052,2022,Korean,0,0
bronson,tt1172570,2008,English,0,0
brooklyn,tt2381111,2015,Scottish Gaelic,0,2
brooklyn-45,tt16431882,2023,English,0,0
brooklyn-castle,tt1800266,2012,English,0,0
brooklyns-finest,tt1210042,2009,English,0,0
bros,tt9731598,2022,English,0,0
brother-bear,tt0328880,2003,Inuktitut,0,1
brotherhood-of-the-wolf,tt0237534,2001,Italian,0,0
brothers,tt0765010,2009,English,0,0
brothers-keeper,tt0103888,1992,English,0,0
bruiser,tt21833464,2022,English,0,0
brute-force,tt0039224,1947,English,0,0
buck,tt1753549,2011,English,0,0
bucky-larson-born-to-be-a-star,tt1411664,2011,English,0,0
buena-vista-social-club,tt0186508,1999,English,0,1
buffy-the-vampire-slayer,tt0103893,1992,English,0,0
bugonia,tt12300742,2025,English,0,2
bugsy,tt0101516,1991,English,2,7
bull-2022,tt13266998,2021,English,0,0
bullitt,tt0062765,1968,English,1,2
bunny-lake-is-missing,tt0058997,1965,English,0,0
bunraku,tt1181795,2010,English,0,0
buouel-in-the-labyrinth-of-the-turtles,tt7336470,2018,Spanish,0,0
buried,tt1462758,2010,English,0,0
burma-vj-reporter-i-et-lukket-land,tt1333634,2008,Burmese,0,1
burn-after-reading,tt0887883,2008,English,0,0
burning,tt7282468,2018,Korean,0,0
burning-bush,tt2543184,2010,,0,0
burning-cane,tt7358154,2019,English,0,0
bus-174,tt0340468,2002,Portuguese,0,0
butch-cassidy-and-the-sundance-kid,tt0064115,1969,English,3,4
buzzard,tt2656588,2014,English,0,0
by-the-grace-of-god,tt5829490,2018,,0,0
ca-commence-aujourdhui,tt0186730,1999,French,0,0
cabaret,tt0068327,1972,English,7,8
cabin-fever,tt0303816,2002,English,0,0
cactus-pears,tt29310002,2025,Marathi,0,0
caddyshack,tt0080487,1980,English,0,0
caesar-must-die,tt2177511,2012,Italian,0,0
cafe-lumiere,tt0412596,2003,Japanese,0,0
cairo-conspiracy,tt15452062,2022,Arabic,0,0
calibre,tt6218358,2018,English,0,0
california-split,tt0071269,1974,English,0,0
call-me-by-your-name,tt5726616,2017,English,1,3
call-me-kuchu,tt2088714,2012,English,0,0
calle-54,tt0260775,2000,Spanish,0,0
calvary,tt2234003,2014,,0,0
cam,tt8361028,2018,English,0,0
cameraperson,tt5375040,2016,English,0,0
can-you-ever-forgive-me,tt4595882,2018,English,0,3
candyman,tt0103919,1992,English,0,0
candyman-2020,tt9347730,2021,English,0,0
capernaum,tt8267604,2018,Arabic,0,0
capitalism-a-love-story,tt1232207,2009,Russian,0,0
capote,tt0379725,2005,English,1,3
captain-america-civil-war,tt3498820,2016,English,0,0
captain-blood,tt0026174,1935,English,0,3
captain-fantastic,tt3553976,2016,English,0,1
captain-phillips,tt1535109,2013,Somali,0,4
captains-courageous,tt0028691,1937,English,1,3
capturing-the-friedmans,tt0342172,2003,English,0,1
career-girls,tt0118818,1997,English,0,0
carlos,tt33398096,2010,Arabic,0,0
carnal-knowledge,tt0066892,1971,English,0,1
carol,tt2402927,2015,English,0,6
carolina-caroline,tt33365126,2025,English,0,0
carrie-1976,tt0074285,1976,English,0,2
cars-2,tt1216475,2011,English,0,0
cartel-land,tt4126304,2015,English,0,1
casablanca,tt0034583,1942,English,1,6
cashback,tt0460740,2006,English,0,0
casino,tt0112641,1995,English,0,1
casino-royale,tt0381061,2006,English,0,0
casper,tt0112642,1995,English,0,0
cassandro,tt14954534,2023,English,0,0
cast-away,tt0162222,2000,English,0,2
casting-jonbenet,tt6333052,2017,English,0,0
castle-in-the-sky,tt0092067,1986,Japanese,0,0
cat-on-a-hot-tin-roof,tt0051459,1958,English,0,4
cat-people-1942,tt0034587,1942,English,0,0
catch-me-if-you-can,tt0264464,2002,English,0,2
catch-the-fair-one,tt11304504,2021,English,0,0
catfish,tt1584016,2010,English,0,0
catherine-called-birdy,tt11727866,2022,English,0,0
cats-dogs-the-revenge-of-kitty-galore,tt1287468,2010,English,0,0
catwoman,tt0327554,2004,English,0,0
caught-by-the-tides,tt27958252,2024,Mandarin,0,0
cave-of-forgotten-dreams,tt1664894,2010,English,0,0
cedar-rapids,tt1477837,2011,English,0,0
cellular,tt0337921,2004,English,0,0
cemetery-of-splendor,tt2818654,2015,Thai,0,0
censored-voices,tt3457376,2015,Hebrew,0,0
central-station,tt0140888,1998,Portuguese,0,2
centurion,tt1020558,2010,English,0,0
certain-women,tt4468634,2016,English,0,0
certified-copy,tt1020773,2010,English,0,0
chainsaw-man---the-movie-reze-arc,tt30472557,2025,Japanese,0,0
challengers,tt16426418,2024,English,0,0
changeling,tt0824747,2008,English,0,3
changing-lanes,tt0264472,2002,English,0,0
changing-the-game,tt22335852,2022,,0,0
chaos,tt0402910,2005,English,0,0
charade,tt0056923,1963,English,0,0
chariots-of-fire,tt0082158,1981,English,3,5
charlie-st-cloud,tt1438254,2010,English,0,0
charlie-the-life-and-art-of-charles-chaplin,tt0379730,2003,English,0,0
charlies-angels,tt0160127,2000,English,0,0
charlies-angels-full-throttle,tt0305357,2003,English,0,0
charlies-country,tt3244512,2013,English,0,0
charlottes-web,tt0413895,2006,English,0,0
chasing-amy,tt0118842,1997,English,0,0
chasing-chasing-amy,tt10825052,2023,English,0,0
chasing-coral,tt6333054,2017,English,0,0
chasing-ice,tt1579361,2012,English,0,0
cheaper-by-the-dozen,tt0349205,2003,English,0,0
cheaper-by-the-dozen-2,tt0452598,2005,English,0,0
cheatin,tt2361846,2013,English,0,0
chevalier,tt3526706,2015,Greek,0,0
chi-raq,tt4594834,2015,English,0,0
chicago,tt0299658,2002,English,5,10
chicken-for-linda!,tt21042126,2023,French,0,0
chicken-little,tt0371606,2005,English,0,0
chicken-run,tt0120630,2000,English,0,0
chico-rita,tt1235830,2009,English,0,1
children-of-a-lesser-god,tt0090830,1986,English,1,4
children-of-heaven,tt0118849,1997,Persian,0,1
children-of-men,tt0206634,2006,English,0,3
children-of-paradise-1945,tt0037674,1945,French,0,1
children-of-the-sea,tt9850064,2019,Japanese,0,0
children-underground,tt0264476,2001,Romanian,0,1
childs-play-2,tt0099253,1990,English,0,0
childs-play-3,tt0103956,1991,English,0,0
childs-pose,tt2187115,2013,Romanian,0,0
chile-76,tt19758012,2022,Spanish,0,0
chimes-at-midnight,tt0059012,1965,English,0,0
chinatown,tt0071315,1974,English,1,9
chloe,tt1352824,2009,English,0,0
chocolat,tt0241303,2000,English,0,4
chocolat-1989,tt0094868,1988,French,0,0
chop-shop,tt0990404,2007,English,0,0
chris-don-a-love-story,tt1138002,2007,English,0,0
christine,tt4666726,2016,English,0,0
christine-1983,tt0085333,1983,English,0,0
christmas-again,tt3894188,2014,English,0,0
christmas-eve-in-millers-point,tt25052668,2024,English,0,0
christmas-with-the-kranks,tt0388419,2004,English,0,0
chungking-express,tt0109424,1994,Cantonese,0,0
cinderella-1950,tt0042332,1950,English,0,2
cinema-paradiso,tt0095765,1988,Italian,1,1
circus-of-books,tt8727582,2019,English,0,0
cirque-du-freak-the-vampires-assistant,tt0450405,2009,English,0,0
citizen-ashe,tt7972668,2021,,0,0
citizen-k,tt10703826,2019,Russian,0,0
citizen-kane-1941,tt0033467,1941,English,1,7
citizenfour,tt4044364,2014,Portuguese,1,0
city-hall,tt12094720,2020,English,0,0
city-lights,tt0021749,1931,English,0,0
city-of-ember,tt0970411,2008,English,0,0
city-of-ghosts-2017,tt6333056,2017,Arabic,0,0
city-of-god,tt0317248,2002,Portuguese,0,3
city-of-gold,tt2614776,2015,English,0,0
city-of-life-and-death,tt1124052,2009,Standard Chinese,0,0
civil-war,tt17279496,2024,English,0,0
claires-camera,tt5989220,2017,Korean,0,0
clara-sola,tt12637442,2021,Spanish,0,0
clash,tt5599692,2016,Arabic,0,0
clash-of-the-titans,tt0800320,2010,English,0,0
clear-and-present-danger,tt0109444,1994,English,0,1
clemency,tt5577494,2019,English,0,0
cleo-from-5-to-7,tt0055852,1962,French,0,0
clerks-ii,tt0424345,2006,English,0,0
click,tt0389860,2006,English,0,1
close-2022,tt9660502,2022,Flemish Dutch,0,1
close-encounters-of-the-third-kind,tt0075860,1977,English,1,7
close-up,tt0326808,1996,English,0,0
close-your-eyes-2023,tt21284358,2023,Spanish,0,0
closed-curtain,tt2626926,2013,Persian,0,0
closer,tt0376541,2004,English,0,2
closet-monster,tt3638396,2015,English,0,0
cloud,tt32828123,2024,Japanese,0,0
clouds-of-sils-maria,tt2452254,2014,English,0,0
cloverfield,tt1060277,2008,English,0,0
clue,tt0088930,1985,English,0,0
clueless,tt0112697,1995,English,0,0
cmon-cmon,tt10986222,2021,English,0,0
coal-miners-daughter,tt0080549,1980,English,1,6
cobra,tt0090859,1986,English,0,0
cocktail,tt0094889,1988,English,0,0
coco-2017,tt2380307,2017,English,2,2
coda-2021,tt10366460,2021,American Sign Language,2,2
code-black,tt2759372,2013,English,0,0
coded-bias,tt11394170,2020,,0,0
coffee-and-cigarettes,tt0379217,2003,English,0,0
cold-case-hammarskjold,tt9352780,2019,Bemba,0,0
cold-comfort-farm,tt0112701,1995,English,0,0
cold-in-july,tt1179031,2014,English,0,0
cold-war,tt6543652,2018,Polish,0,1
colette,tt5437928,2018,English,0,0
collateral,tt0369339,2004,English,0,2
collateral-damage,tt0233469,2002,English,0,0
collective,tt10706602,2019,Romanian,0,2
colombiana,tt1657507,2011,English,0,0
columbus,tt5990474,2017,English,0,0
come-as-you-are,tt6722726,2019,English,0,0
come-from-away,tt7638556,2021,English,0,0
come-see-me-in-the-good-light,tt34966013,2025,English,0,1
coming-home,tt3008180,2014,,0,0
coming-to-america,tt0094898,1988,English,0,2
commando,tt0088944,1985,English,0,0
companion,tt26584495,2025,English,0,0
computer-chess,tt2007360,2013,English,0,0
con-air,tt0118880,1997,English,0,1
conan-the-barbarian,tt0082198,1982,English,0,0
conan-the-barbarian-2011,tt0816462,2011,English,0,0
conan-the-destroyer,tt0087078,1984,English,0,0
concert-for-george,tt0380275,2003,English,0,0
conclave,tt20215234,2024,English,1,7
concrete-utopia,tt13086266,2023,Korean,0,0
confessions-of-a-dangerous-mind,tt0270288,2002,Spanish,0,0
confessions-of-a-shopaholic,tt1093908,2009,English,0,0
congo,tt0112715,1995,English,0,0
conspiracy-theory,tt0118883,1997,English,0,0
constantine,tt0360486,2005,English,0,0
contagion,tt1598778,2011,English,0,0
control,tt0421082,2007,English,0,0
control-room,tt0391024,2004,English,0,0
conviction,tt1244754,2010,English,0,0
cool-hand-luke,tt0061512,1967,English,1,4
cop-out,tt1385867,2010,English,0,0
copa-71,tt18163414,2023,English,0,0
copycat,tt0112722,1995,English,0,0
coraline,tt0327597,2009,English,0,1
coriolanus,tt1372686,2011,English,0,0
corpse-bride,tt0121164,2005,English,0,1
corpus-christi,tt8649186,2019,Polish,0,0
corsage,tt11992694,2022,Hungarian,0,0
cosmos,tt4035268,2015,French,0,0
costa-brava-lebanon,tt9860858,2021,Arabic,0,0
countdown-to-zero,tt1572769,2010,English,0,0
couples-retreat,tt1078940,2009,English,0,0
courage-under-fire,tt0115956,1996,English,0,0
courageous,tt1630036,2011,English,0,0
court,tt3717068,2014,Gujarati,0,0
cover-up,tt37660887,2025,,0,0
cow,tt11548822,2021,,0,0
cowboys-aliens,tt0409847,2011,English,0,0
coyote-vs-acme,tt1756855,2026,English,0,0
crank,tt0479884,2006,English,0,0
crash,tt0375679,2004,English,2,3
crash-1997,tt0115964,1996,English,0,0
crazy-heart,tt1263670,2009,English,1,2
crazy-not-insane,tt11668320,2020,,0,0
crazy-rich-asians,tt3104988,2018,Malay,0,0
crazy-stupid-love,tt1570728,2011,English,0,0
creed,tt3076658,2015,English,0,1
creed-iii,tt11145118,2023,English,0,0
creepshow,tt0083767,1982,English,0,0
creepy,tt4900708,2016,Japanese,0,0
crime-+-punishment,tt7689908,2018,,0,0
crime-after-crime,tt1746153,2011,English,0,0
crimes-and-misdemeanors,tt0097123,1989,English,0,2
crimson-gold,tt0371280,2003,Persian,0,0
crimson-tide,tt0112740,1995,English,0,2
cronos,tt0104029,1992,Spanish,0,0
cropsey,tt1277936,2009,English,0,0
crossing,tt27417166,2024,Georgian,0,0
crossroads,tt0275022,2002,English,0,0
crouching-tiger-hidden-dragon,tt0190332,2000,Chinese,4,7
cruel-intentions,tt0139134,1999,English,0,0
crumb,tt0109508,1994,English,0,0
cryptozoo,tt13622118,2021,English,0,0
cube,tt0123755,1997,English,0,0
cure,tt0123948,1997,Japanese,0,0
custody,tt6002232,2017,French,0,0
cutie-and-the-boxer,tt2355540,2013,Japanese,0,1
cyrano-de-bergerac,tt0099334,1990,French,1,5
cyrus,tt1327709,2010,English,0,0
da-5-bloods,tt9777644,2020,English,0,1
daaaaaali,tt23476446,2023,French,0,0
daddy-day-care,tt0317303,2003,English,0,0
daddy-longlegs,tt1426362,2009,English,0,0
dahomey,tt31015216,2024,French,0,0
dallas-buyers-club,tt0790636,2013,English,3,5
dan-in-real-life,tt0480242,2007,English,0,0
dancer-in-the-dark,tt0168629,2000,English,0,0
dances-with-wolves,tt0099348,1990,English,5,10
dantes-peak,tt0118928,1997,English,0,0
daredevil,tt0287978,2003,English,0,0
dark-city,tt0118929,1998,English,0,0
dark-horse-2016,tt11202888,2020,,0,0
dark-money,tt6633182,2018,English,0,0
dark-waters,tt9071322,2019,English,0,0
darkest-hour,tt4555426,2017,English,2,5
darkman,tt0099365,1990,English,0,0
darkness-falls,tt0282209,2003,English,0,0
darwins-nightmare,tt0424024,2004,German,0,1
das-boot,tt0082096,1981,German,0,4
date-movie,tt0466342,2006,English,0,0
date-night,tt1279935,2010,English,0,0
daughter-from-danang,tt0303281,2002,English,0,1
daughters,tt12336480,2024,English,0,0
daughters-of-the-dust,tt0104057,1991,Gullah,0,0
dave-chappelles-block-party,tt0425598,2005,English,0,0
david-byrnes-american-utopia,tt11874226,2020,English,0,0
david-copperfield,tt0026266,1935,English,0,2
david-crosby-remember-my-name,tt5884004,2019,English,0,0
david-lynch-the-art-life,tt1691152,2016,English,0,0
dawn-of-the-dead,tt0363547,2004,English,0,0
dawn-of-the-dead-1979,tt0077402,1978,English,0,0
dawn-of-the-planet-of-the-apes,tt2103281,2014,English,0,1
dawson-city-frozen-time,tt5215486,2016,English,0,0
day-of-the-dead,tt0088993,1985,English,0,0
daylight,tt1254978,2010,,0,0
days,tt11697820,2020,traditional Chinese characters,0,0
days-of-being-wild-re-release,tt0101258,1990,Cantonese,0,0
days-of-glory,tt0444182,2006,French,0,1
days-of-heaven-re-release,tt0077405,1978,English,1,4
days-of-thunder,tt0099371,1990,English,0,1
dazed-and-confused,tt0106677,1993,English,0,0
de-humani-corporis-fabrica,tt19783948,2022,French,0,0
de-palma,tt1683048,2015,English,0,0
dead-man,tt0112817,1995,English,0,0
dead-man-walking,tt0112818,1995,English,1,2
dead-mans-burden,tt2094155,2012,English,0,0
dead-pigs,tt7476810,2018,,0,0
dead-poets-society,tt0097165,1989,English,1,2
dead-ringers,tt0094964,1988,English,0,0
dead-snow,tt1278340,2009,Norwegian,0,0
deaf-president-now!,tt34965967,2025,American Sign Language,0,0
dear-comrades!,tt10796286,2020,Russian,0,0
dear-john,tt0989757,2010,English,0,0
dear-white-people,tt2235108,2014,English,0,0
dear-zachary-a-letter-to-a-son-about-his-father,tt1152758,2008,English,0,0
death-at-a-funeral,tt1321509,2010,English,0,0
death-at-a-funeral-2007,tt0795368,2007,English,0,0
death-race,tt0452608,2008,English,0,0
death-sentence,tt0804461,2007,English,0,0
decision-to-leave,tt12477480,2022,Korean,0,0
declaration-of-war,tt1931470,2011,French,0,0
deep-blue-sea,tt0149261,1999,English,0,0
deep-impact,tt0120647,1998,English,0,0
deep-red,tt0073582,1975,Italian,0,0
deep-sea,tt0373787,2003,,0,0
deep-water,tt0460766,2006,English,0,0
defiance,tt1034303,2008,English,0,1
definitely-maybe,tt0832266,2008,English,0,0
deja-vu,tt0453467,2006,English,0,0
delicatessen,tt0101700,1991,French,0,0
deliver-us-from-evil,tt0814075,2006,English,0,1
deliverance,tt0068473,1972,English,0,1
demolition-man,tt0106697,1993,English,0,0
demon,tt4935158,2015,Polish,0,0
demon-slayer--kimetsu-no-yaiba--the-movie-mugen-train,tt11032374,2020,Japanese,0,0
departures,tt1069238,2008,Japanese,1,1
derek-delgaudios-in-of-itself,tt11916302,2020,,0,0
descendant,tt16376494,2022,English,0,0
desire,tt0027515,1936,English,0,0
despicable-me,tt1323594,2010,English,0,0
destry-rides-again,tt0031225,1939,English,0,0
detective-story,tt0043465,1951,English,0,3
detroit,tt5390504,2017,English,0,0
deuce-bigalow-european-gigolo,tt0367652,2005,English,0,0
deuce-bigalow-male-gigolo,tt0205000,1999,English,0,0
devil,tt1314655,2010,English,0,0
devil-in-a-blue-dress,tt0112857,1995,English,0,0
devo,tt27210519,2024,,0,0
dheepan,tt4082068,2015,Tamil,0,0
dial-m-for-murder,tt0046912,1954,English,0,0
diamantino,tt6522668,2018,Portuguese,0,0
diamond-men,tt0200427,2000,English,0,0
diamonds-are-forever,tt0066995,1971,English,0,1
diane,tt6705860,2018,English,0,0
diary-of-a-wimpy-kid,tt1196141,2010,English,0,0
diary-of-the-dead,tt0848557,2007,English,0,0
dick-johnson-is-dead,tt11394180,2020,English,0,0
did-you-wonder-who-fired-the-gun,tt6370614,2017,,0,0
didi,tt30319503,2024,Mandarin,0,0
die-hard,tt0095016,1988,English,0,3
die-hard-2,tt0099423,1990,English,0,0
die-hard-with-a-vengeance,tt0112864,1995,English,0,0
die-my-love,tt9362736,2025,English,0,0
diego-maradona,tt5433114,2019,English,0,0
dig!,tt0388888,2004,English,0,0
diner,tt0083833,1982,English,0,1
dinner-for-schmucks,tt0427152,2010,English,0,0
dinner-in-america,tt9058654,2020,English,0,0
dinosaur,tt0130623,2000,English,0,0
dior-and-i,tt3539664,2014,English,0,0
diplomacy,tt3129564,2014,German,0,0
dirty-dancing,tt0092890,1987,English,1,0
dirty-god,tt7334342,2019,English,0,0
dirty-harry,tt0066999,1971,English,0,0
dirty-pretty-things,tt0301199,2002,Somali,0,1
dirty-rotten-scoundrels,tt0095031,1988,English,0,0
dirty-wars,tt2532528,2013,Dari,0,1
disaster-movie,tt1213644,2008,English,0,0
disclosure-2020,tt7933796,2020,,0,0
disclosure-day,tt15047880,2026,English,0,0
disco-boy,tt22180518,2023,French,0,0
disobedience,tt6108178,2017,English,0,0
distant,tt0346094,2002,Turkish,0,0
distant-voices-still-lives,tt0095037,1988,English,0,0
district-13-ultimatum,tt1247640,2009,French,0,0
district-9,tt1136608,2009,English,0,3
district-b13,tt0414852,2004,French,0,0
disturbia,tt0486822,2007,English,0,0
divide-and-conquer-the-story-of-roger-ailes,tt6471628,2018,English,0,0
divine-love,tt8311958,2019,Portuguese,0,0
divines,tt4730986,2016,French,0,0
django-unchained,tt1853728,2012,English,2,3
do-not-expect-too-much-from-the-end-of-the-world,tt18162096,2023,Romanian,0,0
do-the-right-thing,tt0097216,1989,English,0,2
doa-dead-or-alive,tt0398913,2006,English,0,0
doctor-strange,tt1211837,2016,English,0,1
dodgeball-a-true-underdog-story,tt0364725,2004,English,0,0
dog-day-afternoon,tt0072890,1975,English,1,4
dogma,tt0120655,1999,English,0,0
dogman,tt6768578,2018,Italian,0,0
dogtooth,tt1379182,2009,Greek,0,1
dogville,tt0276919,2003,English,0,0
dolemite-is-my-name,tt8526872,2019,English,0,0
dolores,tt6013154,2017,English,0,0
dolphin-tale,tt1564349,2011,English,0,0
donald-cried,tt4442604,2016,English,0,0
donbass,tt8282042,2018,Ukrainian,0,0
donnie-brasco,tt0119008,1997,English,0,1
donnie-darko,tt0246578,2001,English,0,0
dont-be-afraid-of-the-dark,tt1270761,2010,English,0,0
dont-breathe,tt4160708,2016,English,0,0
dont-call-me-son,tt5452964,2016,Portuguese,0,0
dont-lets-go-to-the-dogs-tonight,tt32944883,2024,Shona,0,0
dont-look-now,tt0069995,1973,English,0,0
dont-say-good-luck,tt36590417,2026,English,0,0
dont-think-twice,tt4972062,2016,English,0,0
doom,tt0419706,2005,English,0,0
doomsday,tt0483607,2008,English,0,0
dope,tt3850214,2015,English,0,0
dos-estaciones,tt16279390,2022,Spanish,0,0
double-indemnity,tt0036775,1944,English,0,5
double-jeopardy,tt0150377,1999,English,0,0
doubt,tt0918927,2008,English,0,4
downfall,tt1557561,2005,,0,0
downhill-racer,tt0064253,1969,English,0,0
dr-jekyll-and-mr-hyde,tt0022835,1931,English,1,3
dr-no,tt0055928,1962,English,0,0
dr-strangelove-or-how-i-learned-to-stop-worrying-and-love-the-bomb,tt0057012,1964,English,0,2
dracula-1931,tt0021814,1931,English,0,0
dracula-2000,tt0219653,2000,English,0,0
dracula-pages-from-a-virgins-diary,tt0293113,2002,English,0,0
drag-me-to-hell,tt1127180,2009,English,0,0
dragonball-evolution,tt1098327,2009,Japanese,0,0
dragonslayer,tt1633989,2011,English,0,0
dream-house-2011,tt1462041,2011,English,0,0
dream-scenario,tt21942866,2023,English,0,0
dreamcatcher,tt0285531,2003,English,0,0
dreamcatcher-2015,tt3215846,2015,English,0,0
dreamgirls,tt0443489,2006,English,2,5
dreams-drommer,tt31710990,2025,English,0,0
dreams-in-nightmares,tt32765596,2024,,0,0
drinking-buddies,tt2265398,2013,English,0,0
drive,tt0780504,2011,English,0,0
drive-my-car,tt14039582,2021,Japanese,1,2
driveways,tt9318280,2019,English,0,0
driving-miss-daisy,tt0097239,1989,English,3,8
drug-war,tt2165735,2012,Mandarin,0,0
drugstore-cowboy,tt0097240,1989,English,0,0
drunk-stoned-brilliant-dead-the-story-of-the-national-lampoon--0001,tt1674785,2015,English,0,0
duck-soup,tt0023969,1933,English,0,0
dude-wheres-my-car,tt0242423,2000,English,0,0
due-date,tt1231583,2010,English,0,0
duel,tt0067023,1971,English,0,0
duma,tt0361715,2005,English,0,0
dumb-and-dumber,tt0109686,1994,English,0,0
dumb-and-dumberer-when-harry-met-lloyd,tt0329028,2003,English,0,0
dumbo-1941,tt0033563,1941,English,1,1
dune-part-one,tt1160419,2021,English,6,9
dune-part-two,tt15239678,2024,English,2,4
dungeons-dragons,tt0190374,2000,English,0,0
dungeons-dragons-honor-among-thieves,tt2906216,2023,English,0,0
dunkirk,tt5013056,2017,French,2,5
duplex,tt0266489,2003,English,0,0
dust-bunny,tt23172090,2025,English,0,0
eagle-eye,tt1059786,2008,English,0,0
early-spring,tt0057713,1963,,0,0
earth-mama,tt18382328,2023,English,0,0
easier-with-practice,tt1217426,2009,English,0,0
east-of-wall,tt21349688,2025,English,0,0
eastern-boys,tt2991092,2013,Ukrainian,0,0
eastern-promises,tt0765443,2007,Russian,0,1
easy-a,tt1282140,2010,English,0,0
easy-money,tt1291652,2010,Swedish,0,0
easy-rider,tt0064276,1969,English,0,2
eat-drink-man-woman,tt0111797,1994,Mandarin,0,1
eat-pray-love,tt0879870,2010,English,0,0
eat-that-question-frank-zappa-in-his-own-words,tt5275830,2016,German,0,0
ed-wood,tt0109707,1994,English,2,2
eden-2014,tt5975878,2015,,0,0
eden-lake,tt1020530,2008,English,0,0
edge-of-tomorrow,tt1631867,2014,English,0,0
eephus,tt28332337,2024,English,0,0
egg,tt9581172,2019,Mongolian,0,0
eight-crazy-nights,tt0271263,2002,English,0,0
eight-legged-freaks,tt0271367,2002,English,0,0
eighth-grade,tt7014006,2018,English,0,0
eileen,tt5198890,2023,English,0,0
el-cid,tt0054847,1961,English,0,2
el-conde,tt21113540,2023,English,0,1
el-dorado,tt0061619,1966,English,0,0
el-mariachi,tt0104815,1992,Spanish,0,0
el-planeta,tt12788368,2021,,0,0
elaine-stritch-shoot-me,tt2405792,2013,English,0,0
election-1999,tt0126886,1999,English,0,1
elektra,tt0357277,2005,English,0,0
elena,tt2475154,2012,Portuguese,0,0
elena-2014,tt3747268,2014,,0,0
elephant,tt0363589,2003,English,0,0
elevator-to-the-gallows,tt0051378,1958,French,0,0
elizabeth,tt0127536,1998,English,1,6
elizabeth-taylor-the-lost-tapes,tt8510508,2024,,0,0
elizabeth-the-golden-age,tt0414055,2007,English,1,2
ella-enchanted,tt0327679,2004,English,0,0
elle,tt3716530,2016,French,0,1
ema,tt13023100,2020,,0,0
embrace-of-the-serpent,tt4285496,2015,Spanish,0,1
emergency,tt13650600,2022,,0,0
emily-2022,tt28803061,2023,,0,0
emily-the-criminal,tt15255876,2022,English,0,0
emma-2020,tt9214832,2020,English,0,2
empire-of-the-sun,tt0092965,1987,English,0,6
encanto-2021,tt2953050,2021,English,1,2
enchanted,tt0461770,2007,English,0,0
encounters-at-the-end-of-the-world,tt1093824,2007,English,0,1
end-of-days,tt0146675,1999,English,0,0
end-of-sentence,tt6910006,2019,English,0,0
end-of-the-century-2019,tt9845398,2019,Spanish,0,0
endless-poetry,tt4451458,2016,Spanish,0,0
enemies-of-the-state,tt10388028,2020,,0,0
enemy-at-the-gates,tt0215750,2001,English,0,0
ennio,tt3031654,2021,English,0,0
enough,tt0278435,2002,English,0,0
enough-said,tt2390361,2013,English,0,0
enron-the-smartest-guys-in-the-room,tt1016268,2005,English,0,1
enter-the-dragon,tt0070034,1973,English,0,0
enter-the-void,tt1191111,2009,English,0,0
entrapment,tt0137494,1999,English,0,0
enys-men,tt11698800,2022,Cornish,0,0
eo,tt19652910,2022,Polish,0,1
epic-elvis-presley-in-concert,tt35003538,2025,English,0,0
epic-movie,tt0799949,2007,English,0,0
equilibrium,tt0238380,2002,English,0,0
eragon,tt0449010,2006,English,0,0
eraser,tt0116213,1996,English,0,0
eraserhead,tt0074486,1977,English,0,0
ernest-celestine,tt1816518,2012,French,0,1
ernest-cole-lost-and-found,tt27760132,2024,English,0,0
erupcja,tt33712666,2025,English,0,0
escape-from-mogadishu,tt14810692,2021,Korean,0,0
escape-from-new-york,tt0082340,1981,English,0,0
escape-from-the-planet-of-the-apes,tt0067065,1971,English,0,0
escapes,tt6815320,2017,,0,0
et-the-extra-terrestrial,tt0083866,1982,English,3,6
eternal-beauty,tt5362940,2019,English,0,0
eternal-spring,tt20199286,2022,Mandarin,0,0
eternal-sunshine-of-the-spotless-mind,tt0338013,2004,English,1,2
eternal-you,tt30320493,2024,Korean,0,0
eternity-and-a-day,tt0156794,1998,Greek,0,0
ethel-ernest,tt1725969,2016,English,0,0
eureka,tt0243889,2000,Japanese,0,0
eurotrip,tt0356150,2004,English,0,0
euthanizer,tt6505968,2017,Finnish,0,0
evan-almighty,tt0413099,2007,English,0,0
evangelion-20-you-can-not-advance,tt0860906,2009,Japanese,0,0
evangelion-30+10-thrice-upon-a-time,tt2458948,2021,Japanese,0,0
event-horizon,tt0119081,1997,English,0,0
everlasting-moments,tt0961066,2008,Swedish,0,0
every-body,tt27074938,2023,English,0,0
every-little-step,tt0977648,2008,English,0,0
everybody-wants-some!!,tt2937696,2016,English,0,0
everybodys-everything,tt9617716,2019,,0,0
everyone-else,tt1204773,2009,German,0,0
everything-everywhere-all-at-once,tt6710474,2022,Cantonese,5,7
everything-must-go,tt1531663,2010,English,0,0
eves-bayou,tt0119080,1997,English,0,0
evil-dead-ii,tt0092991,1987,English,0,0
evil-does-not-exist,tt28490044,2023,Japanese,0,0
evita,tt0116250,1996,English,0,4
evolution,tt0251075,2001,English,0,0
evolution-2015,tt10691678,2017,,0,0
ex-machina,tt0470752,2014,English,1,2
exhibiting-forgiveness,tt28523838,2024,English,0,0
exhibition,tt2436452,2013,English,0,0
existenz,tt0120907,1999,English,0,0
exit-8,tt35222590,2025,Japanese,0,0
exit-through-the-gift-shop,tt1587707,2010,English,0,1
exorcist-the-beginning,tt0204313,2004,English,0,0
experimenter,tt3726704,2015,English,0,0
extra-ordinary,tt8233874,2019,English,0,0
extract,tt1225822,2009,English,0,0
eye-in-the-sky,tt2057392,2015,English,0,0
eyes-wide-shut,tt0120663,1999,English,0,0
f-for-fake,tt0072962,1973,English,0,0
faceoff,tt0119094,1997,English,0,0
faces,tt0062952,1968,English,0,3
faces-places,tt5598102,2017,French,0,1
fahrenheit-911,tt0361596,2004,English,0,0
fair-game-2010,tt0977855,2010,English,0,0
fair-play-2023,tt16304446,2023,English,0,0
fairyland,tt20601972,2023,,0,0
falcon-lake,tt11448830,2022,Quebec French,0,0
fallen-angels,tt0297755,1998,English,0,0
fallen-leaves,tt21027780,2023,Finnish,0,0
falling-down,tt0106856,1993,English,0,0
familiar-touch,tt32928666,2024,English,0,0
family-plot,tt0074512,1976,English,0,0
family-portrait,tt21257870,2023,,0,0
fanboys,tt0489049,2009,English,0,0
fancy-dance,tt21813994,2023,Cayuga,0,0
fanny-and-alexander-re-release,tt0083922,1982,Swedish,4,5
fantasia,tt0032455,1940,English,1,0
fantasia-2000,tt0120910,1999,English,0,0
fantastic-four,tt0120667,2005,English,0,0
fantastic-four-rise-of-the-silver-surfer,tt0486576,2007,English,0,0
fantastic-mr-fox,tt0432283,2009,English,0,2
fantasy-life,tt35519497,2025,English,0,0
far-from-heaven,tt0297884,2002,English,0,4
far-from-men,tt2936180,2014,Arabic,0,0
far-from-the-madding-crowd,tt2935476,2015,English,0,0
farewell,tt1334532,2010,,0,0
farewell-amor,tt11380884,2020,English,0,0
farewell-my-concubine,tt0106332,1993,Putonghua,0,2
fargo,tt0116282,1996,English,2,5
fast-five,tt1596343,2011,English,0,0
fast-times-at-ridgemont-high,tt0083929,1982,English,0,0
fastball,tt5434972,2016,,0,0
faster-2010,tt1433108,2010,English,0,0
fat-girl,tt0243255,2001,French,0,0
fateless,tt0367082,2005,Hungarian,0,0
father-mother-sister-brother,tt31189315,2025,English,0,0
father-of-my-children,tt1356928,2009,French,0,0
father-soldier-son,tt12187586,2020,English,0,0
fauci,tt13984924,2021,English,0,0
faya-dayi,tt13648216,2021,,0,0
fear,tt0116287,1996,English,0,0
fear-and-loathing-in-las-vegas,tt0120669,1998,English,0,0
fed-up,tt2381335,2014,English,0,0
feels-good-man,tt11394182,2020,English,0,0
felicite,tt5980798,2017,Lingala,0,0
fences,tt2671706,2016,English,1,3
ferrari,tt3758542,2023,English,0,0
festival-express,tt0372279,2003,English,0,0
fever-dream,tt9471660,2021,Spanish,0,0
fiddler-a-miracle-of-miracles,tt10003978,2019,,0,0
field-of-dreams,tt0097351,1989,English,0,2
fifi-howls-from-happiness,tt2731398,2013,Persian,0,0
fight-club,tt0137523,1999,English,0,0
fighter,tt0263338,2000,,0,0
fill-the-void,tt2219514,2012,Hebrew,0,0
filmworker,tt6851066,2017,English,0,0
final-account,tt12789212,2020,German,0,0
final-destination-2,tt0309593,2003,English,0,0
final-destination-bloodlines,tt9619824,2025,English,0,0
final-fantasy-the-spirits-within,tt0173840,2001,Japanese,0,0
final-portrait,tt4494718,2017,English,0,0
finders-keepers,tt3462002,2015,English,0,0
finding-dory,tt2277860,2016,English,0,0
finding-nemo,tt0266543,2003,English,1,3
finding-neverland,tt0308644,2004,English,1,6
finding-vivian-maier,tt2714900,2013,English,0,1
fire-at-sea,tt3652526,2016,English,0,1
fire-island,tt15218000,2022,English,0,0
fire-of-love,tt16227014,2022,English,0,1
fire-will-come,tt8212958,2019,Galician,0,0
fireball-visitors-from-darker-worlds,tt9203832,2020,English,0,0
fireworks-1998,tt0119169,1997,,0,0
fireworks-wednesday-2006,tt0845439,2006,Persian,0,0
first-blood,tt0083944,1982,English,0,0
first-cow,tt9231040,2019,English,0,0
first-love-2019,tt10228168,2019,Japanese,0,0
first-man,tt1213641,2018,English,1,3
first-position,tt2008513,2011,English,0,0
first-reformed,tt6053438,2017,English,0,1
first-they-killed-my-father,tt4882376,2017,Khmer,0,0
fish-tank,tt1232776,2009,English,0,0
fiume-o-morte,tt34383611,2025,Fiuman dialect,0,0
five-easy-pieces,tt0065724,1970,English,0,3
five-fingers-for-marseilles,tt2396489,2017,,0,0
flags-of-our-fathers,tt0418689,2006,English,0,1
flash-gordon,tt0080745,1980,English,0,0
flashdance,tt0085549,1983,English,0,2
flatliners,tt0099582,1990,English,0,0
flee,tt8430054,2021,Danish,0,3
flight,tt1907668,2012,English,0,2
flight-of-the-red-balloon,tt0826711,2007,French,0,0
flightplan,tt0408790,2005,English,0,0
flipped,tt0817177,2010,English,0,0
flirting-with-disaster,tt0116324,1996,English,0,0
flora-and-son,tt25471950,2023,English,0,0
florence-foster-jenkins,tt4136084,2016,English,0,2
flow,tt4772188,2024,,1,2
flubber,tt0119137,1997,English,0,0
flushed-away,tt0424095,2006,English,0,0
flux-gourmet,tt15010292,2022,English,0,0
fly-away-home,tt0116329,1996,English,0,1
food-inc,tt1286537,2008,English,0,1
footlight-parade,tt0024028,1933,English,0,0
footloose,tt1068242,2011,English,0,0
footnote,tt1445520,2011,Hebrew,0,1
for-a-few-dollars-more,tt0059578,1965,Italian,0,0
for-all-mankind,tt0097372,1989,English,0,1
for-sama,tt9617456,2019,Arabic,0,1
for-the-love-of-spock,tt4572820,2016,English,0,0
for-those-in-peril,tt2315628,2013,English,0,0
for-your-eyes-only,tt0082398,1981,English,0,0
forbidden-lie,tt0790808,2007,English,0,0
forbidden-planet,tt0049223,1956,English,0,1
force-majeure,tt2121382,2014,Swedish,0,0
force-of-evil,tt0040366,1948,English,0,0
ford-v-ferrari,tt1950186,2019,English,2,2
foreign-correspondent,tt0032484,1940,English,0,5
forgetting-sarah-marshall,tt0800039,2008,English,0,0
forrest-gump,tt0109830,1994,English,4,10
fort-tilden,tt3457734,2014,English,0,0
four-christmases,tt0369436,2008,English,0,0
four-daughters,tt27502426,2023,Arabic,0,1
four-hours-at-the-capitol,tt15520020,2021,English,0,0
four-weddings-and-a-funeral,tt0109831,1994,English,0,1
foxcatcher,tt1100089,2014,English,0,4
foxtrot,tt6765756,2017,,0,0
frailty,tt0264616,2001,English,0,0
frances-ha,tt2347569,2012,English,0,0
francofonia,tt3451720,2015,French,0,0
frank,tt1605717,2014,English,0,0
frankenstein,tt0021884,1931,English,0,0
frankenstein-2025,tt1312221,2025,English,3,8
frankenweenie,tt1142977,2012,English,0,1
frantz,tt5029608,2016,German,0,0
freaks-1932,tt0022913,1932,English,0,0
freaky-friday,tt0322330,2003,English,0,0
freddy-got-fingered,tt0240515,2001,English,0,0
freddy-vs-jason,tt0329101,2003,English,0,0
freddys-dead-the-final-nightmare,tt0101917,1991,English,0,0
free-solo,tt7775622,2018,English,1,1
free-time-2023,tt24806518,2023,,0,0
free-willy,tt0106965,1993,English,0,0
freedom-writers,tt0463998,2007,English,0,0
fremont,tt8591526,2023,English,0,0
frenzy,tt0068611,1972,English,0,0
frequency,tt0186151,2000,English,0,0
fresh,tt0109842,1994,English,0,0
frida,tt0120679,2002,English,2,5
frida-2024,tt30319555,2024,English,0,0
friday,tt0113118,1995,English,0,0
friday-night-lights,tt0390022,2004,English,0,0
friday-the-13th,tt0758746,2009,English,0,0
friday-the-13th-1980,tt0080761,1980,English,0,0
friday-the-13th-part-iii,tt0083972,1982,English,0,0
friday-the-13th-part-vi-jason-lives,tt0091080,1986,English,0,0
friday-the-13th-part-vii-the-new-blood,tt0095179,1988,English,0,0
friday-the-13th-part-viii-jason-takes-manhattan,tt0097388,1989,English,0,0
friday-the-13th-the-final-chapter,tt0087298,1984,English,0,0
friendship,tt30505698,2024,English,0,0
fright-night,tt1438176,2011,English,0,0
fright-night-1985,tt0089175,1985,English,0,0
from-afar,tt4721400,2015,Spanish,0,0
from-dusk-till-dawn,tt0116367,1996,English,0,0
from-ground-zero,tt32606918,2024,Arabic,0,0
from-hell,tt0120681,2001,English,0,0
from-here-to-eternity-re-release,tt0045793,1953,English,6,10
from-russia-with-love,tt0057076,1963,English,0,0
from-up-on-poppy-hill,tt1798188,2011,Japanese,0,0
frostnixon,tt0870111,2008,English,0,3
frozen,tt1323045,2010,English,0,0
frozen-2013,tt2294629,2013,English,1,1
frozen-river,tt0978759,2008,English,0,2
fruitvale-station,tt2334649,2013,English,0,0
frybread-face-and-me,tt13365482,2023,Navajo,0,0
full-metal-jacket,tt0093058,1987,English,0,1
full-river-red,tt21148018,2023,Mandarin,0,0
full-time,tt13269580,2021,French,0,0
fun-with-dick-and-jane,tt0369441,2005,English,0,0
funan,tt6342440,2018,French,0,0
funny-games,tt0808279,2007,English,0,0
funny-girl,tt0062994,1968,English,1,6
funny-pages,tt8174412,2022,English,0,0
furiosa-a-mad-max-saga,tt12037194,2024,English,0,0
fyre,tt9412098,2019,English,0,0
g-force,tt0436339,2009,American English,0,0
gabrielle,tt0435479,2005,French,0,0
gagarine,tt12444424,2020,French,0,0
galaxy-quest,tt0177789,1999,English,0,0
gamer,tt1034032,2009,English,0,0
gandhi,tt0083987,1982,English,6,9
gangs-of-new-york,tt0217505,2002,English,0,7
gangs-of-wasseypur,tt1954470,2012,Hindi,0,0
garden-state,tt0333766,2004,English,0,0
garfield,tt6585312,2017,,0,0
gaslight,tt0036855,1944,English,2,6
gasoline-rainbow,tt28494031,2023,English,0,0
gattaca,tt0119177,1997,English,0,1
gaucho-gaucho,tt30319823,2024,Spanish,0,0
gavagai,tt4515928,2016,,0,0
gazer,tt28633405,2024,English,0,0
genius-within-the-inner-life-of-glenn-gould,tt1503774,2009,,0,0
george-of-the-jungle,tt0119190,1997,English,0,0
george-washington,tt0262432,2000,English,0,0
georgia,tt0113158,1995,English,0,1
geralds-game,tt3748172,2017,English,0,0
gerhard-richter---painting,tt1982113,2011,German,0,0
get-carter,tt0208988,2000,English,0,0
get-carter-1971,tt0067128,1971,English,0,0
get-him-to-the-greek,tt1226229,2010,English,0,0
get-low,tt1194263,2009,English,0,0
get-me-roger-stone,tt6714534,2017,English,0,0
get-on-the-bus,tt0116404,1996,English,0,0
get-on-up,tt2473602,2014,English,0,0
get-out,tt5052448,2017,English,1,2
get-shorty,tt0113161,1995,English,0,0
get-smart,tt0425061,2008,English,0,0
ghost,tt0099653,1990,English,2,4
ghost-dog-the-way-of-the-samurai,tt0165798,1999,English,0,0
ghost-in-the-shell,tt0113568,1995,Japanese,0,0
ghost-in-the-shell-2-innocence,tt0347246,2004,Cantonese,0,0
ghost-rider,tt0259324,2007,English,0,0
ghost-ship,tt0288477,2002,English,0,0
ghost-trail,tt30135174,2024,Arabic,0,0
ghost-world,tt0162346,2001,English,0,1
ghostbusters,tt0087332,1984,English,0,1
ghostbusters-ii,tt0097428,1989,English,0,0
ghostlight-2024,tt30321095,2024,English,0,0
ghosts-of-mars,tt0228333,2001,English,0,0
gi-joe-the-rise-of-cobra,tt1046173,2009,English,0,0
giant-1956,tt0049261,1956,English,0,7
gideons-army,tt2179053,2013,,0,0
gigi,tt0051658,1958,English,6,6
gigli,tt0299930,2003,English,0,0
gilbert,tt6495526,2017,English,0,0
gilles-wife,tt0382691,2004,French,0,0
gimme-danger,tt1714917,2016,English,0,0
gimme-shelter-1970,tt0065780,1970,English,0,0
gimme-the-loot,tt2139919,2012,English,0,0
girl,tt8254556,2018,Flemish Dutch,0,0
girl-interrupted,tt0172493,1999,English,1,1
girl-picture,tt13328800,2022,Finnish,0,0
girl-with-a-pearl-earring,tt0335119,2003,English,0,3
girlhood-2014,tt3655522,2014,French,0,0
girls-state,tt30259532,2024,English,0,0
girls-trip,tt3564472,2017,English,0,0
girls-will-be-girls-2024,tt18277182,2024,Indian English,0,0
give-me-liberty,tt4169146,2019,Russian,0,0
gladiator,tt0172495,2000,English,4,10
gleason,tt4632316,2016,English,0,0
glee-the-3d-concert-movie,tt1922612,2011,English,0,0
glen-campbell-ill-be-me,tt2049586,2014,English,0,0
glengarry-glen-ross,tt0104348,1992,English,0,1
glitter,tt0118589,2001,English,0,0
gloria-2013,tt2618368,2014,Spanish,0,0
gloria-bell,tt6902696,2018,English,0,0
glory,tt0097441,1989,English,3,5
glory-2017,tt5937296,2016,Bulgarian,0,0
go,tt0139239,1999,English,0,0
god-loves-uganda,tt1874513,2013,Luganda,0,0
godland,tt19623228,2022,Danish,0,0
gods-country,tt11818818,2022,English,0,0
gods-own-country,tt5635086,2017,Romanian,0,0
godzilla,tt0120685,1998,Japanese,0,0
godzilla-1998,tt0120685,1998,Japanese,0,0
godzilla-minus-one,tt23289160,2023,Japanese,1,0
going-clear-scientology-and-the-prison-of-belief,tt4257858,2015,English,0,0
going-the-distance,tt1322312,2010,English,0,0
golden-exits,tt5687814,2017,English,0,0
goldeneye,tt0113189,1995,English,0,0
goldfinger,tt0058150,1964,English,0,0
goldstone,tt4911996,2016,English,0,0
gomorrah,tt0929425,2008,Italian,0,0
gone-baby-gone,tt0452623,2007,English,0,1
gone-girl,tt2267998,2014,English,0,1
gone-in-sixty-seconds,tt0187078,2000,English,0,0
gone-with-the-wind,tt0031381,1939,English,7,10
good-boy-2025,tt34381258,2025,English,0,0
good-luck-chuck,tt0452625,2007,English,0,0
good-luck-to-you-leo-grande,tt13352968,2022,English,0,0
good-manners,tt5480782,2017,Brazilian Portuguese,0,0
good-morning,tt0053134,1959,Japanese,0,0
good-morning-vietnam,tt0093105,1987,English,0,1
good-night-and-good-luck,tt0433383,2005,English,0,4
good-one,tt30319516,2024,English,0,0
good-time,tt4846232,2017,English,0,0
good-will-hunting,tt0119217,1997,English,2,6
goodbye-dragon-inn,tt0377556,2003,Mandarin,0,0
goodbye-first-love,tt1618447,2011,French,0,0
goodbye-solo,tt1095442,2008,English,0,0
goodfellas,tt0099685,1990,English,1,4
goodnight-mommy,tt3086442,2014,German,0,0
gore-vidal-the-united-states-of-amnesia,tt1745710,2013,English,0,0
gosford-park,tt0280707,2001,English,1,4
gothika,tt0348836,2003,English,0,0
grace-jones-bloodlight-and-bami,tt6903636,2017,English,0,0
graceland,tt2131523,2012,,0,0
graduation,tt4936450,2016,Romanian,0,0
grand-hotel,tt0022958,1932,English,0,0
grand-theft-hamlet,tt28244549,2024,English,0,0
grand-tour,tt27180099,2024,Burmese,0,0
grandma,tt4270516,2015,English,0,0
grandmas-boy,tt0456554,2006,English,0,0
grass-2018,tt7913172,2018,Korean,0,0
grave-encounters,tt1703199,2011,English,0,0
grave-of-the-fireflies-1988,tt0095327,1988,Japanese,0,0
gravity,tt1454468,2013,English,5,7
grease,tt0077631,1978,English,0,1
great-absence,tt28568332,2023,Japanese,0,0
great-expectations-1947,tt0038574,1946,English,2,3
great-freedom,tt14775784,2021,German,0,0
green-border,tt27722543,2023,Arabic,0,0
green-lantern,tt1133985,2011,English,0,0
green-room,tt4062536,2015,English,0,0
green-street-hooligans,tt0385002,2005,English,0,0
greenberg,tt1234654,2010,English,0,0
gregory-crewdson-brief-encounters,tt2281267,2012,English,0,0
gremlins,tt0087363,1984,English,0,0
grey-gardens,tt0073076,1975,English,0,0
griffin-in-summer,tt28569819,2024,English,0,0
grindhouse,tt0462322,2007,English,0,0
grizzly-man,tt0427312,2005,English,0,0
groundhog-day,tt0107048,1993,English,0,0
grown-ups,tt1375670,2010,English,0,0
guardians-of-the-galaxy,tt2015381,2014,English,0,2
gueros,tt3499048,2014,Spanish,0,0
guillermo-del-toros-pinocchio,tt1488589,2022,English,1,1
gullivers-travels,tt1320261,2010,English,0,0
gummo,tt0119237,1997,English,0,0
gunda,tt11464016,2020,English,0,0
guy-and-madeline-on-a-park-bench,tt1337193,2009,English,0,0
guys-and-dolls,tt0048140,1955,English,0,4
hacksaw-ridge,tt2119532,2016,English,2,3
hadestown-the-musical,tt36307021,2026,English,0,0
hadewijch,tt1257562,2009,French,0,0
hail-caesar!,tt0475290,2016,English,0,1
hail-satan,tt9358044,2019,English,0,0
hairspray,tt0427327,2007,English,0,0
hairspray-1988,tt0095270,1988,English,0,0
hala,tt6348410,2019,English,0,0
hale-county-this-morning-this-evening,tt6634646,2018,English,0,1
half-baked,tt0120693,1998,English,0,0
half-nelson,tt0468489,2006,English,0,1
hall-pass,tt0480687,2011,English,0,0
halloween-1978,tt0077651,1978,English,0,0
halloween-2007,tt0373883,2007,English,0,0
halloween-4-the-return-of-michael-myers,tt0095271,1988,English,0,0
halloween-5-the-revenge-of-michael-myers,tt0097474,1989,English,0,0
halloween-h20-20-years-later,tt0120694,1998,English,0,0
halloween-ii,tt0082495,1981,English,0,0
halloween-ii-2009,tt1311067,2009,English,0,0
halloween-iii-season-of-the-witch,tt0085636,1982,English,0,0
halloween-resurrection,tt0220506,2002,English,0,0
halloween-the-curse-of-michael-myers,tt0113253,1995,English,0,0
ham-on-rye,tt8529134,2019,English,0,0
hamilton-2020,tt8503618,2020,English,0,0
hamlet-1969,tt0040416,1948,English,3,5
hamnet,tt14905854,2025,English,1,6
hancock,tt0448157,2008,American English,0,0
hanna,tt0993842,2011,English,0,0
hannah-and-her-sisters,tt0091167,1986,English,3,5
hannah-montana-the-movie,tt1114677,2009,English,0,0
hannibal,tt0212985,2001,English,0,0
hannibal-rising,tt0367959,2007,English,0,0
happening,tt13880104,2021,French,0,0
happiness,tt0147612,1998,Russian,0,0
happy-as-lazzaro,tt6752992,2018,Italian,0,0
happy-end,tt5304464,2017,French,0,0
happy-feet,tt0366548,2006,English,1,1
happy-feet-two,tt1402488,2011,English,0,0
happy-go-lucky,tt1045670,2008,English,0,1
happy-people-a-year-in-the-taiga,tt1683876,2010,Russian,0,0
happy-together,tt0118845,1997,Cantonese,0,0
happy-valley,tt2171902,2014,English,0,0
happyend,tt29279903,2024,Japanese,0,0
hara-kiri-death-of-a-samurai,tt1728196,2011,Japanese,0,0
harakiri,tt0056058,1962,Japanese,0,0
hard-boiled,tt0104684,1992,Cantonese,0,0
hard-candy,tt0424136,2005,English,0,0
hard-eight,tt0119256,1996,English,0,0
hard-to-be-a-god,tt2328813,2013,Russian,0,0
hard-truths-2024,tt11891850,2024,English,0,0
harmonium,tt5182856,2016,Japanese,0,0
harold-and-lillian-a-hollywood-love-story,tt4683668,2015,English,0,0
harold-kumar-escape-from-guantanamo-bay,tt0481536,2008,English,0,0
harold-kumar-go-to-white-castle,tt0366551,2004,English,0,0
harry-brown,tt1289406,2009,English,0,0
harry-dean-stanton-partly-fiction,tt2372776,2012,English,0,0
harry-potter-and-the-deathly-hallows-part-2,tt1201607,2011,English,0,3
harry-potter-and-the-goblet-of-fire,tt0330373,2005,English,0,1
harry-potter-and-the-half-blood-prince,tt0417741,2009,English,0,1
harry-potter-and-the-order-of-the-phoenix,tt0373889,2007,English,0,0
harry-potter-and-the-prisoner-of-azkaban,tt0304141,2004,English,0,2
harry-potter-and-the-sorcerers-stone,tt0241527,2001,English,0,3
harvard-beats-yale-29-29,tt1286800,2008,English,0,0
harvey,tt0042546,1950,English,1,2
hatchet,tt0422401,2006,English,0,0
hatching,tt12519030,2022,Finnish,0,0
have-a-nice-day,tt6451304,2017,Putonghua,0,0
head-on,tt0347048,2004,Turkish,0,0
headhunters-2012,tt1614989,2011,Norwegian,0,0
heal-the-living,tt5096536,2016,French,0,0
heart-of-a-dog,tt4935446,2015,English,0,0
hearts-of-darkness-a-filmmakers-apocalypse,tt0102015,1991,English,0,0
heat,tt0113277,1995,English,0,0
heathers,tt0097493,1989,English,0,0
heaven-knows-what,tt3687186,2014,English,0,0
heavenly-creatures,tt0110005,1994,English,0,1
heavy,tt0113280,1995,English,0,0
heavy-trip,tt7220754,2018,Norwegian,0,0
hedda,tt27953589,2025,English,0,0
hedwig-and-the-angry-inch,tt0248845,2001,English,0,0
hell-and-back-again,tt1748043,2011,English,0,1
hell-or-high-water,tt2582782,2016,English,0,3
hellbound-hellraiser-ii,tt0095294,1988,English,0,0
hellboy,tt0167190,2004,English,0,0
hellboy-ii-the-golden-army,tt0411477,2008,English,0,1
hellraiser,tt0093177,1987,English,0,0
henry-portrait-of-a-serial-killer,tt0099763,1986,English,0,0
henry-v,tt0097499,1989,English,1,2
her,tt1798709,2013,English,1,3
her-smell,tt7942742,2018,English,0,0
herbie-fully-loaded,tt0400497,2005,English,0,0
hercules-1997,tt0119282,1997,English,0,0
here-2023,tt18272208,2024,English,0,0
hereafter,tt1212419,2010,English,0,1
hereditary,tt7784604,2018,English,0,0
heretic,tt28015403,2024,English,0,0
hero,tt0299977,2002,Mandarin,0,1
hes-just-not-that-into-you,tt1001508,2009,English,0,0
hesher,tt1403177,2010,English,0,0
hidden-figures,tt4846340,2016,English,0,2
high-and-low,tt0057565,1963,Japanese,0,0
high-fidelity,tt0146882,2000,English,0,0
high-flying-bird,tt8128188,2019,English,0,0
high-hopes,tt0095302,1988,English,0,0
high-life,tt4827558,2018,English,0,0
high-noon-re-release,tt0044706,1952,English,4,4
high-tension,tt0338095,2003,French,0,0
higher-ground,tt1562568,2011,English,0,0
highest-2-lowest,tt31194612,2025,English,0,0
highlander,tt0091203,1986,English,0,0
hilary-and-jackie,tt0150915,1998,English,0,2
his-girl-friday,tt0032599,1940,English,0,0
his-house,tt8508734,2020,English,0,0
his-three-daughters,tt28491891,2023,English,0,0
hit-man,tt20215968,2023,English,0,0
hit-the-road,tt14812782,2021,Persian,0,0
hitch,tt0386588,2005,English,0,0
hitchcocktruffaut,tt3748512,2015,English,0,0
hitman,tt0465494,2007,Russian,0,0
hive,tt13648212,2021,Albanian,0,0
hoard,tt20729172,2023,English,0,0
hobo-with-a-shotgun,tt1640459,2011,English,0,0
hocus-pocus,tt0107120,1993,English,0,0
hokum,tt35672862,2026,English,0,0
hold-back-the-dawn,tt0033722,1941,English,0,5
hold-me-tight,tt13137576,2021,French,0,0
holiday-2018,tt7328154,2018,Danish,0,0
holler,tt6763778,2020,English,0,0
hollow-man,tt0164052,2000,English,0,1
hollywoodgate,tt28494712,2023,Pashto,0,0
holy-cow,tt32086034,2024,Spanish,0,0
holy-motors,tt2076220,2012,Standard Chinese,0,0
home-alone,tt0099785,1990,English,0,1
home-alone-2-lost-in-new-york,tt0104431,1992,English,0,0
home-on-the-range,tt0299172,2004,English,0,0
homicide,tt0102048,1991,English,0,0
honey-boy,tt8151874,2019,English,0,0
honey-bunch,tt33270103,2025,English,0,0
honeyland,tt8991268,2019,Turkish,0,2
hoodwinked-too!-hood-vs-evil,tt0844993,2011,English,0,0
hoop-dreams,tt0110057,1994,English,0,1
hoosiers,tt0091217,1986,English,0,2
hop,tt1411704,2011,English,0,0
hope,tt21231774,2021,,0,0
hope-and-glory,tt0093209,1987,English,0,3
hoppers,tt26443616,2026,English,0,0
horse-feathers,tt0023027,1932,English,0,0
horse-money,tt3907156,2014,Portuguese,0,0
horton-hears-a-who!,tt0451079,2008,English,0,0
host,tt12749596,2020,English,0,0
hostel,tt0450278,2005,English,0,0
hostel-part-ii,tt0498353,2007,Slovak,0,0
hot-fuzz,tt0425112,2007,English,0,0
hot-rod,tt0787475,2007,English,0,0
hot-tub-time-machine,tt1231587,2010,Russian,0,0
hotel-by-the-river,tt8725958,2018,Korean,0,0
hotel-rwanda,tt0395169,2004,English,0,3
hounds-of-love,tt3896738,2016,English,0,0
house-of-1000-corpses,tt0251736,2003,English,0,0
house-of-flying-daggers,tt0385004,2004,Standard Chinese,0,1
house-of-games,tt0093223,1987,English,0,0
house-of-hummingbird,tt8951086,2018,Korean,0,0
house-of-sand-and-fog,tt0315983,2003,Persian,0,3
house-of-the-dead,tt0317676,2003,English,0,0
house-of-wax,tt0397065,2005,English,0,0
house-on-haunted-hill,tt0185371,1999,English,0,0
housebound,tt3504048,2014,English,0,0
housekeeping-for-beginners,tt24244436,2023,Macedonian,0,0
how-do-you-know,tt1341188,2010,English,0,0
how-green-was-my-valley,tt0033729,1941,English,3,8
how-the-grinch-stole-christmas,tt0170016,2000,English,1,3
how-to-blow-up-a-pipeline,tt21440780,2022,English,0,0
how-to-have-sex,tt22890246,2023,English,0,0
how-to-lose-a-guy-in-10-days,tt0251127,2003,English,0,0
how-to-make-millions-before-grandma-dies,tt31392609,2024,Thai,0,0
how-to-survive-a-plague,tt2124803,2012,English,0,1
how-to-train-your-dragon,tt0892769,2010,English,0,2
how-to-train-your-dragon-2,tt1646971,2014,English,0,1
how-to-train-your-dragon-the-hidden-world,tt2386490,2019,English,0,1
howard,tt7682430,2018,English,0,0
howard-the-duck,tt0091225,1986,English,0,0
howards-end,tt0104454,1992,English,3,7
howls-moving-castle,tt0347149,2004,Japanese,0,1
hudson-hawk,tt0102070,1991,English,0,0
huesera-the-bone-woman,tt11718516,2022,Spanish,0,0
hugo,tt0970179,2011,English,4,8
hukkle,tt0289229,2002,Hungarian,0,0
human-flow,tt6573444,2017,English,0,0
human-nature-2019,tt9612680,2019,English,0,0
humanite,tt26874584,2016,,0,0
hundreds-of-beavers,tt12818328,2022,English,0,0
hunger,tt0986233,2008,Irish,0,0
hunt-for-the-wilderpeople,tt4698684,2016,English,0,0
husbands-and-wives,tt0104466,1992,English,0,2
hustlers,tt5503686,2019,English,0,0
i-am-another-you,tt6098544,2017,,0,0
i-am-big-bird-the-caroll-spinney-story,tt2358456,2014,English,0,0
i-am-celine-dion,tt28620587,2024,English,0,0
i-am-cuba,tt0058604,1964,Russian,0,0
i-am-frankelda,tt36639986,2025,Spanish,0,0
i-am-legend,tt0480249,2007,English,0,0
i-am-love,tt1226236,2009,Italian,0,1
i-am-not-a-witch,tt6213284,2017,Chewa,0,0
i-am-not-your-negro,tt5804038,2016,English,0,1
i-am-number-four,tt1464540,2011,English,0,0
i-am-sam,tt0277027,2001,English,0,1
i-called-him-morgan,tt4170344,2016,English,0,0
i-carry-you-with-me,tt11388990,2020,English,0,0
i-daniel-blake,tt5168192,2016,English,0,0
i-do-not-care-if-we-go-down-in-history-as-barbarians,tt8506840,2018,Romanian,0,0
i-dont-feel-at-home-in-this-world-anymore,tt5710514,2017,English,0,0
i-heart-huckabees,tt0356721,2004,English,0,0
i-kill-giants,tt4547194,2017,English,0,0
i-killed-my-mother,tt1424797,2009,French,0,0
i-know-what-you-did-last-summer,tt0119345,1997,English,0,0
i-know-where-im-going!,tt0037800,1945,English,0,0
i-like-movies,tt14913282,2022,English,0,0
i-lost-my-body,tt9806192,2019,French,0,1
i-love-boosters,tt30827810,2026,English,0,0
i-love-you-man,tt1155056,2009,English,0,0
i-now-pronounce-you-chuck-larry,tt0762107,2007,English,0,0
i-robot,tt0343818,2004,English,0,1
i-saw-the-devil,tt1588170,2010,Korean,0,0
i-saw-the-tv-glow,tt15574270,2024,English,0,0
i-spit-on-your-grave,tt1242432,2010,English,0,0
i-stand-alone,tt0157016,1998,French,0,0
i-still-know-what-you-did-last-summer,tt0130018,1998,English,0,0
i-tonya,tt5580036,2017,English,1,3
i-travel-because-i-have-to-i-come-back-because-i-love-you,tt1500761,2009,Portuguese,0,0
i-used-to-be-funny,tt16300138,2023,English,0,0
i-wish,tt2670556,2012,,0,0
i-wish-i-knew,tt28516333,2025,,0,0
i-wish-you-all-the-best,tt22525442,2024,English,0,0
ice-age,tt0268380,2002,English,0,1
ice-age-dawn-of-the-dinosaurs,tt1080016,2009,English,0,0
ice-age-the-meltdown,tt0438097,2006,English,0,0
ichi-the-killer,tt0296042,2001,Japanese,0,0
ida,tt2718492,2013,Polish,1,2
identifying-features,tt11394282,2020,Mexican Spanish,0,0
identity,tt0309698,2003,English,0,0
if-beale-street-could-talk,tt7125860,2018,English,1,3
if-i-had-legs-id-kick-you,tt18382850,2025,English,0,1
igor,tt0465502,2008,English,0,0
ikiru,tt0044741,1952,Japanese,0,0
il-divo,tt1023490,2008,Italian,0,1
il-futuro,tt1992156,2013,Spanish,0,0
ill-see-you-in-my-dreams,tt3236120,2015,English,0,0
ilo-ilo,tt2901736,2013,English,0,0
im-going-home,tt0283422,2001,English,0,0
im-not-there,tt0368794,2007,English,0,1
im-still-here,tt1356864,2010,English,0,0
im-still-here-2024,tt14961016,2024,Portuguese,1,2
im-thinking-of-ending-things,tt7939766,2020,English,0,0
im-your-man,tt13087796,2021,German,0,0
imitation-of-life,tt0052918,1959,English,0,1
immortals,tt1253864,2011,English,0,0
in-a-better-world,tt1340107,2010,Danish,1,1
in-a-world,tt2294677,2013,English,0,0
in-between,tt7365166,2018,Turkish,0,0
in-bloom,tt2250564,2013,English,0,0
in-bruges,tt0780536,2008,English,0,1
in-darkness,tt1417075,2011,Ukrainian,0,1
in-fabric,tt7464188,2018,English,0,0
in-flames,tt27470830,2023,Urdu,0,0
in-front-of-your-face,tt14776918,2021,Korean,0,0
in-my-mothers-skin,tt20413870,2023,Tagalog,0,0
in-my-room,tt6268812,2018,English,0,0
in-order-of-disappearance,tt2675914,2014,Norwegian,0,0
in-our-day,tt27541074,2023,Korean,0,0
in-the-bedroom,tt0247425,2001,English,0,4
in-the-company-of-men,tt0119361,1997,American Sign Language,0,0
in-the-family,tt1845804,2011,English,0,0
in-the-fog,tt2325741,2012,Russian,0,0
in-the-heat-of-the-night,tt0061811,1967,English,4,4
in-the-heights,tt1321510,2021,English,0,0
in-the-house,tt1964624,2012,French,0,0
in-the-land-of-blood-and-honey,tt1714209,2011,English,0,0
in-the-line-of-fire,tt0107206,1993,English,0,3
in-the-loop,tt1226774,2009,English,0,1
in-the-mood-for-love,tt0118694,2000,Cantonese,0,0
in-the-mouth-of-madness,tt0113409,1994,English,0,0
in-the-name-of-the-father,tt0107207,1993,English,0,5
in-the-name-of-the-king-a-dungeon-siege-tale,tt0460780,2007,English,0,0
in-the-same-breath,tt13648230,2021,Chinese,0,0
in-the-shadow-of-the-moon,tt0925248,2007,English,0,0
in-the-shadow-of-women,tt3651326,2015,French,0,0
in-the-summers,tt24805832,2024,Spanish,0,0
in-this-corner-of-the-world,tt4769824,2016,Japanese,0,0
in-transit,tt5190846,2018,,0,0
incendies,tt1255953,2010,Arabic,0,1
inception,tt1375666,2010,Japanese,3,6
incitement,tt10122392,2019,Hebrew,0,0
incredible-but-true,tt13145534,2022,French,0,0
incredibles-2,tt3606756,2018,English,0,1
indecent-proposal,tt0107211,1993,English,0,0
indiana-jones-and-the-kingdom-of-the-crystal-skull,tt0367882,2008,Russian,0,0
indiana-jones-and-the-last-crusade,tt0097576,1989,English,0,2
indiana-jones-and-the-temple-of-doom,tt0087469,1984,English,1,2
indie-game-the-movie,tt1942884,2012,English,0,0
indignation,tt4193394,2016,English,0,0
infernal-affairs,tt0338564,2002,Cantonese,0,0
infinity-pool,tt10365998,2023,English,0,0
influencers,tt36833584,2025,English,0,0
ingrid-bergman-in-her-own-words,tt4621016,2015,Swedish,0,0
ingrid-goes-west,tt5962210,2017,English,0,0
inherent-vice,tt1791528,2014,English,0,2
innocence,tt8355792,2005,Thai,0,0
inshallah-a-boy,tt25406412,2023,Arabic,0,0
inside-job,tt1645089,2010,English,1,0
inside-llewyn-davis,tt2042568,2013,English,0,2
inside-man,tt0454848,2006,English,0,0
inside-out-2,tt22022452,2024,English,0,1
inside-out-2015,tt2096673,2015,English,1,2
inside-the-yellow-cocoon-shell,tt10399622,2023,Vietnamese,0,0
insomnia,tt0278504,2002,English,0,0
inspector-bellamy,tt1188983,2009,French,0,0
inspector-gadget,tt0141369,1999,English,0,0
interstellar,tt0816692,2014,English,1,4
interview-with-the-vampire-the-vampire-chronicles,tt0110148,1994,English,0,2
into-great-silence,tt0478160,2005,Latin,0,0
into-the-abyss,tt1972663,2011,English,0,0
into-the-arms-of-strangers-stories-of-the-kindertransport,tt0248912,2000,English,1,0
into-the-blue,tt0378109,2005,English,0,0
into-the-inferno,tt4846318,2016,English,0,0
intolerance,tt0006864,1916,English,0,0
introducing-selma-blair,tt14030526,2021,English,0,0
inu-oh,tt10540510,2021,Japanese,0,0
invasion-of-the-body-snatchers-1956,tt0049366,1956,English,0,0
invictus,tt1057500,2009,Afrikaans,0,2
invisible-life,tt6390668,2019,Portuguese,0,0
involuntary,tt1232826,2008,Swedish,0,0
io-capitano,tt14225838,2023,Arabic,0,1
ip-man,tt1220719,2008,Cantonese,0,0
ip-man-2,tt1386932,2010,English,0,0
iris-2015,tt4157220,2014,English,0,0
irma-vep,tt0116650,1996,English,0,0
iron-man,tt0371746,2008,English,0,1
iron-man-2,tt1228705,2010,English,0,1
iron-monkey,tt0108148,1993,Cantonese,0,0
ironclad,tt1233301,2011,English,0,0
irreversible,tt0290673,2002,English,0,0
is-god-is,tt34379307,2026,English,0,0
is-that-black-enough-for-you,tt21438352,2022,,0,0
is-the-man-who-is-tall-happy,tt1817287,2013,English,0,0
is-this-thing-on,tt28083456,2025,English,0,0
islands-2025,tt27796126,2025,English,0,0
isle-of-dogs,tt5104604,2018,Japanese,0,2
it-aint-over,tt13840536,2022,English,0,0
it-comes-at-night,tt4695012,2017,English,0,0
it-ends,tt35519455,2025,English,0,0
it-felt-like-love,tt2328922,2013,Spanish,0,0
it-follows,tt3235888,2014,English,0,0
it-happened-one-night,tt0025316,1934,English,3,3
it-was-just-an-accident,tt36491653,2025,Persian,0,2
italian-for-beginners,tt0243862,2000,Danish,0,0
its-a-wonderful-life,tt0038650,1946,English,0,3
its-complicated,tt1230414,2009,English,0,0
its-kind-of-a-funny-story,tt0804497,2010,English,0,0
its-never-over-jeff-buckley,tt34966650,2025,English,0,0
its-such-a-beautiful-day-2012,tt2396224,2012,English,0,0
ive-loved-you-so-long,tt1068649,2008,French,0,0
ixcanul,tt4135844,2015,Kaqchikel,0,0
j-edgar,tt1616195,2011,English,0,0
jack,tt0116669,1996,English,0,0
jack-and-jill,tt0810913,2011,English,0,0
jackass-forever,tt11466222,2022,English,0,0
jackass-number-two,tt0493430,2006,English,0,0
jackass-the-movie,tt0322802,2002,English,0,0
jackie,tt1619029,2016,English,0,3
jackie-brown,tt0119396,1997,English,0,1
jacobs-ladder,tt0099871,1990,English,0,0
james-and-the-giant-peach,tt0116683,1996,English,0,1
james-white,tt4288636,2015,English,0,0
jane,tt7207238,2017,English,0,0
jane-austen-wrecked-my-life,tt31112509,2024,English,0,0
jane-eyre,tt1229822,2011,English,0,1
jane-fonda-in-five-acts,tt7689958,2018,English,0,0
janet-planet,tt28366692,2023,English,0,0
janis-little-girl-blue,tt3707114,2015,English,0,0
jarhead,tt0418763,2005,English,0,0
jason-goes-to-hell-the-final-friday,tt0107254,1993,English,0,0
jason-x,tt0211443,2001,English,0,0
jauja,tt2514338,2014,Spanish,0,0
jawline,tt8499102,2019,English,0,0
jaws,tt0073195,1975,English,3,3
jaws-2,tt0077766,1978,English,0,0
jaws-3-d,tt0085750,1983,English,0,0
jaws-the-revenge,tt0093300,1987,English,0,0
jay-and-silent-bob-strike-back,tt0261392,2001,English,0,0
jazzy,tt31371971,2024,English,0,0
jean-michel-basquiat-the-radiant-child,tt1568335,2010,English,0,0
jeanne-dielman-23-quai-du-commerce-1080-bruxelles,tt0073198,1975,French,0,0
jerry-maguire,tt0116695,1996,English,1,4
jersey-girl,tt0300051,2004,English,0,0
jezebel,tt12768142,2020,,0,0
jim-andy-the-great-beyond-featuring-a-very-special-contractually-obligated-mention-of-tony-clifton,tt7214762,2017,American English,0,0
jim-the-james-foley-story,tt5278466,2016,English,0,0
jimmy-carter-rock-roll-president,tt11804758,2020,,0,0
jimmy-neutron-boy-genius,tt0268397,2001,English,0,1
jingle-all-the-way,tt0116705,1996,English,0,0
jiro-dreams-of-sushi,tt1772925,2011,Japanese,0,0
joan-baez-i-am-a-noise,tt26594061,2023,English,0,0
joan-didion-the-center-will-not-hold,tt7253506,2017,English,0,0
joan-rivers-a-piece-of-work,tt1568150,2010,English,0,0
jockey,tt13559026,2021,English,0,0
jodorowskys-dune,tt1935156,2013,Spanish,0,0
joe,tt3532296,2014,,0,0
joe-strummer-the-future-is-unwritten,tt0800099,2007,English,0,0
john-mcenroe-in-the-realm-of-perfection,tt7966920,2018,,0,0
john-q,tt0251160,2002,English,0,0
john-tucker-must-die,tt0455967,2006,English,0,0
john-wick-chapter-2,tt4425200,2017,English,0,0
john-wick-chapter-3---parabellum,tt6146586,2019,English,0,0
john-wick-chapter-4,tt10366206,2023,English,0,0
johnny-english,tt0274166,2003,English,0,0
johnny-english-reborn,tt1634122,2011,English,0,0
jonah-hex,tt1075747,2010,English,0,0
jonestown-the-life-and-death-of-peoples-temple,tt0762111,2006,English,0,0
jose,tt6933338,2018,Spanish,0,0
joshua-teenager-vs-superpower,tt6333072,2017,,0,0
journeys-end,tt3780500,2017,English,0,0
joy-ride,tt0206314,2001,English,0,0
joy-ride-2023,tt15268244,2023,Mandarin,0,0
joyland,tt19719976,2022,Punjabi,0,0
judas-and-the-black-messiah,tt9784798,2021,English,1,4
jules-and-jim,tt0055032,1962,English,0,0
julie-julia,tt1135503,2009,English,0,1
juliet-of-the-spirits,tt0059229,1965,Italian,0,2
julieta,tt4326444,2016,Spanish,0,0
jumanji,tt0113497,1995,English,0,0
jumper,tt0489099,2008,English,0,0
junebug,tt0418773,2005,English,0,1
jungle-fever,tt0102175,1991,English,0,0
juno,tt0467406,2007,English,1,2
jurassic-park,tt0107290,1993,English,2,2
jurassic-park-iii,tt0163025,2001,English,0,0
juror-2,tt27403986,2024,English,0,0
just-friends,tt0433400,2005,English,0,0
just-go-with-it,tt1564367,2011,English,0,0
just-like-heaven,tt0425123,2005,English,0,0
justin-bieber-never-say-never,tt1702443,2011,English,0,0
k-19-the-widowmaker,tt0267626,2002,Russian,0,0
k-pax,tt0272152,2001,English,0,0
kagemusha,tt0080979,1980,Japanese,0,2
kaili-blues,tt4613272,2015,Standard Chinese,0,0
kajillionaire,tt8143990,2020,English,0,0
kandahar,tt0283431,2001,Pashto,0,0
kangaroo-jack,tt0257568,2003,English,0,0
kate-leopold,tt0035423,2001,English,0,0
kate-plays-christine,tt5278592,2016,English,0,0
katyn,tt0879843,2007,Russian,0,1
keane,tt0420291,2004,English,0,0
kedi,tt4420704,2016,Turkish,0,0
keep-on-keepin-on,tt2674040,2014,English,0,0
keep-the-change,tt4967220,2017,,0,0
keep-the-lights-on,tt2011953,2012,Danish,0,0
kick-ass,tt1250777,2010,English,0,0
kickboxer,tt0097659,1989,English,0,0
kidnapped-the-abduction-of-edgardo-mortara,tt14137416,2023,Italian,0,0
kikis-delivery-service,tt0097814,1989,Japanese,0,0
kill,tt28259207,2023,Hindi,0,0
kill-bill-the-whole-bloody-affair,tt6019206,2004,English,0,0
kill-bill-vol-1,tt0266697,2003,Japanese,0,0
kill-bill-vol-2,tt0378194,2004,English,0,0
kill-the-irishman,tt1416801,2011,English,0,0
kill-zone-2,tt3197766,2015,Standard Chinese,0,0
killer-klowns-from-outer-space,tt0095444,1988,English,0,0
killer-of-sheep,tt0076263,1978,English,0,0
killers,tt1103153,2010,English,0,0
killers-of-the-flower-moon,tt5537002,2023,Osage,0,7
kimi,tt14128670,2022,English,0,0
king-arthur,tt0349683,2004,Scottish Gaelic,0,0
king-georges,tt4092774,2015,English,0,0
king-jack,tt3863484,2015,English,0,0
king-kong,tt0360717,2005,English,2,3
king-kong-1933,tt0024216,1933,English,0,0
king-of-the-hill,tt0107322,1993,English,0,0
king-richard,tt9620288,2021,English,1,4
kingpin,tt0116778,1996,English,0,0
kinsey,tt0362269,2004,English,0,1
kirikou-and-the-sorceress,tt0181627,1998,French,0,0
kiss-kiss-bang-bang,tt0373469,2005,English,0,0
kiss-of-the-spider-woman,tt0089424,1985,Portuguese,1,2
kiss-the-future,tt17022868,2023,,0,0
klondike,tt16315948,2022,Chechen,0,0
klute,tt0067309,1971,English,1,2
kneecap,tt27367464,2024,Irish,0,1
knife-in-the-water,tt0056291,1962,Polish,0,1
knight-and-day,tt1013743,2010,English,0,0
knives-out,tt8946378,2019,English,0,1
knock-down-the-house,tt9358052,2019,English,0,0
knocked-up,tt0478311,2007,English,0,0
knowing,tt0448011,2009,English,0,0
kokomo-city,tt22528178,2023,English,0,0
kokuho,tt35231039,2025,Japanese,0,1
kpop-demon-hunters,tt14205554,2025,English,2,1
kramer-vs-kramer,tt0079417,1979,English,3,6
krisha,tt4266638,2015,English,0,0
kubo-and-the-two-strings,tt4302938,2016,English,0,2
kung-fu-hustle,tt0373074,2004,Cantonese,0,0
kung-fu-panda,tt0441773,2008,English,0,1
kung-pow-enter-the-fist,tt0240468,2002,English,0,0
kusama---infinity,tt1893269,2018,English,0,0
la-chimera,tt14561712,2023,English,0,0
la-cienaga,tt0240419,2001,Spanish,0,0
la-cocina,tt19864832,2024,English,0,0
la-confidential,tt0119488,1997,English,2,7
la-dolce-vita-re-release,tt0053779,1960,English,1,3
la-femme-nikita,tt0100263,1990,French,0,0
la-la-land,tt3783958,2016,English,5,10
la-llorona,tt10767168,2019,Spanish,0,0
la-ronde,tt0042906,1950,French,0,2
la-sapienza,tt3182590,2014,,0,0
la-vie-en-rose,tt0450188,2007,English,2,3
labyrinth,tt0091369,1986,English,0,0
lady-and-the-tramp,tt0048280,1955,English,0,0
lady-bird,tt4925292,2017,English,0,3
lady-chatterley,tt0459880,2006,French,0,0
lady-in-the-water,tt0452637,2006,English,0,0
lady-macbeth,tt4291600,2016,English,0,0
lagaan-once-upon-a-time-in-india,tt0169102,2001,English,0,1
lake-of-fire,tt0841119,2006,English,0,0
lake-placid,tt0139414,1999,English,0,0
lakeview-terrace,tt0947802,2008,English,0,0
lambert-stamp,tt3458236,2014,English,0,0
land-of-mine,tt3841424,2015,Danish,0,1
land-of-the-dead,tt0418819,2005,English,0,0
land-of-the-lost,tt0457400,2009,English,0,0
lantana,tt0259393,2001,English,0,0
lara-croft-tomb-raider,tt0146316,2001,English,0,0
lara-croft-tomb-raider-the-cradle-of-life,tt0325703,2003,English,0,0
lassie,tt0431213,2005,English,0,0
lassie-come-home,tt0036098,1943,English,0,1
last-action-hero,tt0107362,1993,English,0,0
last-and-first-men,tt8015444,2020,,0,0
last-days-in-vietnam,tt3279124,2014,Vietnamese,0,1
last-men-in-aleppo,tt6333074,2017,Arabic,0,1
last-orders,tt0253200,2001,English,0,0
last-resort,tt0258761,2000,Russian,0,0
last-summer-2023,tt14550346,2023,French,0,0
last-tango-in-paris,tt0070849,1972,English,0,1
last-train-home,tt1512201,2009,Sichuanese,0,0
late-marriage,tt0287471,2001,Hebrew,0,0
late-night-with-the-devil,tt14966898,2023,English,0,0
late-spring-1949,tt0041154,1949,Japanese,0,0
laurence-anyways,tt1650048,2012,English,0,0
law-abiding-citizen,tt1197624,2009,English,0,0
lawrence-of-arabia-re-release,tt0056172,1962,English,5,8
layer-cake,tt0375912,2004,English,0,0
le-cercle-rouge-1970,tt0065531,1970,French,0,0
le-havre,tt1508675,2011,French,0,0
le-samourai,tt0062229,1967,French,0,0
le-week-end,tt2392326,2013,English,0,0
lean-on-pete,tt5340300,2017,English,0,0
leaning-into-the-wind,tt6263828,2017,Portuguese,0,0
leap-of-faith-william-friedkin-on-the-exorcist,tt10681070,2019,English,0,0
leap-year,tt1216492,2010,English,0,0
leap-year-2011,tt1216492,2010,English,0,0
leave-no-trace,tt3892172,2018,English,0,0
leaving-las-vegas,tt0113627,1995,English,1,3
lebanon,tt1483831,2009,Hebrew,0,0
left-handed-girl,tt27722618,2025,Standard Taiwanese Mandarin,0,0
legally-blonde,tt0250494,2001,English,0,0
legend-1986,tt0089469,1985,English,0,1
legend-of-the-guardians-the-owls-of-gahoole,tt1219342,2010,English,0,0
legends-of-the-fall,tt0110322,1994,English,1,3
legion,tt1038686,2010,English,0,0
les-miserables-2019,tt10199590,2019,French,0,0
let-me-in,tt1228987,2010,English,0,0
let-the-fire-burn,tt2119463,2013,English,0,0
let-the-right-one-in,tt1139797,2008,Swedish,0,0
let-the-sunshine-in,tt6423776,2017,French,0,0
let-them-all-talk,tt10808832,2020,English,0,0
lethal-weapon,tt0093409,1987,English,0,1
lethal-weapon-2,tt0097733,1989,English,0,0
lethal-weapon-4,tt0122151,1998,English,0,0
letters-from-iwo-jima,tt0498380,2006,Japanese,0,1
leviathan,tt2332522,2012,English,0,0
leviathan-2014,tt2802154,2014,Russian,0,1
leviticus,tt39143902,2026,English,0,0
liar-liar,tt0119528,1997,English,0,0
licence-to-kill,tt0097742,1989,English,0,0
licorice-pizza,tt11271038,2021,English,0,1
life-and-nothing-more,tt5891122,2017,English,0,0
life-animated,tt3917210,2016,English,0,1
life-as-we-know-it,tt1055292,2010,English,0,0
life-is-sweet,tt0100024,1990,English,0,0
life-itself,tt2382298,2014,English,0,0
life-of-pi,tt0454876,2012,Tamil,3,7
lifeboat,tt0037017,1944,English,0,1
lifehack,tt32135632,2025,,0,0
light-from-light,tt9358160,2019,English,0,0
like-crazy,tt1758692,2011,English,0,0
like-crazy-2016,tt4621872,2016,Italian,0,0
like-father-like-son,tt2331143,2013,Japanese,0,0
like-someone-in-love,tt1843287,2012,Japanese,0,0
like-water-for-chocolate,tt0103994,1992,Spanish,0,0
lilo-stitch,tt0275847,2002,Hawaiian,0,1
lilya-4-ever,tt0300140,2002,Swedish,0,0
limbo,tt14032696,2021,Yue Chinese,0,0
limbo-2023,tt18594500,2025,,0,0
limelight-1969,tt0044837,1952,English,1,1
limitless,tt1219289,2011,English,0,0
limmensits,tt13051724,2022,Italian,0,0
lincoln,tt0443272,2012,English,2,10
linda-ronstadt-the-sound-of-my-voice,tt10011448,2019,English,0,0
linoleum,tt13483866,2022,English,0,0
listen-to-me-marlon,tt4145178,2015,English,0,0
listen-up-philip,tt3093546,2014,English,0,0
little-amelie-or-the-character-of-rain,tt29313285,2025,Japanese,0,1
little-children,tt0404203,2006,English,0,3
little-fish,tt0382810,2005,English,0,0
little-fish-2021,tt9735470,2020,English,0,0
little-fockers,tt0970866,2010,English,0,0
little-girl,tt11753696,2020,French,0,0
little-men,tt4919484,2016,English,0,0
little-miss-sunshine,tt0449059,2006,English,2,3
little-nicky,tt0185431,2000,English,0,0
little-richard-i-am-everything,tt13885492,2023,,0,0
little-shop-of-horrors,tt0091419,1986,English,0,1
little-sister,tt5434870,2016,English,0,0
little-trouble-girls,tt28834646,2025,Slovene,0,0
little-women,tt0110367,1994,English,0,3
little-women-1933,tt0024264,1933,English,1,1
little-women-2019,tt3281548,2019,English,1,5
little-woods,tt6418918,2018,English,0,0
live-and-let-die,tt0070328,1973,English,0,1
live-free-or-die-hard,tt0337978,2007,English,0,0
living,tt9051908,2022,English,0,2
living-in-oblivion,tt0113677,1995,English,0,0
liyana,tt6977442,2017,English,0,0
liza-a-truly-terrific-absolutely-true-story,tt32150684,2024,English,0,0
lo-and-behold-reveries-of-the-connected-world,tt5275828,2016,English,0,0
local-hero,tt0085859,1983,English,0,0
lock-stock-and-two-smoking-barrels,tt0120735,1998,English,0,0
locke,tt2692904,2013,English,0,0
logan-2017,tt3315342,2017,English,0,1
logan-lucky,tt5439796,2017,American English,0,0
lolita,tt0119558,1997,English,0,0
lolita-1969,tt0056193,1962,English,0,1
london-road,tt3573598,2015,English,0,0
lone-star,tt0116905,1996,English,0,1
long-days-journey-into-night,tt8185182,2018,Standard Chinese,0,0
long-strange-trip,tt4143508,2017,English,0,0
long-way-north,tt2262345,2015,French,0,0
longlegs,tt23468450,2024,English,0,0
look-into-my-eyes,tt19121796,2024,,0,0
look-whos-talking,tt0097778,1989,English,0,0
looney-tunes-back-in-action,tt0318155,2003,English,0,0
looper,tt1276104,2012,English,0,0
lord-of-war,tt0399295,2005,English,0,0
lore,tt1996310,2012,English,0,0
lorelei,tt6461318,2020,English,0,0
lorenzos-oil,tt0104756,1992,English,0,2
lornas-silence,tt1186369,2008,Albanian,0,0
los-angeles-plays-itself,tt0379357,2003,English,0,0
lost-illusions,tt10505316,2021,French,0,0
lost-in-america,tt0089504,1985,English,0,0
lost-in-paris,tt2936884,2016,French,0,0
lost-in-space,tt0120738,1998,English,0,0
lost-in-translation,tt0335266,2003,Japanese,1,2
louis-armstrongs-black-blues,tt14447458,2022,,0,0
louis-theroux-inside-the-manosphere,tt39792948,2026,,0,0
lourdes,tt1405809,2009,English,0,0
love-2024,tt11680698,2024,,0,0
love-actually,tt0314331,2003,English,0,0
love-affair-1939,tt0031593,1939,English,0,3
love-after-love,tt5457078,2017,English,0,0
love-and-death-on-long-island,tt0119574,1997,English,0,0
love-antosha,tt9351746,2019,English,0,0
love-exposure,tt1128075,2008,Japanese,0,0
love-friendship,tt3068194,2016,English,0,0
love-gilda,tt5424228,2018,English,0,0
love-is-strange,tt2639344,2014,Russian,0,0
love-lies-bleeding,tt19637052,2024,English,0,0
love-mercy,tt0903657,2014,English,0,0
love-simon,tt5164432,2018,English,0,0
loveless-2017,tt5286306,2017,,0,0
lovely-rita-2001,tt0228536,2001,German,0,0
lovesong,tt4305148,2016,English,0,0
loving,tt4669986,2016,English,0,1
luca,tt12801262,2021,English,0,1
luce,tt7616148,2019,English,0,0
lucky-2017,tt13123914,2017,,0,0
lucky-2020,tt10966156,2020,,0,0
lucky-grandma,tt10011336,2019,,0,0
lucy-and-desi,tt12971802,2022,,0,0
lumumba,tt0246765,2000,French,0,0
lunana-a-yak-in-the-classroom,tt10189300,2019,Dzongkha,0,0
lurker,tt13651462,2025,English,0,0
lust-caution,tt0808357,2007,Standard Chinese,0,0
luther-never-too-much,tt10850320,2024,,0,0
luzzu,tt11379584,2021,Maltese,0,0
m3gan,tt8760708,2022,English,0,0
ma-raineys-black-bottom,tt10514222,2020,English,0,0
maborosi,tt0113725,1995,Japanese,0,0
macbeth-2015,tt12291542,2015,,0,0
macgruber,tt1470023,2010,English,0,0
machete,tt0985694,2010,English,0,0
machine-gun-preacher,tt1586752,2011,English,0,0
mad-god,tt15090124,2021,English,0,0
mad-max-beyond-thunderdome,tt0089530,1985,English,0,0
mad-max-fury-road,tt1392190,2015,English,0,0
madadayo,tt0107474,1993,Japanese,0,0
madagascar,tt0351283,2005,English,0,0
madagascar-escape-2-africa,tt0479952,2008,English,0,0
maddies-secret,tt37675037,2025,English,0,0
made-in-england-the-films-of-powell-and-pressburger,tt19895822,2024,English,0,0
madelines-madeline,tt6101602,2018,English,0,0
mademoiselle-chambon,tt1285246,2009,French,0,0
maestro-2023,tt21970768,2023,,0,0
magellan,tt36456563,2025,Cebuano,0,0
maggies-plan,tt3471098,2015,English,0,0
magic-mike,tt1915581,2012,English,0,0
magnolia,tt0175880,1999,English,0,2
maidan,tt3675486,2014,Ukrainian,0,0
maiden,tt8879946,2018,English,0,0
maidentrip,tt2555268,2013,,0,0
make-up,tt8362736,2019,,0,0
making-waves-the-art-of-cinematic-sound,tt3856408,2019,English,0,0
mala-mala,tt3314958,2014,Spanish,0,0
malcolm-x,tt0104797,1992,English,0,2
malena,tt0213847,2000,Italian,0,2
mallrats,tt0113749,1995,English,0,0
mami-wata,tt6315898,2023,West African Pidgin English,0,0
mamma-mia!,tt0795421,2008,English,0,0
man-on-fire,tt0328107,2004,English,0,0
man-on-wire,tt1155592,2008,English,1,0
man-with-a-movie-camera,tt0019760,1929,,0,0
manakamana,tt3103326,2013,Nepali,0,0
manchester-by-the-sea,tt4034228,2016,English,2,4
mandibles,tt10375106,2020,French,0,0
mandy,tt6998518,2018,English,0,0
manhattan,tt0079522,1979,English,0,2
manhunter,tt0091474,1986,English,0,0
manifesto,tt4511200,2015,English,0,0
mank,tt10618286,2020,English,2,7
manufactured-landscapes,tt0832903,2006,English,0,0
manuscripts-dont-burn,tt2912144,2013,Dari,0,0
mapplethorpe-look-at-the-pictures,tt5275838,2016,English,0,0
maquia-when-the-promised-flower-blooms,tt7339826,2018,Japanese,0,0
marcel-the-shell-with-shoes-on,tt15339456,2021,English,0,1
march-of-the-penguins,tt0428803,2005,French,1,0
margin-call,tt1615147,2011,English,0,1
marguerite,tt4428788,2015,French,0,0
maria-by-callas,tt7364566,2017,English,0,0
maria-full-of-grace,tt0390221,2004,English,0,1
marie-antoinette,tt0422720,2006,English,1,1
marina-abramovic-the-artist-is-present,tt2073029,2012,English,0,0
marjorie-prime,tt4978710,2017,English,0,0
marlee-matlin-not-alone-anymore,tt33322301,2025,,0,0
marley,tt1183919,2012,English,0,0
marley-me,tt0822832,2008,English,0,0
marlina-the-murderer-in-four-acts,tt5923026,2017,Indonesian,0,0
marmaduke,tt1392197,2010,English,0,0
marriage-story,tt7653254,2019,English,1,4
mars-attacks!,tt0116996,1996,English,0,0
mars-express,tt26915336,2023,French,0,0
mars-needs-moms,tt1305591,2011,English,0,0
mars-one,tt16377816,2022,Portuguese,0,0
martha-marcy-may-marlene,tt1441326,2011,English,0,0
martin-eden,tt10450832,2021,,0,0
marty,tt0048356,1955,English,2,6
marty-supreme,tt32916440,2025,English,0,7
marwencol,tt1391092,2010,English,0,0
mary-and-the-witchs-flower,tt6336356,2017,Japanese,0,0
mary-poppins,tt0058331,1964,English,5,10
masculine-feminine,tt0060675,1966,Swedish,0,0
mash,tt0066026,1970,English,1,3
mass,tt11389748,2021,English,0,0
master-and-commander-the-far-side-of-the-world,tt0311113,2003,English,1,7
masters-of-the-universe,tt0093507,1987,English,0,0
match-point,tt0416320,2005,English,0,1
matt-shepard-is-a-friend-of-mine,tt2555302,2014,,0,0
max-payne,tt0467197,2008,English,0,0
may-december,tt13651794,2023,English,0,1
mccabe-mrs-miller,tt0067411,1971,English,0,1
mcqueen,tt6510332,2018,English,0,0
me-and-earl-and-the-dying-girl,tt2582496,2015,English,0,0
me-myself-irene,tt0183505,2000,English,0,0
mea-maxima-culpa-silence-in-the-house-of-god,tt2111478,2012,English,0,0
mean-girls,tt0377092,2004,English,0,0
mean-streets,tt0070379,1973,English,0,0
mediterranea,tt3486542,2015,Italian,0,0
medium-cool,tt0064652,1969,English,0,0
meeks-cutoff,tt1518812,2010,English,0,0
meet-joe-black,tt0119643,1998,English,0,0
meet-me-in-st-louis,tt0037059,1944,English,0,3
meet-the-parents,tt0212338,2000,English,0,0
meet-the-robinsons,tt0396555,2007,English,0,0
meet-the-spartans,tt1073498,2008,English,0,0
meeting-gorbachev,tt8811382,2018,Russian,0,0
meeting-with-pol-pot,tt32086004,2024,French,0,0
megadoc,tt34621966,2025,,0,0
megamind,tt1001526,2010,English,0,0
melancholia,tt1527186,2011,Swedish,0,0
memento,tt0209144,2000,English,0,2
memoir-of-a-snail,tt23770030,2024,English,0,1
memoirs-of-a-geisha,tt0397535,2005,Japanese,3,5
memoria-2020,tt12104164,2021,,0,0
memories-of-murder,tt0353969,2003,Korean,0,0
memory-2023,tt19864828,2023,English,0,0
memory-the-origins-of-alien,tt8974964,2019,English,0,0
men-go-to-battle,tt4604496,2015,English,0,0
men-in-black,tt0119654,1997,English,1,3
men-in-black-ii,tt0120912,2002,English,0,0
men-of-honor,tt0203019,2000,English,0,0
menace-ii-society,tt0107554,1993,English,0,0
menashe,tt6333086,2017,Yiddish,0,0
menus-plaisirs---les-troisgros,tt28494786,2023,English,0,0
merci-pour-le-chocolat,tt0232083,2000,French,0,0
merrily-we-roll-along,tt32641442,2025,,0,0
meru,tt2545428,2015,English,0,0
mesrine-killer-instinct,tt1259014,2008,Arabic,0,0
mesrine-public-enemy-no-1,tt0411272,2008,English,0,0
metropolis-re-release,tt0293416,2001,Japanese,0,0
miami-vice,tt0430357,2006,English,0,0
michael-clayton,tt0465538,2007,English,1,5
mickey-17,tt12299608,2025,English,0,0
mickey-and-the-bear,tt9614440,2019,English,0,0
microcosmos,tt0117040,1996,French,0,0
mid-august-lunch,tt1277728,2008,Italian,0,0
middle-of-nowhere,tt1211890,2012,English,0,0
midnight-cowboy,tt0064665,1969,English,1,4
midnight-family,tt6010976,2019,Spanish,0,0
midnight-in-paris,tt1605783,2011,English,1,2
midnight-run,tt0095631,1988,English,0,0
midnight-special,tt2649554,2016,English,0,0
midnight-traveler,tt8923500,2019,,0,0
midsommar,tt8772262,2019,Swedish,0,0
mike-wallace-is-here,tt9353436,2019,English,0,0
mikey-and-nicky,tt0074901,1976,English,0,0
mildred-pierce,tt0037913,1945,English,1,4
mile-end-kicks,tt33301434,2025,English,0,0
miles-davis-birth-of-the-cool,tt1305619,2019,,0,0
milk,tt1013753,2008,American English,2,6
millennium-actress,tt0291350,2001,Japanese,0,0
millers-crossing,tt0100150,1990,Irish,0,0
milli-vanilli,tt14666592,2023,,0,0
million-dollar-baby,tt0405159,2004,English,2,5
mimic,tt0119675,1997,English,0,0
minari,tt10633456,2020,Korean,1,4
mindhunters,tt0297284,2004,English,0,0
minding-the-gap,tt7476236,2018,English,0,1
minority-report,tt0181689,2002,English,0,0
miracle-in-milan,tt0043809,1951,Italian,0,0
miracle-on-34th-street,tt0039628,1947,English,2,2
mirai,tt6900448,2018,Japanese,0,1
miroirs-no-3,tt32247943,2025,German,0,0
mirror-1975,tt0372427,2003,,0,0
mirrors,tt0790686,2008,English,0,0
misericordia,tt32085997,2024,French,0,0
misery,tt0100157,1990,English,1,1
mishima-a-life-in-four-chapters,tt0089603,1985,Japanese,0,0
miss-bala,tt1911600,2011,Spanish,0,0
miss-congeniality,tt0212346,2000,English,0,0
miss-hokusai,tt3689910,2015,Japanese,0,0
miss-juneteenth,tt11394158,2020,English,0,0
miss-sharon-jones!,tt4935480,2015,English,0,0
missing,tt0084335,1982,English,1,3
mission-impossible,tt0117060,1996,English,0,0
mission-impossible---ghost-protocol,tt1229238,2011,English,0,0
mission-impossible---rogue-nation,tt2381249,2015,English,0,0
mission-impossible-fallout,tt4912910,2018,English,0,0
mission-impossible-ii,tt0120755,2000,English,0,0
mission-impossible-iii,tt0317919,2006,Standard Chinese,0,0
mission-to-mars,tt0183523,2000,English,0,0
mississippi-burning,tt0095647,1988,English,1,5
mississippi-grind,tt2349144,2015,English,0,0
mississippi-masala,tt0102456,1991,English,0,0
mistaken-for-strangers,tt2737310,2013,English,0,0
mister-organ,tt21996838,2022,English,0,0
mistress-america,tt2872462,2015,English,0,0
mlkfbi,tt12801356,2020,English,0,0
moana,tt3521164,2016,English,0,1
moby-dick,tt0049513,1956,English,0,0
modern-times-re-release,tt0104901,1992,,0,0
mogul-mowgli,tt9892094,2020,English,0,0
molli-and-max-in-the-future,tt21426456,2023,English,0,0
mollys-game,tt4209788,2017,English,0,1
mommy,tt5152894,2015,,0,0
mona-lisa,tt0091538,1986,English,0,1
moneyball,tt1210166,2011,English,0,5
monica,tt6337816,2022,English,0,0
monkey-kingdom,tt3660770,2015,English,0,0
monos,tt6062774,2019,Spanish,0,0
monrovia-indiana,tt8749146,2018,English,0,0
monsieur-hulots-holiday,tt0046487,1953,French,0,1
monsieur-lazhar,tt2011971,2011,French,0,1
monsoon-wedding,tt0265343,2001,English,0,0
monster,tt0340855,2003,English,1,1
monster-2023,tt23736044,2023,Japanese,0,0
monster-house,tt0385880,2006,English,0,1
monster-in-law,tt0369735,2005,English,0,0
monsters,tt1470827,2010,English,0,0
monsters-ball,tt0285742,2001,English,1,2
monsters-inc,tt0198781,2001,English,1,2
montana-story,tt13656980,2021,English,0,0
monte-carlo,tt1067774,2011,English,0,0
monty-python-and-the-holy-grail,tt0071853,1975,English,0,0
monty-pythons-life-of-brian,tt0079470,1979,English,0,0
moolaade,tt0416991,2003,Bambara,0,0
moonage-daydream,tt9883832,2022,English,0,0
moonlight-2016,tt4975722,2016,English,2,6
moonraker,tt0079574,1979,English,0,1
moonrise-kingdom,tt1748122,2012,English,0,1
moonstruck,tt0093565,1987,English,3,4
more-than-ever,tt14275050,2022,English,0,0
more-than-honey,tt2263058,2012,Swiss German,0,0
morning-glory,tt1126618,2010,English,0,0
morris-from-america,tt3652862,2016,English,0,0
mortal-kombat,tt0113855,1995,English,0,0
mortal-kombat-annihilation,tt0119707,1997,English,0,0
morvern-callar,tt0300214,2002,English,0,0
most-beautiful-island,tt4866448,2017,English,0,0
motel-destino,tt28608358,2024,Portuguese,0,0
mother,tt1216496,2009,Korean,0,0
mother!,tt5109784,2017,American English,0,0
moulin-rouge!,tt0203009,2001,English,2,7
mountain-2018,tt10521136,2017,,0,0
mountain-patrol,tt0386651,2004,Chinese,0,0
mountains,tt22170270,2023,Haitian Creole,0,0
mountains-may-depart,tt3740778,2015,Chinese,0,0
mousehunt,tt0119715,1997,English,0,0
moviepass-moviecrash,tt14257662,2024,English,0,0
mozarts-sister,tt1653911,2010,French,0,0
mr-bachmann-and-his-class,tt14035048,2021,German,0,0
mr-brooks,tt0780571,2007,English,0,0
mr-death-the-rise-and-fall-of-fred-a-leuchter-jr,tt0192335,1999,English,0,0
mr-deeds,tt0280590,2002,English,0,0
mr-mrs-smith,tt0356910,2005,English,0,0
mr-nobody-against-putin,tt34965515,2025,Russian,1,1
mr-poppers-penguins,tt1396218,2011,English,0,0
mr-roosevelt,tt6212496,2017,English,0,0
mr-smith-goes-to-washington,tt0031679,1939,American English,0,7
mr-turner,tt2473794,2014,English,0,4
mrs-doubtfire,tt0107614,1993,English,1,1
mrs-miniver,tt0035093,1942,English,4,9
much-ado-about-nothing,tt2094064,2012,English,0,0
much-ado-about-nothing-1993,tt0107616,1993,English,0,0
mucho-mucho-amor,tt28278971,2023,,0,0
mud,tt1935179,2012,English,0,0
mudbound,tt2396589,2017,English,0,4
mugabe-and-the-white-african,tt1437235,2009,English,0,0
mulan,tt0120762,1998,English,0,1
mulholland-dr,tt0166924,2001,English,0,0
munich,tt0408306,2005,Arabic,0,3
murder-on-the-orient-express-1974,tt0071877,1974,English,1,6
murderball,tt0436613,2005,English,0,1
murina,tt8434110,2021,Croatian,0,0
muscle-shoals,tt2492916,2013,English,0,0
museo,tt4958448,2018,Spanish,0,0
museum-hours,tt2268732,2012,English,0,0
music-2023,tt15547924,2023,Greek,0,0
music-by-john-williams,tt26420234,2024,English,0,0
musica,tt19853698,2024,English,0,0
mustang,tt3966404,2015,Turkish,0,1
mutiny-on-the-bounty,tt0026752,1935,English,0,4
my-architect,tt0373175,2003,English,0,1
my-beautiful-laundrette,tt0091578,1985,English,0,1
my-best-friends-wedding,tt0119738,1997,English,0,1
my-big-night,tt4412362,2015,Spanish,0,0
my-bloody-valentine,tt1179891,2009,English,0,0
my-blueberry-nights,tt0765120,2007,English,0,0
my-brother-the-devil,tt2076897,2012,English,0,0
my-cousin-vinny,tt0104952,1992,English,1,1
my-darling-vivian,tt7432980,2020,,0,0
my-dead-friend-zoe,tt22022784,2024,English,0,0
my-dinner-with-andre,tt0082783,1981,English,0,0
my-dog-tulip,tt0843358,2009,English,0,0
my-entire-high-school-sinking-into-the-sea,tt5538568,2016,English,0,0
my-fair-lady,tt0058385,1964,English,6,10
my-fathers-dragon,tt9288748,2022,English,0,0
my-fathers-shadow,tt35695538,2025,Yoruba,0,0
my-golden-days,tt4048050,2015,French,0,0
my-happy-family,tt5791536,2017,Georgian,0,0
my-hero-academia-heroes-rising,tt11107074,2019,Japanese,0,0
my-journey-through-french-cinema,tt5652594,2016,French,0,0
my-joy,tt1646114,2010,Russian,0,0
my-left-foot,tt0097937,1989,English,2,3
my-life-as-a-dog,tt0089606,1985,Swedish,0,1
my-life-as-a-zucchini,tt2321405,2016,French,0,1
my-little-sister,tt10117768,2020,English,0,0
my-man-godfrey,tt0028010,1936,Russian,0,5
my-mom-jayne,tt36464353,2025,,0,0
my-name-is-alfred-hitchcock,tt21154428,2022,English,0,0
my-name-is-khan,tt1188996,2010,Hindi,0,0
my-neighbor-totoro,tt0096283,1988,Japanese,0,0
my-old-ass,tt18559464,2024,English,0,0
my-own-private-idaho,tt0102494,1991,English,0,0
my-penguin-friend,tt8609660,2024,English,0,0
my-perestroika,tt1557720,2010,Russian,0,0
my-sisters-keeper,tt1078588,2009,English,0,0
my-soul-to-take,tt0872230,2010,English,0,0
my-summer-of-love,tt0382189,2004,English,0,0
my-super-ex-girlfriend,tt0465624,2006,English,0,0
my-uncle,tt0050706,1958,French,1,1
my-undesirable-friends-part-i---last-air-in-moscow,tt33075192,2024,Russian,0,0
my-voyage-to-italy,tt0173772,1999,English,0,0
my-week-with-marilyn,tt1655420,2011,English,0,2
my-winnipeg,tt1093842,2007,English,0,0
mysteries-of-lisbon,tt20259142,2010,English,0,0
mystery-men,tt0132347,1999,English,0,0
mystery-train,tt0097940,1989,Japanese,0,0
mystic-river,tt0327056,2003,English,2,4
mystify-michael-hutchence,tt5938950,2019,English,0,0
nacho-libre,tt0457510,2006,English,0,0
naked,tt0107653,1993,English,0,0
naked-gun-33-13-the-final-insult,tt0110622,1994,English,0,0
naked-lunch,tt0102511,1991,English,0,0
nam-june-paik-moon-is-the-oldest-tv,tt24079736,2023,Korean,0,0
nanny,tt10931784,2022,Wolof,0,0
nanny-mcphee,tt0396752,2005,English,0,0
napoleon-dynamite,tt0374900,2004,English,0,0
narco-cultura,tt2504022,2013,English,0,0
nas-time-is-illmatic,tt3549508,2014,English,0,0
nashville,tt0073440,1975,English,0,1
national-anthem,tt22803220,2023,English,0,0
national-gallery,tt3720794,2014,English,0,0
national-lampoons-vacation,tt0085995,1983,English,0,0
national-treasure-book-of-secrets,tt0465234,2007,English,0,0
natural-born-killers,tt0110632,1994,English,0,0
nausicaa-of-the-valley-of-the-wind,tt0087544,1984,Japanese,0,0
navalny,tt17041964,2022,Russian,1,1
near-dark,tt0093605,1987,English,0,0
nebraska,tt1821549,2013,English,0,4
neighboring-sounds,tt2190367,2012,Portuguese,0,0
neil-young-heart-of-gold,tt0473692,2006,English,0,0
neil-young-journeys,tt2043931,2011,English,0,0
neon-bull,tt4899406,2015,Portuguese,0,0
neptune-frost,tt11873472,2021,Kirundi,0,0
neruda,tt4698584,2016,Spanish,0,0
network,tt0074958,1976,English,4,7
never-back-down,tt1023111,2008,English,0,0
never-gonna-snow-again,tt9526784,2020,Russian,0,0
never-rarely-sometimes-always,tt7772582,2020,English,0,0
never-say-never-again,tt0086006,1983,English,0,0
new-years-eve,tt1598822,2011,English,0,0
news-of-the-world,tt6878306,2020,English,0,4
newtown,tt5278578,2016,,0,0
next-goal-wins,tt2446600,2014,Samoan,0,0
nick-and-norahs-infinite-playlist,tt0981227,2008,English,0,0
nickel-boys,tt23055660,2024,English,0,1
nico-1988,tt7186092,2017,English,0,0
night-at-the-museum,tt0477347,2006,Hebrew,0,0
night-comes-on,tt7184124,2018,English,0,0
night-moves,tt2043933,2013,English,0,0
night-moves-1975,tt0073453,1975,English,0,0
night-of-the-kings,tt8132778,2020,Dioula,0,0
night-of-the-living-dead,tt0063350,1968,English,0,0
night-will-fall,tt3455822,2014,English,0,0
nightcrawler,tt2872718,2014,English,0,1
nimona,tt19500164,2023,English,0,1
nina-forever,tt2885628,2015,English,0,0
nine-days,tt10451852,2020,English,0,0
nine-lives,tt0420015,2005,English,0,0
nine-queens,tt0247586,2000,Spanish,0,0
nirvanna-the-band-the-show-the-movie,tt35522483,2025,English,0,0
nitram,tt13694628,2021,English,0,0
nixon,tt0113987,1995,English,0,4
no,tt2059255,2012,Spanish,0,1
no-bears,tt20205236,2022,Persian,0,0
no-country-for-old-men,tt0477348,2007,English,2,5
no-date-no-signature,tt6207878,2017,Persian,0,0
no-end-in-sight,tt0912593,2007,English,0,1
no-home-movie,tt4881016,2015,English,0,0
no-mans-land,tt0283509,2001,Serbo-Croatian,1,1
no-one-knows-about-persian-cats,tt1426378,2009,Persian,0,0
no-other-choice,tt1527793,2025,Korean,0,0
no-other-land,tt30953759,2024,Arabic,1,1
no-strings-attached,tt1411238,2011,English,0,0
no-sudden-move,tt11525644,2021,English,0,0
no-way-out,tt0093640,1987,Russian,0,0
nobody-knows,tt0408664,2004,Japanese,0,0
nobodys-fool,tt0110684,1994,English,0,2
nocturama,tt4795546,2016,French,0,0
nomadland,tt9770150,2020,English,1,4
non-fiction,tt7250056,2018,French,0,0
nope,tt10954984,2022,English,0,0
norbit,tt0477051,2007,English,0,1
norman-the-moderate-rise-and-tragic-fall-of-a-new-york-fixer,tt4191702,2016,English,0,0
norte-the-end-of-history,tt2852432,2013,Tagalog,0,0
north-by-northwest,tt0053125,1959,English,0,3
north-dallas-forty,tt0079640,1979,English,0,0
nosferatu-2024,tt5040012,2024,Romanian,0,4
nosferatu-the-vampyre,tt0079641,1979,German,0,0
nossa-chape,tt7983678,2018,Portuguese,0,0
nostalghia,tt10189572,1997,,0,0
nostalgia-2022,tt14034614,2022,Italian,0,0
nostalgia-for-the-light,tt1556190,2010,English,0,0
not-another-teen-movie,tt0277371,2001,English,0,0
notes-on-a-scandal,tt0465551,2006,English,0,4
nothing-compares,tt10196368,2022,English,0,0
nothing-lasts-forever,tt16317380,2022,,0,0
nothing-sacred,tt0029322,1937,English,0,0
notorious-1946,tt0038787,1946,Portuguese,0,2
notre-musique,tt0360845,2004,French,0,0
notting-hill,tt0125439,1999,English,0,0
nouvelle-vague,tt31688586,2025,English,0,0
november-2018,tt40474490,2019,,0,0
novitiate,tt4513316,2017,English,0,0
nowhere-boy,tt1266029,2009,English,0,0
nowhere-special,tt11286640,2020,English,0,0
o-brother-where-art-thou,tt0190590,2000,English,0,2
oasis,tt0320193,2002,Korean,0,0
oasis-dont-look-back-in-anger,tt36150957,2026,,0,0
oasis-knebworth-1996,tt15091500,2021,,0,0
oasis-supersonic,tt5213534,2016,English,0,0
obex,tt29544916,2025,English,0,0
obit,tt4820284,2016,English,0,0
observe-and-report,tt1197628,2009,English,0,0
obsessed,tt1198138,2009,English,0,0
obsession-2025,tt39060004,2026,,0,0
obvious-child,tt2910274,2014,English,0,0
occupied-city,tt9573150,2023,English,0,0
oceans,tt0765128,2008,English,0,0
oceans-thirteen,tt0496806,2007,English,0,0
oceans-twelve,tt0349903,2004,English,0,0
october-sky,tt0132477,1999,English,0,0
octopussy,tt0086034,1983,English,0,0
odd-man-out,tt0039677,1947,English,0,1
oddity,tt26470109,2024,English,0,0
of-gods-and-men,tt1588337,2010,Arabic,0,0
of-men-and-war,tt3704008,2014,English,0,0
of-mice-and-men,tt0031742,1939,English,0,4
of-time-and-the-city,tt1232790,2008,English,0,0
office,tt4392726,2015,Cantonese,0,0
office-space,tt0151804,1999,English,0,0
official-competition,tt11700260,2021,Spanish,0,0
offside,tt0499537,2006,Persian,0,0
ohorten,tt0962774,2007,Norwegian,0,0
okja,tt3967856,2017,Korean,0,0
oklahoma-city,tt6333090,2017,English,0,0
old-dogs,tt0976238,2009,English,0,0
old-joy,tt0468526,2006,English,0,0
old-school,tt0302886,2003,English,0,0
oldboy,tt0364569,2003,Korean,0,0
olga,tt13145186,2021,Ukrainian,0,0
oliver-sacks-his-own-life,tt10887164,2019,English,0,0
oliver-twist-1951,tt0040662,1948,English,0,0
olmo,tt30441926,2025,English,0,0
omaha,tt29253299,2025,English,0,0
omar,tt2852406,2013,Arabic,0,1
on-becoming-a-guinea-fowl,tt32083311,2024,English,0,0
on-body-and-soul,tt5607714,2017,Hungarian,0,1
on-dangerous-ground,tt0043879,1951,English,0,0
on-her-majestys-secret-service,tt0064757,1969,English,0,0
on-the-adamant,tt26448811,2023,French,0,0
on-the-beach-at-night-alone,tt6412864,2017,Korean,0,0
on-the-count-of-three,tt11160650,2021,English,0,0
on-the-record,tt11394650,2020,,0,0
on-the-rocks-2020,tt9606374,2020,English,0,0
on-the-ropes,tt0181733,1999,English,0,1
on-the-waterfront,tt0047296,1954,English,6,8
once,tt0907657,2006,Czech,0,0
once-upon-a-time-in-anatolia,tt1827487,2011,Turkish,0,0
once-upon-a-time-in-hollywood,tt7131622,2019,English,2,6
once-upon-a-time-in-the-west,tt0064116,1968,English,0,0
once-were-warriors,tt0110729,1994,English,0,0
one-battle-after-another,tt30144839,2025,English,4,10
one-child-nation,tt8923482,2019,Mandarin,0,0
one-cut-of-the-dead,tt7914416,2017,Japanese,0,0
one-day-2011,tt1563738,2011,English,0,0
one-day-in-september,tt0230591,1999,English,1,0
one-false-move,tt0102592,1991,English,0,0
one-fine-morning,tt13482828,2022,French,0,0
one-flew-over-the-cuckoos-nest,tt0073486,1975,English,3,7
one-hour-photo,tt0265459,2002,English,0,0
one-missed-call,tt0479968,2008,English,0,0
one-more-time-with-feeling,tt5777628,2016,English,0,0
one-night-in-miami,tt10612922,2020,English,0,2
one-of-them-days,tt32221196,2025,English,0,0
one-of-us,tt5974626,2017,,0,0
one-to-one-john-yoko,tt33029955,2024,English,0,0
one-week-and-a-day,tt4777584,2016,Hebrew,0,0
ong-bak,tt0368909,2003,Thai,0,0
only-angels-have-wings,tt0031762,1939,English,0,2
only-lovers-left-alive,tt1714915,2013,English,0,0
only-the-brave,tt3829920,2017,English,0,0
only-the-young,tt2085888,2012,,0,0
only-yesterday-1991,tt0102587,1991,Japanese,0,0
onoda-10000-nights-in-the-jungle,tt9844938,2021,Japanese,0,0
open-hearts,tt0315543,2002,Danish,0,0
open-range,tt0316356,2003,English,0,0
oppenheimer,tt15398776,2023,English,5,6
ordinary-love,tt6012380,2019,English,0,0
ordinary-people,tt0081283,1980,English,2,3
origin,tt13321244,2023,English,0,0
orion-and-the-dark,tt28066777,2024,English,0,0
orlando-my-political-biography,tt26448981,2023,French,0,0
osama,tt0368913,2003,Dari,0,0
oslo-august-31st,tt1736633,2011,Norwegian,0,0
osmosis-jones,tt0181739,2001,English,0,0
other-peoples-children-2022,tt15403712,2022,French,0,0
our-body,tt26347358,2023,French,0,0
our-children,tt1660302,2012,French,0,0
our-daily-bread,tt0765849,2005,German,0,0
our-father-the-devil,tt13892558,2021,,0,0
our-hero-balthazar,tt36589928,2025,English,0,0
our-idiot-brother,tt1637706,2011,English,0,0
our-little-sister,tt3756788,2015,Japanese,0,0
our-nixon,tt2282662,2013,English,0,0
our-time-will-come,tt7075594,2017,Standard Chinese,0,0
out-of-sight,tt0120780,1998,English,0,2
out-of-the-blue-1980,tt0081291,1980,English,0,0
out-of-the-past,tt0039689,1947,English,0,0
out-of-time,tt0313443,2003,English,0,0
outbreak,tt0114069,1995,English,0,0
outlander,tt0462465,2008,English,0,0
outside-in,tt7260048,2017,English,0,0
over-the-hedge,tt0327084,2006,English,0,0
pacifiction,tt13702796,2022,French,0,0
paddington,tt1109624,2014,English,0,0
paddington-2,tt4468740,2017,English,0,0
pain-and-glory,tt8291806,2019,Spanish,0,1
palio,tt3669520,2015,Italian,0,0
palm-springs,tt9484998,2020,English,0,0
palm-trees-and-power-lines,tt15257116,2022,English,0,0
panic,tt0194218,2000,English,0,0
pans-labyrinth,tt0457430,2006,Spanish,3,6
paper-moon,tt0070510,1973,English,1,3
paprika,tt0851578,2006,Japanese,0,0
paradise-hope,tt2371834,2013,English,0,0
paragraph-175,tt0236576,1999,English,0,0
parallel-mothers,tt12618926,2021,Spanish,0,2
paranoid-park,tt0842929,2007,English,0,0
paranormal-activity,tt1179904,2007,English,0,0
paranormal-activity-2,tt1536044,2010,English,0,0
paranormal-activity-3,tt1778304,2011,English,0,0
paranorman,tt1623288,2012,English,0,1
parasite,tt6751668,2019,Korean,2,3
parenthood,tt0098067,1989,English,0,1
pariah,tt1233334,2011,English,0,0
paris-0559-theo-hugo,tt5096628,2016,French,0,0
paris-13th-district,tt12708658,2021,Mandarin,0,0
paris-is-burning,tt0100332,1990,English,0,0
paris-je-taime,tt0401711,2006,English,0,0
paris-texas,tt0087884,1984,English,0,0
parlez-moi-de-la-pluie,tt1065332,2008,French,0,0
particle-fever,tt1385956,2013,Italian,0,0
pasolini,tt3125652,2014,English,0,0
pass-over,tt7768846,2018,English,0,0
passages,tt16252698,2023,English,0,0
passing,tt15836418,2021,,0,0
passing-strange,tt3457144,2009,,0,0
past-lives,tt13238346,2023,Korean,0,1
patch-adams,tt0129290,1998,English,0,1
paterson,tt5247022,2016,English,0,0
paths-of-glory,tt0050825,1957,English,0,0
paths-of-the-soul,tt4957446,2015,Tibetan,0,0
patriot-games,tt0105112,1992,English,0,0
patton,tt0066206,1970,English,5,8
paul,tt1092026,2011,English,0,0
paul-blart-mall-cop,tt1114740,2009,English,0,0
paul-mccartney-man-on-the-run,tt26931594,2025,,0,0
paul-williams-still-alive,tt1956594,2011,,0,0
pavements,tt30253514,2024,English,0,0
pay-it-forward,tt0223897,2000,English,0,0
paycheck,tt0338337,2003,English,0,0
pearl-2022,tt18925334,2022,English,0,0
pearl-harbor,tt0213149,2001,Japanese,1,2
pepe-le-moko-re-release,tt0029453,1937,French,0,0
percy-jackson-the-olympians-the-lightning-thief,tt0814255,2010,English,0,0
perfect-blue,tt0156887,1997,Japanese,0,0
perfect-days,tt27503384,2023,Japanese,0,1
persepolis,tt0808417,2007,French,0,1
persona,tt0060827,1966,Swedish,0,0
personal-shopper,tt4714782,2016,English,0,0
personality-crisis-one-night-only,tt12667838,2022,,0,0
pervert-park,tt4074304,2014,English,0,0
pet-sematary,tt0098084,1989,English,0,0
peter-and-the-farm,tt5535814,2016,,0,0
peter-hujars-day,tt34250044,2025,English,0,0
petes-dragon,tt2788732,2016,English,0,0
petite-maman,tt13204490,2021,French,0,0
petrovs-flu,tt10380900,2021,Russian,0,0
phantasm,tt0079714,1979,English,0,0
phantom-thread,tt5776858,2017,English,1,4
phenomenon,tt0117333,1996,English,0,0
phil-ochs-there-but-for-fortune,tt1597089,2010,English,0,0
philomena,tt2431286,2013,English,0,3
phoenix,tt2764784,2014,English,0,0
phone-booth,tt0183649,2002,English,0,0
pi,tt0138704,1998,English,0,0
picnic-at-hanging-rock,tt0073540,1975,English,0,0
pictures-of-ghosts,tt27502227,2023,Portuguese,0,0
pieta,tt2299842,2012,Korean,0,0
pig-2021,tt11003218,2021,English,0,0
piggy,tt10399608,2022,Spanish,0,0
pillion,tt32321317,2025,English,0,0
pin-cushion,tt6190348,2017,English,0,0
pina,tt1440266,2011,Korean,0,1
pineapple-express,tt0910936,2008,English,0,0
pink-floyd-the-wall,tt0084503,1982,English,0,0
pinocchio,tt0255477,2002,Italian,0,0
pinocchio-1940,tt0032910,1940,English,2,1
pirate-radio,tt1131729,2009,English,0,0
pirates-of-the-caribbean-at-worlds-end,tt0449088,2007,English,0,2
pirates-of-the-caribbean-dead-mans-chest,tt0383574,2006,English,1,3
pirates-of-the-caribbean-on-stranger-tides,tt1298650,2011,English,0,0
pirates-of-the-caribbean-the-curse-of-the-black-pearl,tt0325980,2003,English,0,4
pit-and-the-pendulum,tt0055304,1961,English,0,0
pitch-black,tt0134847,2000,English,0,0
plan-75,tt19719904,2022,Japanese,0,0
plan-b,tt13172796,2021,English,0,0
plan-c,tt24137440,2023,English,0,0
planes-trains-automobiles,tt0093748,1987,English,0,0
planet-51,tt0762125,2009,English,0,0
planet-of-the-apes,tt0133152,2001,English,0,0
planet-of-the-apes-1968,tt0063442,1968,English,1,2
platoon,tt0091763,1986,English,2,5
play,tt3547164,2014,,0,0
play-it-again-sam,tt0069097,1972,English,0,0
play-misty-for-me,tt0067588,1971,English,0,0
playground,tt11087960,2021,French,0,0
playtime,tt0062136,1967,French,0,0
pleasantville,tt0120789,1998,English,0,3
please-give,tt0878835,2010,English,0,0
pleasure,tt8550054,2021,English,0,0
pocahontas,tt0114148,1995,English,1,1
poetry,tt1287878,2010,Korean,0,0
point-blank,tt1545759,2010,French,0,0
point-blank-1967,tt0062138,1967,English,0,0
point-break-1991,tt0102685,1991,English,0,0
pokemon-heroes,tt0347791,2002,Japanese,0,0
pokemon-the-movie-2000,tt0210234,1999,Japanese,0,0
pokmon-the-first-movie---mewtwo-strikes-back!,tt0190641,1998,Japanese,0,0
police-academy,tt0087928,1984,English,0,0
police-adjective,tt1337051,2009,Romanian,0,0
police-story-1985,tt15164444,1996,Kannada,0,0
policeman,tt1978447,2011,Hebrew,0,0
polisse,tt1661420,2011,Italian,0,0
polite-society,tt18257464,2023,English,0,0
pollock,tt0183659,2000,English,1,2
poltergeist-1982,tt0084516,1982,English,0,2
pom-poko,tt0110008,1994,Japanese,0,0
pompei-below-the-clouds,tt36874833,2025,Italian,0,0
pontypool,tt1226681,2008,English,0,0
ponyo,tt0876563,2008,Japanese,0,0
poor-things,tt14230458,2023,English,3,6
porcelain-war,tt30294282,2024,,0,1
porco-rosso,tt0104652,1992,Japanese,0,0
portrait-of-a-lady-on-fire,tt8613070,2019,French,0,0
poseidon,tt0409182,2006,English,0,1
possession-1983,tt0082933,1981,English,0,0
post-mortem,tt13684420,2011,,0,0
postal,tt0486640,2007,English,0,0
power-2024,tt30321114,2024,English,0,0
practical-magic,tt0120791,1998,English,0,0
pray-away,tt11224358,2021,English,0,0
pray-the-devil-back-to-hell,tt1202203,2008,English,0,0
prayers-for-the-stolen,tt10366574,2021,Spanish,0,0
predator,tt0093773,1987,Russian,0,1
predator-2,tt0100403,1990,English,0,0
predator-badlands,tt31227572,2025,English,0,0
predator-killer-of-killers,tt36463894,2025,English,0,0
predators,tt1424381,2010,English,0,0
predators-2025,tt34963732,2025,English,0,0
premature-2020,tt9133378,2019,English,0,0
premonition,tt0477071,2007,English,0,0
preparation-for-the-next-life,tt31727191,2025,English,0,0
preparations-to-be-together-for-an-unknown-period-of-time,tt12564514,2020,Hungarian,0,0
presence,tt28249919,2024,English,0,0
pretty-woman,tt0100405,1990,English,0,1
prevenge,tt5154288,2016,English,0,0
prey-2022,tt11866324,2022,Comanche,0,0
pride-2014,tt3169706,2014,English,0,0
pride-and-prejudice-1940,tt0032943,1940,English,1,1
pride-prejudice,tt0414387,2005,English,0,4
priest,tt0822847,2011,English,0,0
primal-fear,tt0117381,1996,English,0,1
primer,tt0390384,2004,English,0,0
prince-avalanche,tt2195548,2013,English,0,0
prince-of-persia-the-sands-of-time,tt0473075,2010,English,0,0
prince-of-the-city,tt0082945,1981,English,0,1
princess-cyd,tt6053440,2017,English,0,0
princess-mononoke,tt0119698,1997,Japanese,0,0
priscilla,tt22041854,2023,English,0,0
prisoners,tt1392214,2013,English,0,1
private-life,tt5536610,2018,English,0,0
prizzis-honor,tt0089841,1985,English,1,6
procession,tt14300912,2021,English,0,0
project-hail-mary,tt12042730,2026,English,0,0
project-nim,tt1814836,2011,English,0,0
prom-night,tt0926129,2008,English,0,0
promare,tt9116358,2019,Japanese,0,0
promising-young-woman,tt9620292,2020,English,1,2
prophets-prey,tt4188202,2015,English,0,0
proxima,tt7374926,2019,German,0,0
ps-i-love-you,tt0431308,2007,English,0,0
psycho,tt0155975,1998,English,0,0
psycho-1960,tt0054215,1960,English,0,3
public-enemies,tt1152836,2009,English,0,0
pulp-fiction,tt0110912,1994,English,1,5
pulse,tt0454919,2006,English,0,0
pulse-2005,tt0454919,2006,English,0,0
pump-up-the-volume,tt0100436,1990,English,0,0
punch-drunk-love,tt0272338,2002,English,0,0
punisher-war-zone,tt0450314,2008,English,0,0
pusher,tt0117407,1996,Danish,0,0
puss-in-boots,tt0448694,2011,English,0,1
puss-in-boots-the-last-wish,tt3915174,2022,English,0,1
pussy-riot-a-punk-prayer,tt2481238,2013,Russian,0,0
put-your-soul-on-your-hand-and-walk,tt36598711,2025,English,0,0
putty-hill,tt1530975,2010,English,0,0
quantum-of-solace,tt0830515,2008,English,0,0
quarantine,tt1082868,2008,Spanish,0,0
queen-of-earth,tt3993894,2015,English,0,0
queen-of-katwe,tt4341582,2016,English,0,0
queen-of-the-damned,tt0238546,2002,English,0,0
queen-slim,tt8722346,2019,English,0,0
queer,tt24176060,2024,English,0,0
quest-2017,tt4157144,2017,,0,0
quest-for-fire,tt0082484,1981,artistic language,1,1
quiz-show,tt0110932,1994,English,0,2
quo-vadis-aida,tt8633462,2020,Bosnian,0,1
ra-one,tt1562871,2011,Hindi,0,0
rabbit-hole,tt0935075,2010,English,0,1
rabbit-proof-fence,tt0252444,2002,English,0,0
rachel-getting-married,tt1084950,2008,English,0,1
racing-dreams,tt1152840,2009,English,0,0
raging-bull,tt0081398,1980,English,2,6
raiders-of-the-lost-ark,tt0082971,1981,English,4,6
raiders!-the-story-of-the-greatest-fan-film-ever-made,tt3551954,2015,American English,0,0
rain-man,tt0095953,1988,English,2,6
raise-the-red-lantern,tt0101640,1991,Mandarin,0,1
raising-victor-vargas,tt0316188,2002,English,0,0
ralph-breaks-the-internet,tt5848272,2018,English,0,1
rambo-first-blood-part-ii,tt0089880,1985,Vietnamese,0,0
rambo-iii,tt0095956,1988,English,0,0
ramona-and-beezus,tt0493949,2010,English,0,0
rams,tt3296658,2015,Icelandic,0,0
ran,tt0089881,1985,Japanese,1,3
rango,tt1192628,2011,English,1,1
rapt,tt1430110,2009,French,0,0
rashomon,tt0042876,1950,Japanese,1,1
rat-film,tt5840448,2016,English,0,0
ratatouille,tt0382932,2007,English,1,4
ratcatcher,tt0171685,1999,English,0,0
raw,tt4954522,2016,French,0,0
ray,tt0350258,2004,English,2,4
ray-liz,tt6601502,2018,English,0,0
raya-and-the-last-dragon,tt5109280,2021,English,0,1
rbg,tt7689964,2018,English,0,1
re-animator,tt0089885,1985,English,0,0
read-my-lips,tt0274117,2001,French,0,0
real-steel,tt0433035,2011,English,0,1
reality,tt1846487,2012,Neapolitan language,0,0
reality-2023,tt24068064,2023,English,0,0
rear-window,tt0047396,1954,English,0,3
rebecca-1940,tt0032976,1940,English,1,9
rebel-ridge,tt11301886,2024,English,0,0
rebel-without-a-cause,tt0048545,1955,English,0,2
rebels-of-the-neon-god,tt0103935,1992,Standard Taiwanese Mandarin,0,0
rebuilding,tt29361963,2025,English,0,0
rec,tt1038988,2007,Spanish,0,0
rec-2,tt5262056,2015,,0,0
red-army,tt3264102,2014,Russian,0,0
red-beard,tt0058888,1965,Japanese,0,0
red-dragon,tt0289765,2002,English,0,0
red-heat,tt0095963,1988,Russian,0,0
red-island,tt13846540,2023,French,0,0
red-planet,tt0199753,2000,English,0,0
red-riding-hood,tt1486185,2011,English,0,0
red-river,tt0040724,1948,English,0,1
red-rock-west,tt0105226,1993,English,0,0
red-rocket,tt13453006,2021,English,0,0
red-rooms,tt22207786,2023,Quebec French,0,0
redux-redux,tt33295741,2025,English,0,0
reflection-in-a-dead-diamond,tt32263401,2025,English,0,0
reign-over-me,tt0490204,2007,English,0,0
relaxer,tt7952920,2018,English,0,0
relic,tt9072352,2020,English,0,0
religulous,tt0815241,2008,English,0,0
remake,tt37660544,2025,,0,0
remember-me,tt1403981,2010,English,0,0
remember-the-night,tt0032981,1939,English,0,0
remember-the-titans,tt0210945,2000,English,0,0
renaissance-a-film-by-beyonce,tt29354040,2023,English,0,0
repo-man,tt0087995,1984,English,0,0
repo-men,tt1053424,2010,English,0,0
repo!-the-genetic-opera,tt0963194,2008,English,0,0
reprise,tt0827517,2006,Norwegian,0,0
repulsion-re-release,tt0059646,1965,English,0,0
requiem,tt0454931,2006,German,0,0
requiem-for-a-dream,tt0180093,2000,English,0,1
rescue-dawn,tt0462504,2006,English,0,0
reservoir-dogs,tt0105236,1992,English,0,0
resident-evil,tt0120804,2002,English,0,0
resident-evil-apocalypse,tt0318627,2004,English,0,0
resident-evil-extinction,tt0432021,2007,English,0,0
residue-2020,tt11568878,2020,Spanish,0,0
restless-creature-wendy-whelan,tt3551540,2016,English,0,0
restrepo,tt1559549,2010,English,0,1
results,tt3824412,2015,English,0,0
resurrection,tt11540726,2022,English,0,0
resurrection-2025,tt29002950,2025,Mandarin,0,0
return-to-dust,tt17097088,2022,Mandarin,0,0
return-to-seoul,tt19719836,2022,Korean,0,0
revanche,tt1173745,2008,Russian,0,1
revenge,tt12655520,2019,,0,0
reversal-of-fortune,tt0100486,1990,English,1,2
revoir-paris,tt15329224,2022,English,0,0
revolutionary-road,tt0959337,2008,English,0,3
revolver,tt0365686,2005,English,0,0
rewind,tt11924002,2021,,0,0
rich-hill,tt2548738,2014,English,0,0
richard-iii,tt0114279,1995,English,0,2
richard-iii-1956,tt0049674,1955,English,0,1
ricky-2025,tt27827635,2025,English,0,0
ride-the-high-country,tt0056412,1962,English,0,0
riders-of-justice,tt11655202,2020,Danish,0,0
riefenstahl,tt32249940,2024,German,0,0
rififi-re-release,tt0048021,1955,French,0,0
right-now-wrong-then,tt4768776,2015,Korean,0,0
righteous-kill,tt1034331,2008,English,0,0
rimini,tt8956284,2022,German,0,0
rio-bravo,tt0053221,1959,Spanish,0,0
riotsville-usa,tt11398388,2022,English,0,0
rise-of-the-planet-of-the-apes,tt1318514,2011,English,0,1
risk,tt4964772,2016,English,0,0
risky-business,tt0086200,1983,German,0,0
rita-moreno-just-a-girl-who-decided-to-go-for-it,tt10741846,2021,English,0,0
rmn,tt18550182,2022,Hungarian,0,0
road-diary-bruce-springsteen-and-the-e-street-band,tt32368703,2024,,0,0
road-house,tt0098206,1989,English,0,0
roadrunner-a-film-about-anthony-bourdain,tt14512538,2021,English,0,0
robin-hood,tt0955308,2010,English,0,0
robin-hood-1973,tt0070608,1973,English,0,0
robin-hood-men-in-tights,tt0107977,1993,English,0,0
robin-hood-prince-of-thieves,tt0102798,1991,English,0,0
robin-williams-come-inside-my-mind,tt7689966,2018,English,0,0
robins-wish,tt12763474,2020,English,0,0
robocop,tt0093870,1987,English,0,2
robocop-2,tt0100502,1990,English,0,0
robocop-3,tt0107978,1993,English,0,0
robot-dreams,tt13429870,2023,,0,1
robots,tt0358082,2005,English,0,0
rocco-and-his-brothers,tt0054248,1960,Italian,0,0
rock-hudson-all-that-heaven-allowed,tt13514636,2023,English,0,0
rocknrolla,tt1032755,2008,English,0,0
rocks,tt9067182,2019,English,0,0
rocky-balboa,tt0479143,2006,English,0,0
rocky-ii,tt0079817,1979,English,0,0
rocky-iii,tt0084602,1982,English,0,0
rocky-iv,tt0089927,1985,English,0,0
rocky-v,tt0100507,1990,English,0,0
rojo,tt8956390,2018,Spanish,0,0
role-models,tt0430922,2008,English,0,0
roll-red-roll,tt8092888,2018,English,0,0
rolling-thunder-revue-a-bob-dylan-story-by-martin-scorsese,tt9577852,2019,English,0,0
roma,tt6155172,2018,Mixtec,2,5
roman-holiday,tt0046250,1953,English,2,7
roman-polanski-wanted-and-desired,tt1157705,2008,English,0,0
romancing-the-stone,tt0088011,1984,English,0,1
romeo-and-juliet,tt0117509,1996,English,0,1
romeo-must-die,tt0165929,2000,English,0,0
romeria,tt32538648,2025,Catalan,0,0
ronin,tt0122690,1998,English,0,0
room-2015,tt3170832,2015,English,1,2
room-237,tt2085910,2012,English,0,0
rope,tt0040746,1948,English,0,0
rose-of-nevada,tt35674521,2025,English,0,0
rose-plays-julie,tt8917170,2019,English,0,0
rosemarys-baby,tt0063522,1968,English,1,2
rosemead,tt13109732,2025,Chinese,0,0
rosetta,tt0200071,1999,French,0,0
rosie,tt8247470,2018,English,0,0
rounders,tt0128442,1998,English,0,0
roxanne-roxanne,tt5796838,2017,English,0,0
rrr,tt8178634,2022,Telugu,0,0
rubber,tt1612774,2010,English,0,0
ruben-brandt-collector,tt6241872,2018,Hungarian,0,0
ruby-in-paradise,tt0108000,1993,English,0,0
rumble-in-the-bronx,tt0113326,1995,Chinese,0,0
rumble-the-indians-who-rocked-the-world,tt6333080,2017,English,0,0
run-jump,tt2343158,2013,English,0,0
run-lola-run,tt0130827,1998,German,0,0
runaway-vacation,tt0449089,2006,English,0,0
rush,tt1979320,2013,English,0,0
rush-hour,tt0120812,1998,English,0,0
rush-hour-3,tt0293564,2007,English,0,0
rushmore,tt0128445,1998,English,0,0
russian-ark,tt0318034,2002,Russian,0,0
rust-and-bone,tt2053425,2012,French,0,0
ruthless-people,tt0091877,1986,English,0,0
rye-lane,tt15893750,2023,English,0,0
ryuichi-sakamoto-coda,tt6578572,2017,Japanese,0,0
ryuichi-sakamoto-opus,tt28490873,2023,Japanese,0,0
s1m0ne,tt0258153,2002,English,0,0
sabotage-1937,tt0028212,1936,English,0,0
sabrina,tt0047437,1954,English,1,5
safe-conduct,tt0269461,2002,French,0,0
safety-not-guaranteed,tt1862079,2012,English,0,0
sahara,tt0318649,2005,English,0,0
saint-frances,tt9016016,2019,English,0,0
saint-maud,tt7557108,2019,English,0,0
saint-omer,tt15376894,2022,French,0,0
salaam-bombay,tt0096028,1988,Hindi,0,1
saloum,tt10756184,2021,Wolof,0,0
salt,tt0944835,2010,Russian,0,1
sami-blood,tt5287168,2016,Southern Sami,0,0
samson-and-delilah,tt2113754,2008,,0,0
samurai-rebellion,tt0061847,1967,Japanese,0,0
sanctum,tt0881320,2011,English,0,0
sand-storm,tt4365518,2016,Arabic,0,0
sanjuro,tt0056443,1962,Japanese,0,0
sankofa,tt0108041,1993,English,0,0
sansho-the-bailiff,tt0047445,1954,Japanese,0,0
santosh,tt30444418,2024,Hindi,0,0
saraband,tt0040758,1948,English,0,1
sator,tt10556320,2019,English,0,0
saturday-church,tt5654600,2017,English,0,0
saturday-night-fever,tt0076666,1977,English,0,1
sauvage-wild,tt8307082,2018,French,0,0
save-the-last-dance,tt0206275,2001,English,0,0
saving-private-ryan,tt0120815,1998,English,3,8
saw,tt0387564,2004,English,0,0
saw-3d,tt1477076,2010,English,0,0
saw-ii,tt0432348,2005,English,0,0
saw-iii,tt0489270,2006,English,0,0
saw-iv,tt0890870,2007,English,0,0
saw-v,tt1132626,2008,English,0,0
saw-vi,tt1233227,2009,English,0,0
say-anything,tt0098258,1989,English,0,0
scanners,tt0081455,1981,English,0,0
scarface,tt0086250,1983,English,0,0
scarface-1932,tt0023427,1932,English,0,0
scarlet,tt14212090,2022,French,0,0
scary-movie,tt0175142,2000,English,0,0
scary-movie-2,tt0257106,2001,English,0,0
scary-movie-3,tt0306047,2003,English,0,0
scary-movie-4,tt0362120,2006,English,0,0
scent-of-a-woman,tt0105323,1992,English,1,2
schindlers-list,tt0108052,1993,English,5,10
school-of-rock,tt0332379,2003,English,0,0
science-fair,tt7153434,2018,English,0,0
scooby-doo,tt0267913,2002,English,0,0
scott-pilgrim-vs-the-world,tt0446029,2010,English,0,0
scrapper,tt8649252,2023,English,0,0
scratch,tt0143861,2001,English,0,0
scream,tt0117571,1996,English,0,0
scream-2,tt0120082,1997,English,0,0
scream-3,tt0134084,2000,English,0,0
scream-4,tt1262416,2011,English,0,0
screwball,tt8819596,2018,English,0,0
scrooged,tt0096061,1988,English,0,1
scum,tt0079871,1979,English,0,0
sea-of-shadows,tt9326056,2019,English,0,0
seabiscuit,tt0329575,2003,English,0,6
searching,tt7668870,2018,English,0,0
searching-for-bobby-fischer,tt0108065,1993,English,0,1
searching-for-sugar-man,tt2125608,2012,English,1,0
season-of-the-witch-2011,tt0479997,2011,English,0,0
secret-mall-apartment,tt21221386,2024,English,0,0
secretariat,tt1028576,2010,English,0,0
secretary,tt0274812,2002,English,0,0
secrets-lies,tt0117589,1996,English,0,3
seduced-and-abandoned,tt2402179,2013,English,0,0
see-you-yesterday,tt8743064,2019,English,0,0
seed-of-chucky,tt0387575,2004,English,0,0
seeds-2025,tt34963731,2025,English,0,0
seeking-mavis-beacon,tt18322912,2024,,0,0
selena,tt0120094,1997,English,0,0
selma,tt1020072,2014,English,0,0
semi-pro,tt0839980,2008,English,0,0
send-help,tt8036976,2026,English,0,0
senna,tt1424432,2010,English,0,0
sense-and-sensibility,tt0114388,1995,English,1,6
sentimental-value,tt27714581,2025,Norwegian,1,6
september-5,tt28082769,2024,English,0,1
seraphine,tt1048171,2008,German,0,0
serenity,tt0379786,2005,Standard Chinese,0,0
serpico,tt0070666,1973,English,0,2
seven-pounds,tt0814314,2008,English,0,0
seven-samurai-1954,tt0047478,1954,Japanese,0,2
seven-years-in-tibet,tt0120102,1997,English,0,0
sex-and-the-city,tt1000774,2008,English,0,0
sex-and-the-city-2,tt1261945,2010,English,0,0
sex-drive,tt1135985,2008,English,0,0
sex-lies-and-videotape,tt0098724,1989,English,0,1
sexy-beast,tt0203119,2000,English,0,1
seymour-an-introduction,tt2219650,2014,English,0,0
shadow,tt6864046,2018,Chinese,0,0
shadow-dancer,tt1770734,2012,English,0,0
shadow-of-a-doubt,tt0036342,1943,English,0,0
shadows-1969,tt0053270,1958,English,0,0
shakespeare-in-love,tt0138097,1998,English,6,11
shallow-grave,tt0111149,1994,English,0,0
shallow-hal,tt0256380,2001,English,0,0
shame,tt1723811,2011,English,0,0
shane,tt0046303,1953,English,1,3
shang-chi-and-the-legend-of-the-ten-rings,tt9376612,2021,Mandarin,0,1
shanghai-express,tt0023458,1932,Yue Chinese,1,1
shanghai-noon,tt0184894,2000,English,0,0
shaolin-soccer,tt0286112,2001,Cantonese,0,0
share,tt7007696,2019,English,0,0
shark-night-3d,tt1633356,2011,English,0,0
shark-tale,tt0307453,2004,English,0,1
sharkwater-extinction,tt6026818,2018,English,0,0
shaun-of-the-dead,tt0365748,2004,English,0,0
shaun-the-sheep-movie,tt2872750,2015,,0,1
shayda,tt13200006,2023,Persian,0,0
shazam!,tt0448115,2019,English,0,0
she-dies-tomorrow,tt11614912,2020,English,0,0
she-is-conann,tt16090596,2023,English,0,0
she-rides-shotgun,tt27986457,2025,English,0,0
she-said,tt11198810,2022,English,0,0
she-will,tt9340916,2021,English,0,0
she-wore-a-yellow-ribbon,tt0041866,1949,English,1,1
sherlock-holmes,tt0988045,2009,English,0,2
sherpa,tt3746250,2015,English,0,0
shes-beautiful-when-shes-angry,tt3319508,2014,English,0,0
shes-gotta-have-it,tt0091939,1986,English,0,0
shes-the-man,tt0454945,2006,English,0,0
shin-ultraman,tt10737918,2022,Japanese,0,0
shine,tt0117631,1996,English,1,5
shirkers,tt7472352,2018,English,0,0
shirley,tt8430598,2020,English,0,0
shithouse,tt11618536,2020,English,0,0
shiva-baby,tt11317142,2020,English,0,0
shoot-em-up,tt0465602,2007,English,0,0
shooter,tt0822854,2007,English,0,0
shoplifters,tt8075192,2018,Japanese,0,0
short-cuts,tt0108122,1993,English,0,0
short-term-12,tt2370248,2013,English,0,0
show-boat,tt0028249,1936,English,0,0
showgirls,tt0114436,1995,English,0,0
showing-up,tt13923216,2022,English,0,0
shrek,tt0126029,2001,English,1,2
shrek-2,tt0298148,2004,English,0,1
shrek-forever-after,tt0892791,2010,English,0,0
shrek-the-third,tt0413267,2007,English,0,0
shut-up-and-play-the-hits,tt2124908,2012,English,0,0
shutter-island,tt1130884,2010,English,0,0
sicario,tt3397884,2015,English,0,2
sick-of-myself,tt18816518,2022,Norwegian,0,0
sicko,tt0386032,2007,English,0,1
sid-and-nancy,tt0091954,1986,English,0,0
side-by-side,tt2014338,2012,English,0,0
side-effects-2013,tt2053463,2013,English,0,0
sideways,tt0375063,2004,English,1,3
sieranevada,tt4466490,2016,Romanian,0,0
silence,tt0490215,2016,Japanese,0,1
silent-friend,tt27811632,2025,Cantonese,0,0
silent-light,tt0841925,2007,Plautdietsch,0,0
silent-souls,tt1693830,2010,Russian,0,0
silver-linings-playbook,tt1045658,2012,English,1,6
sin-city,tt0401792,2005,English,0,0
sin-nombre,tt1127715,2009,Spanish,0,0
sinbad-legend-of-the-seven-seas,tt0165982,2003,Yue Chinese,0,0
sing-sing,tt28479262,2023,English,0,2
sing-street,tt3544112,2016,English,0,0
sing-your-song,tt1787797,2011,English,0,0
singin-in-the-rain,tt0045152,1952,English,0,2
sinners,tt31193180,2025,English,4,12
sirat,tt32298285,2025,Arabic,0,2
sister,tt1937324,2012,,0,0
sister-midnight,tt32060445,2024,English,0,0
sisu,tt14846026,2022,English,0,0
sisu-road-to-revenge,tt31844586,2025,English,0,0
sita-sings-the-blues,tt1172203,2008,English,0,0
six-days-seven-nights,tt0120828,1998,English,0,0
sixteen-candles,tt0088128,1984,English,0,0
skate-kitchen,tt7545566,2018,English,0,0
sketch,tt26238710,2024,English,0,0
skin-deep-2022,tt27122405,2023,,0,0
sky-captain-and-the-world-of-tomorrow,tt0346156,2004,English,0,0
sky-high,tt0405325,2005,English,0,0
skyfall,tt1074638,2012,English,0,3
skyline,tt1564585,2010,English,0,0
slalom,tt9697780,2020,French,0,0
sleep,tt30766908,2024,,0,0
sleepaway-camp,tt0086320,1983,English,0,0
sleeper,tt0070707,1973,English,0,0
sleepers,tt0117665,1996,English,0,1
sleeping-beauty,tt1588398,2011,English,0,0
sleeping-beauty-1959,tt0053285,1959,English,0,1
sleepless-in-seattle,tt0108160,1993,English,0,1
sleepless-night,tt2164088,2012,Korean,0,0
sleepwalk-with-me,tt2077851,2012,English,0,0
sleepy-hollow,tt0162661,1999,English,1,3
sling-blade,tt0117666,1996,English,1,2
slither,tt0439815,2006,English,0,0
slow,tt15289510,2023,Lithuanian,0,0
slow-west,tt3205376,2015,English,0,0
slumdog-millionaire,tt1010048,2008,English,5,5
sly-lives!-aka-the-burden-of-black-genius,tt26424928,2025,English,0,0
small-things-like-these,tt27196021,2024,English,0,0
smashed,tt2063781,2012,English,0,0
smoke-sauna-sisterhood,tt23640230,2023,Võro,0,0
smoking-causes-coughing,tt15471560,2022,French,0,0
snakes-on-a-plane,tt0417148,2006,English,0,0
snatch,tt0208092,2000,English,0,0
snow-white-and-the-seven-dwarfs,tt0029583,1937,English,1,1
snowpiercer,tt1706620,2013,Korean,0,0
society-of-the-snow,tt16277242,2023,Spanish,0,2
socrates,tt8026554,2018,Portuguese,0,0
soft-quiet,tt14557188,2022,English,0,0
solaris,tt0307479,2002,English,0,0
solaris-1972,tt0069293,1972,Russian,0,0
solo-2024,tt27481577,2023,,0,0
some-kind-of-heaven,tt11358166,2020,,0,0
some-like-it-hot,tt0053291,1959,English,1,5
somers-town,tt1172206,2008,English,0,0
something-borrowed,tt0491152,2011,English,0,0
something-in-the-air,tt1846472,2012,French,0,0
something-in-the-dirt,tt14895716,2022,English,0,0
somethings-gotta-give,tt0337741,2003,English,0,1
somewhere,tt1421051,2010,English,0,0
son-of-saul,tt3808342,2015,Hungarian,1,1
son-of-the-mask,tt0362165,2005,English,0,0
song-of-the-sea,tt1865505,2014,English,0,1
songs-from-the-second-floor,tt0120263,2000,Swedish,0,0
sophies-choice,tt0084707,1982,English,1,5
sorority-row,tt1232783,2009,English,0,0
sorry-angel,tt7534054,2018,French,0,0
sorry-baby,tt32843349,2025,English,0,0
sorry-to-bother-you,tt5688932,2018,English,0,0
sorry-we-missed-you,tt13622768,2020,,0,0
soul,tt2948372,2020,English,2,3
soul-kitchen,tt1244668,2009,German,0,0
soul-surfer,tt1596346,2011,English,0,0
souleymanes-story,tt32086046,2024,Fula,0,0
sound-and-fury,tt0240912,2000,English,0,1
sound-city,tt2306745,2013,English,0,0
sound-of-falling,tt28690468,2025,Low German,0,0
sound-of-metal,tt5363618,2019,American Sign Language,2,5
sound-of-noise,tt1278449,2010,Swedish,0,0
soundtrack-to-a-coup-detat,tt14452174,2024,,0,1
source-code,tt0945513,2011,English,0,0
south-park-bigger-longer-uncut,tt0158983,1999,English,0,0
southside-with-you,tt4258698,2016,English,0,0
spa-night,tt5254640,2016,Korean,0,0
space-chimps,tt0482603,2008,English,0,0
space-jam,tt0117705,1996,English,0,0
spaceballs,tt0094012,1987,English,0,0
spaceship-earth,tt11394188,2020,English,0,0
spartacus,tt0054331,1960,English,0,0
spawn,tt0120177,1997,English,0,0
speak-no-evil,tt14253846,2022,Danish,0,0
species,tt0114508,1995,English,0,0
species-ii,tt0120841,1998,English,0,0
speed,tt0111257,1994,English,0,0
speed-2-cruise-control,tt0120179,1997,English,0,0
speed-racer,tt0811080,2008,English,0,0
spellbound,tt0334405,2002,English,0,1
spellbound-1945,tt0038109,1945,English,2,4
spencer,tt12536294,2021,English,0,1
sphere,tt0120184,1998,English,0,0
spider,tt0278731,2002,English,0,0
spider-man,tt0145487,2002,English,0,2
spider-man-2,tt0316654,2004,English,1,2
spider-man-3,tt0413300,2007,English,0,0
spider-man-across-the-spider-verse,tt9362722,2023,English,0,1
spider-man-homecoming,tt2250912,2017,English,0,0
spider-man-into-the-spider-verse,tt4633694,2018,English,1,1
spider-man-no-way-home,tt10872600,2021,English,0,1
spirit-stallion-of-the-cimarron,tt0166813,2002,English,0,1
spirited-away,tt0245429,2001,Japanese,1,1
splice,tt1017460,2009,English,0,0
splitsville,tt33247023,2025,English,0,0
spontaneous,tt5774062,2020,English,0,0
spotlight,tt1895587,2015,English,1,4
spring,tt3395184,2014,English,0,0
spring-summer-fall-winter-and-spring,tt0374546,2003,Korean,0,0
spy,tt3079380,2015,English,0,0
spy-game,tt0266987,2001,Yue Chinese,0,0
spy-kids,tt0227538,2001,English,0,0
spy-kids-2-island-of-lost-dreams,tt0287717,2002,English,0,0
spy-kids-all-the-time-in-the-world,tt1517489,2011,English,0,0
sr,tt21816824,2022,,0,0
stagecoach,tt0031971,1939,English,2,5
stake-land,tt1464580,2010,English,0,0
stalag-17,tt0046359,1953,English,1,2
stalker,tt0079944,1979,Russian,0,0
stamped-from-the-beginning,tt13871094,2023,English,0,0
stan-ollie,tt3385524,2018,English,0,0
stand-and-deliver,tt0094027,1988,English,0,1
stand-clear-of-the-closing-doors,tt2405372,2013,English,0,0
star-trek,tt0796366,2009,English,1,3
star-trek-first-contact,tt0117731,1996,English,0,1
star-trek-generations,tt0111280,1994,English,0,0
star-trek-ii-the-wrath-of-khan,tt0084726,1982,English,0,0
star-trek-into-darkness,tt1408101,2013,Klingon,0,1
star-trek-nemesis,tt0253754,2002,English,0,0
star-trek-v-the-final-frontier,tt0098382,1989,English,0,0
star-trek-vi-the-undiscovered-country,tt0102975,1991,English,0,1
star-wars-episode-i---the-phantom-menace,tt0120915,1999,English,0,2
star-wars-episode-ii---attack-of-the-clones,tt0121765,2002,English,0,1
star-wars-episode-iv---a-new-hope,tt0076759,1977,English,7,8
star-wars-episode-v---the-empire-strikes-back,tt0080684,1980,English,2,3
star-wars-episode-vi---return-of-the-jedi,tt0086190,1983,English,1,3
star-wars-episode-vii---the-force-awakens,tt2488496,2015,English,0,4
star-wars-episode-viii---the-last-jedi,tt2527336,2017,English,0,3
star-wars-the-clone-wars,tt1185834,2008,English,0,0
stargate,tt0111282,1994,English,0,0
starlet,tt2035630,2012,English,0,0
starred-up,tt2567712,2013,English,0,0
starship-troopers,tt0120201,1997,English,0,1
starsky-hutch,tt0335438,2004,English,0,0
starting-out-in-the-evening,tt0758784,2007,English,0,0
state-of-play,tt0473705,2009,English,0,0
stay,tt0371257,2005,English,0,0
stay-alive,tt0441796,2006,English,0,0
stefan-zweig-farewell-to-europe,tt3397160,2016,German,0,0
step,tt5758404,2017,English,0,0
step-brothers,tt0838283,2008,English,0,0
step-up-2-the-streets,tt1023481,2008,English,0,0
steve-jobs,tt2080374,2015,English,0,2
stigmata,tt0145531,1999,English,0,0
still-a-michael-j-fox-movie,tt19853258,2023,English,0,0
still-alice,tt3316960,2014,English,1,1
still-life,tt0816103,2007,,0,0
still-mine,tt2073086,2012,English,0,0
still-walking,tt1087578,2008,Japanese,0,0
stiller-meara-nothing-is-lost,tt37674658,2025,,0,0
stone,tt1423995,2010,English,0,0
stonewalling,tt14071684,2022,Putonghua,0,0
stop-making-sense,tt0088178,1984,English,0,0
stories-we-tell,tt2366450,2012,English,0,0
straight-outta-compton,tt1398426,2015,English,0,1
strange-darling,tt22375054,2023,English,0,0
stranger-by-the-lake,tt2852458,2013,French,0,0
stranger-than-paradise,tt0088184,1984,English,0,0
strangers-on-a-train,tt0044079,1951,English,0,1
straw-dogs,tt0999913,2011,English,0,0
strawberry-mansion,tt11398346,2021,English,0,0
stray-2021,tt22005478,2021,,0,0
stray-dogs,tt4008348,2014,Korean,0,0
street-fight,tt0457496,2005,English,0,1
street-fighter-the-legend-of-chun-li,tt0891592,2009,English,0,0
street-gang-how-we-got-to-sesame-street,tt5618690,2021,English,0,0
street-kings,tt0421073,2008,English,0,0
strong-island,tt5873150,2017,English,0,1
stronger,tt3881784,2017,English,0,0
stuart-little,tt0164912,1999,English,0,1
stuart-little-2,tt0243585,2002,English,0,0
styx,tt5942864,2018,English,0,0
submarine,tt1440292,2010,English,0,0
sucker-punch,tt0978764,2011,English,0,0
sugar,tt0990413,2008,English,0,0
sugarcane,tt30319854,2024,English,0,1
sujo,tt30320410,2024,Spanish,0,0
sullivans-travels,tt0034240,1941,English,0,0
sully,tt3263904,2016,English,0,0
summer-1993,tt5897636,2017,Catalan,0,0
summer-hours,tt0836700,2008,French,0,0
summer-of-soul-or-when-the-revolution-could-not-be-televised,tt7378922,2021,English,1,1
summer-palace,tt0794374,2006,Mandarin,0,0
summer-wars,tt1474276,2009,Japanese,0,0
summertime,tt4650414,2016,English,0,0
sundown-2021,tt19811274,2022,,0,0
sunrise-1927,tt0018455,1927,English,2,3
sunset-boulevard,tt0043014,1950,English,3,9
sunset-song,tt2262161,2015,English,0,0
super-8,tt1650062,2011,English,0,0
super-dark-times,tt5112578,2017,English,0,0
super-mario-bros,tt0108255,1993,English,0,0
super-size-me,tt0390521,2004,English,0,1
superbabies-baby-geniuses-2,tt0270846,2003,English,0,0
superbad,tt0829482,2007,English,0,0
superboys-of-malegaon,tt28007064,2024,,0,0
supergirl,tt0088206,1984,English,0,0
superhero-movie,tt0426592,2008,English,0,0
superman,tt0078346,1978,English,1,3
superman-ii,tt0081573,1980,English,0,0
superman-iii,tt0086393,1983,English,0,0
superman-iv-the-quest-for-peace,tt0094074,1987,English,0,0
superman-the-christopher-reeve-story,tt27902121,2024,English,0,0
supernova-2020,tt10375470,2020,English,0,0
support-the-girls,tt6859352,2018,English,0,0
surrogates,tt0986263,2009,English,0,0
suspiria,tt0076786,1977,Italian,0,0
suzume,tt16428256,2022,Japanese,0,0
swat,tt0257076,2003,English,0,0
sweat,tt12443946,2020,English,0,0
sweeney-todd-the-demon-barber-of-fleet-street,tt0408236,2007,English,1,3
sweet-country,tt6958212,2017,Arrernte,0,0
sweet-sixteen,tt0313670,2002,English,0,0
sweet-smell-of-success-re-release,tt0051036,1957,English,0,0
sweet-virginia,tt2582498,2017,English,0,0
sweetheart,tt6560164,2019,English,0,0
sweetie,tt0098725,1989,English,0,0
swept-away,tt0291502,2002,Italian,0,0
swing-time,tt0028333,1936,English,1,1
swingers,tt0117802,1996,English,0,0
swordfish,tt0244244,2001,English,0,0
sylvies-love,tt9827834,2020,,0,0
sympathy-for-mr-vengeance,tt0310775,2002,Korean,0,0
synonyms,tt7016254,2019,Hebrew,0,0
syriana,tt0365737,2005,English,1,2
tabloid,tt1704619,2010,English,0,0
tabu,tt2153963,2012,Portuguese,0,0
take-me-home-tonight,tt0810922,2011,English,0,0
take-out,tt0880492,2006,,0,0
take-shelter,tt1675192,2011,English,0,0
taken,tt0936501,2008,Serbian,0,0
takers,tt1135084,2010,English,0,0
taking-lives,tt0364045,2004,English,0,0
tale-of-tales,tt3278330,2015,Russian,0,0
tales-of-the-grim-sleeper,tt3904186,2014,English,0,0
talk-to-her,tt0287467,2002,Spanish,1,1
talk-to-me-2022,tt23143392,2023,,0,0
talladega-nights-the-ballad-of-ricky-bobby,tt0415306,2006,English,0,0
tampopo,tt0092048,1985,Japanese,0,0
tangerine,tt3824458,2015,English,0,0
tangerines,tt2991224,2013,Georgian,0,1
tangled,tt0398286,2010,English,0,0
tanna,tt4239726,2015,Southwest Tanna,0,1
tantura,tt16378034,2022,,0,0
tar-2022,tt14444726,2022,English,0,4
tarnation,tt0390538,2003,English,0,0
tarzan,tt0120855,1999,English,0,0
taste-of-cherry,tt0120265,1997,Persian,0,0
taxi,tt0316732,2004,English,0,0
taxi-driver-1976,tt0075314,1976,English,0,3
taxi-to-the-dark-side,tt0854678,2007,English,1,0
taxidermia,tt0410730,2006,Hungarian,0,0
taylor-swift-the-eras-tour,tt28814949,2023,English,0,0
tchoupitoulas,tt2011265,2012,,0,0
tea-with-the-dames,tt7363336,2018,English,0,0
teenage-mutant-ninja-turtles-1990,tt0100758,1990,English,0,0
teenage-mutant-ninja-turtles-mutant-mayhem,tt8589698,2023,English,0,0
teenage-sex-and-death-at-camp-miasma,tt35298123,2026,English,0,0
teeth,tt0780622,2007,English,0,0
tehran-taboo,tt5584796,2017,Persian,0,0
tell-no-one,tt0362225,2006,French,0,0
temblores,tt7128732,2019,Spanish,0,0
ten,tt0301978,2002,Persian,0,0
ten-canoes,tt0466399,2006,Yolŋu,0,0
tenacious-d-in-the-pick-of-destiny,tt0365830,2006,English,0,0
tender-mercies,tt0086423,1983,English,2,2
tenebrae,tt0084777,1982,Italian,0,0
terminator-2-judgment-day,tt0103064,1991,English,3,5
terminator-3-rise-of-the-machines,tt0181852,2003,English,0,0
terminator-salvation,tt0438488,2009,English,0,0
terms-of-endearment,tt0086425,1983,English,3,7
terrestrial-verses,tt27502360,2023,Persian,0,0
terri,tt1687281,2011,English,0,0
terribly-happy,tt1087890,2008,Danish,0,0
tess,tt0080009,1979,English,3,4
test-pattern,tt10121508,2019,,0,0
testament-of-youth,tt1441953,2014,English,0,0
texas-chainsaw-massacre-the-next-generation,tt0110978,1994,English,0,0
the-13th-warrior,tt0120657,1999,English,0,0
the-39-steps,tt0026029,1935,English,0,0
the-6th-day,tt0216216,2000,English,0,0
the-a-team,tt0429493,2010,English,0,0
the-abyss,tt0096754,1989,English,1,4
the-act-of-killing,tt2375605,2012,Indonesian,0,1
the-addams-family,tt0101272,1991,English,0,1
the-adjustment-bureau,tt1385826,2011,English,0,0
the-adults,tt26443107,2023,English,0,0
the-adventures-of-baron-munchausen,tt0096764,1988,English,0,4
the-adventures-of-robin-hood-re-release,tt0029843,1938,English,3,3
the-adventures-of-sharkboy-and-lavagirl-3-d,tt0424774,2005,English,0,0
the-adventures-of-tintin,tt0983193,2011,English,0,1
the-african-desperate,tt17048276,2022,English,0,0
the-african-queen,tt0043265,1951,English,1,3
the-age-of-innocence,tt0106226,1993,English,1,5
the-age-of-shadows,tt4914580,2016,Korean,0,0
the-alabama-solution,tt35307139,2025,English,0,1
the-american,tt1440728,2010,Italian,0,0
the-american-friend,tt0075675,1977,English,0,0
the-amusement-park,tt9270362,1975,English,0,0
the-ant-bully,tt0429589,2006,English,0,0
the-apartment,tt0053604,1960,English,3,8
the-apostle,tt0118632,1997,English,0,1
the-arbor,tt1623008,2010,English,0,0
the-art-of-getting-by,tt1645080,2011,English,0,0
the-art-of-the-steal,tt1326733,2009,English,0,0
the-artist,tt1655442,2011,English,3,8
the-asphalt-jungle,tt0042208,1950,English,0,3
the-assassin,tt3508840,2015,Standard Chinese,0,0
the-assistant,tt12838350,2020,,0,0
the-attack,tt0787442,2012,Arabic,0,0
the-aura,tt0420509,2005,Spanish,0,0
the-auschwitz-report,tt9415108,2021,Czech,0,0
the-autobiography-of-nicolae-ceausescu,tt1646958,2010,Romanian,0,0
the-avengers,tt0118661,1998,English,0,0
the-aviator,tt0338751,2004,English,5,9
the-awful-truth,tt0028597,1937,English,0,4
the-babadook,tt2321549,2014,English,0,0
the-bad-and-the-beautiful,tt0044391,1952,English,5,6
the-bad-lieutenant-port-of-call---new-orleans,tt1095217,2009,English,0,0
the-bad-news-bears,tt0074174,1976,English,0,0
the-ballad-of-buster-scruggs,tt6412452,2018,English,0,2
the-ballad-of-wallis-island,tt27674982,2025,English,0,0
the-baltimorons,tt35520290,2025,English,0,0
the-band-wagon,tt0045537,1953,English,0,3
the-bands-visit,tt1032856,2007,Arabic,0,0
the-bank-job,tt0200465,2008,English,0,0
the-banshees-of-inisherin,tt11813216,2022,English,0,6
the-batman,tt1877830,2022,English,0,3
the-battered-bastards-of-baseball,tt3445270,2014,English,0,0
the-battle-of-algiers,tt0058946,1966,Arabic,0,2
the-beach,tt0163978,2000,English,0,0
the-beaches-of-agnes,tt1129435,2008,English,0,0
the-beast-2023,tt38349585,2024,,0,0
the-beasts,tt15006566,2022,Galician,0,0
the-beatles-eight-days-a-week---the-touring-years,tt2531318,2016,English,0,0
the-beaver,tt1321860,2011,English,0,0
the-bee-gees-how-can-you-mend-a-broken-heart,tt9850386,2020,English,0,0
the-beguiled,tt5592248,2017,English,0,0
the-believer,tt0247199,2001,Hebrew,0,0
the-benchwarmers,tt0437863,2006,English,0,0
the-best-intentions,tt0104350,1992,Swedish,0,0
the-best-of-youth,tt0346336,2003,Italian,0,0
the-best-years-of-our-lives,tt0036868,1946,English,6,6
the-beta-test,tt11738830,2021,English,0,0
the-bibi-files,tt33338697,2024,Arabic,0,0
the-big-easy,tt0092654,1986,English,0,0
the-big-picture,tt1533818,2010,French,0,0
the-big-red-one,tt0080437,1980,English,0,0
the-big-risk,tt0052698,1960,French,0,0
the-big-short,tt1596363,2015,English,1,3
the-big-sick,tt5462602,2017,English,0,1
the-big-sleep,tt0038355,1946,English,0,0
the-big-year,tt1053810,2011,English,0,0
the-biggest-little-farm,tt8969332,2018,English,0,0
the-bikeriders,tt21454134,2023,English,0,0
the-birdcage,tt0115685,1996,English,0,1
the-birds,tt0056869,1963,English,0,1
the-black-cauldron,tt0088814,1985,English,0,0
the-black-dahlia,tt0387877,2006,English,0,1
the-black-panthers-vanguard-of-the-revolution,tt4316236,2015,English,0,0
the-black-power-mixtape-1967-1975,tt1592527,2011,Swedish,0,0
the-black-stallion,tt0078872,1979,English,0,2
the-blair-witch-project,tt0185937,1999,English,0,0
the-bleeding-edge,tt8106576,2018,English,0,0
the-blind-man-who-did-not-want-to-see-titanic,tt13328824,2021,Finnish,0,0
the-blind-side,tt0878804,2009,English,1,1
the-blue-angel,tt0020697,1930,English,0,0
the-blue-caftan,tt17679584,2022,Arabic,0,0
the-blue-room,tt3230082,2014,French,0,0
the-blues-brothers,tt0080455,1980,English,0,0
the-bobs-burgers-movie,tt7466442,2022,English,0,0
the-body-remembers-when-the-world-broke-open,tt8230872,2019,,0,0
the-bodyguard,tt0103855,1992,English,0,0
the-bone-collector,tt0145681,1999,English,0,0
the-book-of-eli,tt1037705,2010,English,0,0
the-booksellers,tt9355194,2019,English,0,0
the-boondock-saints,tt0144117,1999,Spanish,0,0
the-boondock-saints-ii-all-saints-day,tt1300851,2009,English,0,0
the-bounty-hunter,tt1038919,2010,English,0,0
the-bourne-identity,tt0258463,2002,English,0,0
the-bourne-supremacy,tt0372183,2004,English,0,0
the-bourne-ultimatum,tt0440963,2007,English,2,2
the-box,tt0362478,2009,English,0,0
the-boy-and-the-heron,tt6587046,2023,Japanese,1,1
the-boy-in-the-striped-pajamas,tt0914798,2008,English,0,0
the-boys-the-sherman-brothers-story,tt1015971,2009,English,0,0
the-breadwinner,tt3901826,2017,English,0,1
the-break-up,tt0452594,2006,English,0,0
the-breaker-upperers,tt6728096,2018,English,0,0
the-breakfast-club,tt0088847,1985,English,0,0
the-breaking-ice,tt17052842,2023,Mandarin,0,0
the-bride-of-frankenstein,tt0026138,1935,English,0,1
the-bridge-on-the-river-kwai,tt0050212,1957,English,5,6
the-bridges-of-madison-county,tt0112579,1995,English,0,1
the-brink,tt9600932,2019,English,0,0
the-broken-circle-breakdown,tt2024519,2012,Flemish Dutch,0,1
the-brothers-bloom,tt0844286,2008,English,0,0
the-brutalist,tt8999762,2024,English,3,8
the-bucket-list,tt0825232,2007,English,0,0
the-buddy-holly-story,tt0077280,1978,English,1,3
the-bully-project,tt2353867,2012,,0,0
the-burial,tt15029062,2023,,0,0
the-butterfly-effect,tt0289879,2004,English,0,0
the-cabin-in-the-woods,tt1259521,2011,English,0,0
the-cable-guy,tt0115798,1996,English,0,0
the-caine-mutiny-court-martial,tt24249946,2023,English,0,0
the-cakemaker,tt4830786,2017,Hebrew,0,0
the-card-counter,tt11196036,2021,English,0,0
the-case-against-8,tt2107850,2014,English,0,0
the-cat-in-the-hat,tt0312528,2003,English,0,0
the-cave-2019,tt7178226,2019,Syriac,0,1
the-celebration,tt0154420,1998,Danish,0,0
the-cell,tt0209958,2000,English,0,1
the-central-park-five,tt2380247,2012,English,0,0
the-chambermaid,tt8331988,2018,Spanish,0,0
the-change-up,tt1488555,2011,English,0,0
the-chaser,tt1190539,2008,Korean,0,0
the-china-syndrome,tt0078966,1979,English,0,4
the-christophers,tt34966562,2025,English,0,0
the-chronicles-of-narnia-the-lion-the-witch-and-the-wardrobe,tt0363771,2005,English,1,3
the-chronicles-of-narnia-the-voyage-of-the-dawn-treader,tt0980970,2010,English,0,0
the-chronology-of-water,tt8667404,2025,English,0,0
the-cider-house-rules,tt0124315,1999,English,2,5
the-circle,tt0255094,2000,Persian,0,0
the-circus,tt0018773,1928,English,1,0
the-city-of-lost-children,tt0112682,1995,French,0,0
the-clan,tt4411504,2015,Spanish,0,0
the-class,tt1068646,2008,French,0,1
the-climb,tt30224077,2021,,0,0
the-club,tt4375438,2015,Spanish,0,0
the-cockettes,tt0303321,2002,English,0,0
the-collector,tt0844479,2009,English,0,0
the-color-of-paradise,tt0191043,1999,Persian,0,0
the-color-purple,tt0088939,1985,English,0,9
the-color-purple-2023,tt1200263,2023,English,0,1
the-colors-within,tt23951384,2024,Japanese,0,0
the-company-men,tt1172991,2010,English,0,0
the-conformist-re-release,tt0065571,1970,Italian,0,1
the-conspirator,tt0968264,2010,English,0,0
the-constant-gardener,tt0387131,2005,English,1,4
the-conversation,tt0071360,1974,English,0,2
the-core,tt0298814,2003,English,0,0
the-count-of-monte-cristo,tt0245844,2002,English,0,0
the-count-of-monte-cristo-2024,tt26446278,2024,French,0,0
the-counterfeiters,tt0813547,2007,Hebrew,1,1
the-cove,tt1313104,2009,Japanese,1,0
the-crash-reel,tt2499076,2013,English,0,0
the-crazies,tt0455407,2010,English,0,0
the-crime-is-mine,tt20330434,2023,French,0,0
the-crow,tt0109506,1994,English,0,0
the-crying-game,tt0104036,1992,English,1,4
the-curious-case-of-benjamin-button,tt0421715,2008,English,3,11
the-da-vinci-code,tt0382625,2006,English,0,0
the-damned-2024,tt15010692,2024,English,0,0
the-damned-united,tt1226271,2009,English,0,0
the-dance-of-reality,tt2301592,2013,Spanish,0,0
the-darjeeling-limited,tt0838221,2007,English,0,0
the-dark-and-the-wicked,tt10229558,2020,English,0,0
the-dark-crystal,tt0083791,1982,English,0,0
the-dark-horse,tt2192016,2014,English,0,0
the-dark-knight,tt0468569,2008,English,1,7
the-dark-knight-rises,tt1345836,2012,English,0,0
the-darkest-hour,tt1093357,2011,Russian,0,0
the-day-after,tt31181874,2017,,0,0
the-day-after-tomorrow,tt0319262,2004,English,0,0
the-day-he-arrives,tt1922561,2011,Korean,0,0
the-day-of-the-jackal,tt0069947,1973,English,0,1
the-day-the-earth-stood-still,tt0970416,2008,English,0,0
the-day-the-earth-stood-still-1951,tt0043456,1951,English,0,0
the-dead-pool,tt0094963,1988,English,0,0
the-dead-zone,tt0085407,1983,English,0,0
the-death-and-life-of-marsha-p-johnson,tt5233558,2017,English,0,0
the-death-of-mr-lazarescu,tt0456149,2005,Romanian,0,0
the-death-of-stalin,tt4686844,2017,English,0,0
the-debt,tt1226753,2010,English,0,0
the-decline-of-western-civilization,tt0082252,1981,English,0,0
the-deep-blue-sea,tt1700844,2011,English,0,0
the-deep-end,tt0250323,2001,English,0,0
the-deer-hunter,tt0077416,1978,English,3,7
the-delinquents,tt18558306,2023,Spanish,0,0
the-departed,tt0407887,2006,English,2,3
the-departure,tt6509432,2017,Japanese,0,0
the-descendants,tt1033575,2011,English,1,3
the-descent,tt0435625,2005,English,0,0
the-devil-and-daniel-johnston,tt0436231,2005,English,0,0
the-devils-advocate,tt0118971,1997,English,0,0
the-devils-backbone,tt0256009,2001,Spanish,0,0
the-devils-bath,tt29141112,2024,German,0,0
the-devils-candy,tt4935372,2015,English,0,0
the-devils-rejects,tt0395584,2005,English,0,0
the-diary-of-a-teenage-girl,tt3172532,2015,English,0,0
the-dig,tt3661210,2021,English,0,0
the-dilemma,tt1578275,2011,English,0,0
the-disappearance-of-shere-hite,tt24078380,2023,English,0,0
the-disaster-artist,tt3521126,2017,English,0,1
the-disciple,tt11423784,2020,Marathi,0,0
the-discreet-charm-of-the-bourgeoisie,tt0068361,1972,Spanish,1,2
the-dissident,tt11382384,2020,Arabic,0,0
the-diving-bell-and-the-butterfly,tt0401383,2007,French,0,3
the-doors,tt0101761,1991,English,0,0
the-double-hour,tt1379222,2009,Italian,0,0
the-double-life-of-veronique,tt0101765,1991,Polish,0,0
the-dreamers,tt0309987,2003,English,0,0
the-duke,tt11204094,2020,English,0,0
the-duke-of-burgundy,tt2570858,2014,English,0,0
the-eagle,tt1034389,2011,English,0,0
the-eagle-huntress,tt3882074,2016,Kazakh,0,0
the-edge-of-democracy,tt6016744,2019,Portuguese,1,1
the-edge-of-heaven,tt0880502,2007,English,0,0
the-edge-of-seventeen,tt1878870,2016,English,0,0
the-eight-mountains,tt14641542,2022,Italian,0,0
the-elephant-man,tt0080678,1980,English,0,6
the-empty-hours,tt3249158,2013,,0,0
the-end-of-the-tour,tt3416744,2015,English,0,0
the-endless,tt3986820,2017,English,0,0
the-endless-summer,tt0060371,1966,English,0,0
the-endurance,tt0264578,2000,English,0,0
the-english-patient,tt0116209,1996,Arabic,7,10
the-escape,tt6069126,2017,English,0,0
the-eternal-daughter,tt13874422,2022,English,0,0
the-eternal-memory,tt24082488,2023,Spanish,0,1
the-evil-dead,tt0083907,1981,English,0,0
the-exorcism-of-emily-rose,tt0404032,2005,English,0,0
the-exorcist-1973,tt0070047,1973,English,2,8
the-eyes-of-orson-welles,tt8371772,2018,,0,0
the-fabelmans,tt14208870,2022,English,0,5
the-fabulous-baker-boys,tt0097322,1989,English,0,4
the-faculty,tt0133751,1998,English,0,0
the-fall,tt0893325,2008,English,0,0
the-fall-guy,tt1684562,2024,English,0,0
the-fallen-idol,tt0040338,1948,English,0,1
the-falling,tt3294200,2014,English,0,0
the-fallout,tt11847410,2021,English,0,0
the-family-man,tt0218967,2000,English,0,0
the-family-stone,tt0356680,2005,English,0,0
the-farewell,tt8637428,2019,Standard Chinese,0,0
the-farthest,tt6223974,2017,English,0,0
the-fast-and-the-furious,tt0232500,2001,English,0,0
the-father,tt10272386,2020,English,2,5
the-favourite,tt5083738,2018,English,1,7
the-feeling-that-the-time-for-doing-something-has-passed,tt27722061,2023,English,0,0
the-fifth-element,tt0119116,1997,English,0,0
the-fighter,tt0964517,2010,English,2,4
the-filth-and-the-fury,tt0236216,2000,English,0,0
the-final-destination,tt1144884,2009,English,0,0
the-final-master,tt4851640,2015,,0,0
the-fire-inside,tt6133444,2024,English,0,0
the-firm,tt0106918,1993,English,0,2
the-first-slam-dunk,tt15242330,2022,Japanese,0,0
the-first-wave,tt13391444,2021,American English,0,0
the-fisher-king,tt0101889,1991,English,1,5
the-fits,tt4238858,2015,,0,0
the-five-obstructions,tt0354575,2003,English,0,0
the-flat,tt2071620,2011,Hebrew,0,0
the-flintstones,tt0109813,1994,English,0,0
the-florida-project,tt5649144,2017,English,0,1
the-flowers-of-war,tt1410063,2011,Chinese,0,0
the-fly,tt0091064,1986,English,1,1
the-fog-of-war-eleven-lessons-from-the-life-of-robert-s-mcnamara,tt0317910,2003,English,1,0
the-fool,tt3560686,2014,Russian,0,0
the-forbidden-kingdom,tt0865556,2008,English,0,0
the-forbidden-room,tt3066630,2015,English,0,0
the-force,tt6159518,2017,English,0,0
the-forgiveness-of-blood,tt1787127,2011,Albanian,0,0
the-forgotten,tt0356618,2004,English,0,0
the-forty-year-old-version,tt10642834,2020,English,0,0
the-fourth-kind,tt1220198,2009,English,0,0
the-french-connection-1971,tt0067116,1971,English,3,6
the-french-dispatch,tt8847712,2021,English,0,0
the-freshman-1990,tt0099615,1990,English,0,0
the-friends-of-eddie-coyle,tt0070077,1973,English,0,0
the-fugitive,tt0106977,1993,English,1,5
the-full-monty,tt0119164,1997,English,1,2
the-furious,tt37511036,2026,,0,0
the-gatekeepers,tt2309788,2012,Hebrew,0,1
the-gay-divorcee,tt0025164,1934,English,1,3
the-general-1998,tt0120706,1998,English,0,0
the-ghost-writer,tt1139328,2010,English,0,0
the-gift,tt0219699,2000,English,0,0
the-gift-2015,tt4178092,2015,English,0,0
the-girl-and-the-spider,tt11967484,2021,German,0,0
the-girl-who-kicked-the-hornets-nest,tt1343097,2009,Swedish,0,0
the-girl-who-played-with-fire,tt1216487,2009,Swedish,0,0
the-girl-with-the-dragon-tattoo,tt1132620,2009,Swedish,0,0
the-girl-with-the-dragon-tattoo-2011,tt1568346,2011,English,1,4
the-girl-with-the-needle,tt10236164,2024,Danish,0,1
the-girl-without-hands,tt5698496,2016,French,0,0
the-gleaners-i,tt0247380,2000,English,0,0
the-go-gos,tt11394468,2020,English,0,0
the-godfather,tt0068646,1972,English,2,7
the-godfather-part-ii,tt0071562,1974,Sicilian,4,7
the-godfather-part-iii,tt0099674,1990,English,0,4
the-gold-rush-1925,tt0015864,1925,English,0,2
the-golden-compass,tt0385752,2007,English,1,2
the-golden-dream,tt2042583,2013,Tzotzil,0,0
the-goldman-case,tt16160622,2023,French,0,0
the-good-shepherd,tt0343737,2006,English,0,1
the-good-the-bad-and-the-ugly,tt0060196,1966,Italian,0,0
the-good-the-bad-the-weird,tt0901487,2008,Korean,0,0
the-goonies,tt0089218,1985,English,0,0
the-graduate,tt0061722,1967,English,0,5
the-graduates,tt19388218,2023,English,0,0
the-grand-budapest-hotel,tt2278388,2014,English,4,7
the-grandmaster,tt1462900,2013,Chinese,0,2
the-grapes-of-wrath,tt0032551,1940,English,1,5
the-great-beauty,tt2358891,2013,Italian,1,1
the-great-buddha+,tt7010412,2017,Taiwanese Hokkien,0,0
the-great-escape,tt0057115,1963,English,0,1
the-great-flood,tt2064960,2012,,0,0
the-great-mouse-detective,tt0091149,1986,English,0,0
the-green-hornet,tt0990407,2011,English,0,0
the-green-knight,tt9243804,2021,English,0,0
the-green-mile,tt0120689,1999,English,0,3
the-grifters,tt0099703,1990,English,0,3
the-ground-beneath-my-feet,tt7902124,2019,German,0,0
the-grudge,tt0391198,2004,Japanese,0,0
the-grudge-2,tt0433386,2006,Japanese,0,0
the-grudge-2004,tt0364385,2002,Japanese,0,0
the-guard,tt1540133,2011,English,0,0
the-guardian,tt0406816,2006,English,0,0
the-guardians,tt7348082,2018,,0,0
the-guest,tt2980592,2014,English,0,0
the-guilty,tt6742252,2018,Danish,0,0
the-gunfighter,tt0042531,1950,English,0,0
the-half-of-it,tt9683478,2020,English,0,0
the-hand-of-god,tt12680684,2021,Italian,0,0
the-handmaiden,tt4016934,2016,Korean,0,0
the-hangover,tt1119646,2009,English,0,0
the-hangover-part-ii,tt1411697,2011,English,0,0
the-happening,tt0949731,2008,English,0,0
the-happiest-day-in-the-life-of-olli-maki,tt4771932,2016,Finnish,0,0
the-harder-they-come-1972,tt0070155,1972,English,0,0
the-hate-u-give,tt5580266,2018,English,0,0
the-haunting-in-connecticut,tt0492044,2009,English,0,0
the-headless-woman,tt1221141,2008,Spanish,0,0
the-heiresses,tt7875464,2018,Spanish,0,0
the-help,tt1454029,2011,English,1,2
the-hidden-fortress,tt0051808,1958,Japanese,0,0
the-hill,tt0059274,1965,English,0,0
the-hills-have-eyes,tt0454841,2006,American English,0,0
the-hitchhikers-guide-to-the-galaxy,tt0371724,2005,English,0,0
the-holdovers,tt14849194,2023,English,1,4
the-holiday,tt0457939,2006,English,0,0
the-honeymoon-killers,tt0064437,1970,English,0,0
the-host,tt0468492,2006,Korean,0,0
the-hot-chick,tt0302640,2002,English,0,0
the-hours,tt0274558,2002,English,1,7
the-house-bunny,tt0852713,2008,English,0,0
the-house-i-live-in,tt2125653,2012,English,0,0
the-house-of-mirth,tt0200720,2000,English,0,0
the-house-of-the-devil,tt1172994,2009,English,0,0
the-hudsucker-proxy,tt0110074,1994,English,0,0
the-human-centipede-first-sequence,tt1467304,2009,Japanese,0,0
the-human-centipede-ii-full-sequence,tt1530509,2011,English,0,0
the-human-voice,tt15127460,2021,,0,0
the-humans,tt10023286,2021,English,0,0
the-hunchback-of-notre-dame,tt0116583,1996,English,0,1
the-hunger-games-catching-fire,tt1951264,2013,English,0,0
the-hunt,tt2106476,2012,Danish,0,1
the-hunt-for-red-october,tt0099810,1990,Russian,0,2
the-hunter,tt1703148,2011,English,0,0
the-hunting-ground,tt4185572,2015,English,0,0
the-hurt-locker,tt0887912,2008,English,3,6
the-hustler,tt0054997,1961,English,2,6
the-ice-storm,tt0119349,1997,English,0,0
the-ice-tower,tt28171985,2025,French,0,0
the-ides-of-march,tt1124035,2011,English,0,1
the-illusionist-1969,tt0775489,2010,English,0,1
the-image-book,tt5749596,2018,French,0,0
the-imitation-game,tt2084970,2014,English,1,6
the-immigrant,tt1951181,2013,English,0,0
the-impossible,tt1649419,2012,Thai,0,1
the-imposter,tt1966604,2012,English,0,0
the-incredible-hulk,tt0800080,2008,English,0,0
the-incredible-jessica-james,tt5990342,2017,English,0,0
the-incredibles,tt0317705,2004,English,1,3
the-informant!,tt1130080,2009,English,0,0
the-inheritance-2021,tt10204512,2020,,0,0
the-innocents,tt0055018,1961,English,0,0
the-innocents-2016,tt4370784,2016,Polish,0,0
the-innocents-2022,tt4028464,2021,Norwegian,0,0
the-insider,tt0140352,1999,Arabic,0,5
the-inspection,tt13495458,2022,English,0,0
the-insult,tt7048622,2017,Arabic,0,1
the-international,tt0963178,2009,English,0,0
the-internets-own-boy-the-story-of-aaron-swartz,tt3268458,2014,English,0,0
the-interrupters,tt1319744,2011,English,0,0
the-intruder,tt0426037,2005,Dutch,0,0
the-invasion,tt0427392,2007,Russian,0,0
the-invention-of-lying,tt1058017,2009,English,0,0
the-invisible-man,tt1051906,2020,English,0,0
the-invisible-man-1933,tt0024184,1933,English,0,0
the-invisible-war,tt2120152,2012,English,0,1
the-invisible-woman,tt1700845,2013,English,0,1
the-invitation,tt5080356,2016,,0,0
the-invite,tt14173636,2026,English,0,0
the-irishman,tt1302006,2019,English,0,7
the-iron-claw,tt21064584,2023,English,0,0
the-iron-giant,tt0129167,1999,English,0,0
the-iron-lady,tt1007029,2011,English,2,2
the-island-president,tt1990352,2011,English,0,0
the-italian-job,tt0317740,2003,English,0,0
the-ivory-game,tt5952266,2016,English,0,0
the-jackal,tt0119395,1997,Russian,0,0
the-jacket,tt0366627,2005,English,0,0
the-janes,tt16377356,2022,English,0,0
the-joy-luck-club,tt0107282,1993,English,0,0
the-jungle-book,tt0061852,1967,English,0,0
the-jungle-book-2,tt0283426,2003,English,0,0
the-jungle-book-2016,tt3040964,2016,English,1,1
the-karate-kid,tt1155076,2010,Standard Chinese,0,0
the-karate-kid-1984,tt0087538,1984,English,0,1
the-karate-kid-part-ii,tt0091326,1986,English,0,0
the-karate-kid-part-iii,tt0097647,1989,English,0,0
the-kid-detective,tt8980602,2020,,0,0
the-kid-with-a-bike,tt1827512,2011,French,0,0
the-kids-are-all-right,tt0842926,2010,English,0,3
the-kill-team,tt2732932,2013,English,0,0
the-killer,tt0097202,1989,Cantonese,0,0
the-killer-2023,tt1136617,2023,English,0,0
the-killer-inside-me,tt0954947,2010,English,0,0
the-killing,tt0049406,1956,English,0,0
the-killing-of-a-sacred-deer,tt5715874,2017,English,0,0
the-killing-of-two-lovers,tt10702148,2020,English,0,0
the-kindergarten-teacher-2018,tt6952960,2018,English,0,0
the-king-and-the-mockingbird,tt0079820,1980,French,0,0
the-king-of-comedy,tt0085794,1982,English,0,0
the-king-of-kong-a-fistful-of-quarters,tt0923752,2007,English,0,0
the-kingdom,tt0431197,2007,Arabic,0,0
the-kingdom-2024,tt13721546,2025,,0,0
the-kingdom-of-dreams-and-madness,tt3204392,2013,Japanese,0,0
the-kingmaker,tt5105734,2019,Tagalog,0,0
the-kings-speech,tt1504320,2010,English,2,10
the-kite-runner,tt0419887,2007,Dari,0,1
the-lady-eve,tt0033804,1941,English,0,0
the-lady-vanishes-1938,tt0030341,1938,Italian,0,0
the-ladykillers,tt0335245,2004,English,0,0
the-ladykillers-1955,tt0048281,1955,English,0,1
the-lake-house,tt0410297,2006,English,0,0
the-land-before-time,tt0095489,1988,English,0,0
the-land-of-steady-habits,tt6485928,2018,English,0,0
the-last-airbender,tt0938283,2010,English,0,0
the-last-black-man-in-san-francisco,tt4353250,2019,English,0,0
the-last-circus,tt1572491,2010,Spanish,0,0
the-last-days,tt0174852,1998,English,1,0
the-last-detail,tt0070290,1973,English,0,3
the-last-exorcism,tt1320244,2010,English,0,0
the-last-man-on-the-moon,tt3219604,2014,English,0,0
the-last-mistress,tt0437526,2007,French,0,0
the-last-of-the-mohicans,tt0104691,1992,Mohawk,1,1
the-last-picture-show,tt0067328,1971,English,2,4
the-last-samurai,tt0325710,2003,English,0,4
the-last-seduction,tt0110308,1994,English,0,0
the-last-song,tt1294226,2010,English,0,0
the-last-stop-in-yuma-county,tt11674730,2023,English,0,0
the-last-temptation-of-christ,tt0095497,1988,English,0,0
the-last-viking,tt27817389,2025,Danish,0,0
the-last-waltz,tt0077838,1978,English,0,0
the-lavender-hill-mob,tt0044829,1951,English,1,2
the-league-of-extraordinary-gentlemen,tt0311429,2003,English,0,0
the-legend-of-1900,tt0120731,1998,Italian,0,0
the-lego-batman-movie,tt4116284,2017,English,0,0
the-lego-movie,tt1490017,2014,English,0,0
the-leopard-re-release,tt0057091,1963,Latin,0,1
the-letter,tt0032701,1940,English,0,5
the-levelling,tt5158522,2016,English,0,0
the-life-and-death-of-colonel-blimp-1945,tt0036112,1943,English,0,0
the-life-of-david-gale,tt0289992,2003,Spanish,0,0
the-lighthouse-2019,tt7984734,2019,English,0,1
the-lincoln-lawyer,tt1189340,2011,English,0,0
the-line-2023,tt27418492,2024,,0,0
the-lion-king,tt0110357,1994,English,1,1
the-little-mermaid,tt0097757,1989,English,2,1
the-little-prince,tt1754656,2015,English,0,0
the-lives-of-others,tt0405094,2006,German,1,1
the-lobster,tt3464902,2015,English,0,1
the-lodger-a-story-of-the-london-fog,tt0017075,1927,,0,0
the-loneliest-planet,tt1695405,2011,Georgian,0,0
the-long-day-closes,tt0104753,1992,English,0,0
the-long-good-friday,tt0081070,1980,English,0,0
the-long-goodbye,tt0070334,1973,English,0,0
the-long-kiss-goodnight,tt0116908,1996,English,0,0
the-long-walk,tt15796522,2021,,0,0
the-long-walk-2025,tt10374610,2025,English,0,0
the-longest-yard,tt0398165,2005,English,0,0
the-look-of-silence,tt3521134,2014,Javanese,0,1
the-lord-of-the-rings-the-fellowship-of-the-ring,tt0120737,2001,English,4,11
the-lord-of-the-rings-the-return-of-the-king,tt0167260,2003,English,9,8
the-lord-of-the-rings-the-two-towers,tt0167261,2002,English,1,4
the-losers,tt0480255,2010,English,0,0
the-lost-boys,tt0093437,1987,English,0,0
the-lost-city-of-z,tt1212428,2016,English,0,0
the-lost-daughter,tt9100054,2021,English,0,3
the-lost-leonardo,tt11225756,2021,English,0,0
the-lost-world-jurassic-park,tt0119567,1997,English,0,1
the-lottery,tt1515935,2010,English,0,0
the-love-guru,tt0811138,2008,English,0,0
the-love-that-remains,tt33381401,2025,Icelandic,0,0
the-love-witch,tt3908142,2016,English,0,0
the-lovely-bones,tt0380510,2009,English,0,1
the-lovers-2017,tt5770620,2017,English,0,0
the-lunchbox,tt2350496,2013,English,0,0
the-lure,tt5156940,2016,,0,0
the-machinist,tt0361862,2004,English,0,0
the-mad-womens-ball,tt11681282,2021,French,0,0
the-madness-of-king-george,tt0110428,1994,English,1,4
the-magdalene-sisters,tt0318411,2002,English,0,0
the-magician-1959,tt0051365,1958,Swedish,0,0
the-magnificent-ambersons,tt0035015,1942,English,0,3
the-maid,tt1187044,2009,Spanish,0,0
the-majestic,tt0268995,2001,English,0,0
the-maltese-falcon,tt0033870,1941,English,0,2
the-man-in-the-iron-mask,tt0120744,1998,English,0,0
the-man-nobody-knew-in-search-of-my-father-cia-spymaster-william-colby,tt1931549,2011,English,0,0
the-man-who-fell-to-earth,tt0074851,1976,English,0,0
the-man-who-knew-too-much,tt0049470,1956,English,0,0
the-man-who-knew-too-much-1935,tt0025452,1934,English,0,0
the-man-who-shot-liberty-valance,tt0056217,1962,English,0,1
the-man-who-would-be-king,tt0073341,1975,English,0,4
the-man-with-the-golden-gun,tt0071807,1974,English,0,0
the-man-without-a-past,tt0311519,2002,Finnish,0,1
the-manchurian-candidate,tt0368008,2004,English,0,0
the-manchurian-candidate-1962,tt0056218,1962,English,0,2
the-martian,tt3659388,2015,English,0,5
the-mask,tt0110475,1994,English,0,1
the-mask-of-zorro,tt0120746,1998,English,0,1
the-masque-of-the-red-death,tt0058333,1964,English,0,0
the-master,tt1560747,2012,English,0,3
the-master-of-disguise,tt0295427,2002,English,0,0
the-mastermind,tt33455099,2025,English,0,0
the-matrix,tt0133093,1999,English,3,3
the-matrix-reloaded,tt0234215,2003,English,0,0
the-matrix-revolutions,tt0242653,2003,English,0,0
the-meaning-of-hitler,tt13490106,2020,,0,0
the-measure-of-a-man,tt4428814,2015,French,0,0
the-men-who-stare-at-goats,tt1234548,2009,Arabic,0,0
the-menu,tt9764362,2022,English,0,0
the-messenger,tt0790712,2009,English,0,2
the-meyerowitz-stories-new-and-selected,tt5536736,2017,English,0,0
the-midnight-meat-train,tt0805570,2008,English,0,0
the-mill-and-the-cross,tt1324055,2011,English,0,0
the-miracle-of-morgans-creek,tt0037077,1943,English,0,1
the-miracle-worker,tt0056241,1962,English,2,4
the-misfits,tt0055184,1961,English,0,0
the-missing-picture,tt2852470,2013,French,0,1
the-mission-2023,tt28097834,2023,,0,0
the-mist,tt0884328,2007,English,0,0
the-mitchells-vs-the-machines,tt7979580,2021,English,0,1
the-monk-and-the-gun,tt15560314,2023,Dzongkha,0,0
the-mother-and-the-whore,tt0070359,1973,French,0,0
the-mother-of-all-lies,tt15307068,2023,Arabic,0,0
the-mothman-prophecies,tt0265349,2002,English,0,0
the-motorcycle-diaries,tt0318462,2004,Spanish,1,1
the-mummy,tt0120616,1999,Egyptian,0,1
the-mummy-returns,tt0209163,2001,English,0,0
the-mummy-tomb-of-the-dragon-emperor,tt0859163,2008,English,0,0
the-muppet-christmas-carol,tt0104940,1992,English,0,0
the-muppet-movie,tt0079588,1979,English,0,1
the-muppets,tt1204342,2011,English,0,0
the-music-of-strangers-yo-yo-ma-and-the-silk-road-ensemble,tt3549206,2015,English,0,0
the-mustang,tt5952594,2019,English,0,0
the-mysterious-gaze-of-the-flamingo,tt22237964,2025,Spanish,0,0
the-naked-gun,tt3402138,2025,English,0,0
the-naked-gun-212-the-smell-of-fear,tt0102510,1991,English,0,0
the-naked-gun-from-the-files-of-police-squad!,tt0095705,1988,English,0,0
the-naked-kiss,tt0058390,1964,English,0,0
the-namesake,tt0433416,2006,English,0,0
the-nature-of-love,tt22487338,2023,Quebec French,0,0
the-negotiator,tt0120768,1998,English,0,0
the-nest,tt8338762,2020,English,0,0
the-new-girlfriend,tt3184934,2014,French,0,0
the-new-world,tt0402399,2005,English,0,1
the-next-three-days,tt1458175,2010,English,0,0
the-nice-guys,tt3799694,2016,English,0,0
the-night-of-the-12th,tt16953666,2022,French,0,0
the-night-of-the-hunter,tt0048424,1955,English,0,0
the-nightingale-2018,tt4068576,2018,English,0,0
the-nightmare-before-christmas,tt0107688,1993,English,0,1
the-ninth-gate,tt0142688,1999,English,0,0
the-northman,tt11138512,2022,English,0,0
the-notebook,tt0332280,2004,English,0,0
the-novice,tt11131464,2021,English,0,0
the-odd-couple,tt0063374,1968,English,0,2
the-odyssey-2026,tt33764258,2026,English,0,0
the-old-man-the-gun,tt2837574,2018,English,0,0
the-omen,tt0466909,2006,English,0,0
the-omen-1976,tt0075005,1976,English,1,1
the-one,tt0267804,2001,English,0,0
the-order-2024,tt26625693,2024,English,0,0
the-order-of-myths,tt1157694,2008,English,0,0
the-ornithologist,tt4929038,2016,Mirandese,0,0
the-orphanage,tt0464141,2007,Spanish,0,0
the-other-boleyn-girl,tt0467200,2008,English,0,0
the-other-guys,tt1386588,2010,English,0,0
the-other-side-of-hope,tt5222918,2017,Arabic,0,0
the-other-side-of-the-wind,tt0069049,2018,English,0,0
the-outlaw-josey-wales,tt0075029,1976,English,0,1
the-outpost,tt3833480,2019,English,0,0
the-outrun,tt11687002,2024,English,0,0
the-outsiders,tt0086066,1983,English,0,0
the-outwaters,tt13259610,2022,English,0,0
the-overnighters,tt3263996,2014,English,0,0
the-pacifier,tt0395699,2005,English,0,0
the-painted-bird,tt1667354,2019,Interslavic,0,0
the-painted-veil,tt0446755,2006,English,0,0
the-painter-and-the-thief,tt11296058,2020,Norwegian,0,0
the-parent-trap,tt0120783,1998,English,0,0
the-party,tt5814592,2017,English,0,0
the-passenger-re-release,tt0442399,2005,French,0,0
the-passion-of-joan-of-arc,tt0019254,1928,French,0,0
the-passion-of-the-christ,tt0335345,2004,Aramaic,0,3
the-past,tt2404461,2013,Dari,0,0
the-patriot,tt0187393,2000,English,0,3
the-peacemaker,tt0119874,1997,Russian,0,0
the-pearl-button,tt4377864,2015,Spanish,0,0
the-pelican-brief,tt0107798,1993,English,0,0
the-people-vs-larry-flynt,tt0117318,1996,English,0,1
the-peoples-joker,tt21651430,2022,American English,0,0
the-perfect-candidate,tt6971114,2019,Arabic,0,0
the-perfect-neighbor,tt34962891,2025,English,0,1
the-perfect-storm,tt0177971,2000,English,0,2
the-personal-history-of-david-copperfield,tt6439020,2019,English,0,0
the-perverts-guide-to-ideology,tt2152198,2012,English,0,0
the-phantom-of-the-opera,tt0293508,2004,English,0,2
the-philadelphia-story,tt0032904,1940,English,2,4
the-pianist,tt0253474,2002,Russian,2,5
the-piano,tt0107822,1993,English,3,6
the-piano-teacher,tt0254686,2001,French,0,0
the-pigeon-tunnel,tt28486633,2023,English,0,0
the-pink-panther,tt0383216,2006,English,0,0
the-pink-panther-2,tt0838232,2009,English,0,0
the-pirates!-band-of-misfits,tt1430626,2012,English,0,1
the-plague,tt32792934,2025,English,0,0
the-platform,tt8228288,2019,Spanish,0,0
the-player,tt0105151,1992,English,0,2
the-pledge,tt0237572,2001,English,0,0
the-post,tt6294822,2017,English,0,1
the-postman-always-rings-twice-1969,tt0038854,1946,English,0,0
the-power-of-the-dog,tt10293406,2021,English,0,9
the-powerpuff-girls,tt15195592,2021,,0,0
the-presidents-cake,tt36580119,2025,Iraqi Arabic,0,0
the-prestige,tt0482571,2006,English,0,2
the-prince-of-egypt,tt0120794,1998,Hebrew,0,1
the-princess-and-the-frog,tt0780521,2009,English,0,1
the-princess-bride,tt0093779,1987,English,0,0
the-princess-diaries,tt0247638,2001,English,0,0
the-princess-of-montpensier,tt1599975,2010,French,0,0
the-producers-1968,tt0063462,1967,English,1,2
the-professional,tt25147746,1997,Persian,0,0
the-promised-land,tt20561198,2023,Danish,0,0
the-proposal,tt1041829,2009,English,0,0
the-proposal-2019,tt8106592,2018,English,0,0
the-proposition,tt0421238,2005,English,0,0
the-pruitt-igoe-myth,tt1788461,2011,English,0,0
the-public-enemy,tt0022286,1931,English,0,0
the-punisher,tt0330793,2004,English,0,0
the-punk-singer,tt1785612,2013,English,0,0
the-purple-rose-of-cairo,tt0089853,1985,English,0,1
the-queen,tt0436697,2006,English,1,4
the-queen-of-versailles,tt2125666,2012,English,0,0
the-quick-and-the-dead,tt0114214,1995,English,0,0
the-quiet-american,tt0258068,2002,Vietnamese,0,1
the-quiet-girl,tt15109082,2022,Irish,0,0
the-quiet-man,tt0045061,1952,English,1,5
the-rabbis-cat,tt1355638,2011,French,0,0
the-raid-2,tt2265171,2014,Indonesian,0,0
the-raid-redemption,tt1899353,2011,Indonesian,0,0
the-rainmaker,tt0119978,1997,English,0,0
the-rape-of-europa,tt0997088,2006,,0,0
the-rape-of-recy-taylor,tt6116682,2017,,0,0
the-reader,tt0976051,2008,Greek,1,3
the-real-dirt-on-farmer-john,tt0439774,2005,English,0,0
the-reason-i-jump,tt9098928,2020,English,0,0
the-recruit,tt0292506,2003,English,0,0
the-red-turtle,tt3666024,2016,,0,1
the-remains-of-the-day,tt0107943,1993,English,0,6
the-remarkable-life-of-ibelin,tt19811010,2024,Norwegian,0,0
the-rescue-2021,tt9098872,2021,,0,0
the-rescuers-1977,tt0076618,1977,English,0,0
the-retrieval,tt2635006,2013,English,0,0
the-return-2004,tt0376968,2003,Russian,0,0
the-revenant-2015,tt1663202,2015,Arikara,2,9
the-rider,tt6217608,2017,English,0,0
the-right-stuff,tt0086197,1983,English,3,6
the-rite,tt1161864,2011,Italian,0,0
the-rivals-of-amziah-king,tt27706593,2025,English,0,0
the-road-2012,tt2346048,2012,,0,0
the-road-to-el-dorado,tt0138749,2000,English,0,0
the-road-warrior,tt0082694,1981,English,0,0
the-roaring-twenties,tt0031867,1939,English,0,0
the-rock,tt0117500,1996,English,0,1
the-rocket,tt2178256,2013,Lao,0,0
the-rocky-horror-picture-show,tt0073629,1975,English,0,0
the-room,tt0368226,2003,English,0,0
the-room-next-door,tt29439114,2024,English,0,0
the-roommate,tt1265990,2011,English,0,0
the-royal-hotel,tt18363072,2023,English,0,0
the-rules-of-the-game,tt0031885,1939,French,0,0
the-rundown,tt0327850,2003,English,0,0
the-running-man,tt0093894,1987,English,0,0
the-russian-woodpecker,tt4082596,2015,Ukrainian,0,0
the-sacrifice,tt0091670,1986,Swedish,0,0
the-saddest-music-in-the-world,tt0366996,2003,English,0,0
the-saint,tt0120053,1997,English,0,0
the-salesman,tt5186714,2016,Persian,1,1
the-salt-of-the-earth,tt3674140,2014,Portuguese,0,1
the-samurai-and-the-prisoner,tt39602215,2026,Japanese,0,0
the-santa-clause,tt0111070,1994,English,0,0
the-santa-clause-2,tt0304669,2002,English,0,0
the-santa-clause-3-the-escape-clause,tt0452681,2006,English,0,0
the-savages,tt0775529,2007,English,0,2
the-scent-of-green-papaya,tt0107617,1993,Vietnamese,0,1
the-score,tt0227445,2001,English,0,0
the-scorpion-king,tt0277296,2002,English,0,0
the-sea-beast,tt9288046,2022,English,0,1
the-searchers,tt0049730,1956,English,0,0
the-second-mother,tt3742378,2015,Portuguese,0,0
the-secret-agent-2025,tt27847051,2025,Portuguese,0,2
the-secret-in-their-eyes,tt1305806,2009,Spanish,1,0
the-secret-of-kells,tt0485601,2009,Irish,0,1
the-secret-of-the-grain,tt0487419,2007,French,0,0
the-secret-world-of-arrietty,tt1568921,2010,Japanese,0,0
the-seed-of-the-sacred-fig,tt32178949,2024,Persian,0,1
the-selfish-giant,tt2304426,2013,English,0,0
the-servant,tt0057490,1963,English,0,0
the-sessions,tt1866249,2012,English,0,1
the-settlers-2023,tt10370812,2023,English,0,0
the-seventh-seal,tt0050976,1957,Swedish,0,0
the-shadowless-tower,tt26441793,2023,Mandarin,0,0
the-shape-of-water,tt5580390,2017,American Sign Language,2,10
the-shawshank-redemption,tt0111161,1994,English,0,6
the-sheep-detectives,tt32565993,2026,English,0,0
the-shootist,tt0075213,1976,English,0,1
the-shop-around-the-corner,tt0033045,1940,English,0,0
the-shrouds,tt20212786,2024,English,0,0
the-silence,tt4603640,2015,Marathi,0,0
the-silence-of-the-lambs,tt0102926,1991,English,3,5
the-simpsons-movie,tt0462538,2007,English,0,0
the-sisters-brothers,tt4971344,2018,English,0,0
the-sitter,tt1366344,2011,English,0,0
the-sixth-sense,tt0167404,1999,English,0,4
the-skeleton-key,tt0397101,2005,English,0,0
the-skeleton-twins,tt1571249,2014,English,0,0
the-skin-i-live-in,tt1189073,2011,Spanish,0,0
the-smurfs,tt0472181,2011,English,0,0
the-social-dilemma,tt11464826,2020,English,0,0
the-social-network,tt1285016,2010,English,3,6
the-son,tt0291172,2002,French,0,0
the-sorcerers-apprentice,tt0963966,2010,English,0,0
the-souvenir,tt6920356,2019,English,0,0
the-souvenir-part-ii,tt6992978,2021,English,0,0
the-sparks-brothers,tt8610436,2021,English,0,0
the-spectacular-now,tt1714206,2013,English,0,0
the-spiderwick-chronicles,tt0416236,2008,English,0,0
the-spirit,tt0831887,2008,English,0,0
the-spongebob-squarepants-movie,tt0345950,2004,English,0,0
the-spy-next-door,tt1273678,2010,English,0,0
the-square,tt1085507,2008,English,0,0
the-square-2013,tt2486682,2013,Arabic,0,1
the-square-2017,tt4995790,2017,Danish,0,1
the-squid-and-the-whale,tt0367089,2005,English,0,1
the-starling-girl,tt21156390,2023,English,0,0
the-station-agent,tt0340377,2003,English,0,0
the-stepford-wives,tt0327162,2004,English,0,0
the-sting,tt0070735,1973,English,5,8
the-stone-roses-made-of-stone,tt2126403,2013,English,0,0
the-story-of-the-weeping-camel,tt0373861,2003,Mongolian,0,1
the-straight-story,tt0166896,1999,English,0,1
the-strange-case-of-angelica,tt1282153,2010,Portuguese,0,0
the-strange-little-cat,tt2586000,2013,,0,0
the-stranger-2022,tt11897478,2022,,0,0
the-stranger-2025,tt35684354,2025,,0,0
the-strangers,tt0482606,2008,English,0,0
the-stroll,tt24079774,2023,,0,0
the-student-2016,tt5873672,2017,,0,0
the-substance,tt17526714,2024,English,1,3
the-suicide-squad,tt6334354,2021,English,0,0
the-sum-of-all-fears,tt0164184,2002,Arabic,0,0
the-summit-of-the-gods,tt7014378,2021,French,0,0
the-sure-thing,tt0090103,1985,English,0,0
the-survivalist,tt2580382,2015,English,0,0
the-survivor,tt9242528,2021,English,0,0
the-sweet-hereafter,tt0120255,1997,English,0,1
the-switch,tt0889573,2010,English,0,0
the-sword-in-the-stone,tt0057546,1963,English,0,1
the-tale,tt4015500,2018,English,0,0
the-tale-of-silyan,tt37660542,2025,Macedonian,0,0
the-tale-of-the-princess-kaguya,tt2576852,2013,Japanese,0,1
the-talented-mr-ripley,tt0134119,1999,English,0,5
the-taste-of-others,tt0216787,2000,French,0,1
the-taste-of-things,tt19760052,2023,French,0,0
the-teacher,tt5061162,2016,Slovak,0,0
the-teachers-lounge,tt26612950,2023,German,0,0
the-terminal,tt0362227,2004,Russian,0,0
the-terminator,tt0088247,1984,English,0,0
the-territory,tt16378164,2022,Portuguese,0,0
the-testament-of-ann-lee,tt34819091,2025,English,0,0
the-texas-chain-saw-massacre,tt0072271,1974,English,0,0
the-texas-chainsaw-massacre,tt0324216,2003,English,0,0
the-texas-chainsaw-massacre-2,tt0092076,1986,English,0,0
the-texas-chainsaw-massacre-the-beginning,tt0420294,2006,English,0,0
the-theory-of-everything,tt2980516,2014,English,1,4
the-thin-blue-line,tt0096257,1988,English,0,0
the-thin-man,tt0025878,1934,English,0,2
the-thin-red-line,tt0120863,1998,Tok Pisin,0,5
the-thing,tt0905372,2011,Norwegian,0,0
the-thing-1982,tt0084787,1982,English,0,0
the-things-you-kill,tt32367116,2025,English,0,0
the-third-man,tt0041959,1949,English,1,2
the-third-wife,tt7692966,2018,Vietnamese,0,0
the-thirteenth-floor,tt0139809,1999,English,0,0
the-thomas-crown-affair,tt0155267,1999,English,0,0
the-three-burials-of-melquiades-estrada,tt0419294,2005,English,0,0
the-three-musketeers,tt1509767,2011,English,0,0
the-three-musketeers---part-i-dartagnan,tt12672536,2023,French,0,0
the-three-musketeers-1974,tt0206366,1974,English,0,0
the-tillman-story,tt1568334,2010,English,0,0
the-time-machine,tt0268695,2002,English,0,1
the-time-that-remains,tt1037163,2009,Arabic,0,0
the-time-travelers-wife,tt0452694,2009,English,0,0
the-tourist,tt1243957,2010,Russian,0,0
the-town,tt0840361,2010,English,0,1
the-tragedy-of-macbeth,tt10095582,2021,Early Modern English,0,2
the-train,tt0059825,1964,English,0,1
the-transporter,tt0293662,2002,English,0,0
the-treasure,tt4515684,2015,Romanian,0,0
the-treasure-of-the-sierra-madre,tt0040897,1948,English,2,2
the-tree-of-life,tt0478304,2011,English,0,1
the-trial-of-the-chicago-7,tt1070874,2020,English,0,4
the-tribe,tt1745787,2014,Ukrainian Sign Language,0,0
the-trip-2011,tt1740047,2010,English,0,0
the-trip-to-italy,tt2967006,2014,English,0,0
the-triplets-of-belleville,tt0286244,2003,French,0,1
the-truffle-hunters,tt11394318,2020,,0,0
the-truman-show,tt0120382,1998,English,0,2
the-truth,tt13826620,2020,,0,0
the-turin-horse,tt1316540,2011,Hungarian,0,0
the-tuxedo,tt0290095,2002,English,0,0
the-twilight-saga-breaking-dawn---part-1,tt1324999,2011,English,0,0
the-twilight-saga-eclipse,tt1325004,2010,English,0,0
the-twilight-saga-new-moon,tt1259571,2009,English,0,0
the-twilight-samurai,tt0351817,2002,Japanese,0,1
the-two-popes,tt8404614,2019,Portuguese,0,3
the-ugly-truth,tt1142988,2009,English,0,0
the-unknown-country,tt12783826,2022,English,0,0
the-untamed,tt5265960,2016,Spanish,0,0
the-untouchables,tt0094226,1987,English,1,4
the-usual-suspects,tt0114814,1995,English,2,2
the-vast-of-night,tt6803046,2019,English,0,0
the-velvet-queen,tt11937680,2021,French,0,0
the-velvet-underground,tt7230750,2021,English,0,0
the-verdict,tt0084855,1982,English,0,3
the-village,tt0368447,2004,English,0,1
the-virgin-suicides,tt0159097,1999,English,0,0
the-visitor,tt0969307,2008,Finnish,0,0
the-voice-of-hind-rajab,tt36943034,2025,Arabic,0,1
the-wages-of-fear-1953,tt27487473,2024,Arabic,0,0
the-wailing,tt5215952,2016,Japanese,0,0
the-waiting-room,tt1618399,2012,English,0,0
the-walk,tt2159988,2015,,0,0
the-war-of-the-roses,tt0098621,1989,English,0,0
the-war-of-the-worlds,tt0046534,1953,English,1,3
the-war-room,tt0108515,1993,English,0,1
the-war-tapes,tt0775566,2006,English,0,0
the-ward,tt1369706,2010,English,0,0
the-warriors,tt0080120,1979,English,0,0
the-way-back,tt1023114,2010,English,0,1
the-way-he-looks,tt1702014,2014,Portuguese,0,0
the-weather-man,tt0384680,2005,English,0,0
the-wedding-banquet-1993,tt0107156,1993,Standard Taiwanese Mandarin,0,1
the-wedding-plan,tt5991206,2016,Hebrew,0,0
the-wedding-singer,tt0120888,1998,English,0,0
the-whistlers,tt7921248,2019,Romanian,0,0
the-white-diamond,tt0435776,2004,English,0,0
the-white-ribbon,tt1149362,2009,German,0,2
the-white-tiger,tt6571548,2021,,0,1
the-wicker-man,tt0450345,2006,English,0,0
the-wicker-man-1974,tt0070917,1973,English,0,0
the-wife,tt3750872,2017,English,0,1
the-wild,tt0405469,2006,English,0,0
the-wild-bunch,tt0065214,1969,English,0,2
the-wild-child,tt0064285,1970,French,0,0
the-wild-goose-lake,tt9647768,2019,Wuhan dialect,0,0
the-wild-parrots-of-telegraph-hill,tt0424565,2003,English,0,0
the-wild-pear-tree,tt6628102,2018,Turkish,0,0
the-wild-robot,tt29623480,2024,English,0,3
the-wind-rises,tt2013293,2013,Japanese,0,1
the-wind-that-shakes-the-barley,tt0460989,2006,English,0,0
the-wind-will-carry-us,tt0209463,1999,Persian,0,0
the-winslow-boy,tt0155388,1999,English,0,0
the-witch,tt4263482,2015,English,0,0
the-witches-1990,tt0100944,1990,English,0,0
the-witches-of-eastwick,tt0094332,1987,English,0,2
the-witness,tt3568002,2015,American English,0,0
the-wizard-of-oz-re-release,tt0032138,1939,English,2,4
the-wolf-house,tt8173728,2018,Spanish,0,0
the-wolf-of-wall-street,tt0993846,2013,English,0,3
the-wolfman,tt0780653,2010,English,1,1
the-wolfpack,tt2415458,2015,English,0,0
the-woman-king,tt8093700,2022,English,0,0
the-woman-who-left,tt5843990,2016,Tagalog,0,0
the-woman-who-ran,tt11697690,2020,Korean,0,0
the-womens-balcony,tt5974460,2016,Hebrew,0,0
the-wonder,tt9288822,2022,English,0,0
the-wonderful-story-of-henry-sugar,tt16968450,2023,English,0,0
the-wonders,tt3044244,2014,Italian,0,0
the-woodmans,tt1610516,2010,English,0,0
the-work,tt5836866,2017,English,0,0
the-workshop,tt7405478,2018,,0,0
the-world-is-not-enough,tt0143145,1999,English,0,0
the-world-is-yours,tt6892462,2018,French,0,0
the-world-to-come,tt9738716,2020,English,0,0
the-worlds-end,tt1213663,2013,English,0,0
the-worlds-fastest-indian,tt0412080,2005,English,0,0
the-worst-person-in-the-world,tt10370710,2021,Norwegian,0,1
the-wound,tt6333070,2017,Xhosa,0,0
the-wrestler,tt1125849,2008,English,0,2
the-wrong-man,tt0051207,1956,English,0,0
the-x-files,tt0120902,1998,Arabic,0,0
the-x-files-i-want-to-believe,tt0443701,2008,Czech,0,0
the-yellow-sea,tt1230385,2010,Korean,0,0
the-young-victoria,tt0962736,2009,English,1,3
the-zen-of-bennett,tt2302921,2012,English,0,0
the-zone-of-interest,tt7160372,2023,English,2,2
theater-camp,tt21232992,2023,English,0,0
theater-of-blood,tt0070791,1973,English,0,0
theeb,tt3170902,2014,Arabic,0,1
their-finest,tt1661275,2016,English,0,0
thelma,tt6304046,2017,Norwegian,0,0
thelma-2024,tt23778968,2024,English,0,0
thelma-louise,tt0103074,1991,English,1,4
there-is-no-evil,tt11697844,2020,Persian,0,0
there-will-be-blood,tt0469494,2007,English,2,5
theres-something-about-mary,tt0129387,1998,English,0,0
these-birds-walk,tt2130282,2012,Urdu,0,0
they-cloned-tyrone,tt9873892,2023,English,0,0
they-live,tt0096256,1988,English,0,0
they-live-by-night,tt0040872,1948,English,0,0
they-shall-not-grow-old,tt7905466,2018,English,0,0
they-shot-the-piano-player,tt11242654,2023,Portuguese,0,0
theyll-love-me-when-im-dead,tt6893836,2018,English,0,0
thief,tt0083190,1981,English,0,0
things-to-come,tt4120176,2016,French,0,0
thirst,tt0762073,2009,Korean,0,0
thirst-street,tt5802404,2017,English,0,0
thirteen,tt0328538,2003,English,0,1
this-is-england,tt0480025,2006,English,0,0
this-is-it,tt1477715,2009,English,0,0
this-is-martin-bonner,tt1798291,2013,English,0,0
this-is-not-a-burial-its-a-resurrection,tt10849514,2019,Sesotho,0,0
this-is-not-a-film,tt1667905,2011,Persian,0,0
this-is-spinal-tap,tt0088258,1984,English,0,0
this-much-i-know-to-be-true,tt15721828,2022,English,0,0
thor,tt0800369,2011,English,0,0
thor-ragnarok,tt3501632,2017,English,0,0
thoroughbreds,tt5649108,2017,English,0,0
three-2016,tt4379728,2016,Cantonese,0,0
three-billboards-outside-ebbing-missouri,tt5027774,2017,English,2,5
three-colors-blue,tt0108394,1993,French,0,0
three-colors-red,tt0111495,1994,French,0,2
three-colors-white,tt0111507,1994,Russian,0,0
three-identical-strangers,tt7664504,2018,English,0,0
three-kings,tt0120188,1999,English,0,0
three-minutes-a-lengthening,tt12017738,2021,Yiddish,0,0
three-times,tt0459666,2005,Standard Chinese,0,0
through-a-glass-darkly,tt0055499,1961,Swedish,1,2
thunder-road,tt7738450,2018,English,0,0
thunderball,tt0059800,1965,English,1,1
thx-1138,tt0066434,1971,English,0,0
tick-tickboom!,tt8721424,2021,English,0,1
tickled,tt5278506,2016,English,0,0
tigers-are-not-afraid,tt4823434,2017,Spanish,0,0
till,tt4960748,2022,English,0,0
timbuktu,tt3409392,2014,Bambara,0,1
time-2020,tt11416746,2020,,0,1
time-and-water,tt39163015,2026,,0,0
time-bandits,tt0081633,1981,English,0,0
time-out,tt0279065,2001,French,0,0
time-out-of-mind,tt3505712,2014,English,0,0
timecop,tt0111438,1994,English,0,0
timecrimes,tt0480669,2007,Spanish,0,0
timestalker,tt7340766,2024,English,0,0
tims-vermeer,tt3089388,2013,English,0,0
tina,tt8399720,2021,English,0,0
tinker-tailor-soldier-spy,tt1340800,2011,English,0,3
tiny-furniture,tt1570989,2010,English,0,0
titane,tt10944760,2021,French,0,0
titanic,tt0120338,1997,English,8,11
tito-and-the-birds,tt8327492,2018,Portuguese,0,0
to-a-land-unknown,tt22023622,2024,,0,0
to-be-and-to-have,tt0318202,2002,French,0,0
to-be-or-not-to-be,tt0035446,1942,English,0,1
to-catch-a-thief,tt0048728,1955,English,1,3
to-die-for,tt0114681,1995,English,0,0
to-have-and-have-not,tt0037382,1944,English,0,0
to-kill-a-mockingbird,tt0056592,1962,English,3,6
to-leslie,tt8129806,2022,English,0,1
to-live-and-die-in-la,tt0090180,1985,English,0,0
to-the-ends-of-the-earth,tt8681422,2019,Japanese,0,0
together-2001,tt0203166,2000,Swedish,0,0
together-2025,tt31184028,2025,English,0,0
tokyo-godfathers,tt0388473,2003,Japanese,0,0
tokyo-sonata,tt0938341,2008,Japanese,0,0
tokyo-story,tt0046438,1953,Japanese,0,0
tom-jones,tt0057590,1963,English,2,6
tomboy,tt1847731,2011,French,0,0
tombstone,tt0108358,1993,English,0,0
tomorrow-never-dies,tt0120347,1997,English,0,0
toni-erdmann,tt4048272,2016,German,0,1
toni-morrison-the-pieces-i-am,tt9358206,2019,English,0,0
tony,tt33095251,2026,English,0,0
tony-hawk-until-the-wheels-fall-off,tt16118722,2022,,0,0
too-late-to-die-young,tt8726098,2018,Spanish,0,0
tooth-fairy,tt0808510,2010,Russian,0,0
tootsie,tt0084805,1982,English,1,6
top-five,tt2784678,2014,English,0,0
top-gun,tt0092099,1986,English,0,2
top-gun-maverick,tt1745960,2022,English,1,5
top-hat,tt0027125,1935,English,0,2
top-secret!,tt0088286,1984,English,0,0
topsy-turvy,tt0151568,1999,English,2,4
tori-and-lokita,tt18317064,2022,French,0,0
total-recall,tt0100802,1990,English,0,1
totally-under-control,tt13065386,2020,,0,0
totem,tt26315142,2023,Spanish,0,0
touch-2024,tt23468836,2024,Japanese,0,0
touch-of-evil,tt0052311,1958,English,0,0
touching-the-void,tt0379557,2003,English,0,0
tower,tt5116410,2016,,0,0
tower-heist,tt0471042,2011,English,0,0
toy-story,tt0114709,1995,Spanish,1,2
toy-story-2,tt0120363,1999,English,0,0
toy-story-3,tt0435761,2010,Spanish,1,2
toy-story-4,tt1979376,2019,American English,1,1
toy-story-5,tt29355505,2026,English,0,0
tracks,tt4252612,2014,,0,0
trading-places,tt0086465,1983,English,0,1
traffic,tt0181865,2000,English,3,3
train-dreams,tt29768334,2025,English,0,3
train-to-busan,tt5700672,2016,Korean,0,0
training-day,tt0139654,2001,English,1,2
trainspotting,tt0117951,1996,English,0,1
trainwreck,tt3152624,2015,English,0,0
tramps,tt4991512,2016,English,0,0
transformers,tt0418279,2007,English,0,2
transformers-dark-of-the-moon,tt1399103,2011,English,0,2
transformers-revenge-of-the-fallen,tt1055369,2009,English,0,1
transit,tt2006294,2019,,0,0
transpecos,tt4687464,2016,,0,0
transporter-2,tt0388482,2005,English,0,0
transporter-3,tt1129442,2008,Hungarian,0,0
treasure-island,tt0043067,1950,English,0,0
trespass,tt1674784,2011,English,0,0
tristana-re-release,tt0066491,1970,Spanish,0,1
tron,tt0084827,1982,English,0,2
tron-legacy,tt1104001,2010,English,0,0
tropic-thunder,tt0942385,2008,English,0,1
tropical-malady,tt0381668,2004,Thai,0,0
trouble-in-mind,tt0090209,1985,English,0,0
trouble-the-water,tt1149405,2008,English,0,1
true-grit,tt1403865,2010,English,0,7
true-grit-1969,tt0065126,1969,English,1,1
true-history-of-the-kelly-gang,tt4844140,2019,English,0,0
true-lies,tt0111503,1994,English,0,1
true-romance,tt0108399,1993,English,0,0
truman,tt3754940,2015,Spanish,0,0
tu-dors-nicole,tt3483194,2014,French,0,0
tuesday-after-christmas,tt1470024,2010,Romanian,0,0
tully-2018,tt5610554,2018,English,0,0
tulpan,tt0436854,2008,Kazakh,0,0
tuner,tt33296751,2025,English,0,0
turn-every-page-the-adventures-of-robert-caro-and-robert-gottlieb,tt14071694,2022,English,0,0
turning-red-2022,tt8097030,2022,English,0,1
turtles-can-fly,tt0424227,2004,Kurdish language,0,0
twelve-monkeys,tt0114746,1995,English,0,2
twilight,tt1099212,2008,English,0,0
twilight-of-the-warriors-walled-in,tt20316748,2024,Cantonese,0,0
twilight-zone-the-movie,tt0086491,1983,English,0,0
twin-peaks-fire-walk-with-me,tt0105665,1992,English,0,0
twinless,tt31322753,2025,English,0,0
twins,tt0096320,1988,English,0,0
twinsters,tt2980626,2015,English,0,0
twister,tt0117998,1996,English,0,2
two-days-one-night,tt2737050,2014,French,0,1
two-for-the-road,tt0062407,1967,English,0,1
two-lane-blacktop,tt0067893,1971,English,0,0
two-lovers,tt1103275,2008,English,0,0
two-of-us,tt6391282,2020,,0,0
two-prosecutors,tt35521200,2025,Ukrainian,0,0
two-step,tt3288948,2014,English,0,0
tyrannosaur,tt1204340,2011,English,0,0
tyrel,tt6729000,2018,English,0,0
tyson,tt1032821,2008,English,0,0
u2-3d,tt0892375,2007,English,0,0
uhf,tt0098546,1989,English,0,0
ulees-gold,tt0120402,1997,English,0,1
ultraviolet,tt0370032,2006,English,0,0
umberto-d-re-release,tt0045274,1952,Italian,0,0
unbreakable,tt0217869,2000,English,0,0
uncertain,tt2630352,2015,,0,0
uncle-boonmee-who-can-recall-his-past-lives,tt1588895,2010,Isan,0,0
uncle-buck,tt0098554,1989,English,0,0
uncut-gems,tt5727208,2019,English,0,0
undefeated,tt1860355,2011,English,1,0
under-the-citys-skin,tt37970401,2019,,0,0
under-the-sand,tt0240913,2000,French,0,0
under-the-sea-3d,tt1020876,2009,English,0,0
under-the-shadow,tt4273292,2016,Persian,0,0
under-the-skin,tt1441395,2013,English,0,0
under-the-sun,tt5581616,2016,,0,0
under-the-tree,tt6223806,2017,Icelandic,0,0
under-the-wire,tt8520614,2018,English,0,0
undergods,tt8043434,2020,English,0,0
underground,tt0159808,1998,,0,0
undertow-1969,tt1368491,2009,Spanish,0,0
underworld,tt0320691,2003,English,0,0
underworld-evolution,tt0401855,2006,Hungarian,0,0
undine,tt11617052,2020,German,0,0
unfaithful,tt0250797,2002,English,0,1
unforgiven,tt0105695,1992,English,2,7
unicorn-wars,tt10483152,2022,Spanish,0,0
union-2024,tt30319916,2024,,0,0
united-93,tt0475276,2006,English,0,1
universal-language,tt31691389,2024,Quebec French,0,0
unknown-2011,tt1401152,2011,English,0,0
unleashed,tt0342258,2005,English,0,0
unrelated,tt1107850,2007,English,0,0
unrest,tt3268850,2017,English,0,0
unstoppable,tt0477080,2010,English,0,0
untouchable,tt9358228,2019,English,0,0
up,tt1049413,2009,English,2,3
up-and-down,tt0401488,2004,Czech,0,0
up-in-the-air,tt1193138,2009,English,0,3
up-the-yangtze,tt1114277,2007,,0,0
upstream-color,tt2084989,2013,English,0,0
urban-legend,tt0146336,1998,English,0,0
urchin,tt35715953,2025,English,0,0
us,tt6857112,2019,English,0,0
us-marshals,tt0120873,1998,English,0,0
utama,tt10984580,2022,Quechua,0,0
v-for-vendetta,tt0434409,2005,English,0,0
vacancy,tt0452702,2007,English,0,0
val,tt11436498,2021,,0,0
valentines-day,tt0817230,2010,English,0,0
valhalla-rising,tt0862467,2009,English,0,0
valiant,tt0361089,2005,English,0,0
valkyrie,tt0985699,2008,English,0,0
vampire-hunter-d,tt0090248,1985,Japanese,0,0
vampires-kiss,tt0098577,1988,English,0,0
vampires-suck,tt1666186,2010,English,0,0
van-wilder,tt0283111,2002,English,0,0
vanilla-sky,tt0259711,2001,English,0,0
vanishing-on-7th-street,tt1452628,2010,English,0,0
vantage-point,tt0443274,2008,English,0,0
varda-by-agncs,tt43684922,2019,,0,0
vengeance-is-mine-1979,tt0079182,1979,Japanese,0,0
venus,tt0489327,2006,English,0,1
vera-drake,tt0383694,2004,English,0,2
vermiglio,tt28618488,2024,Italian,0,0
vertigo-1958,tt0052357,1958,English,0,2
vesper,tt20225374,2022,English,0,0
vfw,tt9894470,2019,English,0,0
vicky-cristina-barcelona,tt0497465,2008,Catalan,1,1
victim,tt0055597,1961,English,0,0
victor-victoria,tt0084865,1982,English,1,7
victoria,tt4226388,2015,English,0,0
videodrome,tt0086541,1983,English,0,0
viet-and-nam,tt32086052,2024,Vietnamese,0,0
village-of-the-damned-1960,tt0054443,1960,English,0,0
vincere,tt1156173,2009,Italian,0,0
violette,tt2976920,2013,French,0,0
virtuosity,tt0114857,1995,English,0,0
vitalina-varela,tt8241872,2019,Cape Verdean Creole,0,0
volcano,tt0120461,1997,English,0,0
volver,tt0441909,2006,Spanish,0,1
vortex,tt14821150,2021,French,0,0
voyage-of-time-the-imax-experience,tt6024606,2016,,0,0
wadjda,tt2258858,2012,Arabic,0,0
wag-the-dog,tt0120885,1997,English,0,2
wait-until-dark,tt0062467,1967,English,0,1
waiting,tt0348333,2005,English,0,0
waiting-for-superman,tt1566648,2010,English,0,0
wake-in-fright-1971,tt0067541,1971,English,0,0
waking-life,tt0243017,2001,English,0,0
walk-hard-the-dewey-cox-story,tt0841046,2007,English,0,0
walk-the-line,tt0358273,2005,English,1,5
walk-up,tt21404804,2022,Korean,0,0
walkabout,tt0067959,1971,English,0,0
walking-out,tt5420886,2017,English,0,0
walking-tall,tt0351977,2004,English,0,0
wall-e,tt0910970,2008,English,1,4
wall-street,tt0094291,1987,English,1,1
wallace-gromit-the-curse-of-the-were-rabbit,tt0312004,2005,English,1,1
wallace-gromit-vengeance-most-fowl,tt17163970,2024,English,0,1
waltz-with-bashir,tt1185616,2008,Hebrew,0,1
wanted,tt0493464,2008,English,0,1
war,tt0499556,2007,English,0,0
war-for-the-planet-of-the-apes,tt3450958,2017,English,0,1
war-game,tt26681810,2024,English,0,0
war-horse,tt1568911,2011,English,0,4
war-of-the-worlds,tt0407304,2005,English,0,2
war-photographer,tt0309061,2001,English,0,1
war-witch,tt1820488,2012,French,0,1
warfare,tt31434639,2025,English,0,0
wargames,tt0086567,1983,English,0,3
warrior,tt1291584,2011,English,0,1
waste-land,tt1268204,2010,Portuguese,0,1
wasteman,tt29028515,2025,English,0,0
watcher,tt12004038,2022,English,0,0
watchers-of-the-sky,tt2049589,2014,English,0,0
water,tt1663702,2006,Russian,0,0
water-for-elephants,tt1067583,2011,English,0,0
waves,tt8652728,2019,English,0,0
waynes-world,tt0105793,1992,English,0,0
we,tt1536048,2011,Russian,0,1
we-are-the-best!,tt2364975,2013,Swedish,0,0
we-are-what-we-are-2013,tt2309021,2013,English,0,0
we-bought-a-zoo,tt1389137,2011,English,0,0
we-met-in-virtual-reality,tt16378482,2022,English,0,0
we-need-to-talk-about-kevin,tt1242460,2011,English,0,0
we-own-the-night,tt0498399,2007,English,0,0
we-steal-secrets-the-story-of-wikileaks,tt1824254,2013,English,0,0
we-the-animals,tt7681824,2018,English,0,0
we-were-here,tt1787837,2011,English,0,0
we-were-soldiers,tt0277434,2002,English,0,0
weapons,tt26581740,2025,English,1,1
weathering-with-you,tt9426210,2019,Japanese,0,0
wedding-crashers,tt0396269,2005,English,0,0
weekend,tt1714210,2011,English,0,0
weiner,tt5278596,2016,English,0,0
weird-science,tt0090305,1985,English,0,0
welcome-to-chechnya,tt11394200,2020,Chechen,1,0
welcome-to-leith,tt3962848,2015,English,0,0
welcome-to-new-york,tt2758890,2014,French,0,0
welcome-to-the-dollhouse,tt0114906,1995,English,0,0
welcome-to-the-rileys,tt1183923,2010,English,0,0
wendy-and-lucy,tt1152850,2008,English,0,0
werckmeister-harmonies,tt0249241,2000,Hungarian,0,0
were-all-going-to-the-worlds-fair,tt13648224,2021,English,0,0
werewolf,tt7203520,2018,Russian,0,0
wes-cravens-new-nightmare,tt0111686,1994,English,0,0
west-of-memphis,tt2130321,2012,English,0,0
west-side-story,tt0055614,1961,English,8,9
west-side-story-2020,tt3581652,2021,English,1,5
western,tt4214450,2015,,0,0
western-2017,tt5157326,2017,Bulgarian,0,0
western-stars,tt10687158,2019,English,0,0
westworld,tt0070909,1973,English,0,0
wet-hot-american-summer,tt0243655,2001,English,0,0
wetlands,tt2524674,2013,German,0,0
whale-rider,tt0298228,2002,Māori,0,1
wham!,tt27726927,2023,English,0,0
what-about-bob,tt0103241,1991,English,0,0
what-do-we-see-when-we-look-at-the-sky,tt14035154,2021,Georgian,0,0
what-happened-miss-simone,tt4284010,2015,English,0,1
what-lies-beneath,tt0161081,2000,English,0,0
what-maisie-knew,tt1932767,2012,English,0,0
what-richard-did,tt2092011,2012,English,0,0
what-the-constitution-means-to-me,tt13096334,2020,,0,0
what-we-do-in-the-shadows,tt3416742,2014,English,0,0
what-women-want,tt0207201,2000,English,0,0
whatever-works,tt1178663,2009,English,0,0
whats-eating-gilbert-grape,tt0108550,1993,English,0,1
whats-your-number,tt0770703,2011,English,0,0
wheel-of-fortune-and-fantasy,tt14034966,2021,Japanese,0,0
when-a-stranger-calls,tt0455857,2006,English,0,0
when-evil-lurks,tt16300962,2023,Spanish,0,0
when-fall-is-coming,tt29482291,2024,French,0,0
when-i-saw-you,tt2369543,2012,Arabic,0,0
when-marnie-was-there,tt3398268,2014,Japanese,0,1
when-we-were-kings,tt0118147,1996,English,1,0
where-is-kyra,tt5198670,2017,English,0,0
where-the-wild-things-are,tt0386117,2009,English,0,0
wheres-my-roy-cohn,tt7193362,2019,English,0,0
while-were-young,tt1791682,2014,English,0,0
whip-it,tt1172233,2009,English,0,0
whiplash,tt2582802,2014,English,3,4
whisper-of-the-heart,tt0113824,1995,Japanese,0,0
white-chicks,tt0381707,2004,English,0,0
white-god,tt2844798,2014,Hungarian,0,0
white-heat,tt0042041,1949,English,0,0
white-material,tt1135952,2009,French,0,0
white-sun-seto-surya,tt3638644,2016,Nepali,0,0
whiteout,tt0365929,2009,English,0,0
whitey-united-states-of-america-v-james-j-bulger,tt3326366,2014,English,0,0
whitney,tt5740866,2018,English,0,0
who-framed-roger-rabbit,tt0096438,1988,English,2,5
who-we-are-a-chronicle-of-racism-in-america,tt14030682,2021,,0,0
who-we-are-now,tt6680312,2017,English,0,0
whores-glory,tt1327628,2011,Thai,0,0
wicked,tt1262426,2024,English,2,9
widows,tt4218572,2018,English,0,0
wife-of-a-spy,tt11917942,2020,Japanese,0,0
wild,tt2305051,2014,English,0,2
wild-at-heart,tt0100935,1990,English,0,1
wild-hogs,tt0486946,2007,English,0,0
wild-indian,tt11433048,2021,,0,0
wild-men,tt11328762,2021,Danish,0,0
wild-nights-with-emily,tt5176580,2018,English,0,0
wild-reeds,tt0111019,1994,French,0,0
wild-rose,tt5117428,2018,English,0,0
wild-strawberries,tt0050986,1957,Swedish,0,1
wild-tales,tt3011894,2014,Spanish,0,1
wild-target,tt1235189,2010,English,0,0
wildcat-2022,tt13622204,2022,,0,0
wildlife,tt5929754,2018,English,0,0
will-harper,tt30321133,2024,American English,0,0
will-o-the-wisp,tt11460816,2022,Portuguese,0,0
willow,tt0096446,1988,English,0,1
willy-wonka-the-chocolate-factory,tt0067992,1971,English,0,1
win-it-all,tt3155328,2017,English,0,0
win-win,tt1606392,2011,English,0,0
winchester-73,tt0043137,1950,English,0,0
wind-river,tt5362988,2017,English,0,0
winged-migration,tt0301727,2001,English,0,0
wings,tt0018578,1927,English,1,1
wings-of-desire,tt0093191,1987,Hebrew,0,0
winnebago-man,tt1396557,2009,English,0,0
winnie-the-pooh,tt1449283,2011,English,0,0
winter-kills,tt0080139,1979,English,0,0
winter-on-fire-ukraines-fight-for-freedom,tt4908644,2015,Ukrainian,0,1
winter-sleep,tt2758880,2014,Turkish,0,0
winters-bone,tt1399683,2010,English,0,3
wise-blood,tt0080140,1979,English,0,0
witching-and-bitching,tt2404738,2013,Spanish,0,0
withnail-and-i,tt0094336,1987,English,0,0
witness,tt0090329,1985,English,2,6
wojnarowicz,tt11701838,2020,,0,0
wolf-children,tt2140203,2012,Japanese,0,0
wolf-creek,tt0416315,2005,English,0,0
wolfwalkers,tt5198068,2020,English,0,1
woman-at-war,tt7279188,2018,Ukrainian,0,0
woman-of-the-hour,tt7737800,2023,English,0,0
women-on-the-verge-of-a-nervous-breakdown,tt0095675,1988,Spanish,0,1
women-talking,tt13669038,2022,English,1,1
wonder-woman,tt0451279,2017,English,0,0
wonderstruck,tt5208216,2017,English,0,0
wont-you-be-my-neighbor,tt7681902,2018,English,0,0
woodstock-1970,tt0066580,1970,English,1,2
woodstock-99-peace-love-and-rage,tt15004156,2021,English,0,0
working-girl,tt0096463,1988,English,0,2
working-woman,tt8844204,2018,Hebrew,0,0
world-trade-center,tt0469641,2006,English,0,0
worlds-greatest-dad,tt1262981,2009,English,0,0
wreck-it-ralph,tt1772341,2012,English,0,1
wrinkles,tt1407052,2011,Spanish,0,0
writing-with-fire,tt13630174,2021,Hindi,0,1
written-on-the-wind,tt0049966,1956,English,1,2
wrong-turn,tt0295700,2003,English,0,0
x-2022,tt13560574,2022,Portuguese,0,0
x-men,tt0120903,2000,English,0,0
x-men-days-of-future-past,tt1877832,2014,Vietnamese,0,1
x-men-first-class,tt1270798,2011,English,0,0
x-men-the-last-stand,tt0376994,2006,English,0,0
x2-x-men-united,tt0290334,2003,English,0,0
xxx,tt0295701,2002,English,0,0
xxx-state-of-the-union,tt0329774,2005,English,0,0
y-tu-mama-tambien,tt0245574,2001,Spanish,0,1
yankee-doodle-dandy,tt0035575,1942,English,3,5
year-one,tt1045778,2009,English,0,0
yellow-submarine,tt0063823,1968,English,0,0
yes-2025,tt36667493,2025,Hebrew,0,0
yes-god-yes,tt8949056,2019,English,0,0
yes-man,tt1068680,2008,English,0,0
yi-yi,tt0244316,2000,Standard Taiwanese Mandarin,0,0
yogi-bear,tt1302067,2010,English,0,0
yojimbo,tt0055630,1961,Japanese,0,1
you-again,tt1414382,2010,English,0,0
you-are-not-my-mother,tt10406596,2021,English,0,0
you-are-so-not-invited-to-my-bat-mitzvah!,tt21276878,2023,English,0,0
you-can-count-on-me,tt0203230,2000,English,0,2
you-hurt-my-feelings-2023,tt15771916,2023,English,0,0
you-the-living,tt0445336,2007,Swedish,0,0
you-were-never-really-here,tt5742374,2017,English,0,0
you-will-die-at-twenty,tt9686154,2019,Arabic,0,0
you-will-meet-a-tall-dark-stranger,tt1182350,2010,English,0,0
you-wont-be-alone,tt8296030,2022,Macedonian,0,0
young-adult,tt1625346,2011,English,0,0
young-frankenstein,tt0072431,1974,English,0,2
young-mothers,tt32909489,2025,French,0,0
young-mr-lincoln,tt0032155,1939,English,0,0
your-highness,tt1240982,2011,English,0,0
your-name,tt5311514,2016,Japanese,0,0
your-sisters-sister,tt1742336,2011,English,0,0
youth-hard-times,tt33029373,2024,,0,0
youth-in-revolt,tt0403702,2009,English,0,0
youve-got-mail,tt0128853,1998,English,0,0
yu-gi-oh!-the-movie,tt0403703,2004,Japanese,0,0
z-1969,tt0065234,1969,French,2,3
zama,tt3409848,2017,Spanish,0,0
zappa,tt4881578,2020,English,0,0
zathura-a-space-adventure,tt0406375,2005,English,0,0
zero-dark-thirty,tt1790885,2012,English,0,3
zero-days,tt5446858,2016,English,0,0
zodiac,tt0443706,2007,English,0,0
zodiac-killer-project,tt34965959,2025,English,0,0
zola,tt5439812,2020,English,0,0
zombi-child,tt9056192,2019,French,0,0
zombieland,tt1156398,2009,English,0,0
zookeeper,tt1222817,2011,English,0,0
zoolander,tt0196229,2001,English,0,0
zootopia,tt2948356,2016,English,1,1
zootopia-2,tt26443597,2025,English,0,1
zulu,tt0058777,1964,English,0,0
