id,slug,name
1,a-glauberman,A. Glauberman
2,aa-milne,A.A. Milne
3,aamir-khan,Aamir Khan
4,aapo-penttila,Aapo Penttilä
5,aaron-eckhart,Aaron Eckhart
6,aaron-gain,Aaron Gain
7,aaron-haskell,Aaron Haskell
8,aaron-monaghan,Aaron Monaghan
9,aaron-murphy-2,Aaron Murphy
10,aaron-oneill-2,Aaron O'Neill
11,aaron-sanders,Aaron Sanders
12,aaron-sorkin,Aaron Sorkin
13,aaron-stanford,Aaron Stanford
14,aaron-stockard,Aaron Stockard
15,aaron-taylor-johnson,Aaron Taylor-Johnson
16,aaron-williamson,Aaron Williamson
17,aaron-wolff,Aaron Wolff
18,aasif-mandvi,Aasif Mandvi
19,ab-guthrie-jr,A.B. Guthrie Jr.
20,abbas-alizadeh,Abbas Alizadeh
21,abbas-kiarostami,Abbas Kiarostami
22,abbey-boklan,Abbey Boklan
23,abbey-clements,Abbey Clements
24,abbey-lee,Abbey Lee
25,abbey-lincoln,Abbey Lincoln
26,abbie-cornish,Abbie Cornish
27,abbie-hoffman,Abbie Hoffman
28,abbot-anderson,Abbot Anderson
29,abby-ford,Abby Ford
30,abby-wait,Abby Wait
31,abde-slam-ould-ja,Abde Slam Ould-Ja
32,abdel-raouf-dafri,Abdel Raouf Dafri
33,abdelaziz-alhamza,Abdelaziz Alhamza
34,abdelhafid-metalsi,Abdelhafid Metalsi
35,abdelkader-bouti,Abdelkader Bouti
36,abdellah-amarjouf,Abdellah Amarjouf
37,abdellah-chakiri,Abdellah Chakiri
38,abdellah-moundy,Abdellah Moundy
39,abdellatif-kechiche,Abdellatif Kechiche
40,abderrahim-el-aadili,Abderrahim El Aadili
41,abderrahmane-sissako,Abderrahmane Sissako
42,abdol-rahman-karim,Abdol Rahman Karim
43,abdou-balde,Abdou Balde
44,abdullah-abbas,Abdullah Abbas
45,abdurrahman-tutar,Abdurrahman Tutar
46,abe-simon,Abe Simon
47,abe-vigoda,Abe Vigoda
48,abel-jafri,Abel Jafri
49,abel-perez-2,Abel Perez
50,abel-sanchez,Abel Sánchez
51,abhijat-joshi,Abhijat Joshi
52,abi-morgan,Abi Morgan
53,abigail-breslin,Abigail Breslin
54,abigail-hopkins,Abigail Hopkins
55,abigail-l-dyer,Abigail L. Dyer
56,abner-biberman,Abner Biberman
57,abolfazl-ahankhah,Abolfazl Ahankhah
58,abolfazl-heidari,Abolfazl Heidari
59,aboubakr-bensaihi,Aboubakr Bensaihi
60,abraham-abraham,Abraham Abraham
61,abraham-aronofsky,Abraham Aronofsky
62,abraham-celektar,Abraham Celektar
63,abraham-polonsky,Abraham Polonsky
64,abraham-ulayuruluk,Abraham Ulayuruluk
65,abraxas-adams,Abraxas Adams
66,abril-baltrons,Abril Baltrons
67,abti-karatas,Abti Karatas
68,abu-bakr-al-baghdadi,Abu Bakr Al-Baghdadi
69,ac-mcdonald,A.C. McDonald
70,achille-majeroni,Achille Majeroni
71,achim-schulke,Achim Schülke
72,ada-carrasco,Ada Carrasco
73,ada-nicodemou,Ada Nicodemou
74,ada-tai,Ada Tai
75,ada-vergara-de-solano,Ada Vergara De Solano
76,adam-7,Adam
77,adam-baldwin,Adam Baldwin
78,adam-beauchesne,Adam Beauchesne
79,adam-bolt-2,Adam Bolt
80,adam-bryant,Adam Bryant
81,adam-driver,Adam Driver
82,adam-f-goldberg,Adam F. Goldberg
83,adam-ferency,Adam Ferency
84,adam-goldberg,Adam Goldberg
85,adam-gopnik,Adam Gopnik
86,adam-hann-byrd,Adam Hann-Byrd
87,adam-hollander,Adam Hollander
88,adam-lefevre,Adam LeFevre
89,adam-mars-jones,Adam Mars-Jones
90,adam-mucci,Adam Mucci
91,adam-nelson,Adam Nelson
92,adam-pascal,Adam Pascal
93,adam-paul,Adam Paul
94,adam-philipson,Adam Philipson
95,adam-roarke,Adam Roarke
96,adam-sandler,Adam Sandler
97,adam-schlesinger-2,Adam Schlesinger
98,adam-scott,Adam Scott
99,adam-searle,Adam Searle
100,adam-shapiro-3,Adam Shapiro
101,adam-somner,Adam Somner
102,adam-szyszkowski,Adam Szyszkowski
103,adam-tompa,Ádám Tompa
104,adam-williams,Adam Williams
105,adam-witt-4,Adam Witt
106,adam-woods-2,Adam Woods
107,adam-woronowicz,Adam Woronowicz
108,adama-diallo-tamba,Adama Diallo Tamba
109,adama-niane,Adama Niane
110,ade,Ade
111,adebayo-asabi,Adebayo Asabi
112,adeel-akhtar,Adeel Akhtar
113,adel-bakri,Adel Bakri
114,adel-ben-ayed,Adel Ben Ayed
115,adel-bencherif,Adel Bencherif
116,adel-mahmoud-cherif,Adel Mahmoud Cherif
117,adele-ado,Adèle Ado
118,adele-exarchopoulos,Adèle Exarchopoulos
119,adele-haenel,Adèle Haenel
120,adele-proom,Adele Proom
121,adelfa-calvo,Adelfa Calvo
122,adelina-poerio,Adelina Poerio
123,adeline-ashbury,Adeline Ashbury
124,adepero-oduye,Adepero Oduye
125,adesina-mccoy-babalola,Adesina McCoy Babalola
126,adewale-akinnuoye-agbaje,Adewale Akinnuoye-Agbaje
127,adi-carauleanu,Adi Carauleanu
128,adi-nitzan,Adi Nitzan
129,adi-rukun,Adi Rukun
130,adi-zulkadry,Adi Zulkadry
131,adia-dillon,Adia Dillon
132,adiatou-massudi,Adiatou Massudi
133,adina-cristescu,Adina Cristescu
134,aditya-kumar-3,Aditya Kumar
135,aditya-lakhia,Aditya Lakhia
136,adiz-rajabov,Adiz Rajabov
137,adnan-kundi,Adnan Kundi
138,adodo-emmanuel,Adodo Emmanuel
139,adolfo-fernandez,Adolfo Fernández
140,adolph-caesar,Adolph Caesar
141,adolph-davis,Adolph Davis
142,adolph-green,Adolph Green
143,adolphe-menjou,Adolphe Menjou
144,adria-collado,Adrià Collado
145,adrian-burks,Adrian Burks
146,adrian-chiru,Adrian Chiru
147,adrian-cracraft,Adrian Cracraft
148,adrian-cronauer,Adrian Cronauer
149,adrian-dunbar,Adrian Dunbar
150,adrian-heinisch,Adrian Heinisch
151,adrian-jose-badillo,Adrian Jose Badillo
152,adrian-killian,Adrian Killian
153,adrian-lamana,Adrián Lamana
154,adrian-lyne,Adrian Lyne
155,adrian-m-fenty,Adrian M. Fenty
156,adrian-martinez,Adrian Martinez
157,adrian-mcelwee-2,Adrian McElwee
158,adrian-mcloughlin,Adrian McLoughlin
159,adrian-moore,Adrian Moore
160,adrian-nicolae,Adrian Nicolae
161,adrian-purcarescu,Adrian Purcarescu
162,adrian-rawlins,Adrian Rawlins
163,adrian-ross-magenty,Adrian Ross Magenty
164,adrian-scarborough,Adrian Scarborough
165,adrian-schiller,Adrian Schiller
166,adrian-susanu,Adrian Susanu
167,adriana-aizemberg,Adriana Aizemberg
168,adriana-asti,Adriana Asti
169,adriana-barraza,Adriana Barraza
170,adriana-caselotti,Adriana Caselotti
171,adrianna-biedrzynska,Adrianna Biedrzynska
172,adriano-bolzoni,Adriano Bolzoni
173,adriano-tardiolo,Adriano Tardiolo
174,adriel-flete,Adriel Flete
175,adrien-barazzone,Adrien Barazzone
176,adrien-brody,Adrien Brody
177,adrien-de-van,Adrien de Van
178,adrienne-barbeau,Adrienne Barbeau
179,adrienne-campbell,Adrienne Campbell
180,adrienne-dambricourt,Adrienne D'Ambricourt
181,adrienne-kryor,Adrienne Kryor
182,adrienne-lamping,Adrienne Lamping
183,ae-hotchner,A.E. Hotchner
184,ae-ri-kim,Ae-ri Kim
185,ae-ri-won,Ae-ri Won
186,aeron-macintyre,Aeron Macintyre
187,afemo-omilami,Afemo Omilami
188,afi-okaidja,Afi Okaidja
189,afra,Afra
190,afrodyta-weselak,Afrodyta Weselak
191,afshin-malki,Afshin Malki
192,afssaneh-najmabadi,Afssaneh Najmabadi
193,agame-malembo-emene,Agame Malembo-Emene
194,agape-jerry,Agape Jerry
195,agata-kulesza,Agata Kulesza
196,agata-trzebuchowska,Agata Trzebuchowska
197,agatha-christie,Agatha Christie
198,agathe-natanson,Agathe Natanson
199,agathe-teyssier,Agathe Teyssier
200,agatino-trimarchi,Agatino Trimarchi
201,agenore-incrocci,Agenore Incrocci
202,agnes-brekke,Agnes Brekke
203,agnes-hranitzky,Ágnes Hranitzky
204,agnes-moorehead,Agnes Moorehead
205,agnes-nadene-baddoo,Agnes NaDene Baddoo
206,agnes-varda,Agnès Varda
207,agnes-viala,Agnès Viala
208,agnese-graziani,Agnese Graziani
209,agnese-nano,Agnese Nano
210,agnieszka-holland,Agnieszka Holland
211,agostino-di-giorgio,Agostino Di Giorgio
212,agustin-almodovar,Agustín Almodóvar
213,agustin-gagliardi,Agustín Gagliardi
214,agustin-rodriguez,Agustin Rodriguez
215,agustin-toscano,Agustín Toscano
216,agustina-munoz-2,Agustina Muñoz
217,aharon-ipale,Aharon Ipalé
218,ahcene-nini,Ahcène Nini
219,ahmad-chalabi,Ahmad Chalabi
220,ahmad-kaabour,Ahmad Kaabour
221,ahmad-massad,Ahmad Massad
222,ahmad-mehranfar,Ahmad Mehranfar
223,ahmad-reza-moayed-mohseni,Ahmad Reza Moayed Mohseni
224,ahmed-radwan-mohamed,Ahmed Radwan Mohamed
225,ahmet-rifat-sungar,Ahmet Rifat Sungar
226,ahn-hwitae,Ahn Hwitae
227,ahn-nae-sang,Ahn Nae-sang
228,ahn-seong-bong,Ahn Seong-bong
229,ahna-capri,Ahna Capri
230,ahna-oreilly,Ahna O'Reilly
231,ai-kato,Ai Katô
232,ai-kobayashi,Ai Kobayashi
233,aida-linares,Aida Linares
234,aida-morales,Aída Morales
235,aida-turturro,Aida Turturro
236,aidan-dee,Aidan Dee
237,aidan-devine,Aidan Devine
238,aidan-ohare,Aidan O'Hare
239,aidan-quinn,Aidan Quinn
240,aiden-lithgow,Aiden Lithgow
241,aiden-malik,Aiden Malik
242,aidy-bryant,Aidy Bryant
243,ailidh-mackay,Ailidh Mackay
244,aime-lefevre,Aimé Lefèvre
245,aimee-bruder,Aimee Bruder
246,aimee-gibson,Aimee Gibson
247,aimee-graham,Aimee Graham
248,aimyon,Aimyon
249,aina-walle,Aïna Wallé
250,ainara-vera,Ainara Vera
251,aine-hayden,Aine Hayden
252,ainet-jounou,Ainet Jounou
253,ainhoa-santamaria,Ainhoa Santamaría
254,aisha,Aisha
255,aisha-bukar,Aisha Bukar
256,aisling-dunne,Aisling Dunne
257,aislinn-furlong,Aislinn Furlong
258,aissa-maiga,Aïssa Maïga
259,aitana-sanchez-gijon,Aitana Sánchez-Gijón
260,aiyana-goodfellow,Aiyana Goodfellow
261,aizuddiin-nasser,Aizuddiin Nasser
262,aj-benza,A.J. Benza
263,aj-cook,A.J. Cook
264,aj-quinnell,A.J. Quinnell
265,aj-solari,A.J. Solari
266,aja-monet,Aja Monet
267,ajay-naidu,Ajay Naidu
268,ajil-zibari,Ajil Zibari
269,aju-makita,Aju Makita
270,ak-hangal,A.K. Hangal
271,akachai-aodvieng,Akachai Aodvieng
272,akaji-maro,Akaji Maro
273,ake-fridell,Åke Fridell
274,akemi-fuji,Akemi Fuji
275,akemi-negishi,Akemi Negishi
276,akemi-okamura,Akemi Okamura
277,akemi-yamaguchi,Akemi Yamaguchi
278,akerele-david,Akerele David
279,akhilendra-mishra,Akhilendra Mishra
280,akhilesh-jaiswal,Akhilesh Jaiswal
281,aki-aleong,Aki Aleong
282,aki-asakura,Aki Asakura
283,aki-kaurismaki,Aki Kaurismäki
284,akihiko-hirata,Akihiko Hirata
285,akihiro-miwa,Akihiro Miwa
286,akiji-kobayashi,Akiji Kobayashi
287,akiko-hiramatsu,Akiko Hiramatsu
288,akiko-kawase-2,Akiko Kawase
289,akiko-takeguchi,Akiko Takeguchi
290,akiko-takeshita,Akiko Takeshita
291,akiko-tsuboi,Akiko Tsuboi
292,akiko-yano,Akiko Yano
293,akim-tamiroff,Akim Tamiroff
294,akimasa-ohmori,Akimasa Ohmori
295,akin-aksu,Akin Aksu
296,akin-gazi,Akin Gazi
297,akinola-davies,Akinola Davies
298,akio-mitamura,Akio Mitamura
299,akio-nakadai,Akio Nakadai
300,akio-nakamura,Akio Nakamura
301,akio-otsuka,Akio Ôtsuka
302,akio-satake,Akio Satake
303,akio-suyama,Akio Suyama
304,akio-tanaka,Akio Tanaka
305,akio-yokoyama,Akio Yokoyama
306,akira-emoto,Akira Emoto
307,akira-hamada,Akira Hamada
308,akira-ishida,Akira Ishida
309,akira-ishihama,Akira Ishihama
310,akira-ito-4,Akira Ito
311,akira-kurosawa,Akira Kurosawa
312,akira-nagoya,Akira Nagoya
313,akira-oizumi,Akira Ôizumi
314,akira-otaka,Akira Ôtaka
315,akira-sakamoto,Akira Sakamoto
316,akira-takarada,Akira Takarada
317,akira-tani,Akira Tani
318,akira-terao,Akira Terao
319,akira-yamaguchi,Akira Yamaguchi
320,akitake-kono,Akitake Kôno
321,akiva-goldsman,Akiva Goldsman
322,akiyoshi-sakurai,Akiyoshi Sakurai
323,akiyuki-nosaka,Akiyuki Nosaka
324,akosua-busia,Akosua Busia
325,al-ashton,Al Ashton
326,al-avalon,Al Avalon
327,al-bain,Al Bain
328,al-barlick,Al Barlick
329,al-bernstein-2,Al Bernstein
330,al-berry,Al Berry
331,al-bridge,Al Bridge
332,al-ernest-garcia,Al Ernest Garcia
333,al-fann,Al Fann
334,al-fielder,Al Fielder
335,al-freeman-jr,Al Freeman Jr.
336,al-harrison-2,Al Harrison
337,al-israel,Al Israel
338,al-jean,Al Jean
339,al-leong,Al Leong
340,al-lettieri,Al Lettieri
341,al-leung,Al Leung
342,al-levy,Al Levy
343,al-mancini,Al Mancini
344,al-martino,Al Martino
345,al-matthews,Al Matthews
346,al-mulock,Al Mulock
347,al-nakauchi,Al Nakauchi
348,al-nalbandian,Al Nalbandian
349,al-pacino,Al Pacino
350,al-reinert,Al Reinert
351,al-rodrigo,Al Rodrigo
352,al-scott,Al Scott
353,al-sharpton,Al Sharpton
354,al-silvani,Al Silvani
355,al-thomas,Al Thomas
356,al-victory,Al Victory
357,aladar-laszlo,Aladar Laszlo
358,alain-bouvette,Alain Bouvette
359,alain-cuny,Alain Cuny
360,alain-dekok,Alain Dekok
361,alain-delon,Alain Delon
362,alain-dijon,Alain Dijon
363,alain-eloy,Alain Eloy
364,alain-frerot,Alain Frérot
365,alain-gegenschatz,Alain Gegenschatz
366,alain-guellaff,Alain Guellaff
367,alain-libolt,Alain Libolt
368,alain-mottet,Alain Mottet
369,alain-ollivier,Alain Ollivier
370,alain-payen,Alain Payen
371,alain-prost,Alain Prost
372,alaina-reed-hall,Alaina Reed-Hall
373,alaistair-foley,Alaistair Foley
374,alan-alda,Alan Alda
375,alan-arkin,Alan Arkin
376,alan-ball,Alan Ball
377,alan-barrows,Alan Barrows
378,alan-bates,Alan Bates
379,alan-bennett,Alan Bennett
380,alan-bird,Alan Bird
381,alan-burnett,Alan Burnett
382,alan-campbell,Alan Campbell
383,alan-cumming,Alan Cumming
384,alan-curtis,Alan Curtis
385,alan-david,Alan David
386,alan-dellay,Alan Dellay
387,alan-dershowitz,Alan Dershowitz
388,alan-edward-lewis,Alan Edward Lewis
389,alan-elliott,Alan Elliott
390,alan-gifford,Alan Gifford
391,alan-hale,Alan Hale
392,alan-hersh,Alan Hersh
393,alan-howard,Alan Howard
394,alan-j-pakula,Alan J. Pakula
395,alan-jay-lerner,Alan Jay Lerner
396,alan-keyes,Alan Keyes
397,alan-kim,Alan Kim
398,alan-king,Alan King
399,alan-koss,Alan Koss
400,alan-ladd,Alan Ladd
401,alan-le-may,Alan Le May
402,alan-leeds,Alan Leeds
403,alan-macnaughtan,Alan MacNaughtan
404,alan-mak,Alan Mak
405,alan-mandell,Alan Mandell
406,alan-mezo,Alan Mezo
407,alan-mowbray,Alan Mowbray
408,alan-napier,Alan Napier
409,alan-north,Alan North
410,alan-oke,Alan Oke
411,alan-ormsby,Alan Ormsby
412,alan-parker,Alan Parker
413,alan-polonsky,Alan Polonsky
414,alan-pottinger,Alan Pottinger
415,alan-reed,Alan Reed
416,alan-rickman,Alan Rickman
417,alan-ruck,Alan Ruck
418,alan-schoolcraft,Alan Schoolcraft
419,alan-scott,Alan Scott
420,alan-tilvern,Alan Tilvern
421,alan-tudyk,Alan Tudyk
422,alan-vint,Alan Vint
423,alan-webb,Alan Webb
424,alan-weeks,Alan Weeks
425,alan-welner,Alan Welner
426,alan-white-4,Alan White
427,alan-wilkis,Alan Wilkis
428,alan-young,Alan Young
429,alana-haim,Alana Haim
430,alasdair-gray,Alasdair Gray
431,alastair-siddons,Alastair Siddons
432,alaudin-ullah,Alaudin Ullah
433,alba-gomez,Alba Gómez
434,alba-rohrwacher,Alba Rohrwacher
435,alban-ukaj,Alban Ukaj
436,albano-vucetic,Albano Vucetic
437,albert-austin,Albert Austin
438,albert-bassermann,Albert Bassermann
439,albert-birney,Albert Birney
440,albert-bosch,Albert Bosch
441,albert-brooks,Albert Brooks
442,albert-chevalier,Albert Chevalier
443,albert-daumergue,Albert Daumergue
444,albert-dekker,Albert Dekker
445,albert-delpy,Albert Delpy
446,albert-dumortier,Albert Dumortier
447,albert-dupontel,Albert Dupontel
448,albert-finney,Albert Finney
449,albert-hackett,Albert Hackett
450,albert-hall,Albert Hall
451,albert-heath,Albert Heath
452,albert-henderson,Albert Henderson
453,albert-hughes,Albert Hughes
454,albert-iluz-2,Albert Iluz
455,albert-kwan,Albert Kwan
456,albert-lieven,Albert Lieven
457,albert-maltz,Albert Maltz
458,albert-maysles,Albert Maysles
459,albert-medina,Albert Médina
460,albert-michel,Albert Michel
461,albert-misak,Albert Misak
462,albert-moses,Albert Moses
463,albert-paulsen,Albert Paulsen
464,albert-remy,Albert Rémy
465,albert-serra,Albert Serra
466,albert-simonin,Albert Simonin
467,alberta-watson,Alberta Watson
468,alberto-albani-barbieri,Alberto Albani Barbieri
469,alberto-amador,Alberto Amador
470,alberto-cracco,Alberto Cracco
471,alberto-ferreiro,Alberto Ferreiro
472,alberto-granado,Alberto Granado
473,alberto-lattuada,Alberto Lattuada
474,alberto-moravia,Alberto Moravia
475,alberto-morgan,Alberto Morgan
476,alberto-sordi,Alberto Sordi
477,alberto-vazquez,Alberto Vazquez
478,albie-woodington,Albie Woodington
479,alden-ehrenreich,Alden Ehrenreich
480,aldis-hodge,Aldis Hodge
481,alditz-mckenzie,Alditz McKenzie
482,aldo-berti,Aldo Berti
483,aldo-bonamano,Aldo Bonamano
484,aldo-giuffre,Aldo Giuffrè
485,aldo-nadi,Aldo Nadi
486,aldo-ordonez,Aldo Ordoñez
487,aldo-ralli,Aldo Ralli
488,aldo-rendine,Aldo Rendine
489,aldo-sambrell,Aldo Sambrell
490,aldous-huxley,Aldous Huxley
491,aleandro-florio,Aleandro Florio
492,alec-baldwin,Alec Baldwin
493,alec-clunes,Alec Clunes
494,alec-coppel,Alec Coppel
495,alec-craig,Alec Craig
496,alec-faversham,Alec Faversham
497,alec-guinness,Alec Guinness
498,alec-mccowen,Alec McCowen
499,alec-murphy,Alec Murphy
500,alec-secareanu,Alec Secareanu
501,alec-sokolow,Alec Sokolow
502,alecia-st-leger,Alecia St Leger
503,alecia-svensen,Alecia Svensen
504,aleida-guevara,Aleida Guevara
505,alejandra-moffat,Alejandra Moffat
506,alejandro-abelenda,Alejandro Abelenda
507,alejandro-awada,Alejandro Awada
508,alejandro-barrios-2,Alejandro Barrios
509,alejandro-caballero-ramis,Alejandro Caballero Ramis
510,alejandro-camps,Alejandro Camps
511,alejandro-g-inarritu,Alejandro G. Iñárritu
512,alejandro-huitzil,Alejandro Huitzil
513,aleka-paizi,Aleka Paizi
514,aleksa-palladino,Aleksa Palladino
515,aleksandar-mikic,Aleksandar Mikic
516,aleksander-bardini,Aleksander Bardini
517,aleksander-mincer,Aleksander Mincer
518,aleksandr-antonov,Aleksandr Antonov
519,aleksandr-chaban,Aleksandr Chaban
520,aleksandr-chutko,Aleksandr Chutko
521,aleksandr-filippenko,Aleksandr Filippenko
522,aleksandr-kabanov,Aleksandr Kabanov
523,aleksandr-kaydanovskiy,Aleksandr Kaydanovskiy
524,aleksandr-kuznetsov-3,Aleksandr Kuznetsov
525,aleksandr-levshin,Aleksandr Levshin
526,aleksandr-misharin,Aleksandr Misharin
527,aleksandr-novototskiy-vlasov,Aleksandr Novototskiy-Vlasov
528,aleksandr-pasechny,Aleksandr Pasechny
529,aleksandr-sokurov,Aleksandr Sokurov
530,aleksandra-klebanska,Aleksandra Klebanska
531,aleksandre-khvedelidze,Aleksandre Khvedelidze
532,aleksey-barabash,Aleksey Barabash
533,aleksey-fateev,Aleksey Fateev
534,aleksey-german,Aleksey German
535,aleksey-maslodudov,Aleksey Maslodudov
536,aleksey-proshchikin,Aleksey Proshchikin
537,aleksey-rozin,Aleksey Rozin
538,aleksey-serebryakov,Aleksey Serebryakov
539,aleksey-suknovalov,Aleksey Suknovalov
540,alena-johnston,Alena Johnston
541,ales-putik,Ales Putik
542,alessandra-marquez,Alessandra Marquez
543,alessandro-baricco,Alessandro Baricco
544,alessandro-fabrizi,Alessandro Fabrizi
545,alessandro-haber,Alessandro Haber
546,alessandro-nivola,Alessandro Nivola
547,alessio-boni,Alessio Boni
548,alesya-marokhovskaya,Alesya Marokhovskaya
549,alex-al,Alex Al
550,alex-angulo,Álex Angulo
551,alex-arsenault,Alex Arsenault
552,alex-azar,Alex Azar
553,alex-burns,Alex Burns
554,alex-burrall,Alex Burrall
555,alex-cox,Alex Cox
556,alex-csiki,Alex Csiki
557,alex-d-linz,Alex D. Linz
558,alex-descas,Alex Descas
559,alex-dobrenko,Alex Dobrenko
560,alex-gonzalez-7,Álex González
561,alex-greenwald,Alex Greenwald
562,alex-haley,Alex Haley
563,alex-halpern,Alex Halpern
564,alex-hassell,Alex Hassell
565,alex-hatz,Alex Hatz
566,alex-holliday,Alex Holliday
567,alex-hyde-white,Alex Hyde-White
568,alex-jennings,Alex Jennings
569,alex-jones-2,Alex Jones
570,alex-jordan-4,Alex Jordan
571,alex-karpovsky,Alex Karpovsky
572,alex-kendrick,Alex Kendrick
573,alex-kotlowitz,Alex Kotlowitz
574,alex-kurtzman,Alex Kurtzman
575,alex-m-dascalu,Alex M Dascalu
576,alex-magliaro,Alex Magliaro
577,alex-manette,Alex Manette
578,alex-mcavoy,Alex McAvoy
579,alex-mccrindle,Alex McCrindle
580,alex-mechanik,Alex Mechanik
581,alex-meneses,Alex Meneses
582,alex-nicodim,Alex Nicodim
583,alex-norton,Alex Norton
584,alex-proyas,Alex Proyas
585,alex-r-hibbert,Alex R. Hibbert
586,alex-rafalowicz,Alex Rafalowicz
587,alex-reid-3,Alex Reid
588,alex-robertson-5,Alex Robertson
589,alex-rocco,Alex Rocco
590,alex-sol,Alex Sol
591,alex-uttak,Alex Uttak
592,alex-weir,Alex Weir
593,alex-winter,Alex Winter
594,alex-wolff,Alex Wolff
595,alexander-armstrong,Alexander Armstrong
596,alexander-bacan-chapman,Alexander Bacan Chapman
597,alexander-berkman,Alexander Berkman
598,alexander-beyer,Alexander Beyer
599,alexander-bratt,Alexander Bratt
600,alexander-campbell,Alexander Campbell
601,alexander-darcy,Alexander D'Arcy
602,alexander-dinelaris,Alexander Dinelaris
603,alexander-folk,Alexander Folk
604,alexander-godunov,Alexander Godunov
605,alexander-goebbel,Alexander Goebbel
606,alexander-goodwin,Alexander Goodwin
607,alexander-gould,Alexander Gould
608,alexander-hamilton-2,Alexander Hamilton
609,alexander-ionov,Alexander Ionov
610,alexander-jacobs,Alexander Jacobs
611,alexander-james-blake,Alexander James-Blake
612,alexander-john,Alexander John
613,alexander-karim,Alexander Karim
614,alexander-korda,Alexander Korda
615,alexander-lampone,Alexander Lampone
616,alexander-lockwood,Alexander Lockwood
617,alexander-mackendrick,Alexander Mackendrick
618,alexander-mork-eidem,Alexander Mørk Eidem
619,alexander-nanau,Alexander Nanau
620,alexander-payne,Alexander Payne
621,alexander-rose,Alexander Rose
622,alexander-sasha-welles,Alexander 'Sasha' Welles
623,alexander-scheer,Alexander Scheer
624,alexander-senderovich,Alexander Senderovich
625,alexander-sirotin,Alexander Sirotin
626,alexander-skarsgard,Alexander Skarsgård
627,alexander-suvandjiev,Alexander Suvandjiev
628,alexander-toombs,Alexander Toombs
629,alexander-voronstov,Alexander Voronstov
630,alexander-voulgaris,Alexander Voulgaris
631,alexander-zemeckis,Alexander Zemeckis
632,alexandra-apjarova,Alexandra Apjarova
633,alexandra-bokyun-chun,Alexandra Bokyun Chun
634,alexandra-duah,Alexandra Duah
635,alexandra-maria-lara,Alexandra Maria Lara
636,alexandra-neil,Alexandra Neil
637,alexandra-novelle-2,Alexandra Novelle
638,alexandra-rea-baum,Alexandra Rea-Baum
639,alexandra-riddleston-barrett,Alexandra Riddleston-Barrett
640,alexandra-root,Alexandra Root
641,alexandra-stewart,Alexandra Stewart
642,alexandra-wentworth,Alexandra Wentworth
643,alexandre-alverca,Alexandre Alverca
644,alexandre-dumas,Alexandre Dumas
645,alexandre-mihalesco,Alexandre Mihalesco
646,alexandre-moura,Alexandre Moura
647,alexandre-mrelashvili,Alexandre Mrelashvili
648,alexandre-rignault,Alexandre Rignault
649,alexandre-rodrigues,Alexandre Rodrigues
650,alexandre-tharaud,Alexandre Tharaud
651,alexandre-trauner,Alexandre Trauner
652,alexandre-trocky,Alexandre Trocky
653,alexandre-viakinnou,Alexandre Viakinnou
654,alexandros-mylonas,Alexandros Mylonas
655,alexandru-barladeanu,Alexandru Barladeanu
656,alexandru-beschina,Alexandru Beschina
657,alexandru-fifea,Alexandru Fifea
658,alexandru-papadopol,Alexandru Papadopol
659,alexandru-potocean,Alexandru Potocean
660,alexei-sayle,Alexei Sayle
661,alexia-robinson,Alexia Robinson
662,alexiane-cazenave,Alexiane Cazenave
663,alexis-bledel,Alexis Bledel
664,alexis-cruz,Alexis Cruz
665,alexis-minotis,Alexis Minotis
666,alexis-neblett,Alexis Neblett
667,alexis-pivot,Alexis Pivot
668,alexis-pleus,Alexis Pleus
669,alexis-rodney,Alexis Rodney
670,alexis-smith,Alexis Smith
671,alf-humphreys,Alf Humphreys
672,alfie-allen,Alfie Allen
673,alfie-bass,Alfie Bass
674,alfie-fuller,Alfie Fuller
675,alfonso-arau,Alfonso Arau
676,alfonso-bedoya,Alfonso Bedoya
677,alfonso-cuaron,Alfonso Cuarón
678,alfonso-glenn,Alfonso Glenn
679,alfonso-velazquez,Alfonso Velazquez
680,alfre-woodard,Alfre Woodard
681,alfred-abel,Alfred Abel
682,alfred-block,Alfred Block
683,alfred-gough,Alfred Gough
684,alfred-hartung,Alfred Hartung
685,alfred-hitchcock,Alfred Hitchcock
686,alfred-hsing,Alfred Hsing
687,alfred-jarai,Alfréd Járai
688,alfred-molina,Alfred Molina
689,alfred-sauchelli-jr,Alfred Sauchelli Jr.
690,alfred-vatne,Alfred Vatne
691,alfreda-williams,Alfreda Williams
692,alfredo-castro,Alfredo Castro
693,alfredo-rizzo,Alfredo Rizzo
694,alfredo-santacruz,Alfredo Santacruz
695,alhajji-sharif,Alhajji Sharif
696,alhousseynou-diallo,Alhousseynou Diallo
697,ali-akdeniz,Ali Akdeniz
698,ali-asghar-shahbazi,Ali-Asghar Shahbazi
699,ali-astin,Ali Astin
700,ali-baradari,Ali Baradari
701,ali-fadhil,Ali Fadhil
702,ali-fattahi,Ali Fattahi
703,ali-fazal,Ali Fazal
704,ali-kocaaslan,Ali Kocaaslan
705,ali-marhyar,Ali Marhyar
706,ali-marsh,Ali Marsh
707,ali-mirshekari,Ali Mirshekari
708,ali-mohammed-hamadou,Ali Mohammed Hamadou
709,ali-mosaffa,Ali Mosaffa
710,ali-rastegari,Ali Rastegari
711,ali-reza-naderi,Ali Reza Naderi
712,ali-sam,Ali Sam
713,alia-shawkat,Alia Shawkat
714,alibe-parsons,Alibe Parsons
715,alice-allyn,Alice Allyn
716,alice-bag-band,Alice Bag Band
717,alice-bailey-johnson,Alice Bailey Johnson
718,alice-brady,Alice Brady
719,alice-braga,Alice Braga
720,alice-cadogan,Alice Cadogan
721,alice-carvalho-2,Alice Carvalho
722,alice-davies-2,Alice Davies
723,alice-de-lencquesaing,Alice de Lencquesaing
724,alice-diop,Alice Diop
725,alice-drummond,Alice Drummond
726,alice-englert,Alice Englert
727,alice-feliz,Alice Feliz
728,alice-field,Alice Field
729,alice-garan,Alice Garan
730,alice-ghostley,Alice Ghostley
731,alice-girard-2,Alice Girard
732,alice-ionita,Alice Ionita
733,alice-isaaz,Alice Isaaz
734,alice-krige,Alice Krige
735,alice-marie-crowe,Alice Marie Crowe
736,alice-mcmillan,Alice McMillan
737,alice-munro,Alice Munro
738,alice-rohrwacher,Alice Rohrwacher
739,alice-spivak,Alice Spivak
740,alice-vaughn,Alice Vaughn
741,alice-walker,Alice Walker
742,alicia-alonzo,Alicia Alonzo
743,alicia-carr,Alicia Carr
744,alicia-goranson,Alicia Goranson
745,alicia-rhett,Alicia Rhett
746,alicia-silverstone,Alicia Silverstone
747,alicia-vikander,Alicia Vikander
748,alicia-von-rittberg,Alicia von Rittberg
749,alida-valli,Alida Valli
750,alima-ashton-sheibu,Alima Ashton-Sheibu
751,alimi-ballard,Alimi Ballard
752,alina-berzunteanu,Alina Berzunteanu
753,alina-brace,Alina Brace
754,alina-constantin-2,Alina Constantin
755,alina-wiktorska,Alina Wiktorska
756,aline-kominsky-crumb,Aline Kominsky-Crumb
757,aline-levasseur,Aline Levasseur
758,aline-marta-maia,Aline Marta Maia
759,aline-mowat,Aline Mowat
760,aline-weber,Aline Weber
761,alioth-gutierrez,Alioth Gutiérrez
762,alisa-freyndlikh,Alisa Freyndlikh
763,alisan-porter,Alisan Porter
764,alison-bruce,Alison Bruce
765,alison-claire,Alison Claire
766,alison-crosbie,Alison Crosbie
767,alison-doody,Alison Doody
768,alison-faulk,Alison Faulk
769,alison-folland,Alison Folland
770,alison-lohman,Alison Lohman
771,alison-moir,Alison Moir
772,alison-pill,Alison Pill
773,alison-seebohm,Alison Seebohm
774,alison-steadman,Alison Steadman
775,alison-wachtler,Alison Wachtler
776,alison-whelan,Alison Whelan
777,alison-wiegert,Alison Wiegert
778,alissa-wilms,Alissa Wilms
779,alisson-correa,Alisson Correa
780,alistair-browning,Alistair Browning
781,alistair-findlay,Alistair Findlay
782,alistair-sewell-2,Alistair Sewell
783,alister-mazzotti,Alister Mazzotti
784,alit-sam,Alit Sam
785,alitzah,Alitzah
786,alix-talton,Alix Talton
787,aliye-tuzun,Aliye Tuzun
788,aliza-vitis-shomron,Aliza Vitis-Shomron
789,alize,Alizé
790,aljoscha-stadelmann,Aljoscha Stadelmann
791,alla-bineeva,Alla Bineeva
792,alla-emintseva,Alla Emintseva
793,alla-osipenko,Alla Osipenko
794,alla-tomasheva,Alla Tomasheva
795,alla-tumanian,Alla Tumanian
796,allan-baird,Allan Baird
797,allan-bray,Allan Bray
798,allan-carr,Allan Carr
799,allan-corduner,Allan Corduner
800,allan-dean-moore,Allan Dean Moore
801,allan-edwall,Allan Edwall
802,allan-f-nicholls,Allan F. Nicholls
803,allan-gildea,Allan Gildea
804,allan-graf,Allan Graf
805,allan-hyman,Allan Hyman
806,allan-jones,Allan Jones
807,allan-kent,Allan Kent
808,allan-knee,Allan Knee
809,allan-mitchell,Allan Mitchell
810,allan-rich,Allan Rich
811,allan-scott,Allan Scott
812,allan-scott-2,Allan Scott
813,allegra-fulton,Allegra Fulton
814,allel-el-mouhib,Allel El Mouhib
815,allen-branstein,Allen Branstein
816,allen-danziger,Allen Danziger
817,allen-decheser,Allen DeCheser
818,allen-dulles,Allen Dulles
819,allen-garfield,Allen Garfield
820,allen-ginsberg,Allen Ginsberg
821,allen-hughes,Allen Hughes
822,allen-joseph,Allen Joseph
823,allen-reddy,Allen Reddy
824,allen-zerkin,Allen Zerkin
825,allie-mickelson,Allie Mickelson
826,allie-shapiro,Allie Shapiro
827,allison-janney,Allison Janney
828,allison-twyford,Allison Twyford
829,allison-williams-2,Allison Williams
830,ally-sheedy,Ally Sheedy
831,allyn-joslyn,Allyn Joslyn
832,alma-jodorowsky,Alma Jodorowsky
833,alma-kruger,Alma Kruger
834,alma-lawton-2,Alma Lawton
835,alma-lohr,Alma Löhr
836,alma-poysti,Alma Pöysti
837,alma-reville,Alma Reville
838,alma-stansil,Alma Stansil
839,almira-sessions,Almira Sessions
840,aloise-sauvage,Aloïse Sauvage
841,alonso-ruizpalacios,Alonso Ruizpalacios
842,alonzo-atkins,Alonzo Atkins
843,alonzo-brown,Alonzo Brown
844,alonzo-lewis-2,Alonzo Lewis
845,alpha-robertson,Alpha Robertson
846,alphaeus-green-jr,Alphaeus Green Jr.
847,alun-armstrong,Alun Armstrong
848,alun-owen,Alun Owen
849,alvaro-de-luna,Álvaro de Luna
850,alvaro-guerrero,Álvaro Guerrero
851,alvaro-monje,Álvaro Monje
852,alvaro-vega-2,Álvaro Vega
853,alvin-epstein,Alvin Epstein
854,alvin-sargent,Alvin Sargent
855,alvin-strollo,Alvin Strollo
856,aly-sanon,Aly Sanon
857,alyce-allen,Alyce Allen
858,alyce-passman,Alyce Passman
859,alyque-padamsee,Alyque Padamsee
860,alysia-reiner,Alysia Reiner
861,alyson-feldman,Alyson Feldman
862,alyssa-mckay,Alyssa McKay
863,alzo-slade,Alzo Slade
864,ama-k-abebrese,Ama K. Abebrese
865,amado-arjay-babon,Amado Arjay Babon
866,amado-ramirez,Amado Ramírez
867,amadou-mbow,Amadou Mbow
868,amal-a-sabbagh,Amal A. Sabbagh
869,amalia-kassai,Amalia Kassai
870,amancay-espindola,Amancay Espíndola
871,amanda-blake,Amanda Blake
872,amanda-brugel,Amanda Brugel
873,amanda-davis,Amanda Davis
874,amanda-donohoe,Amanda Donohoe
875,amanda-fairbank-hynes,Amanda Fairbank-Hynes
876,amanda-fairey,Amanda Fairey
877,amanda-fix,Amanda Fix
878,amanda-hadingue,Amanda Hadingue
879,amanda-langlet,Amanda Langlet
880,amanda-plummer,Amanda Plummer
881,amanda-redman,Amanda Redman
882,amanda-roberts-4,Amanda Roberts
883,amanda-ryan,Amanda Ryan
884,amanda-seyfried,Amanda Seyfried
885,amanda-silver,Amanda Silver
886,amanda-warren-3,Amanda Warren
887,amanda-watkins,Amanda Watkins
888,amanda-wyss,Amanda Wyss
889,amandla-stenberg,Amandla Stenberg
890,amangeldi-nurzhanbayev,Amangeldi Nurzhanbayev
891,amara-karan,Amara Karan
892,amara-miller,Amara Miller
893,amarah-jae-st-aubyn,Amarah-Jae St. Aubyn
894,amardeep-jha,Amardeep Jha
895,amari-marshall,Amari Marshall
896,amaris-noelle,Amaris Noelle
897,amaury-bossy,Amaury Bossy
898,amaury-serbulo,Amaury Sérbulo
899,amaya-suarez-diez,Amaya Suarez Diez
900,amber-barbee-pickens,Amber Barbee Pickens
901,amber-benson,Amber Benson
902,amber-brabant,Amber Brabant
903,amber-heard,Amber Heard
904,amber-henry,Amber Henry
905,amber-midthunder,Amber Midthunder
906,amber-tamblyn,Amber Tamblyn
907,amberly-marquard,Amberly Marquard
908,ambika-mod,Ambika Mod
909,ambroise-bia,Ambroise Bia
910,ambrose-barker,Ambrose Barker
911,ambrosia-kelley,Ambrosia Kelley
912,ameena-matthews,Ameena Matthews
913,amelda-brown,Amelda Brown
914,amelia-batchelor,Amelia Batchelor
915,amelia-campbell,Amelia Campbell
916,amelie-barleon,Amelie Barleon
917,amene-moradi,Amene Moradi
918,america-ferrera,America Ferrera
919,amerigo-tot,Amerigo Tot
920,ames-asbell,Ames Asbell
921,ami-ayalon,Ami Ayalon
922,ami-flammer,Ami Flammer
923,ami-tredrea,Ami Tredrea
924,ami-weinberg,Ami Weinberg
925,amie-huguenard,Amie Huguenard
926,amiee-conn,Amiee Conn
927,amilcar-ramirez,Amilcar Ramírez
928,amin-balavizade,Amin Balavizade
929,amin-hajee,Amin Hajee
930,amin-nawabi,Amin Nawabi
931,amin-simiar,Amin Simiar
932,amina-maher,Amina Maher
933,amina-robinson,Amina Robinson
934,aminata-dao,Aminata Dao
935,aminata-kane,Aminata Kane
936,amine-benzenine,Amine Benzenine
937,amir-ali-said,Amir Ali Said
938,amir-bar-lev,Amir Bar-Lev
939,amir-davari,Amir Davari
940,amir-hasan,Amir Hasan
941,amir-hossein-rezaee,Amir Hossein Rezaee
942,amir-siahaan,Amir Siahaan
943,amir-youssefi,Amir Youssefi
944,amira-casar,Amira Casar
945,amit-narovliansky,Amit Narovliansky
946,amitai-kedar,Amitai Kedar
947,amos-j-machanic,Amos J. Machanic
948,amos-lavi,Amos Lavi
949,amour-amoussouvikpo,Amour Amoussouvikpo
950,amrish-puri,Amrish Puri
951,amrita-david,Amrita David
952,amy-adams,Amy Adams
953,amy-aquino,Amy Aquino
954,amy-berg-2,Amy Berg
955,amy-birnbaum,Amy Birnbaum
956,amy-booth-steel,Amy Booth-Steel
957,amy-brenneman,Amy Brenneman
958,amy-brooks,Amy Brooks
959,amy-cunningham,Amy Cunningham
960,amy-davidson-sorkin,Amy Davidson Sorkin
961,amy-dawson,Amy Dawson
962,amy-douglass,Amy Douglass
963,amy-falcone,Amy Falcone
964,amy-ferguson,Amy Ferguson
965,amy-forsyth,Amy Forsyth
966,amy-grabow,Amy Grabow
967,amy-hargreaves,Amy Hargreaves
968,amy-heckerling,Amy Heckerling
969,amy-hill,Amy Hill
970,amy-irving,Amy Irving
971,amy-landecker,Amy Landecker
972,amy-lawrence,Amy Lawrence
973,amy-levitt,Amy Levitt
974,amy-lynne-berger,Amy Lynne Berger
975,amy-madigan,Amy Madigan
976,amy-marie-murphy,Amy Marie Murphy
977,amy-morton,Amy Morton
978,amy-poehler,Amy Poehler
979,amy-robinson,Amy Robinson
980,amy-ryan,Amy Ryan
981,amy-smart,Amy Smart
982,amy-srebnick,Amy Srebnick
983,amy-stiller,Amy Stiller
984,amy-taubin,Amy Taubin
985,amy-tribbey,Amy Tribbey
986,amy-warner-2,Amy Warner
987,amy-warren-2,Amy Warren
988,amy-winehouse,Amy Winehouse
989,amy-wright,Amy Wright
990,amy-yasbeck,Amy Yasbeck
991,amy-zimmer,Amy Zimmer
992,ana-aslan,Ana Aslan
993,ana-fernandez,Ana Fernández
994,ana-foxxx,Ana Foxxx
995,ana-gasteyer,Ana Gasteyer
996,ana-gerena,Ana Gerena
997,ana-hoffman,Ana Hoffman
998,ana-laura-rodriguez,Ana Laura Rodríguez
999,ana-lopez-mercado,Ana López Mercado
1000,ana-maldonado-herreria,Ana Maldonado Herreria
1001,ana-maria-4,Ana María
1002,ana-maria-acosta,Ana Maria Acosta
1003,ana-maria-araque-restrepo,Ana Maria Araque Restrepo
1004,ana-maria-martinez-2,Ana María Martinez
1005,ana-maria-stegaru,Ana Maria Stegaru
1006,ana-mena,Ana Mena
1007,ana-nieto-de-gamboa,Ana Nieto De Gamboa
1008,ana-nikolava,Ana Nikolava
1009,ana-peleteiro,Ana Peleteiro
1010,ana-reeder,Ana Reeder
1011,ana-torrent,Ana Torrent
1012,ana-turturica,Ana Turturica
1013,anabel-graetz,Anabel Graetz
1014,anais-rizzo,Anaïs Rizzo
1015,anamaria-marinca,Anamaria Marinca
1016,anamaria-vartolomei,Anamaria Vartolomei
1017,anand-sami,Anand Sami
1018,anas-aremeyaw-anas,Anas Aremeyaw Anas
1019,anastasia-cherepakha,Anastasia Cherepakha
1020,anastasia-dymitrow,Anastasia Dymitrow
1021,anastasia-webb,Anastasia Webb
1022,anastasiya-sapozhnikova,Anastasiya Sapozhnikova
1023,anastasiya-stezhko,Anastasiya Stezhko
1024,anastazja-drobniak,Anastazja Drobniak
1025,anatoli-nikiforov,Anatoli Nikiforov
1026,anatoliy-solonitsyn,Anatoliy Solonitsyn
1027,anatoly-m-sagalevitch,Anatoly M. Sagalevitch
1028,anca-hotnog,Anca Hotnog
1029,ancel-cook,Ancel Cook
1030,anders-danielsen-lie,Anders Danielsen Lie
1031,anders-ek,Anders Ek
1032,anders-hellstrom,Anders Hellström
1033,anders-olof-grundberg,Anders Olof Grundberg
1034,anders-t-andersen,Anders T. Andersen
1035,anders-t-peedu,Anders T. Peedu
1036,anders-thomas-jensen,Anders Thomas Jensen
1037,andi-vasluianu,Andi Vasluianu
1038,andie-macdowell,Andie MacDowell
1039,andras-fekete,András Fekete
1040,andras-m-kecskes,András M. Kecskés
1041,andras-szarvas,András Szarvas
1042,andre-3000,André 3000
1043,andre-aciman,André Aciman
1044,andre-berley,André Berley
1045,andre-braugher,Andre Braugher
1046,andre-dalibert,André Dalibert
1047,andre-de-toth,André De Toth
1048,andre-dewavrin,André Dewavrin
1049,andre-dubois-2,André Dubois
1050,andre-dubus,Andre Dubus
1051,andre-dubus-iii,Andre Dubus III
1052,andre-dussollier,André Dussollier
1053,andre-ekyan,André Ekyan
1054,andre-ernotte,André Ernotte
1055,andre-freitas-2,André Freitas
1056,andre-fuentes,André Fuentes
1057,andre-gregory,Andre Gregory
1058,andre-hennicke,André Hennicke
1059,andre-holland,André Holland
1060,andre-lubrano,André Lubrano
1061,andre-marcon,André Marcon
1062,andre-morell,André Morell
1063,andre-myers,Andre Myers
1064,andre-nemec,André Nemec
1065,andre-oumansky,André Oumansky
1066,andre-penvern,André Penvern
1067,andre-rene-roussimoff,André René Roussimoff
1068,andre-s-labarthe,André S. Labarthe
1069,andre-salgues,André Salgues
1070,andre-singer,André Singer
1071,andre-techine,André Téchiné
1072,andre-thorent,André Thorent
1073,andrea-albuquerque,Andréa Albuquerque
1074,andrea-boerries,Andrea Boerries
1075,andrea-braein-hovig,Andrea Bræin Hovig
1076,andrea-corr,Andrea Corr
1077,andrea-eckert,Andrea Eckert
1078,andrea-frankle,Andrea Frankle
1079,andrea-garrote,Andrea Garrote
1080,andrea-kathrin-loewig,Andrea Kathrin Loewig
1081,andrea-laurenzi,Andrea Laurenzi
1082,andrea-linsky,Andrea Linsky
1083,andrea-lopez-9,Andrea López
1084,andrea-marsanich,Andrea Marsanich
1085,andrea-martin,Andrea Martin
1086,andrea-munford,Andrea Munford
1087,andrea-reinke,Andrea Reinke
1088,andrea-riseborough,Andrea Riseborough
1089,andrea-rosa-2,Andrea Rosa
1090,andrea-suarez-paz,Andrea Suarez Paz
1091,andrea-tidona,Andrea Tidona
1092,andreas-fontana,Andreas Fontana
1093,andreas-katsulas,Andreas Katsulas
1094,andreas-lust,Andreas Lust
1095,andreas-patton,Andreas Patton
1096,andreas-petri,Andreas Petri
1097,andreas-stoltenberg-granerud,Andreas Stoltenberg Granerud
1098,andreas-voutsinas,Andréas Voutsinas
1099,andreas-wisniewski,Andreas Wisniewski
1100,andree-bernard,Andrée Bernard
1101,andree-blouin,Andrée Blouin
1102,andree-damant,Andrée Damant
1103,andree-tainsy,Andrée Tainsy
1104,andree-vilar,Andrée Vilar
1105,andrei-chagas,Andrei Chagas
1106,andrei-galut,Andrei Galut
1107,andrei-korzhenevsky,Andrei Korzhenevsky
1108,andrei-tarkovsky,Andrei Tarkovsky
1109,andrei-ujica,Andrei Ujica
1110,andrejs-zeiliss,Andrejs Zeiliss
1111,andres-almeida,Andrés Almeida
1112,andres-garcia-jr,Andrés García Jr.
1113,andres-gertrudix,Andrés Gertrúdix
1114,andres-heinz,Andres Heinz
1115,andres-mejuto,Andrés Mejuto
1116,andres-roca-rey,Andrés Roca Rey
1117,andres-vicente-gomez,Andrés Vicente Gómez
1118,andrew-ackerman,Andrew Ackerman
1119,andrew-adamson,Andrew Adamson
1120,andrew-airlie,Andrew Airlie
1121,andrew-benne,Andrew Benne
1122,andrew-bennett,Andrew Bennett
1123,andrew-blackett,Andrew Blackett
1124,andrew-brackfield,Andrew Brackfield
1125,andrew-brooke,Andrew Brooke
1126,andrew-bryniarski,Andrew Bryniarski
1127,andrew-bujalski,Andrew Bujalski
1128,andrew-burnley,Andrew Burnley
1129,andrew-campbell-9,Andrew Campbell
1130,andrew-cazanave-pin,Andrew Cazanave Pin
1131,andrew-chavez,Andrew Chavez
1132,andrew-cruickshank,Andrew Cruickshank
1133,andrew-d-scoggins,Andrew D. Scoggins
1134,andrew-davis,Andrew Davis
1135,andrew-dice-clay,Andrew Dice Clay
1136,andrew-dominik,Andrew Dominik
1137,andrew-dougherty,Andrew Dougherty
1138,andrew-duncan-hinojosa,Andrew Duncan Hinojosa
1139,andrew-dunford,Andrew Dunford
1140,andrew-ellis-3,Andrew Ellis
1141,andrew-farago,Andrew Farago
1142,andrew-faulds,Andrew Faulds
1143,andrew-gallagher,Andrew Gallagher
1144,andrew-garfield,Andrew Garfield
1145,andrew-haigh,Andrew Haigh
1146,andrew-havill,Andrew Havill
1147,andrew-ingersoll,Andrew Ingersoll
1148,andrew-jarecki,Andrew Jarecki
1149,andrew-keegan,Andrew Keegan
1150,andrew-kevin-walker,Andrew Kevin Walker
1151,andrew-koponen,Andrew Koponen
1152,andrew-lau,Andrew Lau
1153,andrew-livingston,Andrew Livingston
1154,andrew-maclachlan,Andrew MacLachlan
1155,andrew-mcnee,Andrew McNee
1156,andrew-moodie,Andrew Moodie
1157,andrew-neiderman,Andrew Neiderman
1158,andrew-niccol,Andrew Niccol
1159,andrew-robinson,Andrew Robinson
1160,andrew-romano,Andrew Romano
1161,andrew-roussouw,Andrew Roussouw
1162,andrew-s-lentz,Andrew S. Lentz
1163,andrew-scheinman,Andrew Scheinman
1164,andrew-schofield,Andrew Schofield
1165,andrew-scott,Andrew Scott
1166,andrew-sheng,Andrew Sheng
1167,andrew-sheridan,Andrew Sheridan
1168,andrew-shim,Andrew Shim
1169,andrew-simpson-5,Andrew Simpson
1170,andrew-st-clair,Andrew St. Clair
1171,andrew-stanton,Andrew Stanton
1172,andrew-villarreal-2,Andrew Villarreal
1173,andrew-wale,Andrew Wale
1174,andrew-wilson-2,Andrew Wilson
1175,andrey-fayt,Andrey Fayt
1176,andrey-isaev-2,Andrey Isaev
1177,andrey-smirnov,Andrey Smirnov
1178,andrey-sumin,Andrey Sumin
1179,andrey-zvyagintsev,Andrey Zvyagintsev
1180,andri-snaer-magnason,Andri Snær Magnason
1181,andris-keiss,Andris Keiss
1182,andriy-rymaruk,Andriy Rymaruk
1183,andrzej-lubieniecki,Andrzej Lubieniecki
1184,andrzej-seweryn,Andrzej Seweryn
1185,andrzej-zulawski,Andrzej Zulawski
1186,andy-albin,Andy Albin
1187,andy-aldrin,Andy Aldrin
1188,andy-arness,Andy Arness
1189,andy-bale,Andy Bale
1190,andy-beckwith,Andy Beckwith
1191,andy-bienen,Andy Bienen
1192,andy-buckley-2,Andy Buckley
1193,andy-cohn,Andy Cohn
1194,andy-cortes,Andy Cortés
1195,andy-devine,Andy Devine
1196,andy-garcia,Andy Garcia
1197,andy-gathergood,Andy Gathergood
1198,andy-gershenzon,Andy Gershenzon
1199,andy-lau,Andy Lau
1200,andy-lucas,Andy Lucas
1201,andy-mcqueen,Andy McQueen
1202,andy-morrow,Andy Morrow
1203,andy-rolfes,Andy Rolfes
1204,andy-samberg,Andy Samberg
1205,andy-san-dimas,Andy San Dimas
1206,andy-serkis,Andy Serkis
1207,anesha-bailey,Anesha Bailey
1208,anette-daugardt,Anette Daugardt
1209,anette-niro,Anette Niro
1210,anette-stovelbaek,Anette Støvelbæk
1211,aneurin-barnard,Aneurin Barnard
1212,ang-lee,Ang Lee
1213,angel-david,Angel David
1214,angel-del-pozo,Ángel del Pozo
1215,angel-salazar,Ángel Salazar
1216,angel-schmiedt,Angel Schmiedt
1217,angel-thomas-2,Angel Thomas
1218,angela-azevedo,Ângela Azevedo
1219,angela-bassett,Angela Bassett
1220,angela-bettis,Angela Bettis
1221,angela-burnett,Angela Burnett
1222,angela-curran,Angela Curran
1223,angela-decorte,Angela DeCorte
1224,angela-goethals,Angela Goethals
1225,angela-hall,Angela Hall
1226,angela-landis,Angela Landis
1227,angela-lansbury,Angela Lansbury
1228,angela-lindvall,Angela Lindvall
1229,angela-mao,Angela Mao
1230,angela-mcewan,Angela McEwan
1231,angela-means,Angela Means
1232,angela-moore,Angela Moore
1233,angela-paton,Angela Paton
1234,angela-patton,Angela Patton
1235,angela-paula-stander,Angela Paula Stander
1236,angela-pietropinto,Angela Pietropinto
1237,angela-ponos,Angela Ponos
1238,angela-povilaitis,Angela Povilaitis
1239,angela-preda,Angela Preda
1240,angela-reyes,Angela Reyes
1241,angela-taureci,Angela Taureci
1242,angela-walsh,Angela Walsh
1243,angeli-bayani,Angeli Bayani
1244,angelic-zambrana,Angelic Zambrana
1245,angelica-nicole-cabutotan,Angelica Nicole Cabutotan
1246,angelica-page,Angelica Page
1247,angelica-sancio,Angélica Sancio
1248,angelika-koch,Angelika Koch
1249,angeliki-papoulia,Angeliki Papoulia
1250,angelina-estrada,Angelina Estrada
1251,angelina-jolie,Angelina Jolie
1252,angelina-pelaez,Angelina Peláez
1253,angelique-banks,Angelique Banks
1254,angelita-nelson,Angelita Nelson
1255,angelo-badalamenti,Angelo Badalamenti
1256,angelo-barbagallo,Angelo Barbagallo
1257,angelo-dessy,Angelo Dessy
1258,angelo-grisanti,Angelo Grisanti
1259,angelo-massagli,Angelo Massagli
1260,angelo-novi,Angelo Novi
1261,angelyna-martinez-boyd,Angelyna Martinez-Boyd
1262,angie-dickinson,Angie Dickinson
1263,angie-marino-smith,Angie Marino-Smith
1264,angie-swan,Angie Swan
1265,angus-barnett,Angus Barnett
1266,angus-lennie,Angus Lennie
1267,angus-macfadyen,Angus Macfadyen
1268,angus-macinnes,Angus MacInnes
1269,angus-maclachlan,Angus MacLachlan
1270,angus-macphail,Angus MacPhail
1271,angus-sampson,Angus Sampson
1272,anh-chinh,Anh Chinh
1273,anh-hung-tran,Anh Hung Tran
1274,anh-nguyen-3,Anh Nguyen
1275,anh-son-tan-van-phu,Anh Son-Tan Van Phu
1276,ani-nelson,Ani Nelson
1277,anika-noni-rose,Anika Noni Rose
1278,anil-durgun,Anil Durgun
1279,anil-kapoor,Anil Kapoor
1280,anil-paija,Anil Paija
1281,anish-gandharba,Anish Gandharba
1282,anita-ekberg,Anita Ekberg
1283,anita-gillette,Anita Gillette
1284,anita-lasker-wallfisch,Anita Lasker-Wallfisch
1285,anita-loos,Anita Loos
1286,anita-white,Anita White
1287,aniya-picou,Aniya Picou
1288,anjanette-albert,Anjanette Albert
1289,anjelica-huston,Anjelica Huston
1290,ann-biderman,Ann Biderman
1291,ann-blyth,Ann Blyth
1292,ann-bowen,Ann Bowen
1293,ann-clery,Ann Clery
1294,ann-cupolo-freeman,Ann Cupolo Freeman
1295,ann-cusack,Ann Cusack
1296,ann-dere,Ann Dere
1297,ann-doran,Ann Doran
1298,ann-dowd,Ann Dowd
1299,ann-dvorak,Ann Dvorak
1300,ann-e-todd,Ann E. Todd
1301,ann-elsley,Ann Elsley
1302,ann-firbank,Ann Firbank
1303,ann-gillis,Ann Gillis
1304,ann-green-2,Ann Green
1305,ann-harada,Ann Harada
1306,ann-heffernan,Ann Heffernan
1307,ann-kelly,Ann Kelly
1308,ann-leuvoy,Ann LeuVoy
1309,ann-marie-wiman,Ann-Marie Wiman
1310,ann-michod,Ann Michôd
1311,ann-miller,Ann Miller
1312,ann-northrop,Ann Northrop
1313,ann-osmond,Ann Osmond
1314,ann-peacock,Ann Peacock
1315,ann-prentiss,Ann Prentiss
1316,ann-rebbot,Ann Rebbot
1317,ann-robinson,Ann Robinson
1318,ann-rutherford,Ann Rutherford
1319,ann-rye,Ann Rye
1320,ann-ryerson,Ann Ryerson
1321,ann-sears,Ann Sears
1322,ann-shirley,Ann Shirley
1323,ann-sofie-rase,Ann-Sofie Rase
1324,ann-talman,Ann Talman
1325,ann-valone,Ann Valone
1326,anna-aleksakhina,Anna Aleksakhina
1327,anna-audia,Anna Audia
1328,anna-bethke,Anna Bethke
1329,anna-bianchi,Anna Bianchi
1330,anna-boden,Anna Boden
1331,anna-botting,Anna Botting
1332,anna-broinowski,Anna Broinowski
1333,anna-camp,Anna Camp
1334,anna-chazelle,Anna Chazelle
1335,anna-chlumsky,Anna Chlumsky
1336,anna-cifuentes,Anna Cifuentes
1337,anna-cordell,Anna Cordell
1338,anna-de-linsky,Anna De Linsky
1339,anna-deavere-smith,Anna Deavere Smith
1340,anna-della-rosa,Anna Della Rosa
1341,anna-douking,Anna Douking
1342,anna-faris,Anna Faris
1343,anna-grzeszczak,Anna Grzeszczak
1344,anna-hamilton-phelan,Anna Hamilton Phelan
1345,anna-heinz,Anna Heinz
1346,anna-kalaitzidou,Anna Kalaitzidou
1347,anna-karina,Anna Karina
1348,anna-kashfi,Anna Kashfi
1349,anna-katarina,Anna Katarina
1350,anna-kendrick,Anna Kendrick
1351,anna-lee,Anna Lee
1352,anna-lois-lynn-gilbert,Anna' Lois Lynn Gilbert
1353,anna-longhi,Anna Longhi
1354,anna-madeley,Anna Madeley
1355,anna-maria-bottini,Anna Maria Bottini
1356,anna-maria-horsford,Anna Maria Horsford
1357,anna-massey,Anna Massey
1358,anna-may-wong,Anna May Wong
1359,anna-mouglalis,Anna Mouglalis
1360,anna-mucha,Anna Mucha
1361,anna-nakagawa,Anna Nakagawa
1362,anna-nemzer,Anna Nemzer
1363,anna-otin,Anna Otin
1364,anna-paquin,Anna Paquin
1365,anna-polony,Anna Polony
1366,anna-popplewell,Anna Popplewell
1367,anna-q-nilsson,Anna Q. Nilsson
1368,anna-quayle,Anna Quayle
1369,anna-rose-holmer,Anna Rose Holmer
1370,anna-rose-hopkins,Anna Rose Hopkins
1371,anna-rydgren-2,Anna Rydgren
1372,anna-sandilands,Anna Sandilands
1373,anna-sarnelli,Anna Sarnelli
1374,anna-sigalevitch,Anna Sigalevitch
1375,anna-slotky,Anna Slotky
1376,anna-tetuaveroa,Anna Tetuaveroa
1377,anna-thomson,Anna Thomson
1378,anna-ukolova,Anna Ukolova
1379,anna-zagorska-2,Anna Zagórska
1380,annabel-kershaw,Annabel Kershaw
1381,annabella-sciorra,Annabella Sciorra
1382,annabelle-dexter-jones,Annabelle Dexter-Jones
1383,annasophia-robb,AnnaSophia Robb
1384,annatina-miescher,Annatina Miescher
1385,anne-alvaro,Anne Alvaro
1386,anne-archer,Anne Archer
1387,anne-bancroft,Anne Bancroft
1388,anne-baxter,Anne Baxter
1389,anne-beesley,Anne Beesley
1390,anne-bellamy,Anne Bellamy
1391,anne-berest,Anne Berest
1392,anne-bobby,Anne Bobby
1393,anne-byrne-hoffman,Anne Byrne Hoffman
1394,anne-coesens,Anne Coesens
1395,anne-consigny,Anne Consigny
1396,anne-darling,Anne Darling
1397,anne-day-jones,Anne Day-Jones
1398,anne-dortu,Anne Dortu
1399,anne-dorval,Anne Dorval
1400,anne-dyson,Anne Dyson
1401,anne-fine,Anne Fine
1402,anne-flanagan,Anne Flanagan
1403,anne-francis,Anne Francis
1404,anne-gerard,Anne Gerard
1405,anne-haney,Anne Haney
1406,anne-hathaway,Anne Hathaway
1407,anne-heche,Anne Heche
1408,anne-joyce,Anne Joyce
1409,anne-jyono,Anne Jyono
1410,anne-lambton,Anne Lambton
1411,anne-lange-2,Anne Lange
1412,anne-laure-brasey,Anne-Laure Brasey
1413,anne-laure-manceau,Anne-Laure Manceau
1414,anne-lindblom,Anne Lindblom
1415,anne-lise-heimburger,Anne-Lise Heimburger
1416,anne-loiret,Anne Loiret
1417,anne-marie-barwell,Anne-Marie Barwell
1418,anne-marie-deschodt,Anne-Marie Deschodt
1419,anne-marie-loop,Anne-Marie Loop
1420,anne-marion-de-cayeux,Anne-Marion de Cayeux
1421,anne-mayen,Anne Mayen
1422,anne-meara,Anne Meara
1423,anne-newman-bacal,Anne Newman Bacal
1424,anne-pascale-clairembourg,Anne-Pascale Clairembourg
1425,anne-ramsay,Anne Ramsay
1426,anne-rice,Anne Rice
1427,anne-rosellini,Anne Rosellini
1428,anne-rotger,Anne Rotger
1429,anne-tait,Anne Tait
1430,anne-theurillat,Anne Theurillat
1431,anne-vernon,Anne Vernon
1432,anne-waldman,Anne Waldman
1433,anne-wiazemsky,Anne Wiazemsky
1434,annea-lockwood,Annea Lockwood
1435,anneleen-cooreman,Anneleen Cooreman
1436,annemarie-schleinzer,Annemarie Schleinzer
1437,annette-bening,Annette Bening
1438,annette-closset,Annette Closset
1439,annette-faure,Annette Faure
1440,annette-hanshaw,Annette Hanshaw
1441,annette-webb,Annette Webb
1442,anni-finsterer,Anni Finsterer
1443,anni-kristiina-juuso,Anni-Kristiina Juuso
1444,annibale-de-luca,Annibale De Luca
1445,annibale-ninchi,Annibale Ninchi
1446,annie-allix,Annie Allix
1447,annie-batten,Annie Batten
1448,annie-corley,Annie Corley
1449,annie-del-moro,Annie Del Moro
1450,annie-ernaux,Annie Ernaux
1451,annie-girardot,Annie Girardot
1452,annie-graeme-larkin,Annie Graeme-Larkin
1453,annie-leon,Annie Leon
1454,annie-louise-ross,Annie Louise Ross
1455,annie-mcenroe,Annie McEnroe
1456,annie-miller,Annie Miller
1457,annie-potts,Annie Potts
1458,annie-proulx,Annie Proulx
1459,annie-tippe,Annie Tippe
1460,annie-whittle,Annie Whittle
1461,annika-hallin,Annika Hallin
1462,annmarie-fulton,Annmarie Fulton
1463,annunziata-capretto,Annunziata Capretto
1464,anny-hintze,Anny Hintze
1465,anny-nelsen,Anny Nelsen
1466,annyce-holzman,Annyce Holzman
1467,anong-houngheuangsy,Anong Houngheuangsy
1468,anonymous-13,Anonymous
1469,anonymous-14,Anonymous
1470,anonymous-9,Anonymous
1471,anouk-aimee,Anouk Aimée
1472,anouk-buron,Anouk Buron
1473,anouk-feral,Anouk Feral
1474,anouk-servera,Anouk Servera
1475,anri-katsu,Anri Katsu
1476,ansel-elgort,Ansel Elgort
1477,anson-downes,Anson Downes
1478,antef-a-harris,Antef A. Harris
1479,anthony-a-flamminio,Anthony A. Flamminio
1480,anthony-ahern,Anthony Ahern
1481,anthony-alessandro,Anthony Alessandro
1482,anthony-allen,Anthony Allen
1483,anthony-allgood,Anthony Allgood
1484,anthony-anderson,Anthony Anderson
1485,anthony-bolognese,Anthony Bolognese
1486,anthony-brophy,Anthony Brophy
1487,anthony-calf,Anthony Calf
1488,anthony-caruso,Anthony Caruso
1489,anthony-chau-sang-wong,Anthony Chau-Sang Wong
1490,anthony-chen,Anthony Chen
1491,anthony-chinn,Anthony Chinn
1492,anthony-crawford,Anthony Crawford
1493,anthony-cross-thomas,Anthony Cross-Thomas
1494,anthony-daniels,Anthony Daniels
1495,anthony-dawson,Anthony Dawson
1496,anthony-de-marco,Anthony De Marco
1497,anthony-desimone,Anthony DeSimone
1498,anthony-desio,Anthony Desio
1499,anthony-disabatino,Anthony DiSabatino
1500,anthony-e-pratt,Anthony E. Pratt
1501,anthony-edwards,Anthony Edwards
1502,anthony-estrella,Anthony Estrella
1503,anthony-eustrel,Anthony Eustrel
1504,anthony-fauci,Anthony Fauci
1505,anthony-gardell,Anthony Gardell
1506,anthony-geary,Anthony Geary
1507,anthony-gordon,Anthony Gordon
1508,anthony-green,Anthony Green
1509,anthony-hamblin,Anthony Hamblin
1510,anthony-havelock-allan,Anthony Havelock-Allan
1511,anthony-heald,Anthony Heald
1512,anthony-higgins,Anthony Higgins
1513,anthony-hines,Anthony Hines
1514,anthony-holland,Anthony Holland
1515,anthony-holles,Anthony Holles
1516,anthony-hopkins,Anthony Hopkins
1517,anthony-james,Anthony James
1518,anthony-johnson,Anthony Johnson
1519,anthony-kiedis,Anthony Kiedis
1520,anthony-mackie,Anthony Mackie
1521,anthony-marx,Anthony Marx
1522,anthony-michael-hall,Anthony Michael Hall
1523,anthony-milner,Anthony Milner
1524,anthony-minghella,Anthony Minghella
1525,anthony-morris-5,Anthony Morris
1526,anthony-nicholls,Anthony Nicholls
1527,anthony-odonnell,Anthony O'Donnell
1528,anthony-okungbowa,Anthony Okungbowa
1529,anthony-peck,Anthony Peck
1530,anthony-peckham,Anthony Peckham
1531,anthony-perkins,Anthony Perkins
1532,anthony-quayle,Anthony Quayle
1533,anthony-quinn,Anthony Quinn
1534,anthony-ramos-3,Anthony Ramos
1535,anthony-rapp,Anthony Rapp
1536,anthony-ray,Anthony Ray
1537,anthony-ray-parker,Anthony Ray Parker
1538,anthony-ross,Anthony Ross
1539,anthony-ruivivar,Anthony Ruivivar
1540,anthony-scooter-teague,Anthony 'Scooter' Teague
1541,anthony-sgeugloi,Anthony Sgeugloi
1542,anthony-shaffer,Anthony Shaffer
1543,anthony-smee,Anthony Smee
1544,anthony-stuart,Anthony Stuart
1545,anthony-tambakis,Anthony Tambakis
1546,anthony-thomas-3,Anthony Thomas
1547,anthony-veiller,Anthony Veiller
1548,anthony-welsh,Anthony Welsh
1549,anthony-williams-12,Anthony Williams
1550,anthony-wise,Anthony Wise
1551,anthony-zerbe,Anthony Zerbe
1552,antoaneta-opris,Antoaneta Opris
1553,antoine-balaban,Antoine Balaban
1554,antoine-basler,Antoine Basler
1555,antoine-bourseiller,Antoine Bourseiller
1556,antoine-bueno,Antoine Buéno
1557,antoine-bui,Antoine Bui
1558,antoine-chappey,Antoine Chappey
1559,antoine-duhamel,Antoine Duhamel
1560,antoine-fuqua,Antoine Fuqua
1561,antoine-galland,Antoine Galland
1562,antoine-reinartz,Antoine Reinartz
1563,antoinette-crowe-legacy,Antoinette Crowe-Legacy
1564,anton-bitter,Anton Bitter
1565,anton-chekhov,Anton Chekhov
1566,anton-corbijn,Anton Corbijn
1567,anton-rodgers,Anton Rodgers
1568,anton-von-lucke,Anton von Lucke
1569,anton-walbrook,Anton Walbrook
1570,anton-yelchin,Anton Yelchin
1571,antonella-attili,Antonella Attili
1572,antonia-bennett,Antonia Bennett
1573,antonia-castells,Antònia Castells
1574,antonia-mallen,Antonia Mallen
1575,antonia-san-juan,Antonia San Juan
1576,antonin-artaud,Antonin Artaud
1577,antonio-ab-grant-jr,Antonio A.B. Grant Jr.
1578,antonio-aiello,Antonio Aiello
1579,antonio-banderas,Antonio Banderas
1580,antonio-casale,Antonio Casale
1581,antonio-casas,Antonio Casas
1582,antonio-centa,Antonio Centa
1583,antonio-david-lyons,Antonio David Lyons
1584,antonio-de-la-torre,Antonio de la Torre
1585,antonio-dechent,Antonio Dechent
1586,antonio-di-benedetto,Antonio Di Benedetto
1587,antonio-ferrandis,Antonio Ferrandis
1588,antonio-garcia-9,Antonio García
1589,antonio-gutierrez-4,Antonio Gutiérrez
1590,antonio-maestri,Antonio Maestri
1591,antonio-mendoza,Antonio Mendoza
1592,antonio-molino-rojo,Antonio Molino Rojo
1593,antonio-moreno,Antonio Moreno
1594,antonio-pastich,Antonio Pastich
1595,antonio-prieto,Antonio Prieto
1596,antonio-rimoldi,Antonio Rimoldi
1597,antonio-spina,Antonio Spina
1598,antonio-taguba,Antonio Taguba
1599,antonio-tarver,Antonio Tarver
1600,antonio-trashorras,Antonio Trashorras
1601,antonio-ugo,Antonio Ugo
1602,antony-holland,Antony Holland
1603,antony-sher,Antony Sher
1604,antony-starr,Antony Starr
1605,antti-maattanen,Antti Määttänen
1606,anupam-kher,Anupam Kher
1607,anurag-kashyap,Anurag Kashyap
1608,anurita-jha,Anurita Jha
1609,anwar-congo,Anwar Congo
1610,anzor-kherkhadze,Anzor Kherkhadze
1611,ao-scott,A.O. Scott
1612,aoba-kawai,Aoba Kawai
1613,aoi-hiiragi,Aoi Hiiragi
1614,aoi-mizuhara,Aoi Mizuhara
1615,aoi-tada,Aoi Tada
1616,aoife-kennan,Aoife Kennan
1617,ap-singh,A.P. Singh
1618,aparna-ram,Aparna Ram
1619,apayata-kotierk,Apayata Kotierk
1620,apichatpong-weerasethakul,Apichatpong Weerasethakul
1621,apinya-unphanlam,Apinya Unphanlam
1622,april-blair,April Blair
1623,april-grace,April Grace
1624,april-hernandez-castillo,April Hernandez Castillo
1625,aquiles-benites,Aquiles Benites
1626,ara-celi,Ara Celi
1627,arame-fall-faye,Arame Fall Faye
1628,arantxa-aranguren,Arantxa Aranguren
1629,arata-iura,Arata Iura
1630,arben-bajraktaraj,Arben Bajraktaraj
1631,arcelia-ramirez,Arcelia Ramírez
1632,arch-johnson,Arch Johnson
1633,archie-hahn,Archie Hahn
1634,archie-lal,Archie Lal
1635,archie-lang,Archie Lang
1636,ardis-campbell,Ardis Campbell
1637,ardra-ks,Ardra K.S.
1638,are-skeie-hermansen,Are Skeie Hermansen
1639,aren-buchholz,Aren Buchholz
1640,aretha-franklin,Aretha Franklin
1641,aretha-mitchell,Aretha Mitchell
1642,argentina-brunetti,Argentina Brunetti
1643,ari-aster,Ari Aster
1644,ari-folman,Ari Folman
1645,ari-hoptman,Ari Hoptman
1646,aria-noelle-curzon,Aria Noelle Curzon
1647,ariadna-gil,Ariadna Gil
1648,ariana-debose,Ariana DeBose
1649,ariana-richards,Ariana Richards
1650,ariane-labed,Ariane Labed
1651,ariane-lheureux,Ariane L'Heureux
1652,ariano-suassuna,Ariano Suassuna
1653,arie-elmaleh,Arié Elmaleh
1654,arie-tcherner,Arie Tcherner
1655,ariel-bronz,Ariel Bronz
1656,ariel-holmes,Ariel Holmes
1657,ariel-verdun,Ariel Verdun
1658,ariel-winter,Ariel Winter
1659,aries-spears,Aries Spears
1660,arif-zakaria,Arif Zakaria
1661,arija-bareikis,Arija Bareikis
1662,arirat-ratanakaitkosol,Arirat Ratanakaitkosol
1663,arjan-aujla,Arjan Aujla
1664,arjun-mathur,Arjun Mathur
1665,arkadiusz-rydellek,Arkadiusz Rydellek
1666,arkadiy-strugatskiy,Arkadiy Strugatskiy
1667,arkie-reece,Arkie Reece
1668,arkie-whiteley,Arkie Whiteley
1669,arleen-whelan,Arleen Whelan
1670,arlene-farber,Arlene Farber
1671,arlene-reeder,Arlene Reeder
1672,arlene-tai,Arlene Tai
1673,arletta-duncan,Arletta Duncan
1674,arlette-sauvage,Arlette Sauvage
1675,arletty,Arletty
1676,arline-bletcher,Arline Bletcher
1677,arliss-howard,Arliss Howard
1678,arlo-guthrie,Arlo Guthrie
1679,arly-arnaud,Arly Arnaud
1680,armand-assante,Armand Assante
1681,armand-cerami,Armand Cerami
1682,armand-dahan,Armand Dahan
1683,armand-lurville,Armand Lurville
1684,armande-boulanger,Armande Boulanger
1685,armandel,Armandel
1686,armando-ambrogi,Armando Ambrogi
1687,armando-annuale,Armando Annuale
1688,armando-bo,Armando Bo
1689,armando-garcia-2,Armando García
1690,armando-iannucci,Armando Iannucci
1691,armando-irace,Armando Irace
1692,armando-riesco,Armando Riesco
1693,armando-tine,Armando Tine
1694,armel-anagonou,Armel Anagonou
1695,armel-monod,Armel Monod
1696,armelia-mcqueen,Armelia McQueen
1697,armelle,Armelle
1698,armie-hammer,Armie Hammer
1699,armin-mueller-stahl,Armin Mueller-Stahl
1700,armin-rohde,Armin Rohde
1701,armin-sayyad,Armin Sayyad
1702,armitage-trail,Armitage Trail
1703,army-archerd,Army Archerd
1704,arnaldo-jabor,Arnaldo Jabor
1705,arnaldo-santana,Arnaldo Santana
1706,arnau-vilaro,Arnau Vilaró
1707,arnaud-azoulay,Arnaud Azoulay
1708,arnaud-desplechin,Arnaud Desplechin
1709,arnaud-henriet,Arnaud Henriet
1710,arne-martensson,Arne Martensson
1711,arnet-amos,Arnet Amos
1712,arnold-alpiger,Arnold Alpiger
1713,arnold-bennett-2,Arnold Bennett
1714,arnold-friedman,Arnold Friedman
1715,arnold-johnson,Arnold Johnson
1716,arnold-lucy,Arnold Lucy
1717,arnold-perl,Arnold Perl
1718,arnold-schwarzenegger,Arnold Schwarzenegger
1719,arnold-vosloo,Arnold Vosloo
1720,aron-dimeny,Áron Dimény
1721,aron-paramor,Aron Paramor
1722,aron-ralston,Aron Ralston
1723,aron-warner,Aron Warner
1724,arsen-grigoryan,Arsen Grigoryan
1725,arsenio-hall,Arsenio Hall
1726,arseniy-bagdasarov,Arseniy Bagdasarov
1727,arseniy-belousov,Arseniy Belousov
1728,arsevi-ozkurt,Arsevi Özkurt
1729,arsinee-khanjian,Arsinée Khanjian
1730,art-blakey,Art Blakey
1731,art-breese,Art Breese
1732,art-buchwald,Art Buchwald
1733,art-campion,Art Campion
1734,art-hickman,Art Hickman
1735,art-kimbro,Art Kimbro
1736,art-malik,Art Malik
1737,artemio-antonini,Artemio Antonini
1738,arthur-a-busch,Arthur A. Busch
1739,arthur-agee,Arthur Agee
1740,arthur-aylesworth,Arthur Aylesworth
1741,arthur-beeton,Arthur Beeton
1742,arthur-belasco,Arthur Belasco
1743,arthur-berkeley,Arthur Berkeley
1744,arthur-bo-agee,Arthur 'Bo' Agee
1745,arthur-c-clarke,Arthur C. Clarke
1746,arthur-canavarro,Arthur Canavarro
1747,arthur-conan-doyle,Arthur Conan Doyle
1748,arthur-conti,Arthur Conti
1749,arthur-davis,Arthur Davis
1750,arthur-dibbs,Arthur Dibbs
1751,arthur-fogel-2,Arthur Fogel
1752,arthur-hailey,Arthur Hailey
1753,arthur-hambling,Arthur Hambling
1754,arthur-hanes-jr,Arthur Hanes Jr.
1755,arthur-harari,Arthur Harari
1756,arthur-harrison,Arthur Harrison
1757,arthur-heinemann-2,Arthur Heinemann
1758,arthur-hohl,Arthur Hohl
1759,arthur-housman,Arthur Housman
1760,arthur-hoyt,Arthur Hoyt
1761,arthur-hunnicutt,Arthur Hunnicutt
1762,arthur-j-nascarella,Arthur J. Nascarella
1763,arthur-keegan,Arthur Keegan
1764,arthur-kennedy,Arthur Kennedy
1765,arthur-la-bern,Arthur La Bern
1766,arthur-laurents,Arthur Laurents
1767,arthur-mainzer,Arthur Mainzer
1768,arthur-malet,Arthur Malet
1769,arthur-mazet,Arthur Mazet
1770,arthur-nightingale,Arthur Nightingale
1771,arthur-oconnell,Arthur O'Connell
1772,arthur-osullivan,Arthur O'Sullivan
1773,arthur-penn,Arthur Penn
1774,arthur-richman,Arthur Richman
1775,arthur-rosson,Arthur Rosson
1776,arthur-rubin,Arthur Rubin
1777,arthur-schnitzler,Arthur Schnitzler
1778,arthur-senzy,Arthur Senzy
1779,arthur-sheekman,Arthur Sheekman
1780,arthur-shields,Arthur Shields
1781,arthur-storch,Arthur Storch
1782,arthur-taxier,Arthur Taxier
1783,arthur-treacher,Arthur Treacher
1784,arthur-wontner,Arthur Wontner
1785,artie-decheser,Artie DeCheser
1786,artt-butler,Artt Butler
1787,artur-barcis,Artur Barcis
1788,artur-janusiak,Artur Janusiak
1789,artur-majewski,Artur Majewski
1790,arturo-dominici,Arturo Dominici
1791,arturo-rios,Arturo Ríos
1792,arturo-soto-rangel,Arturo Soto Rangel
1793,arturo-venegas,Arturo Venegas
1794,arturs-saldnieks,Arturs Saldnieks
1795,artus-de-penguern,Artus de Penguern
1796,artyom-strelnikov,Artyom Strelnikov
1797,artyom-zhigulin,Artyom Zhigulin
1798,arun-bali,Arun Bali
1799,arvind-doshi,Arvind Doshi
1800,ary-gabison,Ary Gabison
1801,asa-butterfield,Asa Butterfield
1802,asaf-jonas,Asaf Jonas
1803,asano-nagahide,Asano Nagahide
1804,asato-hayashida,Asato Hayashida
1805,asbjorn-bear-riis,Asbjørn 'Bear' Riis
1806,aseem-chhabra,Aseem Chhabra
1807,asena-keskinci,Asena Keskinci
1808,asghar-farhadi,Asghar Farhadi
1809,ash-brannon,Ash Brannon
1810,ashlee-thompson,Ashlee Thompson
1811,ashleigh-banfield,Ashleigh Banfield
1812,ashley-dyke,Ashley Dyke
1813,ashley-gerasimovich,Ashley Gerasimovich
1814,ashley-jensen,Ashley Jensen
1815,ashley-judd,Ashley Judd
1816,ashley-laurence,Ashley Laurence
1817,ashley-leconte-campbell,Ashley LeConte Campbell
1818,ashley-mclearn,Ashley Mclearn
1819,ashley-merino-bastidas,Ashley Merino Bastidas
1820,ashley-miller,Ashley Miller
1821,ashley-montagu,Ashley Montagu
1822,ashley-peldon,Ashley Peldon
1823,ashley-scott-2,Ashley Scott
1824,ashley-shelton-3,Ashley Shelton
1825,ashley-taylor-3,Ashley Taylor
1826,ashley-taylor-rhys,Ashley Taylor-Rhys
1827,ashley-ware-jenkins,Ashley Ware Jenkins
1828,ashna-rabheru,Ashna Rabheru
1829,ashraf-barhom,Ashraf Barhom
1830,ashton-chen,Ashton Chen
1831,ashton-holmes,Ashton Holmes
1832,ashton-kutcher,Ashton Kutcher
1833,ashton-moio,Ashton Moio
1834,ashton-sanders,Ashton Sanders
1835,ashton-singer,Ashton Singer
1836,ashutosh-gowariker,Ashutosh Gowariker
1837,asier-etxeandia,Asier Etxeandia
1838,asier-flores,Asier Flores
1839,asif-kapadia,Asif Kapadia
1840,ask-aygin-gaup,Ask Aygin Gaup
1841,askhat-kuchinchirekov,Askhat Kuchinchirekov
1842,aslenis-marquez,Aslenis Márquez
1843,asma-bagain,Asma Bagain
1844,asmat-tkabladze,Asmat Tkabladze
1845,asmina-arvanitaki,Asmina Arvanitaki
1846,asriah-nijres,Asriah Nijres
1847,assa-sylla,Assa Sylla
1848,asta,Asta
1849,astou-ndiaye,Astou N'Diaye
1850,astrid-allwyn,Astrid Allwyn
1851,astrid-rondero,Astrid Rondero
1852,asuman-altinay,Asuman Altinay
1853,atalanta-white,Atalanta White
1854,ataollah-moghadas,Ataollah Moghadas
1855,atheena-frizzell,Atheena Frizzell
1856,athena-martin-anderson,Athena Martin Anderson
1857,athina-rachel-tsangari,Athina Rachel Tsangari
1858,athol-fugard,Athol Fugard
1859,atom-egoyan,Atom Egoyan
1860,atsuko-hayashida,Atsuko Hayashida
1861,atsuko-maeda,Atsuko Maeda
1862,atsuko-takahata,Atsuko Takahata
1863,atsuko-tanaka,Atsuko Tanaka
1864,atsuo-omote,Atsuo Omote
1865,atsushi-matsumoto,Atsushi Matsumoto
1866,atsushi-watanabe,Atsushi Watanabe
1867,attila-arpa,Attila Árpa
1868,attila-dobai,Attila Dobai
1869,attila-fritz,Attila Fritz
1870,attila-kecskemethy,Attila Kecskeméthy
1871,attila-kouvacs,Attila Kouvacs
1872,attwood,Attwood
1873,atuat-akkitirq,Atuat Akkitirq
1874,aubrey-mather,Aubrey Mather
1875,aubrey-morris,Aubrey Morris
1876,aubrey-plaza,Aubrey Plaza
1877,aubrey-smith-4,Aubrey Smith
1878,aubrey-woods,Aubrey Woods
1879,audrey-armstrong,Audrey Armstrong
1880,audrey-betz,Audrey Betz
1881,audrey-diwan,Audrey Diwan
1882,audrey-fleurot,Audrey Fleurot
1883,audrey-hepburn,Audrey Hepburn
1884,audrey-mcdonald,Audrey McDonald
1885,audrey-tautou,Audrey Tautou
1886,audrie-neenan,Audrie Neenan
1887,august-wilson,August Wilson
1888,auguste-boverio,Auguste Bovério
1889,auguste-le-breton,Auguste Le Breton
1890,auguste-lumiere,Auguste Lumière
1891,augustine-frizzell,Augustine Frizzell
1892,aunjanue-ellis-taylor,Aunjanue Ellis-Taylor
1893,aunt-dot,Aunt Dot
1894,aurelia-nolin,Aurelia Nolin
1895,aurelia-petit,Aurélia Petit
1896,aurelie-verillon,Aurélie Vérillon
1897,aurelien-recoing,Aurélien Recoing
1898,aurelius-battaglia,Aurelius Battaglia
1899,auria-contreras,Auria Contreras
1900,aurielle-akerele,Aurielle Akerele
1901,aurora-moreno,Aurora Moreno
1902,aurora-richards,Aurora Richards
1903,aurore-clement,Aurore Clément
1904,austin-amelio,Austin Amelio
1905,austin-cole,Austin Cole
1906,austin-friel,Austin Friel
1907,austin-lyon,Austin Lyon
1908,austin-lysy,Austin Lysy
1909,austin-pendleton,Austin Pendleton
1910,austin-r-grant,Austin R. Grant
1911,austin-smith,Austin Smith
1912,austin-stoker,Austin Stoker
1913,austin-stowell,Austin Stowell
1914,austin-willis,Austin Willis
1915,ava-berlow,Ava Berlow
1916,ava-duvernay,Ava DuVernay
1917,ava-may,Ava May
1918,avaz-latif,Avaz Latif
1919,avery-brooks,Avery Brooks
1920,avery-corman,Avery Corman
1921,avi-dichter,Avi Dichter
1922,aviva-baumann,Aviva Baumann
1923,avner-garbi,Avner Garbi
1924,avon-long,Avon Long
1925,avraham-shalom,Avraham Shalom
1926,avrielle-corti,Avrielle Corti
1927,avril-stewart,Avril Stewart
1928,avtandil-sakhamberidze,Avtandil Sakhamberidze
1929,aw-mcclure,A.W. McClure
1930,awkwafina,Awkwafina
1931,axel-devillers,Axel Devillers
1932,axel-duberg,Axel Düberg
1933,axel-garbi,Axel Garbi
1934,axel-thielmann,Axel Thielmann
1935,axel-thouvenin,Axel Thouvenin
1936,aya-hara,Aya Hara
1937,aya-hisakawa,Aya Hisakawa
1938,aya-okamoto,Aya Okamoto
1939,ayako-shiraishi,Ayako Shiraishi
1940,ayana-goda,Ayana Gôda
1941,ayano-shiraishi,Ayano Shiraishi
1942,ayberk-pekcan,Ayberk Pekcan
1943,ayda-sadeqi,Ayda Sadeqi
1944,ayelet-zurer,Ayelet Zurer
1945,ayesha-dharker,Ayesha Dharker
1946,ayesha-verman,Ayesha Verman
1947,aymen-hamdouchi,Aymen Hamdouchi
1948,aynur-bal,Aynur Bal
1949,ayo-agbonkpolo,Ayo Agbonkpolo
1950,ayo-lijadu,Ayo Lijadu
1951,ayrton-senna,Ayrton Senna
1952,ayse-parlak,Ayse Parlak
1953,ayu-kitaura,Ayu Kitaura
1954,ayumu-nakajima,Ayumu Nakajima
1955,az-rhmti,Az Rhmti
1956,azadeh-movahhed,Azadeh Movahhed
1957,azees-nedumangad,Azees Nedumangad
1958,azeez-idris,Azeez Idris
1959,azelie-cecil,Azelie Cecil
1960,azhy-robertson,Azhy Robertson
1961,azul-zorrilla,Azul Zorrilla
1962,b-traven,B. Traven
1963,ba-vo,Ba Vo
1964,babacar-samba,Babacar Samba
1965,babacar-sylla,Babacar Sylla
1966,babajide-alao,Babajide Alao
1967,babak-karimi,Babak Karimi
1968,babaloo-mandel,Babaloo Mandel
1969,babetida-sadjo,Babetida Sadjo
1970,bader-alami,Bader Alami
1971,badi-uzzaman,Badi Uzzaman
1972,badja-djola,Badja Djola
1973,bae-doona,Bae Doona
1974,bagrat-oganesyan,Bagrat Oganesyan
1975,bahareh-azimi,Bahareh Azimi
1976,bahman-ghobadi,Bahman Ghobadi
1977,bahni-turpin,Bahni Turpin
1978,bahram-ark,Bahram Ark
1979,bahram-sharghi,Bahram Sharghi
1980,bai-cheng-pow,Bai Cheng Pow
1981,bai-ling,Bai Ling
1982,bailee-madison,Bailee Madison
1983,bailee-michelle-johnson,Bailee Michelle Johnson
1984,bakaramoto-sanogo,Bakaramoto Sanogo
1985,bakhraharu,Bakhraharu
1986,bakhtiyar-panjeei,Bakhtiyar Panjeei
1987,baki-davrak,Baki Davrak
1988,balazs-farkas-3,Balázs Farkas
1989,balazs-koos,Balázs Koós
1990,baldwin-cooke,Baldwin Cooke
1991,balinder-johal,Balinder Johal
1992,balint-pentek,Bálint Péntek
1993,bambou,Bambou
1994,ban-hye-ra,Ban Hye-ra
1995,banksy,Banksy
1996,banlop-lomnoi,Banlop Lomnoi
1997,banner-eisenberg,Banner Eisenberg
1998,baptiste-goy,Baptiste Goy
1999,baptiste-pinteaux,Baptiste Pinteaux
2000,baptiste-sornin,Baptiste Sornin
2001,barack-obama,Barack Obama
2002,barbara-alberti,Barbara Alberti
2003,barbara-alston,Barbara Alston
2004,barbara-bailey,Barbara Bailey
2005,barbara-barrie,Barbara Barrie
2006,barbara-bates,Barbara Bates
2007,barbara-baxley,Barbara Baxley
2008,barbara-beaird,Barbara Beaird
2009,barbara-bel-geddes,Barbara Bel Geddes
2010,barbara-beretta,Barbara Beretta
2011,barbara-billingsley,Barbara Billingsley
2012,barbara-bland-acosta,Barbara Bland-Acosta
2013,barbara-brown-3,Barbara Brown
2014,barbara-bryne,Barbara Bryne
2015,barbara-carey,Barbara Carey
2016,barbara-chiesa,Barbara Chiesa
2017,barbara-colby,Barbara Colby
2018,barbara-colen,Bárbara Colen
2019,barbara-crampton,Barbara Crampton
2020,barbara-dennek,Barbara Dennek
2021,barbara-dominguez,Bárbara Domínguez
2022,barbara-drennan,Barbara Drennan
2023,barbara-drew,Barbara Drew
2024,barbara-dunmore-ford,Barbara Dunmore Ford
2025,barbara-dziekan,Barbara Dziekan
2026,barbara-e-robertson,Barbara E. Robertson
2027,barbara-eda-young,Barbara Eda-Young
2028,barbara-eve-harris,Barbara Eve Harris
2029,barbara-gordon,Barbara Gordon
2030,barbara-harris,Barbara Harris
2031,barbara-hershey,Barbara Hershey
2032,barbara-hicks,Barbara Hicks
2033,barbara-hinz,Barbara Hinz
2034,barbara-horpen,Barbara Horpen
2035,barbara-howitt,Barbara Howitt
2036,barbara-jo-allen,Barbara Jo Allen
2037,barbara-june-patterson,Barbara June Patterson
2038,barbara-leigh-hunt,Barbara Leigh-Hunt
2039,barbara-lennie,Bárbara Lennie
2040,barbara-london,Barbara London
2041,barbara-luddy,Barbara Luddy
2042,barbara-morrison,Barbara Morrison
2043,barbara-nichols,Barbara Nichols
2044,barbara-oneil,Barbara O'Neil
2045,barbara-palladino,Bárbara Palladino
2046,barbara-peirson,Barbara Peirson
2047,barbara-pepper,Barbara Pepper
2048,barbara-philipp,Barbara Philipp
2049,barbara-pierson,Barbara Pierson
2050,barbara-pieters,Barbara Pieters
2051,barbara-rafferty,Barbara Rafferty
2052,barbara-ruick,Barbara Ruick
2053,barbara-stanek,Barbara Stanek
2054,barbara-stanwyck,Barbara Stanwyck
2055,barbara-starrett,Barbara Starrett
2056,barbara-steele,Barbara Steele
2057,barbara-west,Barbara West
2058,barbara-white,Barbara White
2059,barbel-schwarz,Bärbel Schwarz
2060,barbet-schroeder,Barbet Schroeder
2061,barbra-streisand,Barbra Streisand
2062,barc-doyle,Barc Doyle
2063,bari-wood,Bari Wood
2064,barna-illyes,Barna Illyés
2065,barnaby-kay,Barnaby Kay
2066,barnard-hughes,Barnard Hughes
2067,barney-broomfield,Barney Broomfield
2068,barney-frank,Barney Frank
2069,barret-helms,Barret Helms
2070,barrie-ingham,Barrie Ingham
2071,barrie-rice-2,Barrie Rice
2072,barry-blinderman,Barry Blinderman
2073,barry-bostwick,Barry Bostwick
2074,barry-cassin,Barry Cassin
2075,barry-cook,Barry Cook
2076,barry-corbin,Barry Corbin
2077,barry-del-sherman,Barry Del Sherman
2078,barry-donnelly,Barry Donnelly
2079,barry-fitzgerald,Barry Fitzgerald
2080,barry-flatman,Barry Flatman
2081,barry-foster,Barry Foster
2082,barry-glassner,Barry Glassner
2083,barry-goldwater,Barry Goldwater
2084,barry-greenhouse,Barry Greenhouse
2085,barry-humphries,Barry Humphries
2086,barry-jenkins-3,Barry Jenkins
2087,barry-johnson,Barry Johnson
2088,barry-kelley,Barry Kelley
2089,barry-keoghan,Barry Keoghan
2090,barry-levinson,Barry Levinson
2091,barry-livingston,Barry Livingston
2092,barry-mccarthy,Barry McCarthy
2093,barry-miller-2,Barry Miller
2094,barry-morrow,Barry Morrow
2095,barry-pearl,Barry Pearl
2096,barry-pepper,Barry Pepper
2097,barry-posen,Barry Posen
2098,barry-rohrssen,Barry Rohrssen
2099,barry-ryan-4,Barry Ryan
2100,barry-shabaka-henley,Barry Shabaka Henley
2101,barry-sonnenfeld,Barry Sonnenfeld
2102,barry-sullivan,Barry Sullivan
2103,barry-w-blaustein,Barry W. Blaustein
2104,barry-wong,Barry Wong
2105,bart-mccarthy,Bart McCarthy
2106,barton-heyman,Barton Heyman
2107,barton-maclane,Barton MacLane
2108,bas-devos,Bas Devos
2109,basel-adra,Basel Adra
2110,basher-savage,Basher Savage
2111,bashiri-johnson,Bashiri Johnson
2112,basil-dearden,Basil Dearden
2113,basil-eidenbenz,Basil Eidenbenz
2114,basil-hoffman,Basil Hoffman
2115,basil-radford,Basil Radford
2116,basil-rathbone,Basil Rathbone
2117,basil-sydney,Basil Sydney
2118,bastian-trost,Bastian Trost
2119,batan-silva,Batan Silva
2120,bayne-gibby,Bayne Gibby
2121,baz-luhrmann,Baz Luhrmann
2122,bd-wong,BD Wong
2123,bea-benaderet,Bea Benaderet
2124,bea-miller,Bea Miller
2125,beah-richards,Beah Richards
2126,beanie-feldstein,Beanie Feldstein
2127,beate-finckh,Beate Finckh
2128,beatie-edney,Beatie Edney
2129,beatrice-altariba,Béatrice Altariba
2130,beatrice-crumb,Beatrice Crumb
2131,beatrice-dalle,Béatrice Dalle
2132,beatrice-garga,Beatrice Garga
2133,beatrice-macola,Béatrice Macola
2134,beatrice-manowski,Beatrice Manowski
2135,beatrice-maude,Beatrice Maude
2136,beatrice-pearson,Beatrice Pearson
2137,beatrice-straight,Beatrice Straight
2138,beatrice-vitoldi,Beatrice Vitoldi
2139,beau-bridges,Beau Bridges
2140,beau-charles,Beau Charles
2141,beau-gentry,Beau Gentry
2142,beau-holden,Beau Holden
2143,beau-kayser,Beau Kayser
2144,beau-lerner,Beau Lerner
2145,beau-nelson-2,Beau Nelson
2146,beaumarchais,Beaumarchais
2147,bebe-allen,Bebe Allen
2148,bebe-neuwirth,Bebe Neuwirth
2149,becca-blackwell,Becca Blackwell
2150,becca-khalil,Becca Khalil
2151,becca-morrin,Becca Morrin
2152,becky-ann-baker,Becky Ann Baker
2153,becky-lindsay,Becky Lindsay
2154,becky-reyes-2,Becky Reyes
2155,bee-duffell,Bee Duffell
2156,beege-barkette,Beege Barkette
2157,behi-djanati-atai,Behi Djanati Atai
2158,behrouz-bigdeli,Behrouz Bigdeli
2159,behzad-dorani,Behzad Dorani
2160,beka-songhulashvili,Beka Songhulashvili
2161,bel-parker,Bel Parker
2162,bel-powley,Bel Powley
2163,bela-dora,Béla Dóra
2164,bela-quines,Bela Quines
2165,bela-tarr,Béla Tarr
2166,belal-faiz,Belal Faiz
2167,belen-rueda,Belén Rueda
2168,belinda-mcclory,Belinda McClory
2169,belinda-palmer,Belinda Palmer
2170,bella-abzug,Bella Abzug
2171,bellina-logan,Bellina Logan
2172,ben-affleck,Ben Affleck
2173,ben-alexander,Ben Alexander
2174,ben-andrews-3,Ben Andrews
2175,ben-astar,Ben Astar
2176,ben-barzman,Ben Barzman
2177,ben-benay,Ben Benay
2178,ben-borowiecki,Ben Borowiecki
2179,ben-bravo,Ben Bravo
2180,ben-burtt,Ben Burtt
2181,ben-caplan,Ben Caplan
2182,ben-carr,Ben Carr
2183,ben-carruthers,Ben Carruthers
2184,ben-chaplin,Ben Chaplin
2185,ben-coonley,Ben Coonley
2186,ben-cross,Ben Cross
2187,ben-davidson,Ben Davidson
2188,ben-davies-4,Ben Davies
2189,ben-falcone,Ben Falcone
2190,ben-foster,Ben Foster
2191,ben-gazzara,Ben Gazzara
2192,ben-hall-6,Ben Hall
2193,ben-hanson-2,Ben Hanson
2194,ben-harlan,Ben Harlan
2195,ben-harrison-3,Ben Harrison
2196,ben-hecht,Ben Hecht
2197,ben-holmes,Ben Holmes
2198,ben-johnson,Ben Johnson
2199,ben-keith,Ben Keith
2200,ben-kingsley,Ben Kingsley
2201,ben-lemon,Ben Lemon
2202,ben-lewis-5,Ben Lewis
2203,ben-maddow,Ben Maddow
2204,ben-marley,Ben Marley
2205,ben-mayer-goodman,Ben Mayer-Goodman
2206,ben-mendelsohn,Ben Mendelsohn
2207,ben-mezrich,Ben Mezrich
2208,ben-miles,Ben Miles
2209,ben-miller,Ben Miller
2210,ben-naylor,Ben Naylor
2211,ben-peel,Ben Peel
2212,ben-raines,Ben Raines
2213,ben-ripley,Ben Ripley
2214,ben-roberts,Ben Roberts
2215,ben-roberts-2,Ben Roberts
2216,ben-schrank,Ben Schrank
2217,ben-shapiro-2,Ben Shapiro
2218,ben-sharpsteen,Ben Sharpsteen
2219,ben-shenkman-2,Ben Shenkman
2220,ben-skjellerup,Ben Skjellerup
2221,ben-stiller,Ben Stiller
2222,ben-waddel,Ben Waddel
2223,ben-wheeler-4,Ben Wheeler
2224,ben-whishaw,Ben Whishaw
2225,ben-whitehead,Ben Whitehead
2226,ben-wimsett,Ben Wimsett
2227,ben-winspear,Ben Winspear
2228,ben-wright,Ben Wright
2229,ben-wu-2,Ben Wu
2230,benaissa-ahaouari,Benaïssa Ahaouari
2231,bence-bihari,Bence Bihari
2232,benedict-cumberbatch,Benedict Cumberbatch
2233,benedict-fitzgerald,Benedict Fitzgerald
2234,benedicte-battesti-2,Bénédicte Battesti
2235,benett-vilmanyi,Benett Vilmányi
2236,bengt-bergius,Bengt Bergius
2237,bengt-ekerot,Bengt Ekerot
2238,benh-zeitlin,Benh Zeitlin
2239,benicio-del-toro,Benicio Del Toro
2240,benito-martinez,Benito Martinez
2241,benito-perez-galdos,Benito Pérez Galdós
2242,benito-stefanelli,Benito Stefanelli
2243,benjamin-green,Benjamin Green
2244,benjamin-hendrickson,Benjamin Hendrickson
2245,benjamin-kimball-smith,Benjamin Kimball Smith
2246,benjamin-legrand,Benjamin Legrand
2247,benjamin-millepied,Benjamin Millepied
2248,benjamin-portnoe,Benjamin Portnoe
2249,benjamin-renner,Benjamin Renner
2250,benjamin-siksou,Benjamin Siksou
2251,benjamin-utzerath,Benjamin Utzerath
2252,benjamin-whitrow,Benjamin Whitrow
2253,benjie-bancroft,Benjie Bancroft
2254,benkt-ake-benktsson,Benkt-Åke Benktsson
2255,benn-w-levy,Benn W. Levy
2256,bennet-guillory,Bennet Guillory
2257,bennett-miller,Bennett Miller
2258,bennett-yellin,Bennett Yellin
2259,bennie-maupin,Bennie Maupin
2260,bennie-swans,Bennie Swans
2261,bennu-yildirimlar,Bennu Yildirimlar
2262,benny-bartlett,Benny Bartlett
2263,benny-burt,Benny Burt
2264,benny-lam,Benny Lam
2265,benny-marino,Benny Marino
2266,benny-nieves,Benny Nieves
2267,benny-safdie,Benny Safdie
2268,benoit-briere,Benoît Brière
2269,benoit-gouin,Benoît Gouin
2270,benoit-henriet,Benoît Henriet
2271,benoit-lamarche-2,Benoit Lamarche
2272,benoit-magimel,Benoît Magimel
2273,benoit-pilot,Benoît Pilot
2274,benoit-regent,Benoît Régent
2275,benson-mumba,Benson Mumba
2276,benvinda-mendes,Benvinda Mendes
2277,bereke-turganbayev,Bereke Turganbayev
2278,berenice-bejo,Bérénice Bejo
2279,beresford-egan,Beresford Egan
2280,berkely-mather,Berkely Mather
2281,bernadette-albright,Bernadette Albright
2282,bernadette-balagtas,Bernadette Balagtas
2283,bernadette-lafont,Bernadette Lafont
2284,bernadette-onfroy,Bernadette Onfroy
2285,bernard-beck,Bernard Beck
2286,bernard-blier,Bernard Blier
2287,bernard-cribbins,Bernard Cribbins
2288,bernard-eisenschitz,Bernard Eisenschitz
2289,bernard-escalon,Bernard Escalon
2290,bernard-fox,Bernard Fox
2291,bernard-fradet,Bernard Fradet
2292,bernard-fresson,Bernard Fresson
2293,bernard-garbutt,Bernard Garbutt
2294,bernard-herrmann,Bernard Herrmann
2295,bernard-hill,Bernard Hill
2296,bernard-hocke,Bernard Hocke
2297,bernard-largemains,Bernard Largemains
2298,bernard-le-coq,Bernard Le Coq
2299,bernard-lee,Bernard Lee
2300,bernard-longbottom,Bernard Longbottom
2301,bernard-marbaix,Bernard Marbaix
2302,bernard-mckenna,Bernard McKenna
2303,bernard-miles,Bernard Miles
2304,bernard-pretty-purdie,Bernard Pretty Purdie
2305,bernard-rose,Bernard Rose
2306,bernardino-zapponi,Bernardino Zapponi
2307,bernardo-bertolucci,Bernardo Bertolucci
2308,bernardo-montet,Bernardo Montet
2309,bernardo-velasco,Bernardo Velasco
2310,bernd-eichinger,Bernd Eichinger
2311,bernd-eischeid-2,Bernd Eischeid
2312,bernd-tauber,Bernd Tauber
2313,berndt-ostman,Berndt Östman
2314,bernhard-schlink,Bernhard Schlink
2315,bernhard-wicki,Bernhard Wicki
2316,bernice-barrett,Bernice Barrett
2317,bernie-allen,Bernie Allen
2318,bernie-leadon,Bernie Leadon
2319,bernie-mac,Bernie Mac
2320,bernie-worrell,Bernie Worrell
2321,bert-freed,Bert Freed
2322,bert-kalmar,Bert Kalmar
2323,bert-lahr,Bert Lahr
2324,bert-michaels,Bert Michaels
2325,bert-remsen,Bert Remsen
2326,bert-williams,Bert Williams
2327,bert-williams-3,Bert Williams
2328,berta-khapava,Berta Khapava
2329,berta-ojea,Berta Ojea
2330,berta-pipo,Berta Pipó
2331,bertha-denton-casillas,Bertha Denton Casillas
2332,berthe-granval,Berthe Granval
2333,bertice-reading,Bertice Reading
2334,bertie-carvel,Bertie Carvel
2335,bertil-anderberg,Bertil Anderberg
2336,bertil-guve,Bertil Guve
2337,bertil-j-nyberg,Bertil J. Nyberg
2338,berton-churchill,Berton Churchill
2339,bertrand-tavernier,Bertrand Tavernier
2340,beryl-measor,Beryl Measor
2341,beryl-mercer,Beryl Mercer
2342,bess-flowers,Bess Flowers
2343,bess-motta,Bess Motta
2344,beth-anderson,Beth Anderson
2345,beth-banks,Beth Banks
2346,beth-bourgeois,Beth Bourgeois
2347,beth-goddard,Beth Goddard
2348,beth-grant,Beth Grant
2349,beth-littleford,Beth Littleford
2350,bethany-beznos,Bethany Beznos
2351,betsy-aidem,Betsy Aidem
2352,betsy-baker,Betsy Baker
2353,betsy-brantley,Betsy Brantley
2354,bette-arlen,Bette Arlen
2355,bette-davis,Bette Davis
2356,bettina-brenna,Bettina Brenna
2357,betty-alexander,Betty Alexander
2358,betty-blair,Betty Blair
2359,betty-buckley,Betty Buckley
2360,betty-chung,Betty Chung
2361,betty-comden,Betty Comden
2362,betty-farrington,Betty Farrington
2363,betty-field,Betty Field
2364,betty-furness,Betty Furness
2365,betty-gabriel,Betty Gabriel
2366,betty-hutton,Betty Hutton
2367,betty-jardine,Betty Jardine
2368,betty-jones,Betty Jones
2369,betty-king,Betty King
2370,betty-lou-gerson,Betty Lou Gerson
2371,betty-morrissey,Betty Morrissey
2372,betty-roadman,Betty Roadman
2373,beulah-archuletta,Beulah Archuletta
2374,beulah-bondi,Beulah Bondi
2375,beulah-garrick,Beulah Garrick
2376,beulah-quo,Beulah Quo
2377,beverley-elliott,Beverley Elliott
2378,beverley-vaughan,Beverley Vaughan
2379,beverly-anderson-2,Beverly Anderson
2380,beverly-cleary,Beverly Cleary
2381,beverly-dangelo,Beverly D'Angelo
2382,beverly-long,Beverly Long
2383,beverly-may,Beverly May
2384,beverly-peckous,Beverly Peckous
2385,beverly-powers,Beverly Powers
2386,beverly-walker,Beverly Walker
2387,beverly-wills,Beverly Wills
2388,beverly-younger,Beverly Younger
2389,beyonce,Beyoncé
2390,bh-mccampbell,B.H. McCampbell
2391,bhattaratorn-senkraigul,Bhattaratorn Senkraigul
2392,bhavana-nagulapally,Bhavana Nagulapally
2393,bhawani-sankar,Bhawani Sankar
2394,bhumisuta-das,Bhumisuta Das
2395,bi-gan,Bi Gan
2396,bianca-gervais,Bianca Gervais
2397,bianca-stigter,Bianca Stigter
2398,bibi-andersson,Bibi Andersson
2399,bibi-besch,Bibi Besch
2400,bibi-osterwald,Bibi Osterwald
2401,bicarel-gnikpo,Bicarel Gnikpo
2402,biff-mcguire,Biff McGuire
2403,bijou-phillips,Bijou Phillips
2404,bilge-jeschim,Bilge Jeschim
2405,bill-alcorn,Bill Alcorn
2406,bill-allen,Bill Allen
2407,bill-allison,Bill Allison
2408,bill-anders,Bill Anders
2409,bill-asing,Bill Asing
2410,bill-bahlman,Bill Bahlman
2411,bill-baksa,Bill Baksa
2412,bill-baldwin,Bill Baldwin
2413,bill-bates-2,Bill Bates
2414,bill-bradley-2,Bill Bradley
2415,bill-brande,Bill Brande
2416,bill-camp,Bill Camp
2417,bill-cardille,Bill Cardille
2418,bill-cario,Bill Cario
2419,bill-cartledge,Bill Cartledge
2420,bill-chott,Bill Chott
2421,bill-christ,Bill Christ
2422,bill-clark,Bill Clark
2423,bill-clinton,Bill Clinton
2424,bill-condon,Bill Condon
2425,bill-copeland,Bill Copeland
2426,bill-cosby,Bill Cosby
2427,bill-cwikowski,Bill Cwikowski
2428,bill-dawkins,Bill Dawkins
2429,bill-de-blasio,Bill de Blasio
2430,bill-duke,Bill Duke
2431,bill-erwin,Bill Erwin
2432,bill-fagerbakke,Bill Fagerbakke
2433,bill-farmer,Bill Farmer
2434,bill-finger-2,Bill Finger
2435,bill-gleason,Bill Gleason
2436,bill-greene,Bill Greene
2437,bill-griffith,Bill Griffith
2438,bill-hader,Bill Hader
2439,bill-hanrahan,Bill Hanrahan
2440,bill-hart,Bill Hart
2441,bill-henderson,Bill Henderson
2442,bill-hickman,Bill Hickman
2443,bill-hoag,Bill Hoag
2444,bill-hodgman,Bill Hodgman
2445,bill-hodnett,Bill Hodnett
2446,bill-hunter,Bill Hunter
2447,bill-kalmenson,Bill Kalmenson
2448,bill-keller,Bill Keller
2449,bill-kelly-2,Bill Kelly
2450,bill-lancaster,Bill Lancaster
2451,bill-lawrie,Bill Lawrie
2452,bill-lee-4,Bill Lee
2453,bill-m-ryusaki,Bill M. Ryusaki
2454,bill-macdonald,Bill MacDonald
2455,bill-martin-williams,Bill Martin Williams
2456,bill-mcadams-jr,Bill McAdams Jr.
2457,bill-mccallum,Bill McCallum
2458,bill-mckinney,Bill McKinney
2459,bill-mesce-jr,Bill Mesce Jr.
2460,bill-milner,Bill Milner
2461,bill-moor,Bill Moor
2462,bill-morrison-2,Bill Morrison
2463,bill-moseley,Bill Moseley
2464,bill-murray,Bill Murray
2465,bill-nagy,Bill Nagy
2466,bill-neenan,Bill Neenan
2467,bill-nighy,Bill Nighy
2468,bill-nunn,Bill Nunn
2469,bill-ofarrell,Bill O'Farrell
2470,bill-paterson,Bill Paterson
2471,bill-paxton,Bill Paxton
2472,bill-peet,Bill Peet
2473,bill-pullman,Bill Pullman
2474,bill-quinn,Bill Quinn
2475,bill-raymond,Bill Raymond
2476,bill-reimbold,Bill Reimbold
2477,bill-richardson-2,Bill Richardson
2478,bill-roberts,Bill Roberts
2479,bill-ross-iv,Bill Ross IV
2480,bill-sage,Bill Sage
2481,bill-sharp,Bill Sharp
2482,bill-shirley,Bill Shirley
2483,bill-skiles,Bill Skiles
2484,bill-thompson,Bill Thompson
2485,bill-thurman,Bill Thurman
2486,bill-vila,Bill Vila
2487,bill-vincent,Bill Vincent
2488,bill-walsh,Bill Walsh
2489,bill-weber-3,Bill Weber
2490,bill-weston,Bill Weston
2491,bill-wise,Bill Wise
2492,bill-wyman,Bill Wyman
2493,billi-gordon,Billi Gordon
2494,billie-bird,Billie Bird
2495,billie-burke,Billie Burke
2496,billie-cook,Billie Cook
2497,billie-fairchild,Billie Fairchild
2498,billie-joe-armstrong,Billie Joe Armstrong
2499,billie-keegan,Billie Keegan
2500,billie-mcnabb,Billie McNabb
2501,billie-pleffer,Billie Pleffer
2502,billie-roy,Billie Roy
2503,billie-whitelaw,Billie Whitelaw
2504,billy-atkins,Billy Atkins
2505,billy-barty,Billy Barty
2506,billy-bevan,Billy Bevan
2507,billy-bletcher,Billy Bletcher
2508,billy-bob-thornton,Billy Bob Thornton
2509,billy-bodine,Billy Bodine
2510,billy-boyd,Billy Boyd
2511,billy-boyle,Billy Boyle
2512,billy-bryan,Billy Bryan
2513,billy-bush,Billy Bush
2514,billy-byrne-2,Billy Byrne
2515,billy-chapin,Billy Chapin
2516,billy-clarke,Billy Clarke
2517,billy-connolly,Billy Connolly
2518,billy-crudup,Billy Crudup
2519,billy-crystal,Billy Crystal
2520,billy-davis-jr,Billy Davis Jr.
2521,billy-dee-williams,Billy Dee Williams
2522,billy-devlin,Billy Devlin
2523,billy-dobson-3,Billy Dobson
2524,billy-drago,Billy Drago
2525,billy-fane,Billy Fane
2526,billy-gilbert,Billy Gilbert
2527,billy-gray-2,Billy Gray
2528,billy-green-bush,Billy Green Bush
2529,billy-harper-3,Billy Harper
2530,billy-hartman,Billy Hartman
2531,billy-house,Billy House
2532,billy-howle,Billy Howle
2533,billy-j-mitchell,Billy J. Mitchell
2534,billy-kimball,Billy Kimball
2535,billy-king-5,Billy King
2536,billy-nelson,Billy Nelson
2537,billy-ray-sharkey,Billy Ray Sharkey
2538,billy-redden,Billy Redden
2539,billy-riddoch,Billy Riddoch
2540,billy-stevenson,Billy Stevenson
2541,billy-the-dog,Billy the Dog
2542,billy-watson,Billy Watson
2543,billy-whitaker,Billy Whitaker
2544,billy-wilder,Billy Wilder
2545,billy-wirth,Billy Wirth
2546,billy-zane,Billy Zane
2547,bin-li,Bin Li
2548,bin-liu-2,Bin Liu
2549,bin-wang,Bin Wang
2550,bin-wu,Bin Wu
2551,bindu-gayek,Bindu Gayek
2552,bing-liu-2,Bing Liu
2553,binh-pho,Binh Pho
2554,binta-diop,Binta Diop
2555,binta-thiam,Binta Thiam
2556,binyuan-li,Binyuan Li
2557,bipin-nadkarni,Bipin Nadkarni
2558,birdie-africa,Birdie Africa
2559,birdie-borria,Birdie Borria
2560,birdy-sweeney,Birdy Sweeney
2561,birger-malmsten,Birger Malmsten
2562,birgit-carlsten,Birgit Carlstén
2563,birgit-minichmayr,Birgit Minichmayr
2564,birgitta-pettersson,Birgitta Pettersson
2565,bishnu-maya-gayek,Bishnu Maya Gayek
2566,bitty-schram,Bitty Schram
2567,bj-barie,B.J. Barie
2568,bj-hogg,B.J. Hogg
2569,bj-tobin,B.J. Tobin
2570,bjork,Björk
2571,bjorn-bjelfvenstam,Björn Bjelfvenstam
2572,bjorn-granath,Björn Granath
2573,black-flag,Black Flag
2574,blackie-dammett,Blackie Dammett
2575,blaine-horton,Blaine Horton
2576,blair-brown,Blair Brown
2577,blair-jackson,Blair Jackson
2578,blair-slater-2,Blair Slater
2579,blair-tefkin,Blair Tefkin
2580,blair-underwood,Blair Underwood
2581,blair-williams,Blair Williams
2582,blaise-corrigan,Blaise Corrigan
2583,blaise-fournier,Blaise Fournier
2584,blake-clark,Blake Clark
2585,blake-delong,Blake DeLong
2586,blake-edwards,Blake Edwards
2587,blake-jenner,Blake Jenner
2588,blake-lindsley,Blake Lindsley
2589,blake-lively,Blake Lively
2590,blake-stokes,Blake Stokes
2591,blanca-martinez,Blanca Martínez
2592,blanca-portillo,Blanca Portillo
2593,blanca-suarez,Blanca Suárez
2594,blanche-craig,Blanche Craig
2595,blanche-friderici,Blanche Friderici
2596,blanche-yurka,Blanche Yurka
2597,blessings-bhamjee,Blessings Bhamjee
2598,blue-ivy-carter,Blue Ivy Carter
2599,blythe-danner,Blythe Danner
2600,bo-asdal-andersen,Bo Asdal Andersen
2601,bo-bae-han,Bo-bae Han
2602,bo-berkman,Bo Berkman
2603,bo-burnham,Bo Burnham
2604,bo-byers,Bo Byers
2605,bo-goldman,Bo Goldman
2606,bo-hopkins,Bo Hopkins
2607,bo-hu-2,Bo Hu
2608,bo-zhang-6,Bo Zhang
2609,boaz-yakin,Boaz Yakin
2610,bob-adrian,Bob Adrian
2611,bob-amsberry,Bob Amsberry
2612,bob-ari,Bob Ari
2613,bob-baker,Bob Baker
2614,bob-balaban,Bob Balaban
2615,bob-barr,Bob Barr
2616,bob-bergen,Bob Bergen
2617,bob-clark,Bob Clark
2618,bob-clendenin,Bob Clendenin
2619,bob-colacello,Bob Colacello
2620,bob-davis-10,Bob Davis
2621,bob-davis-5,Bob Davis
2622,bob-docherty,Bob Docherty
2623,bob-dolman,Bob Dolman
2624,bob-dylan,Bob Dylan
2625,bob-elam,Bob Elam
2626,bob-eubanks,Bob Eubanks
2627,bob-fosse,Bob Fosse
2628,bob-gale,Bob Gale
2629,bob-geldof,Bob Geldof
2630,bob-gunton,Bob Gunton
2631,bob-hastings,Bob Hastings
2632,bob-hope,Bob Hope
2633,bob-hoskins,Bob Hoskins
2634,bob-jackson-5,Bob Jackson
2635,bob-jyono,Bob Jyono
2636,bob-kane,Bob Kane
2637,bob-kortman,Bob Kortman
2638,bob-lujano,Bob Lujano
2639,bob-maines,Bob Maines
2640,bob-mcadams,Bob McAdams
2641,bob-nelson-3,Bob Nelson
2642,bob-odenkirk,Bob Odenkirk
2643,bob-orwig,Bob Orwig
2644,bob-payne,Bob Payne
2645,bob-peck,Bob Peck
2646,bob-penny,Bob Penny
2647,bob-persichetti,Bob Persichetti
2648,bob-peterson,Bob Peterson
2649,bob-rafelson,Bob Rafelson
2650,bob-rafsky,Bob Rafsky
2651,bob-reeh,Bob Reeh
2652,bob-schott,Bob Schott
2653,bob-scott-13,Bob Scott
2654,bob-shaw-2,Bob Shaw
2655,bob-smeaton,Bob Smeaton
2656,bob-steele,Bob Steele
2657,bob-stephenson,Bob Stephenson
2658,bob-tzudiker,Bob Tzudiker
2659,bob-wells-4,Bob Wells
2660,bob-werfelman,Bob Werfelman
2661,bob-wilson,Bob Wilson
2662,bob-woodward,Bob Woodward
2663,bobbi-campbell,Bobbi Campbell
2664,bobbie-au-yeung,Bobbie Au-Yeung
2665,bobbie-hale,Bobbie Hale
2666,bobby-barber,Bobby Barber
2667,bobby-block,Bobby Block
2668,bobby-cannavale,Bobby Cannavale
2669,bobby-clark,Bobby Clark
2670,bobby-cooper-2,Bobby Cooper
2671,bobby-dennison,Bobby Dennison
2672,bobby-driscoll,Bobby Driscoll
2673,bobby-farrelly,Bobby Farrelly
2674,bobby-henrey,Bobby Henrey
2675,bobby-herbeck,Bobby Herbeck
2676,bobby-lockwood,Bobby Lockwood
2677,bobby-motown,Bobby Motown
2678,bobby-moynihan,Bobby Moynihan
2679,bobby-muller,Bobby Muller
2680,bobby-rowe,Bobby Rowe
2681,bobby-slayton,Bobby Slayton
2682,bobby-womack,Bobby Womack
2683,bobby-wooten-iii,Bobby Wooten III
2684,bobcat-goldthwait,Bobcat Goldthwait
2685,bobette-audrey,Bobette Audrey
2686,bodan-litnanski,Bodan Litnanski
2687,bodhi-elfman,Bodhi Elfman
2688,bodil-rosing,Bodil Rosing
2689,bogdan-dumitrache,Bogdan Dumitrache
2690,bogdan-palie,Bogdan Palie
2691,bogdan-sofronea,Bogdan Sofronea
2692,bogdan-tanase,Bogdan Tanase
2693,boguslawa-schubert,Boguslawa Schubert
2694,bojesse-christopher,Bojesse Christopher
2695,bokeem-woodbine,Bokeem Woodbine
2696,bokuzen-hidari,Bokuzen Hidari
2697,bolaji-badejo,Bolaji Badejo
2698,bolo-yeung,Bolo Yeung
2699,boman-irani,Boman Irani
2700,bon-woong-ko,Bon-woong Ko
2701,bong-cabrera,Bong Cabrera
2702,bong-joon-ho,Bong Joon Ho
2703,bonni-cohen,Bonni Cohen
2704,bonnie-aarons,Bonnie Aarons
2705,bonnie-afsary,Bonnie Afsary
2706,bonnie-bannon,Bonnie Bannon
2707,bonnie-bedelia,Bonnie Bedelia
2708,bonnie-behrend,Bonnie Behrend
2709,bonnie-bramlett,Bonnie Bramlett
2710,bonnie-chagneau-ravoire,Bonnie Chagneau-Ravoire
2711,bonnie-cross,Bonnie Cross
2712,bonnie-hunt,Bonnie Hunt
2713,bonnie-rose,Bonnie Rose
2714,bonnie-tremena,Bonnie Tremena
2715,bonnie-turner,Bonnie Turner
2716,bonnie-wright,Bonnie Wright
2717,bono,Bono
2718,bontaro-miake,Bontarô Miake
2719,boone-storm,Boone Storm
2720,boonsri-yindee,Boonsri Yindee
2721,boonyarak-bodlakorn,Boonyarak Bodlakorn
2722,booth-tarkington,Booth Tarkington
2723,boots-southerland,Boots Southerland
2724,borden-chase,Borden Chase
2725,borf,Borf
2726,boris-isakovic,Boris Isakovic
2727,boris-karloff,Boris Karloff
2728,boris-khaimsky,Boris Khaimsky
2729,boris-ler,Boris Ler
2730,boris-lyoskin,Boris Lyoskin
2731,boris-mcgiver,Boris McGiver
2732,boris-strugatskiy,Boris Strugatskiy
2733,borje-ahlstedt,Börje Ahlstedt
2734,borys-szyc,Borys Szyc
2735,bostin-christopher,Bostin Christopher
2736,boubacar-toure,Boubacar Toure
2737,bouli-lanners,Bouli Lanners
2738,bourvil,Bourvil
2739,bowie-lam,Bowie Lam
2740,boyd-cabeen,Boyd Cabeen
2741,boyd-holbrook,Boyd Holbrook
2742,boyd-irwin,Boyd Irwin
2743,boyd-kirkland,Boyd Kirkland
2744,brad-anderson-2,Brad Anderson
2745,brad-bird,Brad Bird
2746,brad-braeden,Brad Braeden
2747,brad-brown-2,Brad Brown
2748,brad-dexter,Brad Dexter
2749,brad-dourif,Brad Dourif
2750,brad-furman,Brad Furman
2751,brad-garrett,Brad Garrett
2752,brad-hunt,Brad Hunt
2753,brad-keeler,Brad Keeler
2754,brad-lockerman,Brad Lockerman
2755,brad-pitt,Brad Pitt
2756,brad-rearden,Brad Rearden
2757,brad-renfro,Brad Renfro
2758,brad-sullivan,Brad Sullivan
2759,bradford-english,Bradford English
2760,bradley-cooper,Bradley Cooper
2761,bradley-d-capshaw,Bradley D. Capshaw
2762,bradley-gregg,Bradley Gregg
2763,bradley-mott,Bradley Mott
2764,bradley-pierce,Bradley Pierce
2765,bradley-whitford,Bradley Whitford
2766,brady-bluhm,Brady Bluhm
2767,brady-coleman,Brady Coleman
2768,brady-corbet,Brady Corbet
2769,brady-jandreau,Brady Jandreau
2770,brahim-hadjadj,Brahim Hadjadj
2771,bram-stoker,Bram Stoker
2772,brandi-carlile,Brandi Carlile
2773,brandon-beach,Brandon Beach
2774,brandon-bobst,Brandon Bobst
2775,brandon-boyce,Brandon Boyce
2776,brandon-cook-2,Brandon Cook
2777,brandon-davis-14,Brandon Davis
2778,brandon-de-wilde,Brandon De Wilde
2779,brandon-hammond,Brandon Hammond
2780,brandon-jay-mclaren,Brandon Jay McLaren
2781,brandon-lee,Brandon Lee
2782,brandon-lindsay-2,Brandon Lindsay
2783,brandon-obray,Brandon Obray
2784,brandon-scott-jones,Brandon Scott Jones
2785,brandon-t-jackson,Brandon T. Jackson
2786,brandon-wilson-2,Brandon Wilson
2787,brandy-tipton,Brandy Tipton
2788,brandy-wilber,Brandy Wilber
2789,branko-andric,Branko Andric
2790,brannon-braga,Brannon Braga
2791,branscombe-richmond,Branscombe Richmond
2792,braulio-mantovani,Bráulio Mantovani
2793,brayden-whisenhunt,Brayden Whisenhunt
2794,breandan-o-duinnshleibhe,Breandán Ó Duinnshleibhe
2795,breckin-meyer,Breckin Meyer
2796,breffni-mckenna,Breffni McKenna
2797,brenda-bakke,Brenda Bakke
2798,brenda-blethyn,Brenda Blethyn
2799,brenda-chapman,Brenda Chapman
2800,brenda-de-banzie,Brenda de Banzie
2801,brenda-dickson,Brenda Dickson
2802,brenda-fricker,Brenda Fricker
2803,brenda-myers-powell,Brenda Myers-Powell
2804,brenda-strong,Brenda Strong
2805,brenda-vaccaro,Brenda Vaccaro
2806,brenda-wehle,Brenda Wehle
2807,brendan-conroy,Brendan Conroy
2808,brendan-costello,Brendan Costello
2809,brendan-fraser,Brendan Fraser
2810,brendan-gleeson,Brendan Gleeson
2811,brendan-kelly,Brendan Kelly
2812,brendan-mccarthy,Brendan McCarthy
2813,brendan-mullen,Brendan Mullen
2814,brendan-sexton-iii,Brendan Sexton III
2815,brent-braunschweig,Brent Braunschweig
2816,brent-briscoe,Brent Briscoe
2817,brent-hinkley,Brent Hinkley
2818,brent-jennings,Brent Jennings
2819,brent-le-page,Brent Le Page
2820,brent-mcintyre,Brent McIntyre
2821,brent-simons,Brent Simons
2822,brent-skagford,Brent Skagford
2823,brent-spiner,Brent Spiner
2824,bret-brook-parker,Bret 'Brook' Parker
2825,bret-easton-ellis,Bret Easton Ellis
2826,brett-cullen,Brett Cullen
2827,brett-delbuono,Brett DelBuono
2828,brett-dier,Brett Dier
2829,brett-halliday,Brett Halliday
2830,brett-harrelson,Brett Harrelson
2831,brett-maletic,Brett Maletic
2832,brett-morgen,Brett Morgen
2833,brett-ratner,Brett Ratner
2834,brett-rice,Brett Rice
2835,brett-wagner,Brett Wagner
2836,bria-henderson,Bria Henderson
2837,bria-vinaite,Bria Vinaite
2838,briac-barthelemy,Briac Barthélémy
2839,brian-aldiss,Brian Aldiss
2840,brian-altemus,Brian Altemus
2841,brian-andrews,Brian Andrews
2842,brian-avery,Brian Avery
2843,brian-backer,Brian Backer
2844,brian-badcoe,Brian Badcoe
2845,brian-bedford,Brian Bedford
2846,brian-blessed,Brian Blessed
2847,brian-bovell,Brian Bovell
2848,brian-chamberlain-2,Brian Chamberlain
2849,brian-cox,Brian Cox
2850,brian-cummings,Brian Cummings
2851,brian-darcy-james,Brian d'Arcy James
2852,brian-de-palma,Brian De Palma
2853,brian-delate,Brian Delate
2854,brian-dennehy,Brian Dennehy
2855,brian-donlevy,Brian Donlevy
2856,brian-doyle-murray,Brian Doyle-Murray
2857,brian-duffy,Brian Duffy
2858,brian-f-obyrne,Brían F. O'Byrne
2859,brian-falduto,Brian Falduto
2860,brian-fallteen,Brian Fallteen
2861,brian-george,Brian George
2862,brian-geraghty,Brian Geraghty
2863,brian-hannant,Brian Hannant
2864,brian-helgeland,Brian Helgeland
2865,brian-henson,Brian Henson
2866,brian-hopkins,Brian Hopkins
2867,brian-howe,Brian Howe
2868,brian-j-burchill,Brian J. Burchill
2869,brian-johnson-3,Brian Johnson
2870,brian-kerwin,Brian Kerwin
2871,brian-kesinger,Brian Kesinger
2872,brian-le,Brian Le
2873,brian-le-baron,Brian Le Baron
2874,brian-libby,Brian Libby
2875,brian-mccarthy-7,Brian McCarthy
2876,brian-mckay,Brian McKay
2877,brian-meehl,Brian Meehl
2878,brian-michaels,Brian Michaels
2879,brian-miller,Brian Miller
2880,brian-milligan,Brian Milligan
2881,brian-murray,Brian Murray
2882,brian-ohalloran,Brian O'Halloran
2883,brian-phelan,Brian Phelan
2884,brian-pimental,Brian Pimental
2885,brian-powell,Brian Powell
2886,brian-price-3,Brian Price
2887,brian-reddy,Brian Reddy
2888,brian-rhee,Brian Rhee
2889,brian-rodger,Brian Rodger
2890,brian-routh,Brian Routh
2891,brian-scannell-2,Brian Scannell
2892,brian-selznick,Brian Selznick
2893,brian-stirner,Brian Stirner
2894,brian-stuy,Brian Stuy
2895,brian-tarantina,Brian Tarantina
2896,brian-tenenbaum,Brian Tenenbaum
2897,brian-thomas-burrell,Brian Thomas Burrell
2898,brian-thompson,Brian Thompson
2899,brian-tyler-2,Brian Tyler
2900,brian-tyree-henry,Brian Tyree Henry
2901,briana-corrigan,Briana Corrigan
2902,briann-rachele,BriAnn Rachele
2903,brid-brennan,Brid Brennan
2904,brid-ni-neachtain,Bríd Ní Neachtain
2905,bridget-3,Bridget
2906,bridget-armstrong,Bridget Armstrong
2907,bridget-fonda,Bridget Fonda
2908,bridget-mcconnell,Bridget McConnell
2909,bridget-moynahan,Bridget Moynahan
2910,bridget-oconnor,Bridget O'Connor
2911,bridget-walters,Bridget Walters
2912,brie-larson,Brie Larson
2913,brie-morgan-appleton,Brie-Morgan Appleton
2914,brien-varady,Brien Varady
2915,brigida-alexander,Brígida Alexander
2916,brigitte-bardot,Brigitte Bardot
2917,brigitte-fossey,Brigitte Fossey
2918,brigitte-helm,Brigitte Helm
2919,brigitte-juslin,Brigitte Juslin
2920,brigitte-kahn,Brigitte Kahn
2921,brigitte-kali-canales,Brigitte Kali Canales
2922,brigitte-lin,Brigitte Lin
2923,brigitte-millar,Brigitte Millar
2924,brigitte-raul,Brigitte Raul
2925,brigitte-rosset,Brigitte Rosset
2926,brigitte-viturbes,Brigitte Viturbes
2927,brion-james,Brion James
2928,britt-ekland,Britt Ekland
2929,brittany-byrnes,Brittany Byrnes
2930,brittany-eldridge,Brittany Eldridge
2931,brittany-murphy,Brittany Murphy
2932,brittany-shyne,Brittany Shyne
2933,brittney-rodriguez,Brittney Rodriguez
2934,brock-mckinney,Brock McKinney
2935,brock-peters,Brock Peters
2936,bronagh-gallagher,Bronagh Gallagher
2937,bronson-pinchot,Bronson Pinchot
2938,bronte-woodard,Bronte Woodard
2939,brontis-jodorowsky,Brontis Jodorowsky
2940,bronwen-coleman,Bronwen Coleman
2941,bronwyn-valley,Bronwyn Valley
2942,brook-fuller,Brook Fuller
2943,brooke-adams,Brooke Adams
2944,brooke-baldwin,Brooke Baldwin
2945,brooke-bloom,Brooke Bloom
2946,brooke-bundy,Brooke Bundy
2947,brooke-mccarter,Brooke McCarter
2948,brooke-smith,Brooke Smith
2949,brooklyn-demme,Brooklyn Demme
2950,brooklyn-toulson,Brooklyn Toulson
2951,brooklynn-prince,Brooklynn Prince
2952,brooks-benedict,Brooks Benedict
2953,brooks-west,Brooks West
2954,bruce-abbott,Bruce Abbott
2955,bruce-aird,Bruce Aird
2956,bruce-allpress,Bruce Allpress
2957,bruce-altman,Bruce Altman
2958,bruce-balboni,Bruce Balboni
2959,bruce-balden,Bruce Balden
2960,bruce-beatty,Bruce Beatty
2961,bruce-beeby,Bruce Beeby
2962,bruce-bennett,Bruce Bennett
2963,bruce-boa,Bruce Boa
2964,bruce-cabot,Bruce Cabot
2965,bruce-campbell,Bruce Campbell
2966,bruce-davison,Bruce Davison
2967,bruce-dern,Bruce Dern
2968,bruce-feirstein,Bruce Feirstein
2969,bruce-geller,Bruce Geller
2970,bruce-glover,Bruce Glover
2971,bruce-gooch,Bruce Gooch
2972,bruce-goodchild,Bruce Goodchild
2973,bruce-greenwood,Bruce Greenwood
2974,bruce-hampton,Bruce Hampton
2975,bruce-harwood,Bruce Harwood
2976,bruce-hopkins,Bruce Hopkins
2977,bruce-howell,Bruce Howell
2978,bruce-joel-rubin,Bruce Joel Rubin
2979,bruce-jones,Bruce Jones
2980,bruce-kimmel,Bruce Kimmel
2981,bruce-kirkpatrick,Bruce Kirkpatrick
2982,bruce-kocher,Bruce Kocher
2983,bruce-lee,Bruce Lee
2984,bruce-m-kerner,Bruce M. Kerner
2985,bruce-mackinnon,Bruce Mackinnon
2986,bruce-macvittie,Bruce MacVittie
2987,bruce-mccandless-ii,Bruce McCandless II
2988,bruce-mcgill,Bruce McGill
2989,bruce-mcintyre-iii,Bruce McIntyre III
2990,bruce-morris,Bruce Morris
2991,bruce-norris,Bruce Norris
2992,bruce-reitherman,Bruce Reitherman
2993,bruce-robinson,Bruce Robinson
2994,bruce-sinofsky,Bruce Sinofsky
2995,bruce-spence,Bruce Spence
2996,bruce-thomas,Bruce Thomas
2997,bruce-timm,Bruce Timm
2998,bruce-wagner,Bruce Wagner
2999,bruce-willis,Bruce Willis
3000,bruce-woodside,Bruce Woodside
3001,brunello-rondi,Brunello Rondi
3002,bruno-agostini,Bruno Agostini
3003,bruno-arie,Bruno Ariè
3004,bruno-baschiera,Bruno Baschiera
3005,bruno-brito-varela,Bruno Brito Varela
3006,bruno-cariello,Bruno Cariello
3007,bruno-carotenuto,Bruno Carotenuto
3008,bruno-caruso,Bruno Caruso
3009,bruno-cattaneo,Bruno Cattaneo
3010,bruno-cremer,Bruno Cremer
3011,bruno-doyon,Bruno Doyon
3012,bruno-ganz,Bruno Ganz
3013,bruno-kirby,Bruno Kirby
3014,bruno-rosaz,Bruno Rosaz
3015,bruno-sermonne,Bruno Sermonne
3016,bryan-barnes,Bryan Barnes
3017,bryan-barter,Bryan Barter
3018,bryan-batt,Bryan Batt
3019,bryan-brown,Bryan Brown
3020,bryan-callen,Bryan Callen
3021,bryan-casserly,Bryan Casserly
3022,bryan-coleman,Bryan Coleman
3023,bryan-cranston,Bryan Cranston
3024,bryan-larkin,Bryan Larkin
3025,bryan-lee-omalley,Bryan Lee O'Malley
3026,bryan-montgomery,Bryan Montgomery
3027,bryan-oneal,Bryan O'Neal
3028,bryan-pringle,Bryan Pringle
3029,bryan-reents,Bryan Reents
3030,bryan-singer,Bryan Singer
3031,bryan-stevenson-2,Bryan Stevenson
3032,bryan-watts,Bryan Watts
3033,bryce-bedsworth,Bryce Bedsworth
3034,bryce-boudoin,Bryce Boudoin
3035,bryce-dallas-howard,Bryce Dallas Howard
3036,bryce-lindemann,Bryce Lindemann
3037,bryce-silver,Bryce Silver
3038,brylyn-wall,Brylyn Wall
3039,bryony-miller,Bryony Miller
3040,bryony-skillington,Bryony Skillington
3041,bryony-wadsworth,Bryony Wadsworth
3042,bryse-gregory,Bryse Gregory
3043,buck-bucko,Buck Bucko
3044,buck-henry,Buck Henry
3045,buck-kartalian,Buck Kartalian
3046,buck-taylor,Buck Taylor
3047,bud-luckey,Bud Luckey
3048,bud-oliver,Bud Oliver
3049,buda-lira,Buda Lira
3050,budd-schulberg,Budd Schulberg
3051,buddy-clark-2,Buddy Clark
3052,buddy-douglas,Buddy Douglas
3053,buddy-ebsen,Buddy Ebsen
3054,buddy-hackett,Buddy Hackett
3055,buddy-swan,Buddy Swan
3056,buffmonster,Buffmonster
3057,buffy-davis,Buffy Davis
3058,bug-hall,Bug Hall
3059,buika,Buika
3060,bukky-bakray,Bukky Bakray
3061,bulent-keser,Bülent Keser
3062,bulle-ogier,Bulle Ogier
3063,bunny-beatty,Bunny Beatty
3064,bunny-summers,Bunny Summers
3065,bunshi-katsura-vi,Bunshi Katsura Vi
3066,bunta-sugawara,Bunta Sugawara
3067,burak-ozyilmaz,Burak Özyilmaz
3068,burgess-jenkins,Burgess Jenkins
3069,burgess-meredith,Burgess Meredith
3070,burke-byrnes,Burke Byrnes
3071,burny-mattinson,Burny Mattinson
3072,burr-steers,Burr Steers
3073,burt-kwouk,Burt Kwouk
3074,burt-lancaster,Burt Lancaster
3075,burt-neuborne,Burt Neuborne
3076,burt-reynolds,Burt Reynolds
3077,burt-young,Burt Young
3078,burton-gilliam,Burton Gilliam
3079,buster-brodie,Buster Brodie
3080,buster-fiddess,Buster Fiddess
3081,buster-keaton,Buster Keaton
3082,butterfly-mcqueen,Butterfly McQueen
3083,buzz-aldrin,Buzz Aldrin
3084,buzz-barbee,Buzz Barbee
3085,buzz-roddy,Buzz Roddy
3086,buzz-visconti,Buzz Visconti
3087,bwalya-chipampata,Bwalya Chipampata
3088,byan-anteer,Byan Anteer
3089,byrne-piven,Byrne Piven
3090,byron-barr,Byron Barr
3091,byron-foulger,Byron Foulger
3092,byron-haskin,Byron Haskin
3093,byron-howard,Byron Howard
3094,byron-jenkins,Byron Jenkins
3095,byron-jennings,Byron Jennings
3096,byron-kennedy,Byron Kennedy
3097,byron-p-cavnar,Byron P. Cavnar
3098,byron-russell,Byron Russell
3099,byun-hee-bong,Byun Hee-Bong
3100,byung-gil-kwon,Byung-gil Kwon
3101,byung-ho-son,Byung-ho Son
3102,byung-hoon-nam,Byung-Hoon Nam
3103,c-aubrey-smith,C. Aubrey Smith
3104,c-denier-warren,C. Denier Warren
3105,c-gardner-sullivan,C. Gardner Sullivan
3106,c-henry-gordon,C. Henry Gordon
3107,c-richard-johnson,C. Richard Johnson
3108,c-thomas-howell,C. Thomas Howell
3109,cab-calloway,Cab Calloway
3110,caerthan-banks,Caerthan Banks
3111,caetano-veloso,Caetano Veloso
3112,cafer-karahan,Cafer Karahan
3113,cah-out,Ca$h Out
3114,caio-junqueira,Caio Junqueira
3115,caitlin-ewald,Caitlin Ewald
3116,caitlin-hale,Caitlin Hale
3117,caitlin-thompson-3,Caitlin Thompson
3118,caity-creitz,Caity Creitz
3119,calder-willingham,Calder Willingham
3120,caleb-landry-jones,Caleb Landry Jones
3121,caledonia-curry,Caledonia Curry
3122,calista-flockhart,Calista Flockhart
3123,callan-mcauliffe,Callan McAuliffe
3124,callie-hernandez,Callie Hernandez
3125,callie-khouri,Callie Khouri
3126,callum-blake,Callum Blake
3127,callum-keith-rennie,Callum Keith Rennie
3128,calum-gittins,Calum Gittins
3129,calum-mcalees,Calum McAlees
3130,calvin-c-winbush,Calvin C. Winbush
3131,calvin-jung,Calvin Jung
3132,calvin-ka-sing-cheng,Calvin Ka-Sing Cheng
3133,calvin-lockhart,Calvin Lockhart
3134,cam-neely,Cam Neely
3135,camden-munson,Camden Munson
3136,camelia-roiu,Camelia Roiu
3137,cameron-ashplant,Cameron Ashplant
3138,cameron-boyd,Cameron Boyd
3139,cameron-bright,Cameron Bright
3140,cameron-carter-2,Cameron Carter
3141,cameron-crowe,Cameron Crowe
3142,cameron-diaz,Cameron Diaz
3143,cameron-finley,Cameron Finley
3144,cameron-fraser,Cameron Fraser
3145,cameron-jacob-alpert,Cameron Jacob Alpert
3146,cameron-thor,Cameron Thor
3147,cameron-wakefield,Cameron Wakefield
3148,cameron-wright-4,Cameron Wright
3149,cameron-zeigler,Cameron Zeigler
3150,camila-robertson-glennie,Camila Robertson Glennie
3151,camilla-belle,Camilla Belle
3152,camilla-filippi,Camilla Filippi
3153,camilla-gottlieb,Camilla Gottlieb
3154,camilla-rutherford,Camilla Rutherford
3155,camilla-sparv,Camilla Sparv
3156,camilla-waldman,Camilla Waldman
3157,camille-bardou,Camille Bardou
3158,camille-japy,Camille Japy
3159,camille-leban-martins,Camille Leban Martins
3160,camille-lo-sapio,Camille Lo Sapio
3161,camille-rutherford,Camille Rutherford
3162,camille-ucan,Camille Ucan
3163,cammie-king-conlon,Cammie King Conlon
3164,campbell-grant,Campbell Grant
3165,campbell-scott,Campbell Scott
3166,camryn-manheim,Camryn Manheim
3167,candace-broecker-penn,Candace Broecker Penn
3168,candace-hutson,Candace Hutson
3169,candela-pena,Candela Peña
3170,candice-azzara,Candice Azzara
3171,candice-bergen,Candice Bergen
3172,candida-losada,Cándida Losada
3173,candido-bonsato,Candido Bonsato
3174,candy-candido,Candy Candido
3175,candy-clark,Candy Clark
3176,candy-darling,Candy Darling
3177,candy-hansen,Candy Hansen
3178,candy-richardz,Candy Richardz
3179,canned-heat,Canned Heat
3180,capri-thomas,Capri Thomas
3181,caprysha-anderson,Caprysha Anderson
3182,captain-kidd-brewer-jr,Captain Kidd Brewer Jr.
3183,cara-buono,Cara Buono
3184,cara-d-briggs,Cara D. Briggs
3185,cara-jade-myers,Cara Jade Myers
3186,cara-seymour,Cara Seymour
3187,cara-yeates,Cara Yeates
3188,carel-struycken,Carel Struycken
3189,caren-l-larkey,Caren L. Larkey
3190,carey-beckerdite,Carey Beckerdite
3191,carey-lee-mckenzie,Carey Lee McKenzie
3192,carey-loftin,Carey Loftin
3193,carey-lowell,Carey Lowell
3194,carey-mulligan,Carey Mulligan
3195,carey-wilson,Carey Wilson
3196,carina-lau,Carina Lau
3197,carl,Carl
3198,carl-anderson-2,Carl Anderson
3199,carl-andre,Carl Andre
3200,carl-balhaus,Carl Balhaus
3201,carl-bernstein,Carl Bernstein
3202,carl-billquist,Carl Billquist
3203,carl-bressler,Carl Bressler
3204,carl-brown,Carl Brown
3205,carl-chase,Carl Chase
3206,carl-ditomasso,Carl DiTomasso
3207,carl-duering,Carl Duering
3208,carl-foreman,Carl Foreman
3209,carl-franklin,Carl Franklin
3210,carl-gottlieb,Carl Gottlieb
3211,carl-j-matusovich,Carl J. Matusovich
3212,carl-jadot,Carl Jadot
3213,carl-jaffe,Carl Jaffe
3214,carl-koch,Carl Koch
3215,carl-low-2,Carl Low
3216,carl-lumbly,Carl Lumbly
3217,carl-mayer,Carl Mayer
3218,carl-mohner,Carl Möhner
3219,carl-nanor,Carl Nanor
3220,carl-parker,Carl Parker
3221,carl-r-hughes,Carl R. Hughes
3222,carl-sprague,Carl Sprague
3223,carl-theodor-dreyer,Carl Theodor Dreyer
3224,carl-weathers,Carl Weathers
3225,carl-winston,Carl Winston
3226,carl-york,Carl York
3227,carl-zuckmayer,Carl Zuckmayer
3228,carla-bruni,Carla Bruni
3229,carla-cattani,Carla Cattani
3230,carla-gordillo,Carla Gordillo
3231,carla-gugino,Carla Gugino
3232,carla-hatley,Carla Hatley
3233,carla-quevedo,Carla Quevedo
3234,carla-ribas,Carla Ribas
3235,carla-rupuha,Carla Rupuha
3236,carla-simon,Carla Simón
3237,carleigh-bettiol,Carleigh Bettiol
3238,carles-cabos,Carles Cabós
3239,carleton-young,Carleton Young
3240,carlo-alvieri,Carlo Alvieri
3241,carlo-battisti,Carlo Battisti
3242,carlo-buccirosso,Carlo Buccirosso
3243,carlo-collodi,Carlo Collodi
3244,carlo-manchini,Carlo Manchini
3245,carlo-massimino,Carlo Massimino
3246,carlo-musto,Carlo Musto
3247,carlo-nell,Carlo Nell
3248,carlo-romano,Carlo Romano
3249,carlo-tarmati,Carlo Tarmati
3250,carlo-valenzano,Carlo Valenzano
3251,carlo-verdone,Carlo Verdone
3252,carlos-alazraqui,Carlos Alazraqui
3253,carlos-alberto-2,Carlos Alberto
3254,carlos-blanco,Carlos Blanco
3255,carlos-cano-5,Carlos Cano
3256,carlos-carrasco,Carlos Carrasco
3257,carlos-chahine,Carlos Chahine
3258,carlos-cocina,Carlos Cociña
3259,carlos-cuaron,Carlos Cuarón
3260,carlos-davis-4,Carlos Davis
3261,carlos-defeo,Carlos Defeo
3262,carlos-e-gonzalez,Carlos E. Gonzalez
3263,carlos-emilio-baez,Carlos Emilio Báez
3264,carlos-garcia-cambero,Carlos García Cambero
3265,carlos-gomez,Carlos Gómez
3266,carlos-grangel,Carlos Grangel
3267,carlos-lanari,Carlos Lanari
3268,carlos-lauchu,Carlos Lauchu
3269,carlos-lozano,Carlos Lozano
3270,carlos-miranda-8,Carlos Miranda
3271,carlos-ounsougan,Carlos Ounsougan
3272,carlos-peralta-2,Carlos Peralta
3273,carlos-peres,Carlos Peres
3274,carlos-pina,Carlos Pina
3275,carlos-roche,Carlos Roche
3276,carlos-saldanha,Carlos Saldanha
3277,carlos-sanchez-falu,Carlos Sanchez Falu
3278,carlos-sintes,Carlos Sintes
3279,carlos-valenzuela-2,Carlos Valenzuela
3280,carlos-vasquez-5,Carlos Vasquez
3281,carlton-bembry,Carlton Bembry
3282,carly-nahon,Carly Nahon
3283,carly-owen,Carly Owen
3284,carme-fortuny,Carme Fortuny
3285,carmel-johnson,Carmel Johnson
3286,carmel-mccallion,Carmel McCallion
3287,carmela-covino,Carmela Covino
3288,carmelo-marabello,Carmelo Marabello
3289,carmelo-oliviero,Carmelo Oliviero
3290,carmen-balague,Carmen Balagué
3291,carmen-beato,Carmen Beato
3292,carmen-filpi,Carmen Filpi
3293,carmen-flores,Carmen Flores
3294,carmen-iriondo,Carmen Iriondo
3295,carmen-kaichi,Carmen Kaichi
3296,carmen-leyva,Carmen Leyva
3297,carmen-llywelyn,Carmen Llywelyn
3298,carmen-lopez-3,Carmen López
3299,carmen-m-herlihy,Carmen M. Herlihy
3300,carmen-martinez-3,Carmen Martínez
3301,carmen-maura,Carmen Maura
3302,carmen-mormino,Carmen Mormino
3303,carmen-phillips,Carmen Phillips
3304,carmen-ramos-2,Carmen Ramos
3305,carmen-salinas,Carmen Salinas
3306,carmen-twillie,Carmen Twillie
3307,carmencita-johnson,Carmencita Johnson
3308,carmi-gillon,Carmi Gillon
3309,carmina-martinez,Carmiña Martínez
3310,carmine-foresta,Carmine Foresta
3311,carminho,Carminho
3312,carol-bivins,Carol Bivins
3313,carol-bruce,Carol Bruce
3314,carol-cleveland,Carol Cleveland
3315,carol-dexter,Carol Dexter
3316,carol-duarte,Carol Duarte
3317,carol-florence,Carol Florence
3318,carol-hughes,Carol Hughes
3319,carol-kane,Carol Kane
3320,carol-lazare,Carol Lazare
3321,carol-mansell,Carol Mansell
3322,carol-mcguigan,Carol McGuigan
3323,carol-nadell,Carol Nadell
3324,carol-natasha-mwale,Carol Natasha Mwale
3325,carol-pritikin,Carol Pritikin
3326,carol-reed,Carol Reed
3327,carol-suarez,Carol Suárez
3328,carola-mcguinness,Carola McGuinness
3329,carole-c-smitherman,Carole C. Smitherman
3330,carole-carle,Carole Carle
3331,carole-de-saram,Carole De Saram
3332,carole-eastman,Carole Eastman
3333,carole-franck,Carole Franck
3334,carole-fritz,Carole Fritz
3335,carole-lombard,Carole Lombard
3336,carole-shelley,Carole Shelley
3337,carolin-haupt,Carolin Haupt
3338,carolina-giammetta,Carolina Giammetta
3339,carolina-grabova,Carolina Grabova
3340,carolina-herrera-bohorquez,Carolina Herrera Bohórquez
3341,carolina-van-wyhe,Carolina Van Wyhe
3342,caroline-alexander,Caroline Alexander
3343,caroline-baehr,Caroline Baehr
3344,caroline-blakiston,Caroline Blakiston
3345,caroline-cawley,Caroline Cawley
3346,caroline-eliacheff,Caroline Eliacheff
3347,caroline-goodall,Caroline Goodall
3348,caroline-hunt,Caroline Hunt
3349,caroline-kava,Caroline Kava
3350,caroline-loeb,Caroline Loeb
3351,caroline-malin,Caroline Malin
3352,caroline-oconnor,Caroline O'Connor
3353,caroline-overington,Caroline Overington
3354,caroline-raynaud,Caroline Raynaud
3355,caroline-silhol,Caroline Silhol
3356,caroline-thompson,Caroline Thompson
3357,caroline-woolley,Caroline Woolley
3358,carolyn-bracken,Carolyn Bracken
3359,carolyn-coates,Carolyn Coates
3360,carolyn-enger,Carolyn Enger
3361,carolyn-farina,Carolyn Farina
3362,carolyn-hetherington,Carolyn Hetherington
3363,carolyn-jones,Carolyn Jones
3364,carolyn-lawrence,Carolyn Lawrence
3365,carolyn-lee-brown,Carolyn Lee Brown
3366,carolyn-lowery,Carolyn Lowery
3367,carolyn-michelle-smith,Carolyn Michelle Smith
3368,carolyn-pickles,Carolyn Pickles
3369,carolyn-porco,Carolyn Porco
3370,carolyn-purdy-gordon,Carolyn Purdy-Gordon
3371,carolyn-saint-pe,Carolyn Saint-Pé
3372,carrie-anne-moss,Carrie-Anne Moss
3373,carrie-brownstein,Carrie Brownstein
3374,carrie-crowley,Carrie Crowley
3375,carrie-fisher,Carrie Fisher
3376,carrie-henn,Carrie Henn
3377,carrie-lynn,Carrie Lynn
3378,carrie-preston,Carrie Preston
3379,carroll-nye,Carroll Nye
3380,carroll-oconnor,Carroll O'Connor
3381,carson-mell,Carson Mell
3382,carsten-bodinus,Carsten Bodinus
3383,carter-john-grout,Carter John Grout
3384,cary-elwes,Cary Elwes
3385,cary-grant,Cary Grant
3386,cary-guffey,Cary Guffey
3387,cas-anvar,Cas Anvar
3388,case-degroot,Case Degroot
3389,casey-affleck,Casey Affleck
3390,casey-bond-2,Casey Bond
3391,casey-chavez,Casey Chavez
3392,casey-maclaren,Casey MacLaren
3393,casey-robinson,Casey Robinson
3394,casey-siemaszko,Casey Siemaszko
3395,casper-balsam,Casper Balsam
3396,casper-liang,Casper Liang
3397,casper-van-dien,Casper Van Dien
3398,cassandra-gava,Cassandra Gava
3399,cassandra-halliburton,Cassandra Halliburton
3400,cassandra-ward-freeman,Cassandra Ward-Freeman
3401,cassie-cook,Cassie Cook
3402,cassie-friel,Cassie Friel
3403,castulo-guerra,Castulo Guerra
3404,cat-clifford,Cat Clifford
3405,catalin-tolontan,Catalin Tolontan
3406,catalina-harabagiu,Catalina Harabagiu
3407,catalina-sandino-moreno,Catalina Sandino Moreno
3408,cate-bauer,Cate Bauer
3409,cate-blanchett,Cate Blanchett
3410,caterina-boratto,Caterina Boratto
3411,caterina-murino,Caterina Murino
3412,catherine-allegret,Catherine Allégret
3413,catherine-an,Catherine An
3414,catherine-berg,Catherine Berg
3415,catherine-berge,Catherine Berge
3416,catherine-clinch-2,Catherine Clinch
3417,catherine-cohen,Catherine Cohen
3418,catherine-curtin,Catherine Curtin
3419,catherine-deneuve,Catherine Deneuve
3420,catherine-dent,Catherine Dent
3421,catherine-dyson,Catherine Dyson
3422,catherine-foster,Catherine Foster
3423,catherine-isabelle-duport,Catherine-Isabelle Duport
3424,catherine-jourdan,Catherine Jourdan
3425,catherine-joy-johnson,Catherine Joy Johnson
3426,catherine-keener,Catherine Keener
3427,catherine-lacey,Catherine Lacey
3428,catherine-lambert,Catherine Lambert
3429,catherine-mangan,Catherine Mangan
3430,catherine-mines,Catherine Mines
3431,catherine-ohara,Catherine O'Hara
3432,catherine-oliviere,Catherine Oliviere
3433,catherine-rouvel,Catherine Rouvel
3434,catherine-salee,Catherine Salée
3435,catherine-scorsese,Catherine Scorsese
3436,catherine-therouenne,Catherine Therouenne
3437,catherine-turney,Catherine Turney
3438,catherine-vinatier,Catherine Vinatier
3439,catherine-wolf,Catherine Wolf
3440,catherine-zeta-jones,Catherine Zeta-Jones
3441,catholic-discipline,Catholic Discipline
3442,cathy-adamek,Cathy Adamek
3443,cathy-cavadini,Cathy Cavadini
3444,cathy-gulkin,Cathy Gulkin
3445,cathy-moriarty,Cathy Moriarty
3446,cathy-odonnell,Cathy O'Donnell
3447,cathy-rosier,Cathy Rosier
3448,cathy-scorsese,Cathy Scorsese
3449,cathy-tyson,Cathy Tyson
3450,catinca-untaru,Catinca Untaru
3451,catrice,Catrice
3452,catrin-rhys,Catrin Rhys
3453,cavan-kendall,Cavan Kendall
3454,cayetano-ruiz,Cayetano Ruiz
3455,cch-pounder,CCH Pounder
3456,ce-anderson,C.E. Anderson
3457,ceal,Ceal
3458,cec-linder,Cec Linder
3459,cecil-b-demille,Cecil B. DeMille
3460,cecil-cunningham,Cecil Cunningham
3461,cecil-davis-2,Cecil Davis
3462,cecil-elliott,Cecil Elliott
3463,cecil-hoffman,Cecil Hoffman
3464,cecil-mcgivern,Cecil McGivern
3465,cecil-parker,Cecil Parker
3466,cecil-reynolds,Cecil Reynolds
3467,cecile-bodson,Cécile Bodson
3468,cecile-boland,Cécile Boland
3469,cecile-brunet-ludet,Cécile Brunet-Ludet
3470,cecile-de-france,Cécile de France
3471,cecile-garcia-fogel,Cécile Garcia-Fogel
3472,cecile-tanner,Cécile Tanner
3473,cecilia-cheung,Cecilia Cheung
3474,cecilia-paul,Cecilia Paul
3475,cecilia-rainero,Cecilia Rainero
3476,cecilia-roth,Cecilia Roth
3477,cecillia-stark,Cecillia Stark
3478,cecylia-pekala,Cecylia Pekala
3479,cedric-hardwicke,Cedric Hardwicke
3480,cedric-kahn,Cédric Kahn
3481,cedric-luvuezo,Cédric Luvuezo
3482,cedric-the-entertainer,Cedric The Entertainer
3483,celesta-hodge,Celesta Hodge
3484,celeste-arias,Celeste Arias
3485,celeste-bell,Celeste Bell
3486,celeste-holm,Celeste Holm
3487,celeste-sparrow,Celeste Sparrow
3488,celeste-weaver,Celeste Weaver
3489,celia-imrie,Celia Imrie
3490,celia-johnson,Celia Johnson
3491,celia-juarez,Celia Juárez
3492,celia-keenan-bolger,Celia Keenan-Bolger
3493,celia-rowlson-hall,Celia Rowlson-Hall
3494,celia-weston,Celia Weston
3495,celine-lepage,Celine Lepage
3496,celine-sciamma,Céline Sciamma
3497,celine-song,Celine Song
3498,celine-soulier,Celine Soulier
3499,cenan-beljulji,Cenan Beljulji
3500,cengiz-bozkurt,Cengiz Bozkurt
3501,cengiz-daner,Cengiz Daner
3502,cerasela-iosifescu,Cerasela Iosifescu
3503,cesar-aguirre-2,Cesar Aguirre
3504,cesar-baldaccini,César Baldaccini
3505,cesar-romero,Cesar Romero
3506,cesar-troisgros,César Troisgros
3507,cesar-vea,César Vea
3508,cesar-vicente,César Vicente
3509,cesare-danova,Cesare Danova
3510,cesare-zavattini,Cesare Zavattini
3511,cesarino-miceli-picardi,Cesarino Miceli Picardi
3512,cezary-harasimowicz,Cezary Harasimowicz
3513,cezary-pazura,Cezary Pazura
3514,cha-mi-kyung,Cha Mi-kyung
3515,chabbi-lal-gandharba,Chabbi Lal Gandharba
3516,chad-beck,Chad Beck
3517,chad-christ,Chad Christ
3518,chad-cromwell,Chad Cromwell
3519,chad-foster,Chad Foster
3520,chad-knorr,Chad Knorr
3521,chad-lindberg,Chad Lindberg
3522,chad-mcqueen,Chad McQueen
3523,chad-morris-3,Chad Morris
3524,chad-stahelski,Chad Stahelski
3525,chad-stuart,Chad Stuart
3526,chad-warbington,Chad Warbington
3527,chadwick-boseman,Chadwick Boseman
3528,chae-soo-jang,Chae-soo Jang
3529,chaitali-bose,Chaitali Bose
3530,chaka-khan,Chaka Khan
3531,chalongsak-sirimahasan,Chalongsak Sirimahasan
3532,chan-guk-park,Chan-guk Park
3533,chan-suan,Chan Suan
3534,chance-kelly,Chance Kelly
3535,chance-michael-corbitt,Chance Michael Corbitt
3536,chance-nguessan,Chance N'Guessan
3537,chandler-garrett,Chandler Garrett
3538,chandler-lovelle,Chandler Lovelle
3539,chanel-cresswell,Chanel Cresswell
3540,chang-chen,Chang Chen
3541,chang-sook-ryu,Chang-sook Ryu
3542,chang-xiao-yang,Chang Xiao Yang
3543,changhua-zhang,Changhua Zhang
3544,chano-urueta,Chano Urueta
3545,chantal-akerman,Chantal Akerman
3546,chantal-darget,Chantal Darget
3547,chantal-goya,Chantal Goya
3548,chantal-neuwirth,Chantal Neuwirth
3549,chantelle-bishop,Chantelle Bishop
3550,chaobei-wang,Chaobei Wang
3551,chaouki-charbel,Chaouki Charbel
3552,chapman-to,Chapman To
3553,charif-kiwan,Charif Kiwan
3554,charisse-bellante,Charisse Bellante
3555,charlayne-hunter-gault,Charlayne Hunter-Gault
3556,charlayne-woodard,Charlayne Woodard
3557,charleen-mcclure,Charleen McClure
3558,charleen-swansea,Charleen Swansea
3559,charlene-belleau,Charlene Belleau
3560,charlene-holt,Charlene Holt
3561,charlene-swankie,Charlene Swankie
3562,charles-a-browne,Charles A. Browne
3563,charles-a-tamburro,Charles A. Tamburro
3564,charles-adams-3,Charles Adams
3565,charles-akins,Charles Akins
3566,charles-albert-patino,Charles Albert Patiño
3567,charles-alverson,Charles Alverson
3568,charles-andre,Charles Andre
3569,charles-armstrong-2,Charles Armstrong
3570,charles-arnt,Charles Arnt
3571,charles-azeh,Charles Azeh
3572,charles-b-fitzsimons,Charles B. Fitzsimons
3573,charles-b-griffith,Charles B. Griffith
3574,charles-bartlett,Charles Bartlett
3575,charles-bastin,Charles Bastin
3576,charles-bates,Charles Bates
3577,charles-bayard,Charles Bayard
3578,charles-bennett,Charles Bennett
3579,charles-berling,Charles Berling
3580,charles-bethea,Charles Bethea
3581,charles-bickford,Charles Bickford
3582,charles-black-6,Charles Black
3583,charles-blavette,Charles Blavette
3584,charles-boyer,Charles Boyer
3585,charles-brackett,Charles Brackett
3586,charles-bracy,Charles Bracy
3587,charles-brandt,Charles Brandt
3588,charles-bright,Charles Bright
3589,charles-bronson,Charles Bronson
3590,charles-burnett,Charles Burnett
3591,charles-c-stevenson-jr,Charles C. Stevenson Jr.
3592,charles-c-wilson,Charles C. Wilson
3593,charles-chaplin,Charles Chaplin
3594,charles-chiodo,Charles Chiodo
3595,charles-coburn,Charles Coburn
3596,charles-cork,Charles Cork
3597,charles-craig,Charles Craig
3598,charles-crichton,Charles Crichton
3599,charles-crumb,Charles Crumb
3600,charles-cyphers,Charles Cyphers
3601,charles-d-brown,Charles D. Brown
3602,charles-dance,Charles Dance
3603,charles-davis-8,Charles Davis
3604,charles-dayton,Charles Dayton
3605,charles-de-gaulle,Charles de Gaulle
3606,charles-denner,Charles Denner
3607,charles-dickens,Charles Dickens
3608,charles-dierkop,Charles Dierkop
3609,charles-drake,Charles Drake
3610,charles-duke,Charles Duke
3611,charles-dullin,Charles Dullin
3612,charles-durning,Charles Durning
3613,charles-edouard-renault,Charles-Edouard Renault
3614,charles-edward-pogue,Charles Edward Pogue
3615,charles-farrell-2,Charles Farrell
3616,charles-fathy,Charles Fathy
3617,charles-fawcett,Charles Fawcett
3618,charles-ferguson-3,Charles Ferguson
3619,charles-fitzpatrick,Charles Fitzpatrick
3620,charles-fleischer,Charles Fleischer
3621,charles-forbes,Charles Forbes
3622,charles-frank,Charles Frank
3623,charles-furneaux,Charles Furneaux
3624,charles-geary,Charles Geary
3625,charles-gherardi,Charles Gherardi
3626,charles-granval,Charles Granval
3627,charles-gray,Charles Gray
3628,charles-green-2,Charles Green
3629,charles-grodin,Charles Grodin
3630,charles-gunning,Charles Gunning
3631,charles-hallahan,Charles Hallahan
3632,charles-halton,Charles Halton
3633,charles-hambleton,Charles Hambleton
3634,charles-hawtrey,Charles Hawtrey
3635,charles-holloway,Charles Holloway
3636,charles-horvath,Charles Horvath
3637,charles-howerton,Charles Howerton
3638,charles-jarman,Charles Jarman
3639,charles-jordan,Charles Jordan
3640,charles-judels,Charles Judels
3641,charles-kaleina,Charles Kaleina
3642,charles-kay,Charles Kay
3643,charles-kimbrough,Charles Kimbrough
3644,charles-klapow,Charles Klapow
3645,charles-kohlhase,Charles Kohlhase
3646,charles-lane,Charles Lane
3647,charles-laughton,Charles Laughton
3648,charles-lavialle,Charles Lavialle
3649,charles-lederer,Charles Lederer
3650,charles-levin,Charles Levin
3651,charles-lewis-iii,Charles Lewis III
3652,charles-lloyd-pack,Charles Lloyd Pack
3653,charles-macarthur,Charles MacArthur
3654,charles-mandracchia,Charles Mandracchia
3655,charles-martin-smith,Charles Martin Smith
3656,charles-may-2,Charles May
3657,charles-mayer,Charles Mayer
3658,charles-mcgraw,Charles McGraw
3659,charles-mckeown,Charles McKeown
3660,charles-melton,Charles Melton
3661,charles-mendl,Charles Mendl
3662,charles-middleton,Charles Middleton
3663,charles-monnoyer,Charles Monnoyer
3664,charles-moore-2,Charles Moore
3665,charles-moore-3,Charles Moore
3666,charles-morris-5,Charles Morris
3667,charles-mulvehill,Charles Mulvehill
3668,charles-napier,Charles Napier
3669,charles-noland,Charles Noland
3670,charles-nordhoff,Charles Nordhoff
3671,charles-oliver,Charles Oliver
3672,charles-paraventi,Charles Paraventi
3673,charles-paton,Charles Paton
3674,charles-perrault,Charles Perrault
3675,charles-pierard,Charles Pierard
3676,charles-r-moore,Charles R. Moore
3677,charles-rocket,Charles Rocket
3678,charles-ruggles,Charles Ruggles
3679,charles-schnee,Charles Schnee
3680,charles-scorsese,Charles Scorsese
3681,charles-shay,Charles Shay
3682,charles-smith,Charles Smith
3683,charles-tyner,Charles Tyner
3684,charles-v-ford,Charles V. Ford
3685,charles-vanel,Charles Vanel
3686,charles-wagenheim,Charles Wagenheim
3687,charles-waldron,Charles Waldron
3688,charles-walker,Charles Walker
3689,charles-walker-3,Charles Walker
3690,charles-webb,Charles Webb
3691,charles-weldon,Charles Weldon
3692,charles-williams,Charles Williams
3693,charles-winninger,Charles Winninger
3694,charley-grapewin,Charley Grapewin
3695,charli-persip,Charli Persip
3696,charlie-19,Charlie
3697,charlie-adler,Charlie Adler
3698,charlie-barnett-3,Charlie Barnett
3699,charlie-creed-miles,Charlie Creed-Miles
3700,charlie-dell,Charlie Dell
3701,charlie-e-schmidt,Charlie E. Schmidt
3702,charlie-esoko,Charlie Esoko
3703,charlie-falk,Charlie Falk
3704,charlie-hannah-3,Charlie Hannah
3705,charlie-hardwick,Charlie Hardwick
3706,charlie-heaton,Charlie Heaton
3707,charlie-hiscock,Charlie Hiscock
3708,charlie-hodge,Charlie Hodge
3709,charlie-hofheimer,Charlie Hofheimer
3710,charlie-ian,Charlie Ian
3711,charlie-jampijinpa-brown,Charlie Jampijinpa Brown
3712,charlie-kaufman,Charlie Kaufman
3713,charlie-oconnell,Charlie O'Connell
3714,charlie-qulitalik,Charlie Qulitalik
3715,charlie-sexton,Charlie Sexton
3716,charlie-sheen,Charlie Sheen
3717,charlie-von-simson,Charlie von Simson
3718,charlie-watts,Charlie Watts
3719,charlie-yeung,Charlie Yeung
3720,charline-bourgeois-tacquet,Charline Bourgeois-Tacquet
3721,charlize-theron,Charlize Theron
3722,charlotte-aronofsky,Charlotte Aronofsky
3723,charlotte-ayanna,Charlotte Ayanna
3724,charlotte-clamens,Charlotte Clamens
3725,charlotte-curley,Charlotte Curley
3726,charlotte-gainsbourg,Charlotte Gainsbourg
3727,charlotte-kaufman,Charlotte Kaufman
3728,charlotte-kinder,Charlotte Kinder
3729,charlotte-prior,Charlotte Prior
3730,charlotte-rampling,Charlotte Rampling
3731,charlotte-stewart,Charlotte Stewart
3732,charlotte-ubben,Charlotte Ubben
3733,charlotte-very,Charlotte Véry
3734,charlotte-wells,Charlotte Wells
3735,charlotte-zwerin,Charlotte Zwerin
3736,charlton-heston,Charlton Heston
3737,charly-hubner,Charly Hübner
3738,charlyne-yi,Charlyne Yi
3739,chas-mastin,Chas Mastin
3740,chase-hawkins,Chase Hawkins
3741,chase-joliet,Chase Joliet
3742,chasten-harmon,Chasten Harmon
3743,chatthapong-phantana-angkul,Chatthapong Phantana-Angkul
3744,chau-thien-kim,Chau Thien Kim
3745,chava-alberstein,Chava Alberstein
3746,chayanith-riddhimat,Chayanith Riddhimat
3747,chaz-ebert,Chaz Ebert
3748,chazz-dominguez,Chazz Dominguez
3749,chazz-menendez,Chazz Menendez
3750,chazz-palminteri,Chazz Palminteri
3751,cheathavuth-watcharakhun,Cheathavuth Watcharakhun
3752,cheech-marin,Cheech Marin
3753,cheick-oumar-maiga,Cheick Oumar Maiga
3754,cheik-ag-emakni,Cheik A.G. Emakni
3755,cheikh-gueye,Cheikh Gueye
3756,chelan-simmons,Chelan Simmons
3757,chelcie-lynn,Chelcie Lynn
3758,chelcie-ross,Chelcie Ross
3759,chelse-swain,Chelse Swain
3760,chelsea-alden,Chelsea Alden
3761,chelsea-moore,Chelsea Moore
3762,chema-adeva,Chema Adeva
3763,chema-ruiz,Chema Ruiz
3764,chen-qiushi,Chen Qiushi
3765,cheng-lin-xu,Cheng Lin Xu
3766,cheol-ho-yeom,Cheol-ho Yeom
3767,cheol-woo-han,Cheol-woo Han
3768,cher,Cher
3769,cheri-oteri,Cheri Oteri
3770,cherie-nichole,Cherie Nichole
3771,cherif-bounaidja-rachedi,Cherif Bounaïdja Rachedi
3772,cherrilene-cardinal,Cherrilene Cardinal
3773,cheryl-callaway,Cheryl Callaway
3774,cheryl-freeman,Cheryl Freeman
3775,cheryl-guttridge,Cheryl Guttridge
3776,cheryl-hamada,Cheryl Hamada
3777,cheryl-livaudais,Cheryl Livaudais
3778,cheryl-pay,Cheryl Pay
3779,chester-2,Chester
3780,chester-a-bachman,Chester A. Bachman
3781,chester-clute,Chester Clute
3782,chester-conklin,Chester Conklin
3783,chester-gan,Chester Gan
3784,chet-brandenburg,Chet Brandenburg
3785,chet-kumari-gayek,Chet Kumari Gayek
3786,chetan-bhagat,Chetan Bhagat
3787,chevy-chase,Chevy Chase
3788,cheyenne-rushing,Cheyenne Rushing
3789,chhaya-kadam,Chhaya Kadam
3790,chi-keung-fung,Chi-Keung Fung
3791,chi-keung-wan,Chi-Keung Wan
3792,chi-ma,Chi Ma
3793,chi-nguyen-3,Chi Nguyen
3794,chia-hui-liu,Chia-Hui Liu
3795,chia-yung-liu,Chia-Yung Liu
3796,chiaki-kuriyama,Chiaki Kuriyama
3797,chiara-caselli,Chiara Caselli
3798,chiara-danna,Chiara D'Anna
3799,chiara-mastroianni,Chiara Mastroianni
3800,chiara-pazzaglia,Chiara Pazzaglia
3801,chiara-tomarelli,Chiara Tomarelli
3802,chiara-zanni,Chiara Zanni
3803,chibuike-marvelous-egbo,Chibuike Marvelous Egbo
3804,chick-gandil,Chick Gandil
3805,chick-ortega,Chick Ortega
3806,chico-hamilton,Chico Hamilton
3807,chico-marx,Chico Marx
3808,chie-kitagawa,Chie Kitagawa
3809,chie-kojiro,Chie Kôjiro
3810,chief-dan-george,Chief Dan George
3811,chief-isaac-of-the-trondek-hwechin-klondike-han,Chief Isaac of the Tr'ondek Hwech'in Klondike Han
3812,chief-john-big-tree,Chief John Big Tree
3813,chief-willie-sellars,Chief Willie Sellars
3814,chief-yowlachie,Chief Yowlachie
3815,chieko-baisho,Chieko Baishô
3816,chieko-higashiyama,Chieko Higashiyama
3817,chieko-naniwa,Chieko Naniwa
3818,chika-sakamoto,Chika Sakamoto
3819,chikao-otsuka,Chikao Ôtsuka
3820,chill-wills,Chill Wills
3821,chin-han,Chin Han
3822,chinami-nishimura,Chinami Nishimura
3823,chinenye-ezeudu,Chinenye Ezeudu
3824,ching-valdes-aran,Ching Valdes-Aran
3825,chinnie-ding,Chinnie Ding
3826,chintara-sukapatana,Chintara Sukapatana
3827,chip-love,Chip Love
3828,chip-miller,Chip Miller
3829,chip-pickering,Chip Pickering
3830,chipo-chung,Chipo Chung
3831,chips-rafferty,Chips Rafferty
3832,chishu-ryu,Chishû Ryû
3833,chiwetel-ejiofor,Chiwetel Ejiofor
3834,chiyako-shibahara,Chiyako Shibahara
3835,chloe-davis,Chloe Davis
3836,chloe-east,Chloe East
3837,chloe-grace-moretz,Chloë Grace Moretz
3838,chloe-hurn,Chloe Hurn
3839,chloe-lambert,Chloé Lambert
3840,chloe-lee-3,Chloe Lee
3841,chloe-maayan,Chloe Maayan
3842,chloe-perez-2,Chloe Perez
3843,chloe-sevigny,Chloë Sevigny
3844,chloe-zhao,Chloé Zhao
3845,cho-woo-choi,Cho-woo Choi
3846,cho-yeo-jeong,Cho Yeo-jeong
3847,chocho-miyako,Chôchô Miyako
3848,choderlos-de-laclos,Choderlos de Laclos
3849,choe-min-2,Choe Min
3850,choei-takahashi,Chôei Takahashi
3851,choi-jin-ho,Choi Jin-ho
3852,choi-jung-woo,Choi Jung-woo
3853,choi-min-sik,Choi Min-sik
3854,choi-seung-ho,Choi Seung-ho
3855,choi-wonyoung,Choi Wonyoung
3856,choi-woo-sik,Choi Woo-sik
3857,choi-yong-hyun,Choi Yong-hyun
3858,choichiro-kawarasaki,Chôichirô Kawarasaki
3859,chophaka-chaiyuchit,Chophaka Chaiyuchit
3860,chopper-bernet,Chopper Bernet
3861,chow-yun-fat,Chow Yun-Fat
3862,chris-addison,Chris Addison
3863,chris-ambrose,Chris Ambrose
3864,chris-anastasio,Chris Anastasio
3865,chris-bauer,Chris Bauer
3866,chris-bergoch,Chris Bergoch
3867,chris-boeckmann,Chris Boeckmann
3868,chris-browning,Chris Browning
3869,chris-bryant,Chris Bryant
3870,chris-buck,Chris Buck
3871,chris-burns-9,Chris Burns
3872,chris-burroughs,Chris Burroughs
3873,chris-carter,Chris Carter
3874,chris-carter-3,Chris Carter
3875,chris-chalk,Chris Chalk
3876,chris-christie,Chris Christie
3877,chris-columbus,Chris Columbus
3878,chris-conroy-3,Chris Conroy
3879,chris-cooper,Chris Cooper
3880,chris-darwin,Chris Darwin
3881,chris-dietz,Chris Dietz
3882,chris-doubek,Chris Doubek
3883,chris-elliott,Chris Elliott
3884,chris-ellis,Chris Ellis
3885,chris-farley,Chris Farley
3886,chris-frantz,Chris Frantz
3887,chris-garcia-9,Chris Garcia
3888,chris-gartin,Chris Gartin
3889,chris-gerolmo,Chris Gerolmo
3890,chris-giarmo,Chris Giarmo
3891,chris-gilbert,Chris Gilbert
3892,chris-grant-5,Chris Grant
3893,chris-hale,Chris Hale
3894,chris-haywood,Chris Haywood
3895,chris-hemsworth,Chris Hemsworth
3896,chris-hillman,Chris Hillman
3897,chris-hubbell,Chris Hubbell
3898,chris-isaak,Chris Isaak
3899,chris-jackson-8,Chris Jackson
3900,chris-jarell,Chris Jarell
3901,chris-johnson-72,Chris Johnson
3902,chris-kell,Chris Kell
3903,chris-klein,Chris Klein
3904,chris-langham,Chris Langham
3905,chris-marker,Chris Marker
3906,chris-mchallem,Chris McHallem
3907,chris-mckim,Chris McKim
3908,chris-mcnair,Chris McNair
3909,chris-messina,Chris Messina
3910,chris-miller-17,Chris Miller
3911,chris-morgan,Chris Morgan
3912,chris-mulkey,Chris Mulkey
3913,chris-new,Chris New
3914,chris-noonan,Chris Noonan
3915,chris-odonnell,Chris O'Donnell
3916,chris-ohara,Chris O'Hara
3917,chris-owen,Chris Owen
3918,chris-pedersen,Chris Pedersen
3919,chris-penn,Chris Penn
3920,chris-pine,Chris Pine
3921,chris-poche,Chris Poche
3922,chris-pratt,Chris Pratt
3923,chris-rankin,Chris Rankin
3924,chris-rebello,Chris Rebello
3925,chris-rehmann,Chris Rehmann
3926,chris-renaud,Chris Renaud
3927,chris-roberts-19,Chris Roberts
3928,chris-samples,Chris Samples
3929,chris-sanders-2,Chris Sanders
3930,chris-sarandon,Chris Sarandon
3931,chris-stack,Chris Stack
3932,chris-taylor-27,Chris Taylor
3933,chris-tenzis,Chris Tenzis
3934,chris-terrill,Chris Terrill
3935,chris-terrio,Chris Terrio
3936,chris-thomas-king,Chris Thomas King
3937,chris-tucker,Chris Tucker
3938,chris-ure,Chris Ure
3939,chris-van-allsburg,Chris Van Allsburg
3940,chris-warren,Chris Warren
3941,chris-wedge,Chris Wedge
3942,chris-weir-2,Chris Weir
3943,chris-wheat,Chris Wheat
3944,chris-williams,Chris Williams
3945,chris-williams-12,Chris Williams
3946,chrispan-rigby,Chrispan Rigby
3947,christa-lang,Christa Lang
3948,christa-young,Christa Young
3949,christano-camargo,Christano Camargo
3950,christel-baras,Christel Baras
3951,christelle-delbrouck,Christelle Delbrouck
3952,christian-albrizio,Christian Albrizio
3953,christian-aligny,Christian Aligny
3954,christian-ameri,Christian Ameri
3955,christian-bale,Christian Bale
3956,christian-baltauss,Christian Baltauss
3957,christian-barbier,Christian Barbier
3958,christian-belaygue,Christian Belaygue
3959,christian-benedetti,Christian Benedetti
3960,christian-berkel,Christian Berkel
3961,christian-brando,Christian Brando
3962,christian-braun-4,Christian Braun
3963,christian-camargo,Christian Camargo
3964,christian-clemenson,Christian Clemenson
3965,christian-clements,Christian Clements
3966,christian-collingwood,Christian Collingwood
3967,christian-desmares,Christian Desmares
3968,christian-di-sciullo,Christian Di Sciullo
3969,christian-friedel,Christian Friedel
3970,christian-harting,Christian Harting
3971,christian-kahrmann,Christian Kahrmann
3972,christian-kang-bachini,Christian 'Kang' Bachini
3973,christian-lucas,Christian Lucas
3974,christian-marquand,Christian Marquand
3975,christian-navarro,Christian Navarro
3976,christian-odasso,Christian Odasso
3977,christian-petzold,Christian Petzold
3978,christian-redl,Christian Redl
3979,christian-rub,Christian Rub
3980,christian-slater,Christian Slater
3981,christian-torp-carlsen,Christian Torp Carlsen
3982,christiane-kubrick,Christiane Kubrick
3983,christiane-legrand,Christiane Legrand
3984,christiane-wagner,Christiane Wagner
3985,christie-brinkley,Christie Brinkley
3986,christie-cronenweth,Christie Cronenweth
3987,christie-laing,Christie Laing
3988,christina-burdette,Christina Burdette
3989,christina-cabot,Christina Cabot
3990,christina-carty-2,Christina Carty
3991,christina-frankenfield,Christina Frankenfield
3992,christina-grisanti,Christina Grisanti
3993,christina-hecke,Christina Hecke
3994,christina-hendricks,Christina Hendricks
3995,christina-myers,Christina Myers
3996,christina-ricci,Christina Ricci
3997,christine-adams-2,Christine Adams
3998,christine-anu,Christine Anu
3999,christine-baranski,Christine Baranski
4000,christine-bergstrom,Christine Bergstrom
4001,christine-blum,Christine Blum
4002,christine-bottomley,Christine Bottomley
4003,christine-cavanaugh,Christine Cavanaugh
4004,christine-cynn,Christine Cynn
4005,christine-dunford,Christine Dunford
4006,christine-ebersole,Christine Ebersole
4007,christine-estabrook,Christine Estabrook
4008,christine-farrell,Christine Farrell
4009,christine-hargreaves,Christine Hargreaves
4010,christine-lagarde,Christine Lagarde
4011,christine-olejniczak,Christine Olejniczak
4012,christine-renee-ward,Christine Renee Ward
4013,christine-seabrook,Christine Seabrook
4014,christinea-rainey,Christine'a Rainey
4015,christo-jivkov,Christo Jivkov
4016,christoph-bach,Christoph Bach
4017,christoph-malherbe,Christoph Malherbe
4018,christoph-merg,Christoph Merg
4019,christophe-bataille,Christophe Bataille
4020,christophe-charles,Christophe Charles
4021,christophe-clement,Christophe Clement
4022,christophe-de-choisy,Christophe de Choisy
4023,christophe-maurouard,Christophe Maurouard
4024,christophe-vallaux,Christophe Vallaux
4025,christophe-vilar,Christophe Vilar
4026,christopher-adams-3,Christopher Adams
4027,christopher-adamson,Christopher Adamson
4028,christopher-b-duncan,Christopher B. Duncan
4029,christopher-berry,Christopher Berry
4030,christopher-biggins,Christopher Biggins
4031,christopher-birt,Christopher Birt
4032,christopher-bond,Christopher Bond
4033,christopher-bowen,Christopher Bowen
4034,christopher-c-minus-rivas,Christopher 'C. Minus' Rivas
4035,christopher-carley,Christopher Carley
4036,christopher-carroll,Christopher Carroll
4037,christopher-cerf,Christopher Cerf
4038,christopher-colombi-jr,Christopher Colombi Jr.
4039,christopher-crowe,Christopher Crowe
4040,christopher-curry,Christopher Curry
4041,christopher-daniel-barnes,Christopher Daniel Barnes
4042,christopher-de-vore,Christopher De Vore
4043,christopher-denham,Christopher Denham
4044,christopher-durham,Christopher Durham
4045,christopher-dylan-white,Christopher Dylan White
4046,christopher-eccleston,Christopher Eccleston
4047,christopher-fairbank,Christopher Fairbank
4048,christopher-fennell,Christopher Fennell
4049,christopher-fitzgerald,Christopher Fitzgerald
4050,christopher-fry,Christopher Fry
4051,christopher-gabriel-nunez,Christopher Gabriel Núñez
4052,christopher-george,Christopher George
4053,christopher-gilman,Christopher Gilman
4054,christopher-gordon-3,Christopher Gordon
4055,christopher-guest,Christopher Guest
4056,christopher-hampton,Christopher Hampton
4057,christopher-hewett,Christopher Hewett
4058,christopher-hollosy,Christopher Hollosy
4059,christopher-hudson,Christopher Hudson
4060,christopher-igoe,Christopher Igoe
4061,christopher-isherwood,Christopher Isherwood
4062,christopher-j-keene,Christopher J. Keene
4063,christopher-j-long,Christopher J. Long
4064,christopher-jackson,Christopher Jackson
4065,christopher-john-fields,Christopher John Fields
4066,christopher-knights,Christopher Knights
4067,christopher-kroon,Christopher Kroon
4068,christopher-lambert,Christopher Lambert
4069,christopher-lee,Christopher Lee
4070,christopher-lloyd,Christopher Lloyd
4071,christopher-lohr,Christopher Lohr
4072,christopher-lowell-3,Christopher Lowell
4073,christopher-malcolm,Christopher Malcolm
4074,christopher-markus,Christopher Markus
4075,christopher-marquette,Christopher Marquette
4076,christopher-masterson,Christopher Masterson
4077,christopher-mayer,Christopher Mayer
4078,christopher-mcdonald,Christopher McDonald
4079,christopher-mcquarrie,Christopher McQuarrie
4080,christopher-meloni,Christopher Meloni
4081,christopher-miller,Christopher Miller
4082,christopher-mintz-plasse,Christopher Mintz-Plasse
4083,christopher-murney,Christopher Murney
4084,christopher-murphy,Christopher Murphy
4085,christopher-neame,Christopher Neame
4086,christopher-nguyen-3,Christopher Nguyen
4087,christopher-nilsson,Christopher Nilsson
4088,christopher-nolan,Christopher Nolan
4089,christopher-olsen,Christopher Olsen
4090,christopher-peters,Christopher Peters
4091,christopher-pettiet,Christopher Pettiet
4092,christopher-plummer,Christopher Plummer
4093,christopher-priest,Christopher Priest
4094,christopher-rainey,Christopher Rainey
4095,christopher-read,Christopher Read
4096,christopher-reeve,Christopher Reeve
4097,christopher-rivera-3,Christopher Rivera
4098,christopher-sayegh,Christopher Sayegh
4099,christopher-tarjan,Christopher Tarjan
4100,christopher-titus,Christopher Titus
4101,christopher-villiers,Christopher Villiers
4102,christopher-walken,Christopher Walken
4103,christopher-weimer,Christopher Weimer
4104,christopher-white,Christopher White
4105,christopher-wynne,Christopher Wynne
4106,christos-passalis,Christos Passalis
4107,christos-stergioglou,Christos Stergioglou
4108,christy-brown,Christy Brown
4109,christy-summerhays,Christy Summerhays
4110,chua-kah-joo-2,Chua Kah Joo
4111,chuan-cheng-tao,Chuan-cheng Tao
4112,chuan-lu,Chuan Lu
4113,chuanren-lin,Chuanren Lin
4114,chuck-adamson,Chuck Adamson
4115,chuck-aspegren,Chuck Aspegren
4116,chuck-dukowski,Chuck Dukowski
4117,chuck-hogan-2,Chuck Hogan
4118,chuck-jeffreys,Chuck Jeffreys
4119,chuck-low,Chuck Low
4120,chuck-morgan-5,Chuck Morgan
4121,chuck-palahniuk,Chuck Palahniuk
4122,chuck-pfeiffer,Chuck Pfeiffer
4123,chuck-rainey,Chuck Rainey
4124,chuck-russell,Chuck Russell
4125,chuck-scarborough,Chuck Scarborough
4126,chuck-tucker,Chuck Tucker
4127,chul-hyun-baek,Chul-hyun Baek
4128,chumphorn-thepphithak,Chumphorn Thepphithak
4129,chun-hao-tuan,Chun-hao Tuan
4130,chung-ah-lee,Chung-Ah Lee
4131,chung-seo-kyung,Chung Seo-kyung
4132,chungu-bwalya,Chungu Bwalya
4133,chus-lampreave,Chus Lampreave
4134,chyna-layne,Chyna Layne
4135,chyna-terrelonge-vaughan,Chyna Terrelonge-Vaughan
4136,cian-mccormack,Cian McCormack
4137,ciara-council,Ciara Council
4138,ciara-moriarty,Ciara Moriarty
4139,ciaran-flynn,Ciaran Flynn
4140,ciaran-hinds,Ciarán Hinds
4141,ciarra-fragale,Ciarra Fragale
4142,cicely-tyson,Cicely Tyson
4143,cillian-murphy,Cillian Murphy
4144,cinco-paul,Cinco Paul
4145,cinda-adams,Cinda Adams
4146,cindy-daly,Cindy Daly
4147,cindy-manion,Cindy Manion
4148,cindy-williams,Cindy Williams
4149,cinnamon-schultz,Cinnamon Schultz
4150,cinzia-bruno,Cinzia Bruno
4151,ciprian-anton,Ciprian Anton
4152,ciprian-mistreanu,Ciprian Mistreanu
4153,circle-jerks,Circle Jerks
4154,ciro-guerra,Ciro Guerra
4155,cj-fiery-obasi,C.J. 'Fiery' Obasi
4156,cj-jones-2,CJ Jones
4157,cj-sanders,C.J. Sanders
4158,cj-vana,C.J. Vana
4159,cj-wilson,C.J. Wilson
4160,clair-e-leucart,Clair E. Leucart
4161,clair-weeks,Clair Weeks
4162,claire-bartle,Claire Bartle
4163,claire-bloom,Claire Bloom
4164,claire-danes,Claire Danes
4165,claire-davenport,Claire Davenport
4166,claire-denis,Claire Denis
4167,claire-du-brey,Claire Du Brey
4168,claire-forlani,Claire Forlani
4169,claire-foy,Claire Foy
4170,claire-geare,Claire Geare
4171,claire-gerard,Claire Gérard
4172,claire-keegan,Claire Keegan
4173,claire-maurier,Claire Maurier
4174,claire-pakis,Claire Pakis
4175,claire-rushbrook,Claire Rushbrook
4176,claire-simon,Claire Simon
4177,claire-skinner,Claire Skinner
4178,claire-trevor,Claire Trevor
4179,claire-walker-4,Claire Walker
4180,claire-wilson-4,Claire Wilson
4181,clancy-brown,Clancy Brown
4182,clara-blandick,Clara Blandick
4183,clara-calamai,Clara Calamai
4184,clara-diaz,Clara Diaz
4185,clara-royer,Clara Royer
4186,clara-wettergren,Clara Wettergren
4187,clare-coulter,Clare Coulter
4188,clare-foley,Clare Foley
4189,clare-greet,Clare Greet
4190,clare-higgins,Clare Higgins
4191,clare-le-foster,Clare L.E. Foster
4192,clare-perkins,Clare Perkins
4193,clarence-bourne,Clarence Bourne
4194,clarence-gilyard-jr,Clarence Gilyard Jr.
4195,clarence-graham,Clarence Graham
4196,clarence-kolb,Clarence Kolb
4197,clarence-muse,Clarence Muse
4198,clarence-nash,Clarence Nash
4199,clarence-nash-jr,Clarence Nash Jr.
4200,clarence-williams-iii,Clarence Williams III
4201,claresie-mobley,Claresie Mobley
4202,clarice-byrne,Clarice Byrne
4203,clark-duke,Clark Duke
4204,clark-gable,Clark Gable
4205,clark-gregg,Clark Gregg
4206,clark-middleton,Clark Middleton
4207,clarke-evans,Clarke Evans
4208,clarke-peters,Clarke Peters
4209,claud-allister,Claud Allister
4210,claude-akins,Claude Akins
4211,claude-anderson,Claude Anderson
4212,claude-barras,Claude Barras
4213,claude-brasseur,Claude Brasseur
4214,claude-chabrol,Claude Chabrol
4215,claude-duneton,Claude Duneton
4216,claude-farell,Claude Farell
4217,claude-flaert,Claude Flaert
4218,claude-gillingwater,Claude Gillingwater
4219,claude-makovski,Claude Makovski
4220,claude-mann,Claude Mann
4221,claude-miller,Claude Miller
4222,claude-nuridsany,Claude Nuridsany
4223,claude-oliver-rudolph,Claude-Oliver Rudolph
4224,claude-perron,Claude Perron
4225,claude-pieplu,Claude Piéplu
4226,claude-rains,Claude Rains
4227,claude-sautet,Claude Sautet
4228,claude-stroud,Claude Stroud
4229,claude-sylvain,Claude Sylvain
4230,claude-zidi,Claude Zidi
4231,claudette-colbert,Claudette Colbert
4232,claudette-maille,Claudette Maillé
4233,claudia-barrett,Claudia Barrett
4234,claudia-black,Claudia Black
4235,claudia-cardinale,Claudia Cardinale
4236,claudia-geisler-bading,Claudia Geisler-Bading
4237,claudia-gerini,Claudia Gerini
4238,claudia-ieremia,Claudia Ieremia
4239,claudia-luca,Claudia Luca
4240,claudia-monicelli-bagnarelli,Claudia Monicelli Bagnarelli
4241,claudia-wells,Claudia Wells
4242,claudie-blakley,Claudie Blakley
4243,claudine-acs,Claudine Acs
4244,claudine-berg,Claudine Berg
4245,claudine-claudio,Claudine Claudio
4246,claudine-dupuis,Claudine Dupuis
4247,claudine-meunier,Claudine Meunier
4248,claudio-ermelli,Claudio Ermelli
4249,claudio-gioe,Claudio Gioè
4250,claudio-santamaria,Claudio Santamaria
4251,claudio-scarchilli,Claudio Scarchilli
4252,claudy-delfosse,Claudy Delfosse
4253,claus-hansen-petz,Claus Hansen Petz
4254,clay-donahue-fontenot,Clay Donahue Fontenot
4255,clay-greenbush,Clay Greenbush
4256,clay-steakley,Clay Steakley
4257,clayton-jacobson,Clayton Jacobson
4258,clayton-landey,Clayton Landey
4259,clayton-mariano,Clayton Mariano
4260,clayton-nemrow,Clayton Nemrow
4261,clea-duvall,Clea DuVall
4262,clebia-sousa,Clebia Sousa
4263,clelia-matania,Clelia Matania
4264,clem-caserta,Clem Caserta
4265,clemence-janin,Clemence Janin
4266,clemence-poesy,Clémence Poésy
4267,clemence-valleteau,Clemence Valleteau
4268,clemens-melzer,Clemens Melzer
4269,clemens-scheitz,Clemens Scheitz
4270,clemens-schick,Clemens Schick
4271,clemens-van-dungern,Clemens Van Dungern
4272,clement-blake,Clement Blake
4273,clement-bouyssou,Clément Bouyssou
4274,clement-hervieu-leger,Clément Hervieu-Léger
4275,clementina-guadarrama,Clementina Guadarrama
4276,cleo-king,Cleo King
4277,cleon-jones,Cleon Jones
4278,cleve-f-adams,Cleve F. Adams
4279,cleve-jones,Cleve Jones
4280,cliff-battuello,Cliff Battuello
4281,cliff-carnell,Cliff Carnell
4282,cliff-clark,Cliff Clark
4283,cliff-curtis,Cliff Curtis
4284,cliff-dorfman,Cliff Dorfman
4285,cliff-edwards,Cliff Edwards
4286,cliff-gorman,Cliff Gorman
4287,cliff-robertson,Cliff Robertson
4288,clifford-a-pellow,Clifford A. Pellow
4289,clifford-e-charlesworth,Clifford E. Charlesworth
4290,clifford-irving,Clifford Irving
4291,clifford-odets,Clifford Odets
4292,clifton-collins-jr,Clifton Collins Jr.
4293,clifton-james,Clifton James
4294,clifton-powell,Clifton Powell
4295,clint-allen,Clint Allen
4296,clint-bentley,Clint Bentley
4297,clint-eastwood,Clint Eastwood
4298,clint-howard,Clint Howard
4299,clint-mccauley,Clint McCauley
4300,clint-smith,Clint Smith
4301,clinton-c-ingram,Clinton C. Ingram
4302,clinton-gregory,Clinton Gregory
4303,clinton-rosemond,Clinton Rosemond
4304,clio-barnard,Clio Barnard
4305,clio-chiang,Clio Chiang
4306,clive-ashborn,Clive Ashborn
4307,clive-barker,Clive Barker
4308,clive-francis,Clive Francis
4309,clive-merrison,Clive Merrison
4310,clive-morton,Clive Morton
4311,clive-owen,Clive Owen
4312,clive-pearse,Clive Pearse
4313,clive-revill,Clive Revill
4314,clive-rosengren,Clive Rosengren
4315,clive-russell,Clive Russell
4316,clive-swift,Clive Swift
4317,cloris-leachman,Cloris Leachman
4318,clotilde-courau,Clotilde Courau
4319,clotilde-joano,Clotilde Joano
4320,clotilde-mollet,Clotilde Mollet
4321,clovis-cornillac,Clovis Cornillac
4322,clu-gulager,Clu Gulager
4323,clyde-geronimi,Clyde Geronimi
4324,clyde-howdy,Clyde Howdy
4325,clyde-kusatsu,Clyde Kusatsu
4326,clytie-jessop,Clytie Jessop
4327,cobe-williams,Cobe Williams
4328,coco-leigh,Coco Leigh
4329,coco-moodysson,Coco Moodysson
4330,cody-block,Cody Block
4331,cody-brown-3,Cody Brown
4332,cody-cameron,Cody Cameron
4333,cody-dorkin,Cody Dorkin
4334,cody-horn-2,Cody Horn
4335,cody-newton,Cody Newton
4336,cody-ray-thompson,Cody Ray Thompson
4337,cody-reiss,Cody Reiss
4338,cohen-holloway,Cohen Holloway
4339,cole-bee-wilson,Cole Bee Wilson
4340,cole-bresnehen,Cole Bresnehen
4341,cole-cockburn,Cole Cockburn
4342,cole-hauser,Cole Hauser
4343,cole-hawkins,Cole Hawkins
4344,cole-s-mckay,Cole S. McKay
4345,coleen-gray,Coleen Gray
4346,colette-hiller,Colette Hiller
4347,colette-hobsig,Colette Hobsig
4348,colette-proust,Colette Proust
4349,colin-baumgartner,Colin Baumgartner
4350,colin-blakely,Colin Blakely
4351,colin-campbell,Colin Campbell
4352,colin-clive,Colin Clive
4353,colin-drake,Colin Drake
4354,colin-farrell,Colin Farrell
4355,colin-firth,Colin Firth
4356,colin-fox,Colin Fox
4357,colin-friels,Colin Friels
4358,colin-hanks,Colin Hanks
4359,colin-higgins-2,Colin Higgins
4360,colin-hughes,Colin Hughes
4361,colin-kenny,Colin Kenny
4362,colin-maclachlan,Colin MacLachlan
4363,colin-maitland,Colin Maitland
4364,colin-mann,Colin Mann
4365,colin-mcfarlane,Colin McFarlane
4366,colin-mitchell,Colin Mitchell
4367,colin-moretz,Colin Moretz
4368,colin-platt,Colin Platt
4369,colin-powell,Colin Powell
4370,colin-stinton,Colin Stinton
4371,colleen-bade,Colleen Bade
4372,colleen-camp,Colleen Camp
4373,colleen-dewhurst,Colleen Dewhurst
4374,colleen-mccauley,Colleen McCauley
4375,colley-cibber-2,Colley Cibber
4376,collin-sutton,Collin Sutton
4377,collin-wilcox-paxton,Collin Wilcox Paxton
4378,colm-bairead,Colm Bairéad
4379,colm-feore,Colm Feore
4380,colm-meaney,Colm Meaney
4381,colm-osnodaigh,Colm Ó'Snodaigh
4382,colm-toibin,Colm Tóibín
4383,colman-domingo,Colman Domingo
4384,colonel-burton,Colonel Burton
4385,colson-whitehead,Colson Whitehead
4386,colwin-williams,Colwin Williams
4387,common,Common
4388,comunidad-chuschagasta,Comunidad Chuschagasta
4389,conchata-ferrell,Conchata Ferrell
4390,cong-xiao,Cong Xiao
4391,congyu-huang,Congyu Huang
4392,conner-omalley,Conner O'Malley
4393,connie-booth,Connie Booth
4394,connie-chiume,Connie Chiume
4395,connie-chung,Connie Chung
4396,connie-embesi,Connie Embesi
4397,connie-leon,Connie Leon
4398,connie-nielsen,Connie Nielsen
4399,connie-pounds-taylor,Connie Pounds-Taylor
4400,connie-ray,Connie Ray
4401,connie-sawyer,Connie Sawyer
4402,connor-catchpole,Connor Catchpole
4403,connor-ryan,Connor Ryan
4404,conny-block,Conny Block
4405,conor-connolly-2,Conor Connolly
4406,conor-lambert,Conor Lambert
4407,conor-macneill,Conor MacNeill
4408,conrad-coates,Conrad Coates
4409,conrad-veidt,Conrad Veidt
4410,conrad-vernon,Conrad Vernon
4411,constance-collier,Constance Collier
4412,constance-ejuma,Constance Ejuma
4413,constance-marie,Constance Marie
4414,constancia-cespedes,Constancia Céspedes
4415,constantin-balsan,Constantin Balsan
4416,constantin-dina,Constantin Dina
4417,constantine-gregory,Constantine Gregory
4418,constanza-gutierrez,Constanza Gutierrez
4419,constanze-schweiger,Constanze Schweiger
4420,cooper-hoffman,Cooper Hoffman
4421,copper-cunningham,Copper Cunningham
4422,corbin-bernsen,Corbin Bernsen
4423,corbin-bleu,Corbin Bleu
4424,corena-chase,Corena Chase
4425,corey-allen,Corey Allen
4426,corey-burton,Corey Burton
4427,corey-feldman,Corey Feldman
4428,corey-fischer,Corey Fischer
4429,corey-glover,Corey Glover
4430,corey-haim,Corey Haim
4431,corey-hawkins,Corey Hawkins
4432,corey-johnson,Corey Johnson
4433,corey-stoll,Corey Stoll
4434,corinna-harfouch,Corinna Harfouch
4435,corinne-castelli,Corinne Castelli
4436,corinne-le-hong,Corinne Le Hong
4437,corinne-marchand,Corinne Marchand
4438,corinne-yam,Corinne Yam
4439,corkey-ford,Corkey Ford
4440,cormac-mccarthy,Cormac McCarthy
4441,cornel-bulica,Cornel Bulica
4442,cornel-burtica,Cornel Burtica
4443,cornel-west,Cornel West
4444,cornelia-kondgen,Cornelia Köndgen
4445,cornelia-sharpe,Cornelia Sharpe
4446,corneliu-cozmei,Corneliu Cozmei
4447,corneliu-porumboiu,Corneliu Porumboiu
4448,cornell-dupree,Cornell Dupree
4449,cornell-woolrich-2,Cornell Woolrich
4450,corrado-guarducci,Corrado Guarducci
4451,corrado-invernizzi,Corrado Invernizzi
4452,corrie-clark,Corrie Clark
4453,cortez-nance-jr,Cortez Nance Jr.
4454,cory-booker,Cory Booker
4455,cory-buck,Cory Buck
4456,cory-michael-smith,Cory Michael Smith
4457,cory-monteith,Cory Monteith
4458,costa-gavras,Costa-Gavras
4459,costanza-theodoli-braschi,Costanza Theodoli Braschi
4460,costel,Costel
4461,costel-lepadatu,Costel Lepadatu
4462,cotter-smith,Cotter Smith
4463,coumba-dieng,Coumba Dieng
4464,coumba-mar-thiam,Coumba-Mar Thiam
4465,country-joe-and-the-fish,Country Joe and the Fish
4466,country-joe-mcdonald,Country Joe McDonald
4467,courteney-cox,Courteney Cox
4468,courtney-b-vance,Courtney B. Vance
4469,courtney-cole-fendley,Courtney Cole-Fendley
4470,courtney-eaton,Courtney Eaton
4471,courtney-love,Courtney Love
4472,courtney-tailor,Courtney Tailor
4473,courtney-wu,Courtney Wu
4474,courttia-newland,Courttia Newland
4475,cousin-faris,Cousin Faris
4476,covent-garden-chorus,Covent Garden Chorus
4477,cpl-abdul-henderson,Cpl. Abdul Henderson
4478,crahan-denton,Crahan Denton
4479,craig-archibald,Craig Archibald
4480,craig-baxley-jr,Craig Baxley Jr.
4481,craig-behenna,Craig Behenna
4482,craig-berenson,Craig Berenson
4483,craig-bierko,Craig Bierko
4484,craig-considine-2,Craig Considine
4485,craig-conway,Craig Conway
4486,craig-erickson,Craig Erickson
4487,craig-ferguson,Craig Ferguson
4488,craig-hall-2,Craig Hall
4489,craig-hill,Craig Hill
4490,craig-huston,Craig Huston
4491,craig-kelly,Craig Kelly
4492,craig-kingsbury,Craig Kingsbury
4493,craig-kirkwood,Craig Kirkwood
4494,craig-parkinson,Craig Parkinson
4495,craig-pearce,Craig Pearce
4496,craig-robinson,Craig Robinson
4497,craig-stevenson,Craig Stevenson
4498,craig-t-nelson,Craig T. Nelson
4499,craig-tate,Craig Tate
4500,craig-thomas,Craig Thomas
4501,craig-walker,Craig Walker
4502,craig-wasson,Craig Wasson
4503,cree-ivey,Cree Ivey
4504,creighton-hale,Creighton Hale
4505,cressida-cowell,Cressida Cowell
4506,crispin-buxton,Crispin Buxton
4507,crispin-glover,Crispin Glover
4508,cristen-kauffman,Cristen Kauffman
4509,cristi-conaway,Cristi Conaway
4510,cristi-puiu,Cristi Puiu
4511,cristian-mungiu,Cristian Mungiu
4512,cristina-burbuz,Cristina Burbuz
4513,cristina-cuzina-toma,Cristina Cuzina Toma
4514,cristina-gallego-2,Cristina Gallego
4515,cristina-ionescu,Cristina Ionescu
4516,cristina-raines,Cristina Raines
4517,cristina-tancau,Cristina Tancau
4518,cristina-tartau,Cristina Tartau
4519,cristobal-leon,Cristóbal León
4520,cristofer-huitzil,Cristofer Huitzil
4521,crosby-stills-nash,Crosby Stills & Nash
4522,crystal-reed,Crystal Reed
4523,crystal-rovel-torres,Crystal 'Rovel' Torres
4524,crystina-wyler,Crystina Wyler
4525,cs-forester,C.S. Forester
4526,cs-lewis,C.S. Lewis
4527,cu-ba-nguyen,Cu Ba Nguyen
4528,cuba-gooding-jr,Cuba Gooding Jr.
4529,cullen-o-johnson,Cullen O. Johnson
4530,cunningham-okeefe,Cunningham O'Keefe
4531,curt-bois,Curt Bois
4532,curt-may,Curt May
4533,curt-mcdivitt,Curt McDivitt
4534,curt-willington,Curt Willington
4535,curt-youngberg,Curt Youngberg
4536,curtis-armstrong,Curtis Armstrong
4537,curtis-gates,Curtis Gates
4538,curtis-hanson,Curtis Hanson
4539,curtis-lemay,Curtis LeMay
4540,curtiss-cook,Curtiss Cook
4541,curtiss-marlowe,Curtiss Marlowe
4542,cut-chemist,Cut Chemist
4543,cw-morgan,C.W. Morgan
4544,cwr-knight,C.W.R. Knight
4545,cy-schnabel,Cy Schnabel
4546,cybill-shepherd,Cybill Shepherd
4547,cyd-charisse,Cyd Charisse
4548,cynda-williams,Cynda Williams
4549,cynthia-cleese,Cynthia Cleese
4550,cynthia-dale-scott,Cynthia Dale Scott
4551,cynthia-franco,Cynthia Franco
4552,cynthia-harper,Cynthia Harper
4553,cynthia-mace,Cynthia Mace
4554,cynthia-roman,Cynthia Roman
4555,cynthia-stevenson,Cynthia Stevenson
4556,cynthia-wood,Cynthia Wood
4557,cyril-bullwhip-innis-jr,Cyril 'Bullwhip' Innis Jr.
4558,cyril-cusack,Cyril Cusack
4559,cyril-mendy,Cyril Mendy
4560,cyril-metzger,Cyril Metzger
4561,cyril-raymond,Cyril Raymond
4562,cyril-ritchard,Cyril Ritchard
4563,cyril-thornton,Cyril Thornton
4564,cyrus-thiedeke,Cyrus Thiedeke
4565,cyrus-voris,Cyrus Voris
4566,czenzi-ormonde,Czenzi Ormonde
4567,da-wallach,D.A. Wallach
4568,daamen-j-krall,Daamen J. Krall
4569,daan-milius,Daan Milius
4570,dabbs-greer,Dabbs Greer
4571,dabney-coleman,Dabney Coleman
4572,dace-norman,Dace Norman
4573,dacheng-song,Dacheng Song
4574,dado-diop,Dado Diop
4575,dae-han-ji,Dae-han Ji
4576,dae-yeon-lee,Dae-yeon Lee
4577,dag-hammarskjold,Dag Hammarskjöld
4578,dagmara-dominczyk,Dagmara Dominczyk
4579,dagoberto-gama,Dagoberto Gama
4580,dagon-james,Dagon James
4581,dahn-ben-amotz,Dahn Ben Amotz
4582,dai-yan-jiang,Dai-Yan Jiang
4583,daijiro-harada,Daijirô Harada
4584,daiki-nakamura,Daiki Nakamura
4585,daikichi-sugawara,Daikichi Sugawara
4586,daisuke-fujita-5,Daisuke Fujita
4587,daisuke-kato,Daisuke Katô
4588,daisuke-kawabata,Daisuke Kawabata
4589,daisuke-kuroda,Daisuke Kuroda
4590,daisuke-ryu,Daisuke Ryû
4591,daisuke-sakaguchi,Daisuke Sakaguchi
4592,daisy-broom,Daisy Broom
4593,dakin-matthews,Dakin Matthews
4594,dakota-fanning,Dakota Fanning
4595,dakota-johnson,Dakota Johnson
4596,dal-mckennon,Dal McKennon
4597,dal-su-oh,Dal-su Oh
4598,dale-dickey,Dale Dickey
4599,dale-launer,Dale Launer
4600,dale-raoul,Dale Raoul
4601,dale-wasserman,Dale Wasserman
4602,dale-winton,Dale Winton
4603,dalia-beger,Dalia Beger
4604,dalia-hernandez,Dalia Hernández
4605,dalia-naous,Dalia Naous
4606,dalla-doucoure,Dalla Doucoure
4607,dallas-roberts,Dallas Roberts
4608,dalpat-singh,Dalpat Singh
4609,dalton-cole,Dalton Cole
4610,dalton-trumbo,Dalton Trumbo
4611,dam-pham,Dam Pham
4612,damian-ohare,Damian O'Hare
4613,damian-young,Damian Young
4614,damien-abbou,Damien Abbou
4615,damien-bonnard,Damien Bonnard
4616,damien-chapelle,Damien Chapelle
4617,damien-chazelle,Damien Chazelle
4618,damien-gomes,Damien Gomes
4619,damien-jouillerot,Damien Jouillerot
4620,damien-kearney,Damien Kearney
4621,damien-leake,Damien Leake
4622,damien-maestraggi,Damien Maestraggi
4623,damien-ndjie,Damien Ndjie
4624,damion-scheller,Damion Scheller
4625,damir-andrei,Damir Andrei
4626,damon-gupton,Damon Gupton
4627,damon-hines,Damon Hines
4628,damon-whitaker,Damon Whitaker
4629,dan-anderson-11,Dan Anderson
4630,dan-aykroyd,Dan Aykroyd
4631,dan-beene,Dan Beene
4632,dan-bell,Dan Bell
4633,dan-bergin,Dan Bergin
4634,dan-birnbaum,Dan Birnbaum
4635,dan-butler,Dan Butler
4636,dan-caldwell-2,Dan Caldwell
4637,dan-castellaneta,Dan Castellaneta
4638,dan-chiriac,Dan Chiriac
4639,dan-cunningham,Dan Cunningham
4640,dan-flannery,Dan Flannery
4641,dan-fogelman,Dan Fogelman
4642,dan-fogler,Dan Fogler
4643,dan-franck,Dan Franck
4644,dan-fredenburgh,Dan Fredenburgh
4645,dan-futterman,Dan Futterman
4646,dan-ge,Dan Ge
4647,dan-gilroy,Dan Gilroy
4648,dan-goodman-2,Dan Goodman
4649,dan-green-2,Dan Green
4650,dan-harris,Dan Harris
4651,dan-hedaya,Dan Hedaya
4652,dan-herzberg,Dan Herzberg
4653,dan-hicks,Dan Hicks
4654,dan-john-miller,Dan John Miller
4655,dan-laurine-2,Dan Laurine
4656,dan-mazer,Dan Mazer
4657,dan-mcdougall,Dan McDougall
4658,dan-obannon,Dan O'Bannon
4659,dan-oherlihy,Dan O'Herlihy
4660,dan-riba,Dan Riba
4661,dan-rollman,Dan Rollman
4662,dan-seymour,Dan Seymour
4663,dan-stanton,Dan Stanton
4664,dan-van-husen,Dan van Husen
4665,dan-washington,Dan Washington
4666,dana-abed,Dana Abed
4667,dana-adam-shapiro,Dana Adam Shapiro
4668,dana-andersen,Dana Andersen
4669,dana-andrews,Dana Andrews
4670,dana-ashbrook,Dana Ashbrook
4671,dana-barron,Dana Barron
4672,dana-bash,Dana Bash
4673,dana-bratton,Dana Bratton
4674,dana-carvey,Dana Carvey
4675,dana-delany,Dana Delany
4676,dana-dogaru,Dana Dogaru
4677,dana-elcar,Dana Elcar
4678,dana-gaier,Dana Gaier
4679,dana-healey,Dana Healey
4680,dana-ivey,Dana Ivey
4681,dana-laurita,Dana Laurita
4682,dana-lee,Dana Lee
4683,dana-millican,Dana Millican
4684,dana-morgan,Dana Morgan
4685,dana-wheeler-nicholson,Dana Wheeler-Nicholson
4686,dana-wynter,Dana Wynter
4687,danai-gurira,Danai Gurira
4688,dandan-song,Dandan Song
4689,dandy-nichols,Dandy Nichols
4690,dane-juler,Dane Juler
4691,dangelou-osei-kissiedu,D'angelou Osei Kissiedu
4692,dani-crayne,Dani Crayne
4693,dani-klein,Dani Klein
4694,dani-tellez,Dani Téllez
4695,daniel-a-vasquez,Daniel A. Vasquez
4696,daniel-auteuil,Daniel Auteuil
4697,daniel-bacon,Daniel Bacon
4698,daniel-barden,Daniel Barden
4699,daniel-beer,Daniel Beer
4700,daniel-bernhardt,Daniel Bernhardt
4701,daniel-berson,Daniel Berson
4702,daniel-boulanger,Daniel Boulanger
4703,daniel-bruhl,Daniel Brühl
4704,daniel-burnley,Daniel Burnley
4705,daniel-cauchy,Daniel Cauchy
4706,daniel-celebre,Daniel Celebre
4707,daniel-cerqueira,Daniel Cerqueira
4708,daniel-chamblin,Daniel Chamblin
4709,daniel-clowes,Daniel Clowes
4710,daniel-collins-7,Daniel Collins
4711,daniel-craig,Daniel Craig
4712,daniel-cross,Daniel Cross
4713,daniel-cuno,Daniel Cuño
4714,daniel-czekalski,Daniel Czekalski
4715,daniel-davis,Daniel Davis
4716,daniel-day-lewis,Daniel Day-Lewis
4717,daniel-dow,Daniel Dow
4718,daniel-duval,Daniel Duval
4719,daniel-edinger,Daniel Edinger
4720,daniel-elias-3,Daniel Elías
4721,daniel-emilfork,Daniel Emilfork
4722,daniel-esparza,Daniel Esparza
4723,daniel-francis,Daniel Francis
4724,daniel-francis-swaby,Daniel Francis-Swaby
4725,daniel-franzese,Daniel Franzese
4726,daniel-freedman,Daniel Freedman
4727,daniel-gelin,Daniel Gélin
4728,daniel-gerson,Daniel Gerson
4729,daniel-gillies,Daniel Gillies
4730,daniel-gimenez-cacho,Daniel Giménez Cacho
4731,daniel-goldstein-3,Daniel Goldstein
4732,daniel-henshall,Daniel Henshall
4733,daniel-kaluuya,Daniel Kaluuya
4734,daniel-kargieman,Daniel Kargieman
4735,daniel-karimyar,Daniel Karimyar
4736,daniel-kash,Daniel Kash
4737,daniel-leconte,Daniel Leconte
4738,daniel-lundh,Daniel Lundh
4739,daniel-magee,Daniel Magee
4740,daniel-mainwaring,Daniel Mainwaring
4741,daniel-martin-2,Daniel Martin
4742,daniel-martin-3,Daniel Martín
4743,daniel-mays,Daniel Mays
4744,daniel-mogacs,Dániel Mogács
4745,daniel-moll,Daniel Moll
4746,daniel-moore,Daniel Moore
4747,daniel-olbrychski,Daniel Olbrychski
4748,daniel-oreskes,Daniel Oreskes
4749,daniel-pennac,Daniel Pennac
4750,daniel-petrie-jr,Daniel Petrie Jr.
4751,daniel-porpino,Daniel Porpino
4752,daniel-radcliffe,Daniel Radcliffe
4753,daniel-richter,Daniel Richter
4754,daniel-roebuck,Daniel Roebuck
4755,daniel-sheppard-3,Daniel Sheppard
4756,daniel-southern,Daniel Southern
4757,daniel-stern,Daniel Stern
4758,daniel-storm-forthun-sandbye,Daniel Storm Forthun Sandbye
4759,daniel-studi,Daniel Studi
4760,daniel-szabo-3,Dániel Szabó
4761,daniel-taradash,Daniel Taradash
4762,daniel-tay,Daniel Tay
4763,daniel-teak,Daniel Teak
4764,daniel-toro,Daniel Toro
4765,daniel-villarreal,Daniel Villarreal
4766,daniel-von-bargen,Daniel von Bargen
4767,daniel-wagner-3,Daniel Wagner
4768,daniel-wallace,Daniel Wallace
4769,daniel-waters,Daniel Waters
4770,daniel-woodrell,Daniel Woodrell
4771,daniel-woods-3,Daniel Woods
4772,daniel-zolghadri,Daniel Zolghadri
4773,daniel-zovatto,Daniel Zovatto
4774,daniela-ceselli,Daniela Ceselli
4775,daniela-demesa,Daniela Demesa
4776,daniela-holtz,Daniela Holtz
4777,daniela-pal,Daniela Pal
4778,daniela-santiago,Daniela Santiago
4779,daniele-delorme,Danièle Delorme
4780,daniele-girard,Danièle Girard
4781,daniella-markowicz,Daniella Markowicz
4782,danielle-bassiak,Danielle Bassiak
4783,danielle-cox,Danielle Cox
4784,danielle-darrieux,Danielle Darrieux
4785,danielle-deadwyler,Danielle Deadwyler
4786,danielle-duclos,Danielle DuClos
4787,danielle-licari,Danielle Licari
4788,danielle-watson,Danielle Watson
4789,daniil-antonovich,Daniil Antonovich
4790,daniil-isakov,Daniil Isakov
4791,daniil-sotnikov,Daniil Sotnikov
4792,danilo-antunes,Danilo Antunes
4793,danilo-bach,Danilo Bach
4794,danny-aiello,Danny Aiello
4795,danny-aiello-iii,Danny Aiello III
4796,danny-blackner,Danny Blackner
4797,danny-borzage,Danny Borzage
4798,danny-boyle,Danny Boyle
4799,danny-capri,Danny Capri
4800,danny-cooksey,Danny Cooksey
4801,danny-cunningham,Danny Cunningham
4802,danny-daniels-2,Danny Daniels
4803,danny-darst,Danny Darst
4804,danny-dayton,Danny Dayton
4805,danny-devito,Danny DeVito
4806,danny-diaz-4,Danny Diaz
4807,danny-elfman,Danny Elfman
4808,danny-fields,Danny Fields
4809,danny-glover,Danny Glover
4810,danny-goldman,Danny Goldman
4811,danny-green-2,Danny Green
4812,danny-hoch,Danny Hoch
4813,danny-huston,Danny Huston
4814,danny-isserles,Danny Isserles
4815,danny-kortchmar,Danny Kortchmar
4816,danny-kovacs,Danny Kovacs
4817,danny-kwok-kwan-chan,Danny Kwok-Kwan Chan
4818,danny-lee-clark,Danny Lee Clark
4819,danny-mann,Danny Mann
4820,danny-mcbride-2,Danny McBride
4821,danny-mccarthy-2,Danny McCarthy
4822,danny-nucci,Danny Nucci
4823,danny-rehbo,Danny Rehbo
4824,danny-rosen,Danny Rosen
4825,danny-rubin,Danny Rubin
4826,danny-sapani,Danny Sapani
4827,danny-tamberelli,Danny Tamberelli
4828,danny-trejo,Danny Trejo
4829,danny-vinson,Danny Vinson
4830,danny-webb,Danny Webb
4831,dante-fioretti,Dante Fioretti
4832,dante-henderson,Dante Henderson
4833,dante-maggio,Dante Maggio
4834,danuse-ktrestova,Danuse Ktrestova
4835,danyi-li,Danyi Li
4836,daoming-chen,Daoming Chen
4837,daphne-du-maurier,Daphne Du Maurier
4838,daphne-grey,Daphne Grey
4839,daphne-zuniga,Daphne Zuniga
4840,daqing-zhao,Daqing Zhao
4841,daragh-omalley,Daragh O'Malley
4842,darby-crash,Darby Crash
4843,darcie-bradford,Darcie Bradford
4844,daria-gilat-brenner,Daria Gilat Brenner
4845,daria-nicolodi,Daria Nicolodi
4846,darien-takle,Darien Takle
4847,dario-argento,Dario Argento
4848,dario-bergesio,Dario Bergesio
4849,dario-cantarelli,Dario Cantarelli
4850,dario-grandinetti,Darío Grandinetti
4851,dario-moreno,Darío Moreno
4852,dario-yazbek-bernal,Dario Yazbek Bernal
4853,darious,Darious
4854,darlan-cunha,Darlan Cunha
4855,darleen-asevedo,Darleen Asevedo
4856,darleen-carr,Darleen Carr
4857,darlene-cates,Darlene Cates
4858,darlene-conley,Darlene Conley
4859,darlene-love,Darlene Love
4860,darlene-vogel,Darlene Vogel
4861,darling-legitimus,Darling Légitimus
4862,darneicea-corley,Darneicea Corley
4863,darnell-garcia,Darnell Garcia
4864,darrell-britt-gibson,Darrell Britt-Gibson
4865,darrell-leonard,Darrell Leonard
4866,darrell-zwerling,Darrell Zwerling
4867,darren-aronofsky,Darren Aronofsky
4868,darren-braithwaite,Darren Braithwaite
4869,darren-healy,Darren Healy
4870,darren-mcgavin,Darren McGavin
4871,darren-mchugh,Darren McHugh
4872,darren-ryames,Darren Ryames
4873,darren-shahlavi,Darren Shahlavi
4874,darren-tunstall,Darren Tunstall
4875,darron-patterson,Darron Patterson
4876,darryl-alan-reed,Darryl Alan Reed
4877,darryl-cox,Darryl Cox
4878,darryl-henriques,Darryl Henriques
4879,darryl-hickman,Darryl Hickman
4880,darryl-lewis-2,Darryl Lewis
4881,darryl-pinckney,Darryl Pinckney
4882,darryl-ponicsan,Darryl Ponicsan
4883,darryl-sivad,Darryl Sivad
4884,darwin-joston,Darwin Joston
4885,darwin-shaw,Darwin Shaw
4886,darwyn-swalve,Darwyn Swalve
4887,darya-alei,Darya Alei
4888,daryl-hannah,Daryl Hannah
4889,daryl-mitchell,Daryl Mitchell
4890,dascha-polanco,Dascha Polanco
4891,dasean-minor,Da'Sean Minor
4892,dash,Dash
4893,dash-barber,Dash Barber
4894,dash-mihok,Dash Mihok
4895,dash-pomerantz,Dash Pomerantz
4896,dashiell-hammett,Dashiell Hammett
4897,dave-atkins,Dave Atkins
4898,dave-barry,Dave Barry
4899,dave-brown,Dave Brown
4900,dave-burrows,Dave Burrows
4901,dave-callaham,Dave Callaham
4902,dave-chappelle,Dave Chappelle
4903,dave-engfer,Dave Engfer
4904,dave-franco,Dave Franco
4905,dave-goelz,Dave Goelz
4906,dave-goff,Dave Goff
4907,dave-gorman,Dave Gorman
4908,dave-grohl,Dave Grohl
4909,dave-hickey,Dave Hickey
4910,dave-hill,Dave Hill
4911,dave-laws,Dave Laws
4912,dave-linick,Dave Linick
4913,dave-mazzie,Dave Mazzie
4914,dave-olson,Dave Olson
4915,dave-peel,Dave Peel
4916,dave-rastovich,Dave Rastovich
4917,dave-salerno,Dave Salerno
4918,dave-sheridan,Dave Sheridan
4919,dave-trimble,Dave Trimble
4920,daveed-diggs,Daveed Diggs
4921,daveigh-chase,Daveigh Chase
4922,david-ahdar,David Ahdar
4923,david-aherne,David Aherne
4924,david-alan-barclay,David Alan Barclay
4925,david-alan-basche,David Alan Basche
4926,david-alan-grier,David Alan Grier
4927,david-allen-brooks,David Allen Brooks
4928,david-alvarez-5,David Alvarez
4929,david-andrews,David Andrews
4930,david-anselmo,David Anselmo
4931,david-arata,David Arata
4932,david-arkin,David Arkin
4933,david-armstrong-2,David Armstrong
4934,david-armstrong-6,David Armstrong
4935,david-arquette,David Arquette
4936,david-aston,David Aston
4937,david-aviles-morales,David Aviles Morales
4938,david-avincin-oparaeke,David Avincin Oparaeke
4939,david-ayer,David Ayer
4940,david-azar,David Azar
4941,david-bailie,David Bailie
4942,david-bair,David Bair
4943,david-bamber,David Bamber
4944,david-barnes-8,David Barnes
4945,david-barr-4,David Barr
4946,david-barrash,David Barrash
4947,david-bateson,David Bateson
4948,david-battley,David Battley
4949,david-bauer,David Bauer
4950,david-bean,David Bean
4951,david-benger,David Benger
4952,david-bennie,David Bennie
4953,david-beradze,David Beradze
4954,david-berkson,David Berkson
4955,david-bingham,David Bingham
4956,david-birke,David Birke
4957,david-bond,David Bond
4958,david-booth,David Booth
4959,david-bowe,David Bowe
4960,david-bowie,David Bowie
4961,david-bradley-3,David Bradley
4962,david-breen-4,David Breen
4963,david-brosig,David Brosig
4964,david-buneta,David Buneta
4965,david-burnell-iv,David Burnell IV
4966,david-byrne,David Byrne
4967,david-cale,David Cale
4968,david-carlberg,David Carlberg
4969,david-carradine,David Carradine
4970,david-caruso,David Caruso
4971,david-clennon,David Clennon
4972,david-clover,David Clover
4973,david-clyde,David Clyde
4974,david-coburn,David Coburn
4975,david-conrad,David Conrad
4976,david-constantine-2,David Constantine
4977,david-copeland,David Copeland
4978,david-cowgill,David Cowgill
4979,david-crionelly,David Crionelly
4980,david-cronenberg,David Cronenberg
4981,david-cross-2,David Cross
4982,david-darlow,David Darlow
4983,david-davies,David Davies
4984,david-demato,David Demato
4985,david-dencik,David Dencik
4986,david-denis,David Denis
4987,david-denman,David Denman
4988,david-dennis,David Dennis
4989,david-di-napoli,David Di Nápoli
4990,david-dimbleby,David Dimbleby
4991,david-downer,David Downer
4992,david-drake-2,David Drake
4993,david-duchovny,David Duchovny
4994,david-dwyer,David Dwyer
4995,david-evans,David Evans
4996,david-farrar,David Farrar
4997,david-fincher,David Fincher
4998,david-fine,David Fine
4999,david-foil,David Foil
5000,david-foley,David Foley
5001,david-forman,David Forman
5002,david-forman-2,David Forman
5003,david-foxxe,David Foxxe
5004,david-france,David France
5005,david-frankham,David Frankham
5006,david-franzoni-2,David Franzoni
5007,david-friedman-6,David Friedman
5008,david-gale,David Gale
5009,david-gallacher,David Gallacher
5010,david-gant,David Gant
5011,david-garrick,David Garrick
5012,david-garrick-2,David Garrick
5013,david-giler,David Giler
5014,david-giorgobiani,David Giorgobiani
5015,david-grann,David Grann
5016,david-greenaway,David Greenaway
5017,david-gulpilil,David Gulpilil
5018,david-halliwell,David Halliwell
5019,david-hand,David Hand
5020,david-harbour,David Harbour
5021,david-hare,David Hare
5022,david-harris,David Harris
5023,david-harrod,David Harrod
5024,david-hasselhoff,David Hasselhoff
5025,david-hayman,David Hayman
5026,david-hayter,David Hayter
5027,david-hayward,David Hayward
5028,david-healy-3,David Healy
5029,david-hemblen,David Hemblen
5030,david-hemmings,David Hemmings
5031,david-hempstead,David Hempstead
5032,david-herman,David Herman
5033,david-hewlett,David Hewlett
5034,david-hobbs-3,David Hobbs
5035,david-horton-3,David Horton
5036,david-howard-2,David Howard
5037,david-hughes,David Hughes
5038,david-hutcheson,David Hutcheson
5039,david-hyde-pierce,David Hyde Pierce
5040,david-illescas,David Illescas
5041,david-isteev,David Isteev
5042,david-j-curtis,David J. Curtis
5043,david-j-schow,David J. Schow
5044,david-janson,David Janson
5045,david-jefferson,David Jefferson
5046,david-jensen,David Jensen
5047,david-jones-20,David Jones
5048,david-k-blase,David K. Blase
5049,david-kaff,David Kaff
5050,david-kang-2,David Kang
5051,david-kaplan-5,David Kaplan
5052,david-kaye,David Kaye
5053,david-keith,David Keith
5054,david-kieserman,David Kieserman
5055,david-knell,David Knell
5056,david-koechner,David Koechner
5057,david-koepp,David Koepp
5058,david-kriegel,David Kriegel
5059,david-kross,David Kross
5060,david-krumholtz,David Krumholtz
5061,david-kyle,David Kyle
5062,david-l-crowley,David L. Crowley
5063,david-lean,David Lean
5064,david-leblanc-2,David Leblanc
5065,david-lee-31,David Lee
5066,david-lee-smith,David Lee Smith
5067,david-leisure,David Leisure
5068,david-leland,David Leland
5069,david-leon,David Leon
5070,david-leotard,David Léotard
5071,david-leser,David Leser
5072,david-letterman,David Letterman
5073,david-lewis-2,David Lewis
5074,david-lindsay-abaire,David Lindsay-Abaire
5075,david-lloyd-8,David Lloyd
5076,david-lowery-4,David Lowery
5077,david-lynch,David Lynch
5078,david-m-goodman,David M. Goodman
5079,david-m-odell-2,David M. O'Dell
5080,david-mackenzie,David Mackenzie
5081,david-magee-3,David Magee
5082,david-mamet,David Mamet
5083,david-manna,David Manna
5084,david-mansfield,David Mansfield
5085,david-margulies,David Margulies
5086,david-maysles,David Maysles
5087,david-mccallum,David McCallum
5088,david-mccharen,David McCharen
5089,david-mccormick-5,David McCormick
5090,david-mccurley,David McCurley
5091,david-mckenna,David McKenna
5092,david-menendez,David Menéndez
5093,david-michel-3,David Michel
5094,david-michener,David Michener
5095,david-michod,David Michôd
5096,david-minnick-2,David Minnick
5097,david-mirkin,David Mirkin
5098,david-moreland,David Moreland
5099,david-morrell,David Morrell
5100,david-morse,David Morse
5101,david-mucci,David Mucci
5102,david-munoz,David Muñoz
5103,david-neidorf,David Neidorf
5104,david-neilson,David Neilson
5105,david-newhouse,David Newhouse
5106,david-newman-3,David Newman
5107,david-o-russell,David O. Russell
5108,david-obst,David Obst
5109,david-odell,David Odell
5110,david-ogden-stiers,David Ogden Stiers
5111,david-ohara,David O'Hara
5112,david-ohayon,David Ohayon
5113,david-ossman,David Ossman
5114,david-ostrosky,David Ostrosky
5115,david-oyelowo,David Oyelowo
5116,david-p-smith,David P. Smith
5117,david-park-6,David Park
5118,david-pasquesi,David Pasquesi
5119,david-paterson-2,David Paterson
5120,david-patrick-kelly,David Patrick Kelly
5121,david-paul-olsen,David Paul Olsen
5122,david-paymer,David Paymer
5123,david-peace,David Peace
5124,david-pearse,David Pearse
5125,david-petersen,David Petersen
5126,david-pinner,David Pinner
5127,david-pirie,David Pirie
5128,david-pittu,David Pittu
5129,david-pokitillow,David Pokitillow
5130,david-portugais,David Portugais
5131,david-powledge,David Powledge
5132,david-pressman,David Pressman
5133,david-prottas,David Prottas
5134,david-proval,David Proval
5135,david-prowse,David Prowse
5136,david-radcliff-2,David Radcliff
5137,david-rasche,David Rasche
5138,david-rawle,David Rawle
5139,david-reynolds-2,David Reynolds
5140,david-roland-frank,David Roland Frank
5141,david-roper,David Roper
5142,david-ross-12,David Ross
5143,david-rowlands-2,David Rowlands
5144,david-rudman,David Rudman
5145,david-s-goyer,David S. Goyer
5146,david-s-howard,David S. Howard
5147,david-s-smith,David S. Smith
5148,david-s-ward,David S. Ward
5149,david-sackler,David Sackler
5150,david-sanin-paz,David Sanin Paz
5151,david-scearce,David Scearce
5152,david-scheuer,David Scheuer
5153,david-schneider-2,David Schneider
5154,david-schofield,David Schofield
5155,david-schrempf,David Schrempf
5156,david-schwartz-2,David Schwartz
5157,david-scinto,David Scinto
5158,david-seaman,David Seaman
5159,david-seidler,David Seidler
5160,david-selburg,David Selburg
5161,david-seltzer-2,David Seltzer
5162,david-shaber,David Shaber
5163,david-shaughnessy,David Shaughnessy
5164,david-sheffield,David Sheffield
5165,david-sheiner,David Sheiner
5166,david-shih,David Shih
5167,david-shrager,David Shrager
5168,david-shumbris,David Shumbris
5169,david-sibley,David Sibley
5170,david-silva-pereira,David Silva Pereira
5171,david-silverman,David Silverman
5172,david-slingsby,David Slingsby
5173,david-sosa,David Sosa
5174,david-st-james,David St. James
5175,david-stanley,David Stanley
5176,david-stanley-7,David Stanley
5177,david-steen,David Steen
5178,david-steinberg-4,David Steinberg
5179,david-stone-2,David Stone
5180,david-strathairn,David Strathairn
5181,david-svoboda,David Svoboda
5182,david-tadman,David Tadman
5183,david-teague-3,David Teague
5184,david-tennant,David Tennant
5185,david-thewlis,David Thewlis
5186,david-todd-3,David Todd
5187,david-tomack,David Tomack
5188,david-tomlinson,David Tomlinson
5189,david-torrence,David Torrence
5190,david-tranter,David Tranter
5191,david-tree,David Tree
5192,david-turner-14,David Turner
5193,david-twohy,David Twohy
5194,david-usui,David Usui
5195,david-v-wenzel,David V. Wenzel
5196,david-velasco-2,David Velasco
5197,david-volach,David Volach
5198,david-walsh-8,David Walsh
5199,david-ward,David Ward
5200,david-warner,David Warner
5201,david-warrilow,David Warrilow
5202,david-warshofsky,David Warshofsky
5203,david-wayne,David Wayne
5204,david-webb-peoples,David Webb Peoples
5205,david-webber,David Webber
5206,david-wechter,David Wechter
5207,david-weisberg,David Weisberg
5208,david-weissman,David Weissman
5209,david-wenham,David Wenham
5210,david-wheeler-8,David Wheeler
5211,david-white,David White
5212,david-whittington,David Whittington
5213,david-willis-5,David Willis
5214,david-wilson-barnes,David Wilson Barnes
5215,david-winters,David Winters
5216,david-wohl,David Wohl
5217,david-yates,David Yates
5218,david-yip,David Yip
5219,david-zayas,David Zayas
5220,david-zucker,David Zucker
5221,davis-coombe,Davis Coombe
5222,davis-duffield,Davis Duffield
5223,davis-grubb,Davis Grubb
5224,davis-guggenheim,Davis Guggenheim
5225,davison-clark,Davison Clark
5226,davone-mcdonald,Da'Vone McDonald
5227,davood-goodarzi,Davood Goodarzi
5228,davood-mohabbat,Davood Mohabbat
5229,davy-chou,Davy Chou
5230,davy-clements,Davy Clements
5231,davyd-harries,Davyd Harries
5232,dawid-ogrodnik,Dawid Ogrodnik
5233,dawn-addams,Dawn Addams
5234,dawn-downing,Dawn Downing
5235,dawn-kulach,Dawn Kulach
5236,dawn-lake,Dawn Lake
5237,dawn-lawkowski,Dawn Lawkowski
5238,dawn-perllman,Dawn Perllman
5239,dawn-porter-2,Dawn Porter
5240,dawnetta-cantrell,Dawnetta Cantrell
5241,dayashankar-pandey,Dayashankar Pandey
5242,db-wyndham-lewis,D.B. Wyndham-Lewis
5243,de-silva,De Silva
5244,dea-kulumbegashvili,Dea Kulumbegashvili
5245,dean-barrett,Dean Barrett
5246,dean-bennett-3,Dean Bennett
5247,dean-cundey,Dean Cundey
5248,dean-deblois,Dean DeBlois
5249,dean-devlin,Dean Devlin
5250,dean-haglund,Dean Haglund
5251,dean-martin,Dean Martin
5252,dean-norris,Dean Norris
5253,dean-parisot,Dean Parisot
5254,dean-r-brooks,Dean R. Brooks
5255,dean-ridge,Dean Ridge
5256,dean-riesner,Dean Riesner
5257,dean-stockwell,Dean Stockwell
5258,dean-tavoularis,Dean Tavoularis
5259,dean-williams,Dean Williams
5260,deance-wyatt,Deance Wyatt
5261,deanna-curry,Deanna Curry
5262,deanna-dezmari,Deanna Dezmari
5263,deanna-durbin,Deanna Durbin
5264,deannie-best,Deannie Best
5265,deb-adair,Deb Adair
5266,debargo-sanyal,Debargo Sanyal
5267,debbie-lee-carrington,Debbie Lee Carrington
5268,debbie-nathan,Debbie Nathan
5269,debbie-reynolds,Debbie Reynolds
5270,debbon-ayer,Debbon Ayer
5271,debi-derryberry,Debi Derryberry
5272,debi-durst,Debi Durst
5273,debi-jones,Debi Jones
5274,debi-mazar,Debi Mazar
5275,debora-guetta,Debora Guetta
5276,deborah-curtis-2,Deborah Curtis
5277,deborah-davis-4,Deborah Davis
5278,deborah-derecktor,Deborah Derecktor
5279,deborah-drakeford,Deborah Drakeford
5280,deborah-everton,Deborah Everton
5281,deborah-francois,Déborah François
5282,deborah-kerr,Deborah Kerr
5283,deborah-lucchesi,Deborah Lucchesi
5284,deborah-maclaren,Deborah Maclaren
5285,deborah-neumann,Deborah Neumann
5286,deborah-offner,Deborah Offner
5287,deborah-twiss,Deborah Twiss
5288,deborah-van-valkenburgh,Deborah Van Valkenburgh
5289,debra-azar,Debra Azar
5290,debra-casey,Debra Casey
5291,debra-christofferson,Debra Christofferson
5292,debra-gillett,Debra Gillett
5293,debra-granik,Debra Granik
5294,debra-hill,Debra Hill
5295,debra-monk,Debra Monk
5296,debra-mooney,Debra Mooney
5297,debra-winger,Debra Winger
5298,debrianna-mansini,Debrianna Mansini
5299,debroy-somers,Debroy Somers
5300,debroy-somers-and-his-band,Debroy Somers and His Band
5301,deby-celiz,Deby Celiz
5302,declan-croghan,Declan Croghan
5303,declan-duddy,Declan Duddy
5304,declan-wyer,Declan Wyer
5305,dedrick-d-gobert,Dedrick D. Gobert
5306,dee-bradley-baker,Dee Bradley Baker
5307,dee-mccafferty,Dee McCafferty
5308,dee-quinn-miller,Dee Quinn Miller
5309,dee-rees,Dee Rees
5310,dee-wallace,Dee Wallace
5311,deems-taylor,Deems Taylor
5312,deep-roy,Deep Roy
5313,deepti-gupta,Deepti Gupta
5314,deforest-kelley,DeForest Kelley
5315,deidre-goodwin,Deidre Goodwin
5316,deirdre-berthrong,Deirdre Berthrong
5317,deirdre-bowen,Deirdre Bowen
5318,deirdre-costello,Deirdre Costello
5319,deirdre-english,Deirdre English
5320,deirdre-oconnell,Deirdre O'Connell
5321,dejuan-guy,DeJuan Guy
5322,deka-walmsley,Deka Walmsley
5323,deke-anderson,Deke Anderson
5324,deke-slayton,Deke Slayton
5325,dekel-adin,Dekel Adin
5326,del-andrews,Del Andrews
5327,del-armstrong,Del Armstrong
5328,del-close,Del Close
5329,del-connell,Del Connell
5330,del-pentecost,Del Pentecost
5331,del-zamora,Del Zamora
5332,delaney-bramlett,Delaney Bramlett
5333,delaney-driscoll,Delaney Driscoll
5334,delaney-rose-stein,Delaney Rose Stein
5335,delashawn,DelaShawn
5336,delbert-africa,Delbert Africa
5337,delbert-ward,Delbert Ward
5338,delfino-solis,Delfino Solis
5339,delia-scala,Delia Scala
5340,dell-henderson,Dell Henderson
5341,delmaz-najafi,Delmaz Najafi
5342,delmer-daves,Delmer Daves
5343,delores-farley,Delores Farley
5344,delphine-seyrig,Delphine Seyrig
5345,delphine-tomson,Delphine Tomson
5346,delroy-lindo,Delroy Lindo
5347,delwin-neo,Delwin Neo
5348,demegio-kimbrough,Demegio Kimbrough
5349,demet-akbag,Demet Akbag
5350,demetri-goritsas,Demetri Goritsas
5351,demetrius-navarro,Demetrius Navarro
5352,demi-moore,Demi Moore
5353,deming-wang,Deming Wang
5354,demond-alvin,Demond Alvin
5355,dempsey-silva,Dempsey Silva
5356,denavaka-hamine,Denavaka Hamine
5357,denden,Denden
5358,denee-benton,Denée Benton
5359,deneen-tyler,Deneen Tyler
5360,deneke-muhugeta,Deneke Muhugeta
5361,denholm-elliott,Denholm Elliott
5362,deni-gordon,Deni Gordon
5363,deniese-payne,Deniese Payne
5364,denis-akiyama,Denis Akiyama
5365,denis-braccini,Denis Braccini
5366,denis-evrard,Denis Evrard
5367,denis-forest,Denis Forest
5368,denis-johnson-2,Denis Johnson
5369,denis-lavant,Denis Lavant
5370,denis-lawson,Denis Lawson
5371,denis-leary,Denis Leary
5372,denis-lill,Denis Lill
5373,denis-menochet,Denis Ménochet
5374,denis-odea,Denis O'Dea
5375,denis-ohare,Denis O'Hare
5376,denis-podalydes,Denis Podalydès
5377,denis-quilley,Denis Quilley
5378,denis-rich,Denis Rich
5379,denis-rivin,Denis Rivin
5380,denis-sadier,Denis Sadier
5381,denis-villeneuve,Denis Villeneuve
5382,denise-bixler,Denise Bixler
5383,denise-bryer,Denise Bryer
5384,denise-carrizo,Denise Carrizo
5385,denise-clair,Denise Clair
5386,denise-dowse,Denise Dowse
5387,denise-mack,Denise Mack
5388,denise-nickerson,Denise Nickerson
5389,denise-richards,Denise Richards
5390,denise-sherer-jacobson,Denise Sherer Jacobson
5391,deniz-celiloglu,Deniz Celiloglu
5392,deniz-kaya-3,Deniz Kaya
5393,deniz-petzold,Deniz Petzold
5394,dennis-arundell,Dennis Arundell
5395,dennis-banks,Dennis Banks
5396,dennis-bovell,Dennis Bovell
5397,dennis-christopher,Dennis Christopher
5398,dennis-cockrum,Dennis Cockrum
5399,dennis-dugan,Dennis Dugan
5400,dennis-farina,Dennis Farina
5401,dennis-franz,Dennis Franz
5402,dennis-gregory-3,Dennis Gregory
5403,dennis-harkin,Dennis Harkin
5404,dennis-hayden,Dennis Hayden
5405,dennis-haysbert,Dennis Haysbert
5406,dennis-holahan,Dennis Holahan
5407,dennis-hopper,Dennis Hopper
5408,dennis-james,Dennis James
5409,dennis-lee,Dennis Lee
5410,dennis-lehane-2,Dennis Lehane
5411,dennis-letts,Dennis Letts
5412,dennis-lingard,Dennis Lingard
5413,dennis-lipscomb,Dennis Lipscomb
5414,dennis-liu,Dennis Liu
5415,dennis-mccoig,Dennis McCoig
5416,dennis-mclaughlin,Dennis McLaughlin
5417,dennis-ostermaier,Dennis Ostermaier
5418,dennis-paoli,Dennis Paoli
5419,dennis-price,Dennis Price
5420,dennis-quaid,Dennis Quaid
5421,dennis-sallas,Dennis Sallas
5422,dennis-storhoi,Dennis Storhøi
5423,dennis-tong,Dennis Tong
5424,dennis-troutman,Dennis Troutman
5425,dennis-weaver,Dennis Weaver
5426,dennis-wilson,Dennis Wilson
5427,denny-dillon,Denny Dillon
5428,denny-fennell,Denny Fennell
5429,denny-ferguson,Denny Ferguson
5430,denny-martin-flinn,Denny Martin Flinn
5431,denver-pyle,Denver Pyle
5432,denzel-rodriguez,Denzel Rodriguez
5433,denzel-washington,Denzel Washington
5434,denzel-whitaker,Denzel Whitaker
5435,deobia-oparei,Deobia Oparei
5436,deok-jae-jo,Deok-jae Jo
5437,deqiang-shi,Deqiang Shi
5438,derek-carmon,Derek Carmon
5439,derek-deadman,Derek Deadman
5440,derek-drymon,Derek Drymon
5441,derek-graf,Derek Graf
5442,derek-griffiths,Derek Griffiths
5443,derek-haas,Derek Haas
5444,derek-jacobi,Derek Jacobi
5445,derek-john-drescher,Derek John Drescher
5446,derek-johnson-12,Derek Johnson
5447,derek-kevin-jones,Derek Kevin Jones
5448,derek-link,Derek Link
5449,derek-mcgrath,Derek McGrath
5450,derek-pendleton-2,Derek Pendleton
5451,derek-roberts-2,Derek Roberts
5452,derek-siow,Derek Siow
5453,derek-tansley,Derek Tansley
5454,derek-webster,Derek Webster
5455,deric-washburn,Deric Washburn
5456,dermot-crowley,Dermot Crowley
5457,dermot-mulroney,Dermot Mulroney
5458,derren-nesbitt,Derren Nesbitt
5459,derrick-bridgeman,Derrick Bridgeman
5460,derrick-oconnor,Derrick O'Connor
5461,derrick-williams,Derrick Williams
5462,derry-power,Derry Power
5463,deryck-guyler,Deryck Guyler
5464,deryle-j-lujan,Deryle J. Lujan
5465,des-mcaleer,Des McAleer
5466,des-webb,Des Webb
5467,deshui-wu,Deshui Wu
5468,desiree-erasmus,Desirée Erasmus
5469,desiree-symons,Desiree Symons
5470,desmond-dube,Desmond Dube
5471,desmond-llewelyn,Desmond Llewelyn
5472,desmond-mcnamara,Desmond McNamara
5473,desmond-reilly,Desmond Reilly
5474,desmond-tester,Desmond Tester
5475,desreta-jackson,Desreta Jackson
5476,dev-patel,Dev Patel
5477,deveren-bookwalter,DeVeren Bookwalter
5478,devin-jamieson,Devin Jamieson
5479,devin-ratray,Devin Ratray
5480,devinder-dillon,Devinder Dillon
5481,devon-aoki,Devon Aoki
5482,devon-cole-borisoff,Devon Cole Borisoff
5483,devon-conti,Devon Conti
5484,devon-finn,Devon Finn
5485,devon-wood,Devon Wood
5486,devorah-shubowitz,Devorah Shubowitz
5487,devoreaux-white,De'voreaux White
5488,devyn-dalton,Devyn Dalton
5489,dewitt-bodeen,DeWitt Bodeen
5490,dewitt-jennings,DeWitt Jennings
5491,dexter-demme,Dexter Demme
5492,dexter-fletcher,Dexter Fletcher
5493,dexter-gordon,Dexter Gordon
5494,dexter-heads,Dexter Heads
5495,dezi-bing,Dezi Bing
5496,dharmadasa-kuruppu,Dharmadasa Kuruppu
5497,dhirendra,Dhirendra
5498,di-yao,Di Yao
5499,diabolo,Diabolo
5500,diahnne-abbott,Diahnne Abbott
5501,diamond-johnson,Diamond Johnson
5502,diamond-yukai,Diamond Yukai
5503,dian-hanson,Dian Hanson
5504,diana-bracho,Diana Bracho
5505,diana-chesney,Diana Chesney
5506,diana-decker,Diana Decker
5507,diana-dewitt,Diana DeWitt
5508,diana-douglas,Diana Douglas
5509,diana-franco-galindo,Diana Franco Galindo
5510,diana-irvine,Diana Irvine
5511,diana-kent,Diana Kent
5512,diana-korner,Diana Körner
5513,diana-lin,Diana Lin
5514,diana-lynn,Diana Lynn
5515,diana-ossana,Diana Ossana
5516,diana-rabito,Diana Rabito
5517,diana-rein,Diana Rein
5518,diana-rigg,Diana Rigg
5519,diana-ross,Diana Ross
5520,diana-sowle,Diana Sowle
5521,diana-torres-2,Diana Torres
5522,diana-uribe,Diana Uribe
5523,diana-ware,Diana Ware
5524,diana-wynne-jones,Diana Wynne Jones
5525,diana-yekinni,Diana Yekinni
5526,dianah,Dianah
5527,diane-baker,Diane Baker
5528,diane-cilento,Diane Cilento
5529,diane-e-hamlin,Diane E. Hamlin
5530,diane-fleri,Diane Fleri
5531,diane-keaton,Diane Keaton
5532,diane-ladd,Diane Ladd
5533,diane-lane,Diane Lane
5534,diane-lane-2,Diane Lane
5535,diane-lewis,Diane Lewis
5536,diane-strom,Diane Strom
5537,diane-venora,Diane Venora
5538,diankou-sembene,Diankou Sembene
5539,dianne-braddock,Dianne Braddock
5540,dianne-lancaster,Dianne Lancaster
5541,dianne-wiest,Dianne Wiest
5542,dick-anthony-williams,Dick Anthony Williams
5543,dick-armey,Dick Armey
5544,dick-carter-2,Dick Carter
5545,dick-cavett,Dick Cavett
5546,dick-cheney,Dick Cheney
5547,dick-clark,Dick Clark
5548,dick-cogan,Dick Cogan
5549,dick-elliott,Dick Elliott
5550,dick-fontaine,Dick Fontaine
5551,dick-graeme,Dick Graeme
5552,dick-green,Dick Green
5553,dick-herlan,Dick Herlan
5554,dick-hogan,Dick Hogan
5555,dick-huemer,Dick Huemer
5556,dick-johnson-3,Dick Johnson
5557,dick-kelsey,Dick Kelsey
5558,dick-king-smith,Dick King-Smith
5559,dick-miller,Dick Miller
5560,dick-myers-2,Dick Myers
5561,dick-powell,Dick Powell
5562,dick-rickard,Dick Rickard
5563,dick-shawn,Dick Shawn
5564,dick-smothers,Dick Smothers
5565,dick-van-dyke,Dick Van Dyke
5566,dick-van-patten,Dick Van Patten
5567,dick-warlock,Dick Warlock
5568,dicken-ashworth,Dicken Ashworth
5569,dickie-gravois,Dickie Gravois
5570,dickie-jones,Dickie Jones
5571,dickie-moore,Dickie Moore
5572,didi-conn,Didi Conn
5573,didier-campy-comte,Didier Campy Comte
5574,didier-folques,Didier Folques
5575,didier-kaminka,Didier Kaminka
5576,didier-perez,Didier Perez
5577,didier-rouget,Didier Rouget
5578,didier-sauvegrain,Didier Sauvegrain
5579,didier-sedoha-nassangade,Didier Sedoha Nassangade
5580,die-weintraub-syncopators,Die Weintraub Syncopators
5581,diedrich-bader,Diedrich Bader
5582,diego-anido,Diego Anido
5583,diego-calderon,Diego Calderón
5584,diego-cortina-autrey,Diego Cortina Autrey
5585,diego-fuentes,Diego Fuentes
5586,diego-giorzi,Diego Giorzi
5587,diego-luna,Diego Luna
5588,diego-pajuelo,Diego Pajuelo
5589,diego-tiseira,Diego Tiseira
5590,diego-treu,Diego Treu
5591,dielika-coulibaly,Dielika Coulibaly
5592,dierdre-downing-jackson,Dierdre Downing-Jackson
5593,dieter-bachmann,Dieter Bachmann
5594,dieter-berner,Dieter Berner
5595,dieter-mann,Dieter Mann
5596,dieter-rauter,Dieter Rauter
5597,digital-performer-various,Digital Performer (Various)
5598,dihedry-aguilar,Dihedry Aguilar
5599,dijon-2,Dijon
5600,dijvar-elban,Dijvar Elban
5601,dileep-rao,Dileep Rao
5602,dillon-freasier,Dillon Freasier
5603,dillon-mcewin,Dillon McEwin
5604,dilone,Dilone
5605,dima-lavrutov,Dima Lavrutov
5606,dimitra-arliss,Dimitra Arliss
5607,dimitri-dimitriev,Dimitri Dimitriev
5608,dimitri-legros,Dimitri Legros
5609,dimitri-oragvelidze,Dimitri Oragvelidze
5610,dimitri-tsiapkinis,Dimitri Tsiapkinis
5611,dina-enoksen-elvehaug,Dina Enoksen Elvehaug
5612,dina-merrill,Dina Merrill
5613,dina-meyer,Dina Meyer
5614,dinah-manoff,Dinah Manoff
5615,dinah-nicholson,Dinah Nicholson
5616,dinara-drukarova,Dinara Drukarova
5617,dink-trout,Dink Trout
5618,dino-andino,Dino Andino
5619,dino-bajrovic,Dino Bajrovic
5620,dino-risi,Dino Risi
5621,dino-seragusa,Dino Seragusa
5622,dion-browning,Dion Browning
5623,dion-lam,Dion Lam
5624,dion-simmons,Dion Simmons
5625,dipak-pallana,Dipak Pallana
5626,dira-paes,Dira Paes
5627,dirk-blocker,Dirk Blocker
5628,dirk-bogarde,Dirk Bogarde
5629,dirk-denoyelle,Dirk Denoyelle
5630,dirk-martens,Dirk Martens
5631,dirk-nocker,Dirk Nocker
5632,ditte-graa-wulff,Ditte Graa Wulff
5633,diveen-henry,Diveen Henry
5634,divya-prabha,Divya Prabha
5635,dizzy-gillespie,Dizzy Gillespie
5636,dj-pooh,DJ Pooh
5637,djamel-zemali,Djamel Zemali
5638,djedje-apali,Djédjé Apali
5639,djibril-casse,Djibril Casse
5640,djibril-gueye,Djibril Gueye
5641,djibril-lo,Djibril Lo
5642,djie-sidi,Djié Sidi
5643,djimon-hounsou,Djimon Hounsou
5644,djoko-rosic,Djoko Rosic
5645,dl-johnson,D.L. Johnson
5646,dm-marshman-jr,D.M. Marshman Jr.
5647,dmitch-davis,D'Mitch Davis
5648,dmitri-s-boudrine,Dmitri S. Boudrine
5649,dmitriy-bykovskiy-romashov,Dmitriy Bykovskiy-Romashov
5650,dmitry-pavlenko-2,Dmitry Pavlenko
5651,do-thien-hoang,Do Thien Hoang
5652,doc-lawless,Doc Lawless
5653,doddie-keeler,Doddie Keeler
5654,dodie-smith,Dodie Smith
5655,dody-goodman,Dody Goodman
5656,dogu-demirkol,Dogu Demirkol
5657,dolan-dougherty,Dolan Dougherty
5658,dolina-maclennan,Dolina MacLennan
5659,dolly-grey,Dolly Grey
5660,dolly-wells,Dolly Wells
5661,dolores-costello,Dolores Costello
5662,dolores-hitchens,Dolores Hitchens
5663,dolores-keator,Dolores Keator
5664,dolores-moran,Dolores Moran
5665,dolores-ocampo,Dolores Ocampo
5666,dolyn-bramston-cook,Dolyn Bramston Cook
5667,dom-deluise,Dom DeLuise
5668,domenick-lombardozzi,Domenick Lombardozzi
5669,domhnall-gleeson,Domhnall Gleeson
5670,dominic-applewhite,Dominic Applewhite
5671,dominic-chianese,Dominic Chianese
5672,dominic-cooper,Dominic Cooper
5673,dominic-hawksley,Dominic Hawksley
5674,dominic-liriano,Dominic Liriano
5675,dominic-purcell,Dominic Purcell
5676,dominic-west,Dominic West
5677,dominick-rocchio,Dominick Rocchio
5678,dominik-castell,Dominik Castell
5679,dominika-ladziak,Dominika Ladziak
5680,dominique-baffier,Dominique Baffier
5681,dominique-bettenfeld,Dominique Bettenfeld
5682,dominique-briand,Dominique Briand
5683,dominique-davray,Dominique Davray
5684,dominique-dunne,Dominique Dunne
5685,dominique-lacarriere,Dominique Lacarrière
5686,dominique-levert,Dominique Levert
5687,dominique-louis,Dominique Louis
5688,dominique-maurin,Dominique Maurin
5689,dominique-minot,Dominique Minot
5690,dominique-moune,Dominique Moune
5691,dominique-pinon,Dominique Pinon
5692,dominique-reymond,Dominique Reymond
5693,dominique-sanda,Dominique Sanda
5694,dominique-strauss-kahn,Dominique Strauss-Kahn
5695,dominique-swain,Dominique Swain
5696,dominique-thorne,Dominique Thorne
5697,dominique-zardi,Dominique Zardi
5698,dominique-zeida,Dominique Zeïda
5699,don-ackerman-2,Don Ackerman
5700,don-ameche,Don Ameche
5701,don-anderson,Don Anderson
5702,don-austen,Don Austen
5703,don-barclay,Don Barclay
5704,don-battee,Don Battee
5705,don-beddoe,Don Beddoe
5706,don-blackman,Don Blackman
5707,don-bland-3,Don Bland
5708,don-bluth,Don Bluth
5709,don-bolles,Don Bolles
5710,don-brodie,Don Brodie
5711,don-camp,Don Camp
5712,don-cheadle,Don Cheadle
5713,don-crabtree,Don Crabtree
5714,don-creech,Don Creech
5715,don-dagradi,Don DaGradi
5716,don-dillaway,Don Dillaway
5717,don-donahue,Don Donahue
5718,don-dougherty,Don Dougherty
5719,don-dunphy,Don Dunphy
5720,don-fellows,Don Fellows
5721,don-gordon,Don Gordon
5722,don-hall-4,Don Hall
5723,don-harvey,Don Harvey
5724,don-henderson,Don Henderson
5725,don-henderson-baker,Don Henderson Baker
5726,don-hertzfeldt,Don Hertzfeldt
5727,don-keefer,Don Keefer
5728,don-knotts,Don Knotts
5729,don-long,Don Long
5730,don-macellis,Don MacEllis
5731,don-mackay,Don MacKay
5732,don-mcenery,Don McEnery
5733,don-mcgovern,Don McGovern
5734,don-mcguire,Don McGuire
5735,don-mckellar,Don McKellar
5736,don-mcmanus,Don McManus
5737,don-mitzel,Don Mitzel
5738,don-omar,Don Omar
5739,don-phillips-jr,Don Phillips Jr.
5740,don-quigley,Don Quigley
5741,don-red-barry,Don 'Red' Barry
5742,don-rickles,Don Rickles
5743,don-ross,Don Ross
5744,don-s-williams,Don S. Williams
5745,don-samuels,Don Samuels
5746,don-shelton-2,Don Shelton
5747,don-sherman,Don Sherman
5748,don-siegel,Don Siegel
5749,don-stanton,Don Stanton
5750,don-taylor-3,Don Taylor
5751,don-yesso,Don Yesso
5752,dona-baldwin,Dona Baldwin
5753,dona-croll,Doña Croll
5754,donal-brophy,Donal Brophy
5755,donal-logue,Donal Logue
5756,donald-alford-2,Donald Alford
5757,donald-bain,Donald Bain
5758,donald-bremner,Donald Bremner
5759,donald-churchill,Donald Churchill
5760,donald-cook,Donald Cook
5761,donald-crisp,Donald Crisp
5762,donald-curtis,Donald Curtis
5763,donald-e-jones,Donald E. Jones
5764,donald-e-stewart,Donald E. Stewart
5765,donald-e-westlake,Donald E. Westlake
5766,donald-f-cerio,Donald F. Cerio
5767,donald-faison,Donald Faison
5768,donald-fullilove,Donald Fullilove
5769,donald-g-payne,Donald G. Payne
5770,donald-gantry,Donald Gantry
5771,donald-hotton,Donald Hotton
5772,donald-john-hewitt,Donald John Hewitt
5773,donald-kerr,Donald Kerr
5774,donald-meek,Donald Meek
5775,donald-moffat,Donald Moffat
5776,donald-oconnor,Donald O'Connor
5777,donald-ogden-stewart,Donald Ogden Stewart
5778,donald-pleasence,Donald Pleasence
5779,donald-rumsfeld,Donald Rumsfeld
5780,donald-strachan,Donald Strachan
5781,donald-stuart,Donald Stuart
5782,donald-sumpter,Donald Sumpter
5783,donald-sutherland,Donald Sutherland
5784,donald-symington,Donald Symington
5785,donald-thorne,Donald Thorne
5786,donald-trump,Donald Trump
5787,donald-wardlow,Donald Wardlow
5788,donald-wiegert,Donald Wiegert
5789,donald-wolfit,Donald Wolfit
5790,donald-woods,Donald Woods
5791,donatas-banionis,Donatas Banionis
5792,dong-ho-kim,Dong-ho Kim
5793,dong-ho-lee,Dong-ho Lee
5794,dong-liu,Dong Liu
5795,dong-seok-kim-2,Dong-Seok Kim
5796,dongkai-liao,Dongkai Liao
5797,donn-pearce,Donn Pearce
5798,donna-7,Donna
5799,donna-de-salvo-2,Donna De Salvo
5800,donna-dixon,Donna Dixon
5801,donna-duplantier,Donna Duplantier
5802,donna-hanover,Donna Hanover
5803,donna-la-pietra,Donna La Pietra
5804,donna-murphy,Donna Murphy
5805,donna-reed,Donna Reed
5806,donna-w-scott,Donna W. Scott
5807,donna-woodrum,Donna Woodrum
5808,donna-yamamoto,Donna Yamamoto
5809,donncha-crowley,Donncha Crowley
5810,donnelly-rhodes,Donnelly Rhodes
5811,donnie-dunagan,Donnie Dunagan
5812,donnie-wahlberg,Donnie Wahlberg
5813,donnie-whirlwind-horse,Donnie Whirlwind Horse
5814,donnie-yen,Donnie Yen
5815,donny-caicedo,Donny Caicedo
5816,donny-osmond,Donny Osmond
5817,doodles-weaver,Doodles Weaver
5818,dooley-wilson,Dooley Wilson
5819,dora-altmann,Dora Altmann
5820,dora-angelone,Dora Angelone
5821,dora-bryan,Dora Bryan
5822,dora-clement,Dora Clement
5823,dora-doll,Dora Doll
5824,dora-raddy,Dora Raddy
5825,doreen-ingleton,Doreen Ingleton
5826,doreen-lang,Doreen Lang
5827,dori-whitaker,Dori Whitaker
5828,dorian-boguta,Dorian Boguta
5829,dorian-harewood,Dorian Harewood
5830,dorian-holley,Dorian Holley
5831,dorian-lough,Dorian Lough
5832,dorie-samovitz,Dorie Samovitz
5833,dorina-lazar,Dorina Lazar
5834,dorinda-drake,Dorinda Drake
5835,doris-baizley,Doris Baizley
5836,doris-belack,Doris Belack
5837,doris-day,Doris Day
5838,doris-gilver,Doris Gilver
5839,doris-hess,Doris Hess
5840,doris-kearns-goodwin,Doris Kearns Goodwin
5841,doris-leader-charge,Doris Leader Charge
5842,doris-lloyd,Doris Lloyd
5843,doris-lockhart,Doris Lockhart
5844,doris-naulapwa,Doris Naulapwa
5845,doris-nolan,Doris Nolan
5846,doris-von-thury,Doris von Thury
5847,dorota-kuduk,Dorota Kuduk
5848,dorothee-blanck,Dorothée Blanck
5849,dorothy-abbott,Dorothy Abbott
5850,dorothy-adams,Dorothy Adams
5851,dorothy-ann-blank,Dorothy Ann Blank
5852,dorothy-appleby,Dorothy Appleby
5853,dorothy-atkinson,Dorothy Atkinson
5854,dorothy-barrett,Dorothy Barrett
5855,dorothy-bromiley,Dorothy Bromiley
5856,dorothy-christy,Dorothy Christy
5857,dorothy-comingore,Dorothy Comingore
5858,dorothy-davidson,Dorothy Davidson
5859,dorothy-gulliver,Dorothy Gulliver
5860,dorothy-hersh,Dorothy Hersh
5861,dorothy-jordan,Dorothy Jordan
5862,dorothy-m-johnson,Dorothy M. Johnson
5863,dorothy-malone,Dorothy Malone
5864,dorothy-parker,Dorothy Parker
5865,dorothy-porter,Dorothy Porter
5866,dorothy-steel,Dorothy Steel
5867,dorothy-stengel,Dorothy Stengel
5868,dorothy-tapert,Dorothy Tapert
5869,dorothy-tree,Dorothy Tree
5870,dorothy-whitney,Dorothy Whitney
5871,dorothy-yost,Dorothy Yost
5872,dorris-bowdon,Dorris Bowdon
5873,dorsey-wright,Dorsey Wright
5874,doru-ana,Doru Ana
5875,doru-grigore,Doru Grigore
5876,doshia-darmane,Doshia Darmane
5877,dot-farley,Dot Farley
5878,douchka,Douchka
5879,doug-barron,Doug Barron
5880,doug-bradley,Doug Bradley
5881,doug-claybourne,Doug Claybourne
5882,doug-compton,Doug Compton
5883,doug-cox,Doug Cox
5884,doug-demaster,Doug DeMaster
5885,doug-graeme,Doug Graeme
5886,doug-hutchison,Doug Hutchison
5887,doug-jones,Doug Jones
5888,doug-kershaw,Doug Kershaw
5889,doug-kimball,Doug Kimball
5890,doug-liman,Doug Liman
5891,doug-murray,Doug Murray
5892,doug-von-nessen,Doug von Nessen
5893,doug-wright-8,Doug Wright
5894,douglas-brinkley,Douglas Brinkley
5895,douglas-carter,Douglas Carter
5896,douglas-cook,Douglas Cook
5897,douglas-croft,Douglas Croft
5898,douglas-dick-2,Douglas Dick
5899,douglas-fowley,Douglas Fowley
5900,douglas-g-soul,Douglas G. Soul
5901,douglas-henderson,Douglas Henderson
5902,douglas-hodge,Douglas Hodge
5903,douglas-mcgrath,Douglas McGrath
5904,douglas-rain,Douglas Rain
5905,douglas-reith,Douglas Reith
5906,douglas-seale,Douglas Seale
5907,douglas-silva-2,Douglas Silva
5908,douglas-sirk,Douglas Sirk
5909,douglas-smith-4,Douglas Smith
5910,douglas-spencer,Douglas Spencer
5911,douglas-turner,Douglas Turner
5912,douglas-walton,Douglas Walton
5913,douglas-wilmer,Douglas Wilmer
5914,douglass-montgomery,Douglass Montgomery
5915,dowoti-desir,Dowoti Desir
5916,dp-fitzgerald,D.P. FitzGerald
5917,dr-dre,Dr. Dre
5918,dr-nanayakkara,D.R. Nanayakkara
5919,dragomir-stanojevic,Dragomir Stanojevic
5920,dragos-bucur,Dragos Bucur
5921,drake-bell,Drake Bell
5922,drazen-sivak,Drazen Sivak
5923,drew-barrymore,Drew Barrymore
5924,drew-de-carvalho,Drew De Carvalho
5925,drew-hocevar,Drew Hocevar
5926,drew-scheid,Drew Scheid
5927,drew-seltzer,Drew Seltzer
5928,drew-snyder,Drew Snyder
5929,drewe-henley,Drewe Henley
5930,dror-harazi,Dror Harazi
5931,dror-moreh,Dror Moreh
5932,dru-viergever,Dru Viergever
5933,drucie-mcdaniel,Drucie McDaniel
5934,du-lu-wang,Du Lu Wang
5935,duan-sanderson,Duan Sanderson
5936,duane-carnahan,Duane Carnahan
5937,duane-jones,Duane Jones
5938,duane-murray,Duane Murray
5939,dub-taylor,Dub Taylor
5940,duccio-tessari,Duccio Tessari
5941,dudley-digges,Dudley Digges
5942,dudley-nichols,Dudley Nichols
5943,dudu-tassa,Dudu Tassa
5944,duke-johnson-2,Duke Johnson
5945,duncan-duff,Duncan Duff
5946,duncan-jones,Duncan Jones
5947,duncan-mackechnie,Duncan MacKechnie
5948,duncan-macneil,Duncan MacNeil
5949,duncan-mcintyre,Duncan McIntyre
5950,duncan-wilmore,Duncan Wilmore
5951,dunia-saldivar,Dunia Saldívar
5952,durville-martin,D'Urville Martin
5953,dusan-brown,Dusan Brown
5954,dushyant-wagh,Dushyant Wagh
5955,dustin-allen,Dustin Allen
5956,dustin-clark,Dustin Clark
5957,dustin-fitzsimons,Dustin Fitzsimons
5958,dustin-friel,Dustin Friel
5959,dustin-hoffman,Dustin Hoffman
5960,dustin-lance-black,Dustin Lance Black
5961,dustin-miles,Dustin Miles
5962,duval-lang,Duval Lang
5963,dv-devincentis,D.V. DeVincentis
5964,dw-brown,D.W. Brown
5965,dw-griffith,D.W. Griffith
5966,dw-moffett,D.W. Moffett
5967,dwayne-johnson,Dwayne Johnson
5968,dwayne-mclean,Dwayne McLean
5969,dwight-frye,Dwight Frye
5970,dwight-henry,Dwight Henry
5971,dwight-marfield,Dwight Marfield
5972,dwight-schultz,Dwight Schultz
5973,dwight-taylor,Dwight Taylor
5974,dwight-yoakam,Dwight Yoakam
5975,dylan-7,Dylan
5976,dylan-arnold,Dylan Arnold
5977,dylan-baker,Dylan Baker
5978,dylan-bruno,Dylan Bruno
5979,dylan-gelula,Dylan Gelula
5980,dylan-haggerty,Dylan Haggerty
5981,dylan-kenin,Dylan Kenin
5982,dylan-mcdermott,Dylan McDermott
5983,dylan-minnette,Dylan Minnette
5984,dylan-moran,Dylan Moran
5985,dylan-smith,Dylan Smith
5986,dylan-smith-2,Dylan Smith
5987,dylan-van-hoof,Dylan Van Hoof
5988,dylan-walsh,Dylan Walsh
5989,dynah-bereket,Dynah Bereket
5990,dynamite,Dynamite
5991,dziga-vertov,Dziga Vertov
5992,e-blumenthal,E. Blumenthal
5993,ea-krumschmidt,E.A. Krumschmidt
5994,eabha-ni-chonaola,Eabha Ni Chonaola
5995,eamonn-healy,Eamonn Healy
5996,eamonn-walker,Eamonn Walker
5997,eanna-macliam,Eanna MacLiam
5998,earl-billings,Earl Billings
5999,earl-boen,Earl Boen
6000,earl-cameron,Earl Cameron
6001,earl-cave,Earl Cave
6002,earl-hurd,Earl Hurd
6003,earl-keen,Earl Keen
6004,earl-maddox,Earl Maddox
6005,earl-montgomery,Earl Montgomery
6006,earl-pastko,Earl Pastko
6007,earl-poitier,Earl Poitier
6008,earl-sawyer,Earl Sawyer
6009,earl-smith-2,Earl Smith
6010,earl-t-taylor,Earl T. Taylor
6011,earl-w-wallace,Earl W. Wallace
6012,earnestine-council,Earnestine Council
6013,ebbe-roe-smith,Ebbe Roe Smith
6014,ebonie-smith,Ebonie Smith
6015,ebony-obsidian,Ebony Obsidian
6016,ebrahim-azizi,Ebrahim Azizi
6017,ebru-ceylan,Ebru Ceylan
6018,ecasanova,E'Casanova
6019,ece-bagci,Ece Bagci
6020,ed-agresti,Ed Agresti
6021,ed-allen,Ed Allen
6022,ed-archie-noisecat,Ed Archie Noisecat
6023,ed-bakey,Ed Bakey
6024,ed-begley,Ed Begley
6025,ed-begley-jr,Ed Begley Jr.
6026,ed-bishop,Ed Bishop
6027,ed-boyar,Ed Boyar
6028,ed-brady,Ed Brady
6029,ed-burke-2,Ed Burke
6030,ed-call,Ed Call
6031,ed-crowley,Ed Crowley
6032,ed-dogans,Ed Dogans
6033,ed-gale,Ed Gale
6034,ed-gavagan,Ed Gavagan
6035,ed-gilbert,Ed Gilbert
6036,ed-grennan,Ed Grennan
6037,ed-guinn,Ed Guinn
6038,ed-harris,Ed Harris
6039,ed-helms,Ed Helms
6040,ed-herbstman,Ed Herbstman
6041,ed-herlihy,Ed Herlihy
6042,ed-koch,Ed Koch
6043,ed-lauter,Ed Lauter
6044,ed-metzger,Ed Metzger
6045,ed-oross,Ed O'Ross
6046,ed-ramey,Ed Ramey
6047,ed-roberts-4,Ed Roberts
6048,ed-sanders-3,Ed Sanders
6049,ed-setrakian,Ed Setrakian
6050,ed-skrein,Ed Skrein
6051,ed-solomon,Ed Solomon
6052,ed-stoppard,Ed Stoppard
6053,ed-torian,Ed Torian
6054,ed-wiley,Ed Wiley
6055,ed-williams,Ed Williams
6056,ed-wolf-2,Ed Wolf
6057,ed-wynn,Ed Wynn
6058,edd-byrnes,Edd Byrnes
6059,eddie-acuff,Eddie Acuff
6060,eddie-albert,Eddie Albert
6061,eddie-baker,Eddie Baker
6062,eddie-blanchard,Eddie Blanchard
6063,eddie-bocanegra,Eddie Bocanegra
6064,eddie-boland,Eddie Boland
6065,eddie-bracken,Eddie Bracken
6066,eddie-bruce,Eddie Bruce
6067,eddie-byrne,Eddie Byrne
6068,eddie-campbell,Eddie Campbell
6069,eddie-cheung,Eddie Cheung
6070,eddie-cicotte,Eddie Cicotte
6071,eddie-collins,Eddie Collins
6072,eddie-compass,Eddie Compass
6073,eddie-conrad,Eddie Conrad
6074,eddie-constantine,Eddie Constantine
6075,eddie-dew,Eddie Dew
6076,eddie-dunn,Eddie Dunn
6077,eddie-egan,Eddie Egan
6078,eddie-fisher,Eddie Fisher
6079,eddie-foy-jr,Eddie Foy Jr.
6080,eddie-hassell,Eddie Hassell
6081,eddie-holden,Eddie Holden
6082,eddie-jones,Eddie Jones
6083,eddie-marsan,Eddie Marsan
6084,eddie-montanaro,Eddie Montanaro
6085,eddie-murphy,Eddie Murphy
6086,eddie-park,Eddie Park
6087,eddie-powell,Eddie Powell
6088,eddie-quillan,Eddie Quillan
6089,eddie-shaw,Eddie Shaw
6090,eddie-tagoe,Eddie Tagoe
6091,eddie-waldburger,Eddie Waldburger
6092,eddie-whaley-jr,Eddie Whaley Jr.
6093,eddra-gale,Eddra Gale
6094,eddy-debray,Eddy Debray
6095,eddy-kimani,Eddy Kimani
6096,eddy-van-guyse,Eddy Van Guyse
6097,edel-frazer,Edel Frazer
6098,eden-riegel,Eden Riegel
6099,edet-belzberg,Edet Belzberg
6100,edgar-allan-woolf,Edgar Allan Woolf
6101,edgar-barrier,Edgar Barrier
6102,edgar-bergen,Edgar Bergen
6103,edgar-buchanan,Edgar Buchanan
6104,edgar-choueriri,Edgar Choueriri
6105,edgar-dearing,Edgar Dearing
6106,edgar-kennedy,Edgar Kennedy
6107,edgar-norton,Edgar Norton
6108,edgar-ramirez,Edgar Ramírez
6109,edgar-rice-burroughs,Edgar Rice Burroughs
6110,edgar-vivar,Edgar Vivar
6111,edgar-wallace,Edgar Wallace
6112,edgar-wright,Edgar Wright
6113,edi-gathegi,Edi Gathegi
6114,edie-adams,Edie Adams
6115,edie-martin,Edie Martin
6116,edie-mcclurg,Edie McClurg
6117,edik-beddoes,Edik Beddoes
6118,edison-chen,Edison Chen
6119,edita-malovcic,Edita Malovcic
6120,edith-atwater,Edith Atwater
6121,edith-evans,Edith Evans
6122,edith-evanson,Edith Evanson
6123,edith-irving,Edith Irving
6124,edith-kiel,Edith Kiel
6125,edith-scob,Edith Scob
6126,edith-soli,Edith Søli
6127,edith-wharton,Edith Wharton
6128,edmond-obrien,Edmond O'Brien
6129,edmond-t-greville,Edmond T. Gréville
6130,edmond-wong-2,Edmond Wong
6131,edmund-blunden,Edmund Blunden
6132,edmund-breese,Edmund Breese
6133,edmund-cobb,Edmund Cobb
6134,edmund-de-waal,Edmund de Waal
6135,edmund-gwenn,Edmund Gwenn
6136,edmund-h-north,Edmund H. North
6137,edmund-hillary,Edmund Hillary
6138,edmund-joseph,Edmund Joseph
6139,edmund-kingsley,Edmund Kingsley
6140,edmund-naughton,Edmund Naughton
6141,edmund-pearson,Edmund Pearson
6142,edna-dore,Edna Doré
6143,edna-ferber,Edna Ferber
6144,edna-may-oliver,Edna May Oliver
6145,edna-may-wonacott,Edna May Wonacott
6146,edna-thomas,Edna Thomas
6147,ednah-holt,Ednah Holt
6148,edoardo-gabbriellini,Edoardo Gabbriellini
6149,edoardo-montalto,Edoardo Montalto
6150,edouard-francomme,Édouard Francomme
6151,edouard-molinaro,Édouard Molinaro
6152,edouard-sulpice,Édouard Sulpice
6153,edouard-tremblay-grenier,Édouard Tremblay-Grenier
6154,edrie-warner,Edrie Warner
6155,edson-jean,Edson Jean
6156,edson-oliveira,Edson Oliveira
6157,eduard-fernandez,Eduard Fernández
6158,eduard-von-winterstein,Eduard von Winterstein
6159,eduardo-antonio-garcia,Eduardo Antonio Garcia
6160,eduardo-ciannelli,Eduardo Ciannelli
6161,eduardo-espinosa-2,Eduardo Espinosa
6162,eduardo-garcia-6,Eduardo García
6163,eduardo-noriega-2,Eduardo Noriega
6164,eduardo-sacheri,Eduardo Sacheri
6165,edvin-ottoson,Edvin Ottoson
6166,edward-aczel,Edward Aczel
6167,edward-andrews,Edward Andrews
6168,edward-arnold,Edward Arnold
6169,edward-asner,Edward Asner
6170,edward-biby,Edward Biby
6171,edward-binns,Edward Binns
6172,edward-blatchford,Edward Blatchford
6173,edward-bond,Edward Bond
6174,edward-brophy,Edward Brophy
6175,edward-bunker,Edward Bunker
6176,edward-burns,Edward Burns
6177,edward-chiodo,Edward Chiodo
6178,edward-croke,Edward Croke
6179,edward-edwards,Edward Edwards
6180,edward-ellis,Edward Ellis
6181,edward-everett-horton,Edward Everett Horton
6182,edward-fayton,Edward Fayton
6183,edward-fielding,Edward Fielding
6184,edward-fox,Edward Fox
6185,edward-furlong,Edward Furlong
6186,edward-g-robinson,Edward G. Robinson
6187,edward-g-robinson-jr,Edward G. Robinson Jr.
6188,edward-grover,Edward Grover
6189,edward-hardwicke,Edward Hardwicke
6190,edward-herrmann,Edward Herrmann
6191,edward-hodge,Edward Hodge
6192,edward-ivory,Edward Ivory
6193,edward-james-olmos,Edward James Olmos
6194,edward-jewesbury,Edward Jewesbury
6195,edward-kelsey,Edward Kelsey
6196,edward-klosinski,Edward Klosinski
6197,edward-lesaint,Edward LeSaint
6198,edward-malin,Edward Malin
6199,edward-neumeier,Edward Neumeier
6200,edward-norton,Edward Norton
6201,edward-pagan,Edward Pagan
6202,edward-platt,Edward Platt
6203,edward-r-annis,Edward R. Annis
6204,edward-rendell,Edward Rendell
6205,edward-rigby,Edward Rigby
6206,edward-sanders,Edward Sanders
6207,edward-snowden,Edward Snowden
6208,edward-stone,Edward Stone
6209,edward-summer,Edward Summer
6210,edward-van-sloan,Edward Van Sloan
6211,edward-walsh,Edward Walsh
6212,edward-watson-2,Edward Watson
6213,edward-watts-3,Edward Watts
6214,edward-wiley,Edward Wiley
6215,edward-woodward,Edward Woodward
6216,edward-yang,Edward Yang
6217,edward-zebrowski,Edward Zebrowski
6218,edward-zwick,Edward Zwick
6219,edwin-alin,Edwin Alin
6220,edwin-august,Edwin August
6221,edwin-bigwood,Edwin Bigwood
6222,edwin-craig,Edwin Craig
6223,edwin-hodge,Edwin Hodge
6224,edwin-justus-mayer,Edwin Justus Mayer
6225,edwin-maxwell,Edwin Maxwell
6226,edwin-mendoza-ramirez,Edwin Mendoza Ramírez
6227,edwin-neal,Edwin Neal
6228,edwin-r-habacon,Edwin R. Habacon
6229,edwin-raymond,Edwin Raymond
6230,edwin-sirianni,Edwin Sirianni
6231,edwina-carroll,Edwina Carroll
6232,edwine-moatti,Edwine Moatti
6233,ee-clive,E.E. Clive
6234,efon-wini,Efon Wini
6235,efrat-dor,Efrat Dor
6236,efrem-zimbalist-jr,Efrem Zimbalist Jr.
6237,efthimis-filippou,Efthimis Filippou
6238,eg-marshall,E.G. Marshall
6239,egon-brandstetter,Egon Brandstetter
6240,egon-brecher,Egon Brecher
6241,egon-di-mateo,Egon Di Mateo
6242,eh-calvert,E.H. Calvert
6243,ehsan-ahmad-khanpour,Ehsan Ahmad Khanpour
6244,ehsan-nazari,Ehsan Nazari
6245,ehteram-boroumand,Ehteram Boroumand
6246,eia-skjonsberg,Eia Skjønsberg
6247,eiji-miyashita,Eiji Miyashita
6248,eijiro-hisaita,Eijirô Hisaita
6249,eijiro-ozaki,Eijiro Ozaki
6250,eijiro-tono,Eijirô Tôno
6251,eijiro-yanagi,Eijirô Yanagi
6252,eiko-kadono,Eiko Kadono
6253,eiko-miyoshi,Eiko Miyoshi
6254,eileen-atkins,Eileen Atkins
6255,eileen-brennan,Eileen Brennan
6256,eileen-chang,Eileen Chang
6257,eileen-colgan,Eileen Colgan
6258,eileen-crowe,Eileen Crowe
6259,eileen-davies,Eileen Davies
6260,eileen-erskine,Eileen Erskine
6261,eileen-essell,Eileen Essell
6262,eileen-glutzer,Eileen Glutzer
6263,eileen-nicholas,Eileen Nicholas
6264,eileen-ohiggins,Eileen O'Higgins
6265,eileen-ryan,Eileen Ryan
6266,eileen-stevens,Eileen Stevens
6267,eilidh-rankin,Eilidh Rankin
6268,eily-malyon,Eily Malyon
6269,eimi-hiraoka,Eimi Hiraoka
6270,einar-andreas-soli,Einar Andreas Søli
6271,einar-okland,Einar Økland
6272,eirik-hallert,Eirik Hallert
6273,eiril-tormodsdatter-solberg,Eiril Tormodsdatter Solberg
6274,eisa-davis,Eisa Davis
6275,eisuke-asakura,Eisuke Asakura
6276,eitaro-shindo,Eitarô Shindô
6277,eiza-gonzalez,Eiza González
6278,eka-mzhavanadze,Eka Mzhavanadze
6279,ekaterina-ilina,Ekaterina Ilina
6280,ekaterina-tarkovskaya,Ekaterina Tarkovskaya
6281,eken-mine,Eken Mine
6282,ekrem-ilhan,Ekrem Ilhan
6283,el-pilkington,El Pilkington
6284,ela-kozlowska,Ela Kozlowska
6285,elaha-faiz,Elaha Faiz
6286,elaine-britten,Elaine Britten
6287,elaine-bromka,Elaine Bromka
6288,elaine-friedman,Elaine Friedman
6289,elaine-grollman,Elaine Grollman
6290,elaine-jin,Elaine Jin
6291,elaine-may,Elaine May
6292,elaine-ohara,Elaine O'Hara
6293,elaine-stewart,Elaine Stewart
6294,elana-shilling,Elana Shilling
6295,elba-leon-canton,Elba León Cantón
6296,elcim-eroglu,Elcim Eroglu
6297,elden-henson,Elden Henson
6298,eldon-quick,Eldon Quick
6299,eleanor-audley,Eleanor Audley
6300,eleanor-bron,Eleanor Bron
6301,eleanor-brown-3,Eleanor Brown
6302,eleanor-coppola,Eleanor Coppola
6303,eleanor-david,Eleanor David
6304,eleanor-henry,Eleanor Henry
6305,eleanor-hutchins,Eleanor Hutchins
6306,eleanor-washington,Eleanor Washington
6307,eleanor-witt,Eleanor Witt
6308,eleanore-griffin,Eleanore Griffin
6309,elen-bober,Elen Bober
6310,elena-anaya,Elena Anaya
6311,elena-barbulescu,Elena Barbulescu
6312,elena-bucci,Elena Bucci
6313,elena-ceausescu,Elena Ceausescu
6314,elena-copaciu,Elena Copaciu
6315,elena-ferrante,Elena Ferrante
6316,elena-kostyuchenko,Elena Kostyuchenko
6317,elena-lim-so,Elena Lim So
6318,elena-lyadova,Elena Lyadova
6319,elena-rea,Elena Rea
6320,elena-rufanova,Elena Rufanova
6321,elena-wohl,Elena Wohl
6322,elene-makashvili,Elene Makashvili
6323,eleonora-marino,Eléonora Marino
6324,elfriede-jelinek,Elfriede Jelinek
6325,elga-andersen,Elga Andersen
6326,elham-saboktakin,Elham Saboktakin
6327,eli-craig,Eli Craig
6328,eli-fucile,Eli Fucile
6329,eli-ganias,Eli Ganias
6330,eli-gorenstein,Eli Gorenstein
6331,eli-iranzo,Eli Iranzo
6332,eli-marienthal,Eli Marienthal
6333,eli-wallach,Eli Wallach
6334,elia-kazan,Elia Kazan
6335,eliane-firmin-didot,Eliane Firmin-Didot
6336,elias-koteas,Elias Koteas
6337,elias-perkins-mccook,Elias Perkins McCook
6338,eliazar-jimenez,Eliazar Jimenez
6339,elie-docter,Elie Docter
6340,elie-tertois,Elie Tertois
6341,eliezer-niborski-2,Eliezer Niborski
6342,elif-urse,Elif Ürse
6343,elijah-smith-2,Elijah Smith
6344,elijah-wood,Elijah Wood
6345,elina-lowensohn,Elina Löwensohn
6346,elio-petri,Elio Petri
6347,eliot-feld,Eliot Feld
6348,eliot-makeham,Eliot Makeham
6349,eliot-ness,Eliot Ness
6350,eliot-spitzer,Eliot Spitzer
6351,elisa-carricajo,Elisa Carricajo
6352,elisa-donovan,Elisa Donovan
6353,elisabeth-commelin,Élisabeth Commelin
6354,elisabeth-gonzalez,Elisabeth Gonzalez
6355,elisabeth-granli,Elisabeth Granli
6356,elisabeth-harnois,Elisabeth Harnois
6357,elisabeth-henry,Elisabeth Henry
6358,elisabeth-joinet,Elisabeth Joinet
6359,elisabeth-lehmann,Elisabeth Lehmann
6360,elisabeth-moss,Elisabeth Moss
6361,elisabeth-neumann-viertel,Elisabeth Neumann-Viertel
6362,elisabeth-rohm,Elisabeth Röhm
6363,elisabeth-shue,Elisabeth Shue
6364,elisabetta-perotto,Elisabetta Perotto
6365,elisabetta-rocchetti,Elisabetta Rocchetti
6366,elise-caron,Élise Caron
6367,elise-lhomeau,Elise Lhomeau
6368,elisha-cook-jr,Elisha Cook Jr.
6369,elissa-knight,Elissa Knight
6370,elit-andac-cam,Elit Andaç Çam
6371,eliza-dushku,Eliza Dushku
6372,eliza-hittman,Eliza Hittman
6373,eliza-scanlen,Eliza Scanlen
6374,elizabeth-aimers,Elizabeth Aimers
6375,elizabeth-allan,Elizabeth Allan
6376,elizabeth-allen-rosenbaum,Elizabeth Allen Rosenbaum
6377,elizabeth-ashley,Elizabeth Ashley
6378,elizabeth-banks,Elizabeth Banks
6379,elizabeth-berridge,Elizabeth Berridge
6380,elizabeth-berrington,Elizabeth Berrington
6381,elizabeth-bond,Elizabeth Bond
6382,elizabeth-carling,Elizabeth Carling
6383,elizabeth-chandler,Elizabeth Chandler
6384,elizabeth-chisela,Elizabeth Chisela
6385,elizabeth-debicki,Elizabeth Debicki
6386,elizabeth-deering,Elizabeth Deering
6387,elizabeth-dennehy,Elizabeth Dennehy
6388,elizabeth-dunne,Elizabeth Dunne
6389,elizabeth-flournoy,Elizabeth Flournoy
6390,elizabeth-hawthorne,Elizabeth Hawthorne
6391,elizabeth-hubbard,Elizabeth Hubbard
6392,elizabeth-judd,Elizabeth Judd
6393,elizabeth-klein-hersh,Elizabeth Klein Hersh
6394,elizabeth-knight,Elizabeth Knight
6395,elizabeth-lawrence,Elizabeth Lawrence
6396,elizabeth-macrae,Elizabeth MacRae
6397,elizabeth-masucci,Elizabeth Masucci
6398,elizabeth-mcgovern,Elizabeth McGovern
6399,elizabeth-mcinerney,Elizabeth McInerney
6400,elizabeth-meriwether,Elizabeth Meriwether
6401,elizabeth-moody,Elizabeth Moody
6402,elizabeth-moore-8,Elizabeth Moore
6403,elizabeth-murphy,Elizabeth Murphy
6404,elizabeth-pena,Elizabeth Peña
6405,elizabeth-perkins,Elizabeth Perkins
6406,elizabeth-regen,Elizabeth Regen
6407,elizabeth-scopel,Elizabeth Scopel
6408,elizabeth-shigekawa,Elizabeth Shigekawa
6409,elizabeth-spriggs,Elizabeth Spriggs
6410,elizabeth-trieu,Elizabeth Trieu
6411,elizabeth-tulloch,Elizabeth Tulloch
6412,elizabeth-wilson,Elizabeth Wilson
6413,elizabeth-windley,Elizabeth Windley
6414,elizabeth-yu,Elizabeth Yu
6415,elizaveta-aleksandrova,Elizaveta Aleksandrova
6416,elizaveta-svilova,Elizaveta Svilova
6417,elkin-diaz,Elkin Díaz
6418,ella-rubin,Ella Rubin
6419,ella-stiller,Ella Stiller
6420,ellar-coltrane,Ellar Coltrane
6421,elle-alexander,Elle Alexander
6422,elle-fanning,Elle Fanning
6423,elle-maija-tailfeathers,Elle-Máijá Tailfeathers
6424,ellen-bahl,Ellen Bahl
6425,ellen-burstyn,Ellen Burstyn
6426,ellen-corby,Ellen Corby
6427,ellen-degeneres,Ellen DeGeneres
6428,ellen-farner,Ellen Farner
6429,ellen-fitzhugh,Ellen Fitzhugh
6430,ellen-foley,Ellen Foley
6431,ellen-frey,Ellen Frey
6432,ellen-gowland,Ellen Gowland
6433,ellen-greene,Ellen Greene
6434,ellen-parker,Ellen Parker
6435,ellen-pollock,Ellen Pollock
6436,ellen-pompeo,Ellen Pompeo
6437,ellen-sandweiss,Ellen Sandweiss
6438,ellen-wong-2,Ellen Wong
6439,elli-banks,Elli Banks
6440,elli-medeiros,Elli Medeiros
6441,elli-rhiannon-muller-osborne,Elli Rhiannon Müller Osborne
6442,ellie-abrashkin,Ellie Abrashkin
6443,ellie-foumbi,Ellie Foumbi
6444,ellie-kendrick,Ellie Kendrick
6445,ellie-mae-blake,Ellie Mae Blake
6446,ellie-ohana,Ellie Ohana
6447,ellie-raab,Ellie Raab
6448,ellie-rose-taylor,Ellie Rose Taylor
6449,ellie-wood-walker,Ellie Wood Walker
6450,elliot-edusah,Elliot Edusah
6451,elliot-lawless,Elliot Lawless
6452,elliot-page,Elliot Page
6453,elliot-sanchez,Elliot Sanchez
6454,elliot-villar,Elliot Villar
6455,elliott-gould,Elliott Gould
6456,elliott-grey,Elliott Grey
6457,ellis-dale,Ellis Dale
6458,ellis-george,Ellis George
6459,ellis-williams,Ellis Williams
6460,ellison-booker,Ellison Booker
6461,ellora-torchia,Ellora Torchia
6462,elly-bryant,Elly Bryant
6463,elmar-wilms,Elmar Wilms
6464,elmer-plummer,Elmer Plummer
6465,elmira-ziai-sigaroudi,Elmira Ziai Sigaroudi
6466,elmore-leonard,Elmore Leonard
6467,elmyr-de-hory,Elmyr de Hory
6468,elna-folguera,Elna Folguera
6469,eloy-azorin,Eloy Azorín
6470,elpidia-carrillo,Elpidia Carrillo
6471,elsa-cardenas,Elsa Cárdenas
6472,elsa-guedj,Elsa Guedj
6473,elsa-laforge,Elsa Laforge
6474,elsa-lanchester,Elsa Lanchester
6475,elsa-leroy,Elsa Leroy
6476,elsa-minelli,Elsa Minelli
6477,elsa-pataky,Elsa Pataky
6478,elsa-raven,Elsa Raven
6479,else-torp,Else Torp
6480,elsebeth-steentoft,Elsebeth Steentoft
6481,elsie-fisher,Elsie Fisher
6482,elsie-randolph,Elsie Randolph
6483,elspeth-cameron,Elspeth Cameron
6484,elva-hsiao,Elva Hsiao
6485,elvia-allman,Elvia Allman
6486,elvio-duvini,Elvio Duvini
6487,elvira-cuadrupani,Elvira Cuadrupani
6488,elvira-deatcu,Elvira Deatcu
6489,elvis-costello,Elvis Costello
6490,elvis-presley,Elvis Presley
6491,elwyn-brook-jones,Elwyn Brook-Jones
6492,ely-henry,Ely Henry
6493,elya-baskin,Elya Baskin
6494,elyes-aguis,Elyes Aguis
6495,elyes-gabel,Elyes Gabel
6496,elyes-sabyani,Elyes Sabyani
6497,elyot-milshtein,Elyot Milshtein
6498,elzbieta-jasinska,Elzbieta Jasinska
6499,em-forster,E.M. Forster
6500,emad-emami,Emad Emami
6501,emanuele-cito-filomarino,Emanuele Cito Filomarino
6502,embeth-davidtz,Embeth Davidtz
6503,emeka-amakeze,Emeka Amakeze
6504,emeline-briffaud,Emeline Briffaud
6505,emer-reynolds,Emer Reynolds
6506,emeric-pressburger,Emeric Pressburger
6507,emerson-gomes,Emerson Gomes
6508,emerson-treacy,Emerson Treacy
6509,emi-shinohara,Emi Shinohara
6510,emi-yamada,Emi Yamada
6511,emiko-fuku,Emiko Fuku
6512,emiko-furukawa,Emiko Furukawa
6513,emil-bobu,Emil Bobu
6514,emil-bodnaras,Emil Bodnaras
6515,emil-coseru,Emil Coseru
6516,emil-hostina,Emil Hostina
6517,emil-jannings,Emil Jannings
6518,emil-lager,Emil Lager
6519,emil-minty,Emil Minty
6520,emil-nicolai-helms,Emil Nicolai Helms
6521,emile-berling,Emile Berling
6522,emile-bilodeau,Émile Bilodeau
6523,emile-boreo,Emile Boreo
6524,emile-genevois,Émile Genevois
6525,emile-hampere,Emile Hampere
6526,emile-hirsch,Emile Hirsch
6527,emile-mailhiot,Émile Mailhiot
6528,emile-meyer,Emile Meyer
6529,emile-salamone,Émile Salamone
6530,emile-zola,Émile Zola
6531,emilia-fox,Emilia Fox
6532,emilie-bierre,Emilie Bierre
6533,emilie-hetland,Emilie Hetland
6534,emilienne-caille,Emilienne Caille
6535,emilio-de-mello,Emílio de Mello
6536,emilio-echevarria,Emilio Echevarría
6537,emilio-estevez,Emilio Estevez
6538,emilio-fernandez,Emilio Fernández
6539,emilio-rivera,Emilio Rivera
6540,emily-anderson-4,Emily Anderson
6541,emily-ann-lloyd,Emily Ann Lloyd
6542,emily-bear,Emily Bear
6543,emily-bett-rickards,Emily Bett Rickards
6544,emily-blunt,Emily Blunt
6545,emily-cass-mcdonnell,Emily Cass McDonnell
6546,emily-cook-3,Emily Cook
6547,emily-edstrom,Emily Edström
6548,emily-fairweather,Emily Fairweather
6549,emily-kassie,Emily Kassie
6550,emily-martin,Emily Martin
6551,emily-mortimer,Emily Mortimer
6552,emily-mulaya,Emily Mulaya
6553,emily-nordwind,Emily Nordwind
6554,emily-procter,Emily Procter
6555,emily-richard,Emily Richard
6556,emily-ricks-hahn,Emily Ricks Hahn
6557,emily-rios,Emily Rios
6558,emily-robinson-2,Emily Robinson
6559,emily-siewert,Emily Siewert
6560,emily-v-gordon,Emily V. Gordon
6561,emily-watson,Emily Watson
6562,emily-weider,Emily Weider
6563,emily-woof,Emily Woof
6564,emily-zapata,Emily Zapata
6565,emir-hadzihafizbegovic,Emir Hadzihafizbegovic
6566,emirhan-doruktutan,Emirhan Doruktutan
6567,emma-amos,Emma Amos
6568,emma-chambers,Emma Chambers
6569,emma-coats,Emma Coats
6570,emma-de-caunes,Emma de Caunes
6571,emma-delves,Emma Delves
6572,emma-donoghue,Emma Donoghue
6573,emma-fenton-2,Emma Fenton
6574,emma-field-rayner,Emma Field-Rayner
6575,emma-gates,Emma Gates
6576,emma-godfrey,Emma Godfrey
6577,emma-greenwell,Emma Greenwell
6578,emma-henry,Emma Henry
6579,emma-hindle,Emma Hindle
6580,emma-kennedy,Emma Kennedy
6581,emma-laird,Emma Laird
6582,emma-longfellow,Emma Longfellow
6583,emma-lowe,Emma Lowe
6584,emma-piper,Emma Piper
6585,emma-portner,Emma Portner
6586,emma-stone-2,Emma Stone
6587,emma-straub,Emma Straub
6588,emma-thompson,Emma Thompson
6589,emma-watson,Emma Watson
6590,emmaline-henry,Emmaline Henry
6591,emmanouela-zacharopoulou,Emmanouela Zacharopoulou
6592,emmanuel-biront,Emmanuel Biront
6593,emmanuel-garces-botero,Emmanuel Garces Botero
6594,emmanuel-garijo,Emmanuel Garijo
6595,emmanuel-salinger,Emmanuel Salinger
6596,emmanuel-withers,Emmanuel Withers
6597,emmanuele-bernheim,Emmanuèle Bernheim
6598,emmanuelle-devos,Emmanuelle Devos
6599,emmanuelle-riva,Emmanuelle Riva
6600,emmanuelle-seigner,Emmanuelle Seigner
6601,emmet-obrien,Emmet O'Brien
6602,emmett-lewis,Emmett Lewis
6603,emmylou-harris,Emmylou Harris
6604,emo-philips,Emo Philips
6605,emory-cohen,Emory Cohen
6606,emory-parnell,Emory Parnell
6607,emrah-ozdemir,Emrah Özdemir
6608,emre-tetikel,Emre Tetikel
6609,emrik-ekholm,Emrik Ekholm
6610,emyr-glyn-rees,Emyr Glyn Rees
6611,encke-king,Encke King
6612,enda-walsh,Enda Walsh
6613,endre-harkanyi,Endre Harkányi
6614,enietra-washington,Enietra Washington
6615,eniko-borcsok,Enikö Börcsök
6616,enn-reitel,Enn Reitel
6617,ennalls-berl,Ennalls Berl
6618,ennio-flaiano,Ennio Flaiano
6619,enoc-leano,Enoc Leaño
6620,enric-arquimbau,Enric Arquimbau
6621,enrico-colantoni,Enrico Colantoni
6622,enrico-focardi,Enrico Focardi
6623,enrico-medioli,Enrico Medioli
6624,enrico-sannia,Enrico Sannia
6625,enrico-viarisio,Enrico Viarisio
6626,enrique-acosta,Enrique Acosta
6627,enrique-aleman-fabrega,Enrique Alemán Fabrega
6628,enrique-buelna,Enrique Buelna
6629,enrique-lucero,Enrique Lucero
6630,enrique-pineda-barnet,Enrique Pineda Barnet
6631,enyou-yang,Enyou Yang
6632,enzo-andronico,Enzo Andronico
6633,enzo-brumm,Enzo Brumm
6634,enzo-cannavale,Enzo Cannavale
6635,enzo-cerusico,Enzo Cerusico
6636,enzo-cilenti,Enzo Cilenti
6637,enzo-dellaquila,Enzo Dell'Aquila
6638,enzo-petito,Enzo Petito
6639,enzo-squillino-jr,Enzo Squillino Jr.
6640,enzo-tarascio,Enzo Tarascio
6641,ephraim-asili,Ephraim Asili
6642,er-fightmaster,E.R. Fightmaster
6643,ercument-balakoglu,Ercüment Balakoglu
6644,erdem-senocak,Erdem Senocak
6645,erdman-penner,Erdman Penner
6646,eric-bana,Eric Bana
6647,eric-bergren,Eric Bergren
6648,eric-berryman,Eric Berryman
6649,eric-blore,Eric Blore
6650,eric-bress,Eric Bress
6651,eric-bruskotter,Eric Bruskotter
6652,eric-challier,Eric Challier
6653,eric-chase-anderson,Eric Chase Anderson
6654,eric-chevallier-2,Eric Chevallier
6655,eric-clark,Eric Clark
6656,eric-cleworth,Eric Cleworth
6657,eric-collins-2,Eric Collins
6658,eric-d-sandgren,Eric D. Sandgren
6659,eric-dare,Eric DaRe
6660,eric-dolbert,Eric Dolbert
6661,eric-edwards,Eric Edwards
6662,eric-eisner,Eric Eisner
6663,eric-elmosnino,Eric Elmosnino
6664,eric-godon,Eric Godon
6665,eric-gorman,Eric Gorman
6666,eric-graves,Eric Graves
6667,eric-hanushek,Eric Hanushek
6668,eric-idle,Eric Idle
6669,eric-larson,Eric Larson
6670,eric-lockley,Eric Lockley
6671,eric-mabius,Eric Mabius
6672,eric-marcus,Eric Marcus
6673,eric-martin-reid,Eric Martin Reid
6674,eric-maturin,Eric Maturin
6675,eric-nutarariaq,Eric Nutarariaq
6676,eric-pierpoint,Eric Pierpoint
6677,eric-portman,Eric Portman
6678,eric-radomski,Eric Radomski
6679,eric-randall-2,Eric Randall
6680,eric-ray-anderson,Eric Ray Anderson
6681,eric-riedmann,Eric Riedmann
6682,eric-roberts,Eric Roberts
6683,eric-rohmer,Éric Rohmer
6684,eric-roth,Eric Roth
6685,eric-schweig,Eric Schweig
6686,eric-starkey,Eric Starkey
6687,eric-steinberg,Eric Steinberg
6688,eric-stoltz,Eric Stoltz
6689,eric-stuart,Eric Stuart
6690,eric-tin-cheung-li,Eric Tin Cheung Li
6691,eric-tsang,Eric Tsang
6692,eric-uys,Eric Uys
6693,eric-verdin,Eric Verdin
6694,eric-w-davis,Eric W. Davis
6695,eric-warren-singer,Eric Warren Singer
6696,eric-weinstein,Eric Weinstein
6697,eric-winzenried,Eric Winzenried
6698,eric-woodburn,Eric Woodburn
6699,eric-yates-4,Eric Yates
6700,erica-beck,Erica Beck
6701,erica-durham,Erica Durham
6702,erica-ellis-2,Erica Ellis
6703,erica-ford,Erica Ford
6704,erica-grant,Erica Grant
6705,erica-rivera,Erica Rivera
6706,erica-sullivan,Erica Sullivan
6707,erica-vittina-phillips,Erica Vittina Phillips
6708,erich-maria-remarque,Erich Maria Remarque
6709,erich-ponto,Erich Ponto
6710,erich-von-stroheim,Erich von Stroheim
6711,erick-avari,Erick Avari
6712,erik-anders-nilsson,Erik-Anders Nilsson
6713,erik-grostic,Erik Grostic
6714,erik-holmey,Erik Holmey
6715,erik-igelstrom-2,Erik Igelström
6716,erik-laray-harvey,Erik LaRay Harvey
6717,erik-mcglothlin,Erik McGlothlin
6718,erik-per-sullivan,Erik Per Sullivan
6719,erik-rhodes,Erik Rhodes
6720,erik-skjoldbjaerg,Erik Skjoldbjærg
6721,erik-strandmark,Erik Strandmark
6722,erik-von-detten,Erik von Detten
6723,erik-whipple,Erik Whipple
6724,erik-wilson,Erik Wilson
6725,erika-alexander,Erika Alexander
6726,erika-andersch,Erika Andersch
6727,erika-dentzler,Erika Dentzler
6728,erika-eleniak,Erika Eleniak
6729,erika-geminder,Erika Geminder
6730,erika-oda,Erika Oda
6731,erika-von-tagen,Erika von Tagen
6732,eriko-kawasaki,Eriko Kawasaki
6733,eriko-kigawa,Eriko Kigawa
6734,erin-allegretti,Erin Allegretti
6735,erin-daniels,Erin Daniels
6736,erin-gann,Erin Gann
6737,erin-gruwell,Erin Gruwell
6738,eriq-ebouaney,Eriq Ebouaney
6739,eriq-la-salle,Eriq La Salle
6740,erivaldo-oliveira,Erivaldo Oliveira
6741,erkan-can,Erkan Can
6742,erland-josephson,Erland Josephson
6743,erlynn-mary-botelho,Erlynn Mary Botelho
6744,ermes-blarasin,Ermes Blarasin
6745,ermin-bravo,Ermin Bravo
6746,ernest-abuba,Ernest Abuba
6747,ernest-anderson,Ernest Anderson
6748,ernest-b-schoedsack,Ernest B. Schoedsack
6749,ernest-baldwin,Ernest Baldwin
6750,ernest-blyth,Ernest Blyth
6751,ernest-borgnine,Ernest Borgnine
6752,ernest-cossart,Ernest Cossart
6753,ernest-haycox,Ernest Haycox
6754,ernest-hemingway,Ernest Hemingway
6755,ernest-james,Ernest James
6756,ernest-lehman,Ernest Lehman
6757,ernest-menzer,Ernest Menzer
6758,ernest-odonnell,Ernest O'Donnell
6759,ernest-shackleton,Ernest Shackleton
6760,ernest-shepard,Ernest Shepard
6761,ernest-thesiger,Ernest Thesiger
6762,ernest-thomas,Ernest Thomas
6763,ernest-tidyman,Ernest Tidyman
6764,ernest-truex,Ernest Truex
6765,ernesto-arias,Ernesto Arias
6766,ernesto-che-guevara,Ernesto 'Che' Guevara
6767,ernesto-escoto,Ernesto Escoto
6768,ernesto-lucero,Ernesto Lucero
6769,ernesto-quintero,Ernesto Quintero
6770,erni-mangold,Erni Mangold
6771,ernie-adams,Ernie Adams
6772,ernie-hudson,Ernie Hudson
6773,ernie-sabella,Ernie Sabella
6774,ernst-deutsch,Ernst Deutsch
6775,ernst-lubitsch,Ernst Lubitsch
6776,eros-pagni,Eros Pagni
6777,errol-flynn,Errol Flynn
6778,errol-john,Errol John
6779,errol-morris,Errol Morris
6780,errol-sitahal,Errol Sitahal
6781,erskine-sanford,Erskine Sanford
6782,erwin-biswanger,Erwin Biswanger
6783,erwin-gelsey,Erwin Gelsey
6784,erwin-giese,Erwin Giese
6785,erwin-leder,Erwin Leder
6786,erykah-badu,Erykah Badu
6787,escobar-tongue,Escobar Tongue
6788,esdras-bezerra,Esdras Bezerra
6789,esentai-tulendiev,Esentai Tulendiev
6790,eskil-vogt,Eskil Vogt
6791,esmeralda-ouertani,Esmeralda Ouertani
6792,esmond-knight,Esmond Knight
6793,espiridion-acosta-cache,Espiridion Acosta Cache
6794,essie-davis,Essie Davis
6795,essra-berge,Essra Berge
6796,esteban-bigliardi,Esteban Bigliardi
6797,esteban-de-la-trinidad,Esteban De La Trinidad
6798,esteban-garay,Esteban Garay
6799,estelita-rodriguez,Estelita Rodriguez
6800,estelle-evans,Estelle Evans
6801,estelle-harris,Estelle Harris
6802,estelle-hennard,Estelle Hennard
6803,estelle-jewell,Estelle Jewell
6804,estelle-omens,Estelle Omens
6805,estelle-parsons,Estelle Parsons
6806,estelle-winwood,Estelle Winwood
6807,esther-dale,Esther Dale
6808,esther-garrel,Esther Garrel
6809,esther-howard,Esther Howard
6810,esther-levesque,Esther Levesque
6811,esther-mcisaac,Esther McIsaac
6812,esther-moon,Esther Moon
6813,esther-scott,Esther Scott
6814,esther-wajeman,Esther Wajeman
6815,esther-yobe,Esther Yobe
6816,estrongo-nachama,Estrongo Nachama
6817,eszter-balint,Eszter Balint
6818,eszter-tompa,Eszter Tompa
6819,etan-cohen,Etan Cohen
6820,ethan-barrett,Ethan Barrett
6821,ethan-benarroch,Ethan Benarroch
6822,ethan-coen,Ethan Coen
6823,ethan-cole-sharp,Ethan Cole Sharp
6824,ethan-hawke,Ethan Hawke
6825,ethan-herisse,Ethan Herisse
6826,ethan-hutchison,Ethan Hutchison
6827,ethan-james-smith,Ethan James Smith
6828,ethan-phillips,Ethan Phillips
6829,ethan-reiff,Ethan Reiff
6830,ethan-sandler,Ethan Sandler
6831,ethan-steele,Ethan Steele
6832,ethan-suplee,Ethan Suplee
6833,ethel-beatty,Ethel Beatty
6834,ethel-griffies,Ethel Griffies
6835,ethel-lina-white,Ethel Lina White
6836,etienne-comar,Etienne Comar
6837,etienne-decroux,Etienne Decroux
6838,etienne-galloy,Étienne Galloy
6839,etsuko-ichihara,Etsuko Ichihara
6840,etta-mae-allen,Etta Mae Allen
6841,eugen-barbu,Eugen Barbu
6842,eugen-iancu,Eugen Iancu
6843,eugene-barry,Eugene Barry
6844,eugene-borden-2,Eugene Borden
6845,eugene-brell,Eugene Brell
6846,eugene-bryant,Eugene Bryant
6847,eugene-byrd,Eugene Byrd
6848,eugene-cherry,Eugene Cherry
6849,eugene-deckers,Eugene Deckers
6850,eugene-ionesco,Eugène Ionesco
6851,eugene-ipkarnak,Eugene Ipkarnak
6852,eugene-kotlyarenko,Eugene Kotlyarenko
6853,eugene-lee-2,Eugene Lee
6854,eugene-levy,Eugene Levy
6855,eugene-lipinski,Eugene Lipinski
6856,eugene-osment,Eugene Osment
6857,eugene-pallette,Eugene Pallette
6858,eugene-silvain,Eugene Silvain
6859,eugene-solow,Eugene Solow
6860,eugene-tatu,Eugene Tatu
6861,eugene-troobnick,Eugene Troobnick
6862,eugenia-bosanceanu,Eugenia Bosânceanu
6863,eugenia-campos-guevara,Eugenia Campos Guevara
6864,eugenia-caruso,Eugenia Caruso
6865,eugenie-besserer,Eugenie Besserer
6866,eugenie-bondurant,Eugenie Bondurant
6867,eula-freudenburg,Eula Freudenburg
6868,eumenio-blanco,Eumenio Blanco
6869,eun-mi-park,Eun-mi Park
6870,eunice-gayson,Eunice Gayson
6871,eusebio-lazaro,Eusebio Lázaro
6872,eva-almassy-albert,Éva Almássy Albert
6873,eva-bay,Eva Bay
6874,eva-birthistle,Eva Birthistle
6875,eva-gholson,Eva Gholson
6876,eva-green,Eva Green
6877,eva-kooplin,Eva Kooplin
6878,eva-kotina,Eva Kotina
6879,eva-longoria,Eva Longoria
6880,eva-marie-saint,Eva Marie Saint
6881,eva-martin-4,Eva Martín
6882,eva-mendes,Eva Mendes
6883,eva-mozes-kor,Eva Mozes Kor
6884,eva-paradiso,Eva Paradiso
6885,eva-victor,Eva Victor
6886,eva-von-hanno,Eva von Hanno
6887,eva-whittaker,Eva Whittaker
6888,evabritt-strandberg,Evabritt Strandberg
6889,evan-goldberg,Evan Goldberg
6890,evan-hunter,Evan Hunter
6891,evan-jones-2,Evan Jones
6892,evan-leslie,Evan Leslie
6893,evan-parke,Evan Parke
6894,evan-peters,Evan Peters
6895,evan-s-evans,Evan S. Evans
6896,evangelina-morales,Evangelina Morales
6897,evangeline-lilly,Evangeline Lilly
6898,evanna-lynch,Evanna Lynch
6899,evans-evans,Evans Evans
6900,eve-arden,Eve Arden
6901,eve-brenner,Eve Brenner
6902,eve-brent,Eve Brent
6903,eve-cadman,Eve Cadman
6904,eve-kanyo,Eve Kanyo
6905,eve-macklin,Eve Macklin
6906,eve-march,Eve March
6907,eve-mcveagh,Eve McVeagh
6908,eve-titus,Eve Titus
6909,evelin-hagoel,Evelin Hagoel
6910,evelin-montoya-sanchez,Evelin Montoya Sanchez
6911,evelio-larenagas,Evelio Larenagas
6912,evelyn-chandler-rosen,Evelyn Chandler Rosen
6913,evelyn-keyes,Evelyn Keyes
6914,evelyn-krape,Evelyn Krape
6915,evelyn-snow,Evelyn Snow
6916,evelyn-varden,Evelyn Varden
6917,evelyn-venable,Evelyn Venable
6918,evelyne-bouvier,Evelyne Bouvier
6919,evelyne-ily-juhen,Evelyne Ily Juhen
6920,evelyne-lahana,Evelyne Lahana
6921,everal-a-walsh,Everal A Walsh
6922,everett-brown,Everett Brown
6923,everett-glass,Everett Glass
6924,everett-mcgill,Everett McGill
6925,everett-sifuentes,Everett Sifuentes
6926,everett-sloane,Everett Sloane
6927,everett-waller,Everett Waller
6928,everley-gregg,Everley Gregg
6929,evgeniy-belyanskiy,Evgeniy Belyanskiy
6930,evgeniy-gerchakov,Evgeniy Gerchakov
6931,evgeniy-kostin,Evgeniy Kostin
6932,evgeniya-dmitrieva,Evgeniya Dmitrieva
6933,evgeniya-konushkina,Evgeniya Konushkina
6934,evh-emmett,E.V.H. Emmett
6935,evi-salmelin,Evi Salmelin
6936,evie,Evie
6937,evie-wray,Evie Wray
6938,evy-cavallaro,Evy Cavallaro
6939,ewa-blaszczyk,Ewa Blaszczyk
6940,ewa-froling,Ewa Fröling
6941,ewa-piaskowska,Ewa Piaskowska
6942,ewald-andre-dupont,Ewald André Dupont
6943,ewan-mcgregor,Ewan McGregor
6944,ewan-mcnicol,Ewan McNicol
6945,ewan-stewart,Ewan Stewart
6946,ewen-bremner,Ewen Bremner
6947,ewen-leslie,Ewen Leslie
6948,ewen-macaskill,Ewen MacAskill
6949,ex-det-sergt-bishop,Ex-Det. Sergt. Bishop
6950,eylem-canpolat,Eylem Canpolat
6951,eylul-guven,Eylul Guven
6952,eytan-mirsky,Eytan Mirsky
6953,ezequiel-pierri,Ezequiel Pierri
6954,ezra-buzzington,Ezra Buzzington
6955,ezra-miller,Ezra Miller
6956,f-gary-gray,F. Gary Gray
6957,f-murray-abraham,F. Murray Abraham
6958,f-scott-fitzgerald,F. Scott Fitzgerald
6959,f-william-parker,F. William Parker
6960,fa-turner,F.A. Turner
6961,fabian-bielinsky,Fabián Bielinsky
6962,fabian-casas,Fabian Casas
6963,fabian-marnette,Fabian Marnette
6964,fabian-stumm,Fabian Stumm
6965,fabiana-pirro,Fabiana Pirro
6966,fabien-loris,Fabien Loris
6967,fabien-nury,Fabien Nury
6968,fabienne-luchetti,Fabienne Luchetti
6969,fabienne-sciascia,Fabienne Sciascia
6970,fabio-sartor-2,Fabio Sartor
6971,fabiola-gianotti,Fabiola Gianotti
6972,fabrice-adde,Fabrice Adde
6973,fabricio-suarez,Fabricio Suarez
6974,fabrizio-costella,Fabrizio Costella
6975,fabrizio-gifuni,Fabrizio Gifuni
6976,fabrizio-rongione,Fabrizio Rongione
6977,facundo-espinosa,Facundo Espinosa
6978,fadi-abi-samra,Fadi Abi Samra
6979,fadi-yanni-turk,Fadi Yanni Turk
6980,fafa-dantas,Fafá Dantas
6981,fahim-fazli,Fahim Fazli
6982,fai-hung-chan,Fai-Hung Chan
6983,faime-jurno,Faime Jurno
6984,fairuza-balk,Fairuza Balk
6985,faisal-anwar,Faisal Anwar
6986,faisal-malik,Faisal Malik
6987,faith-geer,Faith Geer
6988,faizon-love,Faizon Love
6989,famke-janssen,Famke Janssen
6990,fan-liao,Fan Liao
6991,fana-mokoena,Fana Mokoena
6992,fang-song,Fang Song
6993,fanni-metelius,Fanni Metelius
6994,fannie-flagg,Fannie Flagg
6995,fannie-hurst,Fannie Hurst
6996,fanny-de-castro,Fanny de Castro
6997,fanny-maurin,Fanny Maurin
6998,faran-tahir,Faran Tahir
6999,fardin-mijdzadeh,Fardin Mijdzadeh
7000,fares-hananya,Fares Hananya
7001,farhad-safinia,Farhad Safinia
7002,farid-larbi,Farid Larbi
7003,farid-sajjadi-hosseini,Farid Sajjadi Hosseini
7004,farida-dadi,Farida Dadi
7005,farley-granger,Farley Granger
7006,farnesio-de-bernal,Farnesio de Bernal
7007,farrah-cave,Farrah Cave
7008,farshid-pourasghar,Farshid Pourasghar
7009,farzad-sohrabi,Farzad Sohrabi
7010,fatemeh-naghavi,Fatemeh Naghavi
7011,fatih-akin,Fatih Akin
7012,fatima-2,Fatima
7013,fatma-deniz-yildiz,Fatma Deniz Yildiz
7014,fatma-mohamed,Fatma Mohamed
7015,fatoumata-coulibaly,Fatoumata Coulibaly
7016,fatoumata-diawara,Fatoumata Diawara
7017,faune-chambers-watkins,Faune Chambers Watkins
7018,faustina-tembo,Faustina Tembo
7019,faustini,Faustini
7020,faustino-alvarez,Faustino Álvarez
7021,fausto-mirabal,Fausto Mirabal
7022,fausto-russo-alesi,Fausto Russo Alesi
7023,fax-bahr,Fax Bahr
7024,fay-baker,Fay Baker
7025,fay-chaldecott,Fay Chaldecott
7026,fay-compton,Fay Compton
7027,fay-holderness,Fay Holderness
7028,fay-wray,Fay Wray
7029,faye-daveney,Faye Daveney
7030,faye-dunaway,Faye Dunaway
7031,faye-wong,Faye Wong
7032,fazeng-li,Fazeng Li
7033,fear,Fear
7034,feather,Feather
7035,febby-lungu,Febby Lungu
7036,federico-de-martis,Federico de Martis
7037,federico-fellini,Federico Fellini
7038,federico-luppi,Federico Luppi
7039,federico-perez-rey,Federico Pérez Rey
7040,fei-lung,Fei Lung
7041,feisal-istrabadi,Feisal Istrabadi
7042,feisal-sadoun,Feisal Sadoun
7043,feiyang-luo,Feiyang Luo
7044,fejria-deliba,Fejria Deliba
7045,fele-martinez,Fele Martínez
7046,felicia-taylor-2,Felicia Taylor
7047,felicien-pitsaer,Félicien Pitsaer
7048,felicity-huffman,Felicity Huffman
7049,felicity-jones,Felicity Jones
7050,felix-bressart,Felix Bressart
7051,felix-burose,Felix Burose
7052,felix-cantet,Félix Cantet
7053,felix-chong,Felix Chong
7054,felix-klaesson,Felix Klaesson
7055,felix-marten,Félix Marten
7056,felix-romer,Felix Römer
7057,felix-salten,Felix Salten
7058,felix-von-simson,Felix von Simson
7059,felton-perry,Felton Perry
7060,feng-li-2,Feng Li
7061,feng-lin,Feng Lin
7062,fenton-quinn,Fenton Quinn
7063,feodor-atkine,Féodor Atkine
7064,feodor-chaliapin-jr,Feodor Chaliapin Jr.
7065,ferenc-kallai,Ferenc Kállai
7066,fereshteh-sadre-orafaiy,Fereshteh Sadre Orafaiy
7067,ferhat-akgun,Ferhat Akgün
7068,ferike-boros,Ferike Boros
7069,fernand-charpin,Fernand Charpin
7070,fernanda-montenegro,Fernanda Montenegro
7071,fernanda-valadez,Fernanda Valadez
7072,fernando-2,Fernando
7073,fernando-cardona,Fernando Cardona
7074,fernando-cayo,Fernando Cayo
7075,fernando-cebrian,Fernando Cebrián
7076,fernando-chien,Fernando Chien
7077,fernando-di-leo,Fernando Di Leo
7078,fernando-fernan-gomez,Fernando Fernán Gómez
7079,fernando-grediaga,Fernando Grediaga
7080,fernando-guillen,Fernando Guillén
7081,fernando-hilbeck,Fernando Hilbeck
7082,fernando-iglesias,Fernando Iglesias
7083,fernando-marrot,Fernando Marrot
7084,fernando-meirelles,Fernando Meirelles
7085,fernando-pardo,Fernando Pardo
7086,fernando-peralta-2,Fernando Peralta
7087,fernando-rey,Fernando Rey
7088,fernando-serrano-2,Fernando Serrano
7089,fernando-teixeira,Fernando Teixeira
7090,fernando-tielve,Fernando Tielve
7091,feroze-sidhwa,Feroze Sidhwa
7092,ferran-lahoz,Ferran Lahoz
7093,fidel-castro,Fidel Castro
7094,fides-krucker,Fides Krucker
7095,filip-schnack,Filip Schnack
7096,filippa-franzen,Filippa Franzén
7097,filippo-de-gara,Filippo De Gara
7098,filippo-timi,Filippo Timi
7099,filippo-trojano,Filippo Trojano
7100,finlay-currie,Finlay Currie
7101,finlay-welsh,Finlay Welsh
7102,finn-wittrock,Finn Wittrock
7103,finnegan-williams,Finnegan Williams
7104,finola-geraghty,Finola Geraghty
7105,fiona-bell,Fiona Bell
7106,fiona-carnegie,Fiona Carnegie
7107,fiona-glascott,Fiona Glascott
7108,fiona-hale,Fiona Hale
7109,fiona-hily,Fiona Hily
7110,fiona-shaw,Fiona Shaw
7111,fionn-whitehead,Fionn Whitehead
7112,fionnula-flanagan,Fionnula Flanagan
7113,fiorella-campanella,Fiorella Campanella
7114,fiorello,Fiorello
7115,firass-dirani,Firass Dirani
7116,firdous-bamji,Firdous Bamji
7117,fisher-stevens,Fisher Stevens
7118,fj-beuaregard,F.J. Beuaregard
7119,fj-mccormick,F.J. McCormick
7120,fl-green,F.L. Green
7121,flavio-luiz-dos-santos,Flávio Luiz dos Santos
7122,flavio-parenti,Flavio Parenti
7123,flea,Flea
7124,fletcher-allen,Fletcher Allen
7125,fletcher-henderson,Fletcher Henderson
7126,fletcher-thompson,Fletcher Thompson
7127,fleur-fitoussi,Fleur Fitoussi
7128,flora-bulcao,Flora Bulcao
7129,flora-robson,Flora Robson
7130,florence-anglin,Florence Anglin
7131,florence-barrett,Florence Barrett
7132,florence-bates,Florence Bates
7133,florence-enright,Florence Enright
7134,florence-kasumba,Florence Kasumba
7135,florence-lee,Florence Lee
7136,florence-loiret-caille,Florence Loiret Caille
7137,florence-paterson,Florence Paterson
7138,florence-pernel,Florence Pernel
7139,florence-pugh,Florence Pugh
7140,florence-ryerson,Florence Ryerson
7141,florence-terrell,Florence Terrell
7142,florence-vignon,Florence Vignon
7143,florencio-urbano,Florencio Urbano
7144,flores-cardo,Florès Cardo
7145,florian-bartholomai,Florian Bartholomäi
7146,florian-fitz,Florian Fitz
7147,florian-geisselmann,Florian Geißelmann
7148,florian-henckel-von-donnersmarck,Florian Henckel von Donnersmarck
7149,florian-lukas,Florian Lukas
7150,florian-zeller,Florian Zeller
7151,florin-ionut-calciu,Florin Ionut Calciu
7152,florin-kevorkian,Florin Kevorkian
7153,florina-alina-gleznea,Florina Alina Gleznea
7154,florinda-bolkan,Florinda Bolkan
7155,florinda-medina,Florinda Medina
7156,floyd-anderson,Floyd Anderson
7157,floyd-levine,Floyd Levine
7158,floyd-mutrux,Floyd Mutrux
7159,floyd-norman,Floyd Norman
7160,floyd-red-crow-westerman,Floyd 'Red Crow' Westerman
7161,floyd-vivino,Floyd Vivino
7162,folco-lulli,Folco Lulli
7163,folke-sundquist,Folke Sundquist
7164,ford-beebe-jr,Ford Beebe Jr.
7165,forest-whitaker,Forest Whitaker
7166,forrest-carter,Forrest Carter
7167,forrest-vickery,Forrest Vickery
7168,forrester-harvey,Forrester Harvey
7169,fort-atkinson,Fort Atkinson
7170,fortunato-arena,Fortunato Arena
7171,fortunio-bonanova,Fortunio Bonanova
7172,fosco-giachetti,Fosco Giachetti
7173,foued-nassah,Foued Nassah
7174,fournez-goffard,Fournez-Goffard
7175,fourtee,FourTee
7176,fran-bagenal,Fran Bagenal
7177,fran-drescher,Fran Drescher
7178,fran-gargano,Fran Gargano
7179,fran-lebowitz,Fran Lebowitz
7180,fran-walsh,Fran Walsh
7181,franc-g-fallico,Franc G. Fallico
7182,france-asselin,France Asselin
7183,france-delahalle,France Delahalle
7184,france-rumilly,France Rumilly
7185,frances-bay,Frances Bay
7186,frances-carson,Frances Carson
7187,frances-conroy,Frances Conroy
7188,frances-de-la-tour,Frances de la Tour
7189,frances-dee,Frances Dee
7190,frances-fisher,Frances Fisher
7191,frances-fisher-2,Frances Fisher
7192,frances-galasso,Frances Galasso
7193,frances-goodrich,Frances Goodrich
7194,frances-hodgson-burnett,Frances Hodgson Burnett
7195,frances-langford,Frances Langford
7196,frances-lee-mccain,Frances Lee McCain
7197,frances-mcdormand,Frances McDormand
7198,frances-oconnor-2,Frances O'Connor
7199,frances-sternhagen,Frances Sternhagen
7200,francesca-braggiotti,Francesca Braggiotti
7201,francesca-carrain,Francesca Carrain
7202,francesca-de-sapio,Francesca De Sapio
7203,francesca-delbanco,Francesca Delbanco
7204,francesca-duva,Francesca D'Uva
7205,francesca-marie-smith,Francesca Marie Smith
7206,francesca-picozza,Francesca Picozza
7207,francesco-cabras,Francesco Cabras
7208,francesco-de-vito,Francesco De Vito
7209,francesco-lo-briglio,Francesco Lo Briglio
7210,francesco-paesano,Francesco Paesano
7211,francesco-paterna,Francesco Paterna
7212,francesco-pirozzi,Francesco Pirozzi
7213,francesco-quinn,Francesco Quinn
7214,franchesca-clifford,Franchesca Clifford
7215,franchot-tone,Franchot Tone
7216,francine-racette,Francine Racette
7217,francine-wheeler,Francine Wheeler
7218,francis-bernhardt,Francis Bernhardt
7219,francis-capra,Francis Capra
7220,francis-coffinet,Francis Coffinet
7221,francis-de-sales,Francis De Sales
7222,francis-de-wolff,Francis De Wolff
7223,francis-ducharme,Francis Ducharme
7224,francis-edward-faragoh,Francis Edward Faragoh
7225,francis-ford,Francis Ford
7226,francis-ford-coppola,Francis Ford Coppola
7227,francis-glebas,Francis Glebas
7228,francis-l-sullivan,Francis L. Sullivan
7229,francis-lee,Francis Lee
7230,francis-lister,Francis Lister
7231,francis-lovehall,Francis Lovehall
7232,francis-veber,Francis Veber
7233,francis-x-bushman,Francis X. Bushman
7234,francis-x-mahoney,Francis X. Mahoney
7235,francisco-boira,Francisco Boira
7236,francisco-brito,Francisco Brito
7237,francisco-gomez-7,Francisco Gómez
7238,francisco-maestre,Francisco Maestre
7239,francisco-manuel-duran,Francisco Manuel Durán
7240,francisco-vidal,Francisco Vidal
7241,franck,Franck
7242,franck-cabot-david,Franck Cabot-David
7243,franck-de-la-personne,Franck de la Personne
7244,franck-ekinci,Franck Ekinci
7245,franck-saurel,Franck Saurel
7246,franco-columbu,Franco Columbu
7247,franco-costanzo,Franco Costanzo
7248,franco-de-la-puente,Franco de la Puente
7249,franco-fabrizi,Franco Fabrizi
7250,franco-graziosi,Franco Graziosi
7251,franco-interlenghi,Franco Interlenghi
7252,franco-marletta,Franco Marletta
7253,franco-morici,Franco Morici
7254,franco-nero,Franco Nero
7255,franco-solazzi,Franco Solazzi
7256,franco-solinas,Franco Solinas
7257,francois-arnaud,François Arnaud
7258,francois-begaudeau,François Bégaudeau
7259,francois-berleand,François Berléand
7260,francois-du-bois,François du Bois
7261,francois-duhamel,François Duhamel
7262,francois-giroday,François Giroday
7263,francois-guerin,François Guérin
7264,francois-hadji-lazaro,François Hadji-Lazaro
7265,francois-jerosme,François Jerosme
7266,francois-joux,François Joux
7267,francois-lafarge,François Lafarge
7268,francois-loriquet,François Loriquet
7269,francois-maistre,François Maistre
7270,francois-margolin,François Margolin
7271,francois-negret,François Négret
7272,francois-olivier,François Olivier
7273,francois-ozon,François Ozon
7274,francois-perier,François Périer
7275,francois-reichenbach,François Reichenbach
7276,francois-sullerot,François Sullerot
7277,francois-toumarkine,François Toumarkine
7278,francois-truffaut,François Truffaut
7279,francois-wertheimer,François Wertheimer
7280,francoise-hardy,Françoise Hardy
7281,francoise-lebrun,Françoise Lebrun
7282,francoise-seigner,Françoise Seigner
7283,francoise-widhoff,Françoise Widhoff
7284,frangis-rahsepar,Frangis Rahsepar
7285,frank-abagnale-jr,Frank Abagnale Jr.
7286,frank-aderias,Frank Aderias
7287,frank-adonis,Frank Adonis
7288,frank-adu,Frank Adu
7289,frank-albertson,Frank Albertson
7290,frank-angel,Frank Angel
7291,frank-arnold,Frank Arnold
7292,frank-ashmore,Frank Ashmore
7293,frank-baker,Frank Baker
7294,frank-baker-3,Frank Baker
7295,frank-balderrama,Frank Balderrama
7296,frank-barhydt,Frank Barhydt
7297,frank-barrett,Frank Barrett
7298,frank-basso,Frank Basso
7299,frank-benson,Frank Benson
7300,frank-berry,Frank Berry
7301,frank-bochte,Frank Bochte
7302,frank-borzage,Frank Borzage
7303,frank-bourke,Frank Bourke
7304,frank-brana,Frank Braña
7305,frank-brent,Frank Brent
7306,frank-burt-avalon,Frank Burt Avalon
7307,frank-cady,Frank Cady
7308,frank-campanella,Frank Campanella
7309,frank-capra,Frank Capra
7310,frank-cava,Frank Cava
7311,frank-cellier,Frank Cellier
7312,frank-church,Frank Church
7313,frank-collison,Frank Collison
7314,frank-corio,Frank Corio
7315,frank-cottrell-boyce,Frank Cottrell Boyce
7316,frank-cvitanovich,Frank Cvitanovich
7317,frank-darabont,Frank Darabont
7318,frank-darien,Frank Darien
7319,frank-deal,Frank Deal
7320,frank-dileo,Frank DiLeo
7321,frank-doak,Frank Doak
7322,frank-doubleday,Frank Doubleday
7323,frank-drake,Frank Drake
7324,frank-e-woods,Frank E. Woods
7325,frank-elmore,Frank Elmore
7326,frank-faylen,Frank Faylen
7327,frank-fenton,Frank Fenton
7328,frank-finlay,Frank Finlay
7329,frank-gallacher,Frank Gallacher
7330,frank-girardeau,Frank Girardeau
7331,frank-goddard,Frank Goddard
7332,frank-grillo,Frank Grillo
7333,frank-harper,Frank Harper
7334,frank-harts,Frank Harts
7335,frank-hohimer,Frank Hohimer
7336,frank-hui,Frank Hui
7337,frank-jenks,Frank Jenks
7338,frank-john-hughes,Frank John Hughes
7339,frank-keating,Frank Keating
7340,frank-latimore,Frank Latimore
7341,frank-launder,Frank Launder
7342,frank-lawton,Frank Lawton
7343,frank-lloyd,Frank Lloyd
7344,frank-locatell,Frank Locatell
7345,frank-m-robinson,Frank M. Robinson
7346,frank-maize,Frank Maize
7347,frank-mannino,Frank Mannino
7348,frank-mazzola,Frank Mazzola
7349,frank-mccusker,Frank McCusker
7350,frank-mcglynn-sr,Frank McGlynn Sr.
7351,frank-mcrae,Frank McRae
7352,frank-melia,Frank Melia
7353,frank-middlemass,Frank Middlemass
7354,frank-miller-2,Frank Miller
7355,frank-minucci,Frank Minucci
7356,frank-moran,Frank Moran
7357,frank-morgan,Frank Morgan
7358,frank-nissen,Frank Nissen
7359,frank-orth,Frank Orth
7360,frank-overton,Frank Overton
7361,frank-oz,Frank Oz
7362,frank-paur,Frank Paur
7363,frank-pesce,Frank Pesce
7364,frank-pettitt,Frank Pettitt
7365,frank-pierson,Frank Pierson
7366,frank-pietrangolare,Frank Pietrangolare
7367,frank-prendergast,Frank Prendergast
7368,frank-reicher,Frank Reicher
7369,frank-richards-2,Frank Richards
7370,frank-rizzo-2,Frank Rizzo
7371,frank-rodriguez,Frank Rodriguez
7372,frank-romano,Frank Romano
7373,frank-s-nugent,Frank S. Nugent
7374,frank-schofield,Frank Schofield
7375,frank-senger,Frank Senger
7376,frank-seppeler,Frank Seppeler
7377,frank-shanley,Frank Shanley
7378,frank-sinatra,Frank Sinatra
7379,frank-sivero,Frank Sivero
7380,frank-skillin,Frank Skillin
7381,frank-snepp,Frank Snepp
7382,frank-spotnitz,Frank Spotnitz
7383,frank-stallone,Frank Stallone
7384,frank-steele-2,Frank Steele
7385,frank-sully,Frank Sully
7386,frank-t-wells,Frank T. Wells
7387,frank-tashlin,Frank Tashlin
7388,frank-thomas,Frank Thomas
7389,frank-thring,Frank Thring
7390,frank-topham,Frank Topham
7391,frank-toth,Frank Toth
7392,frank-vincent,Frank Vincent
7393,frank-w-miller,Frank W. Miller
7394,frank-walker-4,Frank Walker
7395,frank-welker,Frank Welker
7396,frank-whaley,Frank Whaley
7397,frank-williams-4,Frank Williams
7398,frank-wolff,Frank Wolff
7399,frank-wood,Frank Wood
7400,franka-potente,Franka Potente
7401,franke-ruta-garance,Franke-Ruta Garance
7402,frankie-avalon,Frankie Avalon
7403,frankie-barbaro,Frankie Barbaro
7404,frankie-corio,Frankie Corio
7405,frankie-darro,Frankie Darro
7406,frankie-faison,Frankie Faison
7407,frankie-fox,Frankie Fox
7408,frankie-howerd,Frankie Howerd
7409,frankie-ingrassia,Frankie Ingrassia
7410,frankie-mccafferty,Frankie McCafferty
7411,frankie-smith,Frankie Smith
7412,frankie-wilson,Frankie Wilson
7413,franklin-coen,Franklin Coen
7414,franklin-cover,Franklin Cover
7415,franklin-d-roosevelt,Franklin D. Roosevelt
7416,franklin-j-schaffner,Franklin J. Schaffner
7417,franklin-pangborn,Franklin Pangborn
7418,franklyn-farnum,Franklyn Farnum
7419,fransley-hyppolite,Fransley Hyppolite
7420,franz-balluck,Franz Balluck
7421,franz-rogowski,Franz Rogowski
7422,frazer-smith,Frazer Smith
7423,fred-aldrich,Fred Aldrich
7424,fred-armisen,Fred Armisen
7425,fred-astaire,Fred Astaire
7426,fred-behrle,Fred Behrle
7427,fred-bell,Fred Bell
7428,fred-cherrick,Fred Cherrick
7429,fred-clark,Fred Clark
7430,fred-coby,Fred Coby
7431,fred-crane,Fred Crane
7432,fred-draper,Fred Draper
7433,fred-durst,Fred Durst
7434,fred-f-finklehoffe,Fred F. Finklehoffe
7435,fred-fischer,Fred Fischer
7436,fred-fleck,Fred Fleck
7437,fred-graham,Fred Graham
7438,fred-griffiths,Fred Griffiths
7439,fred-gwynne,Fred Gwynne
7440,fred-hechinger,Fred Hechinger
7441,fred-herko,Fred Herko
7442,fred-katz,Fred Katz
7443,fred-lee-shuttlesworth,Fred Lee Shuttlesworth
7444,fred-macmurray,Fred MacMurray
7445,fred-malatesta,Fred Malatesta
7446,fred-melamed,Fred Melamed
7447,fred-norris,Fred Norris
7448,fred-pasley,Fred Pasley
7449,fred-pearson,Fred Pearson
7450,fred-pickler,Fred Pickler
7451,fred-roos,Fred Roos
7452,fred-savage,Fred Savage
7453,fred-sorenson,Fred Sorenson
7454,fred-stewart,Fred Stewart
7455,fred-thompson,Fred Thompson
7456,fred-waitzkin,Fred Waitzkin
7457,fred-ward,Fred Ward
7458,fred-willard,Fred Willard
7459,fred-wood,Fred Wood
7460,fred-zinnemann,Fred Zinnemann
7461,freda-dowie,Freda Dowie
7462,freda-foh-shen,Freda Foh Shen
7463,freda-jackson,Freda Jackson
7464,freddie-bartholomew,Freddie Bartholomew
7465,freddie-hice,Freddie Hice
7466,freddie-highmore,Freddie Highmore
7467,freddie-jones,Freddie Jones
7468,freddie-simpson,Freddie Simpson
7469,frederic-bodson,Frédéric Bodson
7470,frederic-de-pasquale,Frédéric de Pasquale
7471,frederic-dussenne,Frédéric Dussenne
7472,frederic-fisbach,Frédéric Fisbach
7473,frederic-forrest,Frederic Forrest
7474,frederic-graziani,Frédéric Graziani
7475,frederic-paquet,Frédéric Paquet
7476,frederic-quinet,Frédéric Quinet
7477,frederic-raphael,Frederic Raphael
7478,frederic-tuten,Frederic Tuten
7479,frederick-alexander-bosche,Frederick Alexander Bosche
7480,frederick-bingham,Frederick Bingham
7481,frederick-coffin,Frederick Coffin
7482,frederick-kelsey,Frederick Kelsey
7483,frederick-kerr,Frederick Kerr
7484,frederick-knott,Frederick Knott
7485,frederick-miragliotta,Frederick Miragliotta
7486,frederick-piper,Frederick Piper
7487,frederick-rolf,Frederick Rolf
7488,frederick-schmidt,Frederick Schmidt
7489,frederick-strother,Frederick Strother
7490,frederick-treves,Frederick Treves
7491,frederick-treves-2,Frederick Treves
7492,frederick-wiseman,Frederick Wiseman
7493,frederick-worlock,Frederick Worlock
7494,frederique-dolbert,Frédérique Dolbert
7495,frederique-feder,Frédérique Feder
7496,fredric-lehne,Fredric Lehne
7497,fredric-march,Fredric March
7498,fredrik-ohlsson,Fredrik Ohlsson
7499,fredrik-t-hiebert,Fredrik T. Hiebert
7500,freedom-fox-richardson,Freedom Fox Richardson
7501,freedom-writers,Freedom Writers
7502,freeman-hrabowski-iii,Freeman Hrabowski III
7503,frehel,Fréhel
7504,freida-pinto,Freida Pinto
7505,french-stewart,French Stewart
7506,frenchie-lemond,Frenchie Lemond
7507,freya-wilson-2,Freya Wilson
7508,fridrikh-gorenshteyn,Fridrikh Gorenshteyn
7509,frieder-venus,Frieder Venus
7510,friederike-becht,Friederike Becht
7511,friedrich-hollaender,Friedrich Hollaender
7512,friedrich-von-thun,Friedrich von Thun
7513,frith-banbury,Frith Banbury
7514,frithiof-bjarne,Frithiof Bjärne
7515,fritz-alberti,Fritz Alberti
7516,fritz-dominique,Fritz Dominique
7517,fritz-feld,Fritz Feld
7518,fritz-lang,Fritz Lang
7519,fritz-leiber,Fritz Leiber
7520,fritz-rasp,Fritz Rasp
7521,fritz-wepper,Fritz Wepper
7522,fritzi-brunette,Fritzi Brunette
7523,fubomichi-takazawa,Fubomichi Takazawa
7524,fuji-yahiro,Fuji Yahiro
7525,fujio-suga,Fujio Suga
7526,fujio-tokita,Fujio Tokita
7527,fukumi-kuroda,Fukumi Kuroda
7528,fulgencio-javier,Fulgencio Javier
7529,fulvio-grimaldi,Fulvio Grimaldi
7530,fulvio-mingozzi,Fulvio Mingozzi
7531,fulvio-morsella,Fulvio Morsella
7532,fumihiko-tachiki,Fumihiko Tachiki
7533,fumiko-orikasa,Fumiko Orikasa
7534,fung-liang-foo,Fung Liang Foo
7535,furanki-sakai,Furankî Sakai
7536,furio-meniconi,Furio Meniconi
7537,furio-scarpelli,Furio Scarpelli
7538,fusako-urabe,Fusako Urabe
7539,fusia-el-kader,Fusia El Kader
7540,fuyuki-murakami,Fuyuki Murakami
7541,fw-murnau,F.W. Murnau
7542,fx-toole,F.X. Toole
7543,g-pat-collins,G. Pat Collins
7544,gabe-gomez,Gabe Gomez
7545,gabi-amrani,Gabi Amrani
7546,gabo-correa,Gabo Correa
7547,gabor-csupo,Gabor Csupo
7548,gabor-nagypal,Gábor Nagypál
7549,gabor-nyiri,Gábor Nyiri
7550,gabourey-sidibe,Gabourey Sidibe
7551,gabriel-buitrago,Gabriel Buitrago
7552,gabriel-byrne,Gabriel Byrne
7553,gabriel-casseus,Gabriel Casseus
7554,gabriel-chavarria,Gabriel Chavarria
7555,gabriel-chung,Gabriel Chung
7556,gabriel-damon,Gabriel Damon
7557,gabriel-gabrio,Gabriel Gabrio
7558,gabriel-gobin,Gabriel Gobin
7559,gabriel-kraisman,Gabriel Kraisman
7560,gabriel-labelle,Gabriel LaBelle
7561,gabriel-mangones,Gabriel Mangones
7562,gabriel-mann,Gabriel Mann
7563,gabriel-mascaro,Gabriel Mascaro
7564,gabriel-monroe-eckert,Gabriel Monroe Eckert
7565,gabriel-muli,Gabriel Muli
7566,gabriel-nuncio,Gabriel Nuncio
7567,gabriela-lazarkiewicz,Gabriela Lazarkiewicz
7568,gabriela-saidon,Gabriela Saidon
7569,gabriele-ferzetti,Gabriele Ferzetti
7570,gabriele-lavia,Gabriele Lavia
7571,gabriele-schuchter,Gabriele Schuchter
7572,gabriella-conti,Gabriella Conti
7573,gabriella-freeman,Gabriella Freeman
7574,gabriella-rhodeen,Gabriella Rhodeen
7575,gabrielle-anwar,Gabrielle Anwar
7576,gabrielle-doulcet,Gabrielle Doulcet
7577,gabrielle-labadie,Gabrielle Labadie
7578,gabrielle-lopes-benites,Gabrielle Lopes Benites
7579,gabrielle-rose,Gabrielle Rose
7580,gabrielle-sanz,Gabrielle Sanz
7581,gabrielle-simone-johnson,Gabrielle Simone Johnson
7582,gabrielle-suzanne-barbot-de-villeneuve,Gabrielle-Suzanne Barbot de Villeneuve
7583,gabrielle-union,Gabrielle Union
7584,gabrielle-vincent,Gabrielle Vincent
7585,gaby-basset,Gaby Basset
7586,gaby-hoffmann,Gaby Hoffmann
7587,gad-elmaleh,Gad Elmaleh
7588,gael-garcia-bernal,Gael García Bernal
7589,gaetan-leleu,Gaëtan Leleu
7590,gaia-chaillet-giusti,Gaia Chaillet Giusti
7591,gail-boggs,Gail Boggs
7592,gail-bonney,Gail Bonney
7593,gail-bowman,Gail Bowman
7594,gail-ferguson,Gail Ferguson
7595,gail-threlkeld,Gail Threlkeld
7596,gailard-sartain,Gailard Sartain
7597,gakudai,Gakudai
7598,gal-gadot,Gal Gadot
7599,gala-othero-winter,Gala Othero Winter
7600,galatea-bellugi,Galatéa Bellugi
7601,galatea-ranzi,Galatea Ranzi
7602,gale-anne-hurd,Gale Anne Hurd
7603,galen-t-chu,Galen T. Chu
7604,gali-abaydulov,Gali Abaydulov
7605,galia-mayer,Galia Mayer
7606,galina-egorova,Galina Egorova
7607,galina-popova,Galina Popova
7608,gamil-ratib,Gamil Ratib
7609,gamze-sam,Gamze Sam
7610,gano-grills,Gano Grills
7611,garance-pauwels,Garance Pauwels
7612,garcelle-beauvais,Garcelle Beauvais
7613,gareth-viggers,Gareth Viggers
7614,garnet-harding,Garnet Harding
7615,garon-tsuchiya,Garon Tsuchiya
7616,garret-dillahunt,Garret Dillahunt
7617,garrett-bradley-2,Garrett Bradley
7618,garrett-cassell,Garrett Cassell
7619,garrett-fort,Garrett Fort
7620,garrett-hedlund,Garrett Hedlund
7621,garrett-m-brown,Garrett M. Brown
7622,garrett-palmer,Garrett Palmer
7623,garrick-hagon,Garrick Hagon
7624,garry-goodgion,Garry Goodgion
7625,garry-lumbers,Garry Lumbers
7626,garry-mcdonald-2,Garry McDonald
7627,garry-mulholland,Garry Mulholland
7628,garson-kanin,Garson Kanin
7629,garth-avery,Garth Avery
7630,garth-hudson,Garth Hudson
7631,garth-jennings,Garth Jennings
7632,gary-5,Gary
7633,gary-basaraba,Gary Basaraba
7634,gary-beadle,Gary Beadle
7635,gary-bond,Gary Bond
7636,gary-brockette,Gary Brockette
7637,gary-brooker,Gary Brooker
7638,gary-bruno,Gary Bruno
7639,gary-busey,Gary Busey
7640,gary-cady,Gary Cady
7641,gary-cockrell,Gary Cockrell
7642,gary-cole,Gary Cole
7643,gary-commock,Gary Commock
7644,gary-cooper,Gary Cooper
7645,gary-farmer,Gary Farmer
7646,gary-gilbert,Gary Gilbert
7647,gary-goldman-2,Gary Goldman
7648,gary-graver,Gary Graver
7649,gary-herman,Gary Herman
7650,gary-houston,Gary Houston
7651,gary-joseph-thorup,Gary Joseph Thorup
7652,gary-k-wolf,Gary K. Wolf
7653,gary-kohn,Gary Kohn
7654,gary-landon-mills,Gary Landon Mills
7655,gary-lee-mahmoud,Gary Lee Mahmoud
7656,gary-lewis-3,Gary Lewis
7657,gary-littlejohn,Gary Littlejohn
7658,gary-lockwood,Gary Lockwood
7659,gary-lundy,Gary Lundy
7660,gary-lydon,Gary Lydon
7661,gary-maitland,Gary Maitland
7662,gary-martin,Gary Martin
7663,gary-mccormack,Gary McCormack
7664,gary-mclarty,Gary McLarty
7665,gary-merrill,Gary Merrill
7666,gary-oldman,Gary Oldman
7667,gary-owens-3,Gary Owens
7668,gary-riley,Gary Riley
7669,gary-roberts,Gary Roberts
7670,gary-ross,Gary Ross
7671,gary-scott-thompson,Gary Scott Thompson
7672,gary-sefton,Gary Sefton
7673,gary-shorelle,Gary Shorelle
7674,gary-sinise,Gary Sinise
7675,gary-slutkin,Gary Slutkin
7676,gary-springer,Gary Springer
7677,gary-trousdale,Gary Trousdale
7678,gary-w-pigg,Gary W. Pigg
7679,gary-weis,Gary Weis
7680,gary-whitaker,Gary Whitaker
7681,gary-yershon,Gary Yershon
7682,gaspar-galaz,Gaspar Galaz
7683,gaspard-manesse,Gaspard Manesse
7684,gaspard-schlatter,Gaspard Schlatter
7685,gaspard-ulliel,Gaspard Ulliel
7686,gaston-meunier,Gaston Meunier
7687,gaston-modot,Gaston Modot
7688,gaston-pauls,Gastón Pauls
7689,gastone-moschin,Gastone Moschin
7690,gates-mcfadden,Gates McFadden
7691,gatis-rubins,Gatis Rubins
7692,gattlin-griffith,Gattlin Griffith
7693,gavan-oherlihy,Gavan O'Herlihy
7694,gavin-ferguson,Gavin Ferguson
7695,gavin-gordon,Gavin Gordon
7696,gavin-kitchen,Gavin Kitchen
7697,gavin-macfadyen,Gavin MacFadyen
7698,gavin-oconnor,Gavin O'Connor
7699,gay-baynes,Gay Baynes
7700,gay-deforest,Gay DeForest
7701,gay-hamilton,Gay Hamilton
7702,gaye-brown,Gaye Brown
7703,gb-stern,G.B. Stern
7704,gbenga-akinnagbe,Gbenga Akinnagbe
7705,gd-spradlin,G.D. Spradlin
7706,geane-albuquerque,Geane Albuquerque
7707,gedde-watanabe,Gedde Watanabe
7708,geefwee-boedoe,Geefwee Boedoe
7709,geena-davis,Geena Davis
7710,geerasak-kulhong,Geerasak Kulhong
7711,gefen-barkai,Gefen Barkai
7712,gemma-jones,Gemma Jones
7713,gena-oppenheim,Gena Oppenheim
7714,gena-rowlands,Gena Rowlands
7715,genaro-aguirre,Genaro Aguirre
7716,gene-amoroso,Gene Amoroso
7717,gene-barry,Gene Barry
7718,gene-bell,Gene Bell
7719,gene-borkan,Gene Borkan
7720,gene-canfield,Gene Canfield
7721,gene-crane,Gene Crane
7722,gene-darfler,Gene Darfler
7723,gene-dynarski,Gene Dynarski
7724,gene-gross,Gene Gross
7725,gene-hackman,Gene Hackman
7726,gene-hartline,Gene Hartline
7727,gene-jones,Gene Jones
7728,gene-kelly,Gene Kelly
7729,gene-kranz,Gene Kranz
7730,gene-lebell,Gene LeBell
7731,gene-lockhart,Gene Lockhart
7732,gene-odonnell-2,Gene O'Donnell
7733,gene-pingatore,Gene Pingatore
7734,gene-pyrz,Gene Pyrz
7735,gene-roddenberry,Gene Roddenberry
7736,gene-rosen,Gene Rosen
7737,gene-ruffini,Gene Ruffini
7738,gene-saks,Gene Saks
7739,gene-scherer,Gene Scherer
7740,gene-siskel,Gene Siskel
7741,gene-wesson,Gene Wesson
7742,gene-wilder,Gene Wilder
7743,geneva-corlett,Geneva Corlett
7744,genevieve-brunet,Geneviève Brunet
7745,genevieve-bujold,Geneviève Bujold
7746,genevieve-lemon,Geneviève Lemon
7747,genevieve-mnich,Geneviève Mnich
7748,genevieve-oreilly,Genevieve O'Reilly
7749,genevieve-zweig,Genevieve Zweig
7750,gengxi-li-2,Gengxi Li
7751,gennadiy-ostrovskiy,Gennadiy Ostrovskiy
7752,genoel-ramirez,Genoel Ramírez
7753,geo-dobre,Geo Dobre
7754,geoff-bell,Geoff Bell
7755,geoff-gatt,Geoff Gatt
7756,geoff-meed,Geoff Meed
7757,geoff-minogue,Geoff Minogue
7758,geoffrey-arend,Geoffrey Arend
7759,geoffrey-bowes,Geoffrey Bowes
7760,geoffrey-canada,Geoffrey Canada
7761,geoffrey-carey,Geoffrey Carey
7762,geoffrey-fletcher,Geoffrey Fletcher
7763,geoffrey-heath,Geoffrey Heath
7764,geoffrey-horne,Geoffrey Horne
7765,geoffrey-hutchings,Geoffrey Hutchings
7766,geoffrey-keen,Geoffrey Keen
7767,geoffrey-nauffts,Geoffrey Nauffts
7768,geoffrey-palmer,Geoffrey Palmer
7769,geoffrey-rush,Geoffrey Rush
7770,geoffrey-streatfeild,Geoffrey Streatfeild
7771,geoffrey-weeks,Geoffrey Weeks
7772,geoffrey-wilkinson-2,Geoffrey Wilkinson
7773,geordie-johnson,Geordie Johnson
7774,georg-friedrich,Georg Friedrich
7775,georg-hartmann,Georg Hartmann
7776,georg-jagunov,Georg Jagunov
7777,georg-john,Georg John
7778,georgann-johnson,Georgann Johnson
7779,george-a-romero,George A. Romero
7780,george-abbott,George Abbott
7781,george-alderson,George Alderson
7782,george-anderson-2,George Anderson
7783,george-antoni,George Antoni
7784,george-axelrod,George Axelrod
7785,george-bancroft,George Bancroft
7786,george-banton,George Banton
7787,george-barbier,George Barbier
7788,george-bell,George Bell
7789,george-bernard-shaw,George Bernard Shaw
7790,george-bradshaw,George Bradshaw
7791,george-bruggeman,George Bruggeman
7792,george-buck-flower,George 'Buck' Flower
7793,george-burrafato,George Burrafato
7794,george-bush,George Bush
7795,george-butler,George Butler
7796,george-c-scott,George C. Scott
7797,george-c-wolfe,George C. Wolfe
7798,george-carney,George Carney
7799,george-carroll,George Carroll
7800,george-chakiris,George Chakiris
7801,george-chandler,George Chandler
7802,george-che-nieves,George Che Nieves
7803,george-cheung,George Cheung
7804,george-chuvalo,George Chuvalo
7805,george-clooney,George Clooney
7806,george-coe,George Coe
7807,george-costigan,George Costigan
7808,george-coulouris,George Coulouris
7809,george-cukor,George Cukor
7810,george-d-wallace,George D. Wallace
7811,george-davis,George Davis
7812,george-delhoyo,George DelHoyo
7813,george-devine,George Devine
7814,george-dicenzo,George DiCenzo
7815,george-dickerson,George Dickerson
7816,george-dockstader,George Dockstader
7817,george-dunn,George Dunn
7818,george-dusheck,George Dusheck
7819,george-dzundza,George Dzundza
7820,george-e-stone,George E. Stone
7821,george-eaton,George Eaton
7822,george-eppersen,George Eppersen
7823,george-farish,George Farish
7824,george-ford,George Ford
7825,george-fowler-jr,George Fowler Jr.
7826,george-furth,George Furth
7827,george-gallo,George Gallo
7828,george-gaynes,George Gaynes
7829,george-gervin,George Gervin
7830,george-harris,George Harris
7831,george-harrison,George Harrison
7832,george-hashemzadeh,George Hashemzadeh
7833,george-hassell,George Hassell
7834,george-hayes,George Hayes
7835,george-hickenlooper,George Hickenlooper
7836,george-hilsdon,George Hilsdon
7837,george-ilie-2,George Ilie
7838,george-irving,George Irving
7839,george-jonas,George Jonas
7840,george-kelly,George Kelly
7841,george-kennedy,George Kennedy
7842,george-kiplunks,George Kiplunks
7843,george-kosana,George Kosana
7844,george-lane-cooper,George Lane Cooper
7845,george-langelaan,George Langelaan
7846,george-leigh,George Leigh
7847,george-leonard-3,George Leonard
7848,george-lindsey,George Lindsey
7849,george-lucas,George Lucas
7850,george-lynn,George Lynn
7851,george-macquarrie,George MacQuarrie
7852,george-macready,George Macready
7853,george-magrill,George Magrill
7854,george-maguire,George Maguire
7855,george-martin-2,George Martin
7856,george-mason-3,George Mason
7857,george-mcneilage,George McNeilage
7858,george-memmoli,George Memmoli
7859,george-merritt,George Merritt
7860,george-meyer-2,George Meyer
7861,george-meyer-3,George Meyer
7862,george-miller-2,George Miller
7863,george-mitchell,George Mitchell
7864,george-murdock,George Murdock
7865,george-newton,George Newton
7866,george-nolfi,George Nolfi
7867,george-obrien,George O'Brien
7868,george-p-breakston,George P. Breakston
7869,george-p-cosmatos,George P. Cosmatos
7870,george-packer,George Packer
7871,george-pelling,George Pelling
7872,george-peppard,George Peppard
7873,george-perez,George Perez
7874,george-petrie,George Petrie
7875,george-preston,George Preston
7876,george-raft,George Raft
7877,george-rainsford,George Rainsford
7878,george-reeves,George Reeves
7879,george-relph,George Relph
7880,george-robert-klek,George Robert Klek
7881,george-roubicek,George Roubicek
7882,george-roy-hill,George Roy Hill
7883,george-sanders,George Sanders
7884,george-seaton,George Seaton
7885,george-segal,George Segal
7886,george-sky-eagle,George Sky Eagle
7887,george-soros,George Soros
7888,george-stevens-2,George Stevens
7889,george-takei,George Takei
7890,george-tenet,George Tenet
7891,george-the-animal-steele,George 'The Animal' Steele
7892,george-tillman-jr,George Tillman Jr.
7893,george-tobias,George Tobias
7894,george-tokoro,George Tokoro
7895,george-tovey,George Tovey
7896,george-vjestica,George Vjestica
7897,george-voskovec,George Voskovec
7898,george-w-bush,George W. Bush
7899,george-woodbridge,George Woodbridge
7900,george-wyner,George Wyner
7901,george-young-9,George Young
7902,george-zuckerman,George Zuckerman
7903,georges-adlin,Georges Adlin
7904,georges-arnaud-2,Georges Arnaud
7905,georges-billy,Georges Billy
7906,georges-blaness,Georges Blaness
7907,georges-bousquet,Georges Bousquet
7908,georges-cardona,Georges Cardona
7909,georges-casati,Georges Casati
7910,georges-de-beauregard,Georges de Beauregard
7911,georges-franju,Georges Franju
7912,georges-geret,Georges Géret
7913,georges-gerrard-baffos,Georges Gerrard Baffos
7914,georges-lopez,Georges Lopez
7915,georges-metaxa,Georges Metaxa
7916,georges-peclet,Georges Péclet
7917,georges-pellegrin,Georges Pellegrin
7918,georges-poujouly,Georges Poujouly
7919,georges-renavent,Georges Renavent
7920,georges-sellier,Georges Sellier
7921,georges-staquet,Georges Staquet
7922,georgeta-paduraru-burdujan,Georgeta Paduraru Burdujan
7923,georgia-backus,Georgia Backus
7924,georgia-blake,Georgia Blake
7925,georgia-caine,Georgia Caine
7926,georgia-hale,Georgia Hale
7927,georgia-oakley,Georgia Oakley
7928,georgia-simmons,Georgia Simmons
7929,georgia-todda,Georgia Todda
7930,georgie-glen,Georgie Glen
7931,georgie-henley,Georgie Henley
7932,georgina-avellaneda,Georgina Avellaneda
7933,georgina-tabora,Georgina Tábora
7934,georgine-darcy,Georgine Darcy
7935,georgiy-teykh,Georgiy Teykh
7936,georgy-demidov,Georgy Demidov
7937,gera-sandler,Gera Sandler
7938,gerald-ayres,Gerald Ayres
7939,gerald-berry,Gerald Berry
7940,gerald-burke,Gerald Burke
7941,gerald-clarke-2,Gerald Clarke
7942,gerald-colbert,Gerald Colbert
7943,gerald-davis,Gerald Davis
7944,gerald-emerick,Gerald Emerick
7945,gerald-flood,Gerald Flood
7946,gerald-ford,Gerald Ford
7947,gerald-james,Gerald James
7948,gerald-mohr,Gerald Mohr
7949,gerald-onn,Gerald Onn
7950,gerald-r-molen,Gerald R. Molen
7951,gerald-sim,Gerald Sim
7952,gerald-walling,Gerald Walling
7953,gerald-younggren,Gerald Younggren
7954,geraldine-brophy,Geraldine Brophy
7955,geraldine-chaplin,Geraldine Chaplin
7956,geraldine-hooper,Geraldine Hooper
7957,geraldine-hughes,Geraldine Hughes
7958,geraldine-james,Geraldine James
7959,geraldine-keams,Geraldine Keams
7960,geraldine-mcewan,Geraldine McEwan
7961,geraldine-muir,Geraldine Muir
7962,geraldine-singer,Geraldine Singer
7963,geraldine-somerville,Geraldine Somerville
7964,gerard-barray,Gérard Barray
7965,gerard-bonn,Gérard Bonn
7966,gerard-brach,Gérard Brach
7967,gerard-butler,Gerard Butler
7968,gerard-crossan,Gerard Crossan
7969,gerard-darrieu,Gérard Darrieu
7970,gerard-depardieu,Gérard Depardieu
7971,gerard-heinz,Gerard Heinz
7972,gerard-hendrick,Gerard Hendrick
7973,gerard-kearney-2,Gerard Kearney
7974,gerard-malanga,Gerard Malanga
7975,gerard-martin,Gérard Martin
7976,gerard-watkins,Gérard Watkins
7977,gerardo-campbell,Gerardo Campbell
7978,gerardo-taracena,Gerardo Taracena
7979,gerd-neubert,Gerd Neubert
7980,gerd-vespermann,Gerd Vespermann
7981,gergo-farkas,Gergö Farkas
7982,gerhard-bienert,Gerhard Bienert
7983,germaine-charest,Germaine Charest
7984,german-de-silva,Germán De Silva
7985,german-epieyu,Germán Epieyu
7986,germano-melo,Germano Melo
7987,germano-zullo,Germano Zullo
7988,gero-camilo,Gero Camilo
7989,gerrit-graham,Gerrit Graham
7990,gerry-bamman,Gerry Bamman
7991,gerry-becker,Gerry Becker
7992,gerry-black,Gerry Black
7993,gerry-conlon,Gerry Conlon
7994,gerry-duggan,Gerry Duggan
7995,gerry-hammond,Gerry Hammond
7996,gerry-lopez,Gerry Lopez
7997,gerry-quigley,Gerry Quigley
7998,gerry-robert-byrne,Gerry Robert Byrne
7999,gerry-salsberg,Gerry Salsberg
8000,gershwyn-eustache-jnr,Gershwyn Eustache Jnr
8001,gert-frobe,Gert Fröbe
8002,gertrud-fridh,Gertrud Fridh
8003,gertrude-astor,Gertrude Astor
8004,gertrude-flynn,Gertrude Flynn
8005,gertrude-hoffman,Gertrude Hoffman
8006,gesang-meiduo,Gesang Meiduo
8007,geum-hee-lee,Geum-hee Lee
8008,geza-balkay,Géza Balkay
8009,geza-kovacs,Géza Kovács
8010,geza-poszar,Géza Poszar
8011,geza-rohrig,Géza Röhrig
8012,ghalya-lacroix,Ghalya Lacroix
8013,ghanem-algarawi,Ghanem Algarawi
8014,ghdd-amaro,Ghdd Amaro
8015,gheorghe-apostol,Gheorghe Apostol
8016,gi-hong-woo,Gi-hong Woo
8017,gi-sub-jung,Gi-sub Jung
8018,giacinto-ferro,Giacinto Ferro
8019,giacomo-bellini,Giacomo Bellini
8020,gian-carlo-coppola,Gian-Carlo Coppola
8021,gian-maria-volonte,Gian Maria Volontè
8022,gian-piero-capretto,Gian Piero Capretto
8023,giancarlo-esposito,Giancarlo Esposito
8024,giancarlo-giannini,Giancarlo Giannini
8025,gianfelice-imparato,Gianfelice Imparato
8026,gianfranco-poddighe,Gianfranco Poddighe
8027,gianfranco-rosi,Gianfranco Rosi
8028,gianin-loffler,Gianin Loffler
8029,gianna-giachetti,Gianna Giachetti
8030,gianni-amico,Gianni Amico
8031,gianni-di-gregorio,Gianni Di Gregorio
8032,gianni-russo,Gianni Russo
8033,gianni-santuccio,Gianni Santuccio
8034,gibb-mclaughlin,Gibb McLaughlin
8035,gibby-haynes,Gibby Haynes
8036,gibson-gowland,Gibson Gowland
8037,gibson-john,Gibson John
8038,gideon-glick,Gideon Glick
8039,gigi-brooks,Gigi Brooks
8040,gil-bellows,Gil Bellows
8041,gil-birmingham,Gil Birmingham
8042,gil-boccaccio,Gil Boccaccio
8043,gil-junger,Gil Junger
8044,gil-mendes-da-silva,Gil Mendes Da Silva
8045,gil-pearson,Gil Pearson
8046,gila-almagor,Gila Almagor
8047,gilbert-dacheux,Gilbert Dacheux
8048,gilbert-dalleu,Gilbert Dalleu
8049,gilbert-de-la-pena,Gilbert De la Pena
8050,gilbert-gil,Gilbert Gil
8051,gilbert-goldie,Gilbert Goldie
8052,gilbert-gottfried,Gilbert Gottfried
8053,gilbert-johnston,Gilbert Johnston
8054,gilbert-r-hill,Gilbert R. Hill
8055,gilbert-roland,Gilbert Roland
8056,gilberte-geniat,Gilberte Géniat
8057,gilberto-arenas,Gilberto Arenas
8058,gilberto-jimenez,Gilberto Jimenez
8059,gilda-gray,Gilda Gray
8060,gilda-radner,Gilda Radner
8061,giles-new,Giles New
8062,gilette-barbier,Gilette Barbier
8063,gill-dennis,Gill Dennis
8064,gilles-adrien,Gilles Adrien
8065,gilles-arbona,Gilles Arbona
8066,gilles-cohen,Gilles Cohen
8067,gilles-gaston-dreyfus,Gilles Gaston-Dreyfus
8068,gilles-paris,Gilles Paris
8069,gilles-privat,Gilles Privat
8070,gilles-sandier,Gilles Sandier
8071,gilles-tosello,Gilles Tosello
8072,gilles-watteaux,Gilles Watteaux
8073,gillian-anderson,Gillian Anderson
8074,gillian-armstrong,Gillian Armstrong
8075,gillian-barber,Gillian Barber
8076,gillian-jones,Gillian Jones
8077,gillian-mccarthy-2,Gillian McCarthy
8078,gillian-pfaff,Gillian Pfaff
8079,gillian-sakala,Gillian Sakala
8080,gillian-tett,Gillian Tett
8081,gillian-vigman,Gillian Vigman
8082,gillo-pontecorvo,Gillo Pontecorvo
8083,gilman-rankin,Gilman Rankin
8084,gina-deangeles,Gina DeAngeles
8085,gina-gershon,Gina Gershon
8086,gina-mastrogiacomo,Gina Mastrogiacomo
8087,gina-mckee,Gina McKee
8088,gina-montana,Gina Montana
8089,gina-nichols,Gina Nichols
8090,gina-petrushka,Gina Petrushka
8091,gina-tarner,Gina Tarner
8092,gina-torres,Gina Torres
8093,gina-trikonis,Gina Trikonis
8094,ginevra-notarbartolo,Ginevra Notarbartolo
8095,ginger-rogers,Ginger Rogers
8096,ginger-williams,Ginger Williams
8097,ginnifer-goodwin,Ginnifer Goodwin
8098,ginny-ortiz,Ginny Ortiz
8099,gino-ardito,Gino Ardito
8100,gino-conforti,Gino Conforti
8101,gino-corrado,Gino Corrado
8102,gints-zilbalodis,Gints Zilbalodis
8103,ginzo-matsuo,Ginzô Matsuo
8104,gio-petre,Gio Petré
8105,giorgi-gio-tabidze,Giorgi Gio Tabidze
8106,giorgi-khurtsilava,Giorgi Khurtsilava
8107,giorgio-libassi,Giorgio Libassi
8108,giorgio-pasotti,Giorgio Pasotti
8109,giorgio-santomaso,Giorgio Santomaso
8110,giorgio-trestini,Giorgio Trestini
8111,giovani-florido,Giovani Florido
8112,giovanna-mezzogiorno,Giovanna Mezzogiorno
8113,giovanna-mori,Giovanna Mori
8114,giovanni-arpino,Giovanni Arpino
8115,giovanni-chiva,Giovanni Chiva
8116,giovanni-martorana,Giovanni Martorana
8117,giovanni-ribisi,Giovanni Ribisi
8118,giovanni-scifoni,Giovanni Scifoni
8119,giovanni-tarallo,Giovanni Tarallo
8120,giovanni-vettorazzo,Giovanni Vettorazzo
8121,giovonnie-samuels,Giovonnie Samuels
8122,giscard-bouchotte,Giscard Bouchotte
8123,giselda-volodi,Giselda Volodi
8124,gisele-grandpre,Gisèle Grandpré
8125,giselle-audirac,Giselle Audirac
8126,gitt-magrini,Gitt Magrini
8127,gitta-schmidt,Gitta Schmidt
8128,giulia-caccavello,Giulia Caccavello
8129,giuliana-calandra,Giuliana Calandra
8130,giuliano-gemma,Giuliano Gemma
8131,giuliano-mantovani,Giuliano Mantovani
8132,giulio-girola,Giulio Girola
8133,giuseppe-addobbati,Giuseppe Addobbati
8134,giuseppe-andrews,Giuseppe Andrews
8135,giuseppe-fragapane,Giuseppe Fragapane
8136,giuseppe-licastro,Giuseppe Licastro
8137,giuseppe-molino,Giuseppe Molino
8138,giuseppe-stagnitti,Giuseppe Stagnitti
8139,giuseppe-terranova,Giuseppe Terranova
8140,giuseppe-tomasi-di-lampedusa,Giuseppe Tomasi di Lampedusa
8141,giuseppe-tornatore,Giuseppe Tornatore
8142,gjertrud-l-jynge,Gjertrud L. Jynge
8143,gladys-cooper,Gladys Cooper
8144,gladys-george,Gladys George
8145,gladys-greer,Gladys Greer
8146,gladys-hill,Gladys Hill
8147,gladys-knight,Gladys Knight
8148,gladys-w-allison,Gladys W. Allison
8149,glauco-mauri,Glauco Mauri
8150,glen-d-hardin,Glen D. Hardin
8151,glen-drake,Glen Drake
8152,glen-granrud,Glen Granrud
8153,glen-hansard,Glen Hansard
8154,glen-powell,Glen Powell
8155,glendora-stitt,Glendora Stitt
8156,glenn-beck,Glenn Beck
8157,glenn-berger,Glenn Berger
8158,glenn-cho,Glenn Cho
8159,glenn-close,Glenn Close
8160,glenn-ficarra,Glenn Ficarra
8161,glenn-fitzgerald,Glenn Fitzgerald
8162,glenn-ford,Glenn Ford
8163,glenn-greenwald,Glenn Greenwald
8164,glenn-howerton,Glenn Howerton
8165,glenn-kurtz,Glenn Kurtz
8166,glenn-morshower,Glenn Morshower
8167,glenn-plummer,Glenn Plummer
8168,glenn-r-wilder,Glenn R. Wilder
8169,glenn-shadix,Glenn Shadix
8170,glenn-walker-harris-jr,Glenn Walker Harris Jr.
8171,glenn-walters,Glenn Walters
8172,glenne-headly,Glenne Headly
8173,gloria-barnhart,Gloria Barnhart
8174,gloria-castillo,Gloria Castillo
8175,gloria-cromwell,Gloria Cromwell
8176,gloria-curtis,Gloria Curtis
8177,gloria-foster,Gloria Foster
8178,gloria-grahame,Gloria Grahame
8179,gloria-harper,Gloria Harper
8180,gloria-katz,Gloria Katz
8181,gloria-reuben,Gloria Reuben
8182,gloria-stuart,Gloria Stuart
8183,gloria-swanson,Gloria Swanson
8184,glover-gill,Glover Gill
8185,glynis-johns,Glynis Johns
8186,glynn-lunney,Glynn Lunney
8187,glynn-turman,Glynn Turman
8188,glynnis-oconnor,Glynnis O'Connor
8189,go-kato,Gô Katô
8190,go-kyung-pyo,Go Kyung-Pyo
8191,go-min-si,Go Min-Si
8192,gode-benedix,Gode Benedix
8193,godfrey-quigley,Godfrey Quigley
8194,godfrey-tearle,Godfrey Tearle
8195,godwin-egbo,Godwin Egbo
8196,gohki-kashiyama,Gohki Kashiyama
8197,gokce-isil-tuna,Gokce Isil Tuna
8198,gokhan-kirac,Gökhan Kiraç
8199,golnaz-farmani,Golnaz Farmani
8200,golshifteh-farahani,Golshifteh Farahani
8201,gony-lidror,Gony Lidror
8202,gonzalo-garcia-2,Gonzalo García
8203,gonzalo-pozo,Gonzalo Pozo
8204,gonzalo-uriarte,Gonzalo Uriarte
8205,googie-withers,Googie Withers
8206,gopika-gayek,Gopika Gayek
8207,goran-kostic,Goran Kostic
8208,goran-navojec,Goran Navojec
8209,goran-pavlic,Goran Pavlic
8210,goran-visnjic,Goran Visnjic
8211,gordon-b-clarke,Gordon B. Clarke
8212,gordon-begg,Gordon Begg
8213,gordon-chan,Gordon Chan
8214,gordon-greene-2,Gordon Greene
8215,gordon-hatfield,Gordon Hatfield
8216,gordon-jackson,Gordon Jackson
8217,gordon-jocelyn,Gordon Jocelyn
8218,gordon-joseph-weiss,Gordon Joseph Weiss
8219,gordon-masten,Gordon Masten
8220,gordon-mcdonell,Gordon McDonell
8221,gordon-pinsent,Gordon Pinsent
8222,gordon-poole,Gordon Poole
8223,gordon-stoker-2,Gordon Stoker
8224,gordon-tanner-2,Gordon Tanner
8225,gore-verbinski,Gore Verbinski
8226,gore-vidal,Gore Vidal
8227,gorella-gori,Gorella Gori
8228,goro-daimon,Goro Daimon
8229,goro-naya,Gorô Naya
8230,goro-tarumi,Gorô Tarumi
8231,gosta-bredefeldt,Gösta Bredefeldt
8232,gosta-ekman-2,Gösta Ekman
8233,gottfried-august-burger,Gottfried August Bürger
8234,gottfried-huppertz,Gottfried Huppertz
8235,gottfried-john,Gottfried John
8236,gotz-otto,Götz Otto
8237,gou-aoba,Gou Aoba
8238,goven-cheishvili,Goven Cheishvili
8239,goya-toledo,Goya Toledo
8240,grace-a-cruz,Grace A. Cruz
8241,grace-brannigan,Grace Brannigan
8242,grace-dane-mazur,Grace Dane Mazur
8243,grace-denbeigh-russell,Grace Denbeigh-Russell
8244,grace-hayle,Grace Hayle
8245,grace-hightower,Grace Hightower
8246,grace-kelly,Grace Kelly
8247,grace-kirby,Grace Kirby
8248,grace-lee-whitney,Grace Lee Whitney
8249,grace-lynn-kung,Grace Lynn Kung
8250,grace-smith-3,Grace Smith
8251,grace-zabriskie,Grace Zabriskie
8252,gracie-may-weldon,Gracie May Weldon
8253,graciela-lecube,Graciela Lecube
8254,graciela-tenenbaum,Graciela Tenenbaum
8255,gracjana-graczyk,Gracjana Graczyk
8256,gracy-singh,Gracy Singh
8257,grae-bohea,Grae Bohea
8258,graham-acres,Graham Acres
8259,graham-beckel,Graham Beckel
8260,graham-chapman,Graham Chapman
8261,graham-duff,Graham Duff
8262,graham-greene,Graham Greene
8263,graham-greene-2,Graham Greene
8264,graham-heid,Graham Heid
8265,graham-jarvis,Graham Jarvis
8266,graham-kartna-2,Graham Kartna
8267,graham-martin-7,Graham Martin
8268,graham-seed,Graham Seed
8269,graham-yost,Graham Yost
8270,grainne-gillespie,Grainne Gillespie
8271,gralen-bryant-banks,Gralen Bryant Banks
8272,grand-l-bush,Grand L. Bush
8273,grant-boatwright,Grant Boatwright
8274,grant-cramer,Grant Cramer
8275,grant-heslov,Grant Heslov
8276,grant-james,Grant James
8277,grant-mitchell,Grant Mitchell
8278,grant-swanby,Grant Swanby
8279,grant-williams,Grant Williams
8280,granville-bates,Granville Bates
8281,grateful-dead,Grateful Dead
8282,gray-obrien,Gray O'Brien
8283,grayson-stone,Grayson Stone
8284,graziellia-de-villa,Graziellia de Villa
8285,grazyna-szapolowska,Grazyna Szapolowska
8286,greg-ayres,Greg Ayres
8287,greg-barber-2,Greg Barber
8288,greg-berg,Greg Berg
8289,greg-bryk,Greg Bryk
8290,greg-burson,Greg Burson
8291,greg-collins-2,Greg Collins
8292,greg-crowe,Greg Crowe
8293,greg-cruttwell,Greg Cruttwell
8294,greg-dileo,Greg DiLeo
8295,greg-errico,Greg Errico
8296,greg-ginn,Greg Ginn
8297,greg-grunberg,Greg Grunberg
8298,greg-jackson-2,Greg Jackson
8299,greg-johnson,Greg Johnson
8300,greg-kinnear,Greg Kinnear
8301,greg-kwedar,Greg Kwedar
8302,greg-mottola,Greg Mottola
8303,greg-noonan,Greg Noonan
8304,greg-pitts-2,Greg Pitts
8305,greg-proops,Greg Proops
8306,greg-roberson,Greg Roberson
8307,greg-tate,Greg Tate
8308,greg-taylor,Greg Taylor
8309,greg-violand,Greg Violand
8310,greg-wise,Greg Wise
8311,greg-wood,Greg Wood
8312,gregg-barton,Gregg Barton
8313,gregg-bordowitz,Gregg Bordowitz
8314,gregg-edelman,Gregg Edelman
8315,gregoire-colin,Grégoire Colin
8316,gregoire-gromoff,Grégoire Gromoff
8317,gregoire-montana,Grégoire Montana
8318,gregor-fisher,Gregor Fisher
8319,gregorio-graziosi,Gregorio Graziosi
8320,gregory-a-thompson,Gregory A. Thompson
8321,gregory-alan-williams,Gregory Alan Williams
8322,gregory-allen-howard,Gregory Allen Howard
8323,gregory-crewdson,Gregory Crewdson
8324,gregory-dayton,Gregory Dayton
8325,gregory-hoblit,Gregory Hoblit
8326,gregory-itzin,Gregory Itzin
8327,gregory-jbara,Gregory Jbara
8328,gregory-korostishevsky,Gregory Korostishevsky
8329,gregory-nassif-st-john,Gregory Nassif St. John
8330,gregory-nava,Gregory Nava
8331,gregory-peck,Gregory Peck
8332,gregory-pekar,Gregory Pekar
8333,gregory-purnhagen,Gregory Purnhagen
8334,gregory-ratoff,Gregory Ratoff
8335,gregory-scott-cummins,Gregory Scott Cummins
8336,gregory-snegoff,Gregory Snegoff
8337,gregory-sporleder,Gregory Sporleder
8338,gregory-widen,Gregory Widen
8339,greider-meza,Greider Meza
8340,greta-gerwig,Greta Gerwig
8341,greta-kramer,Greta Krämer
8342,greta-lee,Greta Lee
8343,greta-scacchi,Greta Scacchi
8344,greta-turken,Greta Turken
8345,gretchen-egolf,Gretchen Egolf
8346,gretchen-meddaugh,Gretchen Meddaugh
8347,gretchen-mol,Gretchen Mol
8348,grete-berger,Grete Berger
8349,griff-giacchino,Griff Giacchino
8350,griffin-dunne,Griffin Dunne
8351,grigoriy-aleksandrov,Grigoriy Aleksandrov
8352,groucho-marx,Groucho Marx
8353,grzegorz-warchol,Grzegorz Warchol
8354,gsus-lopez,Gsus Lopez
8355,guangjie-li,Guangjie Li
8356,guangqian-qin,Guangqian Qin
8357,gucci-yuzo,Gucci Yuzo
8358,guido-alberti,Guido Alberti
8359,guido-martufi-2,Guido Martufi
8360,guijiao-wang,Guijiao Wang
8361,guilied-lopez,Guilied Lopez
8362,guillaume-2,Guillaume
8363,guillaume-aretos,Guillaume Aretos
8364,guillaume-billod-morel,Guillaume Billod-Morel
8365,guillaume-de-tonquedec,Guillaume de Tonquédec
8366,guillaume-gouix,Guillaume Gouix
8367,guillaume-laurant,Guillaume Laurant
8368,guillaume-laurin,Guillaume Laurin
8369,guillaume-schiffman,Guillaume Schiffman
8370,guillermo-arriaga,Guillermo Arriaga
8371,guillermo-calles,Guillermo Calles
8372,guillermo-cardona,Guillermo Cardona
8373,guillermo-del-toro,Guillermo del Toro
8374,guillermo-francella,Guillermo Francella
8375,guinevere-turner,Guinevere Turner
8376,guka-han,Guka Han
8377,guler-kilic,Güler Kiliç
8378,gulliver-mcgrath,Gulliver McGrath
8379,gulsen-ozbakan,Gülsen Özbakan
8380,gunda,Gunda
8381,gunnar-bjornstrand,Gunnar Björnstrand
8382,gunnar-hansen,Gunnar Hansen
8383,gunnar-olsson,Gunnar Olsson
8384,gunnar-sjoberg,Gunnar Sjöberg
8385,gunnel-brostrom,Gunnel Broström
8386,gunnel-lindblom,Gunnel Lindblom
8387,gunter-duret,Günter Duret
8388,gunter-meisner,Günter Meisner
8389,gunther-maria-halmer,Günther Maria Halmer
8390,guo-junqing,Guo Junqing
8391,guohua-chen,Guohua Chen
8392,guorun-gisladottir,Guðrún Gísladóttir
8393,gur-nedzvetsky,Gur Nedzvetsky
8394,gurmuks-singh,Gurmuks Singh
8395,gursoy-gemec,Gürsoy Gemec
8396,gus-arnheim,Gus Arnheim
8397,gus-mcnaughton,Gus McNaughton
8398,gus-schilling,Gus Schilling
8399,gus-van-sant,Gus Van Sant
8400,guslagie-malanda,Guslagie Malanda
8401,gustaf-skarsgard,Gustaf Skarsgård
8402,gustav-frohlich,Gustav Fröhlich
8403,gustav-hasford,Gustav Hasford
8404,gustave-sorgho,Gustave Sorgho
8405,gustavo-bohm,Gustavo Böhm
8406,gustavo-di-dalva,Gustavo Di Dalva
8407,gustavo-engracia,Gustavo Engrácia
8408,gustavo-escobar,Gustavo Escobar
8409,gustavo-gomes-2,Gustavo Gomes
8410,gustavo-mansilla,Gustavo Mansilla
8411,gustavo-munoz,Gustavo Muñoz
8412,gustavo-re,Gustavo Re
8413,gustavo-sanchez-parra,Gustavo Sánchez Parra
8414,guts-ishimatsu,Guts Ishimatsu
8415,guy-beach,Guy Beach
8416,guy-boyd,Guy Boyd
8417,guy-brejac,Guy Brejac
8418,guy-carleton,Guy Carleton
8419,guy-clark-5,Guy Clark
8420,guy-clemens,Guy Clemens
8421,guy-de-maupassant,Guy de Maupassant
8422,guy-delamarche,Guy Delamarche
8423,guy-doleman,Guy Doleman
8424,guy-f-tozzoli,Guy F. Tozzoli
8425,guy-hamilton,Guy Hamilton
8426,guy-henry,Guy Henry
8427,guy-hillel,Guy Hillel
8428,guy-james-gray,Guy James Gray
8429,guy-kibbee,Guy Kibbee
8430,guy-lewis-4,Guy Lewis
8431,guy-moot,Guy Moot
8432,guy-patrick-sainderichin,Guy-Patrick Sainderichin
8433,guy-pearce,Guy Pearce
8434,guy-renault,Guy Renault
8435,guy-rennie,Guy Rennie
8436,guy-ritchie,Guy Ritchie
8437,guy-robbins,Guy Robbins
8438,guy-siner,Guy Siner
8439,guy-thauvette,Guy Thauvette
8440,guy-torry,Guy Torry
8441,guy-way,Guy Way
8442,guylene-pean,Guylène Péan
8443,gwen-stefani,Gwen Stefani
8444,gwen-taylor,Gwen Taylor
8445,gwen-welles,Gwen Welles
8446,gwenaelle-simon,Gwenaëlle Simon
8447,gwendolyn-apple,Gwendolyn Apple
8448,gwendolyn-white,Gwendolyn White
8449,gwing-gai-lee,Gwing-Gai Lee
8450,gwyllum-evans,Gwyllum Evans
8451,gwyneth-paltrow,Gwyneth Paltrow
8452,gwynn-press,Gwynn Press
8453,gylfi-zoega,Gylfi Zoega
8454,gyorgy-barko,György Barkó
8455,gyorgy-feher,György Fehér
8456,gyorgy-mehesz,György Méhész
8457,gyuri-dosa-kiss,Gyuri Dósa Kiss
8458,h-david-reed,H. David Reed
8459,h-jon-benjamin,H. Jon Benjamin
8460,h-michael-walls,H. Michael Walls
8461,h-rap-brown,H. Rap Brown
8462,h-thomas-byron,H. Thomas Byron
8463,ha-jung-woo,Ha Jung-woo
8464,habib-benglia,Habib Benglia
8465,habib-dembele,Habib Dembélé
8466,habib-reda,Habib Reda
8467,habtunu-africho,Habtunu Africho
8468,hachemi-haddad,Hachemi Haddad
8469,hadewych-minis,Hadewych Minis
8470,hadi-saeedi,Hadi Saeedi
8471,hadis-pakbaten,Hadis Pakbaten
8472,hadley-robinson,Hadley Robinson
8473,hae-hyo-kwon,Hae-hyo Kwon
8474,hae-joon-lee,Hae-Joon Lee
8475,hafiz-hojmark,Hafiz Højmark
8476,hafsa-aqqal,Hafsa Aqqal
8477,hagar-wilde,Hagar Wilde
8478,haile-gerima,Haile Gerima
8479,hailee-steinfeld,Hailee Steinfeld
8480,hailey-anne-nelson,Hailey Anne Nelson
8481,haj-ali-reza-ahmadi,Haj Ali Reza Ahmadi
8482,haji-anif,Haji Anif
8483,haji-marzuki,Haji Marzuki
8484,hajibayli-aikhan-vagif-ogly,Hajibayli Aikhan Vagif Ogly
8485,hajime-inoue-3,Hajime Inoue
8486,hajime-maki,Hajime Maki
8487,hajime-tanimoto,Hajime Tanimoto
8488,hak-joo-lee,Hak-joo Lee
8489,hakeem-kae-kazim,Hakeem Kae-Kazim
8490,haklar-dezso,Haklar Dezso
8491,hal-ashby,Hal Ashby
8492,hal-barwood,Hal Barwood
8493,hal-bell,Hal Bell
8494,hal-dresner,Hal Dresner
8495,hal-frank,Hal Frank
8496,hal-galili,Hal Galili
8497,hal-holbrook,Hal Holbrook
8498,hal-landon-jr,Hal Landon Jr.
8499,hal-scardino,Hal Scardino
8500,hal-smith,Hal Smith
8501,hal-taliaferro,Hal Taliaferro
8502,hal-tulchin,Hal Tulchin
8503,hal-whiteside,Hal Whiteside
8504,hala-dakhil,Hala Dakhil
8505,halem-el-sabagh,Halem El Sabagh
8506,haley-dahl,Haley Dahl
8507,haley-joel-osment,Haley Joel Osment
8508,haley-lu-richardson,Haley Lu Richardson
8509,haley-miller,Haley Miller
8510,halina-gryglaszewska,Halina Gryglaszewska
8511,halina-kosiacka,Halina Kosiacka
8512,halina-skoczynska,Halina Skoczynska
8513,hall-bartlett,Hall Bartlett
8514,hall-johnson-2,Hall Johnson
8515,hall-johnson-choir,Hall Johnson Choir
8516,halle-berry,Halle Berry
8517,halley-feiffer,Halley Feiffer
8518,hallie-eisenberg,Hallie Eisenberg
8519,hallie-neill,Hallie Neill
8520,halliwell-hobbes,Halliwell Hobbes
8521,halsted-welles,Halsted Welles
8522,haluk-bilginer,Haluk Bilginer
8523,halvor-sandnes,Halvor Sandnes
8524,hamdan-ballal,Hamdan Ballal
8525,hamed-najem,Hamed Najem
8526,hamid-dadju,Hamid Dadju
8527,hamid-janane,Hamid Janane
8528,hamilton-luske,Hamilton Luske
8529,hamilton-morris-3,Hamilton Morris
8530,hamish-linklater,Hamish Linklater
8531,hamoud-almousa,Hamoud Almousa
8532,hamza-al-khateab,Hamza Al-Khateab
8533,han-chen,Han Chen
8534,han-jin-won,Han Jin-won
8535,han-wen,Han Wen
8536,hana-saeidi,Hana Saeidi
8537,hanae-kan,Hanae Kan
8538,hang-soo-lee,Hang-soo Lee
8539,hanhao-zhong,Hanhao Zhong
8540,hank-azaria,Hank Azaria
8541,hank-bell,Hank Bell
8542,hank-brandt,Hank Brandt
8543,hank-garrett,Hank Garrett
8544,hank-mann,Hank Mann
8545,hank-sherrod,Hank Sherrod
8546,hank-williams,Hank Williams
8547,hank-worden,Hank Worden
8548,hanna-avrutzki,Hanna Avrutzki
8549,hanna-caldwell,Hanna Caldwell
8550,hanna-hall,Hanna Hall
8551,hanna-heck,Hanna Heck
8552,hanna-landy,Hanna Landy
8553,hanna-schygulla,Hanna Schygulla
8554,hannah-ashby-ward,Hannah Ashby Ward
8555,hannah-chalmers,Hannah Chalmers
8556,hannah-davis,Hannah Davis
8557,hannah-douglass,Hannah Douglass
8558,hannah-dunne,Hannah Dunne
8559,hannah-einbinder,Hannah Einbinder
8560,hannah-gordon,Hannah Gordon
8561,hannah-holby,Hannah Holby
8562,hannah-jones,Hannah Jones
8563,hannah-stewart-2,Hannah Stewart
8564,hannah-walters,Hannah Walters
8565,hannah-ware,Hannah Ware
8566,hannes-messemer,Hannes Messemer
8567,hanno-poschl,Hanno Pöschl
8568,hanns-zischler,Hanns Zischler
8569,hans-albers,Hans Albers
8570,hans-buhringer,Hans Buhringer
8571,hans-christian-andersen,Hans Christian Andersen
8572,hans-conried,Hans Conried
8573,hans-hohlbein,Hans Hohlbein
8574,hans-marrin-stier,Hans-Marrin Stier
8575,hans-matheson,Hans Matheson
8576,hans-olav-brenner,Hans Olav Brenner
8577,hans-peter-sussner,Hans-Peter Sussner
8578,hans-raith,Hans Raith
8579,hans-reiser,Hans Reiser
8580,hans-roth,Hans Roth
8581,hans-szekely,Hans Székely
8582,hans-uwe-bauer,Hans-Uwe Bauer
8583,hans-weingartner,Hans Weingartner
8584,hansel-manzueta,Hansel Manzueta
8585,hao-guixiang,Hao Guixiang
8586,harald-waiglein,Harald Waiglein
8587,harald-wolff,Harald Wolff
8588,harcourt-williams,Harcourt Williams
8589,hardie-albright,Hardie Albright
8590,hardy-jones,Hardy Jones
8591,hardy-kruger,Hardy Krüger
8592,harish-patel,Harish Patel
8593,hark-on-fung,Hark-On Fung
8594,harland-williams,Harland Williams
8595,harley-jane-kozak,Harley Jane Kozak
8596,harold-ayer,Harold Ayer
8597,harold-benedict,Harold Benedict
8598,harold-blankenship,Harold Blankenship
8599,harold-bostock,Harold Bostock
8600,harold-entwistle,Harold Entwistle
8601,harold-g-herthum,Harold G. Herthum
8602,harold-garrison,Harold Garrison
8603,harold-gary,Harold Gary
8604,harold-goodwin,Harold Goodwin
8605,harold-goodwin-2,Harold Goodwin
8606,harold-gould,Harold Gould
8607,harold-huber,Harold Huber
8608,harold-j-stone,Harold J. Stone
8609,harold-jamieson,Harold Jamieson
8610,harold-manley,Harold Manley
8611,harold-mcnair,Harold McNair
8612,harold-pearl,Harold Pearl
8613,harold-perrineau,Harold Perrineau
8614,harold-pinter,Harold Pinter
8615,harold-ramis,Harold Ramis
8616,harold-russell,Harold Russell
8617,harold-sakata,Harold Sakata
8618,harold-valan,Harold Valan
8619,harper-lee,Harper Lee
8620,harpo-marx,Harpo Marx
8621,harriet-andersson,Harriet Andersson
8622,harriet-ball,Harriet Ball
8623,harriet-dawkins,Harriet Dawkins
8624,harriet-leitch,Harriet Leitch
8625,harriet-sansom-harris,Harriet Sansom Harris
8626,harriet-thorpe,Harriet Thorpe
8627,harriet-walter,Harriet Walter
8628,harris-brown,Harris Brown
8629,harris-yulin,Harris Yulin
8630,harrison-bray,Harrison Bray
8631,harrison-ford,Harrison Ford
8632,harrison-nell,Harrison Nell
8633,harrison-taylor-3,Harrison Taylor
8634,harry-a-bailey,Harry A. Bailey
8635,harry-adams,Harry Adams
8636,harry-andrews,Harry Andrews
8637,harry-antrim,Harry Antrim
8638,harry-appling,Harry Appling
8639,harry-arbour,Harry Arbour
8640,harry-arras,Harry Arras
8641,harry-asklund,Harry Asklund
8642,harry-ayers,Harry Ayers
8643,harry-baum,Harry Baum
8644,harry-belafonte,Harry Belafonte
8645,harry-belcher,Harry Belcher
8646,harry-bellaver,Harry Bellaver
8647,harry-beresford,Harry Beresford
8648,harry-bernard,Harry Bernard
8649,harry-bowen,Harry Bowen
8650,harry-brown,Harry Brown
8651,harry-bugin,Harry Bugin
8652,harry-c-bradley,Harry C. Bradley
8653,harry-caesar,Harry Caesar
8654,harry-carey,Harry Carey
8655,harry-carey-jr,Harry Carey Jr.
8656,harry-carr,Harry Carr
8657,harry-cohn-2,Harry Cohn
8658,harry-connick-jr,Harry Connick Jr.
8659,harry-cook,Harry Cook
8660,harry-cording,Harry Cording
8661,harry-crocker,Harry Crocker
8662,harry-cullen,Harry Cullen
8663,harry-davenport,Harry Davenport
8664,harry-dean-stanton,Harry Dean Stanton
8665,harry-depp,Harry Depp
8666,harry-ditson,Harry Ditson
8667,harry-fischler,Harry Fischler
8668,harry-gold,Harry Gold
8669,harry-groener,Harry Groener
8670,harry-guardino,Harry Guardino
8671,harry-gulkin,Harry Gulkin
8672,harry-hadden-paton,Harry Hadden-Paton
8673,harry-julian-fink,Harry Julian Fink
8674,harry-lennix,Harry Lennix
8675,harry-lighton,Harry Lighton
8676,harry-lister-smith,Harry Lister Smith
8677,harry-locke,Harry Locke
8678,harry-melling,Harry Melling
8679,harry-michael-sanders,Harry Michael Sanders
8680,harry-morgan,Harry Morgan
8681,harry-myers,Harry Myers
8682,harry-nehring,Harry Nehring
8683,harry-nelken,Harry Nelken
8684,harry-northup,Harry Northup
8685,harry-perdios,Harry Perdios
8686,harry-pregerson,Harry Pregerson
8687,harry-reasoner,Harry Reasoner
8688,harry-reeves,Harry Reeves
8689,harry-riebauer,Harry Riebauer
8690,harry-rosenthal,Harry Rosenthal
8691,harry-ruby,Harry Ruby
8692,harry-s-murphy,Harry S. Murphy
8693,harry-schein,Harry Schein
8694,harry-shacklock,Harry Shacklock
8695,harry-shannon-2,Harry Shannon
8696,harry-shearer,Harry Shearer
8697,harry-stockwell,Harry Stockwell
8698,harry-stubbs,Harry Stubbs
8699,harry-taylor,Harry Taylor
8700,harry-terry,Harry Terry
8701,harry-thurston,Harry Thurston
8702,harry-treadaway,Harry Treadaway
8703,harry-tyler,Harry Tyler
8704,harry-waters-jr,Harry Waters Jr.
8705,harry-wilson,Harry Wilson
8706,hart-bochner,Hart Bochner
8707,hartley-power,Hartley Power
8708,haruki-murakami,Haruki Murakami
8709,haruko-kato,Haruko Katô
8710,haruko-sugimura,Haruko Sugimura
8711,harumi-shuhama,Harumi Shuhama
8712,harun-farocki,Harun Farocki
8713,haruna-hori,Haruna Hori
8714,haruna-imai,Haruna Imai
8715,haruo-nakajima,Haruo Nakajima
8716,haruo-tanaka,Haruo Tanaka
8717,haruo-yasufuku,Haruo Yasufuku
8718,harve-bennett,Harve Bennett
8719,harve-presnell,Harve Presnell
8720,harvey-bernhard,Harvey Bernhard
8721,harvey-evans,Harvey Evans
8722,harvey-fierstein,Harvey Fierstein
8723,harvey-golden,Harvey Golden
8724,harvey-keitel,Harvey Keitel
8725,harvey-mandel,Harvey Mandel
8726,harvey-pekar,Harvey Pekar
8727,harvey-perr,Harvey Perr
8728,harvey-stephens-2,Harvey Stephens
8729,harvey-walker,Harvey Walker
8730,hasan,Hasan
8731,hasan-nuhanovic,Hasan Nuhanovic
8732,hasinatu-camara,Hasinatu Camara
8733,haskell-wexler,Haskell Wexler
8734,hassaba-halibi,Hassaba Halibi
8735,hassan,Hassan
8736,hassan-el-hassani,Hassan El-Hassani
8737,hassan-komaili,Hassan Komaili
8738,hatidze-muratova,Hatidze Muratova
8739,hatti-riemer,Hatti Riemer
8740,hattie-mcdaniel,Hattie McDaniel
8741,hattie-winston,Hattie Winston
8742,havis-davenport,Havis Davenport
8743,hawk-ostby,Hawk Ostby
8744,hawthorne-james,Hawthorne James
8745,hay-petrie,Hay Petrie
8746,haya-harareet,Haya Harareet
8747,hayao-miyazaki,Hayao Miyazaki
8748,hayato-fujiki,Hayato Fujiki
8749,hayato-sakurai,Hayato Sakurai
8750,hayden-christensen,Hayden Christensen
8751,hayden-panettiere,Hayden Panettiere
8752,hayden-saunier,Hayden Saunier
8753,hayden-tank,Hayden Tank
8754,hayley-mcelhinney,Hayley McElhinney
8755,haymon-maria-buttinger,Haymon Maria Buttinger
8756,hayward-robillard,Hayward Robillard
8757,hazar-erguclu,Hazar Ergüçlü
8758,hazel-mailloux,Hazel Mailloux
8759,hazel-orencio,Hazel Orencio
8760,hazel-shermet,Hazel Shermet
8761,hazel-terry,Hazel Terry
8762,hb-warner,H.B. Warner
8763,heath-ledger,Heath Ledger
8764,heather-angel,Heather Angel
8765,heather-caldwell,Heather Caldwell
8766,heather-deloach,Heather DeLoach
8767,heather-downham,Heather Downham
8768,heather-graham,Heather Graham
8769,heather-langenkamp,Heather Langenkamp
8770,heather-lawless,Heather Lawless
8771,heather-matarazzo,Heather Matarazzo
8772,heather-mcgill,Heather McGill
8773,heather-orourke,Heather O'Rourke
8774,heavy-d,Heavy D
8775,hector-babenco,Hector Babenco
8776,hector-castaneda-2,Héctor Castañeda
8777,hedda-hopper,Hedda Hopper
8778,hedwig-bleibtreu,Hedwig Bleibtreu
8779,hee-jin-choi,Hee-jin Choi
8780,hee-soon-park,Hee-soon Park
8781,heenan-elliott,Heenan Elliott
8782,heidi-armbruster,Heidi Armbruster
8783,heidi-hammel,Heidi Hammel
8784,heidi-hayes-2,Heidi Hayes
8785,heidi-mendez,Heidi Méndez
8786,heidi-mollenhauer,Heidi Mollenhauer
8787,heidi-schanz,Heidi Schanz
8788,heidi-schreck,Heidi Schreck
8789,heidi-von-palleske,Heidi von Palleske
8790,heihachiro-okawa,Heihachirô Ôkawa
8791,heini-schuler,Heini Schuler
8792,heinie-conklin,Heinie Conklin
8793,heino-ferch,Heino Ferch
8794,heinrich-george,Heinrich George
8795,heinrich-gotho,Heinrich Gotho
8796,heinrich-mann,Heinrich Mann
8797,heinz-bennent,Heinz Bennent
8798,heinz-hoenig,Heinz Hoenig
8799,heizi,Heizi
8800,helen-aberson,Helen Aberson
8801,helen-albrecht,Helen Albrecht
8802,helen-baron,Helen Baron
8803,helen-broderick,Helen Broderick
8804,helen-brown,Helen Brown
8805,helen-carey,Helen Carey
8806,helen-debroy-summers,Helen Debroy Summers
8807,helen-duffy,Helen Duffy
8808,helen-e-kaider,Helen E. Kaider
8809,helen-fraser,Helen Fraser
8810,helen-hanft,Helen Hanft
8811,helen-haye,Helen Haye
8812,helen-hong,Helen Hong
8813,helen-horton,Helen Horton
8814,helen-hunt,Helen Hunt
8815,helen-jolly,Helen Jolly
8816,helen-lloyd-breed,Helen Lloyd Breed
8817,helen-ludlam,Helen Ludlam
8818,helen-lynd,Helen Lynd
8819,helen-mack,Helen Mack
8820,helen-madden-2,Helen Madden
8821,helen-mccrory,Helen McCrory
8822,helen-mirren,Helen Mirren
8823,helen-morgan,Helen Morgan
8824,helen-morgan-4,Helen Morgan
8825,helen-mowery,Helen Mowery
8826,helen-pegues,Helen Pegues
8827,helen-ryan,Helen Ryan
8828,helen-shaver,Helen Shaver
8829,helen-shaw,Helen Shaw
8830,helen-simpson,Helen Simpson
8831,helen-tomko,Helen Tomko
8832,helen-velkovorska,Helen Velkovorska
8833,helen-vita,Helen Vita
8834,helen-wambolt,Helen Wambolt
8835,helen-westcott,Helen Westcott
8836,helen-westley,Helen Westley
8837,helena-bereen,Helena Bereen
8838,helena-bonham-carter,Helena Bonham Carter
8839,helena-brodin,Helena Brodin
8840,helena-grant-2,Helena Grant
8841,helena-howard,Helena Howard
8842,helena-humann,Helena Humann
8843,helena-kallianiotes,Helena Kallianiotes
8844,helena-luer,Helena Lüer
8845,helena-miquel,Helena Miquel
8846,helene-bjorneby,Helene Bjørneby
8847,helene-burls,Hélène Burls
8848,helene-gaddie,Helene Gaddie
8849,helene-stanley,Helene Stanley
8850,helene-vincent,Hélène Vincent
8851,helga-van-der-heyden,Helga Van der Heyden
8852,helio-pedregal,Helio Pedregal
8853,hellek-sandnes,Hellek Sandnes
8854,helmut-bakaitis,Helmut Bakaitis
8855,helmut-griem,Helmut Griem
8856,hendrik-arnst,Hendrik Arnst
8857,hendrik-van-eycken,Hendrik Van Eycken
8858,henny-backus,Henny Backus
8859,henny-youngman,Henny Youngman
8860,henri-arius,Henri Arius
8861,henri-attal,Henri Attal
8862,henri-cartier-bresson,Henri Cartier-Bresson
8863,henri-decoin,Henri Decoin
8864,henri-fraisse,Henri Fraisse
8865,henri-gaultier,Henri Gaultier
8866,henri-georges-clouzot,Henri-Georges Clouzot
8867,henri-jacques-huet,Henri-Jacques Huet
8868,henri-jeanson,Henri Jeanson
8869,henri-la-barthe,Henri La Barthe
8870,henri-langlois,Henri Langlois
8871,henri-marquet,Henri Marquet
8872,henri-niel,Henri Niel
8873,henri-pierre-roche,Henri-Pierre Roché
8874,henri-serre,Henri Serre
8875,henri-storck,Henri Storck
8876,henri-tetainanuarii,Henri Tetainanuarii
8877,henrietta-burnside,Henrietta Burnside
8878,henriette-kasaruhanda,Henriette Kasaruhanda
8879,henrik-dahl,Henrik Dahl
8880,henry-2,Henry
8881,henry-alex-rubin,Henry Alex Rubin
8882,henry-armetta,Henry Armetta
8883,henry-b-walthall,Henry B. Walthall
8884,henry-barnard,Henry Barnard
8885,henry-beau,Henry Beau
8886,henry-beckman,Henry Beckman
8887,henry-bergman,Henry Bergman
8888,henry-bj-phiri,Henry B.J. Phiri
8889,henry-brandon,Henry Brandon
8890,henry-cavill,Henry Cavill
8891,henry-czerny,Henry Czerny
8892,henry-d-coleman,Henry D. Coleman
8893,henry-daniell,Henry Daniell
8894,henry-field,Henry Field
8895,henry-flynt,Henry Flynt
8896,henry-fonda,Henry Fonda
8897,henry-g-sanders,Henry G. Sanders
8898,henry-gibson,Henry Gibson
8899,henry-goodman,Henry Goodman
8900,henry-h-daniels-jr,Henry H. Daniels Jr.
8901,henry-james,Henry James
8902,henry-jones,Henry Jones
8903,henry-king,Henry King
8904,henry-kingi,Henry Kingi
8905,henry-kingi-jr,Henry Kingi Jr.
8906,henry-kissinger,Henry Kissinger
8907,henry-maratray,Henry Maratray
8908,henry-nevison,Henry Nevison
8909,henry-selick,Henry Selick
8910,henry-silva,Henry Silva
8911,henry-stephenson,Henry Stephenson
8912,henry-thomas,Henry Thomas
8913,henry-travers,Henry Travers
8914,henry-victor,Henry Victor
8915,henry-wadsworth,Henry Wadsworth
8916,henryk-baranowski,Henryk Baranowski
8917,hepburn-graham,Hepburn Graham
8918,herb-edelman,Herb Edelman
8919,herb-hall,Herb Hall
8920,herb-mitchell,Herb Mitchell
8921,herb-nanas,Herb Nanas
8922,herbert-chwoika,Herbert Chwoika
8923,herbert-cowboy-coward,Herbert 'Cowboy' Coward
8924,herbert-ellis,Herbert Ellis
8925,herbert-gronemeyer,Herbert Grönemeyer
8926,herbert-knaup,Herbert Knaup
8927,herbert-lom,Herbert Lom
8928,herbert-marshall,Herbert Marshall
8929,herbert-mundin,Herbert Mundin
8930,herbert-nordrum,Herbert Nordrum
8931,hercules-bellville,Hercules Bellville
8932,herge,Hergé
8933,heriberto-del-castillo,Heriberto Del Castillo
8934,herman-bing,Herman Bing
8935,herman-caheej-mcgloun-2,Herman Caheej McGloun
8936,herman-j-mankiewicz,Herman J. Mankiewicz
8937,herman-koto,Herman Koto
8938,herman-melville,Herman Melville
8939,herman-schwartz,Herman Schwartz
8940,hermann-sudermann,Hermann Sudermann
8941,hermila-guedes,Hermila Guedes
8942,hermine-karagheuz,Hermine Karagheuz
8943,hermione-baddeley,Hermione Baddeley
8944,herschel-graham,Herschel Graham
8945,herschel-weingrod,Herschel Weingrod
8946,herta-ware,Herta Ware
8947,herve-chandes,Hervé Chandès
8948,herve-paniaq,Herve Paniaq
8949,herve-temime,Hervé Temime
8950,herveline-moncion,Herveline Moncion
8951,hettie-grey-baker,Hettie Grey Baker
8952,hettienne-park,Hettienne Park
8953,heywood-hale-broun,Heywood Hale Broun
8954,hg-wells,H.G. Wells
8955,hh-caldwell,H.H. Caldwell
8956,hiba-el-aflahi,Hiba el Aflahi
8957,hicham-slaoui,Hicham Slaoui
8958,hicham-tiberkanine,Hicham Tiberkanine
8959,hichem-rostom,Hichem Rostom
8960,hichem-yacoubi,Hichem Yacoubi
8961,hidaya-ibrahim,Hidaya Ibrahim
8962,hideaki-anno,Hideaki Anno
8963,hideji-otaki,Hideji Ôtaki
8964,hidekatsu-shibata,Hidekatsu Shibata
8965,hidekazu-akai,Hidekazu Akai
8966,hideki-fukushi,Hideki Fukushi
8967,hideki-moronuki,Hideki Moronuki
8968,hideki-sonoda,Hideki Sonoda
8969,hidenari-ugaki,Hidenari Ugaki
8970,hideo-fukuhara,Hideo Fukuhara
8971,hideo-nakaizumi,Hideo Nakaizumi
8972,hideo-oguni,Hideo Oguni
8973,hidetoshi-nishijima,Hidetoshi Nishijima
8974,hideyuki-hori,Hideyuki Hori
8975,hideyuki-tanaka,Hideyuki Tanaka
8976,hidir-kilic,Hidir Kilic
8977,hidy-ochiai,Hidy Ochiai
8978,hiei-kimura,Hiei Kimura
8979,hiep-thi-le,Hiep Thi Le
8980,hikari-ishida,Hikari Ishida
8981,hikaru-ijuin,Hikaru Ijûin
8982,hilary-bamberger,Hilary Bamberger
8983,hilary-farr,Hilary Farr
8984,hilary-henkin,Hilary Henkin
8985,hilary-mason,Hilary Mason
8986,hilary-swank,Hilary Swank
8987,hilda-gutierrez,Hilda Gutiérrez
8988,hildah-mwanza,Hildah Mwanza
8989,hillary-brooke,Hillary Brooke
8990,hillary-brooks,Hillary Brooks
8991,hillary-clinton,Hillary Clinton
8992,hillary-jordan,Hillary Jordan
8993,hillary-seitz,Hillary Seitz
8994,hillary-wolf,Hillary Wolf
8995,hilton-edwards,Hilton Edwards
8996,himanshu-prajapati-2,Himanshu Prajapati
8997,hin-wai-au,Hin-Wai Au
8998,hinnerk-schonemann,Hinnerk Schönemann
8999,hinton-battle,Hinton Battle
9000,hippolyte-girardot,Hippolyte Girardot
9001,hiram-soto,Hiram Soto
9002,hiresh-feysal-rahman,Hiresh Feysal Rahman
9003,hiro-abe,Hiro Abe
9004,hiro-yuki,Hiro Yûki
9005,hiroaki-hirata,Hiroaki Hirata
9006,hirokazu-koreeda,Hirokazu Koreeda
9007,hiroki-doi,Hiroki Doi
9008,hiroko-maruyama,Hiroko Maruyama
9009,hiroko-matsuda-2,Hiroko Matsuda
9010,hiroko-seki,Hiroko Seki
9011,hiromi-ichida,Hiromi Ichida
9012,hiroshi-abe,Hiroshi Abe
9013,hiroshi-hayashi,Hiroshi Hayashi
9014,hiroshi-ichihara,Hiroshi Ichihara
9015,hiroshi-ichikawa-2,Hiroshi Ichikawa
9016,hiroshi-ito-2,Hiroshi Ito
9017,hiroshi-naka,Hiroshi Naka
9018,hiroshi-tachikawa,Hiroshi Tachikawa
9019,hiroshi-takahashi-3,Hiroshi Takahashi
9020,hiroshi-tanaka,Hiroshi Tanaka
9021,hiroshi-watanabe-2,Hiroshi Watanabe
9022,hiroshi-yanaka,Hiroshi Yanaka
9023,hirotaka-suzuoki,Hirotaka Suzuoki
9024,hiroya-ishimaru,Hiroya Ishimaru
9025,hiroyuki-ikeuchi,Hiroyuki Ikeuchi
9026,hiroyuki-kinosha,Hiroyuki Kinosha
9027,hiroyuki-sanada,Hiroyuki Sanada
9028,hisako-hara,Hisako Hara
9029,hisako-kyoda,Hisako Kyôda
9030,hisano-yamaoka,Hisano Yamaoka
9031,hisao-toake,Hisao Toake
9032,hisashi-igawa,Hisashi Igawa
9033,hisaya-morishige,Hisaya Morishige
9034,hisayo-komachi,Hisayo Komachi
9035,hitesh-sindi,Hitesh Sindi
9036,hitoshi-takagi,Hitoshi Takagi
9037,hitoshi-ueki,Hitoshi Ueki
9038,hiu-yan-choi,Hiu-Yan Choi
9039,hl-kyle,H.L. Kyle
9040,ho-jin-chun,Ho-jin Chun
9041,hoagy-carmichael,Hoagy Carmichael
9042,hobart-cavanaugh,Hobart Cavanaugh
9043,hohi-aoki,Hôhi Aoki
9044,hoi-pang-lo,Hoi-Pang Lo
9045,hoi-san-kwan,Hoi-San Kwan
9046,hoi-shan-lai,Hoi-Shan Lai
9047,holland-taylor,Holland Taylor
9048,holly-hunter,Holly Hunter
9049,holly-moore-5,Holly Moore
9050,holly-osborne,Holly Osborne
9051,holly-palance,Holly Palance
9052,holly-valance,Holly Valance
9053,holmes-herbert,Holmes Herbert
9054,holmes-osborne,Holmes Osborne
9055,holt-mccallany,Holt McCallany
9056,hom-kumari-gayek,Hom Kumari Gayek
9057,homer,Homer
9058,homer-brightman,Homer Brightman
9059,homer-dickenson,Homer Dickenson
9060,homer-h-hickam-jr,Homer H. Hickam Jr.
9061,homer-jai,Homer Jai
9062,homer-king,Homer King
9063,hong-chau,Hong Chau
9064,hong-chi-lee,Hong-Chi Lee
9065,hong-lin,Hong Lin
9066,hong-lu,Hong Lu
9067,hong-sang-soo,Hong Sang-soo
9068,hong-suk-park,Hong-suk Park
9069,hongfei-zhao,Hongfei Zhao
9070,honglei-sun,Honglei Sun
9071,hongli-liu,Hongli Liu
9072,hongwei-zhao,Hongwei Zhao
9073,honor-blackman,Honor Blackman
9074,honor-kneafsey,Honor Kneafsey
9075,honor-swinton-byrne,Honor Swinton Byrne
9076,honore-de-balzac,Honoré de Balzac
9077,hooshang-shamaei,Hooshang Shamaei
9078,hope-davis,Hope Davis
9079,hope-easterbrook,Hope Easterbrook
9080,hope-emerson,Hope Emerson
9081,hope-giselle,Hope Giselle
9082,hope-holiday,Hope Holiday
9083,hope-lange,Hope Lange
9084,hope-summers,Hope Summers
9085,horace-birks,Horace Birks
9086,horatio,Horatio
9087,hori-ahipene,Hori Ahipene
9088,horton-foote,Horton Foote
9089,horton-jupiter,Horton Jupiter
9090,hossain-farazmand,Hossain Farazmand
9091,hossain-sabzian,Hossain Sabzian
9092,hossana-ghanaba,Hossana Ghanaba
9093,hossein-amini,Hossein Amini
9094,hotaru-nomoto,Hotaru Nomoto
9095,hotaru-okamoto,Hotaru Okamoto
9096,howard-ashman,Howard Ashman
9097,howard-douglas,Howard Douglas
9098,howard-duff,Howard Duff
9099,howard-erskine,Howard Erskine
9100,howard-estabrook,Howard Estabrook
9101,howard-fast,Howard Fast
9102,howard-ferguson-jr,Howard Ferguson Jr.
9103,howard-friedman,Howard Friedman
9104,howard-fuller-2,Howard Fuller
9105,howard-gutstadt,Howard Gutstadt
9106,howard-hawks,Howard Hawks
9107,howard-hesseman,Howard Hesseman
9108,howard-hickman,Howard Hickman
9109,howard-hughes,Howard Hughes
9110,howard-koch,Howard Koch
9111,howard-lindsay,Howard Lindsay
9112,howard-m-mitchell,Howard M. Mitchell
9113,howard-malpas,Howard Malpas
9114,howard-marion-crawford,Howard Marion-Crawford
9115,howard-matthew-johnson,Howard Matthew Johnson
9116,howard-mcnear,Howard McNear
9117,howard-nelson-rubien,Howard Nelson Rubien
9118,howard-nevison,Howard Nevison
9119,howard-ragsdale,Howard Ragsdale
9120,howard-rosenman,Howard Rosenman
9121,howard-s-wilcox,Howard S. Wilcox
9122,howard-st-john,Howard St. John
9123,howard-vernon,Howard Vernon
9124,howell-raines,Howell Raines
9125,howie-movshovitz,Howie Movshovitz
9126,howland-chamberlain,Howland Chamberlain
9127,hoyt-pollard,Hoyt Pollard
9128,hp-lovecraft,H.P. Lovecraft
9129,hr-haldeman,H.R. Haldeman
9130,hridhu-haroon,Hridhu Haroon
9131,hristo-shopov,Hristo Shopov
9132,hsi-sheng-chen,Hsi-Sheng Chen
9133,hsiao-hsien-hou,Hsiao-Hsien Hou
9134,hsien-yu,Hsien Yu
9135,hsin-yi-tseng,Hsin-Yi Tseng
9136,hua-cao,Hua Cao
9137,huaru-yuan,Huaru Yuan
9138,hubert-benhamdine,Hubert Benhamdine
9139,hubert-brill,Hubert Brill
9140,hubert-de-lapparent,Hubert de Lapparent
9141,hubert-deschamps,Hubert Deschamps
9142,hubert-fabian-kulterer,Hubert Fabian Kulterer
9143,hubert-monteilhet,Hubert Monteilhet
9144,hubert-saint-macary,Hubert Saint-Macary
9145,hubert-selby-jr,Hubert Selby Jr.
9146,hubertus-bengsch,Hubertus Bengsch
9147,hubertus-hartmann,Hubertus Hartmann
9148,huckleberry-fox,Huckleberry Fox
9149,hudhail-al-amir,Hudhail Al-Amir
9150,hudson-meek,Hudson Meek
9151,huell-howser,Huell Howser
9152,huggy-leaver,Huggy Leaver
9153,hugh-beaumont,Hugh Beaumont
9154,hugh-bonneville,Hugh Bonneville
9155,hugh-cecil,Hugh Cecil
9156,hugh-dancy,Hugh Dancy
9157,hugh-douglas,Hugh Douglas
9158,hugh-doyle,Hugh Doyle
9159,hugh-foster-2,Hugh Foster
9160,hugh-futcher,Hugh Futcher
9161,hugh-gillin,Hugh Gillin
9162,hugh-gormley,Hugh Gormley
9163,hugh-grant,Hugh Grant
9164,hugh-griffith,Hugh Griffith
9165,hugh-hurd,Hugh Hurd
9166,hugh-jackman,Hugh Jackman
9167,hugh-keays-byrne,Hugh Keays-Byrne
9168,hugh-laurie,Hugh Laurie
9169,hugh-marlowe,Hugh Marlowe
9170,hugh-millais,Hugh Millais
9171,hugh-miller,Hugh Miller
9172,hugh-oconor,Hugh O'Conor
9173,hugh-quarshie,Hugh Quarshie
9174,hugh-spight,Hugh Spight
9175,hugh-sweetman,Hugh Sweetman
9176,hugh-walpole,Hugh Walpole
9177,hugh-walsh,Hugh Walsh
9178,hugh-wheeler,Hugh Wheeler
9179,hugh-wilson,Hugh Wilson
9180,hugo-conzelmann,Hugo Conzelmann
9181,hugo-eric-louis-van-lawick,Hugo Eric Louis van Lawick
9182,hugo-ferro,Hugo Ferro
9183,hugo-flamigni,Hugo Flamigni
9184,hugo-guinness,Hugo Guinness
9185,hugo-speer,Hugo Speer
9186,hugo-stanger,Hugo Stanger
9187,hugo-valencia,Hugo Valencia
9188,hugo-van-lawick,Hugo Van Lawick
9189,hugo-weaving,Hugo Weaving
9190,hugolin-chevrette-landesque,Hugolin Chevrette-Landesque
9191,hugues-martel,Hugues Martel
9192,hugues-quester,Hugues Quester
9193,hui-kam-fung,Hui Kam Fung
9194,hui-li-3,Hui Li
9195,hui-ling-wang,Hui-Ling Wang
9196,hui-lou-chen,Hui-Lou Chen
9197,hulk-hogan,Hulk Hogan
9198,huma-qureshi,Huma Qureshi
9199,humberto-busto,Humberto Busto
9200,humberto-carrao,Humberto Carrão
9201,humberto-restrepo,Humberto Restrepo
9202,hume-cronyn,Hume Cronyn
9203,humphrey-bogart,Humphrey Bogart
9204,humphrey-cobb,Humphrey Cobb
9205,hun-kyung-lee,Hun-Kyung Lee
9206,hunter-aldridge,Hunter Aldridge
9207,hunter-ansley-wryn,Hunter Ansley Wryn
9208,hunter-carson,Hunter Carson
9209,hunter-craig-4,Hunter Craig
9210,hunter-dillon,Hunter Dillon
9211,hunter-mccracken,Hunter McCracken
9212,hunter-parrish,Hunter Parrish
9213,hunter-s-thompson,Hunter S. Thompson
9214,hur-ouk-sook,Hur Ouk-Sook
9215,hus-levant,Hus Levant
9216,hussam,Hussam
9217,hussein-kutsi,Hussein Kutsi
9218,hussein-mahagna,Hussein Mahagna
9219,hussein-sam,Hussein Sam
9220,hussein-sami,Hussein Sami
9221,hutch-dano,Hutch Dano
9222,hv-kaltenborn,H.V. Kaltenborn
9223,hwa-ryong-lee,Hwa-ryong Lee
9224,hwang-in-kyung,Hwang In-kyung
9225,hwang-seung-eon,Hwang Seung-eon
9226,hwang-woo-seul-hye,Hwang Woo-seul-hye
9227,hy-anzell,Hy Anzell
9228,hye-rin-lee,Hye-rin Lee
9229,hyeon-gyeong-chu,Hyeon-gyeong Chu
9230,hyo-ju-park,Hyo-ju Park
9231,hyuk-soo-kwon,Hyuk-soo Kwon
9232,hyun-joong-kang,Hyun Joong Kang
9233,hyunri,Hyunri
9234,ia-shugliashvili,Ia Shugliashvili
9235,ia-sukhitashvili,Ia Sukhitashvili
9236,iad-abu-nama,Iad Abu Nama
9237,iaia-forte,Iaia Forte
9238,iain-j-bopp,Iain J. Bopp
9239,iain-mckee,Iain McKee
9240,iain-rea,Iain Rea
9241,iair-said,Iair Said
9242,ial-diamond,I.A.L. Diamond
9243,ian-abercrombie,Ian Abercrombie
9244,ian-anthony-dale,Ian Anthony Dale
9245,ian-bannen,Ian Bannen
9246,ian-barter,Ian Barter
9247,ian-bittel,Ian Bittel
9248,ian-bliss,Ian Bliss
9249,ian-brimble,Ian Brimble
9250,ian-burfield,Ian Burfield
9251,ian-campbell-14,Ian Campbell
9252,ian-campbell-2,Ian Campbell
9253,ian-charleson,Ian Charleson
9254,ian-dallas,Ian Dallas
9255,ian-edwards,Ian Edwards
9256,ian-fleming,Ian Fleming
9257,ian-foreman,Ian Foreman
9258,ian-hannin,Ian Hannin
9259,ian-harcourt,Ian Harcourt
9260,ian-hart,Ian Hart
9261,ian-hay,Ian Hay
9262,ian-hendry,Ian Hendry
9263,ian-holm,Ian Holm
9264,ian-hunter,Ian Hunter
9265,ian-kelly-2,Ian Kelly
9266,ian-latimer,Ian Latimer
9267,ian-liston,Ian Liston
9268,ian-macdonald,Ian MacDonald
9269,ian-martin-3,Ian Martin
9270,ian-matthews,Ian Matthews
9271,ian-maxtone-graham,Ian Maxtone-Graham
9272,ian-mcdiarmid,Ian McDiarmid
9273,ian-mcewan,Ian McEwan
9274,ian-mckellen,Ian McKellen
9275,ian-mclellan-hunter,Ian McLellan Hunter
9276,ian-mcshane,Ian McShane
9277,ian-moore,Ian Moore
9278,ian-mune,Ian Mune
9279,ian-patrick-williams,Ian Patrick Williams
9280,ian-petrella,Ian Petrella
9281,ian-porter,Ian Porter
9282,ian-reddington,Ian Reddington
9283,ian-reed-kesler,Ian Reed Kesler
9284,ian-renwick,Ian Renwick
9285,ian-richardson,Ian Richardson
9286,ian-rosenberg-3,Ian Rosenberg
9287,ian-sadler-3,Ian Sadler
9288,ian-sanderson,Ian Sanderson
9289,ian-tyler,Ian Tyler
9290,ian-watson-3,Ian Watson
9291,ian-welbourne,Ian Welbourne
9292,ian-wilson-19,Ian Wilson
9293,ian-wolfe,Ian Wolfe
9294,iannis-jaccoud,Iannis Jaccoud
9295,iazua-larios,Iazua Larios
9296,iben-hjejle,Iben Hjejle
9297,iben-policer-havnevik,Iben Policer Havnevik
9298,ibrahim-ahmed,Ibrahim Ahmed
9299,ibrahim-sinik,Ibrahim Sinik
9300,ibrahima-mbaye,Ibrahima M'Baye
9301,ice-cube,Ice Cube
9302,ichiro-kitamura,Ichiro Kitamura
9303,ichiro-nagai,Ichirô Nagai
9304,ichiro-nakatani,Ichirô Nakatani
9305,ichiro-shimizu,Ichirô Shimizu
9306,ichiro-sugai,Ichirô Sugai
9307,icloner,Icloner
9308,ida-galli,Ida Galli
9309,ida-marianne-vassbotn-klasson,Ida Marianne Vassbotn Klasson
9310,iddo-goldberg,Iddo Goldberg
9311,idil-uner,Idil Üner
9312,idina-menzel,Idina Menzel
9313,idit-cebula,Idit Cebula
9314,idit-teperson,Idit Teperson
9315,idriss-karimi,Idriss Karimi
9316,idrissa-diabate,Idrissa Diabaté
9317,iemasa-kayumi,Iemasa Kayumi
9318,iggy-pop,Iggy Pop
9319,igi,Igi
9320,ignacio-vila,Ignacio Vila
9321,ignasi-abadal,Ignasi Abadal
9322,igor-bezinovic,Igor Bezinovic
9323,igor-hiller,Igor Hiller
9324,igor-kaznacheyev,Igor Kaznacheyev
9325,igor-ogurtsov,Igor Ogurtsov
9326,igor-savochkin,Igor Savochkin
9327,igor-sergeev,Igor Sergeev
9328,igor-tytarchuk,Igor Tytarchuk
9329,igor-yurtaev,Igor Yurtaev
9330,ihor-cherniak,Ihor Cherniak
9331,ika-nord,Ika Nord
9332,ike-eisenmann,Ike Eisenmann
9333,ikechukwu-gabriel,Ikechukwu Gabriel
9334,iker-brehm-mondragon,Iker Brehm Mondragón
9335,iker-valadez-urtaza,Iker Valadez Urtaza
9336,ikio-sawamura,Ikio Sawamura
9337,ikue-otani,Ikue Ôtani
9338,il-han-oo,Il-han Oo
9339,ildiko-enyedi,Ildikó Enyedi
9340,ileana-simova,Ileana Simova
9341,ileen-getz,Ileen Getz
9342,ilene-woods,Ilene Woods
9343,ilham-aliyev,Ilham Aliyev
9344,ilia-grosz,Ilia Grosz
9345,ilia-volok,Ilia Volok
9346,ilie-bulucea,Ilie Bulucea
9347,ilie-fonfonile,Ilie Fonfonile
9348,ilies-kadri,Ilies Kadri
9349,ilinca-manolache,Ilinca Manolache
9350,ilka-vierkant,Ilka Vierkant
9351,illa-ginnaven,Illa Ginnaven
9352,illeana-douglas,Illeana Douglas
9353,ilona-kassai,Ilona Kassai
9354,ilse-bahrs,Ilse Bahrs
9355,ilse-furstenberg,Ilse Fürstenberg
9356,ilse-salas,Ilse Salas
9357,ilse-trautschold,Ilse Trautschold
9358,ilya-shakunov,Ilya Shakunov
9359,ilya-sherbinin,Ilya Sherbinin
9360,im-hobson,I.M. Hobson
9361,imad-dadudi,Imad Dadudi
9362,iman-baziar,Iman Baziar
9363,imani-lewis,Imani Lewis
9364,imani-reiser,Imani Reiser
9365,imelda-staunton,Imelda Staunton
9366,imidio-landim-monteiro,Imídio Landim Monteiro
9367,imogen-claire,Imogen Claire
9368,imogen-graham,Imogen Graham
9369,imogen-kogge,Imogen Kogge
9370,imogen-poots,Imogen Poots
9371,imogen-stubbs,Imogen Stubbs
9372,imogene-coca,Imogene Coca
9373,imre-csuja,Imre Csuja
9374,imre-kertesz,Imre Kertész
9375,in-gi-jeong,In-gi Jeong
9376,in-hwan-park,In-hwan Park
9377,in-hyeok-song,In-hyeok Song
9378,in-koli-jean-bofane,In Koli Jean Bofane
9379,in-seo-kim,In-seo Kim
9380,in-sun-jung-2,In-sun Jung
9381,ina-fried,Ina Fried
9382,ina-nena-schick,Ina Nena Schick
9383,inayah-rodgers,Inayah Rodgers
9384,india-adams,India Adams
9385,india-donaldson,India Donaldson
9386,indio-falconer-downey,Indio Falconer Downey
9387,indra-ove,Indra Ové
9388,inez-courtney,Inez Courtney
9389,inez-gomez,Inez Gomez
9390,inez-palange,Inez Palange
9391,inga-gill,Inga Gill
9392,inga-ibsdotter-lilleaas,Inga Ibsdotter Lilleaas
9393,inga-landgre,Inga Landgré
9394,inga-neilsen,Inga Neilsen
9395,inge-jaeger,Inge Jaeger
9396,ingeborg-sorensen,Ingeborg Sørensen
9397,inger-hernmyr,Inger Hernmyr
9398,ingmar-bergman,Ingmar Bergman
9399,ingrid-beer,Ingrid Beer
9400,ingrid-bergman,Ingrid Bergman
9401,ingrid-bisu,Ingrid Bisu
9402,ingrid-bugge,Ingrid Bugge
9403,ingrid-burkhard,Ingrid Burkhard
9404,ingrid-caven,Ingrid Caven
9405,ingrid-kullberg-bendz,Ingrid Kullberg-Bendz
9406,ingrid-pitt,Ingrid Pitt
9407,ingrid-thulin,Ingrid Thulin
9408,ingvar-hirdwall,Ingvar Hirdwall
9409,inigo-garces,Íñigo Garcés
9410,inma-ochoa,Inma Ochoa
9411,inong,Inong
9412,inuko-inuyama,Inuko Inuyama
9413,ioan-gruffudd,Ioan Gruffudd
9414,ioana-iacob,Ioana Iacob
9415,ioana-padilla,Ioana Padilla
9416,ion-avram,Ion Avram
9417,ion-birlea,Ion Birlea
9418,ion-fiscuteanu,Ion Fiscuteanu
9419,ion-sapdaru,Ion Sapdaru
9420,iona-biy-brodskiy,Iona Biy-Brodskiy
9421,ione-m-telech,Ione M. Telech
9422,ione-skye,Ione Skye
9423,ionut-tutea,Ionut Tutea
9424,iosif-banc,Iosif Banc
9425,iota,Iota
9426,iphigenie-castiglioni,Iphigenie Castiglioni
9427,ippei-sasaki,Ippei Sasaki
9428,ira-heiden,Ira Heiden
9429,ira-levin,Ira Levin
9430,ira-sachs,Ira Sachs
9431,ira-wheeler,Ira Wheeler
9432,ira-wolfert,Ira Wolfert
9433,irandhir-santos,Irandhir Santos
9434,irati-elordui,Irati Elordui
9435,iren-szajki,Irén Szajki
9436,irene-allen,Irene Allen
9437,irene-bagach,Irene Bagach
9438,irene-bedard,Irene Bedard
9439,irene-choi-2,Irene Choi
9440,irene-dailey,Irene Dailey
9441,irene-dunne,Irene Dunne
9442,irene-handl,Irene Handl
9443,irene-jacob,Irène Jacob
9444,irene-manning,Irene Manning
9445,irene-mecchi,Irene Mecchi
9446,irene-michaels,Irene Michaels
9447,irene-moessinger,Irene Moessinger
9448,irene-papas,Irene Papas
9449,irene-sunters,Irene Sunters
9450,irene-sutcliffe,Irene Sutcliffe
9451,irene-visedo,Irene Visedo
9452,irene-winston,Irene Winston
9453,irina-brecher,Irina Brecher
9454,irina-dolinina,Irina Dolinina
9455,irina-gorovaia,Irina Gorovaia
9456,irina-ryndina,Irina Ryndina
9457,irina-vavilova,Irina Vavilova
9458,irina-vilkova,Irina Vilkova
9459,iringo-reti,Iringó Réti
9460,iris-adrian,Iris Adrian
9461,iris-apatow,Iris Apatow
9462,iris-long,Iris Long
9463,iris-menas,Iris Menas
9464,iris-pulvano,Iris Pulvano
9465,iris-yamashita,Iris Yamashita
9466,irma-p-hall,Irma P. Hall
9467,irma-st-paule,Irma St. Paule
9468,irrfan-khan,Irrfan Khan
9469,irvin-kershner,Irvin Kershner
9470,irvine-welsh,Irvine Welsh
9471,irving-abrahams,Irving Abrahams
9472,irving-bacon,Irving Bacon
9473,irving-blum,Irving Blum
9474,irving-brecher,Irving Brecher
9475,irving-metzman,Irving Metzman
9476,irving-shulman,Irving Shulman
9477,is-johar,I.S. Johar
9478,isa-danieli,Isa Danieli
9479,isaac-asimov,Isaac Asimov
9480,isaac-bordoy,Isaac Bordoy
9481,isaac-c-singleton-jr,Isaac C. Singleton Jr.
9482,isaac-fajm,Isaac Fajm
9483,isaac-hayes,Isaac Hayes
9484,isaac-rovira,Isaac Rovira
9485,isaac-skidmore,Isaac Skidmore
9486,isaach-de-bankole,Isaach De Bankolé
9487,isabel-analla,Isabel Analla
9488,isabel-ayucar,Isabel Ayúcar
9489,isabel-diaz-2,Isabel Díaz
9490,isabel-friera,Isabel Friera
9491,isabel-jewell,Isabel Jewell
9492,isabel-pena,Isabel Peña
9493,isabel-ruth,Isabel Ruth
9494,isabella-amara,Isabella Amara
9495,isabella-rossellini,Isabella Rossellini
9496,isabella-soupart,Isabella Soupart
9497,isabelle-adjani,Isabelle Adjani
9498,isabelle-amyes,Isabelle Amyes
9499,isabelle-fuhrman,Isabelle Fuhrman
9500,isabelle-huppert,Isabelle Huppert
9501,isabelle-kusman,Isabelle Kusman
9502,isabelle-mazin,Isabelle Mazin
9503,isabelle-nanty,Isabelle Nanty
9504,isabelle-nelisse,Isabelle Nélisse
9505,isabelle-puntel,Isabelle Puntel
9506,isabelle-rose-kircher,Isabelle Rose Kircher
9507,isabelle-sadoyan,Isabelle Sadoyan
9508,isabelle-smith-2,Isabelle Smith
9509,isabelle-sobelman,Isabelle Sobelman
9510,isabelle-weingarten,Isabelle Weingarten
9511,isador-hersh,Isador Hersh
9512,isadora-ruppert,Isadora Ruppert
9513,isaiah-byrd,Isaiah Byrd
9514,isaiah-stone,Isaiah Stone
9515,isan-brant,Isan Brant
9516,isao-hashizume,Isao Hashizume
9517,isao-kimura,Isao Kimura
9518,isao-takahata,Isao Takahata
9519,isao-yamagata,Isao Yamagata
9520,iseo-kang,Iseo Kang
9521,ishaq-bux,Ishaq Bux
9522,ishiro-honda,Ishirô Honda
9523,isiah-thomas,Isiah Thomas
9524,isla-blair,Isla Blair
9525,isla-cameron,Isla Cameron
9526,isla-fisher,Isla Fisher
9527,islah,Islah
9528,isobel-elsom,Isobel Elsom
9529,isobel-lennart,Isobel Lennart
9530,israel-broussard,Israel Broussard
9531,israel-contreras,Israel Contreras
9532,israel-elejalde,Israel Elejalde
9533,israel-juarbe,Israel Juarbe
9534,israel-rios,Israel Ríos
9535,issa-rae,Issa Rae
9536,issei-ogata,Issei Ogata
9537,issey-takahashi,Issey Takahashi
9538,istvan-goz,István Göz
9539,istvan-pion,István Pion
9540,isuzu-yamada,Isuzu Yamada
9541,italo-renda,Italo Renda
9542,itamar-rotschild,Itamar Rotschild
9543,itandehui-gutierrez,Itandehui Gutierrez
9544,itay-balzi,Itay Balzi
9545,itay-exlroad,Itay Exlroad
9546,itay-tiran,Itay Tiran
9547,iulia-ciochina,Iulia Ciochina
9548,ivan-bobrov,Ivan Bobrov
9549,ivan-cotroneo,Ivan Cotroneo
9550,ivan-dobronravov,Ivan Dobronravov
9551,ivan-f-simpson,Ivan F. Simpson
9552,ivan-franek,Ivan Franek
9553,ivan-goff,Ivan Goff
9554,ivan-labanda,Ivan Labanda
9555,ivan-massague,Ivan Massagué
9556,ivan-mulin,Ivan Mulin
9557,ivan-petrovich,Iván Petrovich
9558,ivan-raimi,Ivan Raimi
9559,ivan-reitman,Ivan Reitman
9560,ivan-shvedoff,Ivan Shvedoff
9561,ivan-triesault,Ivan Triesault
9562,ivana-baquero,Ivana Baquero
9563,ivana-milicevic,Ivana Milicevic
9564,ivano-marescotti,Ivano Marescotti
9565,ivette-soler,Ivette Soler
9566,ivgeny-terletsky,Ivgeny Terletsky
9567,ivo-arroja,Ivo Arroja
9568,ivor-barnard,Ivor Barnard
9569,ivy-dodds,Ivy Dodds
9570,ivy-obrien,Ivy O'Brien
9571,ivy-wolk,Ivy Wolk
9572,ivyann-schwan,Ivyann Schwan
9573,izabel-mar,Izabel Mar
9574,izabela-andrzejak,Izabela Andrzejak
9575,izabela-dabrowska,Izabela Dabrowska
9576,izabella-scorupco,Izabella Scorupco
9577,izabella-sevin,Izabella Sevin
9578,izet-medosevic,Izet Medosevic
9579,izrel-katz,Izrel Katz
9580,izudin-bajrovic,Izudin Bajrovic
9581,izumi-hara,Izumi Hara
9582,izumi-matsuoka,Izumi Matsuoka
9583,izzy-neish,Izzy Neish
9584,j-carrol-naish,J. Carrol Naish
9585,j-david-stem,J. David Stem
9586,j-don-ferguson,J. Don Ferguson
9587,j-farrell-macdonald,J. Farrell MacDonald
9588,j-hubert-leslie,J. Hubert Leslie
9589,j-jay-saunders,J. Jay Saunders
9590,j-kenneth-campbell,J. Kenneth Campbell
9591,j-mackye-gruber,J. Mackye Gruber
9592,j-malaak-juuk,J. Malaak Juuk
9593,j-mallory-mccree,J. Mallory McCree
9594,j-michael-hunter,J. Michael Hunter
9595,j-michael-straczynski,J. Michael Straczynski
9596,j-pat-omalley,J. Pat O'Malley
9597,j-patrick-mcnamara,J. Patrick McNamara
9598,j-paul-moore,J. Paul Moore
9599,j-quinton-johnson,J. Quinton Johnson
9600,j-robert-bailey,J. Robert Bailey
9601,j-smith-cameron,J. Smith-Cameron
9602,j-todd-anderson,J. Todd Anderson
9603,j-tucker-smith,J. Tucker Smith
9604,ja-bayona,J.A. Bayona
9605,ja-preston,J.A. Preston
9606,ja-yeon-ok,Ja-Yeon Ok
9607,jaakko-ranta,Jaakko Ranta
9608,jaana-crudup,Ja'Ana Crudup
9609,jaaved-jaaferi,Jaaved Jaaferi
9610,jabir-algarawi,Jabir Algarawi
9611,jace-van-der-veen,Jace Van Der Veen
9612,jacek-koman,Jacek Koman
9613,jacek-ostaszewski,Jacek Ostaszewski
9614,jack-ackerman,Jack Ackerman
9615,jack-adams-4,Jack Adams
9616,jack-alberts,Jack Alberts
9617,jack-albertson,Jack Albertson
9618,jack-alexander,Jack Alexander
9619,jack-angel,Jack Angel
9620,jack-ano,Jack Ano
9621,jack-arrow,Jack Arrow
9622,jack-b-sowards,Jack B. Sowards
9623,jack-baker-2,Jack Baker
9624,jack-barton,Jack Barton
9625,jack-baxley,Jack Baxley
9626,jack-benny,Jack Benny
9627,jack-bernard,Jack Bernard
9628,jack-best,Jack Best
9629,jack-betts,Jack Betts
9630,jack-bird,Jack Bird
9631,jack-black,Jack Black
9632,jack-blessing,Jack Blessing
9633,jack-boulter-2,Jack Boulter
9634,jack-buchanan,Jack Buchanan
9635,jack-burns,Jack Burns
9636,jack-caldwell-2,Jack Caldwell
9637,jack-carr-2,Jack Carr
9638,jack-carson,Jack Carson
9639,jack-casady,Jack Casady
9640,jack-chefe,Jack Chefe
9641,jack-clayton,Jack Clayton
9642,jack-conway,Jack Conway
9643,jack-creley,Jack Creley
9644,jack-cronin,Jack Cronin
9645,jack-cunningham-2,Jack Cunningham
9646,jack-curtis,Jack Curtis
9647,jack-davenport,Jack Davenport
9648,jack-dearlove,Jack Dearlove
9649,jack-deery,Jack Deery
9650,jack-denbo,Jack Denbo
9651,jack-drummond,Jack Drummond
9652,jack-elam,Jack Elam
9653,jack-elliott-2,Jack Elliott
9654,jack-farthing,Jack Farthing
9655,jack-finney,Jack Finney
9656,jack-fisk,Jack Fisk
9657,jack-geasland,Jack Geasland
9658,jack-gilpin,Jack Gilpin
9659,jack-givens,Jack Givens
9660,jack-gwillim,Jack Gwillim
9661,jack-haley,Jack Haley
9662,jack-harvey-3,Jack Harvey
9663,jack-haven,Jack Haven
9664,jack-hawkins,Jack Hawkins
9665,jack-holt,Jack Holt
9666,jack-horner,Jack Horner
9667,jack-huston,Jack Huston
9668,jack-kehoe,Jack Kehoe
9669,jack-kinney,Jack Kinney
9670,jack-kirby,Jack Kirby
9671,jack-klaff,Jack Klaff
9672,jack-klugman,Jack Klugman
9673,jack-knight,Jack Knight
9674,jack-kruschen,Jack Kruschen
9675,jack-lawrence,Jack Lawrence
9676,jack-le-white,Jack Le White
9677,jack-lemmon,Jack Lemmon
9678,jack-lindine,Jack Lindine
9679,jack-lord,Jack Lord
9680,jack-lowden,Jack Lowden
9681,jack-macgowran,Jack MacGowran
9682,jack-may,Jack May
9683,jack-mcbrayer,Jack McBrayer
9684,jack-mcgee,Jack McGee
9685,jack-mcmullen,Jack McMullen
9686,jack-mercer,Jack Mercer
9687,jack-mintz,Jack Mintz
9688,jack-moore,Jack Moore
9689,jack-moss,Jack Moss
9690,jack-murdock,Jack Murdock
9691,jack-nance,Jack Nance
9692,jack-nicholson,Jack Nicholson
9693,jack-nill,Jack Nill
9694,jack-noseworthy,Jack Noseworthy
9695,jack-oconnell,Jack O'Connell
9696,jack-oconnell-3,Jack O'Connell
9697,jack-ohalloran,Jack O'Halloran
9698,jack-palance,Jack Palance
9699,jack-pallister,Jack Pallister
9700,jack-purvis,Jack Purvis
9701,jack-quaid,Jack Quaid
9702,jack-raine,Jack Raine
9703,jack-ramage,Jack Ramage
9704,jack-riley,Jack Riley
9705,jack-scardino,Jack Scardino
9706,jack-schaefer,Jack Schaefer
9707,jack-shea-2,Jack Shea
9708,jack-shearer,Jack Shearer
9709,jack-sher,Jack Sher
9710,jack-simmons,Jack Simmons
9711,jack-starrett,Jack Starrett
9712,jack-swiler,Jack Swiler
9713,jack-taylor,Jack Taylor
9714,jack-thompson,Jack Thompson
9715,jack-thorpe-baker,Jack Thorpe Baker
9716,jack-verbois,Jack Verbois
9717,jack-walsh,Jack Walsh
9718,jack-warden,Jack Warden
9719,jack-warner,Jack Warner
9720,jack-webb,Jack Webb
9721,jack-weston,Jack Weston
9722,jack-willis,Jack Willis
9723,jack-young,Jack Young
9724,jackamoe-buzzell,Jackamoe Buzzell
9725,jacki-weaver,Jacki Weaver
9726,jackie-a-greenbank,Jackie A. Greenbank
9727,jackie-barden,Jackie Barden
9728,jackie-burroughs,Jackie Burroughs
9729,jackie-chan,Jackie Chan
9730,jackie-cooper,Jackie Cooper
9731,jackie-crossland,Jackie Crossland
9732,jackie-dalya,Jackie Dalya
9733,jackie-earle-haley,Jackie Earle Haley
9734,jackie-gleason,Jackie Gleason
9735,jackie-guerra,Jackie Guerra
9736,jackie-hoffman,Jackie Hoffman
9737,jackie-sawiris,Jackie Sawiris
9738,jackie-shultis,Jackie Shultis
9739,jackie-stewart-2,Jackie Stewart
9740,jackie-swanson,Jackie Swanson
9741,jacko-jackson,Jacko Jackson
9742,jackson-browne,Jackson Browne
9743,jackson-kane,Jackson Kane
9744,jackson-sole,Jackson Sole
9745,jackson-yee,Jackson Yee
9746,jacky-cheung,Jacky Cheung
9747,jacky-patin,Jacky Patin
9748,jaclyn-hellman,Jaclyn Hellman
9749,jaclyn-ngan,Jaclyn Ngan
9750,jacob-appelbaum,Jacob Appelbaum
9751,jacob-carter-2,Jacob Carter
9752,jacob-diarte,Jacob Diarte
9753,jacob-ericksson,Jacob Ericksson
9754,jacob-g-akins,Jacob G. Akins
9755,jacob-grimm,Jacob Grimm
9756,jacob-guzman,Jacob Guzman
9757,jacob-johnson-11,Jacob Johnson
9758,jacob-m-wade,Jacob M Wade
9759,jacob-stringer,Jacob Stringer
9760,jacob-tolano,Jacob Tolano
9761,jacob-tremblay,Jacob Tremblay
9762,jacob-vargas,Jacob Vargas
9763,jacopo-mariani,Jacopo Mariani
9764,jacque-drew,Jacque Drew
9765,jacque-jovic,Jacque Jovic
9766,jacqueline-abi-ad,Jacqueline Abi-Ad
9767,jacqueline-acevedo,Jacqueline Acevedo
9768,jacqueline-bassett,Jacqueline Bassett
9769,jacqueline-bisset,Jacqueline Bisset
9770,jacqueline-hansen-love,Jacqueline Hansen-Løve
9771,jacqueline-lecomte,Jacqueline Lecomte
9772,jacqueline-staup,Jacqueline Staup
9773,jacqueline-walcott,Jacqueline Walcott
9774,jacquelyn-evola,Jacquelyn Evola
9775,jacques-arnna,Jacques Arnna
9776,jacques-audiard,Jacques Audiard
9777,jacques-b-brunius,Jacques B. Brunius
9778,jacques-beauvais,Jacques Beauvais
9779,jacques-becker,Jacques Becker
9780,jacques-castelot,Jacques Castelot
9781,jacques-ciron,Jacques Ciron
9782,jacques-colombat,Jacques Colombat
9783,jacques-constant,Jacques Constant
9784,jacques-cottin,Jacques Cottin
9785,jacques-david,Jacques David
9786,jacques-demy,Jacques Demy
9787,jacques-derrida,Jacques Derrida
9788,jacques-deschamps,Jacques Deschamps
9789,jacques-disses,Jacques Disses
9790,jacques-doniol-valcroze,Jacques Doniol-Valcroze
9791,jacques-dufilho,Jacques Dufilho
9792,jacques-gretillat,Jacques Grétillat
9793,jacques-herlin,Jacques Herlin
9794,jacques-hilling,Jacques Hilling
9795,jacques-lagrange,Jacques Lagrange
9796,jacques-leonard,Jacques Léonard
9797,jacques-leroy,Jacques Leroy
9798,jacques-marbeuf,Jacques Marbeuf
9799,jacques-marin,Jacques Marin
9800,jacques-nolot,Jacques Nolot
9801,jacques-parsi,Jacques Parsi
9802,jacques-perrin,Jacques Perrin
9803,jacques-prayer,Jacques Prayer
9804,jacques-prevert,Jacques Prévert
9805,jacques-renard,Jacques Renard
9806,jacques-rivette,Jacques Rivette
9807,jacques-sorbets,Jacques Sorbets
9808,jacques-tardi,Jacques Tardi
9809,jacques-tati,Jacques Tati
9810,jacques-toulemonde-vidal,Jacques Toulemonde Vidal
9811,jacques-tourneur,Jacques Tourneur
9812,jacquie-barnbrook,Jacquie Barnbrook
9813,jacquy-phillips,Jacquy Phillips
9814,jada-pinkett-smith,Jada Pinkett Smith
9815,jade-anouka,Jade Anouka
9816,jaden-michael,Jaden Michael
9817,jaden-piner,Jaden Piner
9818,jae-duk-han,Jae-Duk Han
9819,jae-eung-lee,Jae-eung Lee
9820,jae-ho-song,Jae-ho Song
9821,jae-kyeong-seo,Jae-kyeong Seo
9822,jae-sun-lee,Jae-sun Lee
9823,jae-woong-park,Jae-woong Park
9824,jae-yeong-jeong,Jae-yeong Jeong
9825,jaewook-park,JaeWook Park
9826,jafar-panahi,Jafar Panahi
9827,jaffe-cohen,Jaffe Cohen
9828,jag-sanghera,Jag Sanghera
9829,jahye-lee,Jahye Lee
9830,jaideep-ahlawat,Jaideep Ahlawat
9831,jaime-comas-gil,Jaime Comas Gil
9832,jaime-doria,Jaime Doria
9833,jaime-gomez,Jaime Gomez
9834,jaime-osorio-gomez,Jaime Osorio Gómez
9835,jaime-sanchez,Jaime Sánchez
9836,jaime-valone,Jaime Valone
9837,jaimz-woolvett,Jaimz Woolvett
9838,jakab-pilaszanovich,Jakab Pilaszanovich
9839,jake-arnott,Jake Arnott
9840,jake-brown-6,Jake Brown
9841,jake-busey,Jake Busey
9842,jake-carter,Jake Carter
9843,jake-gipson,Jake Gipson
9844,jake-gyllenhaal,Jake Gyllenhaal
9845,jake-hathaway,Jake Hathaway
9846,jake-johnson-5,Jake Johnson
9847,jake-kaese,Jake Kaese
9848,jake-lacy,Jake Lacy
9849,jake-lamotta,Jake LaMotta
9850,jake-mcdorman,Jake McDorman
9851,jake-mckinnon,Jake McKinnon
9852,jake-mclaughlin,Jake McLaughlin
9853,jake-ryan-3,Jake Ryan
9854,jake-scott,Jake Scott
9855,jake-sharp-2,Jake Sharp
9856,jake-shears,Jake Shears
9857,jake-siciliano,Jake Siciliano
9858,jake-steinfeld,Jake Steinfeld
9859,jake-taylor-shantos,Jake Taylor Shantos
9860,jake-thomas,Jake Thomas
9861,jakob-kerstan,Jakob Kerstan
9862,jakub-gasowski,Jakub Gasowski
9863,jakub-pruski,Jakub Pruski
9864,jalal-altawil,Jalal Altawil
9865,jaleh-modjallal,Jaleh Modjallal
9866,jamahl-garrison-lowe,Jamahl Garrison-Lowe
9867,jameel-khan,Jameel Khan
9868,jamel-debbouze,Jamel Debbouze
9869,james-14,James
9870,james-a-broomfield,James A. Broomfield
9871,james-a-woods,James A. Woods
9872,james-adamson,James Adamson
9873,james-agee,James Agee
9874,james-algar,James Algar
9875,james-allen-3,James Allen
9876,james-anderson,James Anderson
9877,james-angus-cowan,James Angus Cowan
9878,james-anthony-pearson,James Anthony Pearson
9879,james-asbury,James Asbury
9880,james-ashmore-creelman,James Ashmore Creelman
9881,james-avery,James Avery
9882,james-b-harris,James B. Harris
9883,james-bacon,James Bacon
9884,james-badge-dale,James Badge Dale
9885,james-baldwin,James Baldwin
9886,james-bamford-5,James Bamford
9887,james-barden,James Barden
9888,james-baskett,James Baskett
9889,james-beacham,James Beacham
9890,james-biberi,James Biberi
9891,james-blakely,James Blakely
9892,james-bloor,James Bloor
9893,james-bolt-2,James Bolt
9894,james-bresnahan,James Bresnahan
9895,james-broderick,James Broderick
9896,james-brolin,James Brolin
9897,james-brown,James Brown
9898,james-brown-2,James Brown
9899,james-burke,James Burke
9900,james-burross,James Burross
9901,james-burton-2,James Burton
9902,james-bush,James Bush
9903,james-caan,James Caan
9904,james-cada,James Cada
9905,james-cagney,James Cagney
9906,james-calhoon,James Calhoon
9907,james-cameron,James Cameron
9908,james-campbell,James Campbell
9909,james-carroll-3,James Carroll
9910,james-carter-iii,James Carter III
9911,james-carty,James Carty
9912,james-carville,James Carville
9913,james-chen,James Chen
9914,james-clavell,James Clavell
9915,james-cleveland,James Cleveland
9916,james-coburn,James Coburn
9917,james-conaty,James Conaty
9918,james-corscadden,James Corscadden
9919,james-cosmo,James Cosmo
9920,james-cousineau,James Cousineau
9921,james-cromwell,James Cromwell
9922,james-cunningham,James Cunningham
9923,james-d-watts,James D. Watts
9924,james-daly,James Daly
9925,james-darcy,James D'Arcy
9926,james-dastoli,James Dastoli
9927,james-dean,James Dean
9928,james-delgado,James Delgado
9929,james-denton,James Denton
9930,james-dickey,James Dickey
9931,james-dodds,James Dodds
9932,james-doherty-2,James Doherty
9933,james-donald,James Donald
9934,james-doohan,James Doohan
9935,james-dreyfus,James Dreyfus
9936,james-drury,James Drury
9937,james-duval,James Duval
9938,james-dyrenforth,James Dyrenforth
9939,james-earl-cathay,James Earl Cathay
9940,james-earl-jones,James Earl Jones
9941,james-edwards,James Edwards
9942,james-ellis-11,James Ellis
9943,james-ellroy,James Ellroy
9944,james-f-bell,James F. Bell
9945,james-f-mckinsey,James F. McKinsey
9946,james-fenimore-cooper,James Fenimore Cooper
9947,james-flavin,James Flavin
9948,james-fleet,James Fleet
9949,james-foley,James Foley
9950,james-fortune-2,James Fortune
9951,james-fox,James Fox
9952,james-frain,James Frain
9953,james-francis-kelly-iii,James Francis Kelly III
9954,james-franco,James Franco
9955,james-frawley,James Frawley
9956,james-frecheville,James Frecheville
9957,james-fujii,James Fujii
9958,james-gammon,James Gammon
9959,james-gandolfini,James Gandolfini
9960,james-garner,James Garner
9961,james-gaulke,James Gaulke
9962,james-gaylyn,James Gaylyn
9963,james-gianopulos,James Gianopulos
9964,james-gleason,James Gleason
9965,james-gray,James Gray
9966,james-gregory,James Gregory
9967,james-griffith,James Griffith
9968,james-hamilton-7,James Hamilton
9969,james-hampton,James Hampton
9970,james-handy,James Handy
9971,james-hayter,James Hayter
9972,james-hazeldine,James Hazeldine
9973,james-henderson-2,James Henderson
9974,james-hewitt,James Hewitt
9975,james-hillier,James Hillier
9976,james-hilton,James Hilton
9977,james-hong,James Hong
9978,james-hosey,James Hosey
9979,james-hutson,James Hutson
9980,james-ivory,James Ivory
9981,james-jeremias,James Jeremias
9982,james-jesus-angleton,James Jesus Angleton
9983,james-johnson-12,James Johnson
9984,james-jones,James Jones
9985,james-joyce,James Joyce
9986,james-joyce-2,James Joyce
9987,james-karen,James Karen
9988,james-keach,James Keach
9989,james-keane,James Keane
9990,james-kelley-8,James Kelley
9991,james-kelly-3,James Kelly
9992,james-kirchner,James Kirchner
9993,james-knight,James Knight
9994,james-l-brooks,James L. Brooks
9995,james-l-white,James L. White
9996,james-lally,James Lally
9997,james-laurenson,James Laurenson
9998,james-le-gros,James Le Gros
9999,james-lebrecht,James Lebrecht
10000,james-leo-herlihy,James Leo Herlihy
10001,james-lew,James Lew
10002,james-liautaud,James Liautaud
10003,james-logan-5,James Logan
10004,james-m-cain,James M. Cain
10005,james-m-connor,James M. Connor
10006,james-macdonald,James MacDonald
10007,james-macdonald-2,James MacDonald
10008,james-mangold,James Mangold
10009,james-marsden,James Marsden
10010,james-marsh,James Marsh
10011,james-marshall,James Marshall
10012,james-marsters,James Marsters
10013,james-mason,James Mason
10014,james-mather,James Mather
10015,james-mcavoy,James McAvoy
10016,james-mcdaniel,James McDaniel
10017,james-mcgreevey,James McGreevey
10018,james-mcintire,James McIntire
10019,james-mckechnie,James McKechnie
10020,james-mckenna,James McKenna
10021,james-mcteigue,James McTeigue
10022,james-mitchell,James Mitchell
10023,james-monks,James Monks
10024,james-nesbitt,James Nesbitt
10025,james-newell,James Newell
10026,james-ng,James Ng
10027,james-nolan,James Nolan
10028,james-norman-hall,James Norman Hall
10029,james-norton-4,James Norton
10030,james-obarr,James O'Barr
10031,james-odonnell,James O'Donnell
10032,james-ohara,James O'Hara
10033,james-omara-2,James O'Mara
10034,james-orear,James O'Rear
10035,james-parks,James Parks
10036,james-patterson,James Patterson
10037,james-phelps,James Phelps
10038,james-pickens-jr,James Pickens Jr.
10039,james-porter-8,James Porter
10040,james-rainey,James Rainey
10041,james-ramp,James Ramp
10042,james-ransone,James Ransone
10043,james-rebhorn,James Rebhorn
10044,james-remar,James Remar
10045,james-remini,James Remini
10046,james-russo,James Russo
10047,james-saito,James Saito
10048,james-sales,James Sales
10049,james-sallis-2,James Sallis
10050,james-salter,James Salter
10051,james-sanders-2,James Sanders
10052,james-schamus,James Schamus
10053,james-scotty-augare,James 'Scotty' Augare
10054,james-seguy,James Seguy
10055,james-shanklin,James Shanklin
10056,james-shigeta,James Shigeta
10057,james-sikking,James Sikking
10058,james-sloyan,James Sloyan
10059,james-smith-3,James Smith
10060,james-smith-34,James Smith
10061,james-spader,James Spader
10062,james-spencer-ashworth,James Spencer Ashworth
10063,james-stewart,James Stewart
10064,james-t-muir,James T. Muir
10065,james-tamsitt,James Tamsitt
10066,james-taylor,James Taylor
10067,james-terry-mcilvain,James Terry McIlvain
10068,james-tillis,James Tillis
10069,james-tolkan,James Tolkan
10070,james-udom,James Udom
10071,james-v-christy,James V. Christy
10072,james-vanderbilt,James Vanderbilt
10073,james-villiers,James Villiers
10074,james-walker-2,James Walker
10075,james-wan,James Wan
10076,james-ward-byrkit,James Ward Byrkit
10077,james-warner-bellah,James Warner Bellah
10078,james-west-6,James West
10079,james-westerfield,James Westerfield
10080,james-whale,James Whale
10081,james-whitmore,James Whitmore
10082,james-wilby,James Wilby
10083,james-william-illingworth,James William Illingworth
10084,james-woods,James Woods
10085,jameson-thomas,Jameson Thomas
10086,jamey-sheridan,Jamey Sheridan
10087,jami-gertz,Jami Gertz
10088,jami-owen,Jami Owen
10089,jamie-anne-allman,Jamie Anne Allman
10090,jamie-bell,Jamie Bell
10091,jamie-campbell-bower,Jamie Campbell Bower
10092,jamie-dantzscher,Jamie Dantzscher
10093,jamie-donnelly,Jamie Donnelly
10094,jamie-draven,Jamie Draven
10095,jamie-foreman,Jamie Foreman
10096,jamie-foxx,Jamie Foxx
10097,jamie-harris,Jamie Harris
10098,jamie-hector,Jamie Hector
10099,jamie-howard-2,Jamie Howard
10100,jamie-kennedy,Jamie Kennedy
10101,jamie-lee-curtis,Jamie Lee Curtis
10102,jamie-mcbride,Jamie McBride
10103,jamie-talisman,Jamie Talisman
10104,jamie-thomas-king,Jamie Thomas King
10105,jamie-timlin,Jamie Timlin
10106,jamila-abdallah,Jamila Abdallah
10107,jamill-peaches-fowler,Jamill 'Peaches' Fowler
10108,jamison-newlander,Jamison Newlander
10109,jan-cornet,Jan Cornet
10110,jan-de-bont,Jan de Bont
10111,jan-decorte,Jan Decorte
10112,jan-devereaux,Jan Devereaux
10113,jan-eje-ferling,Jan-Eje Ferling
10114,jan-fedder,Jan Fedder
10115,jan-filipensky,Jan Filipenský
10116,jan-fischer,Jan Fischer
10117,jan-groth,Jan Groth
10118,jan-hammenecker,Jan Hammenecker
10119,jan-hooks,Jan Hooks
10120,jan-munroe,Jan Munroe
10121,jan-olof-strandberg,Jan-Olof Strandberg
10122,jan-pinkava,Jan Pinkava
10123,jan-rubes,Jan Rubes
10124,jan-saint,Jan Saint
10125,jan-sardi,Jan Sardi
10126,jan-steen,Jan Steen
10127,jan-tesarz,Jan Tesarz
10128,jan-triska,Jan Tríska
10129,jan-van-loewen,Jan Van Loewen
10130,jan-wojciech-poradowski,Jan Wojciech Poradowski
10131,jana-bellan,Jana Bellan
10132,jana-bokova,Jana Bokova
10133,jana-klein,Jana Klein
10134,janae-collins,Janae Collins
10135,jane-adams-2,Jane Adams
10136,jane-alexander,Jane Alexander
10137,jane-austen,Jane Austen
10138,jane-bateman,Jane Bateman
10139,jane-brennan,Jane Brennan
10140,jane-buckingham,Jane Buckingham
10141,jane-campion,Jane Campion
10142,jane-carat,Jane Carat
10143,jane-curtin,Jane Curtin
10144,jane-darwell,Jane Darwell
10145,jane-degroot,Jane Degroot
10146,jane-downs,Jane Downs
10147,jane-fonda,Jane Fonda
10148,jane-friedmann,Jane Friedmann
10149,jane-galloway-heitz,Jane Galloway Heitz
10150,jane-goldman,Jane Goldman
10151,jane-goodall,Jane Goodall
10152,jane-greer,Jane Greer
10153,jane-hallaren,Jane Hallaren
10154,jane-holzer,Jane Holzer
10155,jane-horrocks,Jane Horrocks
10156,jane-kaczmarek,Jane Kaczmarek
10157,jane-kim-6,Jane Kim
10158,jane-krakowski,Jane Krakowski
10159,jane-levy-2,Jane Levy
10160,jane-marken,Jane Marken
10161,jane-mitchell,Jane Mitchell
10162,jane-morris,Jane Morris
10163,jane-murfin,Jane Murfin
10164,jane-nolan,Jane Nolan
10165,jane-randolph,Jane Randolph
10166,jane-schoenbrun,Jane Schoenbrun
10167,jane-wiedlin,Jane Wiedlin
10168,jane-winton,Jane Winton
10169,jane-withers,Jane Withers
10170,janeane-garofalo,Janeane Garofalo
10171,janelle-monae,Janelle Monáe
10172,janet-armstrong,Janet Armstrong
10173,janet-banzet,Janet Banzet
10174,janet-beecher,Janet Beecher
10175,janet-chapman,Janet Chapman
10176,janet-etuk,Janet Etuk
10177,janet-foye,Janet Foye
10178,janet-gaynor,Janet Gaynor
10179,janet-green,Janet Green
10180,janet-hsieh,Janet Hsieh
10181,janet-langhart,Janet Langhart
10182,janet-leigh,Janet Leigh
10183,janet-margolin,Janet Margolin
10184,janet-montgomery,Janet Montgomery
10185,janet-peoples,Janet Peoples
10186,janet-sarno,Janet Sarno
10187,janet-shaw,Janet Shaw
10188,janet-van-de-graaf,Janet van de Graaf
10189,janet-wright,Janet Wright
10190,jang-hye-jin,Jang Hye-jin
10191,janice-acquah,Janice Acquah
10192,janice-carroll,Janice Carroll
10193,janice-felty,Janice Felty
10194,janine-birkett,Janine Birkett
10195,janine-darcey,Janine Darcey
10196,janis-collins,Janis Collins
10197,janis-dardaris,Janis Dardaris
10198,janis-joplin,Janis Joplin
10199,janis-kelly,Janis Kelly
10200,jann-wenner,Jann Wenner
10201,janne-hyytiainen,Janne Hyytiäinen
10202,janne-mortil,Janne Mortil
10203,jannie-hampton,Jannie Hampton
10204,jannik-schumann,Jannik Schümann
10205,janos-derzsi,János Derzsi
10206,january-jones,January Jones
10207,janusz-gajos,Janusz Gajos
10208,janusz-glowacki,Janusz Glowacki
10209,janusz-hamerszmit,Janusz Hamerszmit
10210,janusz-sterninski,Janusz Sterninski
10211,jared-burke-2,Jared Burke
10212,jared-gilman,Jared Gilman
10213,jared-harris,Jared Harris
10214,jared-jussim,Jared Jussim
10215,jared-kasowski,Jared Kasowski
10216,jared-leto,Jared Leto
10217,jared-lounsbery,Jared Lounsbery
10218,jarinpattra-rueangram,Jarinpattra Rueangram
10219,jarl-kulle,Jarl Kulle
10220,jarrad-paul,Jarrad Paul
10221,jarreth-j-merz,Jarreth J. Merz
10222,jarrod-dean,Jarrod Dean
10223,jarrod-phillips-2,Jarrod Phillips
10224,jarvis-cocker,Jarvis Cocker
10225,jase-blankfort,Jase Blankfort
10226,jase-stidwell,Jase Stidwell
10227,jasen-fisher,Jasen Fisher
10228,jasineia-ramos,Jasineia Ramos
10229,jasmila-zbanic,Jasmila Zbanic
10230,jasmin-savoy-brown,Jasmin Savoy Brown
10231,jasmina-polak,Jasmina Polak
10232,jasmine-cephas-jones,Jasmine Cephas Jones
10233,jasmine-kin-kia-ng,Jasmine Kin Kia Ng
10234,jasmine-trinca,Jasmine Trinca
10235,jasna-djuricic,Jasna Djuricic
10236,jasna-fritzi-bauer,Jasna Fritzi Bauer
10237,jason-alexander,Jason Alexander
10238,jason-andrews,Jason Andrews
10239,jason-barry,Jason Barry
10240,jason-bateman,Jason Bateman
10241,jason-beghe,Jason Beghe
10242,jason-behr,Jason Behr
10243,jason-bernard,Jason Bernard
10244,jason-bose-smith,Jason Bose Smith
10245,jason-boyd-4,Jason Boyd
10246,jason-bradstock,Jason Bradstock
10247,jason-buckham,Jason Buckham
10248,jason-clarke,Jason Clarke
10249,jason-cottle,Jason Cottle
10250,jason-davis,Jason Davis
10251,jason-douglas-2,Jason Douglas
10252,jason-finn,Jason Finn
10253,jason-fitch,Jason Fitch
10254,jason-flemyng,Jason Flemyng
10255,jason-fuchs,Jason Fuchs
10256,jason-gedrick,Jason Gedrick
10257,jason-gould,Jason Gould
10258,jason-gray-stanford,Jason Gray-Stanford
10259,jason-isaacs,Jason Isaacs
10260,jason-isbell,Jason Isbell
10261,jason-kirkpatrick,Jason Kirkpatrick
10262,jason-lee,Jason Lee
10263,jason-liebrecht,Jason Liebrecht
10264,jason-marin,Jason Marin
10265,jason-mewes,Jason Mewes
10266,jason-miller,Jason Miller
10267,jason-mitchell-9,Jason Mitchell
10268,jason-murtagh,Jason Murtagh
10269,jason-osder,Jason Osder
10270,jason-parsons,Jason Parsons
10271,jason-patric,Jason Patric
10272,jason-priestley,Jason Priestley
10273,jason-r-lone-hill,Jason R. Lone Hill
10274,jason-reitman,Jason Reitman
10275,jason-ritter,Jason Ritter
10276,jason-robards,Jason Robards
10277,jason-robards-iii,Jason Robards III
10278,jason-rodriguez,Jason Rodriguez
10279,jason-ronard,Jason Ronard
10280,jason-schwartzman,Jason Schwartzman
10281,jason-scott-lee,Jason Scott Lee
10282,jason-segel,Jason Segel
10283,jason-spevack,Jason Spevack
10284,jason-stammers,Jason Stammers
10285,jason-statham,Jason Statham
10286,jason-stuart,Jason Stuart
10287,jasper-britton,Jasper Britton
10288,jasper-johannes-andrews,Jasper Johannes Andrews
10289,jasper-lenz,Jasper Lenz
10290,jasper-newell,Jasper Newell
10291,jasser-jaafari,Jasser Jaafari
10292,javad-siyahi,Javad Siyahi
10293,javanart-punynchoti,Javanart Punynchoti
10294,javed-khan-amrohi,Javed Khan Amrohi
10295,javier-bardem,Javier Bardem
10296,javier-bodalo,Javier Bódalo
10297,javier-camara,Javier Cámara
10298,javier-castano-vera,Javier Castaño Vera
10299,javier-chocobar,Javier Chocobar
10300,javier-fernandez-pena,Javier Fernández-Peña
10301,javier-godino,Javier Godino
10302,javier-varela,Javier Varela
10303,javier-zoro,Javier Zoro
10304,javiera-ramirez,Javiera Ramirez
10305,jaxin-hall,Jaxin Hall
10306,jay-adler,Jay Adler
10307,jay-asevedo,Jay Asevedo
10308,jay-baruchel,Jay Baruchel
10309,jay-bowen,Jay Bowen
10310,jay-brazeau,Jay Brazeau
10311,jay-c-flippen,Jay C. Flippen
10312,jay-caputo,Jay Caputo
10313,jay-cardinal-villeneuve,Jay Cardinal Villeneuve
10314,jay-christian,Jay Christian
10315,jay-cocks,Jay Cocks
10316,jay-crecco,Jay Crecco
10317,jay-dee-witney,Jay Dee Witney
10318,jay-eaton,Jay Eaton
10319,jay-fletcher,Jay Fletcher
10320,jay-giannone,Jay Giannone
10321,jay-gjernes,Jay Gjernes
10322,jay-johnston,Jay Johnston
10323,jay-koch,Jay Koch
10324,jay-laurence,Jay Laurence
10325,jay-levey,Jay Levey
10326,jay-livingston,Jay Livingston
10327,jay-mello,Jay Mello
10328,jay-mohr,Jay Mohr
10329,jay-oliver,Jay Oliver
10330,jay-patterson,Jay Patterson
10331,jay-presson-allen,Jay Presson Allen
10332,jay-reinke,Jay Reinke
10333,jay-tavare,Jay Tavare
10334,jay-underwood,Jay Underwood
10335,jay-wolpert,Jay Wolpert
10336,jayah-henry,Jayah Henry
10337,jayce-bartok,Jayce Bartok
10338,jaye-davidson,Jaye Davidson
10339,jaygann-ayeh,Jaygann Ayeh
10340,jayk-gallagher,Jayk Gallagher
10341,jayne-brook,Jayne Brook
10342,jayne-haynes,Jayne Haynes
10343,jayne-houdyshell,Jayne Houdyshell
10344,jayne-meadows,Jayne Meadows
10345,jayne-wisener,Jayne Wisener
10346,jayson-blair,Jayson Blair
10347,jazz-agee,Jazz Agee
10348,jazzie-mahannah,Jazzie Mahannah
10349,jb-blanc,JB Blanc
10350,jc-chandor,J.C. Chandor
10351,jc-fowler,J.C. Fowler
10352,jc-mackenzie,J.C. MacKenzie
10353,jc-quinn,J.C. Quinn
10354,jc-shakespeare,J.C. Shakespeare
10355,jd-cannon,J.D. Cannon
10356,je-freeman,J.E. Freeman
10357,je-mun-yun,Je-mun Yun
10358,jean-andre-fieschi,Jean-André Fieschi
10359,jean-andren,Jean Andren
10360,jean-arthur,Jean Arthur
10361,jean-ayme,Jean Aymé
10362,jean-baptiste-fillon,Jean Baptiste Fillon
10363,jean-baptiste-malartre,Jean-Baptiste Malartre
10364,jean-baptiste-phou,Jean-Baptiste Phou
10365,jean-baptiste-tiemele,Jean-Baptiste Tiémélé
10366,jean-boht,Jean Boht
10367,jean-bouise,Jean Bouise
10368,jean-brochard,Jean Brochard
10369,jean-cadell,Jean Cadell
10370,jean-champion,Jean Champion
10371,jean-chicot,Jean Chicot
10372,jean-christophe-folly,Jean-Christophe Folly
10373,jean-claude-biette,Jean-Claude Biette
10374,jean-claude-boniverd,Jean-Claude Boniverd
10375,jean-claude-carriere,Jean-Claude Carrière
10376,jean-claude-donda,Jean-Claude Donda
10377,jean-claude-dreyfus,Jean-Claude Dreyfus
10378,jean-claude-guilbert,Jean-Claude Guilbert
10379,jean-claude-issenmann,Jean-Claude Issenmann
10380,jean-claude-la-marre,Jean-Claude La Marre
10381,jean-claude-parachini,Jean-Claude Parachini
10382,jean-claude-remoleux,Jean-Claude Rémoleux
10383,jean-clottes,Jean Clottes
10384,jean-clouzot,Jean Clouzot
10385,jean-cocteau,Jean Cocteau
10386,jean-corbett,Jean Corbett
10387,jean-cromie,Jean Cromie
10388,jean-daste,Jean Dasté
10389,jean-daurand,Jean Daurand
10390,jean-domarchi,Jean Domarchi
10391,jean-dominique-bauby,Jean-Dominique Bauby
10392,jean-douchet,Jean Douchet
10393,jean-dujardin,Jean Dujardin
10394,jean-dunot,Jean Dunot
10395,jean-dyd,Jean d'Yd
10396,jean-emmanuel-pagni,Jean-Emmanuel Pagni
10397,jean-eustache,Jean Eustache
10398,jean-everest,Jean Everest
10399,jean-ferry,Jean Ferry
10400,jean-francois-gallotte,Jean-François Gallotte
10401,jean-francois-heckel,Jean François Heckel
10402,jean-francois-lapalus,Jean-François Lapalus
10403,jean-franval,Jean Franval
10404,jean-gabin,Jean Gabin
10405,jean-gruault,Jean Gruault
10406,jean-hagen,Jean Hagen
10407,jean-heather,Jean Heather
10408,jean-herman,Jean Herman
10409,jean-heywood,Jean Heywood
10410,jean-itard,Jean Itard
10411,jean-jacques-brochier,Jean-Jacques Brochier
10412,jean-joel-barbier,Jean-Joël Barbier
10413,jean-koeltgen,Jean Koeltgen
10414,jean-la-planche,Jean La Planche
10415,jean-lange,Jean Lange
10416,jean-louis-barrault,Jean-Louis Barrault
10417,jean-louis-blondeau,Jean-Louis Blondeau
10418,jean-louis-comolli,Jean-Louis Comolli
10419,jean-louis-richard,Jean-Louis Richard
10420,jean-louis-trintignant,Jean-Louis Trintignant
10421,jean-louisa-kelly,Jean Louisa Kelly
10422,jean-luc-boucherot,Jean-Luc Boucherot
10423,jean-luc-godard,Jean-Luc Godard
10424,jean-luc-joseph,Jean-Luc Joseph
10425,jean-luc-nancy,Jean-Luc Nancy
10426,jean-malafronte,Jean Malafronte
10427,jean-mandaroux,Jean Mandaroux
10428,jean-marais,Jean Marais
10429,jean-marc-barr,Jean-Marc Barr
10430,jean-marc-boris,Jean-Marc Boris
10431,jean-marc-favorin,Jean-Marc Favorin
10432,jean-marc-hulot,Jean Marc Hulot
10433,jean-marc-roulot,Jean-Marc Roulot
10434,jean-marc-teriipaia,Jean-Marc Teriipaia
10435,jean-marc-vallee,Jean-Marc Vallée
10436,jean-marie-balestre,Jean-Marie Balestre
10437,jean-marie-daunas,Jean-Marie Daunas
10438,jean-marie-frin,Jean-Marie Frin
10439,jean-marie-robain,Jean-Marie Robain
10440,jean-marie-wilmet,Jean-Marie Wilmet
10441,jean-marsh,Jean Marsh
10442,jean-martin,Jean Martin
10443,jean-mermet,Jean Mermet
10444,jean-michel-arnold,Jean-Michel Arnold
10445,jean-michel-balthazar,Jean-Michel Balthazar
10446,jean-michel-dhermay,Jean-Michel Dhermay
10447,jean-michel-geneste,Jean-Michel Geneste
10448,jean-michel-monroc,Jean-Michel Monroc
10449,jean-michel-simonet-2,Jean-Michel Simonet
10450,jean-noel-picq,Jean-Noël Picq
10451,jean-parker,Jean Parker
10452,jean-paul-beaujon,Jean-Paul Beaujon
10453,jean-paul-belmondo,Jean-Paul Belmondo
10454,jean-paul-dubarry,Jean-Paul Dubarry
10455,jean-paul-gaultier,Jean-Paul Gaultier
10456,jean-paul-le-chanois,Jean-Paul Le Chanois
10457,jean-paul-muel,Jean-Paul Muel
10458,jean-paul-roussillon,Jean-Paul Roussillon
10459,jean-paul-rouve,Jean-Paul Rouve
10460,jean-philippe-callet,Jean-Philippe Callet
10461,jean-philippe-ecoffey,Jean-Philippe Écoffey
10462,jean-philippe-ricci,Jean-Philippe Ricci
10463,jean-pierre-amiel,Jean-Pierre Amiel
10464,jean-pierre-bastid,Jean-Pierre Bastid
10465,jean-pierre-becker,Jean-Pierre Becker
10466,jean-pierre-cargol,Jean-Pierre Cargol
10467,jean-pierre-cassel,Jean-Pierre Cassel
10468,jean-pierre-dardenne,Jean-Pierre Dardenne
10469,jean-pierre-darroussin,Jean-Pierre Darroussin
10470,jean-pierre-dorat,Jean-Pierre Dorat
10471,jean-pierre-jeunet,Jean-Pierre Jeunet
10472,jean-pierre-leaud,Jean-Pierre Léaud
10473,jean-pierre-lorit,Jean-Pierre Lorit
10474,jean-pierre-mangeot,Jean-Pierre Mangeot
10475,jean-pierre-martins,Jean-Pierre Martins
10476,jean-pierre-melville,Jean-Pierre Melville
10477,jean-pierre-noher,Jean Pierre Noher
10478,jean-pierre-nshanian,Jean-Pierre Nshanian
10479,jean-pierre-parent,Jean-Pierre Parent
10480,jean-pierre-posier,Jean-Pierre Posier
10481,jean-poiret,Jean Poiret
10482,jean-pol-fargeau,Jean-Pol Fargeau
10483,jean-redon,Jean Redon
10484,jean-remignard,Jean Rémignard
10485,jean-reno,Jean Reno
10486,jean-renoir,Jean Renoir
10487,jean-riveyre,Jean Riveyre
10488,jean-rochefort,Jean Rochefort
10489,jean-rougeul,Jean Rougeul
10490,jean-schlegel,Jean Schlegel
10491,jean-sebastien-chauvin,Jean-Sébastien Chauvin
10492,jean-seberg,Jean Seberg
10493,jean-servais,Jean Servais
10494,jean-shepherd,Jean Shepherd
10495,jean-simmons,Jean Simmons
10496,jean-simon-leduc,Jean-Simon Leduc
10497,jean-sincere,Jean Sincere
10498,jean-smart,Jean Smart
10499,jean-speegle-howard,Jean Speegle Howard
10500,jean-temerson,Jean Témerson
10501,jean-vimenet,Jean Vimenet
10502,jean-wall,Jean Wall
10503,jean-willes,Jean Willes
10504,jean-william,Jean William
10505,jean-yves-vivet,Jean-Yves Vivet
10506,jeanette-hain,Jeanette Hain
10507,jeanette-kontomitras,Jeanette Kontomitras
10508,jeanette-nolan,Jeanette Nolan
10509,jeanine-attaway,Jeanine Attaway
10510,jeanine-serralles,Jeanine Serralles
10511,jeanne-balibar,Jeanne Balibar
10512,jeanne-bates,Jeanne Bates
10513,jeanne-cagney,Jeanne Cagney
10514,jeanne-carpenter,Jeanne Carpenter
10515,jeanne-christy,Jeanne Christy
10516,jeanne-disson,Jeanne Disson
10517,jeanne-fusier-gir,Jeanne Fusier-Gir
10518,jeanne-jestin,Jeanne Jestin
10519,jeanne-marie-leprince-de-beaumont,Jeanne-Marie Leprince de Beaumont
10520,jeanne-moreau,Jeanne Moreau
10521,jeanne-witta,Jeanne Witta
10522,jeannetta-arnette,Jeannetta Arnette
10523,jeannette-charles,Jeannette Charles
10524,jeannie-bell,Jeannie Bell
10525,jeannie-berlin,Jeannie Berlin
10526,jeannine-carpentier,Jeannine Carpentier
10527,jeb-berrier,Jeb Berrier
10528,jeb-stuart,Jeb Stuart
10529,jecca-beauchamp,Jecca Beauchamp
10530,jed,Jed
10531,jed-biesiada,Jed Biesiada
10532,jed-brophy,Jed Brophy
10533,jed-rees,Jed Rees
10534,jedidiah-cohen,Jedidiah Cohen
10535,jee-woon-kim,Jee-woon Kim
10536,jee-yun-lee,Jee-Yun Lee
10537,jeeja-yanin,JeeJa Yanin
10538,jeetu-verma,Jeetu Verma
10539,jef-tips,Jef Tips
10540,jefechander-suplino,Jefechander Suplino
10541,jeff-anderson-8,Jeff Anderson
10542,jeff-bennett,Jeff Bennett
10543,jeff-bridges,Jeff Bridges
10544,jeff-burrell,Jeff Burrell
10545,jeff-burton,Jeff Burton
10546,jeff-cadiente,Jeff Cadiente
10547,jeff-conaway,Jeff Conaway
10548,jeff-corey,Jeff Corey
10549,jeff-daniels,Jeff Daniels
10550,jeff-daochuan-liu,Jeff Daochuan Liu
10551,jeff-dashnaw,Jeff Dashnaw
10552,jeff-donaldson,Jeff Donaldson
10553,jeff-donnell,Jeff Donnell
10554,jeff-east,Jeff East
10555,jeff-fishman,Jeff Fishman
10556,jeff-garlin,Jeff Garlin
10557,jeff-gerth,Jeff Gerth
10558,jeff-gillen,Jeff Gillen
10559,jeff-goldblum,Jeff Goldblum
10560,jeff-kahn,Jeff Kahn
10561,jeff-kober,Jeff Kober
10562,jeff-koons,Jeff Koons
10563,jeff-lebeau,Jeff LeBeau
10564,jeff-levine,Jeff Levine
10565,jeff-lewis,Jeff Lewis
10566,jeff-lima,Jeff Lima
10567,jeff-macgregor,Jeff MacGregor
10568,jeff-maguire,Jeff Maguire
10569,jeff-nathanson,Jeff Nathanson
10570,jeff-nichols-4,Jeff Nichols
10571,jeff-nickell,Jeff Nickell
10572,jeff-nowinski,Jeff Nowinski
10573,jeff-ohaco,Jeff O'Haco
10574,jeff-orlowski-yang,Jeff Orlowski-Yang
10575,jeff-pidgeon,Jeff Pidgeon
10576,jeff-scott-whal,Jeff Scott Whal
10577,jeff-siergey,Jeff Siergey
10578,jeff-snow,Jeff Snow
10579,jeff-stockwell,Jeff Stockwell
10580,jeff-weidemann,Jeff Weidemann
10581,jeff-whitty,Jeff Whitty
10582,jeff-wolfe,Jeff Wolfe
10583,jeff-yaovi-amehounkpe,Jeff Yaovi Amehounkpe
10584,jefferson-airplane,Jefferson Airplane
10585,jefferson-dunn,Jefferson Dunn
10586,jeffery-rifflard,Jeffery Rifflard
10587,jeffery-williams,Jeffery Williams
10588,jeffrey-boam,Jeffrey Boam
10589,jeffrey-caine,Jeffrey Caine
10590,jeffrey-combs,Jeffrey Combs
10591,jeffrey-dallas,Jeffrey Dallas
10592,jeffrey-dean-foster,Jeffrey Dean Foster
10593,jeffrey-demunn,Jeffrey DeMunn
10594,jeffrey-donovan,Jeffrey Donovan
10595,jeffrey-eugenides,Jeffrey Eugenides
10596,jeffrey-hunter,Jeffrey Hunter
10597,jeffrey-jones,Jeffrey Jones
10598,jeffrey-kluger,Jeffrey Kluger
10599,jeffrey-kramer,Jeffrey Kramer
10600,jeffrey-lau,Jeffrey Lau
10601,jeffrey-massagli,Jeffrey Massagli
10602,jeffrey-price,Jeffrey Price
10603,jeffrey-scott-2,Jeffrey Scott
10604,jeffrey-stone,Jeffrey Stone
10605,jeffrey-tambor,Jeffrey Tambor
10606,jeffrey-voorhees,Jeffrey Voorhees
10607,jeffrey-w-jenkins,Jeffrey W. Jenkins
10608,jeffrey-weissman,Jeffrey Weissman
10609,jeffrey-wood-3,Jeffrey Wood
10610,jeffrey-wright,Jeffrey Wright
10611,jeffrey-yosten,Jeffrey Yosten
10612,jeffrey-zubernis,Jeffrey Zubernis
10613,jeffrie-lane,Jeffrie Lane
10614,jeffry-wickham,Jeffry Wickham
10615,jehnny-beth,Jehnny Beth
10616,jeirmarie-osorio,Jeirmarie Osorio
10617,jelena-kordic-kuret,Jelena Kordic Kuret
10618,jem-cohen,Jem Cohen
10619,jemaine-clement,Jemaine Clement
10620,jemma-redgrave,Jemma Redgrave
10621,jen-bluestein,Jen Bluestein
10622,jen-wolfe,Jen Wolfe
10623,jena-malone,Jena Malone
10624,jenette-goldstein,Jenette Goldstein
10625,jeni-ross,Jeni Ross
10626,jeni-vici,Jeni Vici
10627,jenie-jackson,Jenie Jackson
10628,jenjira-pongpas,Jenjira Pongpas
10629,jenn-murray,Jenn Murray
10630,jenna-byrne,Jenna Byrne
10631,jenna-gavigan,Jenna Gavigan
10632,jenna-von-oy,Jenna von Oÿ
10633,jenni-tooley,Jenni Tooley
10634,jennifer-aniston,Jennifer Aniston
10635,jennifer-beals,Jennifer Beals
10636,jennifer-choe,Jennifer Choe
10637,jennifer-connelly,Jennifer Connelly
10638,jennifer-darling,Jennifer Darling
10639,jennifer-edwards-hughes,Jennifer Edwards-Hughes
10640,jennifer-ehle,Jennifer Ehle
10641,jennifer-fox-3,Jennifer Fox
10642,jennifer-garner,Jennifer Garner
10643,jennifer-grey,Jennifer Grey
10644,jennifer-hagan,Jennifer Hagan
10645,jennifer-howell,Jennifer Howell
10646,jennifer-hudson,Jennifer Hudson
10647,jennifer-jane-emerson,Jennifer Jane Emerson
10648,jennifer-jason-leigh,Jennifer Jason Leigh
10649,jennifer-josey,Jennifer Josey
10650,jennifer-k-mickel,Jennifer K. Mickel
10651,jennifer-kent,Jennifer Kent
10652,jennifer-lawrence-3,Jennifer Lawrence
10653,jennifer-lien,Jennifer Lien
10654,jennifer-lim-3,Jennifer Lim
10655,jennifer-lopez,Jennifer Lopez
10656,jennifer-lynch,Jennifer Lynch
10657,jennifer-morrison-2,Jennifer Morrison
10658,jennifer-peedom,Jennifer Peedom
10659,jennifer-prior,Jennifer Prior
10660,jennifer-roszell,Jennifer Roszell
10661,jennifer-rubin,Jennifer Rubin
10662,jennifer-runyon,Jennifer Runyon
10663,jennifer-salt,Jennifer Salt
10664,jennifer-saunders,Jennifer Saunders
10665,jennifer-sey,Jennifer Sey
10666,jennifer-tchiakpe,Jennifer Tchiakpe
10667,jennifer-tilly,Jennifer Tilly
10668,jennifer-tung,Jennifer Tung
10669,jennifer-white-2,Jennifer White
10670,jenny-6,Jenny
10671,jenny-agutter,Jenny Agutter
10672,jenny-crosdale,Jenny Crosdale
10673,jenny-griffith,Jenny Griffith
10674,jenny-laird,Jenny Laird
10675,jenny-lewis,Jenny Lewis
10676,jenny-phagan,Jenny Phagan
10677,jenny-raskin,Jenny Raskin
10678,jenny-runacre,Jenny Runacre
10679,jenny-wright,Jenny Wright
10680,jeno-nagy,Jenö Nagy
10681,jens-albinus,Jens Albinus
10682,jenson-cheng,Jenson Cheng
10683,jenya-2,Jenya
10684,jeon-gook-hwan,Jeon Gook-hwan
10685,jeon-jong-seo,Jeon Jong-seo
10686,jeong-gyu-su,Jeong Gyu-su
10687,jeong-ha-dam,Jeong Ha-dam
10688,jeong-min-park-2,Jeong Min Park
10689,jeong-woon-lim,Jeong-Woon Lim
10690,jere-delaney,Jere Delaney
10691,jeremiah-2,Jeremiah
10692,jeremiah-ndlovu,Jeremiah Ndlovu
10693,jeremie-laheurte,Jérémie Laheurte
10694,jeremie-renier,Jérémie Renier
10695,jeremie-segard,Jérémie Segard
10696,jeremy-4,Jeremy
10697,jeremy-applegate,Jeremy Applegate
10698,jeremy-bergman,Jeremy Bergman
10699,jeremy-brett,Jeremy Brett
10700,jeremy-brown-9,Jeremy Brown
10701,jeremy-bulloch,Jeremy Bulloch
10702,jeremy-crutchley,Jeremy Crutchley
10703,jeremy-davies,Jeremy Davies
10704,jeremy-dawson,Jeremy Dawson
10705,jeremy-fitzgerald,Jeremy Fitzgerald
10706,jeremy-hix,Jeremy Hix
10707,jeremy-howard,Jeremy Howard
10708,jeremy-irons,Jeremy Irons
10709,jeremy-james-kissner,Jeremy James Kissner
10710,jeremy-leary,Jeremy Leary
10711,jeremy-leven,Jeremy Leven
10712,jeremy-limb,Jeremy Limb
10713,jeremy-lloyd,Jeremy Lloyd
10714,jeremy-newson,Jeremy Newson
10715,jeremy-northam,Jeremy Northam
10716,jeremy-piven,Jeremy Piven
10717,jeremy-renner,Jeremy Renner
10718,jeremy-rowe,Jeremy Rowe
10719,jeremy-scahill,Jeremy Scahill
10720,jeremy-shamos,Jeremy Shamos
10721,jeremy-sisto,Jeremy Sisto
10722,jeremy-spears,Jeremy Spears
10723,jeremy-strong,Jeremy Strong
10724,jeremy-suarez,Jeremy Suarez
10725,jeremy-xido,Jeremy Xido
10726,jermaine-freeman,Jermaine Freeman
10727,jermaine-liburd,Jermaine Liburd
10728,jermell-deshauan,Jermell Deshauan
10729,jermichael-grey,Jermichael Grey
10730,jernard-burks,Jernard Burks
10731,jeroen-krabbe,Jeroen Krabbé
10732,jerome-3,Jérome
10733,jerome-cowan,Jerome Cowan
10734,jerome-funk,Jerome Funk
10735,jerome-kircher,Jérôme Kircher
10736,jerome-patrick-hoban,Jerome Patrick Hoban
10737,jerome-ranft,Jerome Ranft
10738,jerome-robbins,Jerome Robbins
10739,jeron-amin-dewulf,Jeron Amin Dewulf
10740,jeronimo-baron,Jerónimo Barón
10741,jeronimo-mitchell,Jeronimo Mitchell
10742,jeronimo-spinx,Jeronimo Spinx
10743,jerry-7,Jerry
10744,jerry-antes,Jerry Antes
10745,jerry-belson,Jerry Belson
10746,jerry-bernstein,Jerry Bernstein
10747,jerry-buchek,Jerry Buchek
10748,jerry-colonna,Jerry Colonna
10749,jerry-dexter,Jerry Dexter
10750,jerry-falwell,Jerry Falwell
10751,jerry-fujikawa,Jerry Fujikawa
10752,jerry-grayson-2,Jerry Grayson
10753,jerry-green,Jerry Green
10754,jerry-hall,Jerry Hall
10755,jerry-harrison,Jerry Harrison
10756,jerry-hausner,Jerry Hausner
10757,jerry-haynes,Jerry Haynes
10758,jerry-houser,Jerry Houser
10759,jerry-howard,Jerry Howard
10760,jerry-jones,Jerry Jones
10761,jerry-juhl,Jerry Juhl
10762,jerry-jumonville,Jerry Jumonville
10763,jerry-lewis,Jerry Lewis
10764,jerry-mayer,Jerry Mayer
10765,jerry-mofokeng,Jerry Mofokeng
10766,jerry-moran,Jerry Moran
10767,jerry-nelson,Jerry Nelson
10768,jerry-oconnell,Jerry O'Connell
10769,jerry-orbach,Jerry Orbach
10770,jerry-osullivan-5,Jerry O'Sullivan
10771,jerry-potter-2,Jerry Potter
10772,jerry-scheff,Jerry Scheff
10773,jerry-schultz-2,Jerry Schultz
10774,jerry-siegel,Jerry Siegel
10775,jerry-stovin,Jerry Stovin
10776,jerry-tondo,Jerry Tondo
10777,jerry-vale,Jerry Vale
10778,jerry-verno,Jerry Verno
10779,jerry-winsett,Jerry Winsett
10780,jerry-ziesmer,Jerry Ziesmer
10781,jerry-zucker,Jerry Zucker
10782,jerskin-fendrix,Jerskin Fendrix
10783,jerzy-gudejko,Jerzy Gudejko
10784,jerzy-nowak,Jerzy Nowak
10785,jerzy-skolimowski,Jerzy Skolimowski
10786,jerzy-stuhr,Jerzy Stuhr
10787,jerzy-trela,Jerzy Trela
10788,jerzy-walczak,Jerzy Walczak
10789,jesper-christensen,Jesper Christensen
10790,jesper-osmund,Jesper Osmund
10791,jess-harnell,Jess Harnell
10792,jess-mcleod,Jess McLeod
10793,jess-osuna,Jess Osuna
10794,jessa-darrieux,Jessa Darrieux
10795,jesse-armstrong,Jesse Armstrong
10796,jesse-bradford,Jesse Bradford
10797,jesse-brant-howell,Jesse Brant Howell
10798,jesse-corti,Jesse Corti
10799,jesse-crumb,Jesse Crumb
10800,jesse-d-goins,Jesse D. Goins
10801,jesse-de-luna,Jesse De Luna
10802,jesse-doran,Jesse Doran
10803,jesse-eisenberg,Jesse Eisenberg
10804,jesse-emmett,Jesse Emmett
10805,jesse-friedman-2,Jesse Friedman
10806,jesse-griffin,Jesse Griffin
10807,jesse-helms,Jesse Helms
10808,jesse-james,Jesse James
10809,jesse-marshall,Jesse Marshall
10810,jesse-moss,Jesse Moss
10811,jesse-moss-2,Jesse Moss
10812,jesse-plemons,Jesse Plemons
10813,jesse-ventura,Jesse Ventura
10814,jesse-zeigler,Jesse Zeigler
10815,jessica-alba,Jessica Alba
10816,jessica-booker,Jessica Booker
10817,jessica-bruder,Jessica Bruder
10818,jessica-campbell,Jessica Campbell
10819,jessica-capshaw,Jessica Capshaw
10820,jessica-chastain,Jessica Chastain
10821,jessica-fox,Jessica Fox
10822,jessica-fuselier,Jessica Fuselier
10823,jessica-hansen,Jessica Hansen
10824,jessica-hecht,Jessica Hecht
10825,jessica-howard-3,Jessica Howard
10826,jessica-hynes,Jessica Hynes
10827,jessica-joannides,Jessica Joannides
10828,jessica-kate-meyer,Jessica Kate Meyer
10829,jessica-korinek,Jessica Korinek
10830,jessica-lange,Jessica Lange
10831,jessica-louthander,Jessica Louthander
10832,jessica-lundy,Jessica Lundy
10833,jessica-makinson,Jessica Makinson
10834,jessica-martinez-garcia,Jessica Martínez García
10835,jessica-mcmanus,Jessica McManus
10836,jessica-oyelowo,Jessica Oyelowo
10837,jessica-parker-kennedy,Jessica Parker Kennedy
10838,jessica-rothe,Jessica Rothe
10839,jessica-sarah-flaum,Jessica Sarah Flaum
10840,jessica-schulte-2,Jessica Schulte
10841,jessica-skelton,Jessica Skelton
10842,jessica-strand,Jessica Strand
10843,jessica-tandy,Jessica Tandy
10844,jessica-wampler,Jessica Wampler
10845,jessie,Jessie
10846,jessie-arnold,Jessie Arnold
10847,jessie-buckley,Jessie Buckley
10848,jessie-keosian,Jessie Keosian
10849,jessie-lawrence-ferguson,Jessie Lawrence Ferguson
10850,jessie-lee-fulton,Jessie Lee Fulton
10851,jessie-ralph,Jessie Ralph
10852,jessie-royce-landis,Jessie Royce Landis
10853,jesslyn-fax,Jesslyn Fax
10854,jesus-del-monte,Jesús del Monte
10855,jesus-fernandez,Jesús Fernández
10856,jesus-mitchell,Jesus Mitchell
10857,jesus-ochoa,Jesús Ochoa
10858,jesus-sanchez-velez,Jesus Sanchez-Velez
10859,jet-li,Jet Li
10860,jethro-2,Jethro
10861,jewel-palovak,Jewel Palovak
10862,jewel-staite,Jewel Staite
10863,jf-briere,J.F. Brière
10864,jg-ballard,J.G. Ballard
10865,jharrel-jerome,Jharrel Jerome
10866,jhon-alex-toro,Jhon Álex Toro
10867,jhon-narvaez,Jhon Narváez
10868,ji-eun-lim,Ji-Eun Lim
10869,ji-hye-yun,Ji-hye Yun
10870,ji-yeon-yoo,Ji-Yeon Yoo
10871,jia-ler-koh,Jia Ler Koh
10872,jia-min-chantel-teo,Jia Min Chantel Teo
10873,jiahuan-wan-2,Jiahuan Wan
10874,jiali-ding,Jiali Ding
10875,jialing-zhang,Jialing Zhang
10876,jiamei-feng,Jiamei Feng
10877,jian-jun-ding,Jian Jun Ding
10878,jiangchuan-yang,Jiangchuan Yang
10879,jiangcuo-seba,Jiangcuo Seba
10880,jianhua-feng,Jianhua Feng
10881,jianlin-pan,Jianlin Pan
10882,jianmin-liu,Jianmin Liu
10883,jiaoming-pang,Jiaoming Pang
10884,jie-liu-2,Jie Liu
10885,jie-wu-2,Jie Wu
10886,jill-anderson,Jill Anderson
10887,jill-baker,Jill Baker
10888,jill-culton,Jill Culton
10889,jill-flint,Jill Flint
10890,jill-gatsby,Jill Gatsby
10891,jill-lamantia,Jill Lamantia
10892,jill-marie-simon,Jill Marie Simon
10893,jill-melford,Jill Melford
10894,jill-quigg,Jill Quigg
10895,jill-sayre-2,Jill Sayre
10896,jill-talley,Jill Talley
10897,jill-the-dog,Jill the Dog
10898,jillian-armenante,Jillian Armenante
10899,jillian-dion,Jillian Dion
10900,jim-abrahams,Jim Abrahams
10901,jim-anderson-6,Jim Anderson
10902,jim-babel,Jim Babel
10903,jim-backus,Jim Backus
10904,jim-beaver,Jim Beaver
10905,jim-belushi,Jim Belushi
10906,jim-bohan,Jim Bohan
10907,jim-bouton,Jim Bouton
10908,jim-bowman,Jim Bowman
10909,jim-brady-2,Jim Brady
10910,jim-broadbent,Jim Broadbent
10911,jim-capobianco,Jim Capobianco
10912,jim-carmichael,Jim Carmichael
10913,jim-carrey,Jim Carrey
10914,jim-carter,Jim Carter
10915,jim-caviezel,Jim Caviezel
10916,jim-craig-4,Jim Craig
10917,jim-cummings,Jim Cummings
10918,jim-curley,Jim Curley
10919,jim-davis,Jim Davis
10920,jim-doughan,Jim Doughan
10921,jim-dougherty,Jim Dougherty
10922,jim-eigo,Jim Eigo
10923,jim-faircloth,Jim Faircloth
10924,jim-gallagher,Jim Gallagher
10925,jim-gordon-2,Jim Gordon
10926,jim-handley,Jim Handley
10927,jim-haynie,Jim Haynie
10928,jim-healy,Jim Healy
10929,jim-henshaw,Jim Henshaw
10930,jim-henson,Jim Henson
10931,jim-hill,Jim Hill
10932,jim-horn,Jim Horn
10933,jim-hunter,Jim Hunter
10934,jim-j-bullock,Jim J. Bullock
10935,jim-jackman,Jim Jackman
10936,jim-jacobs,Jim Jacobs
10937,jim-jarmusch,Jim Jarmusch
10938,jim-keegan-2,Jim Keegan
10939,jim-kelly,Jim Kelly
10940,jim-knobeloch,Jim Knobeloch
10941,jim-kouf,Jim Kouf
10942,jim-lovell,Jim Lovell
10943,jim-malone,Jim Malone
10944,jim-maniaci,Jim Maniaci
10945,jim-mcbride,Jim McBride
10946,jim-mcfarland,Jim McFarland
10947,jim-mckay,Jim McKay
10948,jim-mcmullan,Jim McMullan
10949,jim-meskimen,Jim Meskimen
10950,jim-metzler,Jim Metzler
10951,jim-moore-3,Jim Moore
10952,jim-parsons-2,Jim Parsons
10953,jim-piddock,Jim Piddock
10954,jim-r-coleman,Jim R. Coleman
10955,jim-rash,Jim Rash
10956,jim-reardon,Jim Reardon
10957,jim-sclavunos,Jim Sclavunos
10958,jim-sharman,Jim Sharman
10959,jim-sheridan,Jim Sheridan
10960,jim-siedow,Jim Siedow
10961,jim-strain,Jim Strain
10962,jim-tavare,Jim Tavaré
10963,jim-taylor,Jim Taylor
10964,jim-thomas,Jim Thomas
10965,jim-thompson,Jim Thompson
10966,jim-uhls,Jim Uhls
10967,jim-varney,Jim Varney
10968,jim-wheat,Jim Wheat
10969,jim-zubiena,Jim Zubiena
10970,jimi-hendrix,Jimi Hendrix
10971,jimi-mistry,Jimi Mistry
10972,jimmi-carlos-zuniga-macias,Jimmi Carlos Zuniga Macias
10973,jimmie-f-skaggs,Jimmie F. Skaggs
10974,jimmie-fails,Jimmie Fails
10975,jimmie-ray-weeks,Jimmie Ray Weeks
10976,jimmy-bates,Jimmy Bates
10977,jimmy-bridges,Jimmy Bridges
10978,jimmy-carter,Jimmy Carter
10979,jimmy-charters,Jimmy Charters
10980,jimmy-conlin,Jimmy Conlin
10981,jimmy-deloof,Jimmy Deloof
10982,jimmy-dime,Jimmy Dime
10983,jimmy-donaldson-2,Jimmy Donaldson
10984,jimmy-fallon,Jimmy Fallon
10985,jimmy-flynn,Jimmy Flynn
10986,jimmy-gardner,Jimmy Gardner
10987,jimmy-giapoutzis,Jimmy Giapoutzis
10988,jimmy-hart-3,Jimmy Hart
10989,jimmy-herman,Jimmy Herman
10990,jimmy-jax-pinchak,Jimmy 'Jax' Pinchak
10991,jimmy-joe-maher,Jimmy Joe Maher
10992,jimmy-lee-moore,Jimmy Lee Moore
10993,jimmy-lee-savage,Jimmy Lee Savage
10994,jimmy-lennon-sr,Jimmy Lennon Sr.
10995,jimmy-nail,Jimmy Nail
10996,jimmy-noonan,Jimmy Noonan
10997,jimmy-oconnor,Jimmy O'Connor
10998,jimmy-oglow,Jimmy Oglow
10999,jimmy-reddington,Jimmy Reddington
11000,jimmy-roussounis,Jimmy Roussounis
11001,jimmy-sharp-2,Jimmy Sharp
11002,jimmy-shergill,Jimmy Shergill
11003,jimmy-shubert,Jimmy Shubert
11004,jimmy-swaggart,Jimmy Swaggart
11005,jin-dae-yeon,Jin Dae-yeon
11006,jin-hirao,Jin Hirao
11007,jin-ling-liu,Jin-Ling Liu
11008,jin-ming,Jin Ming
11009,jin-seo-yoon,Jin-Seo Yoon
11010,jin-yamanoi,Jin Yamanoi
11011,jing-guo-4,Jing Guo
11012,jing-li-4,Jing Li
11013,jing-zhang-2,Jing Zhang
11014,jinhang-liu,Jinhang Liu
11015,jinpachi-nezu,Jinpachi Nezu
11016,jinting-zhang,Jinting Zhang
11017,jiri-kraus,Jiri Kraus
11018,jiusheng-wang,Jiusheng Wang
11019,jj-abrams,J.J. Abrams
11020,jj-cohen,J.J. Cohen
11021,jj-hardy,J.J. Hardy
11022,jj-johnson-5,J.J. Johnson
11023,jj-kandel,J.J. Kandel
11024,jk-rowling,J.K. Rowling
11025,jk-simmons,J.K. Simmons
11026,jo-abercrombie,Jo Abercrombie
11027,jo-ann-brody,Jo Ann Brody
11028,jo-ann-marlowe,Jo Ann Marlowe
11029,jo-anne-worley,Jo Anne Worley
11030,jo-azumi,Jô Azumi
11031,jo-connor,Jo Connor
11032,jo-de-winter,Jo de Winter
11033,jo-dest,Jo Dest
11034,jo-doumerg,Jo Doumerg
11035,jo-hartley,Jo Hartley
11036,jo-heims,Jo Heims
11037,jo-jae-myeong,Jo Jae-myeong
11038,jo-kendall,Jo Kendall
11039,jo-kukathas,Jo Kukathas
11040,jo-martin-2,Jo Martin
11041,jo-shapcott,Jo Shapcott
11042,jo-swerling,Jo Swerling
11043,jo-twiss,Jo Twiss
11044,jo-van-fleet,Jo Van Fleet
11045,jo-yun-hwang,Jo-yun Hwang
11046,joachim-bernhard,Joachim Bernhard
11047,joachim-cohen,Joachim Cohen
11048,joachim-fest,Joachim Fest
11049,joachim-krol,Joachim Król
11050,joachim-paul-assbock,Joachim Paul Assböck
11051,joachim-salinger,Joachim Salinger
11052,joachim-schonfeld,Joachim Schönfeld
11053,joachim-tomaschewsky,Joachim Tomaschewsky
11054,joachim-trier,Joachim Trier
11055,joad-abed-el-gani,Joad Abed El Gani
11056,joahn-webb,Joahn Webb
11057,joakim-nango,Joakim Nango
11058,joalisson-cunha,Joálisson Cunha
11059,joan-alison,Joan Alison
11060,joan-allen,Joan Allen
11061,joan-ann-archer,Joan Ann Archer
11062,joan-baez,Joan Baez
11063,joan-barber,Joan Barber
11064,joan-bennett,Joan Bennett
11065,joan-blair,Joan Blair
11066,joan-blondell,Joan Blondell
11067,joan-boisjoly,Joan Boisjoly
11068,joan-brown,Joan Brown
11069,joan-carroll,Joan Carroll
11070,joan-chandler,Joan Chandler
11071,joan-chen,Joan Chen
11072,joan-cozier,Joan Cozier
11073,joan-crawford,Joan Crawford
11074,joan-cusack,Joan Cusack
11075,joan-fontaine,Joan Fontaine
11076,joan-gaspart,Joan Gaspart
11077,joan-harrison,Joan Harrison
11078,joan-jaffe,Joan Jaffe
11079,joan-leslie,Joan Leslie
11080,joan-mcleod,Joan McLeod
11081,joan-neuman,Joan Neuman
11082,joan-plowright,Joan Plowright
11083,joan-reilly,Joan Reilly
11084,joan-rivers,Joan Rivers
11085,joan-shawlee,Joan Shawlee
11086,joan-sheehy,Joan Sheehy
11087,joan-steffand,Joan Steffand
11088,joan-tewkesbury,Joan Tewkesbury
11089,joan-vohs,Joan Vohs
11090,joan-young,Joan Young
11091,joana-gatis,Joana Gatis
11092,joanie-kleypas,Joanie Kleypas
11093,joann-cavill,Joann Cavill
11094,joann-morgan,Joann Morgan
11095,joanna-barnes,Joanna Barnes
11096,joanna-brookes,Joanna Brookes
11097,joanna-cassidy,Joanna Cassidy
11098,joanna-depczynska,Joanna Depczynska
11099,joanna-fang-2,Joanna Fang
11100,joanna-gleason,Joanna Gleason
11101,joanna-going,Joanna Going
11102,joanna-hall,Joanna Hall
11103,joanna-hogg,Joanna Hogg
11104,joanna-kerns,Joanna Kerns
11105,joanna-kulig,Joanna Kulig
11106,joanna-lumley,Joanna Lumley
11107,joanna-moore-2,Joanna Moore
11108,joanna-pacula,Joanna Pacula
11109,joanna-polley,Joanna Polley
11110,joanna-scanlan,Joanna Scanlan
11111,joanna-swain,Joanna Swain
11112,joanne-brooks,Joanne Brooks
11113,joanne-dru,Joanne Dru
11114,joanne-gordon-2,Joanne Gordon
11115,joanne-jordan,Joanne Jordan
11116,joanne-kruse,Joanne Kruse
11117,joanne-lindsay,Joanne Lindsay
11118,joanne-moore-jordan,Joanne Moore Jordan
11119,joanne-strauss,Joanne Strauss
11120,joanne-whalley,Joanne Whalley
11121,joao-baptista-fortes,João Baptista Fortes
11122,joao-emanuel-carneiro,João Emanuel Carneiro
11123,joao-pedro-rodrigues,João Pedro Rodrigues
11124,joao-raimundo-monteiro,João Raimundo Monteiro
11125,joao-vitor-silva,João Vitor Silva
11126,joaquim-de-almeida,Joaquim de Almeida
11127,joaquim-dos-santos,Joaquim Dos Santos
11128,joaquin-cocina,Joaquín Cociña
11129,joaquin-garrido,Joaquín Garrido
11130,joaquin-pamplona,Joaquín Pamplona
11131,joaquin-phoenix,Joaquin Phoenix
11132,joaquin-ramon,Joaquín Ramón
11133,job-raaijmakers,Job Raaijmakers
11134,jobeth-williams,JoBeth Williams
11135,jocelyn-samson,Jocelyn Samson
11136,jocelyn-shelfo,Jocelyn Shelfo
11137,jodhi-may,Jodhi May
11138,jodi-ann-johnson,Jodi Ann Johnson
11139,jodi-benson,Jodi Benson
11140,jodi-l-goldfinger,Jodi L. Goldfinger
11141,jodi-long,Jodi Long
11142,jodi-price,Jodi Price
11143,jodie-andrews,Jodie Andrews
11144,jodie-foster,Jodie Foster
11145,jodie-ilnicki,Jodie Ilnicki
11146,jodie-markell,Jodie Markell
11147,jody-gilbert,Jody Gilbert
11148,jody-halse,Jody Halse
11149,joe-adams-3,Joe Adams
11150,joe-alwyn,Joe Alwyn
11151,joe-anderson-5,Joe Anderson
11152,joe-anderson-6,Joe Anderson
11153,joe-bacon,Joe Bacon
11154,joe-baker,Joe Baker
11155,joe-basulto,Joe Basulto
11156,joe-bays,Joe Bays
11157,joe-beckett,Joe Beckett
11158,joe-bellan,Joe Bellan
11159,joe-berlinger,Joe Berlinger
11160,joe-berryman,Joe Berryman
11161,joe-bill-hogan,Joe Bill Hogan
11162,joe-brooks,Joe Brooks
11163,joe-brown,Joe Brown
11164,joe-bucaro-iii,Joe Bucaro III
11165,joe-camp-iii,Joe Camp III
11166,joe-chisholm,Joe Chisholm
11167,joe-chrest,Joe Chrest
11168,joe-cobden,Joe Cobden
11169,joe-cocker,Joe Cocker
11170,joe-connelly-2,Joe Connelly
11171,joe-cornish,Joe Cornish
11172,joe-cortese,Joe Cortese
11173,joe-dangerio,Joe D'Angerio
11174,joe-dinicol,Joe Dinicol
11175,joe-doherty,Joe Doherty
11176,joe-don-baker,Joe Don Baker
11177,joe-dorsey,Joe Dorsey
11178,joe-e-brown,Joe E. Brown
11179,joe-ekers,Joe Ekers
11180,joe-eldred,Joe Eldred
11181,joe-farago,Joe Farago
11182,joe-farmer-2,Joe Farmer
11183,joe-frisco,Joe Frisco
11184,joe-gilbert,Joe Gilbert
11185,joe-gilgun,Joe Gilgun
11186,joe-grant,Joe Grant
11187,joe-grifasi,Joe Grifasi
11188,joe-guercio,Joe Guercio
11189,joe-hanley,Joe Hanley
11190,joe-heath,Joe Heath
11191,joe-heathcock,Joe Heathcock
11192,joe-jay-jalbert,Joe Jay Jalbert
11193,joe-johnston,Joe Johnston
11194,joe-komara,Joe Komara
11195,joe-lo-truglio,Joe Lo Truglio
11196,joe-manganiello,Joe Manganiello
11197,joe-mantegna,Joe Mantegna
11198,joe-mantell,Joe Mantell
11199,joe-marinelli,Joe Marinelli
11200,joe-masteroff,Joe Masteroff
11201,joe-morton,Joe Morton
11202,joe-nunez,Joe Nunez
11203,joe-pantoliano,Joe Pantoliano
11204,joe-paparone,Joe Paparone
11205,joe-pesci,Joe Pesci
11206,joe-pingue,Joe Pingue
11207,joe-prospero,Joe Prospero
11208,joe-ranft,Joe Ranft
11209,joe-renton,Joe Renton
11210,joe-rinaldi,Joe Rinaldi
11211,joe-robert-cole,Joe Robert Cole
11212,joe-roncetti,Joe Roncetti
11213,joe-savino,Joe Savino
11214,joe-sawyer,Joe Sawyer
11215,joe-shuster,Joe Shuster
11216,joe-silva-5,Joe Silva
11217,joe-siracusa,Joe Siracusa
11218,joe-soares,Joe Soares
11219,joe-spano,Joe Spano
11220,joe-spinell,Joe Spinell
11221,joe-stahley,Joe Stahley
11222,joe-starr,Joe Starr
11223,joe-stillman,Joe Stillman
11224,joe-strnad,Joe Strnad
11225,joe-sweetie-agee,Joe 'Sweetie' Agee
11226,joe-taslim,Joe Taslim
11227,joe-turkel,Joe Turkel
11228,joe-unger,Joe Unger
11229,joe-womack,Joe Womack
11230,joe-wright-3,Joe Wright
11231,joeanna-sayler,Joeanna Sayler
11232,joel-allen,Joel Allen
11233,joel-bailey,Joel Bailey
11234,joel-barcellos,Joel Barcellos
11235,joel-carpenter-2,Joel Carpenter
11236,joel-coen,Joel Coen
11237,joel-cohen,Joel Cohen
11238,joel-edgerton,Joel Edgerton
11239,joel-fluellen,Joel Fluellen
11240,joel-grey,Joel Grey
11241,joel-hefley,Joel Hefley
11242,joel-lefrancois,Joël Lefrançois
11243,joel-marston,Joel Marston
11244,joel-mccrea,Joel McCrea
11245,joel-murray,Joel Murray
11246,joel-parks-2,Joel Parks
11247,joel-polis,Joel Polis
11248,joel-robinson-2,Joel Robinson
11249,joel-rovira,Joel Rovira
11250,joel-schumacher,Joel Schumacher
11251,joel-silver,Joel Silver
11252,joel-telford,Joel Telford
11253,joelle-carter,Joelle Carter
11254,joely-mbundu,Joely Mbundu
11255,joerg-stadler,Joerg Stadler
11256,joes-brauers,Joes Brauers
11257,joey-ansah,Joey Ansah
11258,joey-gaydos-jr,Joey Gaydos Jr.
11259,joey-iwanaga,Joey Iwanaga
11260,joey-king,Joey King
11261,joey-krajcar,Joey Krajcar
11262,joey-lauren-adams,Joey Lauren Adams
11263,joey-perillo,Joey Perillo
11264,joey-roche,Joey Roche
11265,joey-singer,Joey Singer
11266,joey-slotnick,Joey Slotnick
11267,johan,Johan
11268,johan-charles,Johan Charles
11269,johan-grimonprez,Johan Grimonprez
11270,johan-heldenbergh,Johan Heldenbergh
11271,johan-liljemark,Johan Liljemark
11272,johann,Johann
11273,johann-carlo,Johann Carlo
11274,johann-karthaus,Johann Karthaus
11275,johanna-andrea-mora,Johanna Andrea Mora
11276,johanna-day,Johanna Day
11277,johanna-elmina-moise,Johanna Elmina Moise
11278,johanna-harwood,Johanna Harwood
11279,johanna-hofer,Johanna Hofer
11280,johanne-marie-tremblay,Johanne-Marie Tremblay
11281,johannes-hegemann,Johannes Hegemann
11282,johannes-joner,Johannes Joner
11283,johannes-kuhnke,Johannes Kuhnke
11284,johannes-moustos,Johannes Moustos
11285,johannes-scheidweiler,Johannes Scheidweiler
11286,johannes-scheutz,Johannes Scheutz
11287,john-a-mason,John A. Mason
11288,john-a-russo,John A. Russo
11289,john-abbott,John Abbott
11290,john-africa,John Africa
11291,john-agar,John Agar
11292,john-ajvide-lindqvist,John Ajvide Lindqvist
11293,john-alban,John Alban
11294,john-albright,John Albright
11295,john-alderson,John Alderson
11296,john-ales,John Ales
11297,john-alexander-2,John Alexander
11298,john-allen-nelson,John Allen Nelson
11299,john-anderson,John Anderson
11300,john-angelo-3,John Angelo
11301,john-aquino,John Aquino
11302,john-archer,John Archer
11303,john-arledge,John Arledge
11304,john-armstead,John Armstead
11305,john-armstrong-4,John Armstrong
11306,john-ashby-3,John Ashby
11307,john-ashley-2,John Ashley
11308,john-ashton,John Ashton
11309,john-august,John August
11310,john-bach,John Bach
11311,john-badham,John Badham
11312,john-bahr,John Bahr
11313,john-ball,John Ball
11314,john-ballas,John Ballas
11315,john-ballinger-sr,John Ballinger Sr.
11316,john-barrie,John Barrie
11317,john-barry-2,John Barry
11318,john-barry-6,John Barry
11319,john-bartha,John Bartha
11320,john-beach,John Beach
11321,john-bedford-lloyd,John Bedford Lloyd
11322,john-belushi,John Belushi
11323,john-benjamin-hickey,John Benjamin Hickey
11324,john-benson,John Benson
11325,john-berry,John Berry
11326,john-bindon,John Bindon
11327,john-bishop-3,John Bishop
11328,john-bishop-5,John Bishop
11329,john-bisignano,John Bisignano
11330,john-bisom,John Bisom
11331,john-blackborow,John Blackborow
11332,john-blaylock,John Blaylock
11333,john-bloom-4,John Bloom
11334,john-bluthal,John Bluthal
11335,john-boles,John Boles
11336,john-boorman,John Boorman
11337,john-bose,John Bose
11338,john-boxer-2,John Boxer
11339,john-briley,John Briley
11340,john-brisby,John Brisby
11341,john-brown,John Brown
11342,john-buchan,John Buchan
11343,john-buchan-2,John Buchan
11344,john-buckler,John Buckler
11345,john-burch-3,John Burch
11346,john-butler,John Butler
11347,john-c-becher,John C. Becher
11348,john-c-champion,John C. Champion
11349,john-c-mcginley,John C. McGinley
11350,john-c-reilly,John C. Reilly
11351,john-cairney,John Cairney
11352,john-cale,John Cale
11353,john-cameron-2,John Cameron
11354,john-cameron-mitchell,John Cameron Mitchell
11355,john-candy,John Candy
11356,john-capodice,John Capodice
11357,john-carney-3,John Carney
11358,john-carpenter,John Carpenter
11359,john-carradine,John Carradine
11360,john-carroll,John Carroll
11361,john-carroll-lynch,John Carroll Lynch
11362,john-carter-2,John Carter
11363,john-carty,John Carty
11364,john-casani,John Casani
11365,john-case,John Case
11366,john-cassady,John Cassady
11367,john-cassavetes,John Cassavetes
11368,john-castellano,John Castellano
11369,john-catsimatidis,John Catsimatidis
11370,john-cazale,John Cazale
11371,john-charlie-veron,John 'Charlie' Veron
11372,john-cho,John Cho
11373,john-cleese,John Cleese
11374,john-clements,John Clements
11375,john-clint-mabry,John Clint Mabry
11376,john-collier,John Collier
11377,john-coltrane,John Coltrane
11378,john-considine,John Considine
11379,john-cooper-clarke,John Cooper Clarke
11380,john-coppolino-jr,John Coppolino Jr.
11381,john-corbett,John Corbett
11382,john-costelloe,John Costelloe
11383,john-cothran,John Cothran
11384,john-cousins-5,John Cousins
11385,john-crane-2,John Crane
11386,john-crean,John Crean
11387,john-cresse,John Cresse
11388,john-crowley-2,John Crowley
11389,john-cundari,John Cundari
11390,john-curran-2,John Curran
11391,john-cusack,John Cusack
11392,john-d-voelker,John D. Voelker
11393,john-dahl,John Dahl
11394,john-dall,John Dall
11395,john-dalleen,John Dalleen
11396,john-davis-chandler,John Davis Chandler
11397,john-dennis,John Dennis
11398,john-desantis,John DeSantis
11399,john-dicks,John Dicks
11400,john-diehl,John Diehl
11401,john-dierkes,John Dierkes
11402,john-dighton,John Dighton
11403,john-dimech,John Dimech
11404,john-drummond,John Drummond
11405,john-dugan,John Dugan
11406,john-dunn-hill,John Dunn-Hill
11407,john-durbin,John Durbin
11408,john-ehrlichman,John Ehrlichman
11409,john-elliott,John Elliott
11410,john-elvis,John Elvis
11411,john-emling,John Emling
11412,john-ennis,John Ennis
11413,john-f-goff,John F. Goff
11414,john-f-hamilton,John F. Hamilton
11415,john-f-kennedy,John F. Kennedy
11416,john-farrow,John Farrow
11417,john-fedevich,John Fedevich
11418,john-fiedler,John Fiedler
11419,john-finn,John Finn
11420,john-finnegan,John Finnegan
11421,john-fitch-3,John Fitch
11422,john-flanagan,John Flanagan
11423,john-ford,John Ford
11424,john-forrest,John Forrest
11425,john-fortune,John Fortune
11426,john-fowler-3,John Fowler
11427,john-frankenheimer,John Frankenheimer
11428,john-franklyn-robbins,John Franklyn-Robbins
11429,john-fraser,John Fraser
11430,john-fusco,John Fusco
11431,john-g-avildsen,John G. Avildsen
11432,john-gabriel,John Gabriel
11433,john-garber,John Garber
11434,john-garfield,John Garfield
11435,john-garson,John Garson
11436,john-gauthier,John Gauthier
11437,john-gavin,John Gavin
11438,john-getz,John Getz
11439,john-gielgud,John Gielgud
11440,john-goodman,John Goodman
11441,john-gowans,John Gowans
11442,john-graham-12,John Graham
11443,john-gregson,John Gregson
11444,john-halliday,John Halliday
11445,john-hamilton,John Hamilton
11446,john-hannah,John Hannah
11447,john-harmon,John Harmon
11448,john-harrington,John Harrington
11449,john-harrison-5,John Harrison
11450,john-hawkes,John Hawkes
11451,john-haycraft,John Haycraft
11452,john-heard,John Heard
11453,john-heffernan,John Heffernan
11454,john-heldabrand,John Heldabrand
11455,john-henry-cox,John Henry Cox
11456,john-henry-faulk,John Henry Faulk
11457,john-hill,John Hill
11458,john-hillerman,John Hillerman
11459,john-hodge,John Hodge
11460,john-holiday,John Holiday
11461,john-holland,John Holland
11462,john-hollis,John Hollis
11463,john-horton-2,John Horton
11464,john-houseman,John Houseman
11465,john-howard,John Howard
11466,john-howard-2,John Howard
11467,john-hoyt,John Hoyt
11468,john-hugh,John Hugh
11469,john-hughes,John Hughes
11470,john-hunt,John Hunt
11471,john-hurt,John Hurt
11472,john-huston,John Huston
11473,john-illingsworth,John Illingsworth
11474,john-ireland-2,John Ireland
11475,john-irving,John Irving
11476,john-j-fox,John J. Fox
11477,john-j-mclaughlin,John J. McLaughlin
11478,john-j-walsh,John J. Walsh
11479,john-jaymes,John Jaymes
11480,john-johnson-10,John Johnson
11481,john-joseph-oconnor,John Joseph O'Connor
11482,john-junkin,John Junkin
11483,john-kani,John Kani
11484,john-kapelos,John Kapelos
11485,john-karna,John Karna
11486,john-kearney-2,John Kearney
11487,john-keating-5,John Keating
11488,john-kelly,John Kelly
11489,john-keogh,John Keogh
11490,john-kitzmiller,John Kitzmiller
11491,john-kloock,John Kloock
11492,john-koyama,John Koyama
11493,john-kraft-seitz,John Kraft Seitz
11494,john-krasinski,John Krasinski
11495,john-krish,John Krish
11496,john-kuether,John Kuether
11497,john-l-balderston,John L. Balderston
11498,john-lacy,John Lacy
11499,john-landis,John Landis
11500,john-larch,John Larch
11501,john-larroquette,John Larroquette
11502,john-lasseter,John Lasseter
11503,john-laurie,John Laurie
11504,john-lawrence,John Lawrence
11505,john-lawrence-9,John Lawrence
11506,john-le-carre,John le Carré
11507,john-leddy,John Leddy
11508,john-lee-mahin,John Lee Mahin
11509,john-leguizamo,John Leguizamo
11510,john-leigh,John Leigh
11511,john-lennon,John Lennon
11512,john-leyton,John Leyton
11513,john-lithgow,John Lithgow
11514,john-locke-5,John Locke
11515,john-loder,John Loder
11516,john-lodge,John Lodge
11517,john-logan,John Logan
11518,john-longden,John Longden
11519,john-lurie,John Lurie
11520,john-m-watson-sr,John M. Watson Sr.
11521,john-madden,John Madden
11522,john-madison,John Madison
11523,john-magaro,John Magaro
11524,john-mahon,John Mahon
11525,john-mahoney,John Mahoney
11526,john-malkovich,John Malkovich
11527,john-manly,John Manly
11528,john-marley,John Marley
11529,john-marriott,John Marriott
11530,john-marshall-jones,John Marshall Jones
11531,john-martino,John Martino
11532,john-maxwell-2,John Maxwell
11533,john-mccain,John McCain
11534,john-mccarthy-2,John McCarthy
11535,john-mcconnell,John McConnell
11536,john-mccormick,John McCormick
11537,john-mccrea,John McCrea
11538,john-mcdermott-2,John McDermott
11539,john-mcgiver,John McGiver
11540,john-mcglynn,John McGlynn
11541,john-mcgovern,John McGovern
11542,john-mcintire,John McIntire
11543,john-mcleish,John McLeish
11544,john-mcliam,John McLiam
11545,john-mcloughlin,John McLoughlin
11546,john-mcmartin,John McMartin
11547,john-mcmurtry,John McMurtry
11548,john-mctiernan,John McTiernan
11549,john-medici,John Medici
11550,john-megna,John Megna
11551,john-meillon,John Meillon
11552,john-michael-dougherty,John-Michael Dougherty
11553,john-michael-graham,John Michael Graham
11554,john-michael-hayes,John Michael Hayes
11555,john-michael-higgins,John Michael Higgins
11556,john-michael-quinn,John Michael Quinn
11557,john-michael-weatherly,John Michael Weatherly
11558,john-mighton,John Mighton
11559,john-milius,John Milius
11560,john-mills,John Mills
11561,john-mitchum,John Mitchum
11562,john-moffatt,John Moffatt
11563,john-monez,John Monez
11564,john-moore-6,John Moore
11565,john-morris-3,John Morris
11566,john-mortimer,John Mortimer
11567,john-morton-6,John Morton
11568,john-mulaney,John Mulaney
11569,john-musker,John Musker
11570,john-neville,John Neville
11571,john-nichols-3,John Nichols
11572,john-north,John North
11573,john-norton,John Norton
11574,john-obrien-21,John O'Brien
11575,john-ortiz,John Ortiz
11576,john-ottavino,John Ottavino
11577,john-p-codiglia,John P. Codiglia
11578,john-p-mccarthy-2,John P. McCarthy
11579,john-p-navin-jr,John P. Navin Jr.
11580,john-p-ryan,John P. Ryan
11581,john-paisley,John Paisley
11582,john-paragon,John Paragon
11583,john-parsons,John Parsons
11584,john-paton,John Paton
11585,john-patrick-amedori,John Patrick Amedori
11586,john-patrick-lowrie,John Patrick Lowrie
11587,john-patrick-shanley,John Patrick Shanley
11588,john-patton-jr,John Patton Jr.
11589,john-paul-sipla,John-Paul Sipla
11590,john-paxton-2,John Paxton
11591,john-payne,John Payne
11592,john-peakes,John Peakes
11593,john-philbin,John Philbin
11594,john-philliber,John Philliber
11595,john-piffle,John Piffle
11596,john-pleshette,John Pleshette
11597,john-procaccino,John Procaccino
11598,john-pyper-ferguson,John Pyper-Ferguson
11599,john-quade,John Quade
11600,john-qualen,John Qualen
11601,john-r-darling,John R. Darling
11602,john-rae-2,John Rae
11603,john-ramirez,John Ramirez
11604,john-rand,John Rand
11605,john-randall,John Randall
11606,john-randolph,John Randolph
11607,john-randolph-jones,John Randolph Jones
11608,john-ratzenberger,John Ratzenberger
11609,john-requa,John Requa
11610,john-reynolds-26,John Reynolds
11611,john-rhys-davies,John Rhys-Davies
11612,john-ridgely,John Ridgely
11613,john-ridley,John Ridley
11614,john-ritter,John Ritter
11615,john-roach,John Roach
11616,john-roberson,John Roberson
11617,john-rogers-5,John Rogers
11618,john-romano,John Romano
11619,john-romita-jr,John Romita Jr.
11620,john-rothman,John Rothman
11621,john-rowe,John Rowe
11622,john-rubano,John Rubano
11623,john-rubinstein,John Rubinstein
11624,john-ruddock,John Ruddock
11625,john-rupkalvis-2,John Rupkalvis
11626,john-russell-2,John Russell
11627,john-russell-3,John Russell
11628,john-ryan,John Ryan
11629,john-salew,John Salew
11630,john-sanford,John Sanford
11631,john-santucci,John Santucci
11632,john-savage,John Savage
11633,john-savoca,John Savoca
11634,john-saxon,John Saxon
11635,john-schlesinger,John Schlesinger
11636,john-schuck,John Schuck
11637,john-scott-martin,John Scott Martin
11638,john-sebastian,John Sebastian
11639,john-sharian,John Sharian
11640,john-shirley-2,John Shirley
11641,john-shrapnel,John Shrapnel
11642,john-simm,John Simm
11643,john-simpson,John Simpson
11644,john-singleton,John Singleton
11645,john-skins-miller,John 'Skins' Miller
11646,john-slattery,John Slattery
11647,john-sloss,John Sloss
11648,john-snyder,John Snyder
11649,john-spencer,John Spencer
11650,john-standing,John Standing
11651,john-stein,John Stein
11652,john-steinbeck,John Steinbeck
11653,john-sterland,John Sterland
11654,john-stevenson-3,John Stevenson
11655,john-stewart,John Stewart
11656,john-stride,John Stride
11657,john-strong-3,John Strong
11658,john-stuifzand,John Stuifzand
11659,john-sturges,John Sturges
11660,john-sumner,John Sumner
11661,john-swartzwelder,John Swartzwelder
11662,john-sweet-3,John Sweet
11663,john-t-bambury,John T. Bambury
11664,john-t-kelley,John T. Kelley
11665,john-taintor-foote,John Taintor Foote
11666,john-teeple,John Teeple
11667,john-terry,John Terry
11668,john-thomas-5,John Thomas
11669,john-thomson,John Thomson
11670,john-thornton,John Thornton
11671,john-tierney,John Tierney
11672,john-tijani,John Tijani
11673,john-toles-bey,John Toles-Bey
11674,john-toliopoulos,John Toliopoulos
11675,john-topa,John Topa
11676,john-tormey,John Tormey
11677,john-travolta,John Travolta
11678,john-turturro,John Turturro
11679,john-twist,John Twist
11680,john-van-druten,John Van Druten
11681,john-vargas,John Vargas
11682,john-vernon,John Vernon
11683,john-verros,John Verros
11684,john-vivyan,John Vivyan
11685,john-von-kotze,John von Kotze
11686,john-w-campbell-jr,John W. Campbell Jr.
11687,john-w-cunningham,John W. Cunningham
11688,john-w-graham,John W. Graham
11689,john-wagner-2,John Wagner
11690,john-walbridge,John Walbridge
11691,john-ward-5,John Ward
11692,john-wayne,John Wayne
11693,john-white-27,John White
11694,john-wilkinson,John Wilkinson
11695,john-wilkinson-13,John Wilkinson
11696,john-williams-2,John Williams
11697,john-willyung,John Willyung
11698,john-wilmot,John Wilmot
11699,john-winston,John Winston
11700,john-witherspoon,John Witherspoon
11701,john-womack-jr,John Womack Jr.
11702,john-woo,John Woo
11703,john-wood,John Wood
11704,john-woodbury,John Woodbury
11705,john-worsham,John Worsham
11706,john-wray,John Wray
11707,john-young,John Young
11708,john-zarchen,John Zarchen
11709,john-zoller,John Zoller
11710,johnathan-geare,Johnathan Geare
11711,johnathan-rice,Johnathan Rice
11712,johnnie-mae,Johnnie Mae
11713,johnnie-to,Johnnie To
11714,johnny-aber,Johnny Aber
11715,johnny-cash,Johnny Cash
11716,johnny-clark-2,Johnny Clark
11717,johnny-crawford,Johnny Crawford
11718,johnny-depp,Johnny Depp
11719,johnny-green,Johnny Green
11720,johnny-hiram-jamison,Johnny Hiram Jamison
11721,johnny-hopkins,Johnny Hopkins
11722,johnny-odonnell,Johnny O'Donnell
11723,johnny-pemberton,Johnny Pemberton
11724,johnny-popwell,Johnny Popwell
11725,johnny-seven,Johnny Seven
11726,johnny-simmons,Johnny Simmons
11727,johnny-smoke,Johnny Smoke
11728,johnny-walker-5,Johnny Walker
11729,johnny-whitworth,Johnny Whitworth
11730,johnny-williams,Johnny Williams
11731,johnson-yuen,Johnson Yuen
11732,joi-lansing,Joi Lansing
11733,joie-lee,Joie Lee
11734,joji-morishita,Joji Morishita
11735,joji-yanami,Jôji Yanami
11736,jojo-t-gibbs,Jojo T. Gibbs
11737,jolene-purdy,Jolene Purdy
11738,jon-abrahams,Jon Abrahams
11739,jon-bernthal,Jon Bernthal
11740,jon-chevalier,Jon Chevalier
11741,jon-cohen,Jon Cohen
11742,jon-finch,Jon Finch
11743,jon-garrison,Jon Garrison
11744,jon-gries,Jon Gries
11745,jon-hamm,Jon Hamm
11746,jon-kaminski-jr,Jon Kaminski Jr.
11747,jon-kenny,Jon Kenny
11748,jon-key,Jon Key
11749,jon-kortajarena,Jon Kortajarena
11750,jon-lomberg,Jon Lomberg
11751,jon-lopez-5,Jon Lopez
11752,jon-lovitz,Jon Lovitz
11753,jon-lucas,Jon Lucas
11754,jon-mcmanus,Jon McManus
11755,jon-morrison,Jon Morrison
11756,jon-polito,Jon Polito
11757,jon-povill,Jon Povill
11758,jon-rua,Jon Rua
11759,jon-seda,Jon Seda
11760,jon-shear,Jon Shear
11761,jon-shenk,Jon Shenk
11762,jon-sklaroff,Jon Sklaroff
11763,jon-stafford,Jon Stafford
11764,jon-stewart,Jon Stewart
11765,jon-ted-wynne,Jon Ted Wynne
11766,jon-tenney,Jon Tenney
11767,jon-vitti,Jon Vitti
11768,jon-voight,Jon Voight
11769,jon-yates,Jon Yates
11770,jonah-bobo,Jonah Bobo
11771,jonah-hill,Jonah Hill
11772,jonas-batuecas,Jonás Batuecas
11773,jonas-bloquet,Jonas Bloquet
11774,jonas-cuaron,Jonás Cuarón
11775,jonas-mekas,Jonas Mekas
11776,jonas-poher-rasmussen,Jonas Poher Rasmussen
11777,jonatan-salomonsson,Jonatan Salomonsson
11778,jonathan-2,Jonathan
11779,jonathan-adams,Jonathan Adams
11780,jonathan-ahdout,Jonathan Ahdout
11781,jonathan-aibel,Jonathan Aibel
11782,jonathan-alter,Jonathan Alter
11783,jonathan-banks,Jonathan Banks
11784,jonathan-barrett,Jonathan Barrett
11785,jonathan-bennett,Jonathan Bennett
11786,jonathan-breck,Jonathan Breck
11787,jonathan-brewer,Jonathan Brewer
11788,jonathan-caouette,Jonathan Caouette
11789,jonathan-cavallary,Jonathan Cavallary
11790,jonathan-cecil,Jonathan Cecil
11791,jonathan-chang,Jonathan Chang
11792,jonathan-chapin,Jonathan Chapin
11793,jonathan-cherry,Jonathan Cherry
11794,jonathan-da-rosa,Jonathan Da Rosa
11795,jonathan-demme,Jonathan Demme
11796,jonathan-devred,Jonathan Devred
11797,jonathan-feyer,Jonathan Feyer
11798,jonathan-filley,Jonathan Filley
11799,jonathan-fowler-jr,Jonathan Fowler Jr.
11800,jonathan-frakes,Jonathan Frakes
11801,jonathan-freeman,Jonathan Freeman
11802,jonathan-glazer,Jonathan Glazer
11803,jonathan-groff-2,Jonathan Groff
11804,jonathan-haagensen,Jonathan Haagensen
11805,jonathan-hackett,Jonathan Hackett
11806,jonathan-hale,Jonathan Hale
11807,jonathan-haley,Jonathan Haley
11808,jonathan-harris,Jonathan Harris
11809,jonathan-hensleigh,Jonathan Hensleigh
11810,jonathan-hyde,Jonathan Hyde
11811,jonathan-iglesias,Jonathan Iglesias
11812,jonathan-jackson,Jonathan Jackson
11813,jonathan-jaynes,Jonathan Jaynes
11814,jonathan-kramer,Jonathan Kramer
11815,jonathan-lemkin,Jonathan Lemkin
11816,jonathan-levine,Jonathan Levine
11817,jonathan-lipman-3,Jonathan Lipman
11818,jonathan-lipnicki,Jonathan Lipnicki
11819,jonathan-livingstone,Jonathan Livingstone
11820,jonathan-loughran,Jonathan Loughran
11821,jonathan-lynn,Jonathan Lynn
11822,jonathan-malen,Jonathan Malen
11823,jonathan-man,Jonathan Man
11824,jonathan-marion,Jonathan Marion
11825,jonathan-moffett,Jonathan Moffett
11826,jonathan-morris-3,Jonathan Morris
11827,jonathan-mostow,Jonathan Mostow
11828,jonathan-munk,Jonathan Munk
11829,jonathan-nolan,Jonathan Nolan
11830,jonathan-olshefski,Jonathan Olshefski
11831,jonathan-oppenheim,Jonathan Oppenheim
11832,jonathan-pryce,Jonathan Pryce
11833,jonathan-race,Jonathan Race
11834,jonathan-raymond,Jonathan Raymond
11835,jonathan-rhys-meyers,Jonathan Rhys Meyers
11836,jonathan-roberts,Jonathan Roberts
11837,jonathan-rosenbaum,Jonathan Rosenbaum
11838,jonathan-ross,Jonathan Ross
11839,jonathan-roumie,Jonathan Roumie
11840,jonathan-sagall,Jonathan Sagall
11841,jonathan-swift,Jonathan Swift
11842,jonathan-taylor-thomas,Jonathan Taylor Thomas
11843,jonathan-tucker,Jonathan Tucker
11844,jonathan-walsh,Jonathan Walsh
11845,jonathan-wright-4,Jonathan Wright
11846,jong-goo-lee,Jong-goo Lee
11847,jong-ho-kim,Jong-ho Kim
11848,jong-ryol-choi,Jong-ryol Choi
11849,jong-su-heo,Jong-su Heo
11850,jong-yong-lee,Jong-yong Lee
11851,joni-mitchell,Joni Mitchell
11852,jonny-coyne,Jonny Coyne
11853,jonny-lee-miller,Jonny Lee Miller
11854,jonny-mars,Jonny Mars
11855,jonny-myles,Jonny Myles
11856,jonny-phillips,Jonny Phillips
11857,jonshel-alexander,Jonshel Alexander
11858,joo-in-young,Joo In-Young
11859,joo-yeoh-kim,Joo-yeoh Kim
11860,joon-hyung-lim,Joon-hyung Lim
11861,joon-kim,Joon Kim
11862,joong-ok-lee,Joong-ok Lee
11863,joost-hiltermann,Joost Hiltermann
11864,jophery-c-brown,Jophery C. Brown
11865,jordan-batt,Jordan Batt
11866,jordan-charney,Jordan Charney
11867,jordan-claire-green,Jordan-Claire Green
11868,jordan-lund,Jordan Lund
11869,jordan-mendoza,Jordan Mendoza
11870,jordan-nagai,Jordan Nagai
11871,jordan-peele,Jordan Peele
11872,jordan-prentice,Jordan Prentice
11873,jordan-roberts-5,Jordan Roberts
11874,jordan-rodrigues,Jordan Rodrigues
11875,jordan-waller,Jordan Waller
11876,jordana-brewster,Jordana Brewster
11877,jordana-summer,Jordana Summer
11878,jordi-pujol-dolcet,Jordi Pujol Dolcet
11879,jordon-slick-phelps,Jordon Slick Phelps
11880,jorge-antonio-guerrero,Jorge Antonio Guerrero
11881,jorge-barahona,Jorge Barahona
11882,jorge-correra,Jorge Correra
11883,jorge-escalante,Jorge Escalante
11884,jorge-lascarro,Jorge Lascarro
11885,jorge-lattof,Jorge Lattof
11886,jorge-noya,Jorge Noya
11887,jorge-roman-2,Jorge Román
11888,jorge-russek,Jorge Russek
11889,jorge-salinas,Jorge Salinas
11890,jorge-sanz,Jorge Sanz
11891,jorge-semprun,Jorge Semprún
11892,jorgen-klubien,Jorgen Klubien
11893,jorgen-lindstrom,Jörgen Lindström
11894,joris-van-loon,Joris Van Loon
11895,jorja-fox,Jorja Fox
11896,jorma-kaukonen,Jorma Kaukonen
11897,jorma-taccone,Jorma Taccone
11898,jorseba-sebastiano-oliveira,Jorseba-Sebastiano Oliveira
11899,jose-acosta-2,José Acosta
11900,jose-antonio-barbosa-de-oiveira,José António Barbosa de Oiveira
11901,jose-antonio-fernandez-3,José Antonio Fernández
11902,jose-bartel,José Bartel
11903,jose-benazeraf,José Bénazéraf
11904,jose-blanch,José Blanch
11905,jose-calvo,José Calvo
11906,jose-canalejas,José Canalejas
11907,jose-casado,José Casado
11908,jose-coronado,Jose Coronado
11909,jose-ferrer,José Ferrer
11910,jose-gallardo-3,José Gallardo
11911,jose-hernandez-2,José Hernández
11912,jose-lifante,José Lifante
11913,jose-lirola-ramos,José Lirola Ramos
11914,jose-lopez-carrillo,José López Carrillo
11915,jose-luis-de-vilallonga,José Luis de Vilallonga
11916,jose-luis-gioia,José Luis Gioia
11917,jose-luis-gomez,José Luis Gómez
11918,jose-luis-lopez-gomez,José Luis López Gómez
11919,jose-luis-torrijo,José Luis Torrijo
11920,jose-manuel-fernandez-y-blanco,José Manuel Fernández y Blanco
11921,jose-manuel-guerrero-mendoza,José Manuel Guerrero Mendoza
11922,jose-manuel-lorenzo,José Manuel Lorenzo
11923,jose-manuel-mansilla,José Manuel Mansilla
11924,jose-manuel-poncelis,José Manuel Poncelis
11925,jose-maria-caffarel,José María Caffarel
11926,jose-maria-cano-ramos,José Maria Cano Ramos
11927,jose-naider,José Naider
11928,jose-nieto,José Nieto
11929,jose-quaglio,José Quaglio
11930,jose-rivera-4,Jose Rivera
11931,jose-sancho,José Sancho
11932,jose-sefami,José Sefami
11933,jose-torvay,José Torvay
11934,jose-vicente,José Vicente
11935,josee-schuller,Josée Schuller
11936,josef-altin,Josef Altin
11937,josef-berne,Josef Berne
11938,josef-kramer,Josef Kramer
11939,josef-sommer,Josef Sommer
11940,josef-von-sternberg,Josef von Sternberg
11941,josefine-balluck,Josefine Balluck
11942,joselice-juca,Joselice Jucá
11943,josep-abad,Josep Abad
11944,josep-maria-pou,Josep Maria Pou
11945,josep-palau-i-fabre,Josep Palau i Fabre
11946,joseph-a-carpenter,Joseph A. Carpenter
11947,joseph-alfieri,Joseph Alfieri
11948,joseph-allan-sutherland,Joseph Allan Sutherland
11949,joseph-anthony-foronda,Joseph Anthony Foronda
11950,joseph-anthony-jerez,Joseph Anthony Jerez
11951,joseph-ashton,Joseph Ashton
11952,joseph-behar-2,Joseph Behar
11953,joseph-bennett-2,Joseph Bennett
11954,joseph-biglin,Joseph Biglin
11955,joseph-bono,Joseph Bono
11956,joseph-bova,Joseph Bova
11957,joseph-bradley-2,Joseph Bradley
11958,joseph-brown-8,Joseph Brown
11959,joseph-bruno-3,Joseph Bruno
11960,joseph-c-hopkins,Joseph C. Hopkins
11961,joseph-calleia,Joseph Calleia
11962,joseph-calvelli,Joseph Calvelli
11963,joseph-carter,Joseph Carter
11964,joseph-conrad,Joseph Conrad
11965,joseph-cotten,Joseph Cotten
11966,joseph-cross,Joseph Cross
11967,joseph-delteil,Joseph Delteil
11968,joseph-donofrio,Joseph D'Onofrio
11969,joseph-dorman,Joseph Dorman
11970,joseph-e-bernard,Joseph E. Bernard
11971,joseph-egger,Joseph Egger
11972,joseph-f-fisher,Joseph F. Fisher
11973,joseph-f-kosala,Joseph F. Kosala
11974,joseph-f-loszynski,Joseph F. Loszynski
11975,joseph-fiennes,Joseph Fiennes
11976,joseph-foster,Joseph Foster
11977,joseph-frantz,Joseph Frantz
11978,joseph-fusco,Joseph Fusco
11979,joseph-g-graham,Joseph G. Graham
11980,joseph-gibson,Joseph Gibson
11981,joseph-gordon-levitt,Joseph Gordon-Levitt
11982,joseph-granby,Joseph Granby
11983,joseph-hoover,Joseph Hoover
11984,joseph-karimbeik,Joseph Karimbeik
11985,joseph-kearney-2,Joseph Kearney
11986,joseph-kearns,Joseph Kearns
11987,joseph-kessel,Joseph Kessel
11988,joseph-kosma,Joseph Kosma
11989,joseph-l-mankiewicz,Joseph L. Mankiewicz
11990,joseph-layode,Joseph Layode
11991,joseph-leon,Joseph Leon
11992,joseph-losey,Joseph Losey
11993,joseph-lucien,Joseph Lucien
11994,joseph-m-kelly,Joseph M. Kelly
11995,joseph-mazzello,Joseph Mazzello
11996,joseph-mcbride-3,Joseph McBride
11997,joseph-mckenna,Joseph McKenna
11998,joseph-melendez,Joseph Melendez
11999,joseph-melito,Joseph Melito
12000,joseph-millson,Joseph Millson
12001,joseph-minion,Joseph Minion
12002,joseph-mussey,Joseph Mussey
12003,joseph-oconor-2,Joseph O'Conor
12004,joseph-odea,Joseph O'Dea
12005,joseph-onorato,Joseph Onorato
12006,joseph-plewa,Joseph Plewa
12007,joseph-ragno,Joseph Ragno
12008,joseph-sabo,Joseph Sabo
12009,joseph-schildkraut,Joseph Schildkraut
12010,joseph-sikora,Joseph Sikora
12011,joseph-stefano,Joseph Stefano
12012,joseph-sweeney,Joseph Sweeney
12013,joseph-tomelty,Joseph Tomelty
12014,joseph-traore,Joseph Traoré
12015,joseph-walsh,Joseph Walsh
12016,joseph-whipp,Joseph Whipp
12017,joseph-wiseman,Joseph Wiseman
12018,josephine-bygrave,Josephine Bygrave
12019,josephine-byrnes,Josephine Byrnes
12020,josephine-gradwell,Josephine Gradwell
12021,josephine-hutchinson,Josephine Hutchinson
12022,josephine-mcadam,Josephine McAdam
12023,josephine-sanz,Joséphine Sanz
12024,josephine-white,Josephine White
12025,josephine-wilson,Josephine Wilson
12026,josette-day,Josette Day
12027,josette-maccario,Josette Maccario
12028,josette-simon,Josette Simon
12029,josh-andres-rivera,Josh Andrés Rivera
12030,josh-appelbaum,Josh Appelbaum
12031,josh-becker,Josh Becker
12032,josh-brolin,Josh Brolin
12033,josh-brown-9,Josh Brown
12034,josh-cooley,Josh Cooley
12035,josh-duhamel,Josh Duhamel
12036,josh-evans,Josh Evans
12037,josh-flitter,Josh Flitter
12038,josh-groban,Josh Groban
12039,josh-hamilton,Josh Hamilton
12040,josh-hartnett,Josh Hartnett
12041,josh-helman,Josh Helman
12042,josh-holloway,Josh Holloway
12043,josh-hutcherson,Josh Hutcherson
12044,josh-kornbluth,Josh Kornbluth
12045,josh-lucas,Josh Lucas
12046,josh-mostel,Josh Mostel
12047,josh-oconnor,Josh O'Connor
12048,josh-olson,Josh Olson
12049,josh-owen-3,Josh Owen
12050,josh-pais,Josh Pais
12051,josh-richman,Josh Richman
12052,josh-ridgway,Josh Ridgway
12053,josh-safdie,Josh Safdie
12054,josh-singer,Josh Singer
12055,josh-srebnick,Josh Srebnick
12056,josh-sussman,Josh Sussman
12057,josh-wells-4,Josh Wells
12058,joshua-avory,Joshua Avory
12059,joshua-boyd,Joshua Boyd
12060,joshua-carl-allen,Joshua Carl Allen
12061,joshua-feinman,Joshua Feinman
12062,joshua-grannell,Joshua Grannell
12063,joshua-harto,Joshua Harto
12064,joshua-j-williams,Joshua J. Williams
12065,joshua-jackson,Joshua Jackson
12066,joshua-leonard,Joshua Leonard
12067,joshua-marston,Joshua Marston
12068,joshua-oppenheimer-2,Joshua Oppenheimer
12069,joshua-williams-5,Joshua Williams
12070,joshuah-bearman,Joshuah Bearman
12071,josie-gammell,Josie Gammell
12072,josie-olivo,Josie Olivo
12073,josie-smith,Josie Smith
12074,josip-elic,Josip Elic
12075,joslyn-barnes,Joslyn Barnes
12076,joss-ackland,Joss Ackland
12077,joss-barton,Joss Barton
12078,joss-whedon,Joss Whedon
12079,jovan-hathaway,Jovan Hathaway
12080,jovial-mbenga,Jovial Mbenga
12081,joy-barlow,Joy Barlow
12082,joy-bisco,Joy Bisco
12083,joy-boushel,Joy Boushel
12084,joy-carlin,Joy Carlin
12085,joy-ohana,Joy Ohana
12086,joy-page,Joy Page
12087,joyce-barbour,Joyce Barbour
12088,joyce-brabner,Joyce Brabner
12089,joyce-bulifant,Joyce Bulifant
12090,joyce-carey,Joyce Carey
12091,joyce-compton,Joyce Compton
12092,joyce-everson-2,Joyce Everson
12093,joyce-henderson,Joyce Henderson
12094,joyce-jameson,Joyce Jameson
12095,joyce-kurtz,Joyce Kurtz
12096,joyce-maynard,Joyce Maynard
12097,joyce-miles,Joyce Miles
12098,joyce-raie,Joyce Raie
12099,joyce-tobi-lileru,Joyce Tobi Lileru
12100,joyce-van-patten,Joyce Van Patten
12101,joycelyn-davis,Joycelyn Davis
12102,jozsi-mihalyfi,Józsi Mihályfi
12103,jp-bumstead,J.P. Bumstead
12104,jr,JR
12105,jr-horne,J.R. Horne
12106,jr-reed,JR Reed
12107,jr-yenque,J.R. Yenque
12108,jrr-tolkien,J.R.R. Tolkien
12109,jsu-garcia,Jsu Garcia
12110,jt-masters,J.T. Masters
12111,jt-walsh,J.T. Walsh
12112,ju-bong-gi,Ju-bong Gi
12113,ju-yu,Ju Yu
12114,juan-a-riojas,Juan A. Riojas
12115,juan-bautista-martinez,Juan Bautista Martínez
12116,juan-carlos-remolina,Juan Carlos Remolina
12117,juan-carlos-vellido,Juan Carlos Vellido
12118,juan-cortes,Juan Cortés
12119,juan-fernandez-4,Juan Fernández
12120,juan-francisco-maldonado,Juan Francisco Maldonado
12121,juan-gabriel-yacuzzi,Juan Gabriel Yacuzzi
12122,juan-jesus-varela,Juan Jesús Varela
12123,juan-jose-campanella,Juan José Campanella
12124,juan-jose-ortiz,Juan José Ortíz
12125,juan-jose-otegui,Juan José Otegui
12126,juan-margallo,Juan Margallo
12127,juan-marquez,Juan Márquez
12128,juan-minujin,Juan Minujín
12129,juan-pablo-acevedo,Juan Pablo Acevedo
12130,juan-pablo-geretto,Juan Pablo Geretto
12131,juan-pablo-gomez,Juan Pablo Gómez
12132,juan-pablo-urrego,Juan Pablo Urrego
12133,juan-trench,Juan Trench
12134,juan-valdez-2,Juan Valdez
12135,juana-acosta,Juana Acosta
12136,juana-guarderas,Juana Guarderas
12137,juana-sutton,Juana Sutton
12138,juanin-clay,Juanin Clay
12139,juanita-moore,Juanita Moore
12140,juanjo-cucalon,Juanjo Cucalón
12141,juanjo-menendez,Juanjo Menéndez
12142,jucimar-barbosa,Jucimar Barbosa
12143,jud-taylor,Jud Taylor
12144,juda-goslinga,Juda Goslinga
12145,judd-apatow,Judd Apatow
12146,judd-hirsch,Judd Hirsch
12147,judd-maltin,Judd Maltin
12148,judd-nelson,Judd Nelson
12149,jude-ciccolella,Jude Ciccolella
12150,jude-law,Jude Law
12151,judge-reinhold,Judge Reinhold
12152,judi-blacque,Judi Blacque
12153,judi-dench,Judi Dench
12154,judi-m-durand,Judi M. Durand
12155,judith-anderson,Judith Anderson
12156,judith-barsi,Judith Barsi
12157,judith-calder,Judith Calder
12158,judith-dickens,Judith Dickens
12159,judith-evelyn,Judith Evelyn
12160,judith-furse,Judith Furse
12161,judith-guest,Judith Guest
12162,judith-heumann,Judith Heumann
12163,judith-hill-2,Judith Hill
12164,judith-hoag,Judith Hoag
12165,judith-ivey,Judith Ivey
12166,judith-johnson-2,Judith Johnson
12167,judith-kathryn-hart,Judith Kathryn Hart
12168,judith-magre-2,Judith Magre
12169,judith-malina,Judith Malina
12170,judith-morgan,Judith Morgan
12171,judith-odea,Judith O'Dea
12172,judith-ridley,Judith Ridley
12173,judith-roberts,Judith Roberts
12174,judith-thurman,Judith Thurman
12175,judith-vittet,Judith Vittet
12176,judith-wetzell,Judith Wetzell
12177,judson-vaughn,Judson Vaughn
12178,judy-clayton,Judy Clayton
12179,judy-davis,Judy Davis
12180,judy-freudberg,Judy Freudberg
12181,judy-garland,Judy Garland
12182,judy-greer,Judy Greer
12183,judy-holliday,Judy Holliday
12184,judy-mcintosh,Judy McIntosh
12185,judy-pryor-trice,Judy Pryor Trice
12186,judy-sinclair,Judy Sinclair
12187,jue-huang-2,Jue Huang
12188,jul-maroh,Jul Maroh
12189,jules-dassin,Jules Dassin
12190,jules-elting,Jules Elting
12191,jules-furthman,Jules Furthman
12192,jules-roy-sicotte,Jules Roy Sicotte
12193,jules-sitruk,Jules Sitruk
12194,jules-stolar,Jules Stolar
12195,juli-andelman,Juli Andelman
12196,juli-erickson,Juli Erickson
12197,juli-fields,Juli Fields
12198,juli-jakab,Juli Jakab
12199,julia-arden-rock,Julia Arden Rock
12200,julia-babiarz,Julia Babiarz
12201,julia-bernat,Julia Bernat
12202,julia-butters,Julia Butters
12203,julia-eisenstein,Julia Eisenstein
12204,julia-fox-2,Julia Fox
12205,julia-greer,Julia Greer
12206,julia-hsu,Julia Hsu
12207,julia-hummer,Julia Hummer
12208,julia-kuster,Julia Küster
12209,julia-lindig,Julia Lindig
12210,julia-loktev,Julia Loktev
12211,julia-louis-dreyfus,Julia Louis-Dreyfus
12212,julia-mackley,Julia Mackley
12213,julia-mallam,Julia Mallam
12214,julia-mckenzie,Julia McKenzie
12215,julia-mulligan,Julia Mulligan
12216,julia-ormond,Julia Ormond
12217,julia-rayner,Julia Rayner
12218,julia-reichert,Julia Reichert
12219,julia-roberts,Julia Roberts
12220,julia-sawalha,Julia Sawalha
12221,julia-stiles,Julia Stiles
12222,julia-west,Julia West
12223,julia-worsley,Julia Worsley
12224,julian-arahanga,Julian Arahanga
12225,julian-assange,Julian Assange
12226,julian-ayer,Julian Ayer
12227,julian-bleach,Julian Bleach
12228,julian-borger,Julian Borger
12229,julian-brave-noisecat,Julian Brave NoiseCat
12230,julian-fellowes,Julian Fellowes
12231,julian-glover,Julian Glover
12232,julian-grady,Julian Grady
12233,julian-littman,Julian Littman
12234,julian-lopez,Julián López
12235,julian-reyes,Julian Reyes
12236,julian-rhind-tutt,Julian Rhind-Tutt
12237,julian-rozzell-jr,Julian Rozzell Jr.
12238,julian-sands,Julian Sands
12239,julian-schnabel,Julian Schnabel
12240,julian-spencer,Julian Spencer
12241,julian-wadham,Julian Wadham
12242,julian-walsh,Julian Walsh
12243,juliana-muras,Juliana Muras
12244,juliane-kohler,Juliane Köhler
12245,julianna-guill,Julianna Guill
12246,julianne-moore,Julianne Moore
12247,julianne-white,Julianne White
12248,julie-andrews,Julie Andrews
12249,julie-ann-heathwood,Julie-Ann Heathwood
12250,julie-ann-jones,Julie Ann Jones
12251,julie-bovasso,Julie Bovasso
12252,julie-brown,Julie Brown
12253,julie-budd,Julie Budd
12254,julie-christie,Julie Christie
12255,julie-cummings,Julie Cummings
12256,julie-dawn-cole,Julie Dawn Cole
12257,julie-delpy,Julie Delpy
12258,julie-depardieu,Julie Depardieu
12259,julie-dreyfus,Julie Dreyfus
12260,julie-duck,Julie Duck
12261,julie-ellis-3,Julie Ellis
12262,julie-gambol,Julie Gambol
12263,julie-hagerty,Julie Hagerty
12264,julie-hermelin,Julie Hermelin
12265,julie-ivey,Julie Ivey
12266,julie-kavner,Julie Kavner
12267,julie-lauren,Julie Lauren
12268,julie-mayfield,Julie Mayfield
12269,julie-milton,Julie Milton
12270,julie-neesam,Julie Neesam
12271,julie-payne,Julie Payne
12272,julie-peters,Julie Peters
12273,julie-peyr,Julie Peyr
12274,julie-roumogoux,Julie Roumogoux
12275,julie-t-wallace,Julie T. Wallace
12276,julie-vollono,Julie Vollono
12277,julie-walters,Julie Walters
12278,julien,Julien
12279,julien-bertheau,Julien Bertheau
12280,julien-carbon,Julien Carbon
12281,julien-carette,Julien Carette
12282,julien-comte,Julien Comte
12283,julien-duvivier,Julien Duvivier
12284,julien-frison,Julien Frison
12285,julien-guiomar,Julien Guiomar
12286,julien-monney,Julien Monney
12287,julien-prevost,Julien Prévost
12288,julienne-davis,Julienne Davis
12289,juliet-berto,Juliet Berto
12290,juliet-cadzow,Juliet Cadzow
12291,juliet-glaves,Juliet Glaves
12292,juliet-howland,Juliet Howland
12293,juliet-landau,Juliet Landau
12294,julieta-rodriguez,Julieta Rodríguez
12295,julieta-serrano,Julieta Serrano
12296,julieth-mars-toussaint,Julieth Mars Toussaint
12297,julietta-novis,Julietta Novis
12298,juliette-ashby,Juliette Ashby
12299,juliette-ball,Juliette Ball
12300,juliette-binoche,Juliette Binoche
12301,juliette-demaille,Juliette Demaille
12302,juliette-lewis,Juliette Lewis
12303,juliette-mayniel,Juliette Mayniel
12304,julio-alejandro,Julio Alejandro
12305,julio-machado-2,Julio Machado
12306,julio-manrique,Julio Manrique
12307,julio-palinkas,Julio Palinkas
12308,julio-pena,Julio Peña
12309,julius-callahan,Julius Callahan
12310,julius-j-epstein,Julius J. Epstein
12311,julius-metson-scott,Julius Metson Scott
12312,julius-steuer,Julius Steuer
12313,julius-svendsen,Julius Svendsen
12314,julius-tannen,Julius Tannen
12315,jullan-kindahl,Jullan Kindahl
12316,jullian-roy-doster,Jullian Roy Doster
12317,julyana-soelistyo,Julyana Soelistyo
12318,juman-malouf,Juman Malouf
12319,jumayn-hunter,Jumayn Hunter
12320,jun-fubuki,Jun Fubuki
12321,jun-guo,Jun Guo
12322,jun-hamamura,Jun Hamamura
12323,jun-hyuk-park,Jun Hyuk Park
12324,jun-kunimura,Jun Kunimura
12325,jun-maki,Jun Maki
12326,jun-tanizaki,Jun Tanizaki
12327,jun-tatara,Jun Tatara
12328,jun-tazaki,Jun Tazaki
12329,jun-usami,Jun Usami
12330,jun-won-hah,Jun-Won Hah
12331,june-broughton,June Broughton
12332,june-christopher,June Christopher
12333,june-diane-raphael,June Diane Raphael
12334,june-foray,June Foray
12335,june-jones,June Jones
12336,june-kyoto-lu,June Kyoto Lu
12337,june-lockhart,June Lockhart
12338,june-squibb,June Squibb
12339,june-waweru,June Waweru
12340,juney-smith,Juney Smith
12341,jung-ae-kwak,Jung Ae Kwak
12342,jung-hyun-jun,Jung Hyun-jun
12343,jung-ik-han,Jung Ik-han
12344,jung-ji-so,Jung Ji-so
12345,jung-woo-sung,Jung Woo-sung
12346,jung-yi-seo,Jung Yi-seo
12347,jung-young-sook-2,Jung Young-sook
12348,jungmi-oh,Jungmi Oh
12349,junichi-kajioka,Junichi Kajioka
12350,junichi-masuda,Junichi Masuda
12351,junio-valverde,Junio Valverde
12352,junior-walker-3,Junior Walker
12353,junko-anan,Junko Anan
12354,junko-iwao,Junko Iwao
12355,junko-yokomizo,Junko Yokomizo
12356,junming-jimmy-wang,Junming 'Jimmy' Wang
12357,juno-temple,Juno Temple
12358,junpei-natsuki,Junpei Natsuki
12359,jurek-plonski,Jurek Plonski
12360,jurg-low,Jürg Löw
12361,jurgen-prochnow,Jürgen Prochnow
12362,jurgen-tarrach,Jürgen Tarrach
12363,juri-jarvet,Jüri Järvet
12364,juri-manase,Juri Manase
12365,jurota-kosugi,Jûrôta Kosugi
12366,jussi-vatanen,Jussi Vatanen
12367,justice-smith,Justice Smith
12368,justin-ashforth,Justin Ashforth
12369,justin-bartha,Justin Bartha
12370,justin-braine,Justin Braine
12371,justin-campbell-2,Justin Campbell
12372,justin-caron,Justin Caron
12373,justin-cooper,Justin Cooper
12374,justin-dreyfuss,Justin Dreyfuss
12375,justin-edwards-2,Justin Edwards
12376,justin-elvin,Justin Elvin
12377,justin-hackney,Justin Hackney
12378,justin-haythe,Justin Haythe
12379,justin-henry,Justin Henry
12380,justin-hogg,Justin Hogg
12381,justin-k-thompson,Justin K. Thompson
12382,justin-lin,Justin Lin
12383,justin-long,Justin Long
12384,justin-m-rice,Justin M. Rice
12385,justin-mader,Justin Mader
12386,justin-marshall-3,Justin Marshall
12387,justin-monjo,Justin Monjo
12388,justin-nimmo,Justin Nimmo
12389,justin-revoner,Justin Revoner
12390,justin-rosniak,Justin Rosniak
12391,justin-theroux,Justin Theroux
12392,justin-timberlake,Justin Timberlake
12393,justin-trudeau,Justin Trudeau
12394,justin-walker,Justin Walker
12395,justin-whitsett,Justin Whitsett
12396,justin-wright-5,Justin Wright
12397,justina-mudenda,Justina Mudenda
12398,justine-triet,Justine Triet
12399,justine-waddell,Justine Waddell
12400,justine-wu-2,Justine Wu
12401,juston-street,Juston Street
12402,justus-davis-graham,Justus Davis Graham
12403,justus-fox-richardson,Justus Fox Richardson
12404,justus-von-dohnanyi,Justus von Dohnányi
12405,jusuf-kalla,Jusuf Kalla
12406,juzo-itami,Jûzô Itami
12407,jymie-merritt,Jymie Merritt
12408,jyo-kairi,Jyo Kairi
12409,k-todd-freeman,K. Todd Freeman
12410,ka-fai-wai,Ka-Fai Wai
12411,ka-nin-ngo,Ka-nin Ngo
12412,ka-tung-lam,Ka-Tung Lam
12413,kaale-dharma-singh-gayek,'Kaale' Dharma Singh Gayek
12414,kaale-ram-bahadur-gayek,'Kaale' Ram Bahadur Gayek
12415,kabi-laretei,Käbi Laretei
12416,kacey-cockett,Kacey Cockett
12417,kacey-mottet-klein,Kacey Mottet Klein
12418,kacky-walton,Kacky Walton
12419,kadeem-ramsay,Kadeem Ramsay
12420,kaden-leos,Kaden Leos
12421,kadir-cermik,Kadir Çermik
12422,kae-alexander,Kae Alexander
12423,kaela-c-pabon,Kaela C. Pabon
12424,kagetora-miura,Kagetora Miura
12425,kahlil-joseph-3,Kahlil Joseph
12426,kai-bird,Kai Bird
12427,kai-lennox,Kai Lennox
12428,kai-li,Kai Li
12429,kai-liang,Kai Liang
12430,kai-man-tin,Kai-Man Tin
12431,kai-steel-smith,Kai Steel Smith
12432,kai-wang-5,Kai Wang
12433,kaileigh-magee,Kaileigh Magee
12434,kaili-hollister,Kaili Hollister
12435,kailong-jiang,Kailong Jiang
12436,kaitlin-cullum,Kaitlin Cullum
12437,kaitlin-riley,Kaitlin Riley
12438,kaitlyn-dias,Kaitlyn Dias
12439,kajol,Kajol
12440,kajsa-linderholm,Kajsa Linderholm
12441,kakha-kintsurashvili,Kakha Kintsurashvili
12442,kala-alexander,Kala Alexander
12443,kalani-robb,Kalani Robb
12444,kaleb-bevel,Kaleb Bevel
12445,kaliana-brower,Kaliana Brower
12446,kalina-jedrusik,Kalina Jedrusik
12447,kaliyah-johnson,Kaliyah Johnson
12448,kalman-wilson,Kalman Wilson
12449,kalvin-olafson,Kalvin Olafson
12450,kam-wah-koo,Kam-Wah Koo
12451,kamal-ani-bellow,Kamal Ani-Bellow
12452,kamal-bin-abdul-rahim,Kamal Bin Abdul Rahim
12453,kamal-zharif,Kamal Zharif
12454,kamatari-fujiwara,Kamatari Fujiwara
12455,kamau-sadiki,Kamau Sadiki
12456,kambuzia-partovi,Kambuzia Partovi
12457,kameron-vaughn,Kameron Vaughn
12458,kamil-dobrowolski-2,Kamil Dobrowolski
12459,kamila-borowska,Kamila Borowska
12460,kamila-tarabura,Kamila Tarabura
12461,kammanit-sansuklerd,Kammanit Sansuklerd
12462,kamran-adl,Kamran Adl
12463,kan-cheung-tsang,Kan-Cheung Tsang
12464,kan-tokumaru,Kan Tokumaru
12465,kanako-nakazato,Kanako Nakazato
12466,kane-l-pearson,Kane L. Pearson
12467,kaneza-schaal,Kaneza Schaal
12468,kang-hye-jeong,Kang Hye-jeong
12469,kang-il-kim,Kang-il Kim
12470,kang-kang,Kang Kang
12471,kang-king,Kang King
12472,kang-sheng-lee,Kang-sheng Lee
12473,kani-kusruti,Kani Kusruti
12474,kaniyah-mack,Kaniyah Mack
12475,kanji-koshiba,Kanji Koshiba
12476,kannikar-dowklee,Kannikar Dowklee
12477,kanokporn-tongaram,Kanokporn Tongaram
12478,kao-chenmin,Kao Chenmin
12479,kaori-yamagata,Kaori Yamagata
12480,kaoru-kobayashi,Kaoru Kobayashi
12481,kappei-yamaguchi,Kappei Yamaguchi
12482,kar-lok-chin,Kar Lok Chin
12483,kar-wai-wong,Kar-Wai Wong
12484,kara-elliot,Kara Elliot
12485,kara-hayward,Kara Hayward
12486,karam-ghossein,Karam Ghossein
12487,karan-johar,Karan Johar
12488,karan-soni,Karan Soni
12489,karar-al-bazoon,Karar Al-Bazoon
12490,kare-hedebrant,Kåre Hedebrant
12491,kareem-abdul-jabbar,Kareem Abdul-Jabbar
12492,kareena-kapoor,Kareena Kapoor
12493,karel-roden,Karel Roden
12494,karel-stepanek,Karel Stepanek
12495,karen-allen,Karen Allen
12496,karen-black,Karen Black
12497,karen-carlisle,Karen Carlisle
12498,karen-carter-2,Karen Carter
12499,karen-chilton,Karen Chilton
12500,karen-davidson-2,Karen Davidson
12501,karen-dotrice,Karen Dotrice
12502,karen-duffy,Karen Duffy
12503,karen-hassan-2,Karen Hassan
12504,karen-hines,Karen Hines
12505,karen-kahn,Karen Kahn
12506,karen-kilgariff,Karen Kilgariff
12507,karen-kuioka-hironaga,Karen Kuioka Hironaga
12508,karen-ludwig,Karen Ludwig
12509,karen-mccullah,Karen McCullah
12510,karen-mok,Karen Mok
12511,karen-morley,Karen Morley
12512,karen-prell,Karen Prell
12513,karen-puig,Karen Puig
12514,karen-raff,Karen Raff
12515,karen-reigh,Karen Reigh
12516,karen-roise-kielland,Karen Røise Kielland
12517,karen-stride,Karen Stride
12518,karen-takizawa,Karen Takizawa
12519,karey-kirkpatrick,Karey Kirkpatrick
12520,karidja-toure,Karidja Touré
12521,karie-lynn-mcdermott-wilder,Karie Lynn McDermott Wilder
12522,karim-ainouz,Karim Aïnouz
12523,karim-leklou,Karim Leklou
12524,karin-bergquist,Karin Bergquist
12525,karin-busch,Karin Busch
12526,karin-dicker,Karin Dicker
12527,karin-engman,Karin Engman
12528,karin-konoval,Karin Konoval
12529,karin-mumm,Karin Mumm
12530,karin-mustvedt-plus,Karin Mustvedt-Plüs
12531,karin-myrenberg-faber,Karin Myrenberg Faber
12532,karin-ugowski,Karin Ugowski
12533,karin-viard,Karin Viard
12534,karina-fernandez,Karina Fernandez
12535,karina-hyland,Karina Hyland
12536,karissa-reynafarje,Karissa Reynafarje
12537,karl-bruckschwaiger,Karl Bruckschwaiger
12538,karl-hardman,Karl Hardman
12539,karl-johnson-2,Karl Johnson
12540,karl-malden,Karl Malden
12541,karl-mansfield,Karl Mansfield
12542,karl-michael-vogler,Karl Michael Vogler
12543,karl-pincon,Karl Pincon
12544,karl-robert-lindgren,Karl-Robert Lindgren
12545,karl-swenson,Karl Swenson
12546,karl-t-himmel,Karl T. Himmel
12547,karl-tunberg,Karl Tunberg
12548,karl-urban,Karl Urban
12549,karl-vollmoller,Karl Vollmöller
12550,karl-wiedergott,Karl Wiedergott
12551,karla-sue-krull,Karla Sue Krull
12552,karleen-griffin,Karleen Griffin
12553,karlheinz-hackl,Karlheinz Hackl
12554,karlijn-sileghem,Karlijn Sileghem
12555,karlos-finley,Karlos Finley
12556,karmyn-bryant,Karmyn Bryant
12557,karoline-zeisler,Karoline Zeisler
12558,karoly-huszar,Károly Huszár
12559,karoly-noti,Károly Nóti
12560,karolyna-sheremeta,Karolyna Sheremeta
12561,karren-karagulian,Karren Karagulian
12562,karroom-ben-bouih,Karroom Ben Bouih
12563,kasey-rogers,Kasey Rogers
12564,kashish-singh,Kashish Singh
12565,kasi-lemmons,Kasi Lemmons
12566,kasper-collin,Kasper Collin
12567,kassie-wesley-depaiva,Kassie Wesley DePaiva
12568,kat-cressida,Kat Cressida
12569,kata-bartsch,Kata Bartsch
12570,katarzyna-ciemniejewska,Katarzyna Ciemniejewska
12571,katarzyna-piwowarczyk,Katarzyna Piwowarczyk
12572,katarzyna-szczesna-kasprzyk,Katarzyna Szczesna-Kasprzyk
12573,katarzyna-warzecha,Katarzyna Warzecha
12574,katayoun-taleizadeh,Katayoun Taleizadeh
12575,kate-ashfield,Kate Ashfield
12576,kate-beckinsale,Kate Beckinsale
12577,kate-bosworth,Kate Bosworth
12578,kate-burton,Kate Burton
12579,kate-butler,Kate Butler
12580,kate-capshaw,Kate Capshaw
12581,kate-charleson,Kate Charleson
12582,kate-copeland,Kate Copeland
12583,kate-dickie,Kate Dickie
12584,kate-doherty,Kate Doherty
12585,kate-drummond,Kate Drummond
12586,kate-duchene,Kate Duchêne
12587,kate-handford,Kate Handford
12588,kate-hardie,Kate Hardie
12589,kate-haugh,Kate Haugh
12590,kate-hudson,Kate Hudson
12591,kate-jennings-grant,Kate Jennings Grant
12592,kate-lansbury,Kate Lansbury
12593,kate-layden,Kate Layden
12594,kate-loustau,Kate Loustau
12595,kate-maberly,Kate Maberly
12596,kate-mara,Kate Mara
12597,kate-moennig,Kate Moennig
12598,kate-nelligan,Kate Nelligan
12599,kate-nic-chonaonaigh,Kate Nic Chonaonaigh
12600,kate-noelle,Kate Noelle
12601,kate-rutter,Kate Rutter
12602,kate-shindle,Kate Shindle
12603,kate-soulsby,Kate Soulsby
12604,kate-steavenson-payne,Kate Steavenson-Payne
12605,kate-sullivan-5,Kate Sullivan
12606,kate-vernon,Kate Vernon
12607,kate-winslet,Kate Winslet
12608,kate-zenna,Kate Zenna
12609,kateryna-popravka,Kateryna Popravka
12610,kath-soucie,Kath Soucie
12611,katharina-schuttler,Katharina Schüttler
12612,katharine-hepburn,Katharine Hepburn
12613,katharine-isabelle,Katharine Isabelle
12614,katharine-ross,Katharine Ross
12615,katherine-borowitz,Katherine Borowitz
12616,katherine-cassavetes,Katherine Cassavetes
12617,katherine-heigl,Katherine Heigl
12618,katherine-helmond,Katherine Helmond
12619,katherine-hilliker,Katherine Hilliker
12620,katherine-holme,Katherine Holme
12621,katherine-osullivan,Katherine O'Sullivan
12622,katherine-paterson,Katherine Paterson
12623,katherine-squire,Katherine Squire
12624,katherine-wallach,Katherine Wallach
12625,kathleen-blanco-2,Kathleen Blanco
12626,kathleen-bradley,Kathleen Bradley
12627,kathleen-byron,Kathleen Byron
12628,kathleen-chalfant,Kathleen Chalfant
12629,kathleen-crowley,Kathleen Crowley
12630,kathleen-freeman,Kathleen Freeman
12631,kathleen-garrett,Kathleen Garrett
12632,kathleen-hepburn,Kathleen Hepburn
12633,kathleen-kane,Kathleen Kane
12634,kathleen-keller,Kathleen Keller
12635,kathleen-marshall,Kathleen Marshall
12636,kathleen-miller,Kathleen Miller
12637,kathleen-parker-3,Kathleen Parker
12638,kathleen-quinlan,Kathleen Quinlan
12639,kathleen-stefano,Kathleen Stefano
12640,kathleen-tremaine,Kathleen Tremaine
12641,kathleen-turner,Kathleen Turner
12642,kathrin-boorman,Kathrin Boorman
12643,kathrin-wehlisch,Kathrin Wehlisch
12644,kathrine-narducci,Kathrine Narducci
12645,kathryn-beaumont,Kathryn Beaumont
12646,kathryn-bigelow,Kathryn Bigelow
12647,kathryn-curry,Kathryn Curry
12648,kathryn-doby,Kathryn Doby
12649,kathryn-dunn-2,Kathryn Dunn
12650,kathryn-frick,Kathryn Frick
12651,kathryn-grant,Kathryn Grant
12652,kathryn-hahn,Kathryn Hahn
12653,kathryn-hunter,Kathryn Hunter
12654,kathryn-mullen,Kathryn Mullen
12655,kathryn-pogson,Kathryn Pogson
12656,kathryn-stockett,Kathryn Stockett
12657,kathy-baker,Kathy Baker
12658,kathy-bates,Kathy Bates
12659,kathy-burke,Kathy Burke
12660,kathy-goodell,Kathy Goodell
12661,kathy-greenberg,Kathy Greenberg
12662,kathy-jones-gates,Kathy Jones-Gates
12663,kathy-lamkin,Kathy Lamkin
12664,kathy-leichter,Kathy Leichter
12665,kathy-najimy,Kathy Najimy
12666,kathy-rickman,Kathy Rickman
12667,kathy-sue-brown,Kathy Sue Brown
12668,katia-lund,Kátia Lund
12669,katia-pascariu,Katia Pascariu
12670,katie-amanda-keane,Katie Amanda Keane
12671,katie-ball,Katie Ball
12672,katie-cassidy,Katie Cassidy
12673,katie-holmes,Katie Holmes
12674,katie-johnson,Katie Johnson
12675,katie-leigh,Katie Leigh
12676,katie-shelnitz,Katie Shelnitz
12677,katie-stuart,Katie Stuart
12678,katiuscia,Katiuscia
12679,katrin-cartlidge,Katrin Cartlidge
12680,katrina-bowden,Katrina Bowden
12681,katrine-falkenberg,Katrine Falkenberg
12682,katsuki-mori,Katsuki Mori
12683,katsumi-tezuka,Katsumi Tezuka
12684,katsunosuke-hori,Katsunosuke Hori
12685,katsuya-maiguma,Katsuya Maiguma
12686,katsuyuki-konishi,Katsuyuki Konishi
12687,katsy-chappell,Katsy Chappell
12688,katty-rodriguez,Katty Rodriguez
12689,katy-jurado,Katy Jurado
12690,katy-mixon,Katy Mixon
12691,katy-monique-cuomo,Katy Monique Cuomo
12692,kaui-hart-hemmings,Kaui Hart Hemmings
12693,kausikan-rajeshkumar,Kausikan Rajeshkumar
12694,kavcic-miha,Kavcic Miha
12695,kavita-patil,Kavita Patil
12696,kawashiro-hidenosuke,Kawashiro Hidenosuke
12697,kay-geiger,Kay Geiger
12698,kay-lee,Kay Lee
12699,kay-manee,Kay Manee
12700,kay-medford,Kay Medford
12701,kay-walsh,Kay Walsh
12702,kaycee-moore,Kaycee Moore
12703,kaye-brownlee-france,Kaye Brownlee-France
12704,kayije-kagame,Kayije Kagame
12705,kayla-meikle,Kayla Meikle
12706,kaylee-nicole-johnson,Kaylee Nicole Johnson
12707,kayleigh-coleman,Kayleigh Coleman
12708,kayzie-rogers,Kayzie Rogers
12709,kazuaki-ito-2,Kazuaki Ito
12710,kazuaki-nagaya,Kazuaki Nagaya
12711,kazuaki-shimizu,Kazuaki Shimizu
12712,kazuhiko-inoue,Kazuhiko Inoue
12713,kazuhiro-yamaji,Kazuhiro Yamaji
12714,kazuki-kitamura,Kazuki Kitamura
12715,kazuko-shibata,Kazuko Shibata
12716,kazuko-shirakawa,Kazuko Shirakawa
12717,kazuko-sugiyama,Kazuko Sugiyama
12718,kazuko-yoshiyuki,Kazuko Yoshiyuki
12719,kazumi-nozaki,Kazumi Nozaki
12720,kazunaga-tsuji,Kazunaga Tsuji
12721,kazunari-ninomiya,Kazunari Ninomiya
12722,kazunori-arai,Kazunori Arai
12723,kazunori-ito,Kazunori Itô
12724,kazuo-hirotsu,Kazuo Hirotsu
12725,kazuo-ishiguro,Kazuo Ishiguro
12726,kazuo-kato,Kazuo Katô
12727,kazuo-kitamura,Kazuo Kitamura
12728,kazushige-nagashima,Kazushige Nagashima
12729,kazutaka-sangen,Kazutaka Sangen
12730,kazuya-takahashi,Kazuya Takahashi
12731,kazuya-tsurumaki,Kazuya Tsurumaki
12732,kazuyoshi-kushida,Kazuyoshi Kushida
12733,kazuyoshi-minamimagoe,Kazuyoshi Minamimagoe
12734,kbrom,K'Brom
12735,kc-martel,K.C. Martel
12736,ke-huy-quan,Ke Huy Quan
12737,ke-ming-lin,Ke-Ming Lin
12738,kea-wong,Kea Wong
12739,keanu-reeves,Keanu Reeves
12740,keaton-nigel-cooke,Keaton Nigel Cooke
12741,kedar-williams-stirling,Kedar Williams-Stirling
12742,keegan-edwards,Keegan Edwards
12743,keeley-gainey,Keeley Gainey
12744,keeley-karsten,Keeley Karsten
12745,keena-2,Keena
12746,keenan-shimizu,Keenan Shimizu
12747,keenan-wynn,Keenan Wynn
12748,kei-iinuma,Kei Iinuma
12749,kei-sato,Kei Satô
12750,kei-tani,Kei Tani
12751,keiichiro-katsumoto,Keiichirô Katsumoto
12752,keiji-sada,Keiji Sada
12753,keijiro-morozumi,Keijirô Morozumi
12754,keiju-kobayashi,Keiju Kobayashi
12755,keiko-enami,Keiko Enami
12756,keiko-han,Keiko Han
12757,keiko-kagimoto,Keiko Kagimoto
12758,keiko-nishi,Keiko Nishi
12759,keiko-nobumoto,Keiko Nobumoto
12760,keiko-takeshita,Keiko Takeshita
12761,keiko-toda,Keiko Toda
12762,keiko-tsukamoto,Keiko Tsukamoto
12763,keiko-tsushima,Keiko Tsushima
12764,keiko-yokozawa,Keiko Yokozawa
12765,keir-dullea,Keir Dullea
12766,keir-mills,Keir Mills
12767,keir-pearson,Keir Pearson
12768,keira-knightley,Keira Knightley
12769,keire-johnson,Keire Johnson
12770,keisha-kemper,Keisha Kemper
12771,keita-saitou,Keita Saitou
12772,keith-6,Keith
12773,keith-a-glascoe,Keith A. Glascoe
12774,keith-allen,Keith Allen
12775,keith-baxter,Keith Baxter
12776,keith-butterfield,Keith Butterfield
12777,keith-campbell,Keith Campbell
12778,keith-carradine,Keith Carradine
12779,keith-cavill,Keith Cavill
12780,keith-d-robinson,Keith D. Robinson
12781,keith-dallas,Keith Dallas
12782,keith-david,Keith David
12783,keith-davis-3,Keith Davis
12784,keith-dunphy,Keith Dunphy
12785,keith-flippen,Keith Flippen
12786,keith-forsyth,Keith Forsyth
12787,keith-graves,Keith Graves
12788,keith-green-2,Keith Green
12789,keith-kirkwood,Keith Kirkwood
12790,keith-lamont-johnson,Keith Lamont Johnson
12791,keith-maitland,Keith Maitland
12792,keith-mccawley,Keith McCawley
12793,keith-meriweather,Keith Meriweather
12794,keith-oconor,Keith O'Conor
12795,keith-pyott,Keith Pyott
12796,keith-reddin,Keith Reddin
12797,keith-richards-2,Keith Richards
12798,keith-robinson-4,Keith Robinson
12799,keith-sweptson,Keith Sweptson
12800,keith-szarabajka,Keith Szarabajka
12801,keith-wayne,Keith Wayne
12802,keith-william-richards,Keith William Richards
12803,kelci-stephenson,Kelci Stephenson
12804,kelechi-udegbe,Kelechi Udegbe
12805,kellen-hathaway,Kellen Hathaway
12806,kelley-harron,Kelley Harron
12807,kelli-brisbane,Kelli Brisbane
12808,kelli-garner,Kelli Garner
12809,kelli-maroney,Kelli Maroney
12810,kelli-simpkins,Kelli Simpkins
12811,kelly-asbury,Kelly Asbury
12812,kelly-bottrill,Kelly Bottrill
12813,kelly-bowe,Kelly Bowe
12814,kelly-butler,Kelly Butler
12815,kelly-campbell-3,Kelly Campbell
12816,kelly-candaele,Kelly Candaele
12817,kelly-chen,Kelly Chen
12818,kelly-coffield-park,Kelly Coffield Park
12819,kelly-cooney,Kelly Cooney
12820,kelly-fitzgerald-3,Kelly Fitzgerald
12821,kelly-hu,Kelly Hu
12822,kelly-koonce,Kelly Koonce
12823,kelly-lai-chen,Kelly Lai Chen
12824,kelly-lee-2,Kelly Lee
12825,kelly-macdonald,Kelly Macdonald
12826,kelly-masterson,Kelly Masterson
12827,kelly-mccormack,Kelly McCormack
12828,kelly-mcgillis,Kelly McGillis
12829,kelly-mckeavney,Kelly McKeavney
12830,kelly-preston,Kelly Preston
12831,kelly-reichardt,Kelly Reichardt
12832,kelly-reilly,Kelly Reilly
12833,kelly-richard-fennig,Kelly Richard Fennig
12834,kelly-wade-2,Kelly Wade
12835,kelly-ward,Kelly Ward
12836,kelly-wightman,Kelly Wightman
12837,kellye-nakahara,Kellye Nakahara
12838,kelsey-grammer,Kelsey Grammer
12839,kelsey-mulrooney,Kelsey Mulrooney
12840,kelsey-scott,Kelsey Scott
12841,kelvin-bryan,Kelvin Bryan
12842,kelvin-han-yee,Kelvin Han Yee
12843,kelvin-harrison-jr,Kelvin Harrison Jr.
12844,kelvin-yu,Kelvin Yu
12845,kem-dibbs,Kem Dibbs
12846,kemat,Kemat
12847,kemil-belhadj,Kémil Belhadj
12848,kemp-powers,Kemp Powers
12849,ken-anderson,Ken Anderson
12850,ken-beaumont,Ken Beaumont
12851,ken-bevel,Ken Bevel
12852,ken-boyer-2,Ken Boyer
12853,ken-campbell,Ken Campbell
12854,ken-curtis,Ken Curtis
12855,ken-daly,Ken Daly
12856,ken-daurio,Ken Daurio
12857,ken-davitian,Ken Davitian
12858,ken-dishner,Ken Dishner
12859,ken-elmer,Ken Elmer
12860,ken-forman,Ken Forman
12861,ken-fritz,Ken Fritz
12862,ken-gibbel,Ken Gibbel
12863,ken-hixon,Ken Hixon
12864,ken-hudson-campbell,Ken Hudson Campbell
12865,ken-jenkins,Ken Jenkins
12866,ken-jeong,Ken Jeong
12867,ken-keener,Ken Keener
12868,ken-kenny-2,Ken Kenny
12869,ken-kensei,Ken Kensei
12870,ken-kesey,Ken Kesey
12871,ken-krotowich,Ken Krotowich
12872,ken-lerner,Ken Lerner
12873,ken-leung,Ken Leung
12874,ken-loach,Ken Loach
12875,ken-lugen,Ken Lugen
12876,ken-lynch,Ken Lynch
12877,ken-medlock,Ken Medlock
12878,ken-mitsuda,Ken Mitsuda
12879,ken-murray,Ken Murray
12880,ken-niles,Ken Niles
12881,ken-nolan,Ken Nolan
12882,ken-ogata,Ken Ogata
12883,ken-page,Ken Page
12884,ken-pogue,Ken Pogue
12885,ken-sagoes,Ken Sagoes
12886,ken-sansom,Ken Sansom
12887,ken-stovitz,Ken Stovitz
12888,ken-sugimori,Ken Sugimori
12889,ken-swofford,Ken Swofford
12890,ken-thorley,Ken Thorley
12891,ken-twohy,Ken Twohy
12892,ken-watanabe,Ken Watanabe
12893,ken-waters,Ken Waters
12894,ken-wheat,Ken Wheat
12895,ken-williams-3,Ken Williams
12896,kendall-cross,Kendall Cross
12897,kendall-cunningham,Kendall Cunningham
12898,kendall-toombs,Kendall Toombs
12899,kendra-harris,Kendra Harris
12900,kendrick-lamar,Kendrick Lamar
12901,kenesaw-m-landis,Kenesaw M. Landis
12902,kengo-kora,Kengo Kôra
12903,kenichi-endo,Ken'ichi Endô
12904,kenichi-mochizuki-3,Ken'ichi Mochizuki
12905,kenji-kodama,Kenji Kodama
12906,kenji-mizoguchi,Kenji Mizoguchi
12907,kenji-oba,Kenji Ôba
12908,kenji-tanigaki,Kenji Tanigaki
12909,kenjiro-ishiyama,Kenjirô Ishiyama
12910,kennedy-derosin,Kennedy Derosin
12911,kenneth-a-brown,Kenneth A. Brown
12912,kenneth-branagh,Kenneth Branagh
12913,kenneth-colley,Kenneth Colley
12914,kenneth-connor,Kenneth Connor
12915,kenneth-cook,Kenneth Cook
12916,kenneth-fahy,Kenneth Fahy
12917,kenneth-franklin,Kenneth Franklin
12918,kenneth-graymez,Kenneth Graymez
12919,kenneth-hadley,Kenneth Hadley
12920,kenneth-hunter-2,Kenneth Hunter
12921,kenneth-kirk,Kenneth Kirk
12922,kenneth-lonergan,Kenneth Lonergan
12923,kenneth-mars,Kenneth Mars
12924,kenneth-mcmillan,Kenneth McMillan
12925,kenneth-nelson,Kenneth Nelson
12926,kenneth-oliver-2,Kenneth Oliver
12927,kenneth-patterson,Kenneth Patterson
12928,kenneth-radley,Kenneth Radley
12929,kenneth-simmons,Kenneth Simmons
12930,kenneth-tigar,Kenneth Tigar
12931,kenneth-welsh,Kenneth Welsh
12932,kenny-baker,Kenny Baker
12933,kenny-chin,Kenny Chin
12934,kenny-gradney,Kenny Gradney
12935,kenny-guay,Kenny Guay
12936,kenny-jones,Kenny Jones
12937,kenny-lam-3,Kenny Lam
12938,kenny-luper,Kenny Luper
12939,kenny-ortega,Kenny Ortega
12940,kenny-richards-3,Kenny Richards
12941,kenny-sinclair,Kenny Sinclair
12942,kenny-vance,Kenny Vance
12943,kent-abernathy,Kent Abernathy
12944,kent-cassella,Kent Cassella
12945,kent-cheng,Kent Cheng
12946,kent-faulcon,Kent Faulcon
12947,kent-jones-6,Kent Jones
12948,kent-osborne,Kent Osborne
12949,kent-smith,Kent Smith
12950,kent-williams-5,Kent Williams
12951,kenton-duty,Kenton Duty
12952,kenyah-sandy,Kenyah Sandy
12953,kenzo-tanaka,Kenzô Tanaka
12954,keomi-givens,Keomi Givens
12955,keram-malicki-sanchez,Keram Malicki-Sánchez
12956,keren-mor,Keren Mor
12957,keri-lynn-pratt,Keri Lynn Pratt
12958,kermit-murdock,Kermit Murdock
12959,kern-jackson,Kern Jackson
12960,kernan-cripps,Kernan Cripps
12961,kerri-dunbar,Kerri Dunbar
12962,kerri-randles,Kerri Randles
12963,kerrie-hayes,Kerrie Hayes
12964,kerris-dorsey,Kerris Dorsey
12965,kerry-bishe,Kerry Bishé
12966,kerry-cahill,Kerry Cahill
12967,kerry-condon,Kerry Condon
12968,kerry-flanagan-2,Kerry Flanagan
12969,kerry-katz,Kerry Katz
12970,kerry-rossall,Kerry Rossall
12971,kerry-sandomirsky,Kerry Sandomirsky
12972,kerry-walker,Kerry Walker
12973,kerry-washington,Kerry Washington
12974,kerry-williams-2,Kerry Williams
12975,kerstin-wohlfahrt,Kerstin Wohlfahrt
12976,kesha-williams,Kesha Williams
12977,kessen-tall,Kessen Tall
12978,keston-john,Keston John
12979,ketevan-abuladze,Ketevan Abuladze
12980,keti-gegeshidze,Keti Gegeshidze
12981,kettly-noel,Kettly Noël
12982,ketty-france,Ketty France
12983,ketut-rina,Ketut Rina
12984,keven-mcalester,Keven McAlester
12985,kevin-16,Kevin
12986,kevin-alexander-clark,Kevin Alexander Clark
12987,kevin-alexander-stea,Kevin Alexander Stea
12988,kevin-allen,Kevin Allen
12989,kevin-altieri,Kevin Altieri
12990,kevin-bacon,Kevin Bacon
12991,kevin-bankston,Kevin Bankston
12992,kevin-bewersdorf,Kevin Bewersdorf
12993,kevin-breznahan,Kevin Breznahan
12994,kevin-burke,Kevin Burke
12995,kevin-carolan-2,Kevin Carolan
12996,kevin-carroll,Kevin Carroll
12997,kevin-chamberlin,Kevin Chamberlin
12998,kevin-clash,Kevin Clash
12999,kevin-collins-4,Kevin Collins
13000,kevin-connealy,Kevin Connealy
13001,kevin-connolly,Kevin Connolly
13002,kevin-connors,Kevin Connors
13003,kevin-conroy,Kevin Conroy
13004,kevin-corrigan,Kevin Corrigan
13005,kevin-costner,Kevin Costner
13006,kevin-crowley,Kevin Crowley
13007,kevin-dias,Kevin Dias
13008,kevin-dillon,Kevin Dillon
13009,kevin-downes,Kevin Downes
13010,kevin-dunn,Kevin Dunn
13011,kevin-eastman,Kevin Eastman
13012,kevin-eldon,Kevin Eldon
13013,kevin-eshelman,Kevin Eshelman
13014,kevin-g-schmidt,Kevin G. Schmidt
13015,kevin-gage,Kevin Gage
13016,kevin-hardesty,Kevin Hardesty
13017,kevin-harvey-morse,Kevin Harvey Morse
13018,kevin-hudnell,Kevin Hudnell
13019,kevin-hunter,Kevin Hunter
13020,kevin-hunter-8,Kevin Hunter
13021,kevin-j-oconnor,Kevin J. O'Connor
13022,kevin-jarre,Kevin Jarre
13023,kevin-kline,Kevin Kline
13024,kevin-kunkel,Kevin Kunkel
13025,kevin-lawless,Kevin Lawless
13026,kevin-leroy,Kevin Leroy
13027,kevin-lima,Kevin Lima
13028,kevin-loreque,Kevin Loreque
13029,kevin-matadeen,Kevin Matadeen
13030,kevin-mccarthy,Kevin McCarthy
13031,kevin-mcdonald,Kevin McDonald
13032,kevin-mckeon,Kevin McKeon
13033,kevin-mckidd,Kevin McKidd
13034,kevin-mcnally,Kevin McNally
13035,kevin-michael-moore,Kevin Michael Moore
13036,kevin-michael-richardson,Kevin Michael Richardson
13037,kevin-myers-6,Kevin Myers
13038,kevin-obrien-14,Kevin O'Brien
13039,kevin-patrick-walls,Kevin Patrick Walls
13040,kevin-pazmino,Kevin Pazmino
13041,kevin-peter-hall,Kevin Peter Hall
13042,kevin-pollak,Kevin Pollak
13043,kevin-reynolds,Kevin Reynolds
13044,kevin-rodney-sullivan,Kevin Rodney Sullivan
13045,kevin-smith,Kevin Smith
13046,kevin-spacey,Kevin Spacey
13047,kevin-sussman,Kevin Sussman
13048,kevin-swierszcz,Kevin Swierszcz
13049,kevin-tighe,Kevin Tighe
13050,kevin-tillman,Kevin Tillman
13051,kevin-v-kelley,Kevin V. Kelley
13052,kevin-weisman,Kevin Weisman
13053,kevin-whately,Kevin Whately
13054,kevin-williamson,Kevin Williamson
13055,kevin-yagher,Kevin Yagher
13056,kevork-malikyan,Kevork Malikyan
13057,kevyn-major-howard,Kevyn Major Howard
13058,keylee-jade-flanders,Keylee Jade Flanders
13059,kgomotso-seitshohlo,Kgomotso Seitshohlo
13060,khadijeh-moradi,Khadijeh Moradi
13061,khaled-salam,Khaled Salam
13062,khalik-allah,Khalik Allah
13063,khalil-gibran-muhammad,Khalil Gibran Muhammad
13064,khandi-alexander,Khandi Alexander
13065,khigh-dhiegh,Khigh Dhiegh
13066,khim-kumari-gayek,Khim Kumari Gayek
13067,khirye-tyler,Khirye Tyler
13068,khoren-babouchian,Khoren Babouchian
13069,khouda-fall,Khouda Fall
13070,kia-jam,Kia Jam
13071,kian-barazandeh,Kian Barazandeh
13072,kian-rostami,Kian Rostami
13073,kichijiro-ueda,Kichijirô Ueda
13074,kiefer-sutherland,Kiefer Sutherland
13075,kiem-do,Kiem Do
13076,kien-shih,Kien Shih
13077,kieran-burton,Kieran Burton
13078,kieran-culkin,Kieran Culkin
13079,kieran-hardcastle,Kieran Hardcastle
13080,kieran-hegarty,Kieran Hegarty
13081,kieron-elliott,Kieron Elliott
13082,kieron-jecchinis,Kieron Jecchinis
13083,kiersten-warren,Kiersten Warren
13084,kiha-chang-2,Kiha Chang
13085,kiki-layne,KiKi Layne
13086,kiki-smith-2,Kiki Smith
13087,kiko-cerone,Kiko Cerone
13088,kiko-marques,Kiko Marques
13089,kikue-mori,Kikue Môri
13090,kikuko-hashimoto,Kikuko Hashimoto
13091,kikuko-inoue,Kikuko Inoue
13092,killian-mcaniff,Killian McAniff
13093,kim-a-snyder,Kim A. Snyder
13094,kim-adams,Kim Adams
13095,kim-basinger,Kim Basinger
13096,kim-bowie,Kim Bowie
13097,kim-byeong-ok,Kim Byeong-Ok
13098,kim-cattrall,Kim Cattrall
13099,kim-chan,Kim Chan
13100,kim-coates,Kim Coates
13101,kim-dickens,Kim Dickens
13102,kim-do-yeon-3,Kim Do-Yeon
13103,kim-fenton,Kim Fenton
13104,kim-gennaula,Kim Gennaula
13105,kim-ghattas,Kim Ghattas
13106,kim-greist,Kim Greist
13107,kim-hae-sook,Kim Hae-sook
13108,kim-hak-sun,Kim Hak-sun
13109,kim-hee-ok,Kim Hee-ok
13110,kim-hee-ra,Kim Hee-ra
13111,kim-henkel,Kim Henkel
13112,kim-hunter,Kim Hunter
13113,kim-hye-jung,Kim Hye-jung
13114,kim-hyung-mook,Kim Hyung-mook
13115,kim-ja-yeong,Kim Ja-yeong
13116,kim-jeong-yeong,Kim Jeong-yeong
13117,kim-jin-hyung,Kim Jin-hyung
13118,kim-jong-goo,Kim Jong-goo
13119,kim-kap-su,Kim Kap-su
13120,kim-ki-duk,Kim Ki-duk
13121,kim-kopf,Kim Kopf
13122,kim-krizan,Kim Krizan
13123,kim-kyu-baek,Kim Kyu-baek
13124,kim-longinotto,Kim Longinotto
13125,kim-novak,Kim Novak
13126,kim-ok-bin,Kim Ok-bin
13127,kim-parker-2,Kim Parker
13128,kim-philby,Kim Philby
13129,kim-richards,Kim Richards
13130,kim-robillard,Kim Robillard
13131,kim-robin-svartdal,Kim Robin Svartdal
13132,kim-sang-kyung,Kim Sang-kyung
13133,kim-soo-kyung,Kim Soo-Kyung
13134,kim-stanley,Kim Stanley
13135,kim-staunton,Kim Staunton
13136,kim-stengel,Kim Stengel
13137,kim-sun-young,Kim Sun-young
13138,kim-sykes,Kim Sykes
13139,kim-uylenbroek,Kim Uylenbroek
13140,kim-wai-wong,Kim-Wai Wong
13141,kim-walker,Kim Walker
13142,kim-wilson-2,Kim Wilson
13143,kim-yong-taek,Kim Yong-taek
13144,kim-yoon-seok,Kim Yoon-seok
13145,kim-young-min,Kim Young-min
13146,kim-yun-seo,Kim Yun-Seo
13147,kim-zimmer,Kim Zimmer
13148,kimat-singh,Kimat Singh
13149,kimberly-adair-clark,Kimberly Adair Clark
13150,kimberly-campbell,Kimberly Campbell
13151,kimberly-peirce,Kimberly Peirce
13152,kimberly-russell,Kimberly Russell
13153,kimberly-scott,Kimberly Scott
13154,kimberly-stringer,Kimberly Stringer
13155,kimia-hosseini,Kimia Hosseini
13156,kimihiro-reizei,Kimihiro Reizei
13157,kimiko-glenn,Kimiko Glenn
13158,kimiko-tachibana,Kimiko Tachibana
13159,kimiko-yo,Kimiko Yo
13160,kimmy-robertson,Kimmy Robertson
13161,kin-shing-choi,Kin-Shing Choi
13162,kin-sugai,Kin Sugai
13163,king-baggot,King Baggot
13164,king-charles-iii,King Charles III
13165,king-cole,King Cole
13166,king-donovan,King Donovan
13167,king-hou-chang,King Hou Chang
13168,king-vidor,King Vidor
13169,kinna-mcinroe,Kinna McInroe
13170,kinryu-arimoto,Kinryû Arimoto
13171,kinuyo-tanaka,Kinuyo Tanaka
13172,kinvara-balfour,Kinvara Balfour
13173,kinzo-sakura,Kinzô Sakura
13174,kip-pardue,Kip Pardue
13175,kiran-shah,Kiran Shah
13176,kirby-mitchell,Kirby Mitchell
13177,kirin-kiki,Kirin Kiki
13178,kirk-acevedo,Kirk Acevedo
13179,kirk-baltz,Kirk Baltz
13180,kirk-br-woller,Kirk B.R. Woller
13181,kirk-douglas,Kirk Douglas
13182,kirk-hanson,Kirk Hanson
13183,kirk-kjeldsen,Kirk Kjeldsen
13184,kirk-krack,Kirk Krack
13185,kirk-taylor,Kirk Taylor
13186,kirk-ward,Kirk Ward
13187,kirk-wise,Kirk Wise
13188,kirsten-batley,Kirsten Batley
13189,kirsten-block,Kirsten Block
13190,kirsten-dunst,Kirsten Dunst
13191,kirsten-johnson,Kirsten Johnson
13192,kirsten-johnson-2,Kirsten Johnson
13193,kirsten-kieferle,Kirsten Kieferle
13194,kirsten-sheridan,Kirsten Sheridan
13195,kirsten-smith,Kirsten Smith
13196,kirsti-ferry,Kirsti Ferry
13197,kirstie-alley,Kirstie Alley
13198,kisha-skinner,Kisha Skinner
13199,kishen-lal,Kishen Lal
13200,kit-carson,Kit Carson
13201,kit-connor,Kit Connor
13202,kit-flanagan,Kit Flanagan
13203,kit-gwin,Kit Gwin
13204,kitana-kiki-rodriguez,Kitana Kiki Rodriguez
13205,kittiphoom-wongpentak,Kittiphoom Wongpentak
13206,kitty,Kitty
13207,kitty-fitzgibbon,Kitty Fitzgibbon
13208,kitty-kirwan,Kitty Kirwan
13209,kitty-watson,Kitty Watson
13210,kitty-winn,Kitty Winn
13211,kiyohiko-shibukawa,Kiyohiko Shibukawa
13212,kiyoko-nishimura,Kiyoko Nishimura
13213,kiyoshi-kurosawa,Kiyoshi Kurosawa
13214,kiyoshi-yanagawa,Kiyoshi Yanagawa
13215,kiyoyuki-yanada,Kiyoyuki Yanada
13216,kjartan-halvorsen,Kjartan Halvorsen
13217,kjartan-hewitt,Kjartan Hewitt
13218,kjell-nilsson,Kjell Nilsson
13219,kk-dodds,K.K. Dodds
13220,kk-heim,Kk Heim
13221,klara-hofels,Klara Höfels
13222,klaudiusz-kaufmann,Klaudiusz Kaufmann
13223,klaus-kinski,Klaus Kinski
13224,klaus-muller,Klaus Müller
13225,klaus-wennemann,Klaus Wennemann
13226,klea-scott,Klea Scott
13227,kleber-mendonca-filho,Kleber Mendonça Filho
13228,knut-magne-uv,Knut Magne Uv
13229,ko-asung,Ko Asung
13230,ko-nishimura,Kô Nishimura
13231,ko-shibasaki,Kô Shibasaki
13232,koba-hayashi,Koba Hayashi
13233,kobus-marx,Kobus Marx
13234,kodi-smit-mcphee,Kodi Smit-McPhee
13235,kofi-ghanaba,Kofi Ghanaba
13236,kofi-siriboe,Kofi Siriboe
13237,kogo-noda,Kôgo Noda
13238,kogonada,Kogonada
13239,kohei-miyauchi,Kôhei Miyauchi
13240,koichi-hayashi,Kôichi Hayashi
13241,koichi-miura,Kôichi Miura
13242,koichi-yamadera,Kôichi Yamadera
13243,koji-goto-2,Koji Goto
13244,koji-mitsui,Kôji Mitsui
13245,koji-sato,Kôji Satô
13246,koji-shitara,Kôji Shitara
13247,koji-yakusho,Kôji Yakusho
13248,kojiro-takahashi-2,Kôjirô Takahashi
13249,kokuten-kodo,Kokuten Kôdô
13250,kola-kwariani,Kola Kwariani
13251,koleman-stinger,Koleman Stinger
13252,kong-lau,Kong Lau
13253,konrad-becker,Konrad Becker
13254,konstantin-anisimov,Konstantin Anisimov
13255,konstantin-feldman,Konstantin Feldman
13256,konstantin-lavronenko,Konstantin Lavronenko
13257,konstantin-lindhorst,Konstantin Lindhorst
13258,konstantin-shayne,Konstantin Shayne
13259,konstantin-telegin,Konstantin Telegin
13260,konstantinos-samaa,Konstantinos Samaa
13261,konstanty-szwemberg,Konstanty Szwemberg
13262,koppany-gerner,Koppány Gerner
13263,korbyn-bryant,Korbyn Bryant
13264,korobey,Korobey
13265,kosar-ali,Kosar Ali
13266,kosuke-yoshida-2,Kosuke Yoshida
13267,kotaro-shiga,Kôtarô Shiga
13268,koto-kawaguchi,Koto Kawaguchi
13269,kotoe-hatsui,Kotoe Hatsui
13270,kotone-furukawa,Kotone Furukawa
13271,kotono-mitsuishi,Kotono Mitsuishi
13272,kouki-tsurunishi,Kouki Tsurunishi
13273,koyuki,Koyuki
13274,kozo-hashida,Kôzô Hashida
13275,kozo-mito,Kôzô Mito
13276,kp-saxena,K.P. Saxena
13277,kris-lemche,Kris Lemche
13278,krisha-fairchild,Krisha Fairchild
13279,kriss-dosanjh,Kriss Dosanjh
13280,krista-allen,Krista Allen
13281,krista-buonauro,Krista Buonauro
13282,krista-goodsitt,Krista Goodsitt
13283,krista-hayes,Krista Hayes
13284,krista-sutton,Krista Sutton
13285,kristel-l-rose,Kristel L. Rose
13286,kristen-adele,Kristen Adele
13287,kristen-anderson-lopez,Kristen Anderson-Lopez
13288,kristen-bell,Kristen Bell
13289,kristen-clayton,Kristen Clayton
13290,kristen-cloke,Kristen Cloke
13291,kristen-dalton,Kristen Dalton
13292,kristen-stewart,Kristen Stewart
13293,kristen-thomson,Kristen Thomson
13294,kristen-wiig,Kristen Wiig
13295,kristi-cheshire,Kristi Cheshire
13296,kristi-oleson,Kristi Oleson
13297,kristi-zea,Kristi Zea
13298,kristian-almgren,Kristian Almgren
13299,kristin-griffith,Kristin Griffith
13300,kristin-herrera,Kristin Herrera
13301,kristin-k-berg,Kristin K. Berg
13302,kristin-minter,Kristin Minter
13303,kristin-rudrud,Kristin Rudrüd
13304,kristin-scott-thomas,Kristin Scott Thomas
13305,kristin-villanueva,Kristin Villanueva
13306,kristin-voss-hestvold,Kristin Voss Hestvold
13307,kristina-adolphson,Kristina Adolphson
13308,kristina-anapau,Kristina Anapau
13309,kristina-ekmark,Kristina Ekmark
13310,kristina-isaykina,Kristina Isaykina
13311,kristina-pesic,Kristina Pesic
13312,kristine-nielsen,Kristine Nielsen
13313,kristof-vajda,Kristóf Vajda
13314,kristofer-hivju,Kristofer Hivju
13315,kristoffer-greaves,Kristoffer Greaves
13316,kristoffer-joner,Kristoffer Joner
13317,kristoffer-ryan-winters,Kristoffer Ryan Winters
13318,kristopher-logan,Kristopher Logan
13319,kristopher-milnes,Kristopher Milnes
13320,kristy-connelly,Kristy Connelly
13321,krso-family,Krso Family
13322,krystal-ellsworth,Krystal Ellsworth
13323,krystal-nicole-watts,Krystal Nicole Watts
13324,krystyna-bigelmajer,Krystyna Bigelmajer
13325,krystyna-janda,Krystyna Janda
13326,krzysztof-brzezinski,Krzysztof Brzezinski
13327,krzysztof-jaszczak,Krzysztof Jaszczak
13328,krzysztof-kieslowski,Krzysztof Kieslowski
13329,krzysztof-kumor,Krzysztof Kumor
13330,krzysztof-luft,Krzysztof Luft
13331,krzysztof-piesiewicz,Krzysztof Piesiewicz
13332,krzysztos-tlotka,Krzysztos Tlotka
13333,ksenia-mironova,Ksenia Mironova
13334,ksenia-solo,Ksenia Solo
13335,kubilay-tuncer,Kubilay Tunçer
13336,kuhoo-verma,Kuhoo Verma
13337,kulbhushan-kharbanda,Kulbhushan Kharbanda
13338,kumail-nanjiani,Kumail Nanjiani
13339,kumar-dave,Kumar Dave
13340,kumar-pallana,Kumar Pallana
13341,kumeko-urabe,Kumeko Urabe
13342,kumgieng-jittamaat,Kumgieng Jittamaat
13343,kumiko-izumi,Kumiko Izumi
13344,kunal-sharma-2,Kunal Sharma
13345,kundo-koyama,Kundô Koyama
13346,kunihiko-yuyama,Kunihiko Yuyama
13347,kuniko-miyake,Kuniko Miyake
13348,kuo-chih-shu,Kuo-Chih Shu
13349,kuo-jung-tsai,Kuo Jung Tsai
13350,kurt-braunohler,Kurt Braunohler
13351,kurt-egyiawan,Kurt Egyiawan
13352,kurt-fuller,Kurt Fuller
13353,kurt-gerron,Kurt Gerron
13354,kurt-koehler,Kurt Koehler
13355,kurt-russell,Kurt Russell
13356,kurt-schweickhardt,Kurt Schweickhardt
13357,kurt-wimmer,Kurt Wimmer
13358,kurti,Kurti
13359,kurtwood-smith,Kurtwood Smith
13360,kwan-sin-shum,Kwan-Sin Shum
13361,kwang-il-kim,Kwang-il Kim
13362,kwang-rim-kim,Kwang-rim Kim
13363,kwesi-ameyaw,Kwesi Ameyaw
13364,ky-discala,Ky Discala
13365,kydruis-follins,Ky'druis Follins
13366,kye7e,Kyé7e
13367,kyeong-hun-jo,Kyeong-hun Jo
13368,kyle-cease,Kyle Cease
13369,kyle-chandler,Kyle Chandler
13370,kyle-eastwood,Kyle Eastwood
13371,kyle-gass,Kyle Gass
13372,kyle-gatehouse,Kyle Gatehouse
13373,kyle-maclachlan,Kyle MacLachlan
13374,kyle-malin,Kyle Malin
13375,kyle-richards,Kyle Richards
13376,kyle-schmid,Kyle Schmid
13377,kyle-scott-jackson,Kyle Scott Jackson
13378,kylian-decorne,Kylian Decorne
13379,kylie-ann-ford,Kylie Ann Ford
13380,kylie-minogue,Kylie Minogue
13381,kyoko-izumi,Kyôko Izumi
13382,kyoko-kagawa,Kyôko Kagawa
13383,kyoko-kishida,Kyôko Kishida
13384,kyoko-takahashi-2,Kyôko Takahashi
13385,kyoko-terase,Kyôko Terase
13386,kyoung-mi-lee,Kyoung-mi Lee
13387,kyra-schon,Kyra Schon
13388,kyrie-bryant,Kyrie Bryant
13389,kyu-sazanka,Kyû Sazanka
13390,l-frank-baum,L. Frank Baum
13391,l-scott-caldwell,L. Scott Caldwell
13392,la-monte-young,La Monte Young
13393,lacey-chabert,Lacey Chabert
13394,lachlan-j-modrzynski,Lachlan J. Modrzynski
13395,lachlan-mackintosh,Lachlan Mackintosh
13396,ladislas-farago,Ladislas Farago
13397,ladislav-beran,Ladislav Beran
13398,lady-gaga,Lady Gaga
13399,lady-rowlands,Lady Rowlands
13400,laeni-geiseler,Laeni Geiseler
13401,laeta-kalogridis,Laeta Kalogridis
13402,lahmard-j-tate,Lahmard J. Tate
13403,laila-lauren-miles,Laila Lauren Miles
13404,laila-robins,Laila Robins
13405,laimonis-grincevics,Laimonis Grincevics
13406,laine-megaw,Laine Megaw
13407,lainey-shaw,Lainey Shaw
13408,laird-archie,Laird Archie
13409,lajos-dobak,Lajos Dobák
13410,lajos-koltai,Lajos Koltai
13411,lajos-kovacs,Lajos Kovács
13412,lakeith-stanfield,LaKeith Stanfield
13413,lala-gatoo,Lalá Gatóo
13414,lalita-ahmed,Lalita Ahmed
13415,lalo-rios,Lalo Rios
13416,lalo-rotaveria,Lalo Rotavería
13417,lalor-roddy,Lalor Roddy
13418,lamar-trotti,Lamar Trotti
13419,lambert-wilson,Lambert Wilson
13420,lamberto-maggiorani,Lamberto Maggiorani
13421,lamia-ahmed,Lamia Ahmed
13422,lan-fendors,Lan Fendors
13423,lan-qin,Lan Qin
13424,lana-schwab,Lana Schwab
13425,lana-turner,Lana Turner
13426,lana-wachowski,Lana Wachowski
13427,lana-wilson,Lana Wilson
13428,lana-wood,Lana Wood
13429,lance-davis,Lance Davis
13430,lance-de-los-reyes,Lance de los Reyes
13431,lance-e-nichols,Lance E. Nichols
13432,lance-fenton,Lance Fenton
13433,lance-henriksen,Lance Henriksen
13434,lance-izumi,Lance Izumi
13435,lance-palmer-2,Lance Palmer
13436,landon-arnold,Landon Arnold
13437,lane-chandler,Lane Chandler
13438,lane-roc-williams,Lane 'Roc' Williams
13439,lane-scott,Lane Scott
13440,lane-smith,Lane Smith
13441,lanesha-martin,Lanesha Martin
13442,lanna-saunders,Lanna Saunders
13443,lanny-flaherty,Lanny Flaherty
13444,lanny-joon,Lanny Joon
13445,lara-everly,Lara Everly
13446,lara-flynn-boyle,Lara Flynn Boyle
13447,lara-grice,Lara Grice
13448,lara-harris,Lara Harris
13449,lara-hicks,Lara Hicks
13450,lara-mulcahy,Lara Mulcahy
13451,lara-persain,Lara Persain
13452,laraine-day,Laraine Day
13453,laraine-newman,Laraine Newman
13454,laramie-eppler,Laramie Eppler
13455,larbi-doghmi,Larbi Doghmi
13456,larenz-tate,Larenz Tate
13457,lari-white,Lari White
13458,larisa-oleynik,Larisa Oleynik
13459,larissa-guist,Larissa Guist
13460,larissa-kokernot,Larissa Kokernot
13461,larry-allison,Larry Allison
13462,larry-b-scott,Larry B. Scott
13463,larry-bagby,Larry Bagby
13464,larry-beinhart-2,Larry Beinhart
13465,larry-block,Larry Block
13466,larry-brandenburg,Larry Brandenburg
13467,larry-bryggman,Larry Bryggman
13468,larry-buchanan,Larry Buchanan
13469,larry-cedar,Larry Cedar
13470,larry-charles,Larry Charles
13471,larry-clemmons,Larry Clemmons
13472,larry-cowan,Larry Cowan
13473,larry-cragg,Larry Cragg
13474,larry-d-mann,Larry D. Mann
13475,larry-devlin,Larry Devlin
13476,larry-emile,Larry Emile
13477,larry-ferguson,Larry Ferguson
13478,larry-finlay,Larry Finlay
13479,larry-franco,Larry Franco
13480,larry-gates,Larry Gates
13481,larry-gelbart,Larry Gelbart
13482,larry-grey,Larry Grey
13483,larry-haines,Larry Haines
13484,larry-hankin,Larry Hankin
13485,larry-holden,Larry Holden
13486,larry-j-blake,Larry J. Blake
13487,larry-john-meyers,Larry John Meyers
13488,larry-joshua,Larry Joshua
13489,larry-karaszewski,Larry Karaszewski
13490,larry-keith-3,Larry Keith
13491,larry-king,Larry King
13492,larry-kopf,Larry Kopf
13493,larry-kramer,Larry Kramer
13494,larry-loury,Larry Loury
13495,larry-marko,Larry Marko
13496,larry-mccoy,Larry McCoy
13497,larry-mcmurtry,Larry McMurtry
13498,larry-miller,Larry Miller
13499,larry-morey,Larry Morey
13500,larry-pine,Larry Pine
13501,larry-ratso-sloman,Larry 'Ratso' Sloman
13502,larry-reese,Larry Reese
13503,larry-reni-thomas,Larry Reni Thomas
13504,larry-ridley-2,Larry Ridley
13505,larry-soderblom,Larry Soderblom
13506,larry-sullivan,Larry Sullivan
13507,larry-van-daele,Larry Van Daele
13508,larry-wilson,Larry Wilson
13509,lars-ekborg,Lars Ekborg
13510,lars-michael-dinesen,Lars Michael Dinesen
13511,lars-rudolph,Lars Rudolph
13512,lars-sandstrom,Lars Sandström
13513,lars-varinger,Lars Väringer
13514,lars-von-trier,Lars von Trier
13515,lasairfhiona-ni-chonaola,Lasaírfhiona Ní Chonaola
13516,lasse-gretland,Lasse Gretland
13517,lasse-hallstrom,Lasse Hallström
13518,laszlo-krasznahorkai,László Krasznahorkai
13519,laszlo-miske,László Miske
13520,laszlo-nemes,László Nemes
13521,laszlo-szabo,László Szabó
13522,latesha-martin,Latesha Martin
13523,latham-gaines,Latham Gaines
13524,latin-lover,Latin Lover
13525,latrenda-boosie-ash,Latrenda 'Boosie' Ash
13526,laura-2,Laura
13527,laura-ackermann,Laura Ackermann
13528,laura-allen,Laura Allen
13529,laura-almela,Laura Almela
13530,laura-baquela,Laura Baquela
13531,laura-bell-bundy,Laura Bell Bundy
13532,laura-bertram,Laura Bertram
13533,laura-betti,Laura Betti
13534,laura-chinn,Laura Chinn
13535,laura-citarella,Laura Citarella
13536,laura-cret,Laura Cret
13537,laura-dern,Laura Dern
13538,laura-elena-ibarra,Laura Elena Ibarra
13539,laura-esquivel,Laura Esquivel
13540,laura-esterman,Laura Esterman
13541,laura-frances,Laura Frances
13542,laura-freeman-2,Laura Freeman
13543,laura-harring,Laura Harring
13544,laura-harrington,Laura Harrington
13545,laura-harris,Laura Harris
13546,laura-hope-crews,Laura Hope Crews
13547,laura-kightlinger,Laura Kightlinger
13548,laura-knight-3,Laura Knight
13549,laura-linney,Laura Linney
13550,laura-lovelace,Laura Lovelace
13551,laura-marano,Laura Marano
13552,laura-michelle-kelly,Laura Michelle Kelly
13553,laura-pallas,Laura Pallas
13554,laura-paredes,Laura Paredes
13555,laura-poitras,Laura Poitras
13556,laura-regan,Laura Regan
13557,laura-san-giacomo,Laura San Giacomo
13558,laura-seay,Laura Seay
13559,laura-solari,Laura Solari
13560,laura-vasiliu,Laura Vasiliu
13561,laura-verlinden,Laura Verlinden
13562,laura-wandel,Laura Wandel
13563,laura-wheelwright,Laura Wheelwright
13564,laura-whyte,Laura Whyte
13565,laure-badufle,Laure Badufle
13566,laure-paillette,Laure Paillette
13567,laurel-holloman,Laurel Holloman
13568,laurel-near,Laurel Near
13569,lauren-adler,Lauren Adler
13570,lauren-bacall,Lauren Bacall
13571,lauren-blumenfeld,Lauren Blumenfeld
13572,lauren-clinton,Lauren Clinton
13573,lauren-etchells,Lauren Etchells
13574,lauren-ford,Lauren Ford
13575,lauren-fox,Lauren Fox
13576,lauren-gibson-6,Lauren Gibson
13577,lauren-gilbert-2,Lauren Gilbert
13578,lauren-hadaway,Lauren Hadaway
13579,lauren-holly,Lauren Holly
13580,lauren-lakis,Lauren Lakis
13581,lauren-lee-smith,Lauren Lee Smith
13582,lauren-maher,Lauren Maher
13583,lauren-sweetser,Lauren Sweetser
13584,lauren-taniel-robinson,Lauren Taniel Robinson
13585,lauren-tyrrell,Lauren Tyrrell
13586,laurence-barry,Laurence Barry
13587,laurence-belcher,Laurence Belcher
13588,laurence-fishburne,Laurence Fishburne
13589,laurence-fox,Laurence Fox
13590,laurence-gates,Laurence Gates
13591,laurence-griffin,Laurence Griffin
13592,laurence-harvey,Laurence Harvey
13593,laurence-herder,Laurence Herder
13594,laurence-martin,Laurence Martin
13595,laurence-mason,Laurence Mason
13596,laurence-mathews-richardson,Laurence Mathews Richardson
13597,laurence-mercier,Laurence Mercier
13598,laurence-olivier,Laurence Olivier
13599,laurence-stallings,Laurence Stallings
13600,laurence-woodbridge,Laurence Woodbridge
13601,laurent-becue-renard,Laurent Bécue-Renard
13602,laurent-cantet,Laurent Cantet
13603,laurent-capelluto,Laurent Capelluto
13604,laurent-christophe-de-ruelle,Laurent-Christophe De Ruelle
13605,laurent-claret,Laurent Claret
13606,laurent-courtiaud,Laurent Courtiaud
13607,laurent-kumba,Laurent Kumba
13608,laurent-lacotte,Laurent Lacotte
13609,laurent-lafitte,Laurent Lafitte
13610,laurent-nahoum-vatinet,Laurent Nahoum-Vatinet
13611,laurent-petitgand,Laurent Petitgand
13612,laurent-spielvogel,Laurent Spielvogel
13613,laurentiu-istrate,Laurentiu Istrate
13614,laurentiu-lazar,Laurentiu Lazar
13615,laurie-anderson,Laurie Anderson
13616,laurie-bird,Laurie Bird
13617,laurie-craig,Laurie Craig
13618,laurie-kilpatrick,Laurie Kilpatrick
13619,laurie-main,Laurie Main
13620,laurie-mckenna,Laurie McKenna
13621,laurie-metcalf,Laurie Metcalf
13622,laurie-zimmer,Laurie Zimmer
13623,laurindo-almeida,Laurindo Almeida
13624,lauryn-hill,Lauryn Hill
13625,lautaro-nunez,Lautaro Núñez
13626,lav-diaz,Lav Diaz
13627,laverne-peters,Laverne Peters
13628,laverne-sims,LaVerne Sims
13629,lawana-backer,LaWana Backer
13630,lawanda-hopkins,LaWanda Hopkins
13631,lawrence-a-bonney,Lawrence A. Bonney
13632,lawrence-akil-killebrew,Lawrence Akil Killebrew
13633,lawrence-arancio,Lawrence Arancio
13634,lawrence-bender,Lawrence Bender
13635,lawrence-d-cohen,Lawrence D. Cohen
13636,lawrence-dirita,Lawrence DiRita
13637,lawrence-dobkin,Lawrence Dobkin
13638,lawrence-edward-watkin,Lawrence Edward Watkin
13639,lawrence-g-blochman,Lawrence G. Blochman
13640,lawrence-gilliard-jr,Lawrence Gilliard Jr.
13641,lawrence-hauben,Lawrence Hauben
13642,lawrence-hecht,Lawrence Hecht
13643,lawrence-hudd,Lawrence Hudd
13644,lawrence-kasdan,Lawrence Kasdan
13645,lawrence-ko,Lawrence Ko
13646,lawrence-konner,Lawrence Konner
13647,lawrence-kopp,Lawrence Kopp
13648,lawrence-krauss,Lawrence Krauss
13649,lawrence-lasker,Lawrence Lasker
13650,lawrence-lowe,Lawrence Lowe
13651,lawrence-makoare,Lawrence Makoare
13652,lawrence-pierott,Lawrence Pierott
13653,lawrence-t-wrentz,Lawrence T. Wrentz
13654,lawrence-tierney,Lawrence Tierney
13655,layla-walet-mohamed,Layla Walet Mohamed
13656,layo-christina-akinlude,Layo-Christina Akinlude
13657,lazar-dubovik,Lazar Dubovik
13658,lazaro-gomez-carriles,Lázaro Gómez Carriles
13659,le-clanche-du-rand,Le Clanché du Rand
13660,le-phong-vu,Le Phong Vu
13661,lea,Léa
13662,lea-delaria,Lea DeLaria
13663,lea-drinda,Lea Drinda
13664,lea-salonga,Lea Salonga
13665,lea-seydoux,Léa Seydoux
13666,lea-thompson,Lea Thompson
13667,leah-ayres,Leah Ayres
13668,leah-baird,Leah Baird
13669,leah-c-gardiner,Leah C. Gardiner
13670,leander-deeny,Leander Deeny
13671,leander-perez,Leander Perez
13672,leandra-miranda,Leandra Miranda
13673,leandro-firmino,Leandro Firmino
13674,leandro-rivera,Leandro Rivera
13675,leanne-benjamin,Leanne Benjamin
13676,lebo-mashile,Lebo Mashile
13677,lee-aaker,Lee Aaker
13678,lee-allen,Lee Allen
13679,lee-arenberg,Lee Arenberg
13680,lee-armstrong-4,Lee Armstrong
13681,lee-arnold,Lee Arnold
13682,lee-blair,Lee Blair
13683,lee-bong-ryun,Lee Bong-ryun
13684,lee-bowman,Lee Bowman
13685,lee-bradley,Lee Bradley
13686,lee-brooks,Lee Brooks
13687,lee-bryant,Lee Bryant
13688,lee-byung-hun,Lee Byung-hun
13689,lee-chang-dong,Lee Chang-dong
13690,lee-da-wit,Lee Da-wit
13691,lee-daniels,Lee Daniels
13692,lee-de-broux,Lee de Broux
13693,lee-e-scharfstein,Lee E. Scharfstein
13694,lee-evans,Lee Evans
13695,lee-fierro,Lee Fierro
13696,lee-garlington,Lee Garlington
13697,lee-goodman,Lee Goodman
13698,lee-grant,Lee Grant
13699,lee-hall,Lee Hall
13700,lee-hartman,Lee Hartman
13701,lee-hong-thay,Lee Hong Thay
13702,lee-hsien-loong,Lee Hsien Loong
13703,lee-hye-yeong,Lee Hye-yeong
13704,lee-ingleby,Lee Ingleby
13705,lee-isaac-chung,Lee Isaac Chung
13706,lee-j-cobb,Lee J. Cobb
13707,lee-jeong-eun-3,Lee Jeong-eun
13708,lee-jeong-wook,Lee Jeong-wook
13709,lee-jun-hyuk,Lee Jun-hyuk
13710,lee-jung-hyun,Lee Jung-hyun
13711,lee-kagan,Lee Kagan
13712,lee-kan-hee,Lee Kan-Hee
13713,lee-marvin,Lee Marvin
13714,lee-meredith,Lee Meredith
13715,lee-morgan-4,Lee Morgan
13716,lee-na-kwan,Lee-Na Kwan
13717,lee-norris,Lee Norris
13718,lee-pace,Lee Pace
13719,lee-patrick,Lee Patrick
13720,lee-paul,Lee Paul
13721,lee-remick,Lee Remick
13722,lee-ross,Lee Ross
13723,lee-rufford,Lee Rufford
13724,lee-soo-jeong,Lee Soo-Jeong
13725,lee-strasberg,Lee Strasberg
13726,lee-sun-kyun,Lee Sun-kyun
13727,lee-sung-min,Lee Sung-min
13728,lee-tergesen,Lee Tergesen
13729,lee-unkrich,Lee Unkrich
13730,lee-van-cleef,Lee Van Cleef
13731,lee-ving,Lee Ving
13732,lee-wallace,Lee Wallace
13733,lee-weaver-2,Lee Weaver
13734,lee-whitlock,Lee Whitlock
13735,lee-wilkof,Lee Wilkof
13736,lee-zamora,Lee Zamora
13737,leehom-wang,Leehom Wang
13738,leem-seung-min,Leem Seung-min
13739,legacy-jones,Legacy Jones
13740,lei-li-3,Lei Li
13741,leif-erickson,Leif Erickson
13742,leif-tilden,Leif Tilden
13743,leigh-brackett,Leigh Brackett
13744,leigh-brown,Leigh Brown
13745,leigh-french,Leigh French
13746,leigh-mahoney,Leigh Mahoney
13747,leigh-whannell,Leigh Whannell
13748,leigh-whipper,Leigh Whipper
13749,leighton-meester,Leighton Meester
13750,leila-bekhti,Leïla Bekhti
13751,leila-hatami,Leila Hatami
13752,leila-muse,Leïla Muse
13753,lela-bliss,Lela Bliss
13754,leland-harris,Leland Harris
13755,leland-orser,Leland Orser
13756,leleti-khumalo,Leleti Khumalo
13757,lelia-goldoni,Lelia Goldoni
13758,lelo-masamba,Lelo Masamba
13759,lem-dobbs,Lem Dobbs
13760,lemohang-jeremiah-mosese,Lemohang Jeremiah Mosese
13761,len-cariou,Len Cariou
13762,len-lesser,Len Lesser
13763,lena-bergman,Lena Bergman
13764,lena-carlsson,Lena Carlsson
13765,lena-endre,Lena Endre
13766,lena-girard-voss,Lena Girard Voss
13767,lena-sherrod,Lena Sherrod
13768,lena-urzendowsky,Lena Urzendowsky
13769,lene-bausager,Lene Bausager
13770,lennie-james,Lennie James
13771,lennie-loftin,Lennie Loftin
13772,lennox-pawle,Lennox Pawle
13773,lenny-abrahamson,Lenny Abrahamson
13774,lenny-henry,Lenny Henry
13775,lenny-kravitz,Lenny Kravitz
13776,lenny-mclean,Lenny McLean
13777,lenny-montana,Lenny Montana
13778,lenny-scaletta,Lenny Scaletta
13779,lenny-von-dohlen,Lenny von Dohlen
13780,lenore-j-coffee,Lenore J. Coffee
13781,lenore-kasdorf,Lenore Kasdorf
13782,leo-beard,Leo Beard
13783,leo-bieber,Leo Bieber
13784,leo-bill,Leo Bill
13785,leo-britt,Leo Britt
13786,leo-burmester,Leo Burmester
13787,leo-cleary,Leo Cleary
13788,leo-delyon,Leo DeLyon
13789,leo-g-carroll,Leo G. Carroll
13790,leo-gullotta,Leo Gullotta
13791,leo-laitinen,Leo Laitinen
13792,leo-lapara,Léo Lapara
13793,leo-lee,Leo Lee
13794,leo-mccarey,Leo McCarey
13795,leo-ramseyer,Leo Ramseyer
13796,leo-rubion,Léo Rubion
13797,leo-thiele,Leo Thiele
13798,leo-troisgros,Léo Troisgros
13799,leon-alton,Leon Alton
13800,leon-ames,Leon Ames
13801,leon-briggs,Leon Briggs
13802,leon-dai,Leon Dai
13803,leon-davis-3,Leon Davis
13804,leon-gordon,Leon Gordon
13805,leon-janney,Leon Janney
13806,leon-lai,Leon Lai
13807,leon-larive,Léon Larive
13808,leon-michaux,Leon Michaux
13809,leon-moreno,Leôn Moreno
13810,leon-rippy,Leon Rippy
13811,leon-russom,Leon Russom
13812,leon-skinner,Leon Skinner
13813,leon-vitali,Leon Vitali
13814,leon-wagner,Leon Wagner
13815,leona-aderias,Leona Aderias
13816,leona-roberts,Leona Roberts
13817,leonard-berney,Leonard Berney
13818,leonard-bernstein,Leonard Bernstein
13819,leonard-carey,Leonard Carey
13820,leonard-da-hussey-2,Leonard D.A. Hussey
13821,leonard-gaines,Leonard Gaines
13822,leonard-geneux,Léonard Geneux
13823,leonard-harris-2,Leonard Harris
13824,leonard-jackson,Leonard Jackson
13825,leonard-john,Leonard John
13826,leonard-louf,Léonard Louf
13827,leonard-mudie,Leonard Mudie
13828,leonard-nimoy,Leonard Nimoy
13829,leonard-rossiter,Leonard Rossiter
13830,leonard-smith-6,Leonard Smith
13831,leonard-stone,Leonard Stone
13832,leonard-strong,Leonard Strong
13833,leonard-termo,Leonard Termo
13834,leonard-watkins,Leonard Watkins
13835,leonard-willey,Leonard Willey
13836,leonard-zola,Leonard Zola
13837,leonardo-caforio,Leonardo Caforio
13838,leonardo-cimino,Leonardo Cimino
13839,leonardo-dicaprio,Leonardo DiCaprio
13840,leonardo-ortizgris,Leonardo Ortizgris
13841,leonardo-sbaraglia,Leonardo Sbaraglia
13842,leonid-brezhnev,Leonid Brezhnev
13843,leonid-citer,Leonid Citer
13844,leonid-kinskey,Leonid Kinskey
13845,leonid-mozgovoy,Leonid Mozgovoy
13846,leonid-timtsunik,Leonid Timtsunik
13847,leonid-yarmolnik,Leonid Yarmolnik
13848,leonor-baldaque,Leonor Baldaque
13849,leonor-oberson,Leonor Oberson
13850,leonor-silveira,Leonor Silveira
13851,leonor-watling,Leonor Watling
13852,leonora-ruffo,Leonora Ruffo
13853,leopold-stokowski,Leopold Stokowski
13854,leopoldine-konstantin,Leopoldine Konstantin
13855,leopoldo-trieste,Leopoldo Trieste
13856,leos-carax,Leos Carax
13857,lerato-mokgotho,Lerato Mokgotho
13858,leroy-pourier,Leroy Pourier
13859,les-chantery,Les Chantery
13860,les-child,Les Child
13861,les-clark-2,Les Clark
13862,les-podewell,Les Podewell
13863,les-tremayne,Les Tremayne
13864,lesley-ann-warren,Lesley Ann Warren
13865,lesley-dunlop,Lesley Dunlop
13866,lesley-manville,Lesley Manville
13867,lesley-sharp,Lesley Sharp
13868,lesley-storm,Lesley Storm
13869,leslie-bevis,Leslie Bevis
13870,leslie-blackater,Leslie Blackater
13871,leslie-carlson,Leslie Carlson
13872,leslie-cheung,Leslie Cheung
13873,leslie-dixon,Leslie Dixon
13874,leslie-foldvary,Leslie Foldvary
13875,leslie-hamilton-gearren,Leslie Hamilton Gearren
13876,leslie-hayman,Leslie Hayman
13877,leslie-howard,Leslie Howard
13878,leslie-levinson,Leslie Levinson
13879,leslie-lowe,Leslie Lowe
13880,leslie-lyles,Leslie Lyles
13881,leslie-maier,Leslie Maier
13882,leslie-malton,Leslie Malton
13883,leslie-mann,Leslie Mann
13884,leslie-newman,Leslie Newman
13885,leslie-nielsen,Leslie Nielsen
13886,leslie-odom-jr,Leslie Odom Jr.
13887,leslie-parrish,Leslie Parrish
13888,leslie-phillips,Leslie Phillips
13889,leslie-rice,Leslie Rice
13890,leslie-simpson,Leslie Simpson
13891,leslie-stefanson,Leslie Stefanson
13892,lester-b-hanson,Lester B. Hanson
13893,lester-garcia-2,Lester Garcia
13894,lester-makedonsky,Lester Makedonsky
13895,lester-matthews,Lester Matthews
13896,letica-milic,Letica Milic
13897,leticia-bredice,Leticia Brédice
13898,letitia,Létitia
13899,letitia-wright,Letitia Wright
13900,lev-abramov,Lev Abramov
13901,lev-eliseev,Lev Eliseev
13902,levar-burton,LeVar Burton
13903,levente-molnar,Levente Molnár
13904,levente-orban,Levente Orbán
13905,levi-stubbs,Levi Stubbs
13906,levie-isaacks,Levie Isaacks
13907,levon-helm,Levon Helm
13908,levy-easterly,Levy Easterly
13909,lew-ayres,Lew Ayres
13910,lew-wallace,Lew Wallace
13911,lewis-abernathy,Lewis Abernathy
13912,lewis-alexander,Lewis Alexander
13913,lewis-black,Lewis Black
13914,lewis-carroll,Lewis Carroll
13915,lewis-colick,Lewis Colick
13916,lewis-crone,Lewis Crone
13917,lewis-d-wheeler,Lewis D. Wheeler
13918,lewis-fitz-gerald,Lewis Fitz-Gerald
13919,lewis-m-steel,Lewis M. Steel
13920,lewis-milestone,Lewis Milestone
13921,lewis-r-foster,Lewis R. Foster
13922,lexi-cowan-2,Lexi Cowan
13923,lexie-bigham,Lexie Bigham
13924,ley-on,Ley On
13925,leyland-hodgson,Leyland Hodgson
13926,li-bin-hong,Li Bin Hong
13927,li-chak,Li Chak
13928,li-feng-2,Li Feng
13929,li-jen-ho,Li-Jen Ho
13930,li-li-4,Li Li
13931,li-po-lung,Li Po Lung
13932,li-zhou-family,Li Zhou Family
13933,lia-chapman,Lia Chapman
13934,liam-cunningham,Liam Cunningham
13935,liam-dunn,Liam Dunn
13936,liam-gallagher,Liam Gallagher
13937,liam-hourican,Liam Hourican
13938,liam-lynch,Liam Lynch
13939,liam-mcmahon,Liam McMahon
13940,liam-neeson,Liam Neeson
13941,liam-price-3,Liam Price
13942,liam-serg,Liam Serg
13943,liam-thomas,Liam Thomas
13944,liana-del-balzo,Liana Del Balzo
13945,liane-dusterhoft,Liane Düsterhöft
13946,liane-sellerer,Liane Sellerer
13947,liang-sijie,Liang Sijie
13948,liang-wei-hui-duncan,Liang Wei-Hui-Duncan
13949,liang-yang,Liang Yang
13950,liang-zhao,Liang Zhao
13951,liang-zhen,Liang Zhen
13952,libby-villari,Libby Villari
13953,liberty-cuba,Liberty Cuba
13954,liboria-rodriguez,Liboria Rodríguez
13955,lica-barbulescu,Lica Barbulescu
13956,licinio-januario,Licínio Januário
13957,lida-baarova,Lída Baarová
13958,lida-soltani,Lida Soltani
13959,lidia-vitale,Lidia Vitale
13960,lies-jacobs,Lies Jacobs
13961,liese-lyon,Liese Lyon
13962,liesel-matthews,Liesel Matthews
13963,liev-schreiber,Liev Schreiber
13964,liisa-repo-martell,Liisa Repo-Martell
13965,lika-babluani,Lika Babluani
13966,lil-rel-howery,Lil Rel Howery
13967,lila-aviles,Lila Avilés
13968,lila-gayek,Lila Gayek
13969,lila-glantzman-leib,Lila Glantzman-Leib
13970,lila-herman,Lila Herman
13971,lila-toto,Lila Toto
13972,lili-2,Lili
13973,lili-francks,Lili Francks
13974,lili-taylor,Lili Taylor
13975,liliana-bogatko,Liliana Bogatko
13976,liliana-flores,Liliana Flores
13977,liliana-mocanu,Liliana Mocanu
13978,liliana-nelska,Liliana Nelska
13979,liliana-turturica,Liliana Turturica
13980,liliane-dreyfus,Liliane Dreyfus
13981,liliane-escoza,Liliane Escoza
13982,lilli-falk,Lilli Falk
13983,lilli-georgescu,Lilli Georgescu
13984,lillian-adrian,Lillian Adrian
13985,lillian-gish,Lillian Gish
13986,lillian-madea-smith,Lillian 'Madea' Smith
13987,lillian-randolph,Lillian Randolph
13988,lillibet-langley,Lillibet Langley
13989,lillo-brancato,Lillo Brancato
13990,lilly-bistrattin,Lilly Bistrattin
13991,lilly-jandreau,Lilly Jandreau
13992,lilly-rose-stevens,Lilly-Rose Stevens
13993,lilly-wachowski,Lilly Wachowski
13994,lily-collias-2,Lily Collias
13995,lily-collins,Lily Collins
13996,lily-franky,Lily Franky
13997,lily-gladstone,Lily Gladstone
13998,lily-hyde,Lily Hyde
13999,lily-james,Lily James
14000,lily-moodysson,Lily Moodysson
14001,lily-tomlin,Lily Tomlin
14002,lim-cheol-hyun,Lim Cheol-Hyun
14003,lim-soo-jung,Lim Soo-jung
14004,lin-manuel-miranda,Lin-Manuel Miranda
14005,lin-shaye,Lin Shaye
14006,lin-wang-4,Lin Wang
14007,lin-yan,Lin Yan
14008,lina-benzerti,Lina Benzerti
14009,lina-gennari,Lina Gennari
14010,lina-leandersson,Lina Leandersson
14011,lina-mira,Lina Mira
14012,linal-haft,Linal Haft
14013,lincoln-r-beckett,Lincoln R. Beckett
14014,lincoln-ward,Lincoln Ward
14015,linda-blair,Linda Blair
14016,linda-broughton,Linda Broughton
14017,linda-carpenter,Linda Carpenter
14018,linda-catt,Linda Catt
14019,linda-cerasuolo,Linda Cerasuolo
14020,linda-davis,Linda Davis
14021,linda-faye-farkas,Linda Faye Farkas
14022,linda-fiorentino,Linda Fiorentino
14023,linda-gary,Linda Gary
14024,linda-hamilton,Linda Hamilton
14025,linda-harrison,Linda Harrison
14026,linda-hart,Linda Hart
14027,linda-j-spilker,Linda J. Spilker
14028,linda-kaye,Linda Kaye
14029,linda-larkin,Linda Larkin
14030,linda-lindsly,Linda Lindsly
14031,linda-manz,Linda Manz
14032,linda-may,Linda May
14033,linda-saffire,Linda Saffire
14034,linda-sorensen,Linda Sorensen
14035,linda-stein-3,Linda Stein
14036,linda-telfer,Linda Telfer
14037,linda-wakeman,Linda Wakeman
14038,linda-woolverton,Linda Woolverton
14039,linden-travers,Linden Travers
14040,lindsay-anne-kent,Lindsay Anne Kent
14041,lindsay-crouse,Lindsay Crouse
14042,lindsay-duncan,Lindsay Duncan
14043,lindsay-holiday,Lindsay Holiday
14044,lindsay-karamoh,Lindsay Karamoh
14045,lindsay-kemp,Lindsay Kemp
14046,lindsay-lohan,Lindsay Lohan
14047,lindsey-girardot,Lindsey Girardot
14048,lindsey-hailes,Lindsey Hailes
14049,lindsey-jordan-2,Lindsey Jordan
14050,lindsey-normington,Lindsey Normington
14051,lindsey-shope,Lindsey Shope
14052,lindze-letherman,Lindze Letherman
14053,line-noro,Line Noro
14054,ling-ling-hsieh,Ling-Ling Hsieh
14055,ling-ling-hung,Ling-Ling Hung
14056,lino-mewdehou,Lino Mewdehou
14057,lino-ventura,Lino Ventura
14058,linus-westheuser,Linus Westheuser
14059,linyan-liu,Linyan Liu
14060,lio-tipton,Lio Tipton
14061,lionel-abelanski,Lionel Abelanski
14062,lionel-atwill,Lionel Atwill
14063,lionel-barrymore,Lionel Barrymore
14064,lionel-belmore,Lionel Belmore
14065,lionel-blair,Lionel Blair
14066,lionel-charpy,Lionel Charpy
14067,lionel-dray,Lionel Dray
14068,lionel-jewoodyard,Lionel Je'Woodyard
14069,lionel-pape,Lionel Pape
14070,lionel-shriver,Lionel Shriver
14071,lionel-stander,Lionel Stander
14072,lionel-white,Lionel White
14073,lionel-wigram,Lionel Wigram
14074,lior-ashkenazi,Lior Ashkenazi
14075,liping-tian,Liping Tian
14076,lisa-altomare,Lisa Altomare
14077,lisa-ann-poggi,Lisa Ann Poggi
14078,lisa-beach,Lisa Beach
14079,lisa-berri,Lisa Berri
14080,lisa-bonet,Lisa Bonet
14081,lisa-bradley-5,Lisa Bradley
14082,lisa-cholodenko,Lisa Cholodenko
14083,lisa-cloud,Lisa Cloud
14084,lisa-collins,Lisa Collins
14085,lisa-davis,Lisa Davis
14086,lisa-eichhorn,Lisa Eichhorn
14087,lisa-eilbacher,Lisa Eilbacher
14088,lisa-eisner,Lisa Eisner
14089,lisa-freedman,Lisa Freedman
14090,lisa-freeman,Lisa Freeman
14091,lisa-hannigan,Lisa Hannigan
14092,lisa-hart-carroll,Lisa Hart Carroll
14093,lisa-jakub,Lisa Jakub
14094,lisa-kay,Lisa Kay
14095,lisa-kjerulff,Lisa Kjerulff
14096,lisa-laflamme,Lisa LaFlamme
14097,lisa-leone,Lisa Leone
14098,lisa-linder-silver,Lisa Linder Silver
14099,lisa-loomer,Lisa Loomer
14100,lisa-lopi,Lisa Lopi
14101,lisa-love-3,Lisa Love
14102,lisa-loven-kongsli,Lisa Loven Kongsli
14103,lisa-marie,Lisa Marie
14104,lisa-marie-presley,Lisa Marie Presley
14105,lisa-ortiz,Lisa Ortiz
14106,lisa-owen,Lisa Owen
14107,lisa-renee-pitts,Lisa Renee Pitts
14108,lisa-renee-wilson,Lisa Renee Wilson
14109,lisa-shure,Lisa Shure
14110,lisa-spector,Lisa Spector
14111,lisa-stevens-3,Lisa Stevens
14112,lisa-summerour,Lisa Summerour
14113,lisa-zebro,Lisa Zebro
14114,lisagay-hamilton,LisaGay Hamilton
14115,lisanne-falk,Lisanne Falk
14116,lisbeth-bartlett,Lisbeth Bartlett
14117,lise-elina,Lise Elina
14118,lissa-neptuno,Lissa Neptuno
14119,lita-chevret,Lita Chevret
14120,litefoot,Litefoot
14121,liu-peien,Liu Peien
14122,liu-yuan-3,Liu Yuan
14123,liudmyla-bileka,Liudmyla Bileka
14124,liv-lemoyne,Liv LeMoyne
14125,liv-ullmann,Liv Ullmann
14126,livio-andronico,Livio Andronico
14127,livio-lorenzon,Livio Lorenzon
14128,liviu-mihaiu,Liviu Mihaiu
14129,lixin-fan,Lixin Fan
14130,lixun-xie,Lixun Xie
14131,liyo-gong,Liyo Gong
14132,liz-5,Liz
14133,liz-bishop,Liz Bishop
14134,liz-cackowski,Liz Cackowski
14135,liz-giles,Liz Giles
14136,liz-mullane,Liz Mullane
14137,liz-satriano,Liz Satriano
14138,liz-smith,Liz Smith
14139,liz-stauber,Liz Stauber
14140,liza-colon-zayas,Liza Colón-Zayas
14141,liza-lapira,Liza Lapira
14142,liza-minnelli,Liza Minnelli
14143,liza-sadovy,Liza Sadovy
14144,lizbeth-mackay,Lizbeth Mackay
14145,lize-jooste,Lize Jooste
14146,lizzy-caplan,Lizzy Caplan
14147,ljubomir-stefanov,Ljubomir Stefanov
14148,ljutvie-sam,Ljutvie Sam
14149,ljutvish-sam,Ljutvish Sam
14150,llewella-gideon,Llewella Gideon
14151,llewellyn-rees,Llewellyn Rees
14152,lloyd-avery-ii,Lloyd Avery II
14153,lloyd-berry,Lloyd Berry
14154,lloyd-bochner,Lloyd Bochner
14155,lloyd-bridges,Lloyd Bridges
14156,lloyd-clay-brown,Lloyd Clay Brown
14157,lloyd-corrigan,Lloyd Corrigan
14158,lloyd-doppman,Lloyd Doppman
14159,lloyd-fonvielle,Lloyd Fonvielle
14160,lloyd-gough,Lloyd Gough
14161,lloyd-ingraham,Lloyd Ingraham
14162,lloyd-nolan,Lloyd Nolan
14163,lluis-homar,Lluís Homar
14164,lm-kit-carson,L.M. Kit Carson
14165,lo-van-hensbergen,Lo van Hensbergen
14166,lobo-chan,Lobo Chan
14167,lochlann-omearain,Lochlann O'Mearáin
14168,logan-lerman,Logan Lerman
14169,logan-livingston-gomez,Logan Livingston Gomez
14170,logan-obrien,Logan O'Brien
14171,loic-brabant,Loïc Brabant
14172,loic-legendre,Loïc Legendre
14173,loic-pichon,Loïc Pichon
14174,lois-maxwell,Lois Maxwell
14175,lois-saunders,Lois Saunders
14176,lois-smith,Lois Smith
14177,lois-walden,Lois Walden
14178,lola-braccini,Lola Braccini
14179,lola-daehler,Lola Daehler
14180,lola-duenas,Lola Dueñas
14181,lola-gaos,Lola Gaos
14182,lola-peploe,Lola Peploe
14183,loles-leon,Loles León
14184,lolita-chammah,Lolita Chammah
14185,lolly-susi,Lolly Susi
14186,lolo-navarro,Loló Navarro
14187,lomax-study,Lomax Study
14188,lon-chaney-jr,Lon Chaney Jr.
14189,london-garcia,London Garcia
14190,london-symphony-orchestra,London Symphony Orchestra
14191,lone-scherfig,Lone Scherfig
14192,lonette-mckee,Lonette McKee
14193,longlan-stuy,Longlan Stuy
14194,lonnie-david-franklin-jr,Lonnie David Franklin Jr.
14195,lonnie-farmer,Lonnie Farmer
14196,lonny-chapman,Lonny Chapman
14197,lora-staley,Lora Staley
14198,lorali-hart,Lorali Hart
14199,lord-tim-hudson,Lord Tim Hudson
14200,lorelei-king,Lorelei King
14201,lorelei-linklater,Lorelei Linklater
14202,lorella-cravotta,Lorella Cravotta
14203,loren-bivens,Loren Bivens
14204,loren-dean,Loren Dean
14205,loren-nelson,Loren Nelson
14206,loren-omer,Loren Omer
14207,loren-tyler,Loren Tyler
14208,lorena-gale,Lorena Gale
14209,lorena-heranandez,Lorena Heranandez
14210,lorene-hetherington,Lorene Hetherington
14211,lorene-yarnell-jansson,Lorene Yarnell Jansson
14212,lorenzo-caccialanza,Lorenzo Caccialanza
14213,lorenzo-lamas,Lorenzo Lamas
14214,lorenzo-piani,Lorenzo Piani
14215,lorenzo-robledo,Lorenzo Robledo
14216,loreto-murray,Loreto Murray
14217,loretta-agar,Loretta Agar
14218,loretta-devine,Loretta Devine
14219,loretta-jean,Loretta Jean
14220,loretta-tupper,Loretta Tupper
14221,loretta-wendt-jolivette,Loretta Wendt Jolivette
14222,lori-alan,Lori Alan
14223,lori-anne-flax,Lori Anne Flax
14224,lori-cochran,Lori Cochran
14225,lori-nan-engler,Lori-Nan Engler
14226,lori-petty,Lori Petty
14227,lori-richardson,Lori Richardson
14228,lori-tan-chinn,Lori Tan Chinn
14229,lorinne-crawford-2,Lorinne Crawford
14230,lorna-cook,Lorna Cook
14231,lorna-dallas,Lorna Dallas
14232,lorna-doom,Lorna Doom
14233,lorna-lewis,Lorna Lewis
14234,lorna-patterson,Lorna Patterson
14235,lorna-thayer,Lorna Thayer
14236,lorna-woods,Lorna Woods
14237,lorne-cardinal,Lorne Cardinal
14238,lorraine-ashbourne,Lorraine Ashbourne
14239,lorraine-bracco,Lorraine Bracco
14240,lorraine-evanoff,Lorraine Evanoff
14241,lorraine-gary,Lorraine Gary
14242,lorraine-laurence,Lorraine Laurence
14243,lorri-bagley,Lorri Bagley
14244,lothar-g-buchheim,Lothar G. Buchheim
14245,lotte-crawford,Lotte Crawford
14246,lou-antonio,Lou Antonio
14247,lou-brown-2,Lou Brown
14248,lou-dibella,Lou DiBella
14249,lou-dobson,Lou Dobson
14250,lou-hancock,Lou Hancock
14251,lou-hirsch,Lou Hirsch
14252,lou-perryman,Lou Perryman
14253,lou-reed,Lou Reed
14254,lou-romano,Lou Romano
14255,lou-roy-lecollinet,Lou Roy-Lecollinet
14256,lou-wagner,Lou Wagner
14257,lou-walker,Lou Walker
14258,lou-wick,Lou Wick
14259,loudon-wainwright-iii,Loudon Wainwright III
14260,louella-pleffer,Louella Pleffer
14261,louie-arnette,Louie Arnette
14262,louie-psihoyos,Louie Psihoyos
14263,louie-schmitt,Louie Schmitt
14264,louis-armstrong,Louis Armstrong
14265,louis-bedot,Louis Bédot
14266,louis-begley,Louis Begley
14267,louis-blaazer,Louis Blaazer
14268,louis-calhern,Louis Calhern
14269,louis-cancelmi,Louis Cancelmi
14270,louis-cantarini,Louis Cantarini
14271,louis-cataldie,Louis Cataldie
14272,louis-charles-mounicou-iii,Louis Charles Mounicou III
14273,louis-ck,Louis C.K.
14274,louis-do-de-lencquesaing,Louis-Do de Lencquesaing
14275,louis-ducreux,Louis Ducreux
14276,louis-florencie,Louis Florencie
14277,louis-garfinkle,Louis Garfinkle
14278,louis-garrel,Louis Garrel
14279,louis-giansante,Louis Giansante
14280,louis-guss,Louis Guss
14281,louis-jean-heydt,Louis Jean Heydt
14282,louis-jojot,Louis Jojot
14283,louis-jouvet,Louis Jouvet
14284,louis-koo,Louis Koo
14285,louis-lombardi,Louis Lombardi
14286,louis-lougen,Louis Lougen
14287,louis-lumiere,Louis Lumière
14288,louis-malle,Louis Malle
14289,louis-mellis,Louis Mellis
14290,louis-nummy,Louis Nummy
14291,louis-perault,Louis Pérault
14292,louis-prima,Louis Prima
14293,louis-ravet,Louis Ravet
14294,louis-v-arco,Louis V. Arco
14295,louis-vanaria,Louis Vanaria
14296,louis-wolheim,Louis Wolheim
14297,louis-zorich,Louis Zorich
14298,louisa-colpeyn,Louisa Colpeyn
14299,louisa-may-alcott,Louisa May Alcott
14300,louise-chevillotte,Louise Chevillotte
14301,louise-clark,Louise Clark
14302,louise-closser-hale,Louise Closser Hale
14303,louise-coldren,Louise Coldren
14304,louise-fletcher,Louise Fletcher
14305,louise-gold,Louise Gold
14306,louise-grinberg,Louise Grinberg
14307,louise-j-taylor,Louise J. Taylor
14308,louise-james-2,Louise James
14309,louise-lasser,Louise Lasser
14310,louise-lemoine-torres,Louise Lemoine Torrès
14311,louise-margolin,Louise Margolin
14312,louise-orry-diquero,Louise Orry-Diquéro
14313,louise-peter-2,Louise Peter
14314,louise-platt,Louise Platt
14315,louise-quick,Louise Quick
14316,louise-randall-pierson,Louise Randall Pierson
14317,louise-reid,Louise Reid
14318,loula-ali-lotta,Loula Ali Lotta
14319,lourdes-echevarria,Lourdes Echevarría
14320,loveness-nakwiza,Loveness Nakwiza
14321,lovleen-mishra,Lovleen Mishra
14322,lovro-mirth,Lovro Mirth
14323,lovyss-bradley,Lovyss Bradley
14324,lowell-cunningham,Lowell Cunningham
14325,lowell-ganz,Lowell Ganz
14326,lowell-landes,Lowell Landes
14327,loyd-catlett,Loyd Catlett
14328,loyd-keith-salter,Loyd Keith Salter
14329,loye-payen,Loye Payen
14330,lq-jones,L.Q. Jones
14331,lu-kai,Lu Kai
14332,luana-anders,Luana Anders
14333,luana-bajrami,Luàna Bajrami
14334,luba-gewisser,Luba Gewisser
14335,lubna-azabal,Lubna Azabal
14336,luc-bernard,Luc Bernard
14337,luc-besson,Luc Besson
14338,luc-bricault,Luc Bricault
14339,luc-dardenne,Luc Dardenne
14340,luc-etienne,Luc Etienne
14341,luc-jacquet,Luc Jacquet
14342,luc-roeg,Luc Roeg
14343,luca-chikovani,Luca Chikovani
14344,luca-gargiullo,Luca Gargiullo
14345,luca-guadagnino,Luca Guadagnino
14346,luca-lionello,Luca Lionello
14347,luca-marinelli,Luca Marinelli
14348,luca-tommassini,Luca Tommassini
14349,luca-valentini,Luca Valentini
14350,lucas-babin,Lucas Babin
14351,lucas-barker,Lucas Barker
14352,lucas-black,Lucas Black
14353,lucas-elliot-eberl,Lucas Elliot Eberl
14354,lucas-grabeel,Lucas Grabeel
14355,lucas-gridoux,Lucas Gridoux
14356,lucas-hedges,Lucas Hedges
14357,lucas-oro,Lucas Oro
14358,lucas-papaelias,Lucas Papaelias
14359,lucas-paraizo,Lucas Paraizo
14360,lucas-prisor,Lucas Prisor
14361,lucas-till,Lucas Till
14362,luce-bonifassy,Luce Bonifassy
14363,luce-rains,Luce Rains
14364,luchino-visconti,Luchino Visconti
14365,lucia-angarola,Lucia Angarola
14366,lucia-cai,Lucia Cai
14367,lucia-cerullo,Lucia Cerullo
14368,lucia-rijker,Lucia Rijker
14369,luciano-chirolli,Luciano Chirolli
14370,luciano-dragone,Luciano Dragone
14371,luciano-mallmann,Luciano Mallmann
14372,luciano-vergaro,Luciano Vergaro
14373,luciano-vincenzoni,Luciano Vincenzoni
14374,luciano-virgilio,Luciano Virgilio
14375,lucie-landrevie,Lucie Landrevie
14376,lucie-mannheim,Lucie Mannheim
14377,lucien-blackwell,Lucien Blackwell
14378,lucien-castaing-taylor,Lucien Castaing-Taylor
14379,lucien-desagneaux,Lucien Desagneaux
14380,lucien-fregis,Lucien Frégis
14381,lucien-hubert,Lucien Hubert
14382,lucien-prival,Lucien Prival
14383,lucienne-marchand,Lucienne Marchand
14384,lucilla-morlacchi,Lucilla Morlacchi
14385,lucilla-solivani,Lucilla Solivani
14386,lucille-ball,Lucille Ball
14387,lucille-bliss,Lucille Bliss
14388,lucille-bremer,Lucille Bremer
14389,lucille-browne,Lucille Browne
14390,lucille-la-verne,Lucille La Verne
14391,lucille-meredith,Lucille Meredith
14392,lucille-williams,Lucille Williams
14393,lucinda-burgess,Lucinda Burgess
14394,lucinda-coxon,Lucinda Coxon
14395,lucinda-jenney,Lucinda Jenney
14396,lucinda-raikes,Lucinda Raikes
14397,lucio-allocca,Lucio Allocca
14398,lucio-villegas,Lucio Villegas
14399,lucius-wyatt-cherokee,Lucius Wyatt Cherokee
14400,lucrece-hougbelo,Lucrèce Hougbelo
14401,lucrecia-martel,Lucrecia Martel
14402,lucy-alibar,Lucy Alibar
14403,lucy-ayers,Lucy Ayers
14404,lucy-davis,Lucy Davis
14405,lucy-faust,Lucy Faust
14406,lucy-gallina,Lucy Gallina
14407,lucy-griffiths,Lucy Griffiths
14408,lucy-halliday,Lucy Halliday
14409,lucy-hong,Lucy Hong
14410,lucy-liemann,Lucy Liemann
14411,lucy-lin,Lucy Lin
14412,lucy-liu,Lucy Liu
14413,lucy-marlow,Lucy Marlow
14414,lucy-oconnell-2,Lucy O'Connell
14415,lucy-russell,Lucy Russell
14416,lucy-skeaping,Lucy Skeaping
14417,lucy-tulugarjuk,Lucy Tulugarjuk
14418,lucy-turnbull,Lucy Turnbull
14419,lucy-walters,Lucy Walters
14420,ludacris,Ludacris
14421,ludger-pistor,Ludger Pistor
14422,ludie-c-washington,Ludie C. Washington
14423,ludwig-blochberger,Ludwig Blochberger
14424,luenell,Luenell
14425,luigi-ciavarro,Luigi Ciavarro
14426,luigi-dangelo,Luigi D'Angelo
14427,luigi-de-luca,Luigi De Luca
14428,luigi-lo-cascio,Luigi Lo Cascio
14429,luigi-pistilli,Luigi Pistilli
14430,luis-alberni,Luis Alberni
14431,luis-alfonso-ochoa-londono,Luis Alfonso Ochoa Londoño
14432,luis-aller,Luis Aller
14433,luis-armesto,Luis Armesto
14434,luis-barboo,Luis Barboo
14435,luis-bunuel,Luis Buñuel
14436,luis-camacho,Luis Camacho
14437,luis-da-silva-jr,Luis Da Silva Jr.
14438,luis-de-lima,Luis De Lima
14439,luis-guzman,Luis Guzmán
14440,luis-henriquez,Luís Henríquez
14441,luis-lobos-negros,Luis Lobos Negros
14442,luis-noah-witte,Luis Noah Witte
14443,luis-olmeda,Luis Olmeda
14444,luis-otavio,Luis Otávio
14445,luis-p-martinez,Luis P. Martínez
14446,luis-rico,Luis Rico
14447,luis-rodriguez-20,Luis Rodríguez
14448,luis-soto-2,Luis Soto
14449,luis-van-rooten,Luis Van Rooten
14450,luis-zahera,Luis Zahera
14451,luisa-alfaro,Luisa Alfaro
14452,luisa-doliveira,Luisa d'Oliveira
14453,luisa-maria-jimenez,Luisa María Jiménez
14454,luisa-merelas,Luisa Merelas
14455,luise-heyer,Luise Heyer
14456,luiz-a-rocha,Luiz A. Rocha
14457,luiza-nersisyan,Luiza Nersisyan
14458,luka-may-glynn-cole,Luka May Glynn-Cole
14459,lukas-haas,Lukas Haas
14460,lukas-moodysson,Lukas Moodysson
14461,lukas-petrauskas,Lukas Petrauskas
14462,lukas-urquijo,Lukas Urquijo
14463,luke-askew,Luke Askew
14464,luke-bracey,Luke Bracey
14465,luke-cosgrave,Luke Cosgrave
14466,luke-ford-2,Luke Ford
14467,luke-mandie,Luke Mandie
14468,luke-manley,Luke Manley
14469,luke-perry,Luke Perry
14470,luke-prael,Luke Prael
14471,luke-spill,Luke Spill
14472,luke-syson,Luke Syson
14473,luke-taqqaugaq,Luke Taqqaugaq
14474,luke-thompson,Luke Thompson
14475,luke-wilson,Luke Wilson
14476,lula-terra,Lula Terra
14477,lulie-newcomb,Lulie Newcomb
14478,lulu-ebeling,LuLu Ebeling
14479,lulu-mae-bohrman,Lulu Mae Bohrman
14480,lulu-wang,Lulu Wang
14481,lumi-cavazos,Lumi Cavazos
14482,luminita-gheorghiu,Luminita Gheorghiu
14483,lumsden-hare,Lumsden Hare
14484,luna-lauren-velez,Luna Lauren Velez
14485,luna-sofia-miranda,Luna Sofía Miranda
14486,luna-wedler,Luna Wedler
14487,lupe-ontiveros,Lupe Ontiveros
14488,lupita-nyongo,Lupita Nyong'o
14489,lurene-tuttle,Lurene Tuttle
14490,luther-bedford,Luther Bedford
14491,lutz-bolle,Lutz Bolle
14492,lutz-schnell,Lutz Schnell
14493,luvinski-atche,Luvinski Atche
14494,luz-maria-collazo,Luz María Collazo
14495,luzia-oppermann,Luzia Oppermann
14496,lycia-naff,Lycia Naff
14497,lydia-fox,Lydia Fox
14498,lydia-page,Lydia Page
14499,lyla-hay-owen,Lyla Hay Owen
14500,lyle-clement,Lyle Clement
14501,lyle-lovett,Lyle Lovett
14502,lyman-ward-2,Lyman Ward
14503,lymari-nadal,Lymari Nadal
14504,lyn-edgington,Lyn Edgington
14505,lyn-evans-3,Lyn Evans
14506,lynda-boyd,Lynda Boyd
14507,lynda-rooke,Lynda Rooke
14508,lyndon-b-johnson,Lyndon B. Johnson
14509,lyndsy-fonseca,Lyndsy Fonseca
14510,lynette-singer,Lynette Singer
14511,lynn-adrianna-freedman,Lynn Adrianna Freedman
14512,lynn-baggett,Lynn Baggett
14513,lynn-barber-2,Lynn Barber
14514,lynn-bari,Lynn Bari
14515,lynn-browning,Lynn Browning
14516,lynn-carlin,Lynn Carlin
14517,lynn-cartwright,Lynn Cartwright
14518,lynn-cohen,Lynn Cohen
14519,lynn-ferguson,Lynn Ferguson
14520,lynn-hallowell,Lynn Hallowell
14521,lynn-johnson,Lynn Johnson
14522,lynn-mabry,Lynn Mabry
14523,lynn-true,Lynn True
14524,lynn-xiong-3,Lynn Xiong
14525,lynne-cormack,Lynne Cormack
14526,lynne-langdon,Lynne Langdon
14527,lynne-marie-stewart,Lynne Marie Stewart
14528,lynne-ramsay,Lynne Ramsay
14529,lynne-thigpen,Lynne Thigpen
14530,lynnette-r-freeman,Lynnette R. Freeman
14531,lynsey-beauchamp,Lynsey Beauchamp
14532,lysa-baugher,Lysa Baugher
14533,lyubov-kazakova,Lyubov Kazakova
14534,lyudmila-alekseyeva,Lyudmila Alekseyeva
14535,m-ali-nazarian,M. Ali Nazarian
14536,m-clery,M. Cléry
14537,m-emmet-walsh,M. Emmet Walsh
14538,m-margaret-mckeown,M. Margaret McKeown
14539,m-nicholas,M. Nicholas
14540,m-night-shyamalan,M. Night Shyamalan
14541,ma-dong-seok,Ma Dong-seok
14542,ma-wen-hua,Ma Wen Hua
14543,maaike-neuville,Maaike Neuville
14544,maaya-sakamoto,Maaya Sakamoto
14545,mabel-cavitt,Mabel Cavitt
14546,mabel-colcord,Mabel Colcord
14547,mabel-rivera,Mabel Rivera
14548,mabutho-kid-sithole,Mabutho 'Kid' Sithole
14549,mac-andrews,Mac Andrews
14550,mac-mashourian,Mac Mashourian
14551,mac-mcdonald,Mac McDonald
14552,macaulay-culkin,Macaulay Culkin
14553,macdonald-carey,Macdonald Carey
14554,macha-grenon,Macha Grenon
14555,macha-meril,Macha Méril
14556,machi-salgado,Machi Salgado
14557,machiko-kyo,Machiko Kyô
14558,machiko-washio,Machiko Washio
14559,maciej-pisuk,Maciej Pisuk
14560,maciej-stuhr,Maciej Stuhr
14561,maciej-szary,Maciej Szary
14562,mack-miles,Mack Miles
14563,mack-swain,Mack Swain
14564,macka-foley,Macka Foley
14565,mackenzie-aladjem,Mackenzie Aladjem
14566,mackenzie-crook,Mackenzie Crook
14567,mackenzie-phillips,Mackenzie Phillips
14568,mackinlay-kantor,MacKinlay Kantor
14569,macon-blair,Macon Blair
14570,macon-mccalman,Macon McCalman
14571,macy-gray,Macy Gray
14572,mad-bear,Mad Bear
14573,madalina-ghitescu,Madalina Ghitescu
14574,madaline-riley,Madaline Riley
14575,madalyn-keller,Madalyn Keller
14576,madame-cottin,Madame Cottin
14577,madame-spivy,Madame Spivy
14578,madchen-amick,Mädchen Amick
14579,maddalena-baiocco,Maddalena Baiocco
14580,madebo-fatunde,Madebo Fatunde
14581,madeleine-baudot,Madeleine Baudot
14582,madeleine-blaustein,Madeleine Blaustein
14583,madeleine-carroll,Madeleine Carroll
14584,madeleine-harris,Madeleine Harris
14585,madeleine-lebeau,Madeleine Lebeau
14586,madeleine-stowe,Madeleine Stowe
14587,madeleine-waters-3,Madeleine Waters
14588,madeline-carroll,Madeline Carroll
14589,madeline-ivalu,Madeline Ivalu
14590,madeline-kahn,Madeline Kahn
14591,madeline-obrien,Madeline O'Brien
14592,madelyn-cates,Madelyn Cates
14593,mademoiselle-des-echerolles,Mademoiselle des Écherolles
14594,madge-blake,Madge Blake
14595,madge-brindley,Madge Brindley
14596,madge-ryan,Madge Ryan
14597,madge-sinclair,Madge Sinclair
14598,madhavan,Madhavan
14599,madhu-raja,Madhu Raja
14600,madhuri-shekar,Madhuri Shekar
14601,madison-bell,Madison Bell
14602,madison-eginton,Madison Eginton
14603,madison-hodges,Madison Hodges
14604,madison-lanc,Madison Lanc
14605,madison-wright-2,Madison Wright
14606,madjid-panahi,Madjid Panahi
14607,madonna,Madonna
14608,mads-mikkelsen,Mads Mikkelsen
14609,mady-kaplan,Mady Kaplan
14610,mae-bruce,Mae Bruce
14611,mae-clarke,Mae Clarke
14612,mae-e-campbell,Mae E. Campbell
14613,mae-marsh,Mae Marsh
14614,mae-mercer,Mae Mercer
14615,mae-questel,Mae Questel
14616,maedeh-tahmasebi,Maedeh Tahmasebi
14617,maelle-genet,Maëlle Genet
14618,maelys-cabezon,Maelys Cabezon
14619,maeve-andrews,Maeve Andrews
14620,maeve-jinkings,Maeve Jinkings
14621,maeve-mcgrath,Maeve McGrath
14622,magali,Magali
14623,magali-noel,Magali Noël
14624,magda-szubanski,Magda Szubanski
14625,magdalena-broto,Magdalena Broto
14626,magdalena-manville,Magdalena Manville
14627,magdalena-poplawska,Magdalena Poplawska
14628,magdalena-sokoloski,Magdalena Sokoloski
14629,mageina-tovah,Mageina Tovah
14630,maggie-cheung,Maggie Cheung
14631,maggie-dence,Maggie Dence
14632,maggie-grace,Maggie Grace
14633,maggie-gyllenhaal,Maggie Gyllenhaal
14634,maggie-moore,Maggie Moore
14635,maggie-mulubwa,Maggie Mulubwa
14636,maggie-nichols,Maggie Nichols
14637,maggie-oneill,Maggie O'Neill
14638,maggie-roswell,Maggie Roswell
14639,maggie-smith,Maggie Smith
14640,magnus-nolan,Magnus Nolan
14641,mah-compaore,Mah Compaoré
14642,mahabbat-turganbayeva,Mahabbat Turganbayeva
14643,mahdi-khatiri,Mahdi Khatiri
14644,mahershala-ali,Mahershala Ali
14645,mahina-tunui,Mahina Tunui
14646,mahito-tsujimura,Mahito Tsujimura
14647,mahlik-richardson,Mahlik Richardson
14648,mahmoud-aiden,Mahmoud Aiden
14649,mahnaz-zabihi,Mahnaz Zabihi
14650,mahrokh-ahankhah,Mahrokh Ahankhah
14651,mai-chiba-2,Mai Chiba
14652,mai-ling,Mai Ling
14653,maia-danziger,Maia Danziger
14654,maia-morgenstern,Maia Morgenstern
14655,maida-severn,Maida Severn
14656,maidie-norman,Maidie Norman
14657,maiko-kayama,Maiko Kayama
14658,maile-flanagan,Maile Flanagan
14659,maimouna-helene-diarra,Maimouna Hélène Diarra
14660,mairead-devlin,Mairead Devlin
14661,mairtin-de-cogain,Máirtín de Cógáin
14662,maite-suarez-diez,Maite Suarez Diez
14663,maite-yerro,Maite Yerro
14664,maiwenn,Maïwenn
14665,maja-niles,Maja Niles
14666,maja-ostaszewska,Maja Ostaszewska
14667,majed-ibrahim,Majed Ibrahim
14668,majid-bagain,Majid Bagain
14669,majida-hussein,Majida Hussein
14670,majlis-granlund,Majlis Granlund
14671,mak-wilson,Mak Wilson
14672,makena-joy,Makena Joy
14673,makenzie-etcheverry,Makenzie Etcheverry
14674,makenzie-vega,Makenzie Vega
14675,makhaola-ndebele,Makhaola Ndebele
14676,makiko-esumi,Makiko Esumi
14677,mako,Mako
14678,makoto-kobori,Makoto Kobori
14679,makoto-sato,Makoto Satô
14680,makoto-yasumura,Makoto Yasumura
14681,maksim-sergeev,Maksim Sergeev
14682,maksud-agadjani,Maksud Agadjani
14683,makyla-burnam,Makyla Burnam
14684,mal-jones,Mal Jones
14685,mal-whyte,Mal Whyte
14686,malachi-kirby,Malachi Kirby
14687,malaika-marie-jeanne,Malaïka Marie-Jeanne
14688,malaiyka-reid,Malaiyka Reid
14689,malasia-brown,Malasia Brown
14690,malaya-rivera-drew,Malaya Rivera Drew
14691,malcolm-atterbury,Malcolm Atterbury
14692,malcolm-barrett,Malcolm Barrett
14693,malcolm-boddington,Malcolm Boddington
14694,malcolm-goodwin,Malcolm Goodwin
14695,malcolm-hutton,Malcolm Hutton
14696,malcolm-johnson,Malcolm Johnson
14697,malcolm-knox,Malcolm Knox
14698,malcolm-malik,Malcolm Malik
14699,malcolm-mcdowell,Malcolm McDowell
14700,malcolm-sinclair,Malcolm Sinclair
14701,malcolm-stewart,Malcolm Stewart
14702,malcolm-storry,Malcolm Storry
14703,malcolm-vadim,Malcolm Vadim
14704,malcolm-waite,Malcolm Waite
14705,malcolm-weaver,Malcolm Weaver
14706,malcolm-x,Malcolm X
14707,malcon-soares,Malcon Soares
14708,malek-mouzon,Malek Mouzon
14709,malena-gutierrez,Malena Gutiérrez
14710,malgorzata-gebel,Malgorzata Gebel
14711,malgorzata-nowak,Malgorzata Nowak
14712,malin-cederblad,Malin Cederblad
14713,malin-dahl,Malin Dahl
14714,malineh-panahi,Malineh Panahi
14715,maliq-johnson,Maliq Johnson
14716,malkenzy-orcel,Malkenzy Orcel
14717,mallory-bechtel,Mallory Bechtel
14718,malou-airaudo,Malou Airaudo
14719,malvin,Malvin
14720,malwina-buss,Malwina Buss
14721,mamadou-lam,Mamadou Lam
14722,mamby-kamissoko,Mamby Kamissoko
14723,mame-bineta-sane,Mame Bineta Sane
14724,mame-victor-samb,Mame Victor Samb
14725,mami-hashimoto,Mami Hashimoto
14726,mami-koyama,Mami Koyama
14727,mamie-jr,Mamie J.R.
14728,mamiko-noto,Mamiko Noto
14729,mamo-clark,Mamo Clark
14730,mamoru-oshii,Mamoru Oshii
14731,man-lei-chan,Man-Lei Chan
14732,man-tat-ng,Man-Tat Ng
14733,manabu-hosoi,Manabu Hosoi
14734,manabu-muraji,Manabu Muraji
14735,manana-gamtsemlidze,Manana Gamtsemlidze
14736,manatsanun-phanlerdwongsakul,Manatsanun Phanlerdwongsakul
14737,mandana-sharbaf,Mandana Sharbaf
14738,mandy-holliday,Mandy Holliday
14739,mandy-moore,Mandy Moore
14740,mandy-patinkin,Mandy Patinkin
14741,mandy-rae-cruikshank,Mandy-Rae Cruikshank
14742,manfred-schulz,Manfred Schulz
14743,manfred-spies,Manfred Spies
14744,mangel-moore,Mangel Moore
14745,manh-cuong-tran,Manh Cuong Tran
14746,mani-haghighi,Mani Haghighi
14747,mania-akbari,Mania Akbari
14748,manish-acharya,Manish Acharya
14749,manish-pandey,Manish Pandey
14750,manjinder-virk,Manjinder Virk
14751,mano-singh,Mano Singh
14752,manoel-de-oliveira,Manoel de Oliveira
14753,manoel-gomes,Manoel Gomes
14754,manoj-bajpayee,Manoj Bajpayee
14755,manolis-goussias,Manolis Goussias
14756,manolo-solo,Manolo Solo
14757,manon-chevallier,Manon Chevallier
14758,manon-piette,Manon Piette
14759,mansai-nomura,Mansai Nomura
14760,manuel-alcala,Manuel Alcalá
14761,manuel-alvarez-maciste,Manuel Álvarez Maciste
14762,manuel-donde,Manuel Dondé
14763,manuel-gonzalez-rivero,Manuel González-Rivero
14764,manuel-lara-2,Manuel Lara
14765,manuel-manny-gomez,Manuel 'Manny' Gomez
14766,manuel-moron,Manuel Morón
14767,manuel-padilla-jr,Manuel Padilla Jr.
14768,manuel-puig,Manuel Puig
14769,manuel-rodriguez-6,Manuel Rodriguez
14770,manuel-tadros,Manuel Tadros
14771,manuel-tavares-almeida,Manuel Tavares Almeida
14772,manuela-balsimelli,Manuela Balsimelli
14773,manzaburo-umewaka,Manzaburo Umewaka
14774,mao-2,Mao
14775,maotao-hu,Maotao Hu
14776,mapi-galan,Mapi Galán
14777,mar-vidal,Mar Vidal
14778,mara-krupp,Mara Krupp
14779,mara-wilson,Mara Wilson
14780,maral-baniadam,Maral Baniadam
14781,marc-aden-gray,Marc Aden Gray
14782,marc-amyot,Marc Amyot
14783,marc-andre-grondin,Marc-André Grondin
14784,marc-anthony,Marc Anthony
14785,marc-arian,Marc Arian
14786,marc-barbe,Marc Barbé
14787,marc-beaupre,Marc Beaupré
14788,marc-behm,Marc Behm
14789,marc-bodnar,Marc Bodnar
14790,marc-caro,Marc Caro
14791,marc-carver,Marc Carver
14792,marc-cavell,Marc Cavell
14793,marc-coppola,Marc Coppola
14794,marc-donato,Marc Donato
14795,marc-evan-jackson,Marc Evan Jackson
14796,marc-forster,Marc Forster
14797,marc-gaede,Marc Gaede
14798,marc-gannot,Marc Gannot
14799,marc-garlasco,Marc Garlasco
14800,marc-handler,Marc Handler
14801,marc-hoeferlin,Marc Hoeferlin
14802,marc-hyman,Marc Hyman
14803,marc-lawrence,Marc Lawrence
14804,marc-lejeune,Marc Lejeune
14805,marc-macaulay,Marc Macaulay
14806,marc-martin-straub,Marc-Martin Straub
14807,marc-mcclure,Marc McClure
14808,marc-michel,Marc Michel
14809,marc-musso,Marc Musso
14810,marc-norman,Marc Norman
14811,marc-pickering,Marc Pickering
14812,marc-ross,Marc Ross
14813,marc-veh,Marc Veh
14814,marc-voinchet,Marc Voinchet
14815,marc-webb,Marc Webb
14816,marc-wootton,Marc Wootton
14817,marcel-andre,Marcel André
14818,marcel-bellot,Marcel Bellot
14819,marcel-bernier,Marcel Bernier
14820,marcel-bosonnet,Marcel Bosonnet
14821,marcel-bozonnet,Marcel Bozonnet
14822,marcel-bozzuffi,Marcel Bozzuffi
14823,marcel-carne,Marcel Carné
14824,marcel-cuvelier,Marcel Cuvelier
14825,marcel-dalio,Marcel Dalio
14826,marcel-hillaire,Marcel Hillaire
14827,marcel-journet,Marcel Journet
14828,marcel-lesieur,Marcel Lesieur
14829,marcel-lupovici,Marcel Lupovici
14830,marcel-peres,Marcel Pérès
14831,marcel-rouff,Marcel Rouff
14832,marcela-correia,Marcela Correia
14833,marcelino-sanchez,Marcelino Sánchez
14834,marcell-nagy,Marcell Nagy
14835,marcell-rosenblatt,Marcell Rosenblatt
14836,marcella-lentz-pope,Marcella Lentz-Pope
14837,marcella-lowery,Marcella Lowery
14838,marcella-plunkett,Marcella Plunkett
14839,marcella-rovena,Marcella Rovena
14840,marcelle-hainia,Marcelle Hainia
14841,marcelle-monthil,Marcelle Monthil
14842,marcello-danon,Marcello Danon
14843,marcello-mastroianni,Marcello Mastroianni
14844,marcello-thedford,Marcello Thedford
14845,marcelo-gomes,Marcelo Gomes
14846,marcelo-valle,Marcelo Valle
14847,marcia-gay-harden,Marcia Gay Harden
14848,marcia-haufrecht,Marcia Haufrecht
14849,marcia-jean-kurtz,Marcia Jean Kurtz
14850,marcia-romano,Marcia Romano
14851,marcia-wallace,Marcia Wallace
14852,marcin-czarnik,Marcin Czarnik
14853,marcin-latallo,Marcin Latallo
14854,marcio-de-paula,Márcio De Paula
14855,marcio-fecher,Márcio Fecher
14856,marco-aponte,Marco Aponte
14857,marco-bellocchio,Marco Bellocchio
14858,marco-boerries,Marco Boerries
14859,marco-ferreri,Marco Ferreri
14860,marco-graf,Marco Graf
14861,marco-leonardi,Marco Leonardi
14862,marco-perella,Marco Perella
14863,marco-perez,Marco Pérez
14864,marco-perrin,Marco Perrin
14865,marco-pettenello,Marco Pettenello
14866,marco-rodriguez,Marco Rodríguez
14867,marco-sgrosso,Marco Sgrosso
14868,marco-st-john,Marco St. John
14869,marco-stanchi,Marco Stanchi
14870,marco-tullio-giordana,Marco Tullio Giordana
14871,marcos-bernstein,Marcos Bernstein
14872,marcus-chait,Marcus Chait
14873,marcus-chong,Marcus Chong
14874,marcus-fraser,Marcus Fraser
14875,marcus-gilbert,Marcus Gilbert
14876,marcus-henderson-2,Marcus Henderson
14877,marcus-wesley,Marcus Wesley
14878,marcy-bigelman,Marcy Bigelman
14879,mardik-martin,Mardik Martin
14880,maree-elliot,Maree Elliot
14881,marek-kasprzyk,Marek Kasprzyk
14882,marek-kondrat,Marek Kondrat
14883,maren-ade,Maren Ade
14884,margaret-avery,Margaret Avery
14885,margaret-bacon,Margaret Bacon
14886,margaret-barstow,Margaret Barstow
14887,margaret-barton,Margaret Barton
14888,margaret-bert,Margaret Bert
14889,margaret-booth,Margaret Booth
14890,margaret-brayton,Margaret Brayton
14891,margaret-bremner,Margaret Bremner
14892,margaret-brown,Margaret Brown
14893,margaret-buell-wilder,Margaret Buell Wilder
14894,margaret-carthew,Margaret Carthew
14895,margaret-cho,Margaret Cho
14896,margaret-daly,Margaret Daly
14897,margaret-diamond,Margaret Diamond
14898,margaret-dumont,Margaret Dumont
14899,margaret-eginton,Margaret Eginton
14900,margaret-gruen,Margaret Gruen
14901,margaret-hamilton,Margaret Hamilton
14902,margaret-hayes,Margaret Hayes
14903,margaret-jackman,Margaret Jackman
14904,margaret-lee,Margaret Lee
14905,margaret-livingston,Margaret Livingston
14906,margaret-lockwood,Margaret Lockwood
14907,margaret-mann,Margaret Mann
14908,margaret-medina,Margaret Medina
14909,margaret-mitchell-2,Margaret Mitchell
14910,margaret-obrien,Margaret O'Brien
14911,margaret-prescod,Margaret Prescod
14912,margaret-rawlings,Margaret Rawlings
14913,margaret-rutherford,Margaret Rutherford
14914,margaret-scudamore,Margaret Scudamore
14915,margaret-sullavan,Margaret Sullavan
14916,margaret-tyzack,Margaret Tyzack
14917,margaret-wycherly,Margaret Wycherly
14918,margaretha-krook,Margaretha Krook
14919,margarita-isabel,Margarita Isabel
14920,margarita-levieva,Margarita Levieva
14921,margarita-lozano,Margarita Lozano
14922,margarita-molfino,Margarita Molfino
14923,margarita-shubina,Margarita Shubina
14924,margarita-soto,Margarita Soto
14925,margarito-luna,Margarito Luna
14926,margaux-garzaro,Margaux Garzaro
14927,margerie-luper,Margerie Luper
14928,margery-mason,Margery Mason
14929,margiet-van-hartingsveld,Margiet van Hartingsveld
14930,margit-carstensen,Margit Carstensen
14931,margo-martindale,Margo Martindale
14932,margo-moorer,Margo Moorer
14933,margo-victor,Margo Victor
14934,margo-winkler,Margo Winkler
14935,margot-abascal,Margot Abascal
14936,margot-edman-2,Margot Edman
14937,margot-fitzsimons,Margot Fitzsimons
14938,margot-godros,Margot Gödrös
14939,margot-kidder,Margot Kidder
14940,marguerite-gerard,Marguerite Gérard
14941,marguerite-lewars,Marguerite LeWars
14942,marguerite-marsh,Marguerite Marsh
14943,mari-ange-ramirez,Mari-Ange Ramirez
14944,mari-hayashida,Mari Hayashida
14945,mari-natsuki,Mari Natsuki
14946,mari-strand-ferstad,Mari Strand Ferstad
14947,maria-aitken,Maria Aitken
14948,maria-alche,María Alché
14949,maria-alfonsa-rosso,María Alfonsa Rosso
14950,maria-aura,María Aura
14951,maria-bello,Maria Bello
14952,maria-bonnevie,Maria Bonnevie
14953,maria-bradley,Maria Bradley
14954,maria-caggianelli-villani,Maria Caggianelli Villani
14955,maria-camila-arias,Maria Camila Arias
14956,maria-casares,María Casares
14957,maria-conchita-alonso,Maria Conchita Alonso
14958,maria-consuelo-perez,Maria Consuelo Perez
14959,maria-costa-3,Maria Costa
14960,maria-de-las-mercedes-diez,María de las Mercedes Díez
14961,maria-doyle-kennedy,Maria Doyle Kennedy
14962,maria-falconetti,Maria Falconetti
14963,maria-fernandes,Maria Fernandes
14964,maria-gabriella-maione,Maria Gabriella Maione
14965,maria-granlund,Maria Granlund
14966,maria-grazia-di-meo,Maria Grazia Di Meo
14967,maria-holvoe,Maria Holvoe
14968,maria-isabel-diaz-lago,María Isabel Díaz Lago
14969,maria-jesus-hoyos,María Jesús Hoyos
14970,maria-jyono,Maria Jyono
14971,maria-koscialkowska,Maria Koscialkowska
14972,maria-leon,María León
14973,maria-luisa-juarez,María Luisa Juárez
14974,maria-lujan-hidalgo,María Luján Hidalgo
14975,maria-maggenti,Maria Maggenti
14976,maria-malina,Maria Malina
14977,maria-marlene,Maria Marlene
14978,maria-mcerlane,Maria McErlane
14979,maria-mercedes-villagra,María Mercedes Villagra
14980,maria-ouspenskaya,Maria Ouspenskaya
14981,maria-paiato,Maria Paiato
14982,maria-pia-calzone,Maria Pia Calzone
14983,maria-pia-casilio,Maria Pia Casilio
14984,maria-rusolo,Maria Rusolo
14985,maria-sand-2,Maria Sand
14986,maria-schell,Maria Schell
14987,maria-schneider,Maria Schneider
14988,maria-signorello,Maria Signorello
14989,maria-sodahl,Maria Sødahl
14990,maria-speth,Maria Speth
14991,maria-thayer,Maria Thayer
14992,maria-tichinskaya-2,Maria Tichinskaya
14993,maria-tucci,Maria Tucci
14994,maria-vatne,Maria Vatne
14995,mariah-carey,Mariah Carey
14996,mariah-iman-wilson,Mariah Iman Wilson
14997,mariam-afshari,Mariam Afshari
14998,mariam-bokeria,Mariam Bokeria
14999,mariam-diop,Mariam Diop
15000,mariama-gassama,Mariama Gassama
15001,marian-swan,Marian Swan
15002,marian-turturica,Marian Turturica
15003,marian-uram,Marian Uram
15004,marian-zazeela,Marian Zazeela
15005,mariana-chaud,Mariana Chaud
15006,mariana-feraru,Mariana Feraru
15007,mariana-hewett,Mariana Hewett
15008,mariana-nunes-2,Mariana Nunes
15009,mariane-plasteig,Mariane Plasteig
15010,mariann-tepedino,Mariann Tepedino
15011,marianna-alacchi,Marianna Alacchi
15012,marianna-elliott-2,Marianna Elliott
15013,marianna-hill,Marianna Hill
15014,marianne-gordon,Marianne Gordon
15015,marianne-graffam,Marianne Graffam
15016,marianne-jean-baptiste,Marianne Jean-Baptiste
15017,marianne-koch,Marianne Koch
15018,marianne-krogh,Marianne Krogh
15019,marianne-muellerleile,Marianne Muellerleile
15020,marianne-stone,Marianne Stone
15021,mariano-argento,Mariano Argento
15022,mariano-llinas,Mariano Llinás
15023,maribel-verdu,Maribel Verdú
15024,mariclare-costello,Mariclare Costello
15025,marideth-sisco,Marideth Sisco
15026,marie-3,Marie
15027,marie-ak-mcmaster,Marie A.K. McMaster
15028,marie-anne-fliegel,Marie-Anne Fliegel
15029,marie-ardell,Marie Ardell
15030,marie-armelle-deguy,Marie-Armelle Deguy
15031,marie-brenner,Marie Brenner
15032,marie-burke,Marie Burke
15033,marie-cantet,Marie Cantet
15034,marie-christine-georges,Marie-Christine Georges
15035,marie-claire-fremont,Marie-Claire Frémont
15036,marie-colomb,Marie Colomb
15037,marie-conmee,Marie Conmee
15038,marie-cooper,Marie Cooper
15039,marie-dame,Marie Dame
15040,marie-douvet,Marie Douvet
15041,marie-dubois,Marie Dubois
15042,marie-elizabeth,Marie-Elizabeth
15043,marie-france-alvarez,Marie-France Alvarez
15044,marie-francoise-gonzales,Marie-Françoise Gonzales
15045,marie-gruber,Marie Gruber
15046,marie-helga-helgetveit,Marie Helga Helgetveit
15047,marie-jelliman,Marie Jelliman
15048,marie-josee-croze,Marie-Josée Croze
15049,marie-kean,Marie Kean
15050,marie-laure-descoureaux,Marie-Laure Descoureaux
15051,marie-mathay,Marie Mathay
15052,marie-murphy,Marie Murphy
15053,marie-ndiaye,Marie N'Diaye
15054,marie-passarelli,Marie Passarelli
15055,marie-perennou,Marie Pérennou
15056,marie-pierre-muller,Marie-Pierre Muller
15057,marie-pierre-troigros,Marie-Pierre Troigros
15058,marie-pillet,Marie Pillet
15059,marie-richardson,Marie Richardson
15060,marie-rose-roland,Marie-Rose Roland
15061,marie-sabouret,Marie Sabouret
15062,marie-selland,Marie Selland
15063,marie-sohna-conde,Marie-Sohna Condé
15064,marie-tillman,Marie Tillman
15065,marie-windsor,Marie Windsor
15066,mariel-hemingway,Mariel Hemingway
15067,mariella-lo-giudice,Mariella Lo Giudice
15068,marielle-heller,Marielle Heller
15069,marielle-scott,Marielle Scott
15070,marietou-toure,Mariétou Touré
15071,marietta-canty,Marietta Canty
15072,marietta-deprima,Marietta DePrima
15073,marietta-marich,Marietta Marich
15074,mariette-hartley,Mariette Hartley
15075,mariflore-veronneau,Mariflore Véronneau
15076,marika-lagercrantz,Marika Lagercrantz
15077,mariko-miyamoto,Mariko Miyamoto
15078,mariko-okada,Mariko Okada
15079,marilia-pera,Marília Pêra
15080,marilu-carteny,Marilù Carteny
15081,marilu-henner,Marilu Henner
15082,marilyn-barbarin,Marilyn Barbarin
15083,marilyn-buferd,Marilyn Buferd
15084,marilyn-burns,Marilyn Burns
15085,marilyn-coleman,Marilyn Coleman
15086,marilyn-eastman,Marilyn Eastman
15087,marilyn-harris,Marilyn Harris
15088,marilyn-knowlden,Marilyn Knowlden
15089,marilyn-manson,Marilyn Manson
15090,marilyn-mccoo,Marilyn McCoo
15091,marilyn-monroe,Marilyn Monroe
15092,marilyn-tipp,Marilyn Tipp
15093,marin-ireland,Marin Ireland
15094,marina-alves-domingues,Marina Alves Domingues
15095,marina-berio,Marina Berio
15096,marina-de-tavira,Marina de Tavira
15097,marina-de-van,Marina de Van
15098,marina-fois,Marina Foïs
15099,marina-ghane,Marina Ghane
15100,marina-glezer,Marina Glezer
15101,marina-hands,Marina Hands
15102,marina-lipnickaja,Marina Lipnickaja
15103,marina-sirtis,Marina Sirtis
15104,marina-vasileva,Marina Vasileva
15105,marina-vlady,Marina Vlady
15106,marina-weis,Marina Weis
15107,marine-decroix,Marine Decroix
15108,marinel-tinnirello,Marinel Tinnirello
15109,marinka-matuszewski,Marinka Matuszewski
15110,marino-mase,Marino Masé
15111,mario-2,Mario
15112,mario-abe,Mario Abe
15113,mario-alarcon,Mario Alarcón
15114,mario-brega,Mario Brega
15115,mario-canonge,Mario Canonge
15116,mario-conocchia,Mario Conocchia
15117,mario-gallo,Mario Gallo
15118,mario-gonzalez-broche,Mario González Broche
15119,mario-ivan-martinez,Mario Iván Martínez
15120,mario-meniconi,Mario Meniconi
15121,mario-pardo,Mario Pardo
15122,mario-pascucci,Mario Pascucci
15123,mario-pisu,Mario Pisu
15124,mario-puzo,Mario Puzo
15125,mario-schiano,Mario Schiano
15126,mario-todisco,Mario Todisco
15127,mario-zaragoza,Mario Zaragoza
15128,mario-zorrilla,Mario Zorrilla
15129,marioara-sterian,Marioara Sterian
15130,mariola-fuentes,Mariola Fuentes
15131,marion-bailey,Marion Bailey
15132,marion-ballou,Marion Ballou
15133,marion-calvert,Marion Calvert
15134,marion-clayton-anderson,Marion Clayton Anderson
15135,marion-cotillard,Marion Cotillard
15136,marion-darlington,Marion Darlington
15137,marion-lorne,Marion Lorne
15138,marion-mathie,Marion Mathie
15139,marion-odwyer,Marion O'Dwyer
15140,marion-stalens,Marion Stalens
15141,marion-zinser,Marion Zinser
15142,marisa-abela,Marisa Abela
15143,marisa-berenson,Marisa Berenson
15144,marisa-kwiatkowski,Marisa Kwiatkowski
15145,marisa-paredes,Marisa Paredes
15146,marisa-tomei,Marisa Tomei
15147,marisela-villarruel,Marisela Villarruel
15148,marisol-gase,Marisol Gasé
15149,marisol-muriel,Marisol Muriel
15150,marissa-ribisi,Marissa Ribisi
15151,marita-geraghty,Marita Geraghty
15152,maritoni-fernandez,Maritoni Fernandez
15153,marius-coanda,Marius Coanda
15154,marius-de-vries,Marius De Vries
15155,mariusz-jakus,Mariusz Jakus
15156,mariya-kuznetsova,Mariya Kuznetsova
15157,mariya-skornitskaya,Mariya Skornitskaya
15158,marja-susanne-sipela-solvang,Marja Susanne Sipelä Solvang
15159,marjane-satrapi,Marjane Satrapi
15160,marjorie-bennett,Marjorie Bennett
15161,marjorie-eaton,Marjorie Eaton
15162,marjorie-fielding,Marjorie Fielding
15163,marjorie-heard,Marjorie Heard
15164,marjorie-main,Marjorie Main
15165,marjorie-mars,Marjorie Mars
15166,marjorie-weaver,Marjorie Weaver
15167,mark-addy,Mark Addy
15168,mark-alesia,Mark Alesia
15169,mark-andrews-4,Mark Andrews
15170,mark-andrus,Mark Andrus
15171,mark-bailey-4,Mark Bailey
15172,mark-barden,Mark Barden
15173,mark-bazeley,Mark Bazeley
15174,mark-berglund,Mark Berglund
15175,mark-boal,Mark Boal
15176,mark-boone-junior,Mark Boone Junior
15177,mark-bowden,Mark Bowden
15178,mark-bowden-2,Mark Bowden
15179,mark-bringelson,Mark Bringelson
15180,mark-bullock-2,Mark Bullock
15181,mark-burton-3,Mark Burton
15182,mark-camacho,Mark Camacho
15183,mark-cameron,Mark Cameron
15184,mark-carlton,Mark Carlton
15185,mark-chaet,Mark Chaet
15186,mark-chao,Mark Chao
15187,mark-cronfield,Mark Cronfield
15188,mark-dallas,Mark Dallas
15189,mark-daniels,Mark Daniels
15190,mark-devenport,Mark Devenport
15191,mark-donovan,Mark Donovan
15192,mark-draxton,Mark Draxton
15193,mark-e-smith,Mark E. Smith
15194,mark-eakin,Mark Eakin
15195,mark-elliot-wilson,Mark Elliot Wilson
15196,mark-elwes,Mark Elwes
15197,mark-ettlinger,Mark Ettlinger
15198,mark-eydelshteyn,Mark Eydelshteyn
15199,mark-fergus,Mark Fergus
15200,mark-ferguson,Mark Ferguson
15201,mark-finn,Mark Finn
15202,mark-flanagan-2,Mark Flanagan
15203,mark-frechette,Mark Frechette
15204,mark-frost,Mark Frost
15205,mark-gatiss,Mark Gatiss
15206,mark-grimes,Mark Grimes
15207,mark-hadlow,Mark Hadlow
15208,mark-hamill,Mark Hamill
15209,mark-hammond,Mark Hammond
15210,mark-harelik,Mark Harelik
15211,mark-harmon,Mark Harmon
15212,mark-harrington-4,Mark Harrington
15213,mark-heyman,Mark Heyman
15214,mark-hoffman,Mark Hoffman
15215,mark-ivanir,Mark Ivanir
15216,mark-jacobson-2,Mark Jacobson
15217,mark-jameson,Mark Jameson
15218,mark-jeffrey-miller,Mark Jeffrey Miller
15219,mark-jordan,Mark Jordan
15220,mark-kennedy,Mark Kennedy
15221,mark-kozelek,Mark Kozelek
15222,mark-lenard,Mark Lenard
15223,mark-leroy,Mark Leroy
15224,mark-levinson-2,Mark Levinson
15225,mark-lewis-17,Mark Lewis
15226,mark-lewis-4,Mark Lewis
15227,mark-linn-baker,Mark Linn-Baker
15228,mark-lowell,Mark Lowell
15229,mark-margolis,Mark Margolis
15230,mark-millar,Mark Millar
15231,mark-monroe,Mark Monroe
15232,mark-moseley,Mark Moseley
15233,mark-moses,Mark Moses
15234,mark-northover,Mark Northover
15235,mark-obenhaus,Mark Obenhaus
15236,mark-osborne,Mark Osborne
15237,mark-pellington,Mark Pellington
15238,mark-penfold,Mark Penfold
15239,mark-peploe,Mark Peploe
15240,mark-perlmutter,Mark Perlmutter
15241,mark-phoenix,Mark Phoenix
15242,mark-polley,Mark Polley
15243,mark-ricci,Mark Ricci
15244,mark-rolston,Mark Rolston
15245,mark-romanek,Mark Romanek
15246,mark-ronson,Mark Ronson
15247,mark-rosenthal,Mark Rosenthal
15248,mark-rosenthal-2,Mark Rosenthal
15249,mark-rosner,Mark Rosner
15250,mark-ruffalo,Mark Ruffalo
15251,mark-ryan,Mark Ryan
15252,mark-rydell,Mark Rydell
15253,mark-rylance,Mark Rylance
15254,mark-sandrich,Mark Sandrich
15255,mark-spalding,Mark Spalding
15256,mark-stanley-4,Mark Stanley
15257,mark-strong-2,Mark Strong
15258,mark-tandy,Mark Tandy
15259,mark-vandebrake,Mark Vandebrake
15260,mark-venhuizen,Mark Venhuizen
15261,mark-verheiden,Mark Verheiden
15262,mark-victor,Mark Victor
15263,mark-w-strong,Mark W. Strong
15264,mark-wahlberg,Mark Wahlberg
15265,mark-walton,Mark Walton
15266,mark-waschke,Mark Waschke
15267,mark-waters,Mark Waters
15268,mark-webber,Mark Webber
15269,mark-wheeler,Mark Wheeler
15270,mark-windows,Mark Windows
15271,mark-zupan,Mark Zupan
15272,mark-zycon,Mark Zycon
15273,marketa-irglova,Markéta Irglová
15274,markus-rygaard,Markus Rygaard
15275,marla-sucharetza,Marla Sucharetza
15276,marlena-macguire,Marlena MacGuire
15277,marlene-aames,Marlene Aames
15278,marlene-burow,Marlene Burow
15279,marlene-clark,Marlene Clark
15280,marlene-dietrich,Marlene Dietrich
15281,marlene-jobert,Marlène Jobert
15282,marlene-martinez,Marlene Martinez
15283,marlene-siskel,Marlene Siskel
15284,marlon-brando,Marlon Brando
15285,marlon-brando-sr,Marlon Brando Sr.
15286,marlon-wayans,Marlon Wayans
15287,marlon-williams-4,Marlon Williams
15288,marlyn-bandiero,Marlyn Bandiero
15289,marlyn-hopewell,Marlyn Hopewell
15290,marmar-alhilali,Marmar Alhilali
15291,marni-nixon,Marni Nixon
15292,marnie-gaede,Marnie Gaede
15293,marnie-mcphail,Marnie McPhail
15294,marrian-walters,Marrian Walters
15295,mars-rucker,Mars Rucker
15296,marsha-dietlein,Marsha Dietlein
15297,marsha-horan,Marsha Horan
15298,marsha-moreau,Marsha Moreau
15299,marsha-stephanie-blake,Marsha Stephanie Blake
15300,marshall-bell,Marshall Bell
15301,marshall-bradford,Marshall Bradford
15302,marshall-brickman,Marshall Brickman
15303,marshall-byrne,Marshall Byrne
15304,marshall-curry,Marshall Curry
15305,marshall-dougherty,Marshall Dougherty
15306,marshall-herskovitz,Marshall Herskovitz
15307,marshall-manesh,Marshall Manesh
15308,marshall-mcluhan,Marshall McLuhan
15309,marta-aura,Marta Aura
15310,marta-belfort,Marta Belfort
15311,marta-heflin,Marta Heflin
15312,marta-kaczmarek,Marta Kaczmarek
15313,marta-milans,Marta Milans
15314,marta-r-mahou,Marta R. Mahou
15315,marta-stalmierska,Marta Stalmierska
15316,marta-tafesse-kassa,Marta Tafesse Kassa
15317,marten-lamont,Marten Lamont
15318,martha-3,Martha
15319,martha-adcock,Martha Adcock
15320,martha-bassett,Martha Bassett
15321,martha-ehinome,Martha Ehinome
15322,martha-hackett,Martha Hackett
15323,martha-hyer,Martha Hyer
15324,martha-macisaac,Martha MacIsaac
15325,martha-morrison,Martha Morrison
15326,martha-myers-lowe,Martha Myers Lowe
15327,martha-odriscoll,Martha O'Driscoll
15328,martha-plimpton,Martha Plimpton
15329,martha-reilly,Martha Reilly
15330,martha-scott,Martha Scott
15331,martha-vickers,Martha Vickers
15332,martha-wentworth,Martha Wentworth
15333,martin-abrahams,Martin Abrahams
15334,martin-aleksa,Martin Aleksa
15335,martin-amis,Martin Amis
15336,martin-arrowsmith,Martin Arrowsmith
15337,martin-atkinson-3,Martin Atkinson
15338,martin-balsam,Martin Balsam
15339,martin-bassindale,Martin Bassindale
15340,martin-benson,Martin Benson
15341,martin-boddey,Martin Boddey
15342,martin-brambach,Martin Brambach
15343,martin-brest,Martin Brest
15344,martin-buch,Martin Buch
15345,martin-campbell,Martin Campbell
15346,martin-casella,Martin Casella
15347,martin-cavina,Martin Cavina
15348,martin-chertudi,Martín Chertudi
15349,martin-cichy,Martin Cichy
15350,martin-clunes,Martin Clunes
15351,martin-compston,Martin Compston
15352,martin-donnelly,Martin Donnelly
15353,martin-donovan-2,Martin Donovan
15354,martin-drogo,Martín Drogo
15355,martin-ferrero,Martin Ferrero
15356,martin-foreman,Martin Foreman
15357,martin-freeman-2,Martin Freeman
15358,martin-garralaga,Martin Garralaga
15359,martin-hancock,Martin Hancock
15360,martin-hemme,Martin Hemme
15361,martin-julier,Martin Julier
15362,martin-klebba,Martin Klebba
15363,martin-kosleck,Martin Kosleck
15364,martin-kove,Martin Kove
15365,martin-landau,Martin Landau
15366,martin-lawrence,Martin Lawrence
15367,martin-lindstrom-3,Martin Lindström
15368,martin-lucey,Martin Lucey
15369,martin-luther-king,Martin Luther King
15370,martin-mason,Martin Mason
15371,martin-may,Martin May
15372,martin-mccardie,Martin McCardie
15373,martin-mcdonagh-3,Martin McDonagh
15374,martin-mcmillan,Martin McMillan
15375,martin-milner,Martin Milner
15376,martin-mull,Martin Mull
15377,martin-muller-2,Martin Muller
15378,martin-pasko,Martin Pasko
15379,martin-roach,Martin Roach
15380,martin-rosenblatt,Martin Rosenblatt
15381,martin-rother,Martin Rother
15382,martin-savage,Martin Savage
15383,martin-scorsese,Martin Scorsese
15384,martin-semmelrogge,Martin Semmelrogge
15385,martin-serner,Martin Serner
15386,martin-sheen,Martin Sheen
15387,martin-sherwin,Martin Sherwin
15388,martin-short,Martin Short
15389,martin-starr,Martin Starr
15390,martin-stephens-2,Martin Stephens
15391,martin-stringer,Martin Stringer
15392,martin-von-haselberg,Martin von Haselberg
15393,martin-walanker,Martin Walanker
15394,martin-wall,Martín Wall
15395,martin-west,Martin West
15396,martin-wuttke,Martin Wuttke
15397,martina-codecasa,Martina Codecasa
15398,martina-deignan,Martina Deignan
15399,martina-gedeck,Martina Gedeck
15400,martina-pierre,Martina Pierre
15401,martina-resetarits,Martina Resetarits
15402,martine-amisse,Martine Amisse
15403,martita-hunt,Martita Hunt
15404,martje-grohmann,Martje Grohmann
15405,marton-agh,Márton Ágh
15406,marton-brezina,Márton Brezina
15407,marton-csokas,Marton Csokas
15408,martti-suosalo,Martti Suosalo
15409,marty-antonini,Marty Antonini
15410,marty-balin,Marty Balin
15411,marty-feldman,Marty Feldman
15412,marty-walsh,Marty Walsh
15413,martyn-casey,Martyn Casey
15414,martyna-poznanski,Martyna Poznanski
15415,maruf-otajonov,Maruf Otajonov
15416,marusov,Marusov
15417,marut-charoensub,Marut Charoensub
15418,marvin-kaye,Marvin Kaye
15419,marvin-miller,Marvin Miller
15420,marvin-young,Marvin Young
15421,mary-acres,Mary Acres
15422,mary-akin,Mary Akin
15423,mary-alden,Mary Alden
15424,mary-alexander,Mary Alexander
15425,mary-anderson,Mary Anderson
15426,mary-angutautuk,Mary Angutautuk
15427,mary-ann-haenel,Mary Ann Haenel
15428,mary-ann-hall,Mary Ann Hall
15429,mary-anne-jacob,Mary Anne Jacob
15430,mary-astor,Mary Astor
15431,mary-b-mccann,Mary B. McCann
15432,mary-badham,Mary Badham
15433,mary-bayless,Mary Bayless
15434,mary-benoit,Mary Benoit
15435,mary-beth-hurt,Mary Beth Hurt
15436,mary-beth-tapert,Mary Beth Tapert
15437,mary-bovard,Mary Bovard
15438,mary-carr,Mary Carr
15439,mary-carroll,Mary Carroll
15440,mary-christian,Mary Christian
15441,mary-clare,Mary Clare
15442,mary-costa,Mary Costa
15443,mary-crean-obrien,Mary Crean O'Brien
15444,mary-daily,Mary Daily
15445,mary-elizabeth-mastrantonio,Mary Elizabeth Mastrantonio
15446,mary-elizabeth-winstead,Mary Elizabeth Winstead
15447,mary-ellen-clemons,Mary Ellen Clemons
15448,mary-ellen-dunlap,Mary Ellen Dunlap
15449,mary-faktor,Mary Faktor
15450,mary-forbes,Mary Forbes
15451,mary-gafrey,Mary Gafrey
15452,mary-gail-frawley-odea,Mary Gail Frawley-O'Dea
15453,mary-gibbs,Mary Gibbs
15454,mary-gillis,Mary Gillis
15455,mary-gordon,Mary Gordon
15456,mary-h-oconnor,Mary H. O'Connor
15457,mary-halsey,Mary Halsey
15458,mary-harron,Mary Harron
15459,mary-hedahl,Mary Hedahl
15460,mary-hegarty,Mary Hegarty
15461,mary-j-blige,Mary J. Blige
15462,mary-jane-mangler,Mary Jane Mangler
15463,mary-jo-catlett,Mary Jo Catlett
15464,mary-jo-deschanel,Mary Jo Deschanel
15465,mary-jo-randle,Mary Jo Randle
15466,mary-kate-schellhardt,Mary Kate Schellhardt
15467,mary-kay-bergman,Mary Kay Bergman
15468,mary-kay-place,Mary Kay Place
15469,mary-kerridge,Mary Kerridge
15470,mary-klug,Mary Klug
15471,mary-lansing,Mary Lansing
15472,mary-liboiron,Mary Liboiron
15473,mary-louise-wilson,Mary Louise Wilson
15474,mary-love,Mary Love
15475,mary-luana-williams,Mary Luana Williams
15476,mary-lynn-rajskub,Mary Lynn Rajskub
15477,mary-mallen,Mary Mallen
15478,mary-mcdonnell,Mary McDonnell
15479,mary-miles-minter,Mary Miles Minter
15480,mary-moulds,Mary Moulds
15481,mary-mulabo,Mary Mulabo
15482,mary-murphy-3,Mary Murphy
15483,mary-nash,Mary Nash
15484,mary-nash-2,Mary Nash
15485,mary-ndoku-mbai,Mary Ndoku Mbai
15486,mary-oriordan,Mary O'Riordan
15487,mary-orr,Mary Orr
15488,mary-page-nance,Mary Page Nance
15489,mary-paz-pondal,Mary Paz Pondal
15490,mary-pie,Mary Pie
15491,mary-qulitalik,Mary Qulitalik
15492,mary-rosen-2,Mary Rosen
15493,mary-shelley,Mary Shelley
15494,mary-st-john,Mary St. John
15495,mary-steenburgen,Mary Steenburgen
15496,mary-sweeney,Mary Sweeney
15497,mary-tillman,Mary Tillman
15498,mary-treen,Mary Treen
15499,mary-tsoni,Mary Tsoni
15500,mary-twala,Mary Twala
15501,mary-tyler-moore,Mary Tyler Moore
15502,mary-van-arsdel,Mary Van Arsdel
15503,mary-wickes,Mary Wickes
15504,mary-wiseman-3,Mary Wiseman
15505,mary-woronov,Mary Woronov
15506,maryam-hassan,Maryam Hassan
15507,maryam-shayegan,Maryam Shayegan
15508,maryana-spivak,Maryana Spivak
15509,maryann-plunkett,Maryann Plunkett
15510,maryann-valone,Maryann Valone
15511,maryanne-frost,Maryanne Frost
15512,maryanne-slavich,Maryanne Slavich
15513,marybeth-massett,Marybeth Massett
15514,maryiam-palvin-almani,Maryiam Palvin Almani
15515,marylouise-burke,Marylouise Burke
15516,marzena-trybala,Marzena Trybala
15517,masaaki-okura,Masaaki Ôkura
15518,masahiko-nishimura,Masahiko Nishimura
15519,masahiko-shimazu,Masahiko Shimazu
15520,masahiko-tanaka,Masahiko Tanaka
15521,masahiko-tsugawa,Masahiko Tsugawa
15522,masahiro-ito,Masahiro Ito
15523,masahiro-kanetake,Masahiro Kanetake
15524,masahiro-motoki,Masahiro Motoki
15525,masahiro-toda,Masahiro Toda
15526,masaki-kobayashi,Masaki Kobayashi
15527,masaki-murao,Masaki Murao
15528,masaki-okada-2,Masaki Okada
15529,masaki-suda,Masaki Suda
15530,masako-sugaya,Masako Sugaya
15531,masako-watanabe-2,Masako Watanabe
15532,masami-toyoshima,Masami Toyoshima
15533,masamichi-sato-2,Masamichi Satô
15534,masane-tsukayama,Masane Tsukayama
15535,masao-harada,Masao Harada
15536,masao-mishima,Masao Mishima
15537,masao-oda,Masao Oda
15538,masao-shimizu,Masao Shimizu
15539,masaru-baba,Masaru Baba
15540,masashi-ebara,Masashi Ebara
15541,masashi-hirose,Masashi Hirose
15542,masashi-ishikawa,Masashi Ishikawa
15543,masashi-odate,Masashi Odate
15544,masato-hagiwara,Masato Hagiwara
15545,masato-harada,Masato Harada
15546,masato-ibu,Masatô Ibu
15547,masato-ide,Masato Ide
15548,masato-yamanouchi,Masato Yamanouchi
15549,masaya-onosaka,Masaya Onosaka
15550,masayo-sakai,Masayo Sakai
15551,masayuki,Masayuki
15552,masayuki-inagaki,Masayuki Inagaki
15553,masayuki-mori,Masayuki Mori
15554,masayuki-yui,Masayuki Yui
15555,mascha-schilinski,Mascha Schilinski
15556,masha-kondakova,Masha Kondakova
15557,masoameh-salimi,Masoameh Salimi
15558,mason-alban,Mason Alban
15559,mason-ball,Mason Ball
15560,mason-cufari,Mason Cufari
15561,mason-gamble,Mason Gamble
15562,masood-mansouri,Masood Mansouri
15563,masoud-gheyas-vand,Masoud Gheyas-vand
15564,masoud-kheymeh-kabood,Masoud Kheymeh-kabood
15565,masoud-naziri,Masoud Naziri
15566,massamba-seye,Massamba Seye
15567,massimo-biondi,Massimo Biondi
15568,massimo-foschi,Massimo Foschi
15569,massimo-franciosa,Massimo Franciosa
15570,massimo-gaudioso,Massimo Gaudioso
15571,massimo-popolizio,Massimo Popolizio
15572,massimo-ronzani,Massimo Ronzani
15573,massimo-sarchielli,Massimo Sarchielli
15574,massimo-serato,Massimo Serato
15575,mat-hill,Mat Hill
15576,mate-haumann,Máté Haumann
15577,mateo-garcia,Mateo Garcia
15578,mateo-suarez,Mateo Suarez
15579,mateo-zoryan,Mateo Zoryan
15580,mathabo-pieterson,Mathabo Pieterson
15581,matheus-nachtergaele,Matheus Nachtergaele
15582,mathias-mlekuz,Mathias Mlekuz
15583,mathias-stoltenberg,Mathias Stoltenberg
15584,mathieau-grimard,Mathieau Grimard
15585,mathieu-amalric,Mathieu Amalric
15586,mathieu-busson,Mathieu Busson
15587,mathieu-demy,Mathieu Demy
15588,mathieu-kassovitz,Mathieu Kassovitz
15589,mathieu-ly,Mathieu Ly
15590,mathieu-schiffman,Mathieu Schiffman
15591,mathilde-krim,Mathilde Krim
15592,mati-diop,Mati Diop
15593,matias-feldman,Matías Feldman
15594,matias-gomez,Matias Gomez
15595,matias-reyes-gomez,Matías Reyes Gomez
15596,matilda-rowler,Matilda Rowler
15597,matin-fatourechi,Matin Fatourechi
15598,matiss-kaza,Matiss Kaza
15599,matsuko-shiga,Matsuko Shiga
15600,matt-archbold,Matt Archbold
15601,matt-berry-3,Matt Berry
15602,matt-clark,Matt Clark
15603,matt-corboy,Matt Corboy
15604,matt-craven,Matt Craven
15605,matt-damon,Matt Damon
15606,matt-day,Matt Day
15607,matt-dillon,Matt Dillon
15608,matt-doran,Matt Doran
15609,matt-esecson,Matt Esecson
15610,matt-frewer,Matt Frewer
15611,matt-gordon,Matt Gordon
15612,matt-green-2,Matt Green
15613,matt-greenhalgh,Matt Greenhalgh
15614,matt-groening,Matt Groening
15615,matt-guidry-2,Matt Guidry
15616,matt-hardwick,Matt Hardwick
15617,matt-helm,Matt Helm
15618,matt-hering,Matt Hering
15619,matt-jaynes,Matt Jaynes
15620,matt-justesen,Matt Justesen
15621,matt-letscher,Matt Letscher
15622,matt-levin,Matt Levin
15623,matt-mccoy,Matt McCoy
15624,matt-mcgrath,Matt McGrath
15625,matt-mercier,Matt Mercier
15626,matt-reeves,Matt Reeves
15627,matt-ross,Matt Ross
15628,matt-schulze,Matt Schulze
15629,matt-selman,Matt Selman
15630,matt-smith-2,Matt Smith
15631,matt-stone,Matt Stone
15632,matt-underwood,Matt Underwood
15633,matt-walsh,Matt Walsh
15634,matt-watts-2,Matt Watts
15635,matt-winston,Matt Winston
15636,matteo-garrone,Matteo Garrone
15637,matthew-barry,Matthew Barry
15638,matthew-beard,Matthew Beard
15639,matthew-boulton,Matthew Boulton
15640,matthew-braden-stringer,Matthew Braden Stringer
15641,matthew-broderick,Matthew Broderick
15642,matthew-cassel,Matthew Cassel
15643,matthew-ebert,Matthew Ebert
15644,matthew-garber,Matthew Garber
15645,matthew-gledhill,Matthew Gledhill
15646,matthew-gonder,Matthew Gonder
15647,matthew-goode,Matthew Goode
15648,matthew-gray-gubler,Matthew Gray Gubler
15649,matthew-groom,Matthew Groom
15650,matthew-hamachek,Matthew Hamachek
15651,matthew-harbour,Matthew Harbour
15652,matthew-heineman,Matthew Heineman
15653,matthew-james-thomas,Matthew James Thomas
15654,matthew-kaplan,Matthew Kaplan
15655,matthew-kimbrough,Matthew Kimbrough
15656,matthew-kirsch,Matthew Kirsch
15657,matthew-labyorteaux,Matthew Labyorteaux
15658,matthew-lawrence,Matthew Lawrence
15659,matthew-lillard,Matthew Lillard
15660,matthew-lloyd-davies,Matthew Lloyd Davies
15661,matthew-long,Matthew Long
15662,matthew-maher,Matthew Maher
15663,matthew-mcconaughey,Matthew McConaughey
15664,matthew-mcgrory,Matthew McGrory
15665,matthew-mcnulty,Matthew McNulty
15666,matthew-modine,Matthew Modine
15667,matthew-ocallaghan,Matthew O'Callaghan
15668,matthew-oneill,Matthew O'Neill
15669,matthew-rankin,Matthew Rankin
15670,matthew-rauch,Matthew Rauch
15671,matthew-robbins,Matthew Robbins
15672,matthew-romero-moore,Matthew Romero Moore
15673,matthew-russell,Matthew Russell
15674,matthew-saks,Matthew Saks
15675,matthew-scurfield,Matthew Scurfield
15676,matthew-shear,Matthew Shear
15677,matthew-simonian,Matthew Simonian
15678,matthew-vaughn,Matthew Vaughn
15679,matthew-whittet,Matthew Whittet
15680,matthew-wilder,Matthew Wilder
15681,matthias-brenner,Matthias Brenner
15682,matthias-habich,Matthias Habich
15683,matti-onnismaa,Matti Onnismaa
15684,mattia-sbragia,Mattia Sbragia
15685,mattia-zaccaro,Mattia Zaccaro
15686,mattias-cucina,Mattias Cucina
15687,mattias-wiberg,Mattias Wiberg
15688,matty-alou,Matty Alou
15689,matty-finochio,Matty Finochio
15690,matvey-gershman,Matvey Gershman
15691,matvey-novikov,Matvey Novikov
15692,matyelok-gibbs,Matyelok Gibbs
15693,maud-brethenoux,Maud Brethenoux
15694,maud-hansson,Maud Hansson
15695,maude-allen,Maude Allen
15696,maude-apatow,Maude Apatow
15697,maude-eburne,Maude Eburne
15698,maude-lambert,Maude Lambert
15699,maura-milligan,Maura Milligan
15700,maura-tierney,Maura Tierney
15701,maureen-cusack,Maureen Cusack
15702,maureen-delaney,Maureen Delaney
15703,maureen-elisabeth-shay,Maureen Elisabeth Shay
15704,maureen-lipman,Maureen Lipman
15705,maureen-mcbride,Maureen McBride
15706,maureen-ohara,Maureen O'Hara
15707,maureen-osullivan,Maureen O'Sullivan
15708,maureen-schilling,Maureen Schilling
15709,maureen-tucker,Maureen Tucker
15710,maurice-antoni,Maurice Antoni
15711,maurice-argent,Maurice Argent
15712,maurice-baquet,Maurice Baquet
15713,maurice-benichou,Maurice Bénichou
15714,maurice-black,Maurice Black
15715,maurice-brenner,Maurice Brenner
15716,maurice-dean-wint,Maurice Dean Wint
15717,maurice-evans,Maurice Evans
15718,maurice-garrel,Maurice Garrel
15719,maurice-griffe,Maurice Griffe
15720,maurice-magalon,Maurice Magalon
15721,maurice-maurin,Maurice Maurin
15722,maurice-moscovitch,Maurice Moscovitch
15723,maurice-page,Maurice Page
15724,maurice-rapf,Maurice Rapf
15725,maurice-roeves,Maurice Roëves
15726,maurice-ronet,Maurice Ronet
15727,maurice-schutz,Maurice Schutz
15728,maurice-sneed,Maurice Sneed
15729,maurice-sonnenberg,Maurice Sonnenberg
15730,maurice-walsh,Maurice Walsh
15731,maurice-woods,Maurice Woods
15732,maurice-woods-2,Maurice Woods
15733,mauricette-gourdon,Mauricette Gourdon
15734,mauricio-bustamante,Mauricio Bustamante
15735,mauricio-zacharias,Mauricio Zacharias
15736,maurizio-arena,Maurizio Arena
15737,maurizio-braucci,Maurizio Braucci
15738,mauro-refosco,Mauro Refosco
15739,maury-chaykin,Maury Chaykin
15740,mavis-villiers,Mavis Villiers
15741,max-asher,Max Asher
15742,max-barwyn,Max Barwyn
15743,max-beck,Max Beck
15744,max-casella,Max Casella
15745,max-dietze,Max Dietze
15746,max-e-thijssen,Max E. Thijssen
15747,max-elliott-slade,Max Elliott Slade
15748,max-fairchild,Max Fairchild
15749,max-friedman-4,Max Friedman
15750,max-grodenchik,Max Grodénchik
15751,max-grosse-majench,Max Grosse Majench
15752,max-hopp,Max Hopp
15753,max-kasch,Max Kasch
15754,max-lewis,Max Lewis
15755,max-martini,Max Martini
15756,max-mata,Max Mata
15757,max-mittelman,Max Mittelman
15758,max-phipps,Max Phipps
15759,max-pomeranc,Max Pomeranc
15760,max-roach,Max Roach
15761,max-rudd,Max Rudd
15762,max-the-wonder-dog,Max the Wonder Dog
15763,max-toulch,Max Toulch
15764,max-von-sydow,Max von Sydow
15765,max-wrottesley,Max Wrottesley
15766,maxence-david,Maxence David
15767,maxim-gaudette,Maxim Gaudette
15768,maxim-kovalevski,Maxim Kovalevski
15769,maxim-lapunov,Maxim Lapunov
15770,maxim-stoyanov,Maxim Stoyanov
15771,maxime-bailleul,Maxime Bailleul
15772,maxime-dumontier,Maxime Dumontier
15773,maxime-sassier,Maxime Sassier
15774,maximilian-ruthlein,Maximilian Rüthlein
15775,maximiliano-hernandez,Maximiliano Hernández
15776,maximiliano-trento,Maximiliano Trento
15777,maxine-holden,Maxine Holden
15778,maxine-mcnair,Maxine McNair
15779,maxon-crumb,Maxon Crumb
15780,maxwell-anderson,Maxwell Anderson
15781,maxwell-foster,Maxwell Foster
15782,maxwell-parris,Maxwell Parris
15783,may-craig,May Craig
15784,may-hallatt,May Hallatt
15785,may-lindstrom,May Lindstrom
15786,may-robson,May Robson
15787,may-whitty,May Whitty
15788,maya-bond,Maya Bond
15789,maya-gaugler,Maya Gaugler
15790,maya-krinsky,Maya Krinsky
15791,maya-peled,Maya Peled
15792,maya-rudolph,Maya Rudolph
15793,maya-sansa,Maya Sansa
15794,maya-torres,Maya Torres
15795,maya-vanderbeque,Maya Vanderbeque
15796,maynard-a-cosnett,Maynard A. Cosnett
15797,mayra-serbulo,Mayra Serbulo
15798,mayte-natalio,Mayte Natalio
15799,mayu-matsuoka,Mayu Matsuoka
15800,mayumi-izuka,Mayumi Izuka
15801,mayumi-muto,Mayumi Muto
15802,mayumi-ogawa,Mayumi Ogawa
15803,mayumi-tanaka,Mayumi Tanaka
15804,mayuno-yasokawa,Mayuno Yasokawa
15805,mc-eiht,MC Eiht
15806,mc-gainey,M.C. Gainey
15807,mcghee-monteith,McGhee Monteith
15808,mcnally-sagal,McNally Sagal
15809,meagan-flynn,Meagan Flynn
15810,meagen-fay,Meagen Fay
15811,meat-loaf,Meat Loaf
15812,meatball-2,Meatball
15813,med-hondo,Med Hondo
15814,medgar-evers,Medgar Evers
15815,medusa-knopf,Medusa Knopf
15816,meg-foster,Meg Foster
15817,meg-kasdan,Meg Kasdan
15818,meg-lefauve,Meg LeFauve
15819,meg-mundy,Meg Mundy
15820,megan-cavanagh,Megan Cavanagh
15821,megan-delay,Megan Delay
15822,megan-edwards-2,Megan Edwards
15823,megan-gale,Megan Gale
15824,megan-gay,Megan Gay
15825,megan-hollingshead,Megan Hollingshead
15826,megan-kapler,Megan Kapler
15827,megan-kimber,Megan Kimber
15828,megan-morris,Megan Morris
15829,megan-thee-stallion,Megan Thee Stallion
15830,meghan-maguire-2,Meghan Maguire
15831,megs-jenkins,Megs Jenkins
15832,megumi-hayashibara,Megumi Hayashibara
15833,megumi-ogata,Megumi Ogata
15834,megumi-tano,Megumi Tano
15835,mehdi-ag-mohamed,Mehdi A.G. Mohamed
15836,mehdi-koushki,Mehdi Koushki
15837,mehdi-mahmoudian,Mehdi Mahmoudian
15838,mehmet-ali-nuroglu,Mehmet Ali Nuroglu
15839,mehrad-jamei,Mehrad Jamei
15840,mehrdad-ahankhah,Mehrdad Ahankhah
15841,mei-mei-hung,Mei-Mei Hung
15842,mei-yun-yu,Mei-Yun Yu
15843,meilin-duan,Meilin Duan
15844,meilin-mo,Meilin Mo
15845,meir-fenigstein,Meir Fenigstein
15846,mekia-cox,Mekia Cox
15847,mel-archer,Mel Archer
15848,mel-blanc,Mel Blanc
15849,mel-brooks,Mel Brooks
15850,mel-churcher,Mel Churcher
15851,mel-ferrer,Mel Ferrer
15852,mel-gibson,Mel Gibson
15853,mel-johnson-jr,Mel Johnson Jr.
15854,mel-lambert,Mel Lambert
15855,mel-ray-3,Mel Ray
15856,mel-shaw,Mel Shaw
15857,mel-smith,Mel Smith
15858,mel-stuart,Mel Stuart
15859,mela-murder,Mela Murder
15860,melanie-booth,Melanie Booth
15861,melanie-griffith,Melanie Griffith
15862,melanie-kilburn,Melanie Kilburn
15863,melanie-lynskey,Melanie Lynskey
15864,melanie-merkosky,Melanie Merkosky
15865,melanie-seacat,Melanie Seacat
15866,melanie-thierry,Mélanie Thierry
15867,melchior-lengyel,Melchior Lengyel
15868,melchiorre-pala,Melchiorre Pala
15869,melchor-lopez,Melchor López
15870,melinda-culea,Melinda Culea
15871,melinda-dillon,Melinda Dillon
15872,melinda-mcgraw,Melinda McGraw
15873,melinda-renna,Melinda Renna
15874,melisa-sozen,Melisa Sözen
15875,melissa-benoist,Melissa Benoist
15876,melissa-desormeaux-poulin,Mélissa Désormeaux-Poulin
15877,melissa-duenas-2,Melissa Dueñas
15878,melissa-george,Melissa George
15879,melissa-hanna,Melissa Hanna
15880,melissa-hellman,Melissa Hellman
15881,melissa-jaffer,Melissa Jaffer
15882,melissa-leo,Melissa Leo
15883,melissa-malin,Melissa Malin
15884,melissa-manchester,Melissa Manchester
15885,melissa-mathison,Melissa Mathison
15886,melissa-mccarthy,Melissa McCarthy
15887,melissa-muller,Melissa Müller
15888,melissa-peterman,Melissa Peterman
15889,melissa-prophet,Melissa Prophet
15890,melita-jurisic,Melita Jurisic
15891,melody-2,Melody
15892,melora-walters,Melora Walters
15893,melvil-poupaud,Melvil Poupaud
15894,melville-cooper,Melville Cooper
15895,melvin-belli,Melvin Belli
15896,melvin-ray,Melvin Ray
15897,memmo-carotenuto,Memmo Carotenuto
15898,memo-vera,Memo Vera
15899,mena-suvari,Mena Suvari
15900,menashe-noy,Menashe Noy
15901,mendy-cahan,Mendy Cahan
15902,meneka-das,Meneka Das
15903,meng-chin-adriene-lin,Meng-chin 'Adriene' Lin
15904,meng-lo,Meng Lo
15905,mengjun-ou,Mengjun Ou
15906,mengyue-bolen,Mengyue Bolen
15907,menno-meyjes,Menno Meyjes
15908,merab-ninidze,Merab Ninidze
15909,mercedes-cabral,Mercedes Cabral
15910,mercedes-hall,Mercedes Hall
15911,mercedes-hernandez,Mercedes Hernández
15912,mercedes-moran,Mercedes Morán
15913,mercedes-ruehl,Mercedes Ruehl
15914,mere-boynton,Mere Boynton
15915,meredith-braun,Meredith Braun
15916,meredith-jeta-donovan,Meredith 'Jeta' Donovan
15917,meredith-wells,Meredith Wells
15918,meret-becker,Meret Becker
15919,merian-c-cooper,Merian C. Cooper
15920,merija-uriana,Merija Uriana
15921,merila-zarei,Merila Zare'i
15922,merle-redwing,Merle Redwing
15923,merle-tottenham,Merle Tottenham
15924,merle-travis,Merle Travis
15925,merna-kennedy,Merna Kennedy
15926,merrill-connally,Merrill Connally
15927,merrill-de-maris,Merrill De Maris
15928,merrill-reed-weiner,Merrill Reed Weiner
15929,merritt-butrick,Merritt Butrick
15930,merritt-wever,Merritt Wever
15931,merve-dizdar,Merve Dizdar
15932,mervyn-silverman,Mervyn Silverman
15933,meryl-streep,Meryl Streep
15934,mesfin-lamengo,Mesfin Lamengo
15935,messi,Messi
15936,method-man,Method Man
15937,mette-berggreen,Mette Berggreen
15938,mex-schlupfer,Mex Schlüpfer
15939,mhamed-arezki,Mhamed Arezki
15940,mi-mi-lee,Mi Mi Lee
15941,mi-seon-jeon,Mi-seon Jeon
15942,mi-so-park,Mi-so Park
15943,mia-dillon,Mia Dillon
15944,mia-farrow,Mia Farrow
15945,mia-goth,Mia Goth
15946,mia-hansen-love,Mia Hansen-Løve
15947,mia-maestro,Mía Maestro
15948,mia-snellman,Mia Snellman
15949,mia-soteriou,Mia Soteriou
15950,mia-wasikowska,Mia Wasikowska
15951,mia-weinberg,Mia Weinberg
15952,miah-velasquez,Miah Velasquez
15953,miao-xie,Miao Xie
15954,miaomiao-he,Miaomiao He
15955,micaela-minelli,Micaela Minelli
15956,micah-bloomberg,Micah Bloomberg
15957,micah-howard,Micah Howard
15958,micha-hulshof,Micha Hulshof
15959,michael-a-lake,Michael A. Lake
15960,michael-aldridge,Michael Aldridge
15961,michael-alexander-jackson,Michael Alexander Jackson
15962,michael-alldredge,Michael Alldredge
15963,michael-allin,Michael Allin
15964,michael-angarano,Michael Angarano
15965,michael-apted,Michael Apted
15966,michael-arden,Michael Arden
15967,michael-arndt,Michael Arndt
15968,michael-aronov,Michael Aronov
15969,michael-aspel,Michael Aspel
15970,michael-august,Michael August
15971,michael-b-jordan,Michael B. Jordan
15972,michael-bacall,Michael Bacall
15973,michael-badalucco,Michael Badalucco
15974,michael-barbieri,Michael Barbieri
15975,michael-bates,Michael Bates
15976,michael-batten,Michael Batten
15977,michael-bay,Michael Bay
15978,michael-beach,Michael Beach
15979,michael-bearden,Michael Bearden
15980,michael-beck,Michael Beck
15981,michael-been,Michael Been
15982,michael-bell,Michael Bell
15983,michael-belson,Michael Belson
15984,michael-bentt,Michael Bentt
15985,michael-berg-2,Michael Berg
15986,michael-bernhardt-3,Michael Bernhardt
15987,michael-berry-jr,Michael Berry Jr.
15988,michael-berryman,Michael Berryman
15989,michael-biehn,Michael Biehn
15990,michael-bird-3,Michael Bird
15991,michael-blake,Michael Blake
15992,michael-bodie,Michael Bodie
15993,michael-bollner,Michael Bollner
15994,michael-bond-2,Michael Bond
15995,michael-borne-2,Michael Borne
15996,michael-bowen,Michael Bowen
15997,michael-boza,Michael Boza
15998,michael-brandt,Michael Brandt
15999,michael-breitenberger,Michael Breitenberger
16000,michael-bryant,Michael Bryant
16001,michael-budd,Michael Budd
16002,michael-byrne,Michael Byrne
16003,michael-c-maronna,Michael C. Maronna
16004,michael-caine,Michael Caine
16005,michael-caldwell-5,Michael Caldwell
16006,michael-campbell-12,Michael Campbell
16007,michael-carter,Michael Carter
16008,michael-cassidy,Michael Cassidy
16009,michael-cera,Michael Cera
16010,michael-chabon,Michael Chabon
16011,michael-champion,Michael Champion
16012,michael-chance,Michael Chance
16013,michael-chapin,Michael Chapin
16014,michael-chapman,Michael Chapman
16015,michael-chow,Michael Chow
16016,michael-cimino,Michael Cimino
16017,michael-clarke-duncan,Michael Clarke Duncan
16018,michael-colleary,Michael Colleary
16019,michael-compotaro,Michael Compotaro
16020,michael-connelly,Michael Connelly
16021,michael-conner-humphreys,Michael Conner Humphreys
16022,michael-constantine,Michael Constantine
16023,michael-cooke,Michael Cooke
16024,michael-copeman,Michael Copeman
16025,michael-corcoran-2,Michael Corcoran
16026,michael-corcoran-3,Michael Corcoran
16027,michael-cotterill,Michael Cotterill
16028,michael-countryman,Michael Countryman
16029,michael-cox-5,Michael Cox
16030,michael-crichton,Michael Crichton
16031,michael-culkin,Michael Culkin
16032,michael-culver,Michael Culver
16033,michael-cumpsty,Michael Cumpsty
16034,michael-curtiz,Michael Curtiz
16035,michael-cyril-creighton,Michael Cyril Creighton
16036,michael-d-roberts,Michael D. Roberts
16037,michael-daly-hawkins,Michael Daly Hawkins
16038,michael-darrell-2,Michael Darrell
16039,michael-davis-6,Michael Davis
16040,michael-deluise,Michael DeLuise
16041,michael-dingo,Michael Dingo
16042,michael-dixon-2,Michael Dixon
16043,michael-doman,Michael Doman
16044,michael-dorn,Michael Dorn
16045,michael-dougherty,Michael Dougherty
16046,michael-douglas,Michael Douglas
16047,michael-doven,Michael Doven
16048,michael-draper,Michael Draper
16049,michael-dudok-de-wit,Michael Dudok de Wit
16050,michael-dugan,Michael Dugan
16051,michael-earl-reid,Michael Earl Reid
16052,michael-edols,Michael Edols
16053,michael-edward-stevens,Michael Edward-Stevens
16054,michael-edwards,Michael Edwards
16055,michael-egerman,Michael Egerman
16056,michael-elphick,Michael Elphick
16057,michael-elsworth,Michael Elsworth
16058,michael-emerson,Michael Emerson
16059,michael-ensign,Michael Ensign
16060,michael-epp,Michael Epp
16061,michael-fallon,Michael Fallon
16062,michael-fassbender,Michael Fassbender
16063,michael-flessas,Michael Flessas
16064,michael-forest,Michael Forest
16065,michael-france,Michael France
16066,michael-galasso-2,Michael Galasso
16067,michael-gambon,Michael Gambon
16068,michael-gaston,Michael Gaston
16069,michael-gates-2,Michael Gates
16070,michael-genevie,Michael Genevie
16071,michael-gilden,Michael Gilden
16072,michael-goldenberg,Michael Goldenberg
16073,michael-gough,Michael Gough
16074,michael-grais,Michael Grais
16075,michael-gregory,Michael Gregory
16076,michael-h-weber,Michael H. Weber
16077,michael-hadlow,Michael Hadlow
16078,michael-haigney,Michael Haigney
16079,michael-halton,Michael Halton
16080,michael-haneke,Michael Haneke
16081,michael-haney-2,Michael Haney
16082,michael-harney,Michael Harney
16083,michael-haughey,Michael Haughey
16084,michael-herr,Michael Herr
16085,michael-higgins,Michael Higgins
16086,michael-hilow,Michael Hilow
16087,michael-hirst,Michael Hirst
16088,michael-hitchcock,Michael Hitchcock
16089,michael-hogan,Michael Hogan
16090,michael-hogben,Michael Hogben
16091,michael-hordern,Michael Hordern
16092,michael-horse,Michael Horse
16093,michael-horton-2,Michael Horton
16094,michael-huff,Michael Huff
16095,michael-illiff,Michael Illiff
16096,michael-irby,Michael Irby
16097,michael-ironside,Michael Ironside
16098,michael-j-anderson,Michael J. Anderson
16099,michael-j-burg,Michael J. Burg
16100,michael-j-fox,Michael J. Fox
16101,michael-j-pollard,Michael J. Pollard
16102,michael-j-prosser,Michael J. Prosser
16103,michael-j-wilson-2,Michael J. Wilson
16104,michael-jackson,Michael Jackson
16105,michael-jeter,Michael Jeter
16106,michael-john-cole,Michael John Cole
16107,michael-joseph-thomas-ward,Michael Joseph Thomas Ward
16108,michael-kaycheck,Michael Kaycheck
16109,michael-keaton,Michael Keaton
16110,michael-kelly-4,Michael Kelly
16111,michael-kenneth-williams,Michael Kenneth Williams
16112,michael-kitchen,Michael Kitchen
16113,michael-knowles,Michael Knowles
16114,michael-kopelow,Michael Kopelow
16115,michael-kozoll,Michael Kozoll
16116,michael-laguardia,Michael LaGuardia
16117,michael-lambourne,Michael Lambourne
16118,michael-laskin,Michael Laskin
16119,michael-lee-gogin,Michael Lee Gogin
16120,michael-lehmann,Michael Lehmann
16121,michael-leon-wooley,Michael-Leon Wooley
16122,michael-lerner,Michael Lerner
16123,michael-lewis-5,Michael Lewis
16124,michael-li,Michael Li
16125,michael-logan,Michael Logan
16126,michael-lonsdale,Michael Lonsdale
16127,michael-lord,Michael Lord
16128,michael-madsen,Michael Madsen
16129,michael-maertens,Michael Maertens
16130,michael-maloney,Michael Maloney
16131,michael-mann,Michael Mann
16132,michael-mantell,Michael Mantell
16133,michael-massee,Michael Massee
16134,michael-mcdowell,Michael McDowell
16135,michael-mckean,Michael McKean
16136,michael-mcmanus,Michael McManus
16137,michael-mcshane,Michael McShane
16138,michael-mellinger,Michael Mellinger
16139,michael-mendl,Michael Mendl
16140,michael-mike-jones,Michael 'Mike' Jones
16141,michael-milhoan,Michael Milhoan
16142,michael-miner,Michael Miner
16143,michael-moore,Michael Moore
16144,michael-moriarty,Michael Moriarty
16145,michael-moshonov,Michael Moshonov
16146,michael-mouton,Michael Mouton
16147,michael-murphy,Michael Murphy
16148,michael-nirenberg,Michael Nirenberg
16149,michael-nyqvist,Michael Nyqvist
16150,michael-odonoghue,Michael O'Donoghue
16151,michael-ondaatje,Michael Ondaatje
16152,michael-oneill,Michael O'Neill
16153,michael-ontkean,Michael Ontkean
16154,michael-p-moran,Michael P. Moran
16155,michael-palin,Michael Palin
16156,michael-papajohn,Michael Papajohn
16157,michael-pare,Michael Paré
16158,michael-parker,Michael Parker
16159,michael-parks,Michael Parks
16160,michael-pataki,Michael Pataki
16161,michael-patric,Michael Patric
16162,michael-paul-chan,Michael Paul Chan
16163,michael-pena,Michael Peña
16164,michael-pennington,Michael Pennington
16165,michael-percival-2,Michael Percival
16166,michael-pitt-2,Michael Pitt
16167,michael-polley,Michael Polley
16168,michael-potts,Michael Potts
16169,michael-powell,Michael Powell
16170,michael-preston,Michael Preston
16171,michael-rapaport,Michael Rapaport
16172,michael-raysses,Michael Raysses
16173,michael-reaves,Michael Reaves
16174,michael-redgrave,Michael Redgrave
16175,michael-rees-davis,Michael Rees Davis
16176,michael-richards,Michael Richards
16177,michael-rispoli,Michael Rispoli
16178,michael-ritchie,Michael Ritchie
16179,michael-robert-johnson,Michael Robert Johnson
16180,michael-rooker,Michael Rooker
16181,michael-rosner,Michael Rosner
16182,michael-ryan-2,Michael Ryan
16183,michael-s-siegel,Michael S. Siegel
16184,michael-sandridge,Michael Sandridge
16185,michael-santoro,Michael Santoro
16186,michael-sargent,Michael Sargent
16187,michael-saucedo,Michael Saucedo
16188,michael-schiffer,Michael Schiffer
16189,michael-schneider,Michael Schneider
16190,michael-schottenberg,Michael Schottenberg
16191,michael-shamus-wiles,Michael Shamus Wiles
16192,michael-shannon-4,Michael Shannon
16193,michael-sheard,Michael Sheard
16194,michael-sheen,Michael Sheen
16195,michael-showalter,Michael Showalter
16196,michael-siberry,Michael Siberry
16197,michael-simpson-2,Michael Simpson
16198,michael-socha,Michael Socha
16199,michael-soltis,Michael Soltis
16200,michael-sottile,Michael Sottile
16201,michael-spears,Michael Spears
16202,michael-starke,Michael Starke
16203,michael-stein,Michael Stein
16204,michael-strong,Michael Strong
16205,michael-stuhlbarg,Michael Stuhlbarg
16206,michael-surrey,Michael Surrey
16207,michael-sutter-2,Michael Sutter
16208,michael-talbott,Michael Talbott
16209,michael-tannenbaum,Michael Tannenbaum
16210,michael-tezla,Michael Tezla
16211,michael-thurmeier,Michael Thurmeier
16212,michael-tolkin,Michael Tolkin
16213,michael-toy,Michael Toy
16214,michael-tripp,Michael Tripp
16215,michael-trubshawe,Michael Trubshawe
16216,michael-tucci,Michael Tucci
16217,michael-turney,Michael Turney
16218,michael-v-gazzo,Michael V. Gazzo
16219,michael-valamios,Michael Valamios
16220,michael-vartan,Michael Vartan
16221,michael-vogbe,Michael Vogbe
16222,michael-wadleigh,Michael Wadleigh
16223,michael-wardle,Michael Wardle
16224,michael-warner-2,Michael Warner
16225,michael-warshaviak,Michael Warshaviak
16226,michael-warwick,Michael Warwick
16227,michael-wenninger,Michael Wenninger
16228,michael-weston,Michael Weston
16229,michael-wilson,Michael Wilson
16230,michael-wincott,Michael Wincott
16231,michael-winslow,Michael Winslow
16232,michael-winterbottom,Michael Winterbottom
16233,michael-wittenborn,Michael Wittenborn
16234,michael-yama,Michael Yama
16235,michael-yebba,Michael Yebba
16236,michael-york,Michael York
16237,michaela-brooks,Michaela Brooks
16238,michaela-conlin,Michaela Conlin
16239,michaelia-carroll,Michaelia Carroll
16240,michal-zebrowski,Michal Zebrowski
16241,michal-zielinski,Michal Zielinski
16242,michalis-koutsogiannakis,Michalis Koutsogiannakis
16243,micheal-kenney,Micheal Kenney
16244,micheal-ward,Micheal Ward
16245,michel-auclair,Michel Auclair
16246,michel-benoist,Michel Benoist
16247,michel-berto,Michel Berto
16248,michel-biel,Michel Biel
16249,michel-boisrond,Michel Boisrond
16250,michel-cordes,Michel Cordes
16251,michel-debord,Michel Debord
16252,michel-delahaye,Michel Delahaye
16253,michel-deville,Michel Deville
16254,michel-etcheverry,Michel Etcheverry
16255,michel-fabre,Michel Fabre
16256,michel-fessler,Michel Fessler
16257,michel-flash,Michel Flash
16258,michel-gaztambide,Michel Gaztambide
16259,michel-gomes,Michel Gomes
16260,michel-gondry,Michel Gondry
16261,michel-hazanavicius,Michel Hazanavicius
16262,michel-israel,Michel Israël
16263,michel-jourdan,Michel Jourdan
16264,michel-legrand,Michel Legrand
16265,michel-lisowski,Michel Lisowski
16266,michel-mok,Michel Mok
16267,michel-patrician,Michel Patrician
16268,michel-philippe,Michel Philippe
16269,michel-piccoli,Michel Piccoli
16270,michel-ray,Michel Ray
16271,michel-robin,Michel Robin
16272,michel-simon,Michel Simon
16273,michel-subor,Michel Subor
16274,michel-troisgros,Michel Troisgros
16275,michel-varesano,Michel Varesano
16276,michel-vuillermoz,Michel Vuillermoz
16277,michela-cescon,Michela Cescon
16278,michelan-sisti,Michelan Sisti
16279,michelangelo-antonioni,Michelangelo Antonioni
16280,michele-austin,Michele Austin
16281,michele-bailly,Michèle Bailly
16282,michele-brabo,Michèle Brabo
16283,michele-carey,Michele Carey
16284,michele-caucheteux,Michèle Caucheteux
16285,michele-clement,Michèle Clément
16286,michele-little,Michele Little
16287,michele-melega,Michele Melega
16288,michele-moretti,Michèle Moretti
16289,michele-morgan,Michèle Morgan
16290,michele-seghers,Michèle Seghers
16291,michele-shay,Michele Shay
16292,michele-valley,Michele Valley
16293,micheline-ayinon,Micheline Ayinon
16294,micheline-bona,Micheline Bona
16295,micheline-rolla,Micheline Rolla
16296,michelle-abercromby,Michelle Abercromby
16297,michelle-baer-ghaffari,Michelle Baer Ghaffari
16298,michelle-benes,Michelle Benes
16299,michelle-christine-white,Michelle Christine White
16300,michelle-clunie,Michelle Clunie
16301,michelle-coulter,Michelle Coulter
16302,michelle-fairley,Michelle Fairley
16303,michelle-finch,Michelle Finch
16304,michelle-forbes,Michelle Forbes
16305,michelle-greenidge,Michelle Greenidge
16306,michelle-gunn,Michelle Gunn
16307,michelle-mccree,Michelle McCree
16308,michelle-menendez,Michelle Menéndez
16309,michelle-monaghan,Michelle Monaghan
16310,michelle-pfeiffer,Michelle Pfeiffer
16311,michelle-reis,Michelle Reis
16312,michelle-ryan,Michelle Ryan
16313,michelle-suzanne-ledoux,Michelle Suzanne LeDoux
16314,michelle-thrush,Michelle Thrush
16315,michelle-weeks,Michelle Weeks
16316,michelle-williams,Michelle Williams
16317,michelle-ye,Michelle Ye
16318,michelle-yeoh,Michelle Yeoh
16319,michie-kakimaru,Michi'e Kakimaru
16320,michie-terada,Michie Terada
16321,michiel-huisman,Michiel Huisman
16322,michiko-otsuka,Michiko Ôtsuka
16323,michiko-yamamoto-2,Michiko Yamamoto
16324,michio-denpo,Michio Denpô
16325,michiyo-tamaki,Michiyo Tamaki
16326,mick-jagger,Mick Jagger
16327,mick-rose,Mick Rose
16328,mick-taylor,Mick Taylor
16329,mickael-dumoussaud,Mickaël Dumoussaud
16330,mickael-rakovski,Mickael Rakovski
16331,mickey-baker,Mickey Baker
16332,mickey-cantwell,Mickey Cantwell
16333,mickey-caruso,Mickey Caruso
16334,mickey-cottrell,Mickey Cottrell
16335,mickey-crocker,Mickey Crocker
16336,mickey-dee,Mickey Dee
16337,mickey-jones,Mickey Jones
16338,mickey-knox,Mickey Knox
16339,mickey-kuhn,Mickey Kuhn
16340,mickey-maga,Mickey Maga
16341,mickey-ohagan,Mickey O'Hagan
16342,mickey-rooney,Mickey Rooney
16343,mickey-rourke,Mickey Rourke
16344,mickey-shaughnessy,Mickey Shaughnessy
16345,mickey-sumner,Mickey Sumner
16346,mickey-yablans,Mickey Yablans
16347,mickie-mcgowan,Mickie McGowan
16348,micky,Micky
16349,midori-2,Midori
16350,midori-kiuchi,Midori Kiuchi
16351,miek-coccia,Miek Coccia
16352,mieko-harada,Mieko Harada
16353,mieko-nobusawa,Mieko Nobusawa
16354,miglen-mirtchev,Miglen Mirtchev
16355,miguel-almodovar,Miguel Almodóvar
16356,miguel-angelo-marujo,Miguel Ângelo Marujo
16357,miguel-de-echarri,Miguel de Echarri
16358,miguel-ferrer,Miguel Ferrer
16359,miguel-lawner,Miguel Lawner
16360,miguel-nino,Miguel Nino
16361,miguel-ortiz,Miguel Ortiz
16362,miguel-rivera-4,Miguel Rivera
16363,miguel-sandoval,Miguel Sandoval
16364,miguel-viera,Miguel Viera
16365,mihai-alexandre-tudose,Mihai Alexandre Tudose
16366,mihai-bratila,Mihai Bratila
16367,mihai-manolache,Mihai Manolache
16368,mihai-ursu,Mihai Ursu
16369,mihaly-kormos,Mihály Kormos
16370,mik-scriba,Mik Scriba
16371,mika-doi,Mika Doi
16372,mika-nikander,Mika Nikander
16373,mika-sekita,Mika Sekita
16374,mikael-erhardsson,Mikael Erhardsson
16375,mikael-persbrandt,Mikael Persbrandt
16376,mikael-rahm,Mikael Rahm
16377,mike-anderson-25,Mike Anderson
16378,mike-bissell,Mike Bissell
16379,mike-bradley-3,Mike Bradley
16380,mike-butters,Mike Butters
16381,mike-clarke,Mike Clarke
16382,mike-collins,Mike Collins
16383,mike-colter,Mike Colter
16384,mike-dawson,Mike Dawson
16385,mike-dirnt,Mike Dirnt
16386,mike-douglas,Mike Douglas
16387,mike-doyle,Mike Doyle
16388,mike-edmonds,Mike Edmonds
16389,mike-edwards-3,Mike Edwards
16390,mike-elliot,Mike Elliot
16391,mike-epps,Mike Epps
16392,mike-epstein,Mike Epstein
16393,mike-faist,Mike Faist
16394,mike-fallin,Mike Fallin
16395,mike-fearnley,Mike Fearnley
16396,mike-feinberg,Mike Feinberg
16397,mike-figgis,Mike Figgis
16398,mike-foreman,Mike Foreman
16399,mike-francesa,Mike Francesa
16400,mike-g,Mike G.
16401,mike-hagerty,Mike Hagerty
16402,mike-hartman,Mike Hartman
16403,mike-howard-3,Mike Howard
16404,mike-iveson,Mike Iveson
16405,mike-jacki,Mike Jacki
16406,mike-johnson-2,Mike Johnson
16407,mike-johnson-6,Mike Johnson
16408,mike-judge,Mike Judge
16409,mike-kobetitsch,Mike Kobetitsch
16410,mike-lamont-2,Mike Lamont
16411,mike-leigh,Mike Leigh
16412,mike-lewis-8,Mike Lewis
16413,mike-lisenco,Mike Lisenco
16414,mike-lopez-3,Mike Lopez
16415,mike-lovell,Mike Lovell
16416,mike-mazurki,Mike Mazurki
16417,mike-mcallister-2,Mike McAllister
16418,mike-mitchell-2,Mike Mitchell
16419,mike-myers,Mike Myers
16420,mike-nichols,Mike Nichols
16421,mike-nussbaum,Mike Nussbaum
16422,mike-pniewski,Mike Pniewski
16423,mike-pratt,Mike Pratt
16424,mike-quinn,Mike Quinn
16425,mike-quinn-3,Mike Quinn
16426,mike-reiss,Mike Reiss
16427,mike-roukis,Mike Roukis
16428,mike-scully,Mike Scully
16429,mike-seelig,Mike Seelig
16430,mike-smith-2,Mike Smith
16431,mike-smith-rivera,Mike Smith Rivera
16432,mike-starr,Mike Starr
16433,mike-sullivan-16,Mike Sullivan
16434,mike-tyson,Mike Tyson
16435,mike-vogel,Mike Vogel
16436,mike-walker-8,Mike Walker
16437,mike-watson,Mike Watson
16438,mike-werb,Mike Werb
16439,mike-white,Mike White
16440,mikenzie-taylor,Mikenzie Taylor
16441,mikey-collins,Mikey Collins
16442,mikey-madison,Mikey Madison
16443,mikhail-belinson,Mikhail Belinson
16444,mikhail-gomorov,Mikhail Gomorov
16445,mikhail-kalatozov,Mikhail Kalatozov
16446,mikhail-kaufman,Mikhail Kaufman
16447,mikhail-piotrovsky,Mikhail Piotrovsky
16448,miki-imai,Miki Imai
16449,miki-leon,Miki Leon
16450,miki-nagasawa,Miki Nagasawa
16451,miki-odagiri,Miki Odagiri
16452,miki-yoshida-3,Miki Yoshida
16453,mikkel-gaup,Mikkel Gaup
16454,mikko-mykkanen,Mikko Mykkänen
16455,miklos-laszlo,Miklós László
16456,miko-hughes,Miko Hughes
16457,miku-kuga,Miku Kuga
16458,mila-bogojevic,Mila Bogojevic
16459,mila-espiga,Mila Espiga
16460,mila-kunis,Mila Kunis
16461,mila-parely,Mila Parély
16462,milad-bagherifard,Milad Bagherifard
16463,milad-eskandari,Milad Eskandari
16464,milan-demjanenko,Milan Demjanenko
16465,milanni-mines,Milanni Mines
16466,mildred-boyd,Mildred Boyd
16467,mildred-cram,Mildred Cram
16468,mildred-jones-2,Mildred Jones
16469,mildred-natwick,Mildred Natwick
16470,mildred-williams-2,Mildred Williams
16471,milena-smit,Milena Smit
16472,milena-vukotic,Milena Vukotic
16473,miles-anderson,Miles Anderson
16474,miles-chapin,Miles Chapin
16475,miles-davis,Miles Davis
16476,miles-faber,Miles Faber
16477,miles-hodges,Miles Hodges
16478,miles-jupp,Miles Jupp
16479,miles-mander,Miles Mander
16480,miles-millar,Miles Millar
16481,miles-purinton,Miles Purinton
16482,miles-teller,Miles Teller
16483,mili-avital,Mili Avital
16484,mili-okada,Mili Okada
16485,milisa-sierra,Milisa Sierra
16486,milla-jovovich,Milla Jovovich
16487,millard-mitchell,Millard Mitchell
16488,millford-fortenberry,Millford Fortenberry
16489,millicent-fenwick,Millicent Fenwick
16490,milly,Milly
16491,milly-shapiro,Milly Shapiro
16492,milo-machado-graner,Milo Machado Graner
16493,milo-ventimiglia,Milo Ventimiglia
16494,milos-forman,Milos Forman
16495,milovan-vecerina-cico,Milovan Vecerina Cico
16496,milt-banta,Milt Banta
16497,milt-kogan,Milt Kogan
16498,milton-berle,Milton Berle
16499,milton-buras,Milton Buras
16500,milton-craig-nealy,Milton Craig Nealy
16501,milton-seaman,Milton Seaman
16502,milton-welsh,Milton Welsh
16503,milvia-chianelli,Milvia Chianelli
16504,mily,Mily
16505,mimi-branescu,Mimi Branescu
16506,mimi-chu,Mimi Chu
16507,mimi-craven,Mimi Craven
16508,mimi-gibson,Mimi Gibson
16509,mimi-kennedy,Mimi Kennedy
16510,mimi-weddell,Mimi Weddell
16511,min-bok-gi,Min Bok-gi
16512,min-hun-fung,Min-Hun Fung
16513,min-kyung-jin,Min Kyung-jin
16514,min-liu-2,Min Liu
16515,min-suk-kim-2,Min-suk Kim
16516,min-yeong-ahn,Min-Yeong Ahn
16517,min-young-song-2,Min-Young Song
16518,mina-e-mina,Mina E. Mina
16519,mina-kavani,Mina Kavani
16520,mina-khosrovani,Mina Khosrovani
16521,mina-sadati,Mina Sadati
16522,mina-tominaga,Mîna Tominaga
16523,minami-takayama,Minami Takayama
16524,mindy-kaling,Mindy Kaling
16525,ming-dow,Ming-Dow
16526,ming-liang-tsai,Ming-liang Tsai
16527,ming-lo,Ming Lo
16528,ming-ming-zhang,Ming Ming Zhang
16529,ming-na-wen,Ming-Na Wen
16530,mingxing-tao,Mingxing Tao
16531,minka-kelly,Minka Kelly
16532,minna-gombell,Minna Gombell
16533,minnie-2,Minnie
16534,minnie-driver,Minnie Driver
16535,mino-doro,Mino Doro
16536,minor-watson,Minor Watson
16537,minori-terada,Minori Terada
16538,minoru-chiaki,Minoru Chiaki
16539,minoru-hirano,Minoru Hirano
16540,minoru-matsumoto,Minoru Matsumoto
16541,minoru-yada,Minoru Yada
16542,minosuke-yamada,Minosuke Yamada
16543,miquel-bordoy,Miquel Bordoy
16544,mira-barkhammar,Mira Barkhammar
16545,mira-grosin,Mira Grosin
16546,mira-mckinney,Mira McKinney
16547,mira-sorvino,Mira Sorvino
16548,mirai-uchida,Mirai Uchida
16549,miraj-grbic,Miraj Grbic
16550,miranda-bailey,Miranda Bailey
16551,miranda-bell,Miranda Bell
16552,miranda-cosgrove,Miranda Cosgrove
16553,miranda-mcgee,Miranda McGee
16554,miranda-raison,Miranda Raison
16555,miranda-richardson,Miranda Richardson
16556,mireia-renau,Mireia Renau
16557,mireille-bailly,Mireille Bailly
16558,mireille-balin,Mireille Balin
16559,mireille-henrio,Mireille Henrio
16560,mireille-mosse,Mireille Mossé
16561,mireille-perrey,Mireille Perrey
16562,mirela-cioaba,Mirela Cioaba
16563,mirela-neag,Mirela Neag
16564,miri-fabian,Miri Fabian
16565,miriam-berge,Miriam Berge
16566,miriam-colon,Miriam Colon
16567,miriam-cooper,Miriam Cooper
16568,miriam-flynn,Miriam Flynn
16569,miriam-hopkins,Miriam Hopkins
16570,miriam-karlin,Miriam Karlin
16571,miriam-margolyes,Miriam Margolyes
16572,miriam-newhouse,Miriam Newhouse
16573,miriam-shor,Miriam Shor
16574,mirian-kader,Mirian Kader
16575,miroslaw-baka,Miroslaw Baka
16576,mirrah-foulkes,Mirrah Foulkes
16577,misa-uehara,Misa Uehara
16578,misayo-haruki,Misayo Haruki
16579,mischa-barton,Mischa Barton
16580,mischa-hausserman,Mischa Hausserman
16581,misery-the-pig,Misery the Pig
16582,misha-gabriel-hamilton,Misha Gabriel Hamilton
16583,misha-van-der-werf,Misha van der Werf
16584,mishal-husain,Mishal Husain
16585,missi-pyle,Missi Pyle
16586,missy-cleveland,Missy Cleveland
16587,missy-crutchfield,Missy Crutchfield
16588,missy-doty,Missy Doty
16589,missy-yager,Missy Yager
16590,mister-mackey-jr,Mister Mackey Jr.
16591,mitch-cantor,Mitch Cantor
16592,mitch-markowitz,Mitch Markowitz
16593,mitch-pileggi,Mitch Pileggi
16594,mitch-winehouse,Mitch Winehouse
16595,mitchell-butel,Mitchell Butel
16596,mitchell-falk,Mitchell Falk
16597,mitchell-lewis,Mitchell Lewis
16598,mitchell-ryan,Mitchell Ryan
16599,mitchell-verigin,Mitchell Verigin
16600,mitchell-whitfield,Mitchell Whitfield
16601,mithu-gayek,Mithu Gayek
16602,miti-jittamaat,Miti Jittamaat
16603,mitja-tuurala,Mitja Tuurala
16604,mitra-jouhari,Mitra Jouhari
16605,mitsuhiro-mori,Mitsuhiro Môri
16606,mitsuko-baisho,Mitsuko Baishô
16607,mitsuko-forstater,Mitsuko Forstater
16608,mitsuko-ishida,Mitsuko Ishida
16609,mitsuko-mori,Mitsuko Mori
16610,mitsunori-isaki,Mitsunori Isaki
16611,mitsuo-iwata,Mitsuo Iwata
16612,mitsuru-miyamoto,Mitsuru Miyamoto
16613,mitsuru-ogata,Mitsuru Ogata
16614,mitsuyo-hoshino,Mitsuyo Hoshino
16615,mittie-lawrence,Mittie Lawrence
16616,mittie-smith,Mittie Smith
16617,mitzi-mccall,Mitzi McCall
16618,miya-mcghee,Miya McGhee
16619,miyako-hattori,Miyako Hattori
16620,miyako-yamaguchi,Miyako Yamaguchi
16621,miyoko-shoji,Miyoko Shôji
16622,miyu-irino,Miyu Irino
16623,miyu-sasaki,Miyu Sasaki
16624,miyuki-kuwano,Miyuki Kuwano
16625,modibo-sangare,Modibo Sangaré
16626,moeko-ezawa,Moeko Ezawa
16627,moemi-katayama,Moemi Katayama
16628,moey-hassan,Moey Hassan
16629,mogens-wieth,Mogens Wieth
16630,mohamad-ali-elyasmehr,Mohamad Ali Elyasmehr
16631,mohamad-almusari,Mohamad Almusari
16632,mohamad-ramezani-pour,Mohamad Ramezani Pour
16633,mohamed-akhzam,Mohamed Akhzam
16634,mohamed-badrsalem,Mohamed Badrsalem
16635,mohamed-ben-kassen,Mohamed Ben Kassen
16636,mohamed-makhtoumi,Mohamed Makhtoumi
16637,mohammad-ali-barrati,Mohammad Ali Barrati
16638,mohammad-amiri,Mohammad Amiri
16639,mohammad-asarian,Mohammad Asarian
16640,mohammad-ebrahimian,Mohammad Ebrahimian
16641,mohammad-hassan-madjooni,Mohammad Hassan Madjooni
16642,mohammad-kheir-abadi,Mohammad Kheir-abadi
16643,mohammad-rasoulof,Mohammad Rasoulof
16644,mohammad-saud,Mohammad Saud
16645,mohammad-shamsi,Mohammad Shamsi
16646,mohammadhasan-asghari,Mohammadhasan Asghari
16647,mohammed-afifi,Mohammed Afifi
16648,mohammed-moktar-azad,Mohammed Moktar Azad
16649,mohammed-reza-gharebaghi,Mohammed-Reza Gharebaghi
16650,mohsen-makhmalbaf,Mohsen Makhmalbaf
16651,mohsen-maleki,Mohsen Maleki
16652,mohsen-tabandeh,Mohsen Tabandeh
16653,mohsen-tanabandeh,Mohsen Tanabandeh
16654,moira-claux,Moira Claux
16655,moira-kelly,Moira Kelly
16656,moira-sinise,Moira Sinise
16657,moises-l-tovar,Moises L. Tovar
16658,moishe-rosenfeld,Moishe Rosenfeld
16659,mojgan-faramarzi,Mojgan Faramarzi
16660,mojtaba-mirtahmasb,Mojtaba Mirtahmasb
16661,mojtaba-pirzadeh,Mojtaba Pirzadeh
16662,mollie-kent,Mollie Kent
16663,molly-barton,Molly Barton
16664,molly-bernard,Molly Bernard
16665,molly-hagan,Molly Hagan
16666,molly-kayll,Molly Kayll
16667,molly-lamont,Molly Lamont
16668,molly-mcginnis,Molly McGinnis
16669,molly-ringwald,Molly Ringwald
16670,molly-shanahan,Molly Shanahan
16671,molly-shannon,Molly Shannon
16672,momo-dione,Momo Dione
16673,momoko-kochi,Momoko Kôchi
16674,momoko-miyauchi,Momoko Miyauchi
16675,momoko-shimizu,Momoko Shimizu
16676,mona-eiris,Mona Eiris
16677,mona-fastvold,Mona Fastvold
16678,mona-freeman,Mona Freeman
16679,mona-malm,Mona Malm
16680,mona-singh,Mona Singh
16681,mona-walravens,Mona Walravens
16682,mona-washbourne,Mona Washbourne
16683,monckton-hoffe,Monckton Hoffe
16684,moni-moshonov,Moni Moshonov
16685,monia-douieb,Monia Douieb
16686,monica-barladeanu,Monica Barladeanu
16687,monica-bellucci,Monica Bellucci
16688,monica-bleibtreu,Monica Bleibtreu
16689,monica-budde,Monica Budde
16690,monica-dunford,Monica Dunford
16691,monica-evans,Monica Evans
16692,monica-merlin,Monica Merlin
16693,monica-phinney,Monica Phinney
16694,monica-potter,Monica Potter
16695,monica-purcell,Monica Purcell
16696,monica-swinn,Monica Swinn
16697,monica-viegas,Monica Viegas
16698,monika-frajczyk,Monika Frajczyk
16699,monika-meier,Monika Meier
16700,monique,Mo'Nique
16701,monique-clement,Monique Clément
16702,monique-gabriela-curnen,Monique Gabriela Curnen
16703,monique-mangeot,Monique Mangeot
16704,monique-norwood,Monique Norwood
16705,monique-spaziani,Monique Spaziani
16706,monique-stalens,Monique Stalens
16707,monir-arab,Monir Arab
16708,monoochehr-ahankhah,Monoochehr Ahankhah
16709,monsieur-andre,Monsieur André
16710,monsignor-cain,Monsignor Cain
16711,montagu-love,Montagu Love
16712,monte-blue,Monte Blue
16713,monte-hellman,Monte Hellman
16714,monte-landis,Monte Landis
16715,monte-montague-2,Monte Montague
16716,montgomery-clift,Montgomery Clift
16717,montse-oro,Montse Oró
16718,montserrat-carulla,Montserrat Carulla
16719,montserrat-maranon,Montserrat Marañon
16720,monty-cox,Monty Cox
16721,monty-muir,Monty Muir
16722,monty-stuart,Monty Stuart
16723,monya-andre,Monya Andre
16724,moo-seong-choi,Moo-Seong Choi
16725,moo-yeong-yeo,Moo-yeong Yeo
16726,moon-geun-young,Moon Geun-young
16727,moon-seung-ah,Moon Seung-ah
16728,moon-sung-keun,Moon Sung-Keun
16729,mooney,Mooney
16730,moray-treadwell,Moray Treadwell
16731,mordecai-lawner,Mordecai Lawner
16732,moreen-eason,Moreen Eason
16733,morena-baccarin,Morena Baccarin
16734,morfydd-clark,Morfydd Clark
16735,morgan-brown-3,Morgan Brown
16736,morgan-charlton,Morgan Charlton
16737,morgan-deare,Morgan Deare
16738,morgan-eastwood,Morgan Eastwood
16739,morgan-farley,Morgan Farley
16740,morgan-freeman,Morgan Freeman
16741,morgan-hunter,Morgan Hunter
16742,morgan-jurgenson,Morgan Jurgenson
16743,morgan-kelly-2,Morgan Kelly
16744,morgan-lily,Morgan Lily
16745,morgan-lund,Morgan Lund
16746,morgan-marinne,Morgan Marinne
16747,morgan-navarro,Morgan Navarro
16748,morgan-navarro-2,Morgan Navarro
16749,morgan-paull,Morgan Paull
16750,morgan-pratchett,Morgan Pratchett
16751,morgan-rusler,Morgan Rusler
16752,morgan-woodward,Morgan Woodward
16753,morgana-king,Morgana King
16754,moritz-bleibtreu,Moritz Bleibtreu
16755,moritz-grove,Moritz Grove
16756,moroni-olsen,Moroni Olsen
16757,morrie-ryskind,Morrie Ryskind
16758,morris-birdyellowhead,Morris Birdyellowhead
16759,morris-chestnut,Morris Chestnut
16760,morris-lupton,Morris Lupton
16761,morse,Morse
16762,morse-diggs,Morse Diggs
16763,mort-mills,Mort Mills
16764,mort-ransen,Mort Ransen
16765,morton-covan,Morton Covan
16766,morton-lowry,Morton Lowry
16767,morven-christie,Morven Christie
16768,mosa-kaiser,Mosa Kaiser
16769,moses-gibson,Moses Gibson
16770,moses-ingram,Moses Ingram
16771,moshe-ivgy,Moshe Ivgy
16772,moss-hart,Moss Hart
16773,moszek-tuchendler,Moszek Tuchendler
16774,motell-gyn-foster,Motell Gyn Foster
16775,motomu-kiyokawa,Motomu Kiyokawa
16776,mourad-maimuni,Mourad Maimuni
16777,moussa-sanogo,Moussa Sanogo
16778,movita,Movita
16779,moya-brady,Moya Brady
16780,mr-brainwash,Mr. Brainwash
16781,mr-lawrence,Mr. Lawrence
16782,mr-t,Mr. T
16783,mrb-chakrabandhu,M.R.B. Chakrabandhu
16784,mrs-gheirat,Mrs. Gheirat
16785,mstyslav-chernov,Mstyslav Chernov
16786,mu-yeong-lee,Mu-yeong Lee
16787,mucheng-guo,Mucheng Guo
16788,mugihito,Mugihito
16789,muhammad-al-rashi,Muhammad Al Rashi
16790,mukhtiar-bhai,Mukhtiar Bhai
16791,mukund-bhatt,Mukund Bhatt
16792,muna-shikaki,Muna Shikaki
16793,muni,Muni
16794,munir-can-cindoruk,Münir Can Cindoruk
16795,murat-cemcir,Murat Cemcir
16796,murdo-morrison-2,Murdo Morrison
16797,murdock-macquarrie,Murdock MacQuarrie
16798,muriel-bersy,Muriel Bersy
16799,muriel-hadassa-taieb,Muriel Hadassa Taieb
16800,muriel-jolliffe,Muriel Jolliffe
16801,muriel-moore,Muriel Moore
16802,murphy-dunne,Murphy Dunne
16803,murphy-guyer,Murphy Guyer
16804,murray-alper,Murray Alper
16805,murray-burnett,Murray Burnett
16806,murray-cruchley,Murray Cruchley
16807,murray-hamilton,Murray Hamilton
16808,murray-melvin,Murray Melvin
16809,murray-moston,Murray Moston
16810,murray-schisgal,Murray Schisgal
16811,musa-jackson,Musa Jackson
16812,musab-ekici,Musab Ekici
16813,mustafa-kamel,Mustafa Kamel
16814,mustafa-sam,Mustafa Sam
16815,mutabaruka,Mutabaruka
16816,mutsuko-sakura,Mutsuko Sakura
16817,mutsumi-sasaki-3,Mutsumi Sasaki
16818,muyassar-berdiqulova,Muyassar Berdiqulova
16819,muzafer-sam,Muzafer Sam
16820,mwako-cumbuka,Mwako Cumbuka
16821,my-basrun,M.Y. Basrun
16822,mya-taylor-2,Mya Taylor
16823,myanna-buring,MyAnna Buring
16824,myeong-chan-park,Myeong-chan Park
16825,myeong-yeon-jo,Myeong-Yeon Jo
16826,myk-watford,Myk Watford
16827,mykelti-williamson,Mykelti Williamson
16828,mylee-shannon,Mylee Shannon
16829,mylene-van-der-mersch,Mylène Van der Mersch
16830,myles-connolly-2,Myles Connolly
16831,myles-horgan,Myles Horgan
16832,myles-jeffrey,Myles Jeffrey
16833,myra-lucretia-taylor,Myra Lucretia Taylor
16834,myriam-emilie-francois,Myriam Emilie Francois
16835,myriem-akheddiou,Myriem Akheddiou
16836,myrna-loy,Myrna Loy
16837,myron-mccormick,Myron McCormick
16838,myung-hee-chung-lee,Myung-hee Chung Lee
16839,mzuri,Mzuri
16840,na-hong-jin,Na Hong-jin
16841,naama-preis,Naama Preis
16842,nabil-elouahabi,Nabil Elouahabi
16843,nabil-koni,Nabil Koni
16844,nabiyah-be,Nabiyah Be
16845,nablonka-durden,Na'Blonka Durden
16846,nacho-perez,Nacho Pérez
16847,nada-despotovich,Nada Despotovich
16848,nadav-lapid,Nadav Lapid
16849,nadeem-shehzad,Nadeem Shehzad
16850,nader-farman,Nader Farman
16851,nader-saeivar,Nader Saeivar
16852,nadezhda-markina,Nadezhda Markina
16853,nadia-atbib,Nadia Atbib
16854,nadia-balabine,Nadia Balabine
16855,nadia-essadiqi,Nadia Essadiqi
16856,nadia-sanders,Nadia Sanders
16857,nadia-shamroukh,Nadia Shamroukh
16858,nadia-vihoutou-kponadou,Nadia Vihoutou Kponadou
16859,nadine-ashdown,Nadine Ashdown
16860,nadine-ellis,Nadine Ellis
16861,nadine-grycan,Nadine Grycan
16862,nadine-mackinnon,Nadine MacKinnon
16863,nadir-saribacak,Nadir Saribacak
16864,nadire-irtel,Nadire Irtel
16865,nadiuska,Nadiuska
16866,nadja-regin,Nadja Regin
16867,nadya-bettioui,Nadya Bettioui
16868,nae,Nae
16869,nael-ammama,Naël Ammama
16870,nafise-ghodrati,Nafise Ghodrati
16871,nagato-suganuma,Nagato Suganuma
16872,nahuel-cano,Nahuel Cano
16873,nai-hoi-yau,Nai-Hoi Yau
16874,naima-senties,Naíma Sentíes
16875,naima-wifstrand,Naima Wifstrand
16876,naishe-zhai,Naishe Zhai
16877,najah-bradley,Najah Bradley
16878,naji-jerf,Naji Jerf
16879,najibullah-afghan,Najibullah Afghan
16880,nakajiro-tomita,Nakajirô Tomita
16881,naky-sy-savane,Naky Sy Savane
16882,nalan-kurucim,Nalan Kuruçim
16883,nam-jin-bok,Nam Jin-bok
16884,nam-jin-kim,Nam-jin Kim
16885,namaki-masakazu,Namaki Masakazu
16886,nami-uehara,Nami Uehara
16887,namrata-singh-gujral,Namrata Singh Gujral
16888,nan-goldin,Nan Goldin
16889,nan-lynn-nelson,Nan-Lynn Nelson
16890,nan-martin,Nan Martin
16891,nan-yan,Nan Yan
16892,nana-ekvtimishvili-2,Nana Ekvtimishvili
16893,nana-gyamfi,Nana Gyamfi
16894,nana-visitor,Nana Visitor
16895,nanci-dangelo,Nanci D'Angelo
16896,nancy-allen,Nancy Allen
16897,nancy-cartwright,Nancy Cartwright
16898,nancy-cheryll-davis,Nancy Cheryll Davis
16899,nancy-crane,Nancy Crane
16900,nancy-de-los-santos-reza,Nancy De Los Santos-Reza
16901,nancy-de-mayo,Nancy De Mayo
16902,nancy-deale,Nancy Deale
16903,nancy-dowd,Nancy Dowd
16904,nancy-finger,Nancy Finger
16905,nancy-fish,Nancy Fish
16906,nancy-garcia-garcia,Nancy García García
16907,nancy-knudsen,Nancy Knudsen
16908,nancy-kyes,Nancy Kyes
16909,nancy-lenehan,Nancy Lenehan
16910,nancy-marchand,Nancy Marchand
16911,nancy-mcdoniel,Nancy McDoniel
16912,nancy-olson,Nancy Olson
16913,nancy-reagan,Nancy Reagan
16914,nancy-roberts-3,Nancy Roberts
16915,nancy-rosenblum-2,Nancy Rosenblum
16916,nancy-sloan,Nancy Sloan
16917,nancy-stephens,Nancy Stephens
16918,nandu-hinds,Nandu Hinds
16919,nane-germon,Nane Germon
16920,nanette-fabray,Nanette Fabray
16921,nanfu-wang,Nanfu Wang
16922,nao-asuka,Nao Asuka
16923,naoki-fujima,Naoki Fujima
16924,naoki-tatsuta,Naoki Tatsuta
16925,naomi-ackie,Naomi Ackie
16926,naomi-glenn,Naomi Glenn
16927,naomi-hand,Naomi Hand
16928,naomi-radcliffe,Naomi Radcliffe
16929,naomi-stevens,Naomi Stevens
16930,naomi-toh,Naomi Toh
16931,naomi-watanabe-2,Naomi Watanabe
16932,naomi-watts,Naomi Watts
16933,naomie-harris,Naomie Harris
16934,naoto-takenaka,Naoto Takenaka
16935,narayan-gayek,Narayan Gayek
16936,narcis-hogea,Narcis Hogea
16937,narciso-pula,Narciso Pula
16938,narges-delaram,Narges Delaram
16939,nargess-mamizadeh,Nargess Mamizadeh
16940,naseem-azad,Naseem Azad
16941,naser-hashemi-2,Naser Hashemi
16942,nasjahea-e-ferguson,Nas'jahea E. Ferguson
16943,nasrin-sotoudeh,Nasrin Sotoudeh
16944,nasser-faris,Nasser Faris
16945,nassim-amrabt,Nassim Amrabt
16946,nassim-hassaini,Nassim Hassaïni
16947,nastassja-kinski,Nastassja Kinski
16948,nastassja-schmiedt,Nastassja Schmiedt
16949,nasty-nes,Nasty Nes
16950,nastya-golubeva-carax,Nastya Golubeva Carax
16951,nat-faxon,Nat Faxon
16952,nat-grant,Nat Grant
16953,nat-pendleton,Nat Pendleton
16954,nat-perrin,Nat Perrin
16955,natacha-koutchoumov,Natacha Koutchoumov
16956,natacha-mutomb-dacken,Natacha Mutomb Dackén
16957,natalia-garcia-agraz,Natalia Garcia Agraz
16958,natalia-geisse,Natalia Geisse
16959,natalia-lange,Natalia Lange
16960,natalia-llorens,Natalia Llorens
16961,natalia-lobo,Natalia Lobo
16962,natalia-pinzon,Natalia Pinzón
16963,natalia-reyes,Natalia Reyes
16964,natalia-tena,Natalia Tena
16965,natalie-barden,Natalie Barden
16966,natalie-boren,Natalie Boren
16967,natalie-canerday,Natalie Canerday
16968,natalie-carter-2,Natalie Carter
16969,natalie-finland,Natalie Finland
16970,natalie-gavin,Natalie Gavin
16971,natalie-gold,Natalie Gold
16972,natalie-imani,Natalie Imani
16973,natalie-mendoza,Natalie Mendoza
16974,natalie-moorhead,Natalie Moorhead
16975,natalie-morales-4,Natalie Morales
16976,natalie-palys,Natalie Palys
16977,natalie-portman,Natalie Portman
16978,natalie-ramsey,Natalie Ramsey
16979,natalie-robison,Natalie Robison
16980,natalie-rotter-laitman,Natalie Rotter-Laitman
16981,natalie-wood,Natalie Wood
16982,natalie-woolams-torres,Natalie Woolams-Torres
16983,natalino-balasso,Natalino Balasso
16984,nataliya-vdovina,Nataliya Vdovina
16985,natalya-abramova,Natalya Abramova
16986,natalya-bondarchuk,Natalya Bondarchuk
16987,natalya-moteva,Natalya Moteva
16988,natalya-nikulenko,Natalya Nikulenko
16989,natalya-potapova,Natalya Potapova
16990,natar-ungalaaq,Natar Ungalaaq
16991,natascha-mcelhone,Natascha McElhone
16992,natasha-gregson-wagner,Natasha Gregson Wagner
16993,natasha-randall,Natasha Randall
16994,natasha-wightman,Natasha Wightman
16995,natassia-gorey-furber,Natassia Gorey Furber
16996,nate-irwin,Nate Irwin
16997,nate-lang-2,Nate Lang
16998,nathalie-2,Nathalie
16999,nathalie-auffret,Nathalie Auffret
17000,nathalie-baye,Nathalie Baye
17001,nathalie-bloch-laine,Nathalie Bloch-Lainé
17002,nathalie-boutefeu,Nathalie Boutefeu
17003,nathalie-delon,Nathalie Delon
17004,nathalie-douge,Nathalie Douge
17005,nathalie-jem,Nathalie Jem
17006,nathalie-joyaut,Nathalie Joyaut
17007,nathalie-maurouard,Nathalie Maurouard
17008,nathalie-pascaud,Nathalie Pascaud
17009,nathalie-richard,Nathalie Richard
17010,nathalie-schleehauf,Nathalie Schleehauf
17011,nathalie-vadim,Nathalie Vadim
17012,nathan-cook,Nathan Cook
17013,nathan-corbett,Nathan Corbett
17014,nathan-fillion,Nathan Fillion
17015,nathan-gamble,Nathan Gamble
17016,nathan-george,Nathan George
17017,nathan-greno,Nathan Greno
17018,nathan-grinberg,Nathan Grinberg
17019,nathan-jones,Nathan Jones
17020,nathan-lane,Nathan Lane
17021,nathan-lee-chasing-his-horse,Nathan Lee Chasing His Horse
17022,nathan-meister,Nathan Meister
17023,nathan-miller,Nathan Miller
17024,nathan-moses,Nathan Moses
17025,nathan-walsh,Nathan Walsh
17026,nathaniel-arcand,Nathaniel Arcand
17027,nathaniel-augustson,Nathaniel Augustson
17028,nathaniel-davis,Nathaniel Davis
17029,nathaniel-deveaux,Nathaniel DeVeaux
17030,nathaniel-lees,Nathaniel Lees
17031,natsuko-ohama,Natsuko Ohama
17032,natsuo-ishido,Natsuo Ishidô
17033,natthakarn-aphaiwonk,Natthakarn Aphaiwonk
17034,naunton-wayne,Naunton Wayne
17035,nausicaa-rampony,Nausicaa Rampony
17036,navani-reyes,Navani Reyes
17037,naveed-choudhry,Naveed Choudhry
17038,naveen,Naveen
17039,naveen-andrews,Naveen Andrews
17040,navi-rawat,Navi Rawat
17041,navid-nazir,Navid Nazir
17042,navneet-nishan,Navneet Nishan
17043,nawazuddin-siddiqui,Nawazuddin Siddiqui
17044,naya,Naya
17045,nayer-mohseni-zonoozi,Nayer Mohseni Zonoozi
17046,nazanin-sediq-zadeh,Nazanin Sediq-zadeh
17047,nazar-khamis,Nazar Khamis
17048,nazife-muratova,Nazife Muratova
17049,nb-stone-jr,N.B. Stone Jr.
17050,ndeye-fama-dia,Ndeye Fama Dia
17051,neal-bledsoe,Neal Bledsoe
17052,neal-cantin,Neal Cantin
17053,neal-freudenburg,Neal Freudenburg
17054,neal-ghant,Neal Ghant
17055,neal-huff,Neal Huff
17056,neal-jones,Neal Jones
17057,neal-mcdonough,Neal McDonough
17058,neal-purvis,Neal Purvis
17059,nealla-gordon,Nealla Gordon
17060,neans-nic-dhonncha,Neans Nic Dhonncha
17061,nectar-rose,Nectar Rose
17062,ned-beatty,Ned Beatty
17063,ned-bellamy,Ned Bellamy
17064,ned-dennehy,Ned Dennehy
17065,ned-dowd,Ned Dowd
17066,ned-glass,Ned Glass
17067,ned-vaughn,Ned Vaughn
17068,ned-wever,Ned Wever
17069,neel-shah,Neel Shah
17070,neeve-irngaut,Neeve Irngaut
17071,neezer-tarleton,Neezer Tarleton
17072,negar-ghadyani,Negar Ghadyani
17073,negin-arbabi,Negin Arbabi
17074,nehemiah-persoff,Nehemiah Persoff
17075,neige-dolsky,Neige Dolsky
17076,neil-armstrong,Neil Armstrong
17077,neil-babcock,Neil Babcock
17078,neil-dsouza,Neil D'Souza
17079,neil-flynn,Neil Flynn
17080,neil-giuntoli,Neil Giuntoli
17081,neil-hughes,Neil Hughes
17082,neil-innes,Neil Innes
17083,neil-jacobson,Neil Jacobson
17084,neil-jordan,Neil Jordan
17085,neil-maffin,Neil Maffin
17086,neil-marshall,Neil Marshall
17087,neil-mccarthy-2,Neil McCarthy
17088,neil-patrick-harris,Neil Patrick Harris
17089,neil-simon,Neil Simon
17090,neil-summers,Neil Summers
17091,neil-young,Neil Young
17092,neil-young-4,Neil Young
17093,neill-fleeman,Neill Fleeman
17094,neill-hartley,Neill Hartley
17095,nej-adamson,Nej Adamson
17096,nejat-isler,Nejat Isler
17097,nele-ahrensmeier-2,Nele Ahrensmeier
17098,nell-campbell,Nell Campbell
17099,nell-johnson-5,Nell Johnson
17100,nella-larsen,Nella Larsen
17101,nella-walker,Nella Walker
17102,nellie-3,Nellie
17103,nellie-fleischner-2,Nellie Fleischner
17104,nellie-sciutto,Nellie Sciutto
17105,nellina-lagana,Nellina Laganà
17106,nello-appodia,Nello Appodia
17107,nelly-arno,Nelly Arno
17108,nels-bangerter,Nels Bangerter
17109,nelson-camayo-2,Nelson Camayo
17110,nelson-franklin,Nelson Franklin
17111,nelson-olmsted,Nelson Olmsted
17112,nelson-piquet,Nelson Piquet
17113,nelson-walker-iii,Nelson Walker III
17114,neo-sora,Neo Sora
17115,nerijus-gadliauskas,Nerijus Gadliauskas
17116,nesdon-booth,Nesdon Booth
17117,nesrine-slaoui,Nesrine Slaoui
17118,nestor-amaral,Nestor Amaral
17119,nestor-carbonell,Nestor Carbonell
17120,nestor-serrano,Nestor Serrano
17121,neus-sanz,Neus Sanz
17122,neve-campbell,Neve Campbell
17123,neville-mapp,Neville Mapp
17124,neville-phillips,Neville Phillips
17125,newt-gingrich,Newt Gingrich
17126,neyde-senna,Neyde Senna
17127,ngamta-suphaphongs,Ngamta Suphaphongs
17128,ngo-dinh-diem,Ngo Dinh Diem
17129,ngo-thuy-tien,Ngo Thuy Tien
17130,ngoc-le,Ngoc Le
17131,nguyen-han,Nguyen Han
17132,nguyen-thi-hoai-dung,Nguyen Thi Hoai Dung
17133,nguyen-thi-truc-quynh,Nguyen Thi Truc Quynh
17134,nguyen-thinh,Nguyen Thinh
17135,nguyen-van-luu,Nguyen Van Lu'u
17136,nia-leon,Nia Leon
17137,nia-long,Nia Long
17138,nia-roberts,Nia Roberts
17139,niall-buggy,Niall Buggy
17140,niall-cleary,Niall Cleary
17141,niall-obrien,Niall O'Brien
17142,niamh-moyles,Niamh Moyles
17143,nichelle-nichols,Nichelle Nichols
17144,nicholas-askew,Nicholas Askew
17145,nicholas-ball,Nicholas Ball
17146,nicholas-bell,Nicholas Bell
17147,nicholas-bird,Nicholas Bird
17148,nicholas-boulton,Nicholas Boulton
17149,nicholas-campbell,Nicholas Campbell
17150,nicholas-cascone,Nicholas Cascone
17151,nicholas-clark-4,Nicholas Clark
17152,nicholas-colasanto,Nicholas Colasanto
17153,nicholas-conard,Nicholas Conard
17154,nicholas-farrell,Nicholas Farrell
17155,nicholas-guest,Nicholas Guest
17156,nicholas-haley,Nicholas Haley
17157,nicholas-hannen,Nicholas Hannen
17158,nicholas-hitchon,Nicholas Hitchon
17159,nicholas-hormann,Nicholas Hormann
17160,nicholas-hoult,Nicholas Hoult
17161,nicholas-hytner,Nicholas Hytner
17162,nicholas-jones,Nicholas Jones
17163,nicholas-kazan,Nicholas Kazan
17164,nicholas-kepros,Nicholas Kepros
17165,nicholas-mcgaughey,Nicholas McGaughey
17166,nicholas-meyer,Nicholas Meyer
17167,nicholas-penny,Nicholas Penny
17168,nicholas-pileggi,Nicholas Pileggi
17169,nicholas-ray,Nicholas Ray
17170,nicholas-rowe,Nicholas Rowe
17171,nicholas-sadler,Nicholas Sadler
17172,nicholas-salter,Nicholas Salter
17173,nicholas-smith,Nicholas Smith
17174,nicholas-sparks,Nicholas Sparks
17175,nicholas-stojanovich,Nicholas Stojanovich
17176,nicholas-stoller,Nicholas Stoller
17177,nicholas-vince,Nicholas Vince
17178,nicholas-woodeson,Nicholas Woodeson
17179,nicholas-worth,Nicholas Worth
17180,nick-adams,Nick Adams
17181,nick-bass,Nick Bass
17182,nick-baxter,Nick Baxter
17183,nick-borgani,Nick Borgani
17184,nick-broomfield,Nick Broomfield
17185,nick-cassavetes,Nick Cassavetes
17186,nick-castle,Nick Castle
17187,nick-cave,Nick Cave
17188,nick-chinlund,Nick Chinlund
17189,nick-dennis,Nick Dennis
17190,nick-figgis,Nick Figgis
17191,nick-frost,Nick Frost
17192,nick-gatfield,Nick Gatfield
17193,nick-haverson,Nick Haverson
17194,nick-hopkins-4,Nick Hopkins
17195,nick-hornby,Nick Hornby
17196,nick-kankaanpaa,Nick Kankaanpää
17197,nick-kenny,Nick Kenny
17198,nick-krause,Nick Krause
17199,nick-lathouris,Nick Lathouris
17200,nick-lehane,Nick Lehane
17201,nick-marcq,Nick Marcq
17202,nick-medley,Nick Medley
17203,nick-moran,Nick Moran
17204,nick-nichols,Nick Nichols
17205,nick-nichols-2,Nick Nichols
17206,nick-nickeas,Nick Nickeas
17207,nick-nolte,Nick Nolte
17208,nick-park,Nick Park
17209,nick-porrazzo,Nick Porrazzo
17210,nick-pustay,Nick Pustay
17211,nick-rhodes,Nick Rhodes
17212,nick-roud,Nick Roud
17213,nick-sagan,Nick Sagan
17214,nick-sampson,Nick Sampson
17215,nick-searcy,Nick Searcy
17216,nick-shymansky,Nick Shymansky
17217,nick-stahl,Nick Stahl
17218,nick-waplington,Nick Waplington
17219,nick-wyman,Nick Wyman
17220,nicky-blair,Nicky Blair
17221,nicky-katt,Nicky Katt
17222,nicky-naude,Nicky Naudé
17223,nicky-taylor,Nicky Taylor
17224,nico,Nico
17225,nico-soultanakis,Nico Soultanakis
17226,nicodim-toma,Nicodim Toma
17227,nicodim-ungureanu,Nicodim Ungureanu
17228,nicola-blackwell,Nicola Blackwell
17229,nicola-collins,Nicola Collins
17230,nicola-cunningham,Nicola Cunningham
17231,nicola-di-pinto,Nicola Di Pinto
17232,nicola-duffett,Nicola Duffett
17233,nicolae-ceausescu,Nicolae Ceausescu
17234,nicolai-dorian,Nicolai Dorian
17235,nicolas-amato,Nicolas Amato
17236,nicolas-beaucaire,Nicolas Beaucaire
17237,nicolas-cage,Nicolas Cage
17238,nicolas-cantu,Nicolas Cantu
17239,nicolas-duvauchelle,Nicolas Duvauchelle
17240,nicolas-giacobone,Nicolás Giacobone
17241,nicolas-giraud,Nicolas Giraud
17242,nicolas-gonda,Nicolas Gonda
17243,nicolas-hopchet,Nicolas Hopchet
17244,nicolas-kalsch,Nicolas Kalsch
17245,nicolas-le-riche,Nicolas Le Riche
17246,nicolas-perez-taylor-felix,Nicolás Peréz Taylor Félix
17247,nicolas-peufaillit,Nicolas Peufaillit
17248,nicolas-philibert,Nicolas Philibert
17249,nicolas-roeg,Nicolas Roeg
17250,nicolas-saada,Nicolas Saada
17251,nicolas-wackerbarth,Nicolas Wackerbarth
17252,nicolas-winding-refn,Nicolas Winding Refn
17253,nicole-ari-parker,Nicole Ari Parker
17254,nicole-beharie,Nicole Beharie
17255,nicole-bilderback,Nicole Bilderback
17256,nicole-brown,Nicole Brown
17257,nicole-byrd,Nicole Byrd
17258,nicole-calfan,Nicole Calfan
17259,nicole-chomo,Nicole Chomo
17260,nicole-dogue,Nicole Dogué
17261,nicole-dubois-favre,Nicole DuBois Favre
17262,nicole-garcia,Nicole Garcia
17263,nicole-gelbard,Nicole Gelbard
17264,nicole-holofcener,Nicole Holofcener
17265,nicole-kidman,Nicole Kidman
17266,nicole-mitchell-2,Nicole Mitchell
17267,nicole-newnham,Nicole Newnham
17268,nicole-panter,Nicole Panter
17269,nicole-ray,Nicole Ray
17270,nicole-shirer,Nicole Shirer
17271,nicole-sougou,Nicole Sougou
17272,nicole-tio,Nicole Tio
17273,nicole-vicius,Nicole Vicius
17274,nicole-warring,Nicole Warring
17275,nicoletta-braschi,Nicoletta Braschi
17276,niels-arden-oplev,Niels Arden Oplev
17277,niels-arestrup,Niels Arestrup
17278,niels-bormann,Niels Bormann
17279,niels-schneider,Niels Schneider
17280,nien-jen-wu,Nien-Jen Wu
17281,nieves-del-amo-oruet,Nieves del Amo Oruet
17282,nigel-bennett,Nigel Bennett
17283,nigel-boyle-2,Nigel Boyle
17284,nigel-bruce,Nigel Bruce
17285,nigel-havers,Nigel Havers
17286,nigel-hawthorne,Nigel Hawthorne
17287,nigel-holt,Nigel Holt
17288,nigel-palmer-2,Nigel Palmer
17289,nigel-pivaro,Nigel Pivaro
17290,nigel-rogers-agogo,Nigel Rogers Agogo
17291,nigel-stock,Nigel Stock
17292,nijat-gachayev,Nijat Gachayev
17293,nijiko-kiyokawa,Nijiko Kiyokawa
17294,nik-pajic,Nik Pajic
17295,nika-beridze,Nika Beridze
17296,niketa-calame-harris,Niketa Calame-Harris
17297,nikhil-gowda,Nikhil Gowda
17298,nikhil-mathew,Nikhil Mathew
17299,niki-mcelroy,Niki McElroy
17300,nikita-khrushchev,Nikita Khrushchev
17301,nikita-slepchenkov,Nikita Slepchenkov
17302,nikita-strukov,Nikita Strukov
17303,nikki-4,Nikki
17304,nikki-bryce,Nikki Bryce
17305,nikki-duval,Nikki Duval
17306,niko-nicotera,Niko Nicotera
17307,nikola-kastner,Nikola Kastner
17308,nikola-tutek,Nikola Tutek
17309,nikolaj-arcel,Nikolaj Arcel
17310,nikolaj-frobenius,Nikolaj Frobenius
17311,nikolaus-geyrhalter,Nikolaus Geyrhalter
17312,nikolay-aseev,Nikolay Aseev
17313,nikolay-grinko,Nikolay Grinko
17314,nikom-kammach,Nikom Kammach
17315,nikos-kazantzakis,Nikos Kazantzakis
17316,nikos-poursanidis,Nikos Poursanidis
17317,nilo-coelho,Nilo Coelho
17318,nils-poppe,Nils Poppe
17319,nilsa-fortes,Nilsa Fortes
17320,nima-arkani-hamed,Nima Arkani-Hamed
17321,nimrod-levy,Nimrod Levy
17322,nina-agadzhanova,Nina Agadzhanova
17323,nina-arianda,Nina Arianda
17324,nina-borget,Nina Borget
17325,nina-bowgren,Nina Bowgren
17326,nina-foch,Nina Foch
17327,nina-garbiras,Nina Garbiras
17328,nina-hartley,Nina Hartley
17329,nina-hoss,Nina Hoss
17330,nina-keitha,Nina Keitha
17331,nina-kunzendorf,Nina Kunzendorf
17332,nina-melo,Nina Melo
17333,nina-meurisse,Nina Meurisse
17334,nina-paley,Nina Paley
17335,nina-petri,Nina Petri
17336,nina-polan,Nina Polan
17337,nina-poltavtseva,Nina Poltavtseva
17338,nina-siemaszko,Nina Siemaszko
17339,nina-tormark,Nina Törmark
17340,nina-van-pallandt,Nina van Pallandt
17341,nina-wilcox-putnam,Nina Wilcox Putnam
17342,ninel-geiger,Ninel Geiger
17343,nino-castelnuovo,Nino Castelnuovo
17344,nino-chabashvili,Nino Chabashvili
17345,nino-kutateladze,Nino Kutateladze
17346,nino-terzo,Nino Terzo
17347,ninon-bretecher,Ninon Brétécher
17348,niranjan-iyengar,Niranjan Iyengar
17349,nita-mishra,Nita Mishra
17350,nitya-vidyasagar,Nitya Vidyasagar
17351,no-seung-jin,No Seung-Jin
17352,no-shik-park,No-shik Park
17353,no-tran,No Tran
17354,noah-baumbach,Noah Baumbach
17355,noah-beery-jr,Noah Beery Jr.
17356,noah-emmerich,Noah Emmerich
17357,noah-gumbert,Noah Gumbert
17358,noah-lapid-preis,Noah Lapid Preis
17359,noah-lazarus,Noah Lazarus
17360,noah-taylor,Noah Taylor
17361,noah-wiseman,Noah Wiseman
17362,noble-johnson,Noble Johnson
17363,noble-kid-chissell,Noble 'Kid' Chissell
17364,noble-willingham,Noble Willingham
17365,nobu-nojima,Nobu Nojima
17366,nobuaki-minegishi,Nobuaki Minegishi
17367,nobuko-miyamoto-2,Nobuko Miyamoto
17368,nobumasa-sakagami,Nobumasa Sakagami
17369,nobuo-chiba,Nobuo Chiba
17370,nobuo-kaneko,Nobuo Kaneko
17371,nobuo-nakamura,Nobuo Nakamura
17372,nobuo-tanaka,Nobuo Tanaka
17373,nobuo-tobita,Nobuo Tobita
17374,nobuyuki-furuta,Nobuyuki Furuta
17375,noee-abita,Noée Abita
17376,noel-appleby,Noel Appleby
17377,noel-arthur,Noel Arthur
17378,noel-birkin,Noel Birkin
17379,noel-blin,Noël Blin
17380,noel-calef,Noël Calef
17381,noel-cho,Noel Cho
17382,noel-conlon,Noel Conlon
17383,noel-coward,Noël Coward
17384,noel-gallagher,Noel Gallagher
17385,noel-gugliemi,Noel Gugliemi
17386,noel-howlett,Noel Howlett
17387,noel-johnson,Noel Johnson
17388,noel-l-walcott-iii,Noel L. Walcott III
17389,noel-langley,Noel Langley
17390,noel-simsolo,Noël Simsolo
17391,noel-willman,Noel Willman
17392,noeline-brown,Noeline Brown
17393,noelle-brown-2,Noelle Brown
17394,noelle-harling,Noelle Harling
17395,noelle-north,Noelle North
17396,noemi-bonazzi,Noemi Bonazzi
17397,noemi-dessardo,Noemi Dessardo
17398,noemi-lira,Noémi Lira
17399,noemia-botelho,Noemia Botelho
17400,noemie-lvovsky,Noémie Lvovsky
17401,noemie-merlant,Noémie Merlant
17402,noghre-asadi,Noghre Asadi
17403,nomi-sharron,Nomi Sharron
17404,noni-lewis,Noni Lewis
17405,noni-white,Noni White
17406,nonong-talbo,Nonong Talbo
17407,nonso-anozie,Nonso Anozie
17408,noo-ri-song,Noo Ri Song
17409,noomi-rapace,Noomi Rapace
17410,nora-bush,Nora Bush
17411,nora-cecil,Nora Cecil
17412,nora-denney,Nora Denney
17413,nora-dunn,Nora Dunn
17414,nora-gregor,Nora Gregor
17415,nora-jane-noone,Nora-Jane Noone
17416,nora-mullins,Nora Mullins
17417,nora-navas,Nora Navas
17418,nora-twomey,Nora Twomey
17419,nora-waldstatten,Nora Waldstätten
17420,norah-mwansa,Norah Mwansa
17421,norbert-weisser,Norbert Weisser
17422,noreen-gammill,Noreen Gammill
17423,nori-morgan,Nori Morgan
17424,norichika-iimori,Norichika Iimori
17425,noriko-hidaka,Noriko Hidaka
17426,noriko-honma,Noriko Honma
17427,noriko-kawajiri,Noriko Kawajiri
17428,noriko-kohyama,Noriko Kohyama
17429,noriko-maki,Noriko Maki
17430,norio-matsui,Norio Matsui
17431,norm-tobin,Norm Tobin
17432,norma-bengell,Norma Bengell
17433,norma-khouri,Norma Khouri
17434,norma-pablo,Norma Pablo
17435,norma-varden,Norma Varden
17436,norman-ainsley,Norman Ainsley
17437,norman-alden,Norman Alden
17438,norman-bell,Norman Bell
17439,norman-bennett,Norman Bennett
17440,norman-bird,Norman Bird
17441,norman-birdsall,Norman Birdsall
17442,norman-burton,Norman Burton
17443,norman-chancer,Norman Chancer
17444,norman-cohn,Norman Cohn
17445,norman-corwin,Norman Corwin
17446,norman-d-wilson,Norman D. Wilson
17447,norman-erskine,Norman Erskine
17448,norman-fell,Norman Fell
17449,norman-ferguson,Norman Ferguson
17450,norman-fisher,Norman Fisher
17451,norman-jewison,Norman Jewison
17452,norman-l-sloan,Norman L. Sloan
17453,norman-lehnert,Norman Lehnert
17454,norman-max-maxwell,Norman Max Maxwell
17455,norman-ornellas,Norman Ornellas
17456,norman-patrick-brown,Norman Patrick Brown
17457,norman-reilly-raine,Norman Reilly Raine
17458,norman-rodway,Norman Rodway
17459,norman-rossington,Norman Rossington
17460,norman-shelley,Norman Shelley
17461,norman-snider,Norman Snider
17462,norman-snow,Norman Snow
17463,norman-taurog,Norman Taurog
17464,norman-wexler,Norman Wexler
17465,norman-wooland,Norman Wooland
17466,norman-wright-2,Norman Wright
17467,nouriel-roubini,Nouriel Roubini
17468,novella-williams,Novella Williams
17469,nozipho-mclean,Nozipho Mclean
17470,nozomi-ohashi,Nozomi Ohashi
17471,nudhapol-asavabhakhin,Nudhapol Asavabhakhin
17472,nuna-davey,Nuna Davey
17473,nunnally-johnson,Nunnally Johnson
17474,nuno-santos-2,Nuno Santos
17475,nuppu-koivu,Nuppu Koivu
17476,nurgul-yesilcay,Nurgül Yesilçay
17477,nuri-bilge-ceylan,Nuri Bilge Ceylan
17478,nuria-santandreu,Núria Santandreu
17479,nurith-aviv,Nurith Aviv
17480,nursel-kose,Nursel Köse
17481,nurten-guner,Nurten Güner
17482,nurzhigit-zhapabayev,Nurzhigit Zhapabayev
17483,nuttapon-kemthong,Nuttapon Kemthong
17484,nyabel-lual,Nyabel Lual
17485,nydia-westman,Nydia Westman
17486,nye-heron,Nye Heron
17487,nyima-zadui,Nyima Zadui
17488,oakes-fegley,Oakes Fegley
17489,oakley-hall,Oakley Hall
17490,ob-clarence,O.B. Clarence
17491,obba-babatunde,Obba Babatundé
17492,oceane,Océane
17493,octavia-spencer,Octavia Spencer
17494,oded-carmi-2,Oded Carmi
17495,oded-fehr,Oded Fehr
17496,odessa-azion,Odessa A’zion
17497,odessa-l-mccastle,Odessa L. McCastle
17498,odette-myrtil,Odette Myrtil
17499,odette-talazac,Odette Talazac
17500,odeya-rush,Odeya Rush
17501,odile-mallet,Odile Mallet
17502,ofer-samra,Ofer Samra
17503,ofra-haza,Ofra Haza
17504,ogai-mori,Ogai Mori
17505,ogden-nash,Ogden Nash
17506,oh-kwang-rok,Oh Kwang-rok
17507,oh-yeong-su,Oh Yeong-su
17508,ohene-cornelius,Ohene Cornelius
17509,oj-simpson,O.J. Simpson
17510,oja-kodar,Oja Kodar
17511,ok-joo-lee,Ok-joo Lee
17512,okieriete-onaodowan,Okieriete Onaodowan
17513,oksana-akinshina,Oksana Akinshina
17514,ol-duke,O.L. Duke
17515,ola-sturik,Ola Sturik
17516,olaf-lubaszenko,Olaf Lubaszenko
17517,olarotimi-fakunle,Olarotimi Fakunle
17518,olatz-lopez-garmendia,Olatz López Garmendia
17519,oleg-khmelnitsky,Oleg Khmelnitsky
17520,oleg-negin,Oleg Negin
17521,olek-krupa,Olek Krupa
17522,oleksandr-piskunov,Oleksandr Piskunov
17523,olenka-wrzesniewski,Olenka Wrzesniewski
17524,olexandr-sobko,Olexandr Sobko
17525,olga-baranova,Olga Baranova
17526,olga-barnet,Olga Barnet
17527,olga-churakova,Olga Churakova
17528,olga-kizilova,Olga Kizilova
17529,olga-kurylenko,Olga Kurylenko
17530,olga-lapshina,Olga Lapshina
17531,olga-lord,Olga Lord
17532,olga-merediz,Olga Merediz
17533,olgierd-lukaszewicz,Olgierd Lukaszewicz
17534,olha-bosova,Olha Bosova
17535,oli-bauer,Oli Bauer
17536,oliva-poli,Oliva Poli
17537,olive-ball,Olive Ball
17538,olive-carey,Olive Carey
17539,oliver-blake,Oliver Blake
17540,oliver-cross,Oliver Cross
17541,oliver-eckhardt,Oliver Eckhardt
17542,oliver-farrelly,Oliver Farrelly
17543,oliver-fox,Oliver Fox
17544,oliver-franks-2,Oliver Franks
17545,oliver-hirschbiegel,Oliver Hirschbiegel
17546,oliver-hp-garrett,Oliver H.P. Garrett
17547,oliver-jackson-cohen,Oliver Jackson-Cohen
17548,oliver-maltman,Oliver Maltman
17549,oliver-mcgrath,Oliver McGrath
17550,oliver-milburn,Oliver Milburn
17551,oliver-ogrady,Oliver O'Grady
17552,oliver-ole-zemen,Oliver 'Ole' Zemen
17553,oliver-parker,Oliver Parker
17554,oliver-phelps,Oliver Phelps
17555,oliver-platt,Oliver Platt
17556,oliver-reed,Oliver Reed
17557,oliver-robins,Oliver Robins
17558,oliver-sacks,Oliver Sacks
17559,oliver-smith,Oliver Smith
17560,oliver-stokes,Oliver Stokes
17561,oliver-stone,Oliver Stone
17562,oliver-stritzel,Oliver Stritzel
17563,oliver-sveinall,Oliver Sveinall
17564,olivia-burnette,Olivia Burnette
17565,olivia-colman,Olivia Colman
17566,olivia-de-havilland,Olivia de Havilland
17567,olivia-grace-applegate,Olivia Grace Applegate
17568,olivia-hamilton-2,Olivia Hamilton
17569,olivia-hatamian-sjolund,Olivia Hatamian Sjölund
17570,olivia-newton-john,Olivia Newton-John
17571,olivia-poulet,Olivia Poulet
17572,olivia-rosewood,Olivia Rosewood
17573,olivia-thirlby,Olivia Thirlby
17574,olivia-thompson-6,Olivia Thompson
17575,olivia-wilde,Olivia Wilde
17576,olivia-williams,Olivia Williams
17577,olivier,Olivier
17578,olivier-assayas,Olivier Assayas
17579,olivier-bauchet,Olivier Bauchet
17580,olivier-bonjour,Olivier Bonjour
17581,olivier-borle,Olivier Borle
17582,olivier-dahan,Olivier Dahan
17583,olivier-demangel,Olivier Demangel
17584,olivier-gourmet,Olivier Gourmet
17585,olivier-lafont,Olivier Lafont
17586,olivier-lajous,Olivier Lajous
17587,olivier-leboutte,Olivier Leboutte
17588,olivier-lejoubioux,Olivier Lejoubioux
17589,olivier-perrier,Olivier Perrier
17590,olivier-rabourdin,Olivier Rabourdin
17591,olle-hilding,Olle Hilding
17592,olly-boeheim,Olly Boeheim
17593,olmo-schnabel,Olmo Schnabel
17594,olowolaju-itunnu,Olowolaju Itunnu
17595,oluseyi-ajose,Oluseyi Ajose
17596,olympia-dukakis,Olympia Dukakis
17597,omar-dieng,Omar Dieng
17598,omar-dugue,Omar Dugue
17599,omar-fekeiki,Omar Fekeiki
17600,omar-haidara,Omar Haidara
17601,omar-n-bradley,Omar N. Bradley
17602,omar-sharif,Omar Sharif
17603,omi-vaidya,Omi Vaidya
17604,omid-abtahi,Omid Abtahi
17605,omid-djalili,Omid Djalili
17606,omid-reza,Omid Reza
17607,ondassyn-bessikbassov,Ondassyn Bessikbassov
17608,onder-cavdar,Önder Cavdar
17609,oner-erkan,Öner Erkan
17610,onur-berk-arslanoglu,Onur Berk Arslanoglu
17611,onur-eksioglu,Onur Eksioglu
17612,onye-anyanwu,Onye Anyanwu
17613,onyxx-noel,Onyxx Noel
17614,op-heggie,O.P. Heggie
17615,opal-alladin,Opal Alladin
17616,oprah-winfrey,Oprah Winfrey
17617,oran-gurel,Oran Gurel
17618,orangey,Orangey
17619,orazio-orlando,Orazio Orlando
17620,oren-koules,Oren Koules
17621,oren-stevens,Oren Stevens
17622,orest-pasko,Orest Pasko
17623,orestes-matacena,Orestes Matacena
17624,ori-sivan,Ori Sivan
17625,orianne-azangban,Orianne Azangban
17626,orion-lee,Orion Lee
17627,orla-fitzgerald,Orla Fitzgerald
17628,orla-pederson,Orla Pederson
17629,orlando-bloom,Orlando Bloom
17630,orlando-jones,Orlando Jones
17631,orlando-tobon,Orlando Tobón
17632,orli-shuka,Orli Shuka
17633,ornette-coleman,Ornette Coleman
17634,orso-maria-guerrini,Orso Maria Guerrini
17635,orson-bean,Orson Bean
17636,orson-welles,Orson Welles
17637,orto-ignatiussen,Orto Ignatiussen
17638,osamu-hosoi,Osamu Hosoi
17639,osamu-saka,Osamu Saka
17640,oscar-beregi-jr,Oscar Beregi Jr.
17641,oscar-blank,Oscar Blank
17642,oscar-casas,Óscar Casas
17643,oscar-fraley,Oscar Fraley
17644,oscar-hammerstein-ii,Oscar Hammerstein II
17645,oscar-homolka,Oscar Homolka
17646,oscar-hsu,Oscar Hsu
17647,oscar-isaac,Oscar Isaac
17648,oscar-lara,Óscar Lara
17649,oscar-levant,Oscar Levant
17650,oscar-ljung,Oscar Ljung
17651,oscar-nunez,Oscar Nuñez
17652,oscar-oshea,Oscar O'Shea
17653,oscar-polk,Oscar Polk
17654,oscar-saul,Oscar Saul
17655,osgood-perkins,Osgood Perkins
17656,oshri-cohen,Oshri Cohen
17657,oskar-werner,Oskar Werner
17658,ossie-davis,Ossie Davis
17659,otavio-augusto,Otávio Augusto
17660,othon-bastos,Othon Bastos
17661,otillia-gupta,Otillia Gupta
17662,otis-harlan,Otis Harlan
17663,otis-young,Otis Young
17664,ottavia-piccolo,Ottavia Piccolo
17665,otto,Otto
17666,otto-englander,Otto Englander
17667,otto-kruger,Otto Kruger
17668,otto-kuhnle,Otto Kuhnle
17669,otto-preminger,Otto Preminger
17670,otto-reiter,Otto Reiter
17671,otto-sander,Otto Sander
17672,oumar-balde,Oumar Balde
17673,ousmane-konate,Ousmane Konaté
17674,ousmane-sembene,Ousmane Sembene
17675,ove-hoegh-guldberg,Ove Hoegh-Guldberg
17676,ovidiu-pirsan,Ovidiu Pîrsan
17677,owa-orire-jeremiah,Owa Orire Jeremiah
17678,owen-burke-2,Owen Burke
17679,owen-bush,Owen Bush
17680,owen-davis-jr,Owen Davis Jr.
17681,owen-good,Owen Good
17682,owen-kavanagh,Owen Kavanagh
17683,owen-kline,Owen Kline
17684,owen-moase,Owen Moase
17685,owen-sharpe,Owen Sharpe
17686,owen-wilson,Owen Wilson
17687,oyafunmike-ogunlano,Oyafunmike Ogunlano
17688,oyeleke-oluwafolakanmi,Oyeleke Oluwafolakanmi
17689,oyvind-hesjedal-loven,Øyvind Hesjedal Loven
17690,oz-whitehead,O.Z. Whitehead
17691,ozay-fecht,Özay Fecht
17692,ozlem-erol,Özlem Erol
17693,oznur-kula,Öznur Kula
17694,ozzy-osbourne,Ozzy Osbourne
17695,p-lynn-johnson,P. Lynn Johnson
17696,pablo-almodovar,Pablo Almodóvar
17697,pablo-berger,Pablo Berger
17698,pablo-chemor,Pablo Chemor
17699,pablo-fonseca,Pablo Fonseca
17700,pablo-larralde,Pablo Larralde
17701,pablo-pillaud-vivien,Pablo Pillaud-Vivien
17702,pablo-plandolit,Pablo Plandolit
17703,pablo-rago,Pablo Rago
17704,pablo-torre-nilson,Pablo Torre Nilson
17705,pacho-velez,Pacho Velez
17706,paco-reconti,Paco Reconti
17707,paddi-edwards,Paddi Edwards
17708,paddy-considine,Paddy Considine
17709,paddy-jenkins,Paddy Jenkins
17710,paddy-odonnell,Paddy O'Donnell
17711,padraic-delaney,Pádraic Delaney
17712,padraig-o-se,Pádraig Ó Se
17713,page-marsella,Page Marsella
17714,paige-ohara,Paige O'Hara
17715,pakak-innuksuk,Pakak Innuksuk
17716,palau,Palau
17717,pale-olofsson,Pale Olofsson
17718,paloma-elsesser,Paloma Elsesser
17719,pam-brady,Pam Brady
17720,pam-brooks,Pam Brooks
17721,pam-ferris,Pam Ferris
17722,pam-grier,Pam Grier
17723,pamela-adlon,Pamela Adlon
17724,pamela-anderson,Pamela Anderson
17725,pamela-bevan,Pamela Bevan
17726,pamela-brown,Pamela Brown
17727,pamela-colloff,Pamela Colloff
17728,pamela-evans-haynes,Pamela Evans Haynes
17729,pamela-franklin,Pamela Franklin
17730,pamela-gidley,Pamela Gidley
17731,pamela-gray,Pamela Gray
17732,pamela-harper,Pamela Harper
17733,pamela-hawken,Pamela Hawken
17734,pamela-hayden,Pamela Hayden
17735,pamela-pettler,Pamela Pettler
17736,pamela-reed,Pamela Reed
17737,pamela-sholto,Pamela Sholto
17738,pamela-villoresi,Pamela Villoresi
17739,pamela-wallace,Pamela Wallace
17740,panah-panahi,Panah Panahi
17741,panchito-gomez,Panchito Gómez
17742,pancho-cordova,Pancho Córdova
17743,pang-chang-yu,Pang Chang Yu
17744,pankaj-tripathi,Pankaj Tripathi
17745,panna-rittikrai,Panna Rittikrai
17746,panos-koronis,Panos Koronis
17747,panos-papadopulos,Panos Papadopulos
17748,pantea-panahiha,Pantea Panahiha
17749,paola-borboni,Paola Borboni
17750,paolo-bonanni,Paolo Bonanni
17751,paolo-carlini,Paolo Carlini
17752,paolo-cuccia,Paolo Cuccia
17753,paolo-dumlao,Paolo Dumlao
17754,paolo-pierobon,Paolo Pierobon
17755,paolo-seganti,Paolo Seganti
17756,paolo-sorrentino,Paolo Sorrentino
17757,paolo-stoppa,Paolo Stoppa
17758,papillon-soo,Papillon Soo
17759,paqui-horcajo,Paqui Horcajo
17760,paradize-patterson,Paradize Patterson
17761,parfait-vaiayinon,Parfait Vaiayinon
17762,parikshit-sahni,Parikshit Sahni
17763,paris-howe-strewe,Paris Howe Strewe
17764,paris-petrick,Paris Petrick
17765,paris-themmen,Paris Themmen
17766,park-chan-wook,Park Chan-wook
17767,park-hae-il,Park Hae-il
17768,park-hoon-jung,Park Hoon-jung
17769,park-ji-ah,Park Ji-ah
17770,park-ji-min,Park Ji-min
17771,park-keun-rok,Park Keun-rok
17772,park-mi-hyeon,Park Mi-hyeon
17773,park-myeong-hoon,Park Myeong-hoon
17774,park-myung-shin,Park Myung-shin
17775,park-so-dam,Park So-dam
17776,park-yu-rim,Park Yu-rim
17777,parker-hadley,Parker Hadley
17778,parker-posey,Parker Posey
17779,parker-sawyers,Parker Sawyers
17780,parvani-lingiah,Parvani Lingiah
17781,parvin-dabas,Parvin Dabas
17782,pasang-tenzing-sherpa,Pasang Tenzing Sherpa
17783,pascal-greggory,Pascal Greggory
17784,pascal-maugein,Pascal Maugein
17785,pascal-mazzotti,Pascal Mazzotti
17786,pascal-rivet,Pascal Rivet
17787,pascale-audrey,Pascale Audrey
17788,pascale-ferran,Pascale Ferran
17789,pasquale-cajano,Pasquale Cajano
17790,pasquale-campagnola,Pasquale Campagnola
17791,pasquale-festa-campanile,Pasquale Festa Campanile
17792,pasquale-fortunato,Pasquale Fortunato
17793,pasquale-petrolo,Pasquale Petrolo
17794,pasqualina-scuncia,Pasqualina Scuncia
17795,pat-buttram,Pat Buttram
17796,pat-carroll,Pat Carroll
17797,pat-clark-5,Pat Clark
17798,pat-duncan-2,Pat Duncan
17799,pat-e-johnson,Pat E. Johnson
17800,pat-figueroa,Pat Figueroa
17801,pat-flaherty,Pat Flaherty
17802,pat-gorman,Pat Gorman
17803,pat-hackett,Pat Hackett
17804,pat-hagate,Pat Hagate
17805,pat-harmon,Pat Harmon
17806,pat-healy,Pat Healy
17807,pat-henning,Pat Henning
17808,pat-hingle,Pat Hingle
17809,pat-hurst,Pat Hurst
17810,pat-laffan,Pat Laffan
17811,pat-mcgrath-2,Pat McGrath
17812,pat-morita,Pat Morita
17813,pat-musick,Pat Musick
17814,pat-obrien,Pat O'Brien
17815,pat-omalley,Pat O'Malley
17816,pat-proft,Pat Proft
17817,pat-ricotti,Pat Ricotti
17818,pat-roach,Pat Roach
17819,pat-shortt,Pat Shortt
17820,pat-smear,Pat Smear
17821,pat-tillman,Pat Tillman
17822,pat-walshe,Pat Walshe
17823,pat-west,Pat West
17824,pat-zurica,Pat Zurica
17825,patric-knowles,Patric Knowles
17826,patrice-chereau,Patrice Chéreau
17827,patrice-dozier,Patrice Dozier
17828,patrice-lumumba,Patrice Lumumba
17829,patrice-martinez,Patrice Martinez
17830,patrice-melennec,Patrice Melennec
17831,patrice-tepasso,Patrice Tepasso
17832,patricia-aldersley,Patricia Aldersley
17833,patricia-arquette,Patricia Arquette
17834,patricia-belcher,Patricia Belcher
17835,patricia-charbonneau,Patricia Charbonneau
17836,patricia-clarkson,Patricia Clarkson
17837,patricia-collinge,Patricia Collinge
17838,patricia-couvillers,Patricia Couvillers
17839,patricia-d-bohannon,Patricia D. Bohannon
17840,patricia-forte,Patricia Forte
17841,patricia-frazier-2,Patricia Frazier
17842,patricia-gage,Patricia Gage
17843,patricia-gelin,Patricia Gélin
17844,patricia-grier,Patricia Grier
17845,patricia-hamilton,Patricia Hamilton
17846,patricia-hastie,Patricia Hastie
17847,patricia-hayes,Patricia Hayes
17848,patricia-highsmith,Patricia Highsmith
17849,patricia-hitchcock,Patricia Hitchcock
17850,patricia-kalember,Patricia Kalember
17851,patricia-louisianna-knop,Patricia Louisianna Knop
17852,patricia-mary-finnegan,Patricia Mary Finnegan
17853,patricia-mercier,Patricia Mercier
17854,patricia-neal,Patricia Neal
17855,patricia-page,Patricia Page
17856,patricia-quinn,Patricia Quinn
17857,patricia-r-caprio,Patricia R. Caprio
17858,patricia-reyes-spindola,Patricia Reyes Spíndola
17859,patricia-tallman,Patricia Tallman
17860,patricia-tulasne,Patricia Tulasne
17861,patricia-velasquez,Patricia Velasquez
17862,patricia-weir,Patricia Weir
17863,patricia-whymark,Patricia Whymark
17864,patricio-guzman,Patricio Guzmán
17865,patrick-a-ventura,Patrick A. Ventura
17866,patrick-allen,Patrick Allen
17867,patrick-barlow,Patrick Barlow
17868,patrick-bernard,Patrick Bernard
17869,patrick-blindauer,Patrick Blindauer
17870,patrick-borriello,Patrick Borriello
17871,patrick-breen,Patrick Breen
17872,patrick-cameron-2,Patrick Cameron
17873,patrick-carr,Patrick Carr
17874,patrick-chesnais,Patrick Chesnais
17875,patrick-cranshaw,Patrick Cranshaw
17876,patrick-d-green,Patrick D. Green
17877,patrick-dassumcao,Patrick d'Assumçao
17878,patrick-decile,Patrick Decile
17879,patrick-demauro,Patrick DeMauro
17880,patrick-dempsey,Patrick Dempsey
17881,patrick-diabuah,Patrick Diabuah
17882,patrick-dougherty,Patrick Dougherty
17883,patrick-durkin,Patrick Durkin
17884,patrick-essien,Patrick Essien
17885,patrick-fischler,Patrick Fischler
17886,patrick-fugit,Patrick Fugit
17887,patrick-g-burns,Patrick G. Burns
17888,patrick-gallagher,Patrick Gallagher
17889,patrick-godfrey,Patrick Godfrey
17890,patrick-grieco,Patrick Grieco
17891,patrick-hamilton,Patrick Hamilton
17892,patrick-head-2,Patrick Head
17893,patrick-hines,Patrick Hines
17894,patrick-hoelck,Patrick Hoelck
17895,patrick-kake,Patrick Kake
17896,patrick-kennedy-5,Patrick Kennedy
17897,patrick-kilpatrick,Patrick Kilpatrick
17898,patrick-labyorteaux,Patrick Labyorteaux
17899,patrick-lawrence,Patrick Lawrence
17900,patrick-macnee,Patrick Macnee
17901,patrick-magee,Patrick Magee
17902,patrick-maher,Patrick Maher
17903,patrick-mapel,Patrick Mapel
17904,patrick-marber,Patrick Marber
17905,patrick-mcalinney,Patrick McAlinney
17906,patrick-mcdermott,Patrick McDermott
17907,patrick-mcvey,Patrick McVey
17908,patrick-muldoon,Patrick Muldoon
17909,patrick-oneill,Patrick O'Neill
17910,patrick-pinney,Patrick Pinney
17911,patrick-radden-keefe,Patrick Radden Keefe
17912,patrick-stack,Patrick Stack
17913,patrick-stewart,Patrick Stewart
17914,patrick-swayze,Patrick Swayze
17915,patrick-thomas-obrien,Patrick Thomas O'Brien
17916,patrick-tillman-sr,Patrick Tillman Sr.
17917,patrick-troughton,Patrick Troughton
17918,patrick-wall,Patrick Wall
17919,patrick-wang,Patrick Wang
17920,patrick-wayne,Patrick Wayne
17921,patrick-wilder,Patrick Wilder
17922,patrick-wilson,Patrick Wilson
17923,patrick-wymark,Patrick Wymark
17924,patrik-holzmuller,Patrik Holzmüller
17925,patrik-rydmark,Patrik Rydmark
17926,patrika-darbo,Patrika Darbo
17927,patrizia-bettini,Patrizia Bettini
17928,patsy-bangs,Patsy Bangs
17929,patsy-ferran,Patsy Ferran
17930,patsy-kelly,Patsy Kelly
17931,patsy-kensit,Patsy Kensit
17932,patsy-parsons,Patsy Parsons
17933,patsy-smart,Patsy Smart
17934,patti-allan,Patti Allan
17935,patti-deutsch,Patti Deutsch
17936,patti-lupone,Patti LuPone
17937,patti-pelton,Patti Pelton
17938,patti-smith,Patti Smith
17939,patti-soares,Patti Soares
17940,patti-wiley,Patti Wiley
17941,patti-yasutake,Patti Yasutake
17942,patton-oswalt,Patton Oswalt
17943,patty-jenkins,Patty Jenkins
17944,patty-johnson,Patty Johnson
17945,patty-rosborough,Patty Rosborough
17946,patxi-freytez,Patxi Freytez
17947,pau-casals,Pau Casals
17948,pau-poch,Pau Poch
17949,paul-a-partain,Paul A. Partain
17950,paul-abbott,Paul Abbott
17951,paul-adelstein,Paul Adelstein
17952,paul-ahmarani,Paul Ahmarani
17953,paul-amiot,Paul Amiot
17954,paul-andrew-goldsmith,Paul Andrew Goldsmith
17955,paul-antrim,Paul Antrim
17956,paul-apak-angilirq,Paul Apak Angilirq
17957,paul-arthurs,Paul Arthurs
17958,paul-attanasio,Paul Attanasio
17959,paul-badger,Paul Badger
17960,paul-bailey-6,Paul Bailey
17961,paul-bandey,Paul Bandey
17962,paul-barber,Paul Barber
17963,paul-barge,Paul Barge
17964,paul-barrett,Paul Barrett
17965,paul-barselou,Paul Barselou
17966,paul-bartel,Paul Bartel
17967,paul-bates,Paul Bates
17968,paul-benjamin,Paul Benjamin
17969,paul-bettany,Paul Bettany
17970,paul-birch,Paul Birch
17971,paul-blackthorne,Paul Blackthorne
17972,paul-boneberg,Paul Boneberg
17973,paul-bonifas,Paul Bonifas
17974,paul-bos,Paul Bös
17975,paul-bradley,Paul Bradley
17976,paul-bradley-4,Paul Bradley
17977,paul-brickhill,Paul Brickhill
17978,paul-bryar,Paul Bryar
17979,paul-busch-3,Paul Busch
17980,paul-butler,Paul Butler
17981,paul-butler-6,Paul Butler
17982,paul-butterworth,Paul Butterworth
17983,paul-calderon,Paul Calderon
17984,paul-conway-6,Paul Conway
17985,paul-corrigan,Paul Corrigan
17986,paul-crauchet,Paul Crauchet
17987,paul-d-zimmerman,Paul D. Zimmerman
17988,paul-dano,Paul Dano
17989,paul-dehn,Paul Dehn
17990,paul-delauzac,Paul Delauzac
17991,paul-dini,Paul Dini
17992,paul-diomede,Paul Diomede
17993,paul-dooley,Paul Dooley
17994,paul-e-burns,Paul E. Burns
17995,paul-eiding,Paul Eiding
17996,paul-eluard,Paul Éluard
17997,paul-engel,Paul Engel
17998,paul-escoffier,Paul Escoffier
17999,paul-espel,Paul Espel
18000,paul-f-tompkins,Paul F. Tompkins
18001,paul-fassnacht,Paul Faßnacht
18002,paul-fix,Paul Fix
18003,paul-fortune,Paul Fortune
18004,paul-fox-2,Paul Fox
18005,paul-frankeur,Paul Frankeur
18006,paul-freeman,Paul Freeman
18007,paul-galdone,Paul Galdone
18008,paul-giamatti,Paul Giamatti
18009,paul-gleason,Paul Gleason
18010,paul-gleeson,Paul Gleeson
18011,paul-goddard,Paul Goddard
18012,paul-greco-3,Paul Greco
18013,paul-greengrass,Paul Greengrass
18014,paul-grimault,Paul Grimault
18015,paul-grimstad,Paul Grimstad
18016,paul-guay,Paul Guay
18017,paul-guilfoyle-2,Paul Guilfoyle
18018,paul-gutrecht,Paul Gutrecht
18019,paul-haggis,Paul Haggis
18020,paul-hamy,Paul Hamy
18021,paul-harper-4,Paul Harper
18022,paul-henning,Paul Henning
18023,paul-henreid,Paul Henreid
18024,paul-herman,Paul Herman
18025,paul-hewitt,Paul Hewitt
18026,paul-holdengraber,Paul Holdengräber
18027,paul-horbiger,Paul Hörbiger
18028,paul-horn,Paul Horn
18029,paul-howard-smith,Paul Howard Smith
18030,paul-hubbard,Paul Hubbard
18031,paul-hughes-6,Paul Hughes
18032,paul-huson,Paul Huson
18033,paul-j-smith-2,Paul J. Smith
18034,paul-jarrett,Paul Jarrett
18035,paul-jasmin,Paul Jasmin
18036,paul-jesson,Paul Jesson
18037,paul-johnson-18,Paul Johnson
18038,paul-kandel,Paul Kandel
18039,paul-kantner,Paul Kantner
18040,paul-kaye-3,Paul Kaye
18041,paul-keller-2,Paul Keller
18042,paul-kent,Paul Kent
18043,paul-kim-jr,Paul Kim Jr.
18044,paul-king-5,Paul King
18045,paul-kligerman,Paul Kligerman
18046,paul-lambert,Paul Lambert
18047,paul-laverty,Paul Laverty
18048,paul-lazar,Paul Lazar
18049,paul-le-mat,Paul Le Mat
18050,paul-linke,Paul Linke
18051,paul-linkson,Paul Linkson
18052,paul-livingston,Paul Livingston
18053,paul-lombardi-2,Paul Lombardi
18054,paul-lukas,Paul Lukas
18055,paul-magers,Paul Magers
18056,paul-maxwell,Paul Maxwell
18057,paul-mccartney,Paul McCartney
18058,paul-mccrane,Paul McCrane
18059,paul-mcgann,Paul McGann
18060,paul-mcgill,Paul McGill
18061,paul-mcguigan-2,Paul McGuigan
18062,paul-mcisaac,Paul McIsaac
18063,paul-mcvey,Paul McVey
18064,paul-menzel,Paul Menzel
18065,paul-mescal,Paul Mescal
18066,paul-meurisse,Paul Meurisse
18067,paul-micale,Paul Micale
18068,paul-mikel-williams,Paul-Mikél Williams
18069,paul-monash,Paul Monash
18070,paul-morgan-stetler,Paul Morgan Stetler
18071,paul-muni,Paul Muni
18072,paul-newman,Paul Newman
18073,paul-oettly,Paul Oettly
18074,paul-perez,Paul Perez
18075,paul-perri,Paul Perri
18076,paul-perri-2,Paul Perri
18077,paul-popplewell,Paul Popplewell
18078,paul-ready,Paul Ready
18079,paul-reed-4,Paul Reed
18080,paul-reiser,Paul Reiser
18081,paul-reubens,Paul Reubens
18082,paul-ricketts,Paul Ricketts
18083,paul-ridley,Paul Ridley
18084,paul-robeson,Paul Robeson
18085,paul-robsky,Paul Robsky
18086,paul-rossilli,Paul Rossilli
18087,paul-rudd,Paul Rudd
18088,paul-sanchez,Paul Sanchez
18089,paul-satterfield,Paul Satterfield
18090,paul-schneider-4,Paul Schneider
18091,paul-schrader,Paul Schrader
18092,paul-scofield,Paul Scofield
18093,paul-shenar,Paul Shenar
18094,paul-simon,Paul Simon
18095,paul-sloane,Paul Sloane
18096,paul-smits-2,Paul Smits
18097,paul-sorvino,Paul Sorvino
18098,paul-springer,Paul Springer
18099,paul-stevens,Paul Stevens
18100,paul-stewart,Paul Stewart
18101,paul-swaine,Paul Swaine
18102,paul-tamarin,Paul Tamarin
18103,paul-thomas-anderson,Paul Thomas Anderson
18104,paul-trussell,Paul Trussell
18105,paul-valentine,Paul Valentine
18106,paul-verhoeven,Paul Verhoeven
18107,paul-vermeulen,Paul Vermeulen
18108,paul-ville,Paul Villé
18109,paul-volcker,Paul Volcker
18110,paul-walker,Paul Walker
18111,paul-warriner,Paul Warriner
18112,paul-watson-4,Paul Watson
18113,paul-weiss-3,Paul Weiss
18114,paul-weissman,Paul Weissman
18115,paul-wernick,Paul Wernick
18116,paul-west-9,Paul West
18117,paul-whitehouse,Paul Whitehouse
18118,paul-willson,Paul Willson
18119,paul-winfield,Paul Winfield
18120,paul-wolfowitz,Paul Wolfowitz
18121,paul-young-10,Paul Young
18122,paul-zies,Paul Zies
18123,paula-de-renor,Paula De Renor
18124,paula-eiselt,Paula Eiselt
18125,paula-forst,Paula Först
18126,paula-garces,Paula Garcés
18127,paula-grinszpan,Paula Grinszpan
18128,paula-j-newman,Paula J. Newman
18129,paula-jacobs,Paula Jacobs
18130,paula-jai-parker,Paula Jai Parker
18131,paula-jean-hixson,Paula Jean Hixson
18132,paula-malcomson,Paula Malcomson
18133,paula-patton,Paula Patton
18134,paula-pell,Paula Pell
18135,paula-poundstone,Paula Poundstone
18136,paula-richards,Paula Richards
18137,paula-shaw-2,Paula Shaw
18138,paula-trueman,Paula Trueman
18139,paula-weinstein,Paula Weinstein
18140,paula-zahn,Paula Zahn
18141,paule-dare,Paule Daré
18142,paulene-myers,Paulene Myers
18143,paulette-dubost,Paulette Dubost
18144,paulette-goddard,Paulette Goddard
18145,paulette-lamori,Paulette Lamori
18146,paulie-litt,Paulie Litt
18147,paulin-jaccoud,Paulin Jaccoud
18148,paulina-garcia,Paulina García
18149,pauline-brailsford,Pauline Brailsford
18150,pauline-brunner,Pauline Brunner
18151,pauline-burlet,Pauline Burlet
18152,pauline-de-laubie,Pauline de Laubie
18153,pauline-little,Pauline Little
18154,pauline-lynch,Pauline Lynch
18155,pauline-melville,Pauline Melville
18156,pauline-moore,Pauline Moore
18157,pauline-quirke,Pauline Quirke
18158,paulo-calatre,Paulo Calatré
18159,paulo-lins,Paulo Lins
18160,pauloosie-qulitalik,Pauloosie Qulitalik
18161,paulyn-sun,Paulyn Sun
18162,pavel-bezdek,Pavel Bezdek
18163,pavel-douglas,Pavel Douglas
18164,pavel-kriz,Pavel Kríz
18165,pawel-burczyk,Pawel Burczyk
18166,pawel-pawlikowski,Pawel Pawlikowski
18167,payal-kapadia,Payal Kapadia
18168,payman-maadi,Payman Maadi
18169,paz-de-la-huerta,Paz de la Huerta
18170,paz-vega,Paz Vega
18171,pd-james,P.D. James
18172,pearl-carpenter,Pearl Carpenter
18173,pearl-elmore,Pearl Elmore
18174,pearl-faessler,Pearl Faessler
18175,pedro-almodovar,Pedro Almodóvar
18176,pedro-armendariz-jr,Pedro Armendáriz Jr.
18177,pedro-casablanc,Pedro Casablanc
18178,pedro-costa-2,Pedro Costa
18179,pedro-de-cordoba,Pedro de Cordoba
18180,pedro-gonzalez-gonzalez,Pedro Gonzalez Gonzalez
18181,pedro-lovell,Pedro Lovell
18182,pedro-pascal,Pedro Pascal
18183,pedro-queiroz,Pedro Queiroz
18184,pedro-regas,Pedro Regas
18185,peer-maurer,Peer Maurer
18186,peer-uwe-teska,Peer-Uwe Teska
18187,peg-hillias,Peg Hillias
18188,peg-holzemer,Peg Holzemer
18189,peggy-ashcroft,Peggy Ashcroft
18190,peggy-freisen,Peggy Freisen
18191,peggy-gormley,Peggy Gormley
18192,peggy-knudsen,Peggy Knudsen
18193,peggy-lipton,Peggy Lipton
18194,peggy-lu,Peggy Lu
18195,peggy-orenstein,Peggy Orenstein
18196,peggy-reavey,Peggy Reavey
18197,peggy-robertson,Peggy Robertson
18198,peggy-roeder,Peggy Roeder
18199,peggy-simpson,Peggy Simpson
18200,peggy-v-autrey,Peggy V. Autrey
18201,peggy-walton-walker,Peggy Walton-Walker
18202,peggy-webling,Peggy Webling
18203,pegi-young,Pegi Young
18204,pei-pei-cheng,Pei-Pei Cheng
18205,pei-yang,Pei Yang
18206,pell-james,Pell James
18207,penelope-allen,Penelope Allen
18208,penelope-ann-miller,Penelope Ann Miller
18209,penelope-branning,Penelope Branning
18210,penelope-cruz,Penélope Cruz
18211,penelope-milford,Penelope Milford
18212,penelope-spheeris,Penelope Spheeris
18213,penelope-sudrow,Penelope Sudrow
18214,penelope-wilton,Penelope Wilton
18215,peng-qiang,Peng Qiang
18216,peng-wang,Peng Wang
18217,penn-jillette,Penn Jillette
18218,penny-brahms,Penny Brahms
18219,penny-cluer,Penny Cluer
18220,penny-johnson-jerald,Penny Johnson Jerald
18221,penny-marshall,Penny Marshall
18222,penny-pilkington,Penny Pilkington
18223,penny-santon,Penny Santon
18224,pepa-aniorte,Pepa Aniorte
18225,pepa-pedroche,Pepa Pedroche
18226,pepe-aguilar,Pepe Aguilar
18227,pepe-callahan,Pepe Callahan
18228,pepe-serna,Pepe Serna
18229,pepe-suarez,Pepe Suárez
18230,pepo-suevos,Pepo Suevos
18231,per-gorvell,Per Gørvell
18232,per-kallman,Per Källman
18233,per-nielsen,Per Nielsen
18234,per-ragnar,Per Ragnar
18235,per-sjostrand,Per Sjöstrand
18236,perce-pearce,Perce Pearce
18237,percy-heath-2,Percy Heath
18238,percy-herbert,Percy Herbert
18239,percy-waram,Percy Waram
18240,pernilla-allwin,Pernilla Allwin
18241,perrette-pradier,Perrette Pradier
18242,perry-benson,Perry Benson
18243,perry-crawford,Perry Crawford
18244,perry-dizon,Perry Dizon
18245,perry-lopez,Perry Lopez
18246,perry-lorenz,Perry Lorenz
18247,perry-walston,Perry Walston
18248,pershon-harper,Pershon Harper
18249,petcharat-chaiburi,Petcharat Chaiburi
18250,pete-astudillo,Pete Astudillo
18251,pete-atkin,Pete Atkin
18252,pete-docter,Pete Docter
18253,pete-ferry,Pete Ferry
18254,pete-graham,Pete Graham
18255,pete-hamill,Pete Hamill
18256,pete-henderson,Pete Henderson
18257,pete-janssen,Pete Janssen
18258,pete-kleinow,Pete Kleinow
18259,pete-mccloskey,Pete McCloskey
18260,pete-postlethwaite,Pete Postlethwaite
18261,pete-schrum,Pete Schrum
18262,pete-simpson-2,Pete Simpson
18263,pete-smith-3,Pete Smith
18264,peter-ackerman,Peter Ackerman
18265,peter-andersson,Peter Andersson
18266,peter-anthony-tambakis,Peter Anthony Tambakis
18267,peter-appel,Peter Appel
18268,peter-archer,Peter Archer
18269,peter-asmussen,Peter Asmussen
18270,peter-assogbavi,Peter Assogbavi
18271,peter-aylward,Peter Aylward
18272,peter-baynham,Peter Baynham
18273,peter-behn,Peter Behn
18274,peter-bellwood,Peter Bellwood
18275,peter-benchley,Peter Benchley
18276,peter-benedict,Peter Benedict
18277,peter-berg,Peter Berg
18278,peter-billingsley,Peter Billingsley
18279,peter-bogdanovich,Peter Bogdanovich
18280,peter-bonerz,Peter Bonerz
18281,peter-boyden,Peter Boyden
18282,peter-boyle,Peter Boyle
18283,peter-breitmayer,Peter Breitmayer
18284,peter-brett,Peter Brett
18285,peter-brewis,Peter Brewis
18286,peter-bride-kirk,Peter Bride-Kirk
18287,peter-brocco,Peter Brocco
18288,peter-brown-34,Peter Brown
18289,peter-bruni,Peter Bruni
18290,peter-bryja,Péter Bryja
18291,peter-bull,Peter Bull
18292,peter-burton,Peter Burton
18293,peter-caldwell,Peter Caldwell
18294,peter-capaldi,Peter Capaldi
18295,peter-capell,Peter Capell
18296,peter-carlberg,Peter Carlberg
18297,peter-cartwright,Peter Cartwright
18298,peter-carver,Peter Carver
18299,peter-castellotti,Peter Castellotti
18300,peter-cattaneo,Peter Cattaneo
18301,peter-cellier,Peter Cellier
18302,peter-chiang,Peter Chiang
18303,peter-cook,Peter Cook
18304,peter-copley,Peter Copley
18305,peter-coyote,Peter Coyote
18306,peter-craig,Peter Craig
18307,peter-cranwell,Peter Cranwell
18308,peter-cullen,Peter Cullen
18309,peter-cushing,Peter Cushing
18310,peter-davies-4,Peter Davies
18311,peter-dean-jackson,Peter Dean Jackson
18312,peter-dennett,Peter Dennett
18313,peter-dennis,Peter Dennis
18314,peter-deutsch,Peter Deutsch
18315,peter-diamond,Peter Diamond
18316,peter-digesu,Peter DiGesu
18317,peter-dinklage,Peter Dinklage
18318,peter-dobai,Péter Dobai
18319,peter-dobson,Peter Dobson
18320,peter-donald-badalamenti-ii,Peter Donald Badalamenti II
18321,peter-dougherty,Peter Dougherty
18322,peter-dvorsky,Peter Dvorsky
18323,peter-edmund,Peter Edmund
18324,peter-elliott-2,Peter Elliott
18325,peter-eriksson,Peter Eriksson
18326,peter-ettedgui,Peter Ettedgui
18327,peter-evans-10,Peter Evans
18328,peter-fain,Peter Fain
18329,peter-falk,Peter Falk
18330,peter-fancsikai,Péter Fancsikai
18331,peter-farrelly,Peter Farrelly
18332,peter-fellows,Peter Fellows
18333,peter-firth,Peter Firth
18334,peter-fitz,Peter Fitz
18335,peter-fonda,Peter Fonda
18336,peter-frankland,Peter Frankland
18337,peter-frechette,Peter Frechette
18338,peter-friedman,Peter Friedman
18339,peter-gabb,Peter Gabb
18340,peter-gale,Peter Gale
18341,peter-gallagher,Peter Gallagher
18342,peter-gatto,Peter Gatto
18343,peter-gaunt,Peter Gaunt
18344,peter-george-2,Peter George
18345,peter-graves,Peter Graves
18346,peter-greene,Peter Greene
18347,peter-griffith,Peter Griffith
18348,peter-guinness,Peter Guinness
18349,peter-haber,Peter Haber
18350,peter-halliday,Peter Halliday
18351,peter-handke,Peter Handke
18352,peter-hans-benson,Peter Hans Benson
18353,peter-hedges-2,Peter Hedges
18354,peter-henry-arnatsiaq,Peter-Henry Arnatsiaq
18355,peter-hermann,Peter Hermann
18356,peter-higgs,Peter Higgs
18357,peter-hinwood,Peter Hinwood
18358,peter-hugo-daly,Peter-Hugo Daly
18359,peter-hujar,Peter Hujar
18360,peter-ily-huemer,Peter Ily Huemer
18361,peter-jackson,Peter Jackson
18362,peter-jason,Peter Jason
18363,peter-jay-fernandez,Peter Jay Fernandez
18364,peter-jeffrey,Peter Jeffrey
18365,peter-jenni,Peter Jenni
18366,peter-jonfield,Peter Jonfield
18367,peter-joshua-hull,Peter Joshua Hull
18368,peter-kalloy-molnar,Péter Kálloy Molnár
18369,peter-kay,Peter Kay
18370,peter-kelamis,Peter Kelamis
18371,peter-kenny-5,Peter Kenny
18372,peter-kent,Peter Kent
18373,peter-kerwin,Peter Kerwin
18374,peter-krause,Peter Krause
18375,peter-la-farge,Peter La Farge
18376,peter-laird,Peter Laird
18377,peter-licassi,Peter Licassi
18378,peter-lord,Peter Lord
18379,peter-lorre,Peter Lorre
18380,peter-lownds,Peter Lownds
18381,peter-maas,Peter Maas
18382,peter-mackenzie,Peter Mackenzie
18383,peter-macneill,Peter MacNeill
18384,peter-macnicol,Peter MacNicol
18385,peter-maloney,Peter Maloney
18386,peter-martins,Peter Martins
18387,peter-masterson,Peter Masterson
18388,peter-mayhew,Peter Mayhew
18389,peter-mcdonald,Peter McDonald
18390,peter-mcenery,Peter McEnery
18391,peter-mcnally-6,Peter McNally
18392,peter-mcneil-oconnor,Peter McNeil O'Connor
18393,peter-mcnicholl,Peter McNicholl
18394,peter-mcrobbie,Peter McRobbie
18395,peter-morgan,Peter Morgan
18396,peter-mullan,Peter Mullan
18397,peter-n-anyieth,Peter N. Anyieth
18398,peter-n-lyas-iii,Peter N. Lyas III
18399,peter-ostrum,Peter Ostrum
18400,peter-otoole,Peter O'Toole
18401,peter-panaro,Peter Panaro
18402,peter-polycarpou,Peter Polycarpou
18403,peter-potulski,Peter Potulski
18404,peter-r-bird,Peter R. Bird
18405,peter-ramsey-2,Peter Ramsey
18406,peter-ratray,Peter Ratray
18407,peter-renaday,Peter Renaday
18408,peter-riegert,Peter Riegert
18409,peter-rock,Peter Rock
18410,peter-rohr,Peter Rohr
18411,peter-ruhring,Peter Rühring
18412,peter-s-kim,Peter S. Kim
18413,peter-s-seaman,Peter S. Seaman
18414,peter-sagal,Peter Sagal
18415,peter-sallis,Peter Sallis
18416,peter-sarsgaard,Peter Sarsgaard
18417,peter-savage,Peter Savage
18418,peter-sellers,Peter Sellers
18419,peter-serafinowicz,Peter Serafinowicz
18420,peter-shaffer,Peter Shaffer
18421,peter-simonischek,Peter Simonischek
18422,peter-simpson-4,Peter Simpson
18423,peter-sohn,Peter Sohn
18424,peter-sommerfeld,Peter Sommerfeld
18425,peter-spears,Peter Spears
18426,peter-stader,Peter Stader
18427,peter-staley,Peter Staley
18428,peter-stockbridge,Peter Stockbridge
18429,peter-stone,Peter Stone
18430,peter-stormare,Peter Stormare
18431,peter-straughan,Peter Straughan
18432,peter-strickland,Peter Strickland
18433,peter-stuart,Peter Stuart
18434,peter-swanwick,Peter Swanwick
18435,peter-syvertsen,Peter Syvertsen
18436,peter-ustinov,Peter Ustinov
18437,peter-van-eyck,Peter van Eyck
18438,peter-vaughan,Peter Vaughan
18439,peter-vida,Péter Vida
18440,peter-viertel,Peter Viertel
18441,peter-von-berg,Peter Von Berg
18442,peter-ware,Peter Ware
18443,peter-wee,Peter Wee
18444,peter-weir,Peter Weir
18445,peter-weiss-8,Peter Weiss
18446,peter-weller,Peter Weller
18447,peter-werner,Peter Werner
18448,peter-whitford,Peter Whitford
18449,peter-whitman,Peter Whitman
18450,peter-whitney,Peter Whitney
18451,peter-whittle,Peter Whittle
18452,peter-wight,Peter Wight
18453,peter-williams,Peter Williams
18454,peter-wollen,Peter Wollen
18455,peter-wyngarde,Peter Wyngarde
18456,peter-yates,Peter Yates
18457,peter-young-2,Peter Young
18458,peto-kinsaka,Peto Kinsaka
18459,petra-martinez,Petra Martínez
18460,petter-andersson,Petter Andersson
18461,petula-clark,Petula Clark
18462,pf-kluge,P.F. Kluge
18463,ph-moriarty,P.H. Moriarty
18464,phaldut-sharma,Phaldut Sharma
18465,phan-ti-my-duyen,Phan Ti My Duyen
18466,phelim-drew,Phelim Drew
18467,phellipe-haagensen,Phellipe Haagensen
18468,phetmongkol-chantawong,Phetmongkol Chantawong
18469,phetthai-vongkumlao,Phetthai Vongkumlao
18470,phi-dieu,Phi Dieu
18471,phil-arnold,Phil Arnold
18472,phil-bloom,Phil Bloom
18473,phil-boardman,Phil Boardman
18474,phil-brown,Phil Brown
18475,phil-daniels,Phil Daniels
18476,phil-davis-2,Phil Davis
18477,phil-dustan,Phil Dustan
18478,phil-fondacaro,Phil Fondacaro
18479,phil-harris,Phil Harris
18480,phil-harvey,Phil Harvey
18481,phil-hawn,Phil Hawn
18482,phil-helm,Phil Helm
18483,phil-lamarr,Phil LaMarr
18484,phil-leeds,Phil Leeds
18485,phil-lord,Phil Lord
18486,phil-mccall,Phil McCall
18487,phil-reeves,Phil Reeves
18488,phil-rosenthal,Phil Rosenthal
18489,phil-spector,Phil Spector
18490,philip-a-gillis,Philip A. Gillis
18491,philip-baker-hall,Philip Baker Hall
18492,philip-barry,Philip Barry
18493,philip-battley,Philip Battley
18494,philip-bosco,Philip Bosco
18495,philip-botelho,Philip Botelho
18496,philip-burnley,Philip Burnley
18497,philip-chan,Philip Chan
18498,philip-cheah,Philip Cheah
18499,philip-coolidge,Philip Coolidge
18500,philip-dodds,Philip Dodds
18501,philip-dunne,Philip Dunne
18502,philip-ettinger,Philip Ettinger
18503,philip-franks,Philip Franks
18504,philip-g-epstein-2,Philip G. Epstein
18505,philip-glass,Philip Glass
18506,philip-granger,Philip Granger
18507,philip-k-dick,Philip K. Dick
18508,philip-kaufman,Philip Kaufman
18509,philip-kensinger,Philip Kensinger
18510,philip-keung,Philip Keung
18511,philip-king-4,Philip King
18512,philip-kirk,Philip Kirk
18513,philip-l-clarke,Philip L. Clarke
18514,philip-lawrence-3,Philip Lawrence
18515,philip-lazebnik,Philip LaZebnik
18516,philip-leaver,Philip Leaver
18517,philip-lenkowsky,Philip Lenkowsky
18518,philip-levien,Philip Levien
18519,philip-macdonald,Philip MacDonald
18520,philip-mansfield,Philip Mansfield
18521,philip-markert,Philip Markert
18522,philip-mcgrade,Philip McGrade
18523,philip-ober,Philip Ober
18524,philip-paul-peter-hudson,Philip Paul Peter Hudson
18525,philip-seymour-hoffman,Philip Seymour Hoffman
18526,philip-stainton,Philip Stainton
18527,philip-stone,Philip Stone
18528,philip-suriano,Philip Suriano
18529,philip-tan,Philip Tan
18530,philip-tonge,Philip Tonge
18531,philip-van-doren-stern,Philip Van Doren Stern
18532,philip-van-zandt,Philip Van Zandt
18533,philip-whitchurch,Philip Whitchurch
18534,philip-winter,Philip Winter
18535,philipp-heiss,Philipp Heiss
18536,philippa-boyens,Philippa Boyens
18537,philippa-hare,Philippa Hare
18538,philippa-urquhart,Philippa Urquhart
18539,philippe-asselin,Philippe Asselin
18540,philippe-besson,Philippe Besson
18541,philippe-de-broca,Philippe de Broca
18542,philippe-derrez,Philippe Derrez
18543,philippe-djian,Philippe Djian
18544,philippe-dumat,Philippe Dumat
18545,philippe-jeusette,Philippe Jeusette
18546,philippe-jouannet,Philippe Jouannet
18547,philippe-katerine,Philippe Katerine
18548,philippe-laudenbach,Philippe Laudenbach
18549,philippe-lesage,Philippe Lesage
18550,philippe-manesse,Philippe Manesse
18551,philippe-morier-genoud,Philippe Morier-Genoud
18552,philippe-noiret,Philippe Noiret
18553,philippe-paimblanc,Philippe Paimblanc
18554,philippe-petit,Philippe Petit
18555,philippe-richard,Philippe Richard
18556,philippe-tran,Philippe Tran
18557,philippe-volter,Philippe Volter
18558,phill-lewis,Phill Lewis
18559,phillip-alford,Phillip Alford
18560,phillip-chung-fung-kwok,Phillip Chung-Fung Kwok
18561,phillip-rhys-chaudhary,Phillip Rhys Chaudhary
18562,phillip-strong,Phillip Strong
18563,phillipa-soo,Phillipa Soo
18564,phillipe-simon,Phillipe Simon
18565,phoebe-alexander,Phoebe Alexander
18566,phoebe-augustine,Phoebe Augustine
18567,phoebe-cates,Phoebe Cates
18568,phoebe-falconer,Phoebe Falconer
18569,phoebe-gloeckner,Phoebe Gloeckner
18570,phoebe-hawthorne,Phoebe Hawthorne
18571,phoebe-nicholls,Phoebe Nicholls
18572,phra-sripariyattiweti,Phra Sripariyattiweti
18573,phurba-tashi-sherpa,Phurba Tashi Sherpa
18574,phyllis-burford,Phyllis Burford
18575,phyllis-coghlan,Phyllis Coghlan
18576,phyllis-diller,Phyllis Diller
18577,phyllis-kennedy,Phyllis Kennedy
18578,phyllis-kirklin,Phyllis Kirklin
18579,phyllis-logan,Phyllis Logan
18580,phyllis-lyons,Phyllis Lyons
18581,phyllis-nagy,Phyllis Nagy
18582,phyllis-smith,Phyllis Smith
18583,phyllis-somerville,Phyllis Somerville
18584,phyllis-sutton,Phyllis Sutton
18585,phyllis-thaxter,Phyllis Thaxter
18586,phyllis-yvonne-stickney,Phyllis Yvonne Stickney
18587,pier-giorgio-bellocchio,Pier Giorgio Bellocchio
18588,pier-luc-funk,Pier-Luc Funk
18589,pier-paolo-pasolini,Pier Paolo Pasolini
18590,pierangelo-civera,Pierangelo Civera
18591,pierce-brosnan,Pierce Brosnan
18592,pierluigi-colpo,Pierluigi Colpo
18593,piero-castellini,Piero Castellini
18594,piero-crucitti,Piero Crucitti
18595,piero-mazzinghi,Piero Mazzinghi
18596,piero-vida,Piero Vida
18597,pierre-aubert,Pierre Aubert
18598,pierre-baillot,Pierre Baillot
18599,pierre-baton,Pierre Baton
18600,pierre-bedenes,Pierre Bedenes
18601,pierre-benoist-varoclier,Pierre-Benoist Varoclier
18602,pierre-bismuth,Pierre Bismuth
18603,pierre-boileau,Pierre Boileau
18604,pierre-boulle,Pierre Boulle
18605,pierre-brasseur,Pierre Brasseur
18606,pierre-caden,Pierre Caden
18607,pierre-chagnon,Pierre Chagnon
18608,pierre-clauzel,Pierre Clauzel
18609,pierre-clementi,Pierre Clémenti
18610,pierre-coffin,Pierre Coffin
18611,pierre-collet,Pierre Collet
18612,pierre-cottrell,Pierre Cottrell
18613,pierre-dux,Pierre Dux
18614,pierre-fabre,Pierre Fabre
18615,pierre-forget,Pierre Forget
18616,pierre-francois-garel,Pierre-François Garel
18617,pierre-gagnaire,Pierre Gagnaire
18618,pierre-gascar,Pierre Gascar
18619,pierre-grasset,Pierre Grasset
18620,pierre-guerder,Pierre Guerder
18621,pierre-klossowski,Pierre Klossowski
18622,pierre-larquey,Pierre Larquey
18623,pierre-leccia-2,Pierre Leccia
18624,pierre-magnier,Pierre Magnier
18625,pierre-maguelon,Pierre Maguelon
18626,pierre-meunier,Pierre Meunier
18627,pierre-morel,Pierre Morel
18628,pierre-nay,Pierre Nay
18629,pierre-nisse,Pierre Nisse
18630,pierre-quentin-faesch,Pierre-Quentin Faesch
18631,pierre-quintin,Pierre Quintin
18632,pierre-renoir,Pierre Renoir
18633,pierre-risch,Pierre Risch
18634,pierre-salvadori,Pierre Salvadori
18635,pierre-segui,Pierre Segui
18636,pierre-soubestre,Pierre Soubestre
18637,pierre-van-vliet,Pierre Van Vliet
18638,pierre-vaudier,Pierre Vaudier
18639,pierre-vernier,Pierre Vernier
18640,pierre-watkin,Pierre Watkin
18641,pieter-jan-brugge,Pieter Jan Brugge
18642,pietro-bartolo,Pietro Bartolo
18643,piggy-chan,Piggy Chan
18644,pil-sung-yim,Pil-sung Yim
18645,pilar-aranda,Pilar Aranda
18646,pilar-brehm-mondragon,Pilar Brehm Mondragón
18647,pili-groyne,Pili Groyne
18648,pim-bongaerts,Pim Bongaerts
18649,pina-bausch,Pina Bausch
18650,ping-choykwok,Ping Choykwok
18651,ping-hao,Ping Hao
18652,pino-patti,Pino Patti
18653,pinto-colvig,Pinto Colvig
18654,pio-marmai,Pio Marmaï
18655,piotr-borkowski,Piotr Borkowski
18656,piotr-czarniecki,Piotr Czarniecki
18657,piotr-machalica,Piotr Machalica
18658,piotr-michael,Piotr Michael
18659,piotr-sadul,Piotr Sadul
18660,piotr-stramowski,Piotr Stramowski
18661,pip-mushin,Pip Mushin
18662,pipe-line-begishe,Pipe Line Begishe
18663,piper-blair,Piper Blair
18664,piper-laurie,Piper Laurie
18665,piper-perabo,Piper Perabo
18666,pipily-akkitirq,Pipily Akkitirq
18667,pippa-scott,Pippa Scott
18668,pippo-delbono,Pippo Delbono
18669,piqria-niqabadze,Piqria Niqabadze
18670,pir-marini,Pir Marini
18671,pita,Pîtâ
18672,pixie-bigelow,Pixie Bigelow
18673,piyaphong-vongkamlao,Piyaphong Vongkamlao
18674,piyush-mishra,Piyush Mishra
18675,pj-benjamin,P.J. Benjamin
18676,pj-rainey,P.J. Rainey
18677,pj-soles,P.J. Soles
18678,pl-travers,P.L. Travers
18679,platon-kamenev,Platon Kamenev
18680,plutarch,Plutarch
18681,po-chun-chow,Po-chun Chow
18682,pochi-ducasse,Pochi Ducasse
18683,poh-si-teng,Poh Si Teng
18684,pohshon-choy,Pohshon Choy
18685,pokey-champion,Pokey Champion
18686,pol-monen,Pol Monen
18687,poli-suarez,Poli Suárez
18688,polidor,Polidor
18689,polina-aug,Polina Aug
18690,polly-adams-2,Polly Adams
18691,polly-bailey,Polly Bailey
18692,polly-holliday,Polly Holliday
18693,polly-moran,Polly Moran
18694,polly-platt,Polly Platt
18695,pom-klementieff,Pom Klementieff
18696,poncho-morales,Poncho Morales
18697,pongsadhorn-lertsukon,Pongsadhorn Lertsukon
18698,pony-soleil-air-sauvage-nature,Pony-Soleil-Air-Sauvage-Nature
18699,pooh-man,Pooh Man
18700,pooja-goswami,Pooja Goswami
18701,pooja-kumar,Pooja Kumar
18702,pope-benedict-xvi,Pope Benedict XVI
18703,pope-francis,Pope Francis
18704,popeck,Popeck
18705,pornpimol-chookanthong,Pornpimol Chookanthong
18706,porter-hall,Porter Hall
18707,powers-boothe,Powers Boothe
18708,prachya-pinkaew,Prachya Pinkaew
18709,pradeep-singh-rawat,Pradeep Singh Rawat
18710,praghosa,Praghosa
18711,prakasit-padsena,Prakasit Padsena
18712,pramize-patterson,Pra'mize Patterson
18713,pramod-pathak,Pramod Pathak
18714,pramode-kumar,Pramode Kumar
18715,precious-chong,Precious Chong
18716,preston-drabble,Preston Drabble
18717,preston-mcdowell,Preston McDowell
18718,preston-sturges,Preston Sturges
18719,preston-wigasi-brant,Preston Wigasi Brant
18720,pretextat-bgelidi,Pretextat Bgelidi
18721,price,Price
18722,price-carson,Price Carson
18723,pricette-zannou,Pricette Zannou
18724,priscilla-allen,Priscilla Allen
18725,priscilla-boyd,Priscilla Boyd
18726,priscilla-manning,Priscilla Manning
18727,priscilla-pointer,Priscilla Pointer
18728,priscilla-presley,Priscilla Presley
18729,prokhorenko,Prokhorenko
18730,protopopov,Protopopov
18731,prudence-beers,Prudence Beers
18732,pruitt-taylor-vince,Pruitt Taylor Vince
18733,prunella-scales,Prunella Scales
18734,pu-ye-dong,Pu Ye Dong
18735,pumwaree-yodkamol,Pumwaree Yodkamol
18736,pun-bandhu,Pun Bandhu
18737,pupella-maggio,Pupella Maggio
18738,purnell-pratt,Purnell Pratt
18739,purv-pullen,Purv Pullen
18740,putyi-horvath,Putyi Horváth
18741,qi-zi,Qi Zi
18742,qin-xiaozhangchao,Qin XiaoZhangchao
18743,qin-zhang,Qin Zhang
18744,qing-li-3,Qing Li
18745,quante-cockrell,Quante Cockrell
18746,queen-nunn,Queen Nunn
18747,queenie-leonard,Queenie Leonard
18748,queenie-smith,Queenie Smith
18749,quentin-dean,Quentin Dean
18750,quentin-dolmaire,Quentin Dolmaire
18751,quentin-medrinal,Quentin Médrinal
18752,quentin-tarantino,Quentin Tarantino
18753,questlove,Questlove
18754,quincy-bryant,Quincy Bryant
18755,quincy-tyler-bernstine,Quincy Tyler Bernstine
18756,quinn-dempsey-stiller,Quinn Dempsey Stiller
18757,quinn-gasaway,Quinn Gasaway
18758,quinn-k-redeker,Quinn K. Redeker
18759,quinn-maixner,Quinn Maixner
18760,quinn-nagle,Quinn Nagle
18761,quinn-smith-2,Quinn Smith
18762,quinn-vanantwerp,Quinn VanAntwerp
18763,quintessa-swindell,Quintessa Swindell
18764,quinton-campbell,Quinton Campbell
18765,quvenzhane-wallis,Quvenzhané Wallis
18766,r-glenn-hubbard,R. Glenn Hubbard
18767,r-lee-ermey,R. Lee Ermey
18768,ra-mi-ran,Ra Mi-ran
18769,raad-rawi,Raad Rawi
18770,rabah-loucif,Rabah Loucif
18771,rabah-nait-oufella,Rabah Nait Oufella
18772,rabia-ozel,Rabia Özel
18773,rachael-bella,Rachael Bella
18774,rachael-denhollander,Rachael Denhollander
18775,rachael-harris,Rachael Harris
18776,rachael-lillis,Rachael Lillis
18777,rachael-markarian,Rachael Markarian
18778,rachael-stirling,Rachael Stirling
18779,rachel-arditi,Rachel Arditi
18780,rachel-avery,Rachel Avery
18781,rachel-ayalo,Rachel Ayalo
18782,rachel-banham,Rachel Banham
18783,rachel-bannon,Rachel Bannon
18784,rachel-boston,Rachel Boston
18785,rachel-boynton,Rachel Boynton
18786,rachel-daisy-ellis,Rachel Daisy Ellis
18787,rachel-dratch,Rachel Dratch
18788,rachel-farrar,Rachel Farrar
18789,rachel-majorowski,Rachel Majorowski
18790,rachel-mcadams,Rachel McAdams
18791,rachel-mittelman,Rachel Mittelman
18792,rachel-nichols,Rachel Nichols
18793,rachel-regulier,Rachel Regulier
18794,rachel-richardson-2,Rachel Richardson
18795,rachel-roberts,Rachel Roberts
18796,rachel-shelley,Rachel Shelley
18797,rachel-singer,Rachel Singer
18798,rachel-szor,Rachel Szor
18799,rachel-ticotin,Rachel Ticotin
18800,rachel-weisz,Rachel Weisz
18801,rachel-zegler,Rachel Zegler
18802,rada-rassimov,Rada Rassimov
18803,radha-mitchell,Radha Mitchell
18804,radivoje-bukvic,Radivoje Bukvic
18805,radoslaw-kaim,Radoslaw Kaim
18806,radu-banzaru,Radu Bânzaru
18807,radu-dumitrache,Radu Dumitrache
18808,radu-jude,Radu Jude
18809,rae-dawn-chong,Rae Dawn Chong
18810,raf-baldassarre,Raf Baldassarre
18811,rafael-alcayde,Rafael Alcayde
18812,rafael-azcona,Rafael Azcona
18813,rafael-blanco,Rafael Blanco
18814,rafael-de-martis,Rafael de Martis
18815,rafael-feldman,Rafael Feldman
18816,rafael-fernandez,Rafael Fernández
18817,rafael-hernandez-10,Rafael Hernandez
18818,rafael-morais,Rafael Morais
18819,rafael-sabatini,Rafael Sabatini
18820,rafael-silva-2,Rafael Silva
18821,rafael-spregelburd,Rafael Spregelburd
18822,rafe-newhouse,Rafe Newhouse
18823,rafe-spall,Rafe Spall
18824,raffaele-donato,Raffaele Donato
18825,raffey-cassidy,Raffey Cassidy
18826,raffi-tchalikian,Raffi Tchalikian
18827,rafi-gavron,Rafi Gavron
18828,raghubir-yadav,Raghubir Yadav
18829,rahim-abbasi,Rahim Abbasi
18830,rahul-kumar-5,Rahul Kumar
18831,rai-tasco,Rai Tasco
18832,raimo-rendi,Raimo Rendi
18833,raimund-stamm,Raimund Stamm
18834,raimundas-banionis,Raimundas Banionis
18835,raimy-lang,Raimy Lang
18836,raina-block,Raina Block
18837,rainer-bock,Rainer Bock
18838,rainer-krause,Rainer Krause
18839,rainer-sellien,Rainer Sellien
18840,raj-zutshi,Raj Zutshi
18841,rajendra-gupta,Rajendra Gupta
18842,rajesh-vivek,Rajesh Vivek
18843,rajiv-surendra,Rajiv Surendra
18844,rajkumar-hirani,Rajkumar Hirani
18845,rajkummar-rao,Rajkummar Rao
18846,rakhsan,Rakhsan
18847,ralf-little,Ralf Little
18848,ralf-moeller,Ralf Moeller
18849,ralf-richter,Ralf Richter
18850,ralf-wolter,Ralf Wolter
18851,ralph-a-cognetti,Ralph A. Cognetti
18852,ralph-bard,Ralph Bard
18853,ralph-beaumont,Ralph Beaumont
18854,ralph-bellamy,Ralph Bellamy
18855,ralph-brooks,Ralph Brooks
18856,ralph-brown,Ralph Brown
18857,ralph-byrd,Ralph Byrd
18858,ralph-colucci,Ralph Colucci
18859,ralph-davis-2,Ralph Davis
18860,ralph-dumke,Ralph Dumke
18861,ralph-dunn,Ralph Dunn
18862,ralph-eggleston,Ralph Eggleston
18863,ralph-fiennes,Ralph Fiennes
18864,ralph-ineson,Ralph Ineson
18865,ralph-lewis,Ralph Lewis
18866,ralph-louis-harris,Ralph Louis Harris
18867,ralph-macchio,Ralph Macchio
18868,ralph-meeker,Ralph Meeker
18869,ralph-p-martin,Ralph P. Martin
18870,ralph-peduto,Ralph Peduto
18871,ralph-richardson,Ralph Richardson
18872,ralph-seymour,Ralph Seymour
18873,ralph-sipperly,Ralph Sipperly
18874,ralph-spence,Ralph Spence
18875,ralph-st-george,Ralph St. George
18876,ralph-truman,Ralph Truman
18877,ralph-waite,Ralph Waite
18878,ralph-wright,Ralph Wright
18879,ramell-ross,RaMell Ross
18880,rami-danon,Rami Danon
18881,rami-farah,Rami Farah
18882,ramin-bahrani,Ramin Bahrani
18883,ramin-parham,Ramin Parham
18884,ramis-ibragimov,Ramis Ibragimov
18885,rammellzee,Rammellzee
18886,ramon-agirre,Ramón Agirre
18887,ramon-bieri,Ramon Bieri
18888,ramon-camin,Ramon Camín
18889,ramon-frank,Ramon Frank
18890,ramon-nunez-2,Ramon Nuñez
18891,ramon-porto,Ramón Porto
18892,ramona-africa,Ramona Africa
18893,ramona-blair,Ramona Blair
18894,ramona-fiorini,Ramona Fiorini
18895,ramona-marquez,Ramona Marquez
18896,ramontay-mcconnell,Ramontay McConnell
18897,ramsay-ames,Ramsay Ames
18898,ramsay-hill,Ramsay Hill
18899,ramsey-sprague,Ramsey Sprague
18900,ramy-youssef,Ramy Youssef
18901,ramzan-kadyrov,Ramzan Kadyrov
18902,rana-azadivar,Ra'na Azadivar
18903,rana-husseini,Rana Husseini
18904,ranald-macdougall,Ranald MacDougall
18905,rance-howard,Rance Howard
18906,rand-brooks,Rand Brooks
18907,rand-harper,Rand Harper
18908,randal-douc,Randal Douc
18909,randal-edwards,Randal Edwards
18910,randal-kleiser,Randal Kleiser
18911,randall-batinkoff,Randall Batinkoff
18912,randall-berger,Randall Berger
18913,randall-carver,Randall Carver
18914,randall-deal,Randall Deal
18915,randall-duk-kim,Randall Duk Kim
18916,randall-paul,Randall Paul
18917,randall-tex-cobb,Randall 'Tex' Cobb
18918,randall-wulff,Randall Wulff
18919,randee-heller,Randee Heller
18920,randi-mayem-singer,Randi Mayem Singer
18921,randolph-jones,Randolph Jones
18922,randolph-scott,Randolph Scott
18923,randolph-scott-2,Randolph Scott
18924,randy-brenner,Randy Brenner
18925,randy-brooks,Randy Brooks
18926,randy-crenshaw,Randy Crenshaw
18927,randy-danson,Randy Danson
18928,randy-evans,Randy Evans
18929,randy-jurgensen,Randy Jurgensen
18930,randy-pausch,Randy Pausch
18931,randy-quaid,Randy Quaid
18932,randy-stripling,Randy Stripling
18933,randy-stuart,Randy Stuart
18934,randy-thom,Randy Thom
18935,rania-mellouli,Rania Mellouli
18936,ransom-gates,Ransom Gates
18937,raoul-delfosse,Raoul Delfosse
18938,raoul-marco,Raoul Marco
18939,raoul-max-trujillo,Raoul Max Trujillo
18940,raoul-peck,Raoul Peck
18941,raoul-poole,Raoul Poole
18942,raoul-walsh,Raoul Walsh
18943,raphael-acloque,Raphael Acloque
18944,raphael-alejandro,Raphael Alejandro
18945,raphael-desprez,Raphael Desprez
18946,raphael-fejto,Raphael Fejtö
18947,raphael-holinshed,Raphael Holinshed
18948,raphael-lenglet,Raphaël Lenglet
18949,raquel-gavia,Raquel Gavia
18950,raquel-torres,Raquel Torres
18951,rasheeka-washington,Rasheeka Washington
18952,rashel-novikoff,Rashel Novikoff
18953,rashid-aitouganov,Rashid Aitouganov
18954,rashida,Rashida
18955,rashida-jones,Rashida Jones
18956,rasmane-ouedraogo,Rasmané Ouédraogo
18957,rasmus-heisterberg,Rasmus Heisterberg
18958,rasmus-luthander,Rasmus Luthander
18959,raul-arevalo,Raúl Arévalo
18960,raul-garcia-4,Raúl García
18961,raul-garcia-forneiro,Raúl García Forneiro
18962,raul-lissarague,Raúl Lissarague
18963,raul-ribera,Raul Ribera
18964,raven-goodwin,Raven Goodwin
18965,raven-jackson,Raven Jackson
18966,ray-anthony-3,Ray Anthony
18967,ray-baker,Ray Baker
18968,ray-beltram,Ray Beltram
18969,ray-bennett,Ray Bennett
18970,ray-bolger,Ray Bolger
18971,ray-charles,Ray Charles
18972,ray-charleson,Ray Charleson
18973,ray-collins,Ray Collins
18974,ray-cooper,Ray Cooper
18975,ray-damore,Ray D'Amore
18976,ray-de-haan,Ray De-Haan
18977,ray-evans,Ray Evans
18978,ray-gedeon,Ray Gedeon
18979,ray-godshall-sr,Ray Godshall Sr.
18980,ray-hyke,Ray Hyke
18981,ray-iannicelli,Ray Iannicelli
18982,ray-jeffries,Ray Jeffries
18983,ray-liotta,Ray Liotta
18984,ray-mcanally,Ray McAnally
18985,ray-mckinnon,Ray McKinnon
18986,ray-milland,Ray Milland
18987,ray-mort,Ray Mort
18988,ray-nelson,Ray Nelson
18989,ray-romano,Ray Romano
18990,ray-spiker,Ray Spiker
18991,ray-teal,Ray Teal
18992,ray-walston,Ray Walston
18993,ray-winstone,Ray Winstone
18994,ray-wise,Ray Wise
18995,rayan-sarlak,Rayan Sarlak
18996,raye-birk,Raye Birk
18997,raye-farr,Raye Farr
18998,rayford-barnes,Rayford Barnes
18999,raymond-alvarez,Raymond Alvarez
19000,raymond-anthony-thomas,Raymond Anthony Thomas
19001,raymond-bailey,Raymond Bailey
19002,raymond-big-guy-gonzales,Raymond 'Big Guy' Gonzales
19003,raymond-burr,Raymond Burr
19004,raymond-bussieres,Raymond Bussières
19005,raymond-carl,Raymond Carl
19006,raymond-carver,Raymond Carver
19007,raymond-chandler,Raymond Chandler
19008,raymond-coulthard,Raymond Coulthard
19009,raymond-cruz,Raymond Cruz
19010,raymond-d-turner,Raymond D. Turner
19011,raymond-hunflet,Raymond Hunflet
19012,raymond-j-barry,Raymond J. Barry
19013,raymond-j-lee,Raymond J. Lee
19014,raymond-johnson,Raymond Johnson
19015,raymond-mearns,Raymond Mearns
19016,raymond-serra,Raymond Serra
19017,raymond-st-jacques,Raymond St. Jacques
19018,raymond-thiry,Raymond Thiry
19019,raymond-waring,Raymond Waring
19020,raynor-scheine,Raynor Scheine
19021,raza-jaffrey,Raza Jaffrey
19022,raziah-lewis,Raziah Lewis
19023,razvan-lutac,Razvan Lutac
19024,razvan-radulescu,Razvan Radulescu
19025,rc-sherriff,R.C. Sherriff
19026,rd-reid,R.D. Reid
19027,rd-robb,R.D. Robb
19028,re-stick-faessler,R.E. 'Stick' Faessler
19029,reathel-bean,Reathel Bean
19030,rebeca-andrade-2,Rebeca Andrade
19031,rebecca-beegle,Rebecca Beegle
19032,rebecca-borger,Rebecca Borger
19033,rebecca-c-olson,Rebecca C. Olson
19034,rebecca-cornford,Rebecca Cornford
19035,rebecca-de-mornay,Rebecca De Mornay
19036,rebecca-ferguson,Rebecca Ferguson
19037,rebecca-field-2,Rebecca Field
19038,rebecca-gooden,Rebecca Gooden
19039,rebecca-hall,Rebecca Hall
19040,rebecca-howard-2,Rebecca Howard
19041,rebecca-jenkins,Rebecca Jenkins
19042,rebecca-lawrence-levy,Rebecca Lawrence Levy
19043,rebecca-lenkiewicz,Rebecca Lenkiewicz
19044,rebecca-naomi-jones,Rebecca Naomi Jones
19045,rebecca-pan,Rebecca Pan
19046,rebecca-rees,Rebecca Rees
19047,rebecca-romijn,Rebecca Romijn
19048,rebecca-ruan-oshaughnessy,Rebecca Ruan-O'Shaughnessy
19049,rebecca-toolan,Rebecca Toolan
19050,rebecca-waxman,Rebecca Waxman
19051,rebecca-williams,Rebecca Williams
19052,rebekah-wiggins,Rebekah Wiggins
19053,rebekka-jynge,Rebekka Jynge
19054,red-west,Red West
19055,reda-kateb,Reda Kateb
19056,reda-oumouzoune,Reda Oumouzoune
19057,reed-diamond,Reed Diamond
19058,reed-thompson,Reed Thompson
19059,reema-sen,Reema Sen
19060,reen-vogel,Reen Vogel
19061,reena-dusila,Reena Dusila
19062,reena-shah,Reena Shah
19063,reese-witherspoon,Reese Witherspoon
19064,reg-e-cathey,Reg E. Cathey
19065,reg-rogers,Reg Rogers
19066,reg-wilson,Reg Wilson
19067,rege-jean-page,Regé-Jean Page
19068,reggie-baker,Reggie Baker
19069,reggie-carter,Reggie Carter
19070,reggie-cervantes,Reggie Cervantes
19071,reggie-johnson,Reggie Johnson
19072,reggie-lee,Reggie Lee
19073,reggie-nalder,Reggie Nalder
19074,regi-green,Regi Green
19075,regina-elena-bisio,Regina Elena Bisio
19076,regina-hall,Regina Hall
19077,regina-king,Regina King
19078,regina-taylor,Regina Taylor
19079,regina-torne,Regina Torné
19080,reginald-ballard,Reginald Ballard
19081,reginald-barlow,Reginald Barlow
19082,reginald-c-hayes,Reginald C. Hayes
19083,reginald-denny,Reginald Denny
19084,reginald-helms-jr,Reginald Helms Jr.
19085,reginald-owen,Reginald Owen
19086,reginald-rose,Reginald Rose
19087,reginald-veljohnson,Reginald VelJohnson
19088,reginaldo-leme,Reginaldo Leme
19089,regine-vial,Régine Vial
19090,regino-herrera,Regino Herrera
19091,regis-toomey,Regis Toomey
19092,rei-sakuma,Rei Sakuma
19093,reid-sasser,Reid Sasser
19094,reigo-mizoguchi,Reigo Mizoguchi
19095,reihan-heidari,Reihan Heidari
19096,reika-kirishima,Reika Kirishima
19097,reiko-dan,Reiko Dan
19098,reiko-suzuki,Reiko Suzuki
19099,reinhold-bernt,Reinhold Bernt
19100,reinhold-schunzel,Reinhold Schünzel
19101,reinhold-vorschneider,Reinhold Vorschneider
19102,reinout-bussemaker,Reinout Bussemaker
19103,reizo-nomoto,Reizô Nomoto
19104,remak-ramsay,Remak Ramsay
19105,remigijus-bilinskas,Remigijus Bilinskas
19106,remington-b-richardson,Remington B. Richardson
19107,remy-girard,Rémy Girard
19108,remy-renaud,Rémy Renaud
19109,ren-imaizumi,Ren Imaizumi
19110,ren-osugi,Ren Ôsugi
19111,ren-yamamoto,Ren Yamamoto
19112,renata-wypchlo,Renata Wypchlo
19113,renate-options,Renate Options
19114,renate-reinsve,Renate Reinsve
19115,renato-salvatori,Renato Salvatori
19116,renato-scarpa,Renato Scarpa
19117,renaud-marx,Renaud Marx
19118,rene-auberjonois,Rene Auberjonois
19119,rene-baranger,René Baranger
19120,rene-bergeron,René Bergeron
19121,rene-bernard,René Bernard
19122,rene-berthier,René Berthier
19123,rene-blancard,René Blancard
19124,rene-clement,René Clément
19125,rene-dary,René Dary
19126,rene-genin,René Génin
19127,rene-lacourt,René Lacourt
19128,rene-levert,René Levert
19129,rene-pascal,René Pascal
19130,rene-russo,Rene Russo
19131,rene-wheeler,René Wheeler
19132,renee-amber-2,Renée Amber
19133,renee-blaine,Renee Blaine
19134,renee-coleman,Renée Coleman
19135,renee-duchateau,Renée Duchateau
19136,renee-elise-goldsberry,Renée Elise Goldsberry
19137,renee-estevez,Renée Estevez
19138,renee-gadd,Renee Gadd
19139,renee-houston,Renee Houston
19140,renee-jewell,Renee Jewell
19141,renee-kelly,Renee Kelly
19142,renee-leblanc-2,Renee Leblanc
19143,renee-rogers,Renee Rogers
19144,renee-taylor,Renée Taylor
19145,renee-zellweger,Renée Zellweger
19146,reni-santoni,Reni Santoni
19147,renji-ishibashi,Renji Ishibashi
19148,rentaro-mikuni,Rentarô Mikuni
19149,renzo-chiepolo,Renzo Chiepolo
19150,repnikova,Repnikova
19151,reta-shaw,Reta Shaw
19152,rex-evans,Rex Evans
19153,rex-everhart,Rex Everhart
19154,rex-harrison,Rex Harrison
19155,rex-linn,Rex Linn
19156,rex-ngui,Rex Ngui
19157,rex-pickett,Rex Pickett
19158,rex-robbins,Rex Robbins
19159,reymonde-amsallem,Reymonde Amsallem
19160,reynaldo-arenas,Reynaldo Arenas
19161,reza-farhadi,Reza Farhadi
19162,reza-hakimi,Reza Hakimi
19163,reza-heydari,Reza Heydari
19164,reza-rasouli,Reza Rasouli
19165,rezza-shan,Rezza Shan
19166,rg-armstrong,R.G. Armstrong
19167,rhaea-albert,Rhaea Albert
19168,rhett-reese,Rhett Reese
19169,rhiana-griffith,Rhiana Griffith
19170,rhidian-bridge,Rhidian Bridge
19171,rhoda-makoff,Rhoda Makoff
19172,rhoda-williams,Rhoda Williams
19173,rhonda-fleming,Rhonda Fleming
19174,rhys-darby,Rhys Darby
19175,rhys-ifans,Rhys Ifans
19176,rhys-williams,Rhys Williams
19177,ria-pavia,Ria Pavia
19178,rian-james,Rian James
19179,ric-anderson,Ric Anderson
19180,ric-burns,Ric Burns
19181,ric-herbert,Ric Herbert
19182,ric-menello,Ric Menello
19183,ric-sarabia,Ric Sarabia
19184,ric-young,Ric Young
19185,rica-matsumoto,Rica Matsumoto
19186,ricardo-cordero,Ricardo Cordero
19187,ricardo-costa,Ricardo Costa
19188,ricardo-dalmacci,Ricardo Dalmacci
19189,ricardo-darin,Ricardo Darín
19190,ricardo-diaz-mourelle,Ricardo Díaz Mourelle
19191,ricardo-gonzalez-14,Ricardo Gonzalez
19192,ricardo-jorge,Ricardo Jorge
19193,ricardo-luna,Ricardo Luna
19194,ricardo-merkin,Ricardo Merkin
19195,ricardo-montalban,Ricardo Montalban
19196,ricardo-trepa,Ricardo Trêpa
19197,ricardo-zayas,Ricardo Zayas
19198,ricca-allen,Ricca Allen
19199,riccardo-barbieri,Riccardo Barbieri
19200,riccardo-fellini,Riccardo Fellini
19201,riccardo-ferri,Riccardo Ferri
19202,riccardo-garrone,Riccardo Garrone
19203,riccardo-scamarcio,Riccardo Scamarcio
19204,ricco-ross,Ricco Ross
19205,rich-talarico,Rich Talarico
19206,rich-turner,Rich Turner
19207,richa-chadha,Richa Chadha
19208,richard-11,Richard
19209,richard-a-roth,Richard A. Roth
19210,richard-abramson,Richard Abramson
19211,richard-alexander,Richard Alexander
19212,richard-allen-5,Richard Allen
19213,richard-anderson,Richard Anderson
19214,richard-armitage-2,Richard Armitage
19215,richard-attenborough,Richard Attenborough
19216,richard-ayoade,Richard Ayoade
19217,richard-bakalyan,Richard Bakalyan
19218,richard-balducci,Richard Balducci
19219,richard-baratz,Richard Baratz
19220,richard-barthelmess,Richard Barthelmess
19221,richard-basehart,Richard Basehart
19222,richard-bekins,Richard Bekins
19223,richard-belzer,Richard Belzer
19224,richard-bender,Richard Bender
19225,richard-bennett,Richard Bennett
19226,richard-beymer,Richard Beymer
19227,richard-blumenthal-3,Richard Blumenthal
19228,richard-boes,Richard Boes
19229,richard-bradford-2,Richard Bradford
19230,richard-bremmer,Richard Bremmer
19231,richard-bright,Richard Bright
19232,richard-browner,Richard Browner
19233,richard-carter,Richard Carter
19234,richard-castaldo-2,Richard Castaldo
19235,richard-chaves,Richard Chaves
19236,richard-coca,Richard Coca
19237,richard-collins,Richard Collins
19238,richard-condon,Richard Condon
19239,richard-conte,Richard Conte
19240,richard-cordery,Richard Cordery
19241,richard-corliss,Richard Corliss
19242,richard-council,Richard Council
19243,richard-courcet,Richard Courcet
19244,richard-creedon,Richard Creedon
19245,richard-crenna,Richard Crenna
19246,richard-cromwell,Richard Cromwell
19247,richard-cunningham,Richard Cunningham
19248,richard-curtis,Richard Curtis
19249,richard-d-fisher-jr,Richard D. Fisher Jr.
19250,richard-davalos,Richard Davalos
19251,richard-dawkins,Richard Dawkins
19252,richard-deacon,Richard Deacon
19253,richard-demanincor,Richard DeManincor
19254,richard-dillane,Richard Dillane
19255,richard-dimbleby,Richard Dimbleby
19256,richard-dixon-2,Richard Dixon
19257,richard-domeier,Richard Domeier
19258,richard-donelly,Richard Donelly
19259,richard-donner,Richard Donner
19260,richard-drewett,Richard Drewett
19261,richard-dreyfuss,Richard Dreyfuss
19262,richard-dunbar,Richard Dunbar
19263,richard-dysart,Richard Dysart
19264,richard-e-grant,Richard E. Grant
19265,richard-edge,Richard Edge
19266,richard-edson,Richard Edson
19267,richard-emanuelle,Richard Emanuelle
19268,richard-eyre,Richard Eyre
19269,richard-farnsworth,Richard Farnsworth
19270,richard-foronjy,Richard Foronjy
19271,richard-francoeur,Richard Francoeur
19272,richard-frank,Richard Frank
19273,richard-fraser,Richard Fraser
19274,richard-gaines,Richard Gaines
19275,richard-garrick,Richard Garrick
19276,richard-george,Richard George
19277,richard-gere,Richard Gere
19278,richard-gilbert-hill,Richard Gilbert-Hill
19279,richard-graeme-iii,Richard Graeme III
19280,richard-griffiths,Richard Griffiths
19281,richard-grove,Richard Grove
19282,richard-h-bauman,Richard H. Bauman
19283,richard-hackman,Richard Hackman
19284,richard-hale,Richard Hale
19285,richard-hamilton,Richard Hamilton
19286,richard-harris,Richard Harris
19287,richard-haydn,Richard Haydn
19288,richard-herd,Richard Herd
19289,richard-higgs,Richard Higgs
19290,richard-hodges-3,Richard Hodges
19291,richard-holden,Richard Holden
19292,richard-hughes-3,Richard Hughes
19293,richard-hummer,Richard Hummer
19294,richard-hunt,Richard Hunt
19295,richard-hunter-2,Richard Hunter
19296,richard-iglesias,Richard Iglesias
19297,richard-jaeckel,Richard Jaeckel
19298,richard-jeni,Richard Jeni
19299,richard-jenkins-2,Richard Jenkins
19300,richard-jordan,Richard Jordan
19301,richard-kelly-2,Richard Kelly
19302,richard-kennedy,Richard Kennedy
19303,richard-kern,Richard Kern
19304,richard-kiel,Richard Kiel
19305,richard-kind,Richard Kind
19306,richard-kuss,Richard Kuss
19307,richard-lael-lillard,Richard-Lael Lillard
19308,richard-lage,Richard Lage
19309,richard-lagravenese,Richard LaGravenese
19310,richard-lawson,Richard Lawson
19311,richard-leaf,Richard Leaf
19312,richard-leboeuf,Richard Leboeuf
19313,richard-leparmentier,Richard LeParmentier
19314,richard-lester,Richard Lester
19315,richard-lewis,Richard Lewis
19316,richard-libertini,Richard Libertini
19317,richard-lineback,Richard Lineback
19318,richard-linklater,Richard Linklater
19319,richard-llewellyn,Richard Llewellyn
19320,richard-loncraine,Richard Loncraine
19321,richard-macklin,Richard Macklin
19322,richard-maibaum,Richard Maibaum
19323,richard-manuel,Richard Manuel
19324,richard-marner,Richard Marner
19325,richard-marquand,Richard Marquand
19326,richard-martin-2,Richard Martin
19327,richard-masur,Richard Masur
19328,richard-mawe,Richard Mawe
19329,richard-mccabe,Richard McCabe
19330,richard-mcgonagle,Richard McGonagle
19331,richard-mead,Richard Mead
19332,richard-mishkin,Richard Mishkin
19333,richard-montoya,Richard Montoya
19334,richard-munch,Richard Münch
19335,richard-n-goodwin,Richard N. Goodwin
19336,richard-nixon,Richard Nixon
19337,richard-obarry,Richard O'Barry
19338,richard-obrien-2,Richard O'Brien
19339,richard-ooms,Richard Ooms
19340,richard-p-henrick,Richard P. Henrick
19341,richard-paul,Richard Paul
19342,richard-portnow,Richard Portnow
19343,richard-pryor,Richard Pryor
19344,richard-reitinger,Richard Reitinger
19345,richard-reyes,Richard Reyes
19346,richard-ridings,Richard Ridings
19347,richard-riehle,Richard Riehle
19348,richard-romanus,Richard Romanus
19349,richard-rosson,Richard Rosson
19350,richard-roxburgh,Richard Roxburgh
19351,richard-russo,Richard Russo
19352,richard-ruth,Richard Ruth
19353,richard-s-castellano,Richard S. Castellano
19354,richard-sackler,Richard Sackler
19355,richard-sammel,Richard Sammel
19356,richard-sands,Richard Sands
19357,richard-scarry,Richard Scarry
19358,richard-schayer,Richard Schayer
19359,richard-schiff,Richard Schiff
19360,richard-short,Richard Short
19361,richard-sisson,Richard Sisson
19362,richard-slaughter,Richard Slaughter
19363,richard-stahl,Richard Stahl
19364,richard-strange,Richard Strange
19365,richard-swingler,Richard Swingler
19366,richard-t-jones,Richard T. Jones
19367,richard-thorpe,Richard Thorpe
19368,richard-tillman,Richard Tillman
19369,richard-torrington,Richard Torrington
19370,richard-venture,Richard Venture
19371,richard-vernon-2,Richard Vernon
19372,richard-vevers,Richard Vevers
19373,richard-w-farrell-2,Richard W. Farrell
19374,richard-wattis,Richard Wattis
19375,richard-webb,Richard Webb
19376,richard-white,Richard White
19377,richard-whiting,Richard Whiting
19378,richard-whorf,Richard Whorf
19379,richard-widmark,Richard Widmark
19380,richard-williams-24,Richard Williams
19381,richard-wilson,Richard Wilson
19382,richard-woods,Richard Woods
19383,richard-yates,Richard Yates
19384,richard-young,Richard Young
19385,richie-campbell,Richie Campbell
19386,richie-havens,Richie Havens
19387,richie-sanders,Richie Sanders
19388,richmond-arquette,Richmond Arquette
19389,rick-aiello,Rick Aiello
19390,rick-aviles,Rick Aviles
19391,rick-berman,Rick Berman
19392,rick-danko,Rick Danko
19393,rick-dial,Rick Dial
19394,rick-ducommun,Rick Ducommun
19395,rick-gilbert-4,Rick Gilbert
19396,rick-goldman,Rick Goldman
19397,rick-gomez,Rick Gomez
19398,rick-jaffa,Rick Jaffa
19399,rick-king,Rick King
19400,rick-kleber,Rick Kleber
19401,rick-lieberman,Rick Lieberman
19402,rick-moody,Rick Moody
19403,rick-moranis,Rick Moranis
19404,rick-norman,Rick Norman
19405,rick-overton,Rick Overton
19406,rick-petrucelli,Rick Petrucelli
19407,rick-rivera-2,Rick Rivera
19408,rick-rosas,Rick Rosas
19409,rick-rossovich,Rick Rossovich
19410,rick-sanders,Rick Sanders
19411,rick-thorne-2,Rick Thorne
19412,rick-zieff,Rick Zieff
19413,rick-zumwalt,Rick Zumwalt
19414,ricki-bhullar,Ricki Bhullar
19415,ricky-dean-logan,Ricky Dean Logan
19416,ricky-jay,Ricky Jay
19417,ricky-nelson,Ricky Nelson
19418,ricky-renee,Ricky Renée
19419,ricky-schroder,Ricky Schroder
19420,ricky-ubeda,Ricky Ubeda
19421,ricky-vela,Ricky Vela
19422,rico-bueno,Rico Bueno
19423,rico-chu,Rico Chu
19424,ridge-canipe,Ridge Canipe
19425,ridley-scott,Ridley Scott
19426,rihoko-yoshida,Rihoko Yoshida
19427,rijk-de-gooyer,Rijk de Gooyer
19428,rikako-aikawa,Rikako Aikawa
19429,riki-lindhome,Riki Lindhome
19430,rikiya-koyama,Rikiya Koyama
19431,rikiya-yasuoka,Rikiya Yasuoka
19432,rikki-traynor,Rikki Traynor
19433,riko-sakaguchi,Riko Sakaguchi
19434,riley-keough,Riley Keough
19435,rina-morelli,Rina Morelli
19436,ringo-starr,Ringo Starr
19437,rini-bell,Rini Bell
19438,rio-alexander,Rio Alexander
19439,rio-kanno,Rio Kanno
19440,rip-mcmanus,Rip McManus
19441,rip-torn,Rip Torn
19442,rita-bennett-2,Rita Bennett
19443,rita-blanco,Rita Blanco
19444,rita-cadillac,Rita Cadillac
19445,rita-carlyle,Rita Carlyle
19446,rita-davies,Rita Davies
19447,rita-edochie,Rita Edochie
19448,rita-hayworth,Rita Hayworth
19449,rita-hsiao,Rita Hsiao
19450,rita-karin,Rita Karin
19451,rita-m-fink,Rita M. Fink
19452,rita-maiden,Rita Maiden
19453,rita-moreno,Rita Moreno
19454,ritch-brinkley,Ritch Brinkley
19455,ritchie-coster,Ritchie Coster
19456,ritchie-singer,Ritchie Singer
19457,rithy-panh,Rithy Panh
19458,river-cornwell,River Cornwell
19459,river-phoenix,River Phoenix
19460,riya-may-atwood,Riya May Atwood
19461,rizwan-manji,Rizwan Manji
19462,rj-knoll,R.J. Knoll
19463,rj-parnell,R.J. Parnell
19464,rl-armstrong,R.L. Armstrong
19465,roald-dahl,Roald Dahl
19466,roald-iamonte,Roald Iamonte
19467,rob-bowman,Rob Bowman
19468,rob-bryn-2,Rob Bryn
19469,rob-campbell,Rob Campbell
19470,rob-curling,Rob Curling
19471,rob-garrison,Rob Garrison
19472,rob-haerr,Rob Haerr
19473,rob-huebel,Rob Huebel
19474,rob-lanza,Rob Lanza
19475,rob-lowe,Rob Lowe
19476,rob-lynds,Rob Lynds
19477,rob-lyons,Rob Lyons
19478,rob-mclaughlin,Rob McLaughlin
19479,rob-mills,Rob Mills
19480,rob-minkoff,Rob Minkoff
19481,rob-moran,Rob Moran
19482,rob-morgan-3,Rob Morgan
19483,rob-morrow,Rob Morrow
19484,rob-price-5,Rob Price
19485,rob-reiner,Rob Reiner
19486,rob-riggle,Rob Riggle
19487,rob-roy-fitzgerald,Rob Roy Fitzgerald
19488,rob-tregenza,Rob Tregenza
19489,robbie-barnett,Robbie Barnett
19490,robbie-coltrane,Robbie Coltrane
19491,robbie-gee,Robbie Gee
19492,robbie-robertson,Robbie Robertson
19493,robby-benson,Robby Benson
19494,robert-a-heinlein,Robert A. Heinlein
19495,robert-a-silverman,Robert A. Silverman
19496,robert-a-stemmle,Robert A. Stemmle
19497,robert-adair,Robert Adair
19498,robert-alan-aurthur,Robert Alan Aurthur
19499,robert-alda,Robert Alda
19500,robert-allen,Robert Allen
19501,robert-allen-8,Robert Allen
19502,robert-altman,Robert Altman
19503,robert-amaya,Robert Amaya
19504,robert-anthony-bell,Robert Anthony Bell
19505,robert-armstrong,Robert Armstrong
19506,robert-arthur,Robert Arthur
19507,robert-atiko,Robert Atiko
19508,robert-b-hedges,Robert B. Hedges
19509,robert-b-kennedy,Robert B. Kennedy
19510,robert-balfanz,Robert Balfanz
19511,robert-ball,Robert Ball
19512,robert-banas,Robert Banas
19513,robert-barrat,Robert Barrat
19514,robert-barton,Robert Barton
19515,robert-bea,Robert Bea
19516,robert-beatty,Robert Beatty
19517,robert-beecher,Robert Beecher
19518,robert-bell-5,Robert Bell
19519,robert-benchley,Robert Benchley
19520,robert-benoit,Robert Benoît
19521,robert-benton,Robert Benton
19522,robert-bierman,Robert Bierman
19523,robert-blake,Robert Blake
19524,robert-bloch,Robert Bloch
19525,robert-bolt,Robert Bolt
19526,robert-boyd-howell,Robert Boyd-Howell
19527,robert-brent-lappin,Robert Brent Lappin
19528,robert-bresson,Robert Bresson
19529,robert-bridges,Robert Bridges
19530,robert-brower,Robert Brower
19531,robert-brown,Robert Brown
19532,robert-broyles,Robert Broyles
19533,robert-buckner,Robert Buckner
19534,robert-bumbes,Robert Bumbes
19535,robert-c-solomon,Robert C. Solomon
19536,robert-cait,Robert Cait
19537,robert-cambourakis,Robert Cambourakis
19538,robert-cantarella,Robert Cantarella
19539,robert-carlyle,Robert Carlyle
19540,robert-carradine,Robert Carradine
19541,robert-carson,Robert Carson
19542,robert-carson-2,Robert Carson
19543,robert-cavill,Robert Cavill
19544,robert-cawdron,Robert Cawdron
19545,robert-clotworthy,Robert Clotworthy
19546,robert-clouse,Robert Clouse
19547,robert-costanzo,Robert Costanzo
19548,robert-courtin,Robert Courtin
19549,robert-covarrubias,Robert Covarrubias
19550,robert-crumb,Robert Crumb
19551,robert-culp,Robert Culp
19552,robert-cummings,Robert Cummings
19553,robert-d-murphy,Robert D. Murphy
19554,robert-d-san-souci,Robert D. San Souci
19555,robert-d-wilson,Robert D. Wilson
19556,robert-dalban,Robert Dalban
19557,robert-dandrea,Robert D'Andrea
19558,robert-dastoli,Robert Dastoli
19559,robert-dauney,Robert Dauney
19560,robert-davis,Robert Davis
19561,robert-de-niro,Robert De Niro
19562,robert-deamer,Robert Deamer
19563,robert-dhery,Robert Dhéry
19564,robert-dobson,Robert Dobson
19565,robert-donat,Robert Donat
19566,robert-donner,Robert Donner
19567,robert-doqui,Robert DoQui
19568,robert-dorfman,Robert Dorfman
19569,robert-dorning,Robert Dorning
19570,robert-downey-jr,Robert Downey Jr.
19571,robert-drain,Robert Drain
19572,robert-drivas,Robert Drivas
19573,robert-duvall,Robert Duvall
19574,robert-e-howard,Robert E. Howard
19575,robert-e-sherwood,Robert E. Sherwood
19576,robert-earl-council,Robert Earl Council
19577,robert-earl-council-sr,Robert Earl Council Sr.
19578,robert-earl-jones,Robert Earl Jones
19579,robert-easton,Robert Easton
19580,robert-eddison,Robert Eddison
19581,robert-ellenstein,Robert Ellenstein
19582,robert-emms,Robert Emms
19583,robert-engels,Robert Engels
19584,robert-englund,Robert Englund
19585,robert-f-kennedy,Robert F. Kennedy
19586,robert-f-simon,Robert F. Simon
19587,robert-favart,Robert Favart
19588,robert-festinger,Robert Festinger
19589,robert-florey,Robert Florey
19590,robert-fol,Robert Fol
19591,robert-forcadell,Robert Forcadell
19592,robert-forster,Robert Forster
19593,robert-foulk,Robert Foulk
19594,robert-fox-richardson-ii,Robert Fox Richardson II
19595,robert-freitag,Robert Freitag
19596,robert-g-richardson,Robert G. Richardson
19597,robert-garland,Robert Garland
19598,robert-garvin,Robert Garvin
19599,robert-gilbert,Robert Gilbert
19600,robert-gillibrand,Robert Gillibrand
19601,robert-ginnaven,Robert Ginnaven
19602,robert-gist,Robert Gist
19603,robert-glenn,Robert Glenn
19604,robert-gnaizda,Robert Gnaizda
19605,robert-gordon-5,Robert Gordon
19606,robert-goulet,Robert Goulet
19607,robert-graf,Robert Graf
19608,robert-graysmith,Robert Graysmith
19609,robert-greene-4,Robert Greene
19610,robert-greig,Robert Greig
19611,robert-guillaume,Robert Guillaume
19612,robert-gunner,Robert Gunner
19613,robert-hager,Robert Hager
19614,robert-hardy,Robert Hardy
19615,robert-harper,Robert Harper
19616,robert-harris,Robert Harris
19617,robert-harris-2,Robert Harris
19618,robert-harrison-4,Robert Harrison
19619,robert-harron,Robert Harron
19620,robert-hays,Robert Hays
19621,robert-haythorne,Robert Haythorne
19622,robert-henry,Robert Henry
19623,robert-hines,Robert Hines
19624,robert-holcomb,Robert Holcomb
19625,robert-homans,Robert Homans
19626,robert-horvath-3,Robert Horvath
19627,robert-hossein,Robert Hossein
19628,robert-hughes,Robert Hughes
19629,robert-hutchings-2,Robert Hutchings
19630,robert-ian-mackenzie,Robert Ian Mackenzie
19631,robert-ifedi,Robert Ifedi
19632,robert-j-killough,Robert J. Killough
19633,robert-j-wilke,Robert J. Wilke
19634,robert-james-waller,Robert James Waller
19635,robert-kaufman,Robert Kaufman
19636,robert-keith,Robert Keith
19637,robert-kem,Robert Kem
19638,robert-klein-lork,Robert Klein-Lörk
19639,robert-koons,Robert Koons
19640,robert-lee-pitchlynn,Robert Lee Pitchlynn
19641,robert-lence,Robert Lence
19642,robert-liebmann,Robert Liebmann
19643,robert-littman,Robert Littman
19644,robert-loggia,Robert Loggia
19645,robert-lombard,Robert Lombard
19646,robert-long,Robert Long
19647,robert-longstreet,Robert Longstreet
19648,robert-lopez,Robert Lopez
19649,robert-louis-stevenson,Robert Louis Stevenson
19650,robert-ludlum,Robert Ludlum
19651,robert-lujan,Robert Lujan
19652,robert-macleod,Robert MacLeod
19653,robert-macmillan,Robert MacMillan
19654,robert-macnaughton,Robert MacNaughton
19655,robert-mailhouse,Robert Mailhouse
19656,robert-maillet,Robert Maillet
19657,robert-manuel,Robert Manuel
19658,robert-mark-kamen,Robert Mark Kamen
19659,robert-mcandrew,Robert McAndrew
19660,robert-mcdarra,Robert McDarra
19661,robert-mcnamara,Robert McNamara
19662,robert-metcalfe,Robert Metcalfe
19663,robert-miranda,Robert Miranda
19664,robert-mitchum,Robert Mitchum
19665,robert-montano,Robert Montano
19666,robert-morley,Robert Morley
19667,robert-muir,Robert Muir
19668,robert-mulligan,Robert Mulligan
19669,robert-musgrave,Robert Musgrave
19670,robert-nevin,Robert Nevin
19671,robert-newton-2,Robert Newton
19672,robert-noble-2,Robert Noble
19673,robert-oates,Robert Oates
19674,robert-oneil,Robert O'Neil
19675,robert-ozanne,Robert Ozanne
19676,robert-pastorelli,Robert Pastorelli
19677,robert-patrick,Robert Patrick
19678,robert-pattinson,Robert Pattinson
19679,robert-phalen,Robert Phalen
19680,robert-picardo,Robert Picardo
19681,robert-pirosh,Robert Pirosh
19682,robert-plunket,Robert Plunket
19683,robert-portal,Robert Portal
19684,robert-postec,Robert Postec
19685,robert-prentiss,Robert Prentiss
19686,robert-prosky,Robert Prosky
19687,robert-pulcini,Robert Pulcini
19688,robert-putt,Robert Putt
19689,robert-redfield,Robert Redfield
19690,robert-redford,Robert Redford
19691,robert-rennie,Robert Rennie
19692,robert-ridgell,Robert Ridgell
19693,robert-rietty,Robert Rietty
19694,robert-riskin,Robert Riskin
19695,robert-robertson,Robert Robertson
19696,robert-rodat,Robert Rodat
19697,robert-rodriguez,Robert Rodriguez
19698,robert-romanus,Robert Romanus
19699,robert-rondo,Robert Rondo
19700,robert-rossen,Robert Rossen
19701,robert-rothwell,Robert Rothwell
19702,robert-ruth,Robert Ruth
19703,robert-ryan,Robert Ryan
19704,robert-sampson,Robert Sampson
19705,robert-schwartzman,Robert Schwartzman
19706,robert-sedgwick,Robert Sedgwick
19707,robert-sella,Robert Sella
19708,robert-shaw,Robert Shaw
19709,robert-shelly,Robert Shelly
19710,robert-shields,Robert Shields
19711,robert-silverberg,Robert Silverberg
19712,robert-siodmak,Robert Siodmak
19713,robert-soares,Robert Soares
19714,robert-spafford,Robert Spafford
19715,robert-stack,Robert Stack
19716,robert-stephens,Robert Stephens
19717,robert-stevenson-2,Robert Stevenson
19718,robert-suarez,Robert Suarez
19719,robert-sully,Robert Sully
19720,robert-swan,Robert Swan
19721,robert-symonds,Robert Symonds
19722,robert-taylor-5,Robert Taylor
19723,robert-thoeren,Robert Thoeren
19724,robert-tibbo,Robert Tibbo
19725,robert-towne,Robert Towne
19726,robert-traynor,Robert Traynor
19727,robert-tsai-3,Robert Tsai
19728,robert-tygner,Robert Tygner
19729,robert-wade,Robert Wade
19730,robert-wahlberg,Robert Wahlberg
19731,robert-walker,Robert Walker
19732,robert-walker-jr,Robert Walker Jr.
19733,robert-wall,Robert Wall
19734,robert-warwick,Robert Warwick
19735,robert-webber-2,Robert Webber
19736,robert-weems,Robert Weems
19737,robert-weil,Robert Weil
19738,robert-weiss-5,Robert Weiss
19739,robert-wilder,Robert Wilder
19740,robert-wilder-2,Robert Wilder
19741,robert-winley,Robert Winley
19742,robert-wisdom,Robert Wisdom
19743,robert-wise,Robert Wise
19744,robert-wuhl,Robert Wuhl
19745,robert-z-leonard,Robert Z. Leonard
19746,robert-zemeckis,Robert Zemeckis
19747,roberta-haynes,Roberta Haynes
19748,roberta-lena,Roberta Lena
19749,roberta-rodrigues,Roberta Rodrigues
19750,roberta-wallach,Roberta Wallach
19751,roberta-weiss,Roberta Weiss
19752,roberto-alamo,Roberto Álamo
19753,roberto-alvarez,Roberto Álvarez
19754,roberto-andrade,Roberto Andrade
19755,roberto-cabrera-2,Roberto Cabrera
19756,roberto-camardiel,Roberto Camardiel
19757,roberto-canedo,Roberto Cañedo
19758,roberto-clemente,Roberto Clemente
19759,roberto-dominguez-3,Roberto Domínguez
19760,roberto-garcia-york,Roberto García York
19761,roberto-hoyas,Roberto Hoyas
19762,roberto-kaz,Roberto Kaz
19763,roberto-orci,Roberto Orci
19764,roberto-pollack,Roberto Pollack
19765,roberto-rey,Roberto Rey
19766,roberto-saviano,Roberto Saviano
19767,roberto-sosa,Roberto Sosa
19768,roberto-villar-2,Roberto Villar
19769,roberts-blossom,Roberts Blossom
19770,robertson-hare,Robertson Hare
19771,robin-atkin-downes,Robin Atkin Downes
19772,robin-bartlett,Robin Bartlett
19773,robin-bissell,Robin Bissell
19774,robin-butler-2,Robin Butler
19775,robin-campillo,Robin Campillo
19776,robin-catt,Robin Catt
19777,robin-collins,Robin Collins
19778,robin-duke,Robin Duke
19779,robin-hardy,Robin Hardy
19780,robin-harris,Robin Harris
19781,robin-hessman,Robin Hessman
19782,robin-hughes,Robin Hughes
19783,robin-hurlstone,Robin Hurlstone
19784,robin-hutton-potts,Robin Hutton-Potts
19785,robin-joy-2,Robin Joy
19786,robin-knight,Robin Knight
19787,robin-maugham,Robin Maugham
19788,robin-moore,Robin Moore
19789,robin-moseley,Robin Moseley
19790,robin-ray,Robin Ray
19791,robin-sachs,Robin Sachs
19792,robin-sanders-clark,Robin Sanders Clark
19793,robin-smith,Robin Smith
19794,robin-soans,Robin Soans
19795,robin-swicord,Robin Swicord
19796,robin-weaver,Robin Weaver
19797,robin-williams,Robin Williams
19798,robin-wright,Robin Wright
19799,robo,Robo
19800,robson-andrade,Robson Andrade
19801,robson-rocha,Robson Rocha
19802,robyn-douglass,Robyn Douglass
19803,robyn-elwell,Robyn Elwell
19804,robyn-fairchild,Robyn Fairchild
19805,rocco-ancarola,Rocco Ancarola
19806,rocco-sisto,Rocco Sisto
19807,rochelle-davis,Rochelle Davis
19808,rochelle-hudson,Rochelle Hudson
19809,rochelle-oliver,Rochelle Oliver
19810,rocio-molina-2,Rocío Molina
19811,rock-hudson,Rock Hudson
19812,rock-taulbee,Rock Taulbee
19813,rockets-redglare,Rockets Redglare
19814,rockmond-dunbar,Rockmond Dunbar
19815,rocky-carroll,Rocky Carroll
19816,rocky-duer,Rocky Duer
19817,rocky-marciano,Rocky Marciano
19818,rod-bedall,Rod Bedall
19819,rod-culbertson,Rod Culbertson
19820,rod-mclachlan,Rod McLachlan
19821,rod-sell,Rod Sell
19822,rod-serling,Rod Serling
19823,rod-steiger,Rod Steiger
19824,rod-taylor,Rod Taylor
19825,roddy-mcdowall,Roddy McDowall
19826,roddy-piper,Roddy Piper
19827,roddy-skeaping,Roddy Skeaping
19828,roderick-cook,Roderick Cook
19829,roderick-gadson,Roderick Gadson
19830,roderick-hill-3,Roderick Hill
19831,roderick-thorp,Roderick Thorp
19832,rodger-boyce,Rodger Boyce
19833,rodger-bumpass,Rodger Bumpass
19834,rodger-parsons,Rodger Parsons
19835,rodia-kozlovski,Rodia Kozlovski
19836,rodica-ionescu,Rodica Ionescu
19837,rodica-negrea,Rodica Negrea
19838,rodney-a-grant,Rodney A. Grant
19839,rodney-eastman,Rodney Eastman
19840,rodney-el-haddad,Rodney El Haddad
19841,rodney-harvey,Rodney Harvey
19842,rodney-rothman,Rodney Rothman
19843,rodolfo-arias,Rodolfo Arias
19844,rodolfo-palacios,Rodolfo Palacios
19845,rodolphe-pauly,Rodolphe Pauly
19846,rodrigo-de-la-serna,Rodrigo de la Serna
19847,rodrigo-fernandez-stoll,Rodrigo Fernandez-Stoll
19848,rodrigo-lamas,Rodrigo Lamas
19849,rodrigo-moreno,Rodrigo Moreno
19850,rodrigo-murray,Rodrigo Murray
19851,rodrigo-paredes,Rodrigo Paredes
19852,rodrigo-sanchez-borhorquez,Rodrigo Sánchez Borhorquez
19853,rodrigo-sorogoyen,Rodrigo Sorogoyen
19854,roe-ha-kim,Roe-ha Kim
19855,roef-ragas,Roef Ragas
19856,rogelio-douglas-jr,Rogelio Douglas Jr.
19857,roger-alan-koza,Roger Alan Koza
19858,roger-allam,Roger Allam
19859,roger-allers,Roger Allers
19860,roger-ashton-griffiths,Roger Ashton-Griffiths
19861,roger-avary,Roger Avary
19862,roger-avon,Roger Avon
19863,roger-bart,Roger Bart
19864,roger-blin,Roger Blin
19865,roger-bohbot,Roger Bohbot
19866,roger-booth,Roger Booth
19867,roger-brierley,Roger Brierley
19868,roger-casamajor,Roger Casamajor
19869,roger-corman,Roger Corman
19870,roger-daltrey,Roger Daltrey
19871,roger-doctor,Roger Doctor
19872,roger-donaldson,Roger Donaldson
19873,roger-ebert,Roger Ebert
19874,roger-fan,Roger Fan
19875,roger-fradet,Roger Fradet
19876,roger-frost,Roger Frost
19877,roger-gastman,Roger Gastman
19878,roger-grimsby,Roger Grimsby
19879,roger-guenveur-smith,Roger Guenveur Smith
19880,roger-hammond,Roger Hammond
19881,roger-hanin,Roger Hanin
19882,roger-heathcott,Roger Heathcott
19883,roger-hill,Roger Hill
19884,roger-hume,Roger Hume
19885,roger-imhof,Roger Imhof
19886,roger-iwami,Roger Iwami
19887,roger-jackson-3,Roger Jackson
19888,roger-kumble,Roger Kumble
19889,roger-legris,Roger Legris
19890,roger-livesey,Roger Livesey
19891,roger-lloyd-pack,Roger Lloyd Pack
19892,roger-mahony,Roger Mahony
19893,roger-mcguinn,Roger McGuinn
19894,roger-michell,Roger Michell
19895,roger-miller,Roger Miller
19896,roger-nimier,Roger Nimier
19897,roger-payne,Roger Payne
19898,roger-princep,Roger Príncep
19899,roger-q-denny,Roger Q. Denny
19900,roger-rees,Roger Rees
19901,roger-sh-schulman,Roger S.H. Schulman
19902,roger-waters,Roger Waters
19903,roger-willie,Roger Willie
19904,roger-wilson,Roger Wilson
19905,rognoni,Rognoni
19906,rohini-hattangadi,Rohini Hattangadi
19907,roi-miller,Roi Miller
19908,roise-crowley,Roise Crowley
19909,roland-brand,Roland Brand
19910,roland-carey,Roland Carey
19911,roland-culver,Roland Culver
19912,roland-emmerich,Roland Emmerich
19913,roland-huntford,Roland Huntford
19914,roland-topor,Roland Topor
19915,roland-toutain,Roland Toutain
19916,roland-varno,Roland Varno
19917,roland-young,Roland Young
19918,rolando-citarella,Rolando Citarella
19919,rolf-dieter-heuer,Rolf-Dieter Heuer
19920,rolf-kanies,Rolf Kanies
19921,rolf-muller,Rolf Müller
19922,rolling-thunder,Rolling Thunder
19923,romain-clavareau,Romain Clavareau
19924,romain-lefebure,Romain Lefebure
19925,roman-bohnen,Roman Bohnen
19926,roman-coppola,Roman Coppola
19927,roman-kolinka,Roman Kolinka
19928,roman-madyanov,Roman Madyanov
19929,roman-persits,Roman Persits
19930,roman-polanski,Roman Polanski
19931,roman-zeller,Roman Zeller
19932,romane-bohringer,Romane Bohringer
19933,romane-cretegny,Romane Cretegny
19934,romario-simpson,Romario Simpson
19935,romilly-squire,Romilly Squire
19936,romolo-valli,Romolo Valli
19937,romonda-shaver,Romonda Shaver
19938,romulus-cristescu,Romulus Cristescu
19939,ron-bass,Ron Bass
19940,ron-ben-yishai,Ron Ben-Yishai
19941,ron-bottitta,Ron Bottitta
19942,ron-chernow,Ron Chernow
19943,ron-clements,Ron Clements
19944,ron-cook,Ron Cook
19945,ron-dean,Ron Dean
19946,ron-dennis-2,Ron Dennis
19947,ron-dyens,Ron Dyens
19948,ron-eldard,Ron Eldard
19949,ron-english-2,Ron English
19950,ron-faber,Ron Faber
19951,ron-friedland,Ron Friedland
19952,ron-georgalis,Ron Georgalis
19953,ron-glass,Ron Glass
19954,ron-howard,Ron Howard
19955,ron-keith-2,Ron Keith
19956,ron-kennard,Ron Kennard
19957,ron-kovic,Ron Kovic
19958,ron-livingston,Ron Livingston
19959,ron-mcqueen,Ron McQueen
19960,ron-mueck,Ron Mueck
19961,ron-nessen,Ron Nessen
19962,ron-nyswaner,Ron Nyswaner
19963,ron-oj-parson,Ron O.J. Parson
19964,ron-orbach,Ron Orbach
19965,ron-padgett,Ron Padgett
19966,ron-perkins,Ron Perkins
19967,ron-perlman,Ron Perlman
19968,ron-pippin,Ron Pippin
19969,ron-reyes,Ron Reyes
19970,ron-rifkin,Ron Rifkin
19971,ron-seguin,Ron Séguin
19972,ron-silver,Ron Silver
19973,ron-st-clair,Ron St. Clair
19974,ron-starr,Ron Starr
19975,ron-taylor-2,Ron Taylor
19976,ron-thomas,Ron Thomas
19977,ron-vawter,Ron Vawter
19978,ron-walters-2,Ron Walters
19979,ron-webster,Ron Webster
19980,ron-white,Ron White
19981,rona-barrett,Rona Barrett
19982,rona-kenan,Rona Kenan
19983,ronald-adam,Ronald Adam
19984,ronald-betts,Ronald Betts
19985,ronald-bronstein,Ronald Bronstein
19986,ronald-colman,Ronald Colman
19987,ronald-d-moore,Ronald D. Moore
19988,ronald-ellis,Ronald Ellis
19989,ronald-france,Ronald France
19990,ronald-g-joseph,Ronald G. Joseph
19991,ronald-haley-jr,Ronald Haley Jr.
19992,ronald-harwood,Ronald Harwood
19993,ronald-kirk-stake,Ronald Kirk Stake
19994,ronald-l-schwary,Ronald L. Schwary
19995,ronald-lacey,Ronald Lacey
19996,ronald-maccone,Ronald Maccone
19997,ronald-neame,Ronald Neame
19998,ronald-reagan,Ronald Reagan
19999,ronald-shusett,Ronald Shusett
20000,ronald-vosta,Ronald Vosta
20001,ronald-zehrfeld,Ronald Zehrfeld
20002,ronee-blakley,Ronee Blakley
20003,ronit-elkabetz,Ronit Elkabetz
20004,ronn-riser,Ronn Riser
20005,ronnie-del-carmen,Ronnie Del Carmen
20006,ronnie-fox,Ronnie Fox
20007,ronnie-hawkins,Ronnie Hawkins
20008,ronnie-james-dio,Ronnie James Dio
20009,ronnie-lazaro,Ronnie Lazaro
20010,ronnie-mccawley,Ronnie McCawley
20011,ronnie-tutt,Ronnie Tutt
20012,ronny-cox,Ronny Cox
20013,ronny-dayag,Ronny Dayag
20014,ronny-graham,Ronny Graham
20015,rooney-mara,Rooney Mara
20016,rory-cochrane,Rory Cochrane
20017,rory-culkin,Rory Culkin
20018,rory-kennedy,Rory Kennedy
20019,rory-kinnear,Rory Kinnear
20020,rory-mullen,Rory Mullen
20021,rory-oshea,Rory O'Shea
20022,rory-stevens,Rory Stevens
20023,rory-stewart-kinnear,Rory Stewart Kinnear
20024,rosa-enskat,Rosa Enskat
20025,rosa-maria-bianchi,Rosa María Bianchi
20026,rosa-maria-hernandez,Rosa María Hernández
20027,rosa-maria-sarda,Rosa Maria Sardà
20028,rosa-medina-perez,Rosa Medina Perez
20029,rosa-valetti,Rosa Valetti
20030,rosal-colon,Rosal Colon
20031,rosalia,Rosalía
20032,rosalie-varda,Rosalie Varda
20033,rosalin-sam,Rosalin Sam
20034,rosalind-russell,Rosalind Russell
20035,rosalind-wiseman,Rosalind Wiseman
20036,rosalyn-r-ross,Rosalyn R. Ross
20037,rosalynn-carter,Rosalynn Carter
20038,rosamund-hanson,Rosamund Hanson
20039,rosamund-pike,Rosamund Pike
20040,rosanna-arquette,Rosanna Arquette
20041,rosanna-desoto,Rosanna DeSoto
20042,rosario-dawson,Rosario Dawson
20043,rosario-flores,Rosario Flores
20044,roscoe-ates,Roscoe Ates
20045,roscoe-fatty-arbuckle,Roscoe 'Fatty' Arbuckle
20046,roscoe-karns,Roscoe Karns
20047,roscoe-lee-browne,Roscoe Lee Browne
20048,roscoe-ward,Roscoe Ward
20049,rosdely-ciprian,Rosdely Ciprian
20050,rose-byrne,Rose Byrne
20051,rose-elizabeth-richards,Rose Elizabeth Richards
20052,rose-hobart,Rose Hobart
20053,rose-lichter-marck,Rose Lichter-Marck
20054,rose-mcgowan,Rose McGowan
20055,rose-nelson,Rose Nelson
20056,rose-wajeman,Rose Wajeman
20057,rosemarie-dewitt,Rosemarie DeWitt
20058,rosemary-benet,Rosemary Benét
20059,rosemary-davis,Rosemary Davis
20060,rosemary-decamp,Rosemary DeCamp
20061,rosemary-dunsmore,Rosemary Dunsmore
20062,rosemary-harris,Rosemary Harris
20063,rosemary-ledee,Rosemary Ledee
20064,rosemary-murphy,Rosemary Murphy
20065,rosendo-lamadriz,Rosendo Lamadriz
20066,roshan-seth,Roshan Seth
20067,roshan-sethi,Roshan Sethi
20068,roshawn-hewitt,Roshawn Hewitt
20069,rosie-huntington-whiteley,Rosie Huntington-Whiteley
20070,rosie-motene,Rosie Motene
20071,rosie-odonnell,Rosie O'Donnell
20072,rosie-perez,Rosie Perez
20073,rosie-sheehy,Rosie Sheehy
20074,roslyn-ruff,Roslyn Ruff
20075,ross-alexander,Ross Alexander
20076,ross-bagdasarian,Ross Bagdasarian
20077,ross-bleckner,Ross Bleckner
20078,ross-brodar,Ross Brodar
20079,ross-campbell,Ross Campbell
20080,ross-lamanna,Ross LaManna
20081,ross-mac-mahon,Ross Mac Mahon
20082,ross-manarchy,Ross Manarchy
20083,ross-mcelwee,Ross McElwee
20084,ross-stewart,Ross Stewart
20085,rossella-falk,Rossella Falk
20086,rossy-de-palma,Rossy de Palma
20087,rosy-mcewen,Rosy McEwen
20088,rotem-hershkovich,Rotem Hershkovich
20089,rouben-mamoulian,Rouben Mamoulian
20090,rouiched,Rouïched
20091,roushan-karam-elmi,Roushan Karam Elmi
20092,rowan-atkinson,Rowan Atkinson
20093,rowan-witt,Rowan Witt
20094,rowbie-orsatti,Rowbie Orsatti
20095,rowland-leigh,Rowland Leigh
20096,roxanna-francis,Roxanna Francis
20097,roxanne-3,Roxanne
20098,roxanne-hart,Roxanne Hart
20099,roy-andersson,Roy Andersson
20100,roy-atwell,Roy Atwell
20101,roy-boyd,Roy Boyd
20102,roy-brent,Roy Brent
20103,roy-brocksmith,Roy Brocksmith
20104,roy-bucko,Roy Bucko
20105,roy-cheung,Roy Cheung
20106,roy-chiao,Roy Chiao
20107,roy-chisha,Roy Chisha
20108,roy-conli,Roy Conli
20109,roy-dotrice,Roy Dotrice
20110,roy-glenn,Roy Glenn
20111,roy-gordon,Roy Gordon
20112,roy-huggins,Roy Huggins
20113,roy-irving,Roy Irving
20114,roy-jenson,Roy Jenson
20115,roy-kinnear,Roy Kinnear
20116,roy-n-sickner,Roy N. Sickner
20117,roy-roberts,Roy Roberts
20118,roy-scheider,Roy Scheider
20119,roy-smiles,Roy Smiles
20120,roy-stephens,Roy Stephens
20121,roy-williams,Roy Williams
20122,roya-akbari,Roya Akbari
20123,roya-arabshahi,Roya Arabshahi
20124,roya-hosseini,Roya Hosseini
20125,royal-beal,Royal Beal
20126,royal-dano,Royal Dano
20127,royalty-hightower,Royalty Hightower
20128,royce-d-applegate,Royce D. Applegate
20129,roza-kancheishvili,Roza Kancheishvili
20130,rozlyn-sorrell,Rozlyn Sorrell
20131,rozwill-young,Rozwill Young
20132,ru-yun-tang,Ru-Yun Tang
20133,ruben-fleischer,Ruben Fleischer
20134,ruben-ostlund,Ruben Östlund
20135,ruben-santiago-hudson,Ruben Santiago-Hudson
20136,rubens-hyka,Rubens Hyka
20137,rubens-santos,Rubens Santos
20138,ruby-curtis,Ruby Curtis
20139,ruby-dagnall,Ruby Dagnall
20140,ruby-de-mel,Ruby de Mel
20141,ruby-dee,Ruby Dee
20142,ruby-jerins,Ruby Jerins
20143,ruby-porat-shoval,Ruby Porat Shoval
20144,ruby-stokes,Ruby Stokes
20145,ruby-thompson-3,Ruby Thompson
20146,rudi-goblen,Rudi Goblen
20147,rudiger-vogler,Rüdiger Vogler
20148,rudolf-klein-rogge,Rudolf Klein-Rogge
20149,rudolf-melichar,Rudolf Melichar
20150,rudolf-schundler,Rudolf Schündler
20151,rudolph-anders,Rudolph Anders
20152,rudolph-erich-raspe,Rudolph Erich Raspe
20153,rudolph-grey,Rudolph Grey
20154,rudy-blomme,Rudy Blomme
20155,rudy-bond,Rudy Bond
20156,rudy-bowman,Rudy Bowman
20157,rudy-giuliani,Rudy Giuliani
20158,rudy-ricci,Rudy Ricci
20159,rudy-romano,Rudy Romano
20160,rudy-wurlitzer,Rudy Wurlitzer
20161,rudy-youngblood,Rudy Youngblood
20162,rudyard-kipling,Rudyard Kipling
20163,rue-mcclanahan,Rue McClanahan
20164,rueben-gonzales,Rueben Gonzáles
20165,rufus,Rufus
20166,rufus-read,Rufus Read
20167,rufus-sewell,Rufus Sewell
20168,rufus-wright,Rufus Wright
20169,ruggero-maccari,Ruggero Maccari
20170,ruhui-song,Ruhui Song
20171,rui-yang,Rui Yang
20172,ruibo-qian,Ruibo Qian
20173,rukia-lumumba,Rukia Lumumba
20174,rumer-godden,Rumer Godden
20175,rumi-hiiragi,Rumi Hiiragi
20176,rune-samuelsen,Rune Samuelsen
20177,rungano-nyoni,Rungano Nyoni
20178,rungrawee-barijindakul,Rungrawee Barijindakul
20179,runzhen-chen,Runzhen Chen
20180,rupert-crosse,Rupert Crosse
20181,rupert-everett,Rupert Everett
20182,rupert-frazer,Rupert Frazer
20183,rupert-friend,Rupert Friend
20184,rupert-graves,Rupert Graves
20185,rupert-grint,Rupert Grint
20186,rupert-holliday-evans,Rupert Holliday-Evans
20187,rupert-ormond,Rupert Ormond
20188,rupert-penry-jones,Rupert Penry-Jones
20189,rupert-wyatt,Rupert Wyatt
20190,rus-blackwell,Rus Blackwell
20191,ruslan-neupokoev,Ruslan Neupokoev
20192,russ-brown,Russ Brown
20193,russ-clark,Russ Clark
20194,russ-fega,Russ Fega
20195,russ-huards,Russ Huards
20196,russ-marker,Russ Marker
20197,russ-tamblyn,Russ Tamblyn
20198,russel-lunday,Russel Lunday
20199,russell-baer-3,Russell Baer
20200,russell-banks,Russell Banks
20201,russell-brand,Russell Brand
20202,russell-brice,Russell Brice
20203,russell-crowe,Russell Crowe
20204,russell-edge,Russell Edge
20205,russell-g-jones,Russell G. Jones
20206,russell-gleason,Russell Gleason
20207,russell-horton,Russell Horton
20208,russell-levy,Russell Levy
20209,russell-martin-4,Russell Martin
20210,russell-means,Russell Means
20211,russell-miles,Russell Miles
20212,russell-mulcahy,Russell Mulcahy
20213,russell-peters-2,Russell Peters
20214,russell-simpson,Russell Simpson
20215,russell-solberg,Russell Solberg
20216,russell-takaki,Russell Takaki
20217,russell-thorndike,Russell Thorndike
20218,russell-waters,Russell Waters
20219,russi-taylor,Russi Taylor
20220,rusty-blitz,Rusty Blitz
20221,rusty-goffe,Rusty Goffe
20222,rusty-magee,Rusty Magee
20223,rusty-martin,Rusty Martin
20224,rusty-schwimmer,Rusty Schwimmer
20225,rusudan-bolkvadze,Rusudan Bolkvadze
20226,rutanya-alda,Rutanya Alda
20227,ruth-adler,Ruth Adler
20228,ruth-cherrington,Ruth Cherrington
20229,ruth-donnelly,Ruth Donnelly
20230,ruth-gates,Ruth Gates
20231,ruth-gordon,Ruth Gordon
20232,ruth-hussey,Ruth Hussey
20233,ruth-kobart,Ruth Kobart
20234,ruth-mccabe,Ruth McCabe
20235,ruth-mcdevitt,Ruth McDevitt
20236,ruth-myers-vassell,Ruth Myers-Vassell
20237,ruth-negga,Ruth Negga
20238,ruth-nelson,Ruth Nelson
20239,ruth-p-strahan,Ruth P. Strahan
20240,ruth-prawer-jhabvala,Ruth Prawer Jhabvala
20241,ruth-reinecke,Ruth Reinecke
20242,ruth-roman,Ruth Roman
20243,ruth-rose,Ruth Rose
20244,ruth-sheen,Ruth Sheen
20245,ruth-thom,Ruth Thom
20246,ruth-volner,Ruth Volner
20247,ruth-warrick,Ruth Warrick
20248,ruth-white,Ruth White
20249,rutherford-cravens,Rutherford Cravens
20250,ryan-aquino,Ryan Aquino
20251,ryan-bruce-2,Ryan Bruce
20252,ryan-coogler,Ryan Coogler
20253,ryan-curtis-7,Ryan Curtis
20254,ryan-cutrona,Ryan Cutrona
20255,ryan-day-2,Ryan Day
20256,ryan-eggold,Ryan Eggold
20257,ryan-findley,Ryan Findley
20258,ryan-fleck,Ryan Fleck
20259,ryan-gilmore,Ryan Gilmore
20260,ryan-gosling,Ryan Gosling
20261,ryan-guzman,Ryan Guzman
20262,ryan-honey,Ryan Honey
20263,ryan-hurst,Ryan Hurst
20264,ryan-joiner,Ryan Joiner
20265,ryan-ketzner,Ryan Ketzner
20266,ryan-masher,Ryan Masher
20267,ryan-mcewen,Ryan McEwen
20268,ryan-oneal,Ryan O'Neal
20269,ryan-owens-2,Ryan Owens
20270,ryan-phillippe,Ryan Phillippe
20271,ryan-post,Ryan Post
20272,ryan-power,Ryan Power
20273,ryan-roopnarine,Ryan Roopnarine
20274,ryan-simpkins,Ryan Simpkins
20275,ryan-sparks,Ryan Sparks
20276,ryan-trobough,Ryan Trobough
20277,ryan-whitney,Ryan Whitney
20278,ryder-craig,Ryder Craig
20279,ryker-chan,Ryker Chan
20280,ryo-iwase,Ryô Iwase
20281,ryo-kase,Ryo Kase
20282,ryoga-hayashi,Ryôga Hayashi
20283,ryoichi-wada,Ryoichi Wada
20284,ryoko-hirosue,Ryôko Hirosue
20285,ryoko-mizuki,Ryôko Mizuki
20286,ryosuke-kagawa,Ryôsuke Kagawa
20287,ryosuke-otani,Ryôsuke Ôtani
20288,ryu-kohata,Ryu Kohata
20289,ryudo-uzaki,Ryûdô Uzaki
20290,ryuichi-sakamoto,Ryuichi Sakamoto
20291,ryuichiro-baba,Ryuichiro Baba
20292,ryuji-kita,Ryûji Kita
20293,ryuji-saikachi,Ryûji Saikachi
20294,ryunosuke-akutagawa,Ryûnosuke Akutagawa
20295,ryunosuke-kamiki,Ryunosuke Kamiki
20296,ryunosuke-watanuki,Ryunosuke Watanuki
20297,ryusuke-hamaguchi,Ryûsuke Hamaguchi
20298,ryutaro-gomi,Ryûtarô Gomi
20299,ryuzo-kikushima,Ryûzô Kikushima
20300,ryuzo-saki,Ryûzô Saki
20301,rza,RZA
20302,s-epatha-merkerson,S. Epatha Merkerson
20303,s-william-hinzman,S. William Hinzman
20304,saadia-bentaieb,Saadia Bentaïeb
20305,saafir,Saafir
20306,sabastian-rashidi,Sabastian Rashidi
20307,saber-abar,Saber Abar
20308,sabine-badjogoumin,Sabine Badjogoumin
20309,sabine-haudepin,Sabine Haudepin
20310,sabine-hellstorff,Sabine Hellstorff
20311,sabrina-ferilli,Sabrina Ferilli
20312,sabrina-grdevich,Sabrina Grdevich
20313,sabrina-ouazani,Sabrina Ouazani
20314,sabrina-scharf,Sabrina Scharf
20315,sabu,Sabu
20316,sacha-baron-cohen,Sacha Baron Cohen
20317,sacheen-littlefeather,Sacheen Littlefeather
20318,sachi-diserafino,Sachi Diserafino
20319,sachi-kimura,Sachi Kimura
20320,sachiko-ishikawa,Sachiko Ishikawa
20321,sachiko-mitani,Sachiko Mitani
20322,sachin-k-ladia,Sachin K. Ladia
20323,sachin-sahel,Sachin Sahel
20324,sachio-sakai,Sachio Sakai
20325,sadako-sawamura,Sadako Sawamura
20326,sadao-abe,Sadao Abe
20327,sadayuki-murai,Sadayuki Murai
20328,saddam-hossein-feysal,Saddam Hossein Feysal
20329,sadia-faiz,Sadia Faiz
20330,sadie-french,Sadie French
20331,sadie-goldstein,Sadie Goldstein
20332,sadie-heim,Sadie Heim
20333,sadwyn-brophy,Sadwyn Brophy
20334,saee-abhay-limaye,Saee Abhay Limaye
20335,saeed-jaffrey,Saeed Jaffrey
20336,saela-davis,Saela Davis
20337,safar-ali-moradi,Safar Ali Moradi
20338,safdar-samandar,Safdar Samandar
20339,safet-javorovac,Safet Javorovac
20340,saffron-coomber,Saffron Coomber
20341,safia-gollas,Safia Gollas
20342,safit-pardede,Safit Pardede
20343,sage-irvine,Sage Irvine
20344,sage-kirkpatrick,Sage Kirkpatrick
20345,sahajak-boonthanakit,Sahajak Boonthanakit
20346,sahatchai-stop-chumrum,Sahatchai 'Stop' Chumrum
20347,sahbra-markus,Sahbra Markus
20348,sahra-asadollahi,Sahra Asadollahi
20349,said-faraj,Said Faraj
20350,said-taghmaoui,Saïd Taghmaoui
20351,saifei-he,Saifei He
20352,sajjad-dolati,Sajjad Dolati
20353,sakda-kaewbuadee,Sakda Kaewbuadee
20354,sakhyan-asmara,Sakhyan Asmara
20355,saki-suzuki-2,Saki Suzuki
20356,sakichi-sato,Sakichi Sato
20357,sakina-asamori,Sakina Asamori
20358,sakura-ando,Sakura Ando
20359,sal-lopez,Sal Lopez
20360,sal-mineo,Sal Mineo
20361,sal-viscuso,Sal Viscuso
20362,sala-baker,Sala Baker
20363,salaam-remi,Salaam Remi
20364,salem-dendou,Salem Dendou
20365,salem-ludwig,Salem Ludwig
20366,salik-rehman,Salik Rehman
20367,salim-3,Salim
20368,salim-kechiouche,Salim Kechiouche
20369,salimata-kamate,Salimata Kamate
20370,salimata-traore,Salimata Traoré
20371,salisbury-field,Salisbury Field
20372,sally-benson,Sally Benson
20373,sally-carman,Sally Carman
20374,sally-cleaves,Sally Cleaves
20375,sally-cox,Sally Cox
20376,sally-curtice,Sally Curtice
20377,sally-davies,Sally Davies
20378,sally-eilers,Sally Eilers
20379,sally-field,Sally Field
20380,sally-grey,Sally Grey
20381,sally-hawkins,Sally Hawkins
20382,sally-hughes,Sally Hughes
20383,sally-jane-bruce,Sally Jane Bruce
20384,sally-kinghorn,Sally Kinghorn
20385,sally-kirkland,Sally Kirkland
20386,sally-messham,Sally Messham
20387,sally-murphy,Sally Murphy
20388,sally-norvell,Sally Norvell
20389,sally-parrish,Sally Parrish
20390,sally-piper,Sally Piper
20391,sally-stewart,Sally Stewart
20392,sally-struthers,Sally Struthers
20393,sally-white-2,Sally White
20394,sally-wingert,Sally Wingert
20395,salma-hayek,Salma Hayek
20396,salvador-allende,Salvador Allende
20397,salvador-curiel,Salvador Curiel
20398,salvador-dali,Salvador Dalí
20399,salvador-wood,Salvador Wood
20400,salvatore-abbruzzese,Salvatore Abbruzzese
20401,salvatore-basile,Salvatore Basile
20402,salvatore-cascio,Salvatore Cascio
20403,salvatore-corsitto,Salvatore Corsitto
20404,salvatore-puntillo,Salvatore Puntillo
20405,salvatore-ruocco,Salvatore Ruocco
20406,salvatore-russo-3,Salvatore Russo
20407,salvatore-sansone,Salvatore Sansone
20408,salvo-randone,Salvo Randone
20409,sam-alexander,Sam Alexander
20410,sam-allen-9,Sam Allen
20411,sam-anderson,Sam Anderson
20412,sam-ash,Sam Ash
20413,sam-bagley,Sam Bagley
20414,sam-berry,Sam Berry
20415,sam-beste,Sam Beste
20416,sam-bottoms,Sam Bottoms
20417,sam-cirone,Sam Cirone
20418,sam-clayton-2,Sam Clayton
20419,sam-comery,Sam Comery
20420,sam-coppola-2,Sam Coppola
20421,sam-cutler,Sam Cutler
20422,sam-de-grasse,Sam De Grasse
20423,sam-douglas,Sam Douglas
20424,sam-dugger,Sam Dugger
20425,sam-edwards,Sam Edwards
20426,sam-egli,Sam Egli
20427,sam-elliott,Sam Elliott
20428,sam-fleischner,Sam Fleischner
20429,sam-fourness,Sam Fourness
20430,sam-graham-2,Sam Graham
20431,sam-green-2,Sam Green
20432,sam-hamm,Sam Hamm
20433,sam-hardy,Sam Hardy
20434,sam-harris-2,Sam Harris
20435,sam-jaffe,Sam Jaffe
20436,sam-kula,Sam Kula
20437,sam-kydd,Sam Kydd
20438,sam-levene,Sam Levene
20439,sam-lloyd,Sam Lloyd
20440,sam-malone,Sam Malone
20441,sam-mendes,Sam Mendes
20442,sam-montgomery,Sam Montgomery
20443,sam-neill,Sam Neill
20444,sam-peckinpah,Sam Peckinpah
20445,sam-phillips,Sam Phillips
20446,sam-raimi,Sam Raimi
20447,sam-rechner,Sam Rechner
20448,sam-redford,Sam Redford
20449,sam-riley-2,Sam Riley
20450,sam-robards,Sam Robards
20451,sam-rockwell,Sam Rockwell
20452,sam-rosen-2,Sam Rosen
20453,sam-sako-jr,Sam Sako Jr.
20454,sam-sari,Sam Sari
20455,sam-sewell,Sam Sewell
20456,sam-shepard,Sam Shepard
20457,sam-sheridan,Sam Sheridan
20458,sam-spruell,Sam Spruell
20459,sam-stinson,Sam Stinson
20460,sam-t-louis,Sam T. Louis
20461,sam-tsoutsouvas,Sam Tsoutsouvas
20462,sam-valipour,Sam Valipour
20463,sam-voutas,Sam Voutas
20464,sam-waterston,Sam Waterston
20465,sama-al-khateab,Sama Al-Khateab
20466,samad-farhang,Samad Farhang
20467,samal-yeslyamova,Samal Yeslyamova
20468,samantha-bond,Samantha Bond
20469,samantha-day,Samantha Day
20470,samantha-eggar,Samantha Eggar
20471,samantha-esteban,Samantha Esteban
20472,samantha-harrington,Samantha Harrington
20473,samantha-ivers,Samantha Ivers
20474,samantha-kelly-2,Samantha Kelly
20475,samantha-larkin,Samantha Larkin
20476,samantha-mahurin,Samantha Mahurin
20477,samantha-mathis,Samantha Mathis
20478,samantha-morton,Samantha Morton
20479,samantha-power-2,Samantha Power
20480,samantha-ressler,Samantha Ressler
20481,samantha-soule,Samantha Soule
20482,samantha-spiro,Samantha Spiro
20483,sami-frey,Sami Frey
20484,sami-muttilainen,Sami Muttilainen
20485,samia-kerbash,Samia Kerbash
20486,samia-shoaib,Samia Shoaib
20487,samir-bella,Samir Bella
20488,samira-damavandi,Samira Damavandi
20489,samm-art-williams,Samm-Art Williams
20490,sammi-cheng,Sammi Cheng
20491,sammi-davis,Sammi Davis
20492,sammo-kam-bo-hung,Sammo Kam-Bo Hung
20493,sammy-davis-jr,Sammy Davis Jr.
20494,sammy-stein,Sammy Stein
20495,sammy-white,Sammy White
20496,samraj-singh,Samraj Singh
20497,samson-barkhordarian,Samson Barkhordarian
20498,samson-raphaelson,Samson Raphaelson
20499,samud-kugasang,Samud Kugasang
20500,samuel-a-peeples,Samuel A. Peeples
20501,samuel-a-taylor,Samuel A. Taylor
20502,samuel-achache,Samuel Achache
20503,samuel-armstrong,Samuel Armstrong
20504,samuel-bottomley,Samuel Bottomley
20505,samuel-coleman,Samuel Coleman
20506,samuel-de-ryck,Samuel De Ryck
20507,samuel-e-wright,Samuel E. Wright
20508,samuel-hayes,Samuel Hayes
20509,samuel-hoffenstein,Samuel Hoffenstein
20510,samuel-hopkins-adams,Samuel Hopkins Adams
20511,samuel-joslin,Samuel Joslin
20512,samuel-l-jackson,Samuel L. Jackson
20513,samuel-lanier,Samuel Lanier
20514,samuel-le-bihan,Samuel Le Bihan
20515,samuel-lord-black,Samuel Lord Black
20516,samuel-maoz,Samuel Maoz
20517,samuel-munoz,Samuel Muñoz
20518,samuel-r-solito,Samuel R. Solito
20519,samuel-s-hinds,Samuel S. Hinds
20520,samuel-theis,Samuel Theis
20521,samuel-west,Samuel West
20522,samuele-caruana,Samuele Caruana
20523,samuele-pucillo,Samuele Pucillo
20524,samuli-edelmann,Samuli Edelmann
20525,samy-burch,Samy Burch
20526,san-ha-oh,San-ha Oh
20527,san-kim-2,San Kim
20528,sanae-khamlichi,Sanae Khamlichi
20529,sanae-miyata,Sanae Miyata
20530,sanda-velea,Sanda Velea
20531,sandahl-bergman,Sandahl Bergman
20532,sandi-tan,Sandi Tan
20533,sandor-farago,Sándor Faragó
20534,sandor-funtek,Sandor Funtek
20535,sandor-zsoter,Sándor Zsótér
20536,sandra-2,Sandra
20537,sandra-abbott,Sandra Abbott
20538,sandra-ann-roberts,Sandra Ann Roberts
20539,sandra-arau,Sandra Arau
20540,sandra-bernhard,Sandra Bernhard
20541,sandra-bullock,Sandra Bullock
20542,sandra-daley-2,Sandra Daley
20543,sandra-dee,Sandra Dee
20544,sandra-ellis-lafferty,Sandra Ellis Lafferty
20545,sandra-gould,Sandra Gould
20546,sandra-huller,Sandra Hüller
20547,sandra-kazan,Sandra Kazan
20548,sandra-korzeniak,Sandra Korzeniak
20549,sandra-milo,Sandra Milo
20550,sandra-oh,Sandra Oh
20551,sandra-raco,Sandra Raco
20552,sandra-reinton,Sandra Reinton
20553,sandra-taylor,Sandra Taylor
20554,sandra-voe,Sandra Voe
20555,sandra-warner,Sandra Warner
20556,sandrine-blancke,Sandrine Blancke
20557,sandrine-bonnaire,Sandrine Bonnaire
20558,sandrine-dumas,Sandrine Dumas
20559,sandro-ferletta,Sandro Ferletta
20560,sandro-kalandadze,Sandro Kalandadze
20561,sandro-petraglia,Sandro Petraglia
20562,sandro-scarchilli,Sandro Scarchilli
20563,sandro-scariano,Sandro Scariano
20564,sandy-baron,Sandy Baron
20565,sandy-brown-wyeth,Sandy Brown Wyeth
20566,sandy-foster,Sandy Foster
20567,sandy-gonzales,Sandy Gonzales
20568,sandy-helberg,Sandy Helberg
20569,sandy-johnson,Sandy Johnson
20570,sandy-johnson-2,Sandy Johnson
20571,sandy-kane,Sandy Kane
20572,sandy-lipton,Sandy Lipton
20573,sandy-martin,Sandy Martin
20574,sandy-mcmaster,Sandy McMaster
20575,sandy-ray,Sandy Ray
20576,sandy-rose,Sandy Rose
20577,sandy-rosenberg,Sandy Rosenberg
20578,sandy-velasco,Sandy Velasco
20579,sanjay-balu-ghanekar,Sanjay Balu Ghanekar
20580,sanjay-dayma,Sanjay Dayma
20581,sanjay-singh-8,Sanjay Singh
20582,sanjeev-bhaskar,Sanjeev Bhaskar
20583,sanjiv-jhaveri,Sanjiv Jhaveri
20584,sanne-den-hartogh,Sanne den Hartogh
20585,sannosuke-iizuka,Sannosuke Iizuka
20586,sanryo-odaka,Sanryô Odaka
20587,santana,Santana
20588,santana-stewart,Santana Stewart
20589,santiago-frias-munoz,Santiago Frias Munoz
20590,santo-fazio,Santo Fazio
20591,sao-mir,Sao Mir
20592,saoirse-ronan,Saoirse Ronan
20593,saori-gurza,Saori Gurza
20594,sapphire-2,Sapphire
20595,sara-allgood,Sara Allgood
20596,sara-berner,Sara Berner
20597,sara-castro-parra,Sara Castro Parra
20598,sara-cushman,Sara Cushman
20599,sara-driver,Sara Driver
20600,sara-gilbert,Sara Gilbert
20601,sara-haden,Sara Haden
20602,sara-marsanich,Sara Marsanich
20603,sara-martins,Sara Martins
20604,sara-nelson-2,Sara Nelson
20605,sara-shearer,Sara Shearer
20606,sara-sierra,Sara Sierra
20607,sara-tanaka,Sara Tanaka
20608,sara-varon,Sara Varon
20609,sarah-adler,Sarah Adler
20610,sarah-berry,Sarah Berry
20611,sarah-bolger-2,Sarah Bolger
20612,sarah-boss,Sarah Boss
20613,sarah-buxton,Sarah Buxton
20614,sarah-churm,Sarah Churm
20615,sarah-clements-2,Sarah Clements
20616,sarah-douglas,Sarah Douglas
20617,sarah-edwards,Sarah Edwards
20618,sarah-friedland,Sarah Friedland
20619,sarah-gavron,Sarah Gavron
20620,sarah-giovanniello,Sarah Giovanniello
20621,sarah-gudgeon,Sarah Gudgeon
20622,sarah-jeanne-labrosse,Sarah-Jeanne Labrosse
20623,sarah-jessica-parker,Sarah Jessica Parker
20624,sarah-le-picard,Sarah Le Picard
20625,sarah-livingston,Sarah Livingston
20626,sarah-makharine,Sarah Makharine
20627,sarah-michelle-gellar,Sarah Michelle Gellar
20628,sarah-miles,Sarah Miles
20629,sarah-nguyen,Sarah Nguyen
20630,sarah-niles,Sarah Niles
20631,sarah-paulson,Sarah Paulson
20632,sarah-peirse,Sarah Peirse
20633,sarah-polley,Sarah Polley
20634,sarah-rayne,Sarah Rayne
20635,sarah-ripard,Sarah Ripard
20636,sarah-rosen-fruitman,Sarah Rosen Fruitman
20637,sarah-s-brooks,Sarah S. Brooks
20638,sarah-sherman-3,Sarah Sherman
20639,sarah-shoshana-david,Sarah Shoshana David
20640,sarah-silverman,Sarah Silverman
20641,sarah-simmons,Sarah Simmons
20642,sarah-smith-2,Sarah Smith
20643,sarah-smyth,Sarah Smyth
20644,sarah-strange,Sarah Strange
20645,sarah-viennot,Sarah Viennot
20646,sarah-vowell,Sarah Vowell
20647,sarah-weber,Sarah Weber
20648,sarah-white,Sarah White
20649,sarah-widdows,Sarah Widdows
20650,sarah-wilson-27,Sarah Wilson
20651,sarah-y-mason,Sarah Y. Mason
20652,sarah-zahn,Sarah Zahn
20653,sarch-chakuroff,Sarch Chakuroff
20654,sareh-bayat,Sareh Bayat
20655,sari-lennick,Sari Lennick
20656,sarina-c-grant,Sarina C. Grant
20657,sarina-farhadi,Sarina Farhadi
20658,sarita-choudhury,Sarita Choudhury
20659,sarkis-gounon,Sarkis Gounon
20660,saroj-gandharba,Saroj Gandharba
20661,sas-goldberg,Sas Goldberg
20662,sasa-cabalquinto,Sasa Cabalquinto
20663,sasha-alliel,Sasha Alliel
20664,sasha-azevedo,Sasha Azevedo
20665,sasha-barrese,Sasha Barrese
20666,sasha-compere,Sasha Compère
20667,sasha-hutchings,Sasha Hutchings
20668,sasha-joseph-neulinger,Sasha Joseph Neulinger
20669,sasha-spielberg,Sasha Spielberg
20670,sasipim-piwansenee,Sasipim Piwansenee
20671,saskia-mulder,Saskia Mulder
20672,sasson-gabay,Sasson Gabay
20673,satoko-abe,Satoko Abe
20674,satomi-korogi,Satomi Kôrogi
20675,satoru-takahashi,Satoru Takahashi
20676,satoshi-iwago,Satoshi Iwagô
20677,satoshi-kon,Satoshi Kon
20678,satoshi-nikaido,Satoshi Nikaido
20679,satoshi-tajiri,Satoshi Tajiri
20680,satu-mikkelinen,Satu Mikkelinen
20681,saturnin-fabre,Saturnin Fabre
20682,saturnin-olou,Saturnin Olou
20683,saturno-cerra,Saturno Cerra
20684,satya-bhabha,Satya Bhabha
20685,satya-gumbert,Satya Gumbert
20686,satyakam-anand,Satyakam Anand
20687,saul-rubinek,Saul Rubinek
20688,saunders-triplets,Saunders Triplets
20689,savannah-ioakimedes,Savannah Ioakimedes
20690,savannah-rol,Savannah Rol
20691,savas-dimopoulos,Savas Dimopoulos
20692,saverio-turiello,Saverio Turiello
20693,sawako-agawa,Sawako Agawa
20694,sawang-rodnuch,Sawang Rodnuch
20695,sayaka-ohara,Sayaka Ôhara
20696,sayaka-yoshino,Sayaka Yoshino
20697,sayuri-gutierrez,Sayuri Gutierrez
20698,scarlet-rivera,Scarlet Rivera
20699,scarlett-johansson,Scarlett Johansson
20700,scatman-crothers,Scatman Crothers
20701,scoot-mcnairy,Scoot McNairy
20702,scot-anthony-robinson,Scot Anthony Robinson
20703,scott-alan-smith,Scott Alan Smith
20704,scott-alexander,Scott Alexander
20705,scott-b-smith,Scott B. Smith
20706,scott-bakula,Scott Bakula
20707,scott-banks,Scott Banks
20708,scott-beach,Scott Beach
20709,scott-brandon-2,Scott Brandon
20710,scott-burkholder,Scott Burkholder
20711,scott-capurro,Scott Capurro
20712,scott-doebler,Scott Doebler
20713,scott-dymond,Scott Dymond
20714,scott-frank,Scott Frank
20715,scott-gerbacia,Scott Gerbacia
20716,scott-glenn,Scott Glenn
20717,scott-grimes,Scott Grimes
20718,scott-haze,Scott Haze
20719,scott-hicks,Scott Hicks
20720,scott-hogsett,Scott Hogsett
20721,scott-kaske,Scott Kaske
20722,scott-knisley,Scott Knisley
20723,scott-kolk,Scott Kolk
20724,scott-kosar,Scott Kosar
20725,scott-krinsky,Scott Krinsky
20726,scott-mann,Scott Mann
20727,scott-marshall-smith,Scott Marshall Smith
20728,scott-mcafee,Scott McAfee
20729,scott-michael-campbell,Scott Michael Campbell
20730,scott-moore,Scott Moore
20731,scott-mosier,Scott Mosier
20732,scott-neustadter,Scott Neustadter
20733,scott-patrick-green,Scott Patrick Green
20734,scott-paulin,Scott Paulin
20735,scott-rosenberg,Scott Rosenberg
20736,scott-schwartz,Scott Schwartz
20737,scott-shepherd-2,Scott Shepherd
20738,scott-spiegel,Scott Spiegel
20739,scott-stewart-2,Scott Stewart
20740,scott-strozier,Scott Strozier
20741,scott-subiono,Scott Subiono
20742,scott-talbott-2,Scott Talbott
20743,scott-thomas,Scott Thomas
20744,scott-thomson-2,Scott Thomson
20745,scott-turnbull,Scott Turnbull
20746,scott-waugh,Scott Waugh
20747,scott-weinger,Scott Weinger
20748,scott-wilson,Scott Wilson
20749,scott-z-burns,Scott Z. Burns
20750,scotty-beckett,Scotty Beckett
20751,scotty-crowe,Scotty Crowe
20752,scotty-mattraw,Scotty Mattraw
20753,se-dong-kim,Se-dong Kim
20754,se-joo-han,Se-joo Han
20755,se-tak-chang,Se-tak Chang
20756,sea-moi-lee,Sea Moi Lee
20757,seamon-glass,Seamon Glass
20758,seamus-bolivar-ochoa,Séamus Bolivar-Ochoa
20759,seamus-davey-fitzpatrick,Seamus Davey-Fitzpatrick
20760,seamus-greene,Seamus Greene
20761,seamus-moran,Seamus Moran
20762,sean-amsing,Sean Amsing
20763,sean-andrew,Sean Andrew
20764,sean-astin,Sean Astin
20765,sean-baker-2,Sean Baker
20766,sean-bean,Sean Bean
20767,sean-biggerstaff,Sean Biggerstaff
20768,sean-bott,Sean Bott
20769,sean-bridgers,Sean Bridgers
20770,sean-chapman,Sean Chapman
20771,sean-connery,Sean Connery
20772,sean-ellis-4,Sean Ellis
20773,sean-everett,Sean Everett
20774,sean-frye,Sean Frye
20775,sean-gerace,Sean Gerace
20776,sean-gilder,Sean Gilder
20777,sean-grennan,Sean Grennan
20778,sean-gullette,Sean Gullette
20779,sean-harris,Sean Harris
20780,sean-holland,Sean Holland
20781,sean-keenan-2,Sean Keenan
20782,sean-maher,Sean Maher
20783,sean-malone-2,Sean Malone
20784,sean-masterson,Sean Masterson
20785,sean-mcclory,Sean McClory
20786,sean-miller-4,Sean Miller
20787,sean-o-suilleabhain,Sean Ó Súilleabháin
20788,sean-papajohn,Sean Papajohn
20789,sean-patrick-thomas,Sean Patrick Thomas
20790,sean-penn,Sean Penn
20791,sean-pertwee,Sean Pertwee
20792,sean-smith-12,Sean Smith
20793,sean-stone,Sean Stone
20794,sean-sullivan,Sean Sullivan
20795,sean-sullivan-5,Sean Sullivan
20796,sean-tizzard,Sean Tizzard
20797,sean-tyrik-2,Sean Tyrik
20798,sean-whalen,Sean Whalen
20799,seann-conway,Seann Conway
20800,sebastian-abineri,Sebastian Abineri
20801,sebastian-blanco,Sebastián Blanco
20802,sebastian-cabot,Sebastian Cabot
20803,sebastian-haro,Sebastián Haro
20804,sebastian-koch,Sebastian Koch
20805,sebastian-meise,Sebastian Meise
20806,sebastian-rice-edwards,Sebastian Rice-Edwards
20807,sebastian-roche,Sebastian Roché
20808,sebastian-schipper,Sebastian Schipper
20809,sebastian-serra-2,Sebastian Serra
20810,sebastian-shaw,Sebastian Shaw
20811,sebastian-sozzi,Sebastian Sozzi
20812,sebastian-stan,Sebastian Stan
20813,sebastien-foucan,Sebastien Foucan
20814,sebastien-japrisot,Sébastien Japrisot
20815,seckin-aydin,Seçkin Aydin
20816,sedigheh-saadati,Sedigheh Sa'adati
20817,seessel-anne-johnson,Seessel Anne Johnson
20818,seguna,Seguna
20819,sei-hiraizumi,Sei Hiraizumi
20820,seiji-miyaguchi,Seiji Miyaguchi
20821,seiji-sasaki,Seiji Sasaki
20822,seijiro-onda,Seijirô Onda
20823,seishi-minakami,Seishi Minakami
20824,seizaburo-kawazu,Seizaburô Kawazu
20825,seizo-kato,Seizô Katô
20826,sejid-koso,Sejid Koso
20827,sela-ward,Sela Ward
20828,selah-atwood,Selah Atwood
20829,selden-smith,Selden Smith
20830,selena-gomez,Selena Gomez
20831,selma-archerd,Selma Archerd
20832,selma-blair,Selma Blair
20833,selma-vaz-dias,Selma Vaz Dias
20834,semion-sudarikov,Semion Sudarikov
20835,sencar-sagdic,Sencar Sagdic
20836,senkichi-omura,Senkichi Ômura
20837,senor-marco,Señor Marco
20838,senta-moses,Senta Moses
20839,seo-dong-soo,Seo Dong-soo
20840,seo-hie-ko,Seo-hie Ko
20841,seo-hyun-woo,Seo Hyun-woo
20842,seo-in-park,Seo-in Park
20843,seo-yeon-park,Seo-yeon Park
20844,seo-yeon-woo-2,Seo Yeon-Woo
20845,seok-chan-jeon,Seok-Chan Jeon
20846,seok-ho-shin,Seok-ho Shin
20847,seok-hyeong-lee,Seok-Hyeong Lee
20848,seol-a-im,Seol-a Im
20849,seong-kwang-ha,Seong-kwang Ha
20850,seong-young-kim,Seong-Young Kim
20851,serafeim-radis,Serafeim Radis
20852,serban-pavlu,Serban Pavlu
20853,serena-2,Serena
20854,serena-gordon,Serena Gordon
20855,serena-grandi,Serena Grandi
20856,serge-houde,Serge Houde
20857,serge-korber,Serge Korber
20858,serge-livrozet,Serge Livrozet
20859,serge-merlin,Serge Merlin
20860,serge-onteniente,Serge Onteniente
20861,serge-reggiani,Serge Reggiani
20862,serge-rezvani,Serge Rezvani
20863,sergei-dvortsevoy,Sergei Dvortsevoy
20864,sergei-eisenstein,Sergei Eisenstein
20865,sergey-bachurskiy,Sergey Bachurskiy
20866,sergey-borisov,Sergey Borisov
20867,sergey-dreyden,Sergey Dreyden
20868,sergey-loznitsa,Sergey Loznitsa
20869,sergey-pokhodaev,Sergey Pokhodaev
20870,sergey-tretyakov,Sergey Tretyakov
20871,sergi-lopez,Sergi López
20872,sergio-boris,Sergio Boris
20873,sergio-calderon,Sergio Calderón
20874,sergio-coen,Sergio Coen
20875,sergio-corrieri,Sergio Corrieri
20876,sergio-donati,Sergio Donati
20877,sergio-g-sanchez,Sergio G. Sánchez
20878,sergio-leone,Sergio Leone
20879,sergio-mendizabal,Sergio Mendizábal
20880,sergio-montalvo,Sergio Montalvo
20881,sergio-pablos,Sergio Pablos
20882,sergio-rubini,Sergio Rubini
20883,sergio-santana,Sergio Santana
20884,sergio-torrado,Sergio Torrado
20885,sergio-tramonti,Sergio Tramonti
20886,sergiy-komishon,Sergiy Komishon
20887,sergiy-livitsky,Sergiy Livitsky
20888,serhat-mustafa-kilic,Serhat Mustafa Kiliç
20889,serkan-keskin,Serkan Keskin
20890,servando-villamil,Servando Villamil
20891,sessue-hayakawa,Sessue Hayakawa
20892,seth-adkins,Seth Adkins
20893,seth-allen-2,Seth Allen
20894,seth-friedman-2,Seth Friedman
20895,seth-gilliam,Seth Gilliam
20896,seth-ranaweera,Seth Ranaweera
20897,seth-rogen,Seth Rogen
20898,seth-stewart-2,Seth Stewart
20899,seto-masumi,Seto Masumi
20900,seton-i-miller,Seton I. Miller
20901,setsuko-hara,Setsuko Hara
20902,setsuko-shinoi,Setsuko Shinoi
20903,seu-jorge,Seu Jorge
20904,seung-beom-ryu,Seung-beom Ryu
20905,seung-bi-lee,Seung-bi Lee
20906,seung-mok-yoo,Seung-mok Yoo
20907,seung-ri-shin,Seung-Ri Shin
20908,seung-shin-lee,Seung-shin Lee
20909,seung-su-ryu,Seung-su Ryu
20910,seung-wan-ryu,Seung-wan Ryu
20911,seung-won-cha,Seung-Won Cha
20912,seung-won-seo,Seung-won Seo
20913,severino-cavalcanti,Severino Cavalcanti
20914,sevilay-demirci,Sevilay Demirci
20915,seymour-amster,Seymour Amster
20916,seymour-cassel,Seymour Cassel
20917,seymour-hersh,Seymour Hersh
20918,seyna-kane,Seyna Kane
20919,seyni-diop,Seyni Diop
20920,seyyed-jamshid-hosseini,Seyyed Jamshid Hosseini
20921,sha-na-na,Sha-Na-Na
20922,shabazz-ray,Shabazz Ray
20923,shacha-temirov,Shacha Temirov
20924,shadedra-collins,Shadedra Collins
20925,shadmehr-rastin,Shadmehr Rastin
20926,shae-dlyn,Shae D'lyn
20927,shah-rukh-khan,Shah Rukh Khan
20928,shahab-hosseini-2,Shahab Hosseini
20929,shahpour-ghobadi,Shahpour Ghobadi
20930,shailaja-shrikant,Shailaja Shrikant
20931,shailene-woodley,Shailene Woodley
20932,shake-tukhmanyan,Shake Tukhmanyan
20933,shakira-caine,Shakira Caine
20934,shameik-moore,Shameik Moore
20935,shan-tam,Shan Tam
20936,shane-black,Shane Black
20937,shane-casey-2,Shane Casey
20938,shane-connaughton,Shane Connaughton
20939,shane-graham,Shane Graham
20940,shane-mcrae,Shane McRae
20941,shane-meadows,Shane Meadows
20942,shane-meier,Shane Meier
20943,shane-nott,Shane Nott
20944,shane-rangi,Shane Rangi
20945,shane-rimmer,Shane Rimmer
20946,shane-serwin,Shane Serwin
20947,shane-wilder-3,Shane Wilder
20948,shaneigha-monik-greyson,Shaneigha-Monik Greyson
20949,shani-salyers-stiles,Shani Salyers Stiles
20950,shani-wallis,Shani Wallis
20951,shanika-cole,Shanika Cole
20952,shaniqua-okwok,Shaniqua Okwok
20953,shannen-doherty,Shannen Doherty
20954,shannon-egleson,Shannon Egleson
20955,shannon-fleur-roux,Shannon-Fleur Roux
20956,shannon-holtzapffel,Shannon Holtzapffel
20957,shannon-johnson-4,Shannon Johnson
20958,shannon-sedwick,Shannon Sedwick
20959,shannon-stillo,Shannon Stillo
20960,shannyn-sossamon,Shannyn Sossamon
20961,shar-campbell,Shar Campbell
20962,sharee-fowler,Sharee Fowler
20963,shareeka-epps,Shareeka Epps
20964,shari-hall,Shari Hall
20965,shari-lee-bernath,Shari Lee Bernath
20966,shari-springer-berman,Shari Springer Berman
20967,shari-weiser,Shari Weiser
20968,shariff-earp,Shariff Earp
20969,sharita,Sharita
20970,sharman-joshi,Sharman Joshi
20971,sharon-acker,Sharon Acker
20972,sharon-alexander,Sharon Alexander
20973,sharon-anderson,Sharon Anderson
20974,sharon-breslau,Sharon Breslau
20975,sharon-d-clarke,Sharon D. Clarke
20976,sharon-landry,Sharon Landry
20977,sharon-leal,Sharon Leal
20978,sharon-mcfarlane,Sharon McFarlane
20979,sharon-menzel,Sharon Menzel
20980,sharon-omahoney,Sharon O'Mahoney
20981,sharon-siddique,Sharon Siddique
20982,sharon-stone,Sharon Stone
20983,sharon-szmidt,Sharon Szmidt
20984,sharon-ullrick,Sharon Ullrick
20985,sharon-van-etten,Sharon Van Etten
20986,sharon-warren,Sharon Warren
20987,sharon-washington,Sharon Washington
20988,sharon-williams,Sharon Williams
20989,sharpe-james,Sharpe James
20990,shashawnee-hall,Shashawnee Hall
20991,shashi-bhatia,Shashi Bhatia
20992,shatara-michelle-ford,Shatara Michelle Ford
20993,shaul-amir-2,Shaul Amir
20994,shaun-aylward,Shaun Aylward
20995,shaun-duke,Shaun Duke
20996,shaun-evans-2,Shaun Evans
20997,shaun-lawton,Shaun Lawton
20998,shaun-noble,Shaun Noble
20999,shaun-ohagan,Shaun O'Hagan
21000,shaun-p-ohagan,Shaun P. O'Hagan
21001,shaun-parkes,Shaun Parkes
21002,shaun-tisdale,Shaun Tisdale
21003,shauna-macdonald-2,Shauna Macdonald
21004,shaunak-sen,Shaunak Sen
21005,shaunette-renee-wilson,Shaunette Renée Wilson
21006,shawn-ashmore,Shawn Ashmore
21007,shawn-bishop,Shawn Bishop
21008,shawn-dempewolff-barrett,Shawn Dempewolff-Barrett
21009,shawn-hatosy,Shawn Hatosy
21010,shawn-hewitt,Shawn Hewitt
21011,shawn-howell,Shawn Howell
21012,shawn-lawrence-otto,Shawn Lawrence Otto
21013,shawn-schepps,Shawn Schepps
21014,shawn-yue,Shawn Yue
21015,shawnea-rosser,Shawnea Rosser
21016,shawnee-smith,Shawnee Smith
21017,shay-cunliffe,Shay Cunliffe
21018,shay-lee-abeson,Shay Lee Abeson
21019,shayesteh-irani,Shayesteh Irani
21020,shayna-mchayle,Shayna McHayle
21021,shea-fowler,Shea Fowler
21022,shea-whigham,Shea Whigham
21023,sheb-wooley,Sheb Wooley
21024,sheba-anyanwu,Sheba Anyanwu
21025,sheetal-menon,Sheetal Menon
21026,sheikh-rasheed,Sheikh Rasheed
21027,sheila-agee,Sheila Agee
21028,sheila-atim,Sheila Atim
21029,sheila-flitton,Sheila Flitton
21030,sheila-gish,Sheila Gish
21031,sheila-hullihen,Sheila Hullihen
21032,sheila-johnson,Sheila Johnson
21033,sheila-mokhtari,Sheila Mokhtari
21034,sheila-raynor,Sheila Raynor
21035,sheila-reid,Sheila Reid
21036,sheila-sim,Sheila Sim
21037,shekhar-kapur,Shekhar Kapur
21038,shelagh-fraser,Shelagh Fraser
21039,shelby-brammer,Shelby Brammer
21040,shelby-lynne,Shelby Lynne
21041,sheldon-leonard,Sheldon Leonard
21042,sheldon-turner,Sheldon Turner
21043,shelley-duvall,Shelley Duvall
21044,shelley-thompson,Shelley Thompson
21045,shelley-waggener,Shelley Waggener
21046,shelley-winters,Shelley Winters
21047,shelly-corwin,Shelly Corwin
21048,shelly-desai,Shelly Desai
21049,shelly-edwards,Shelly Edwards
21050,shelly-norman,Shelly Norman
21051,shelly-schultz,Shelly Schultz
21052,shelton-shakespear-alexander,Shelton Shakespear Alexander
21053,shem-hamilton,Shem Hamilton
21054,shenaz-treasury,Shenaz Treasury
21055,shepard-fairey,Shepard Fairey
21056,sheridan-morley,Sheridan Morley
21057,sherita-deni-coker,Sherita Deni Coker
21058,sherri-shepherd,Sherri Shepherd
21059,sherri-villanueva,Sherri Villanueva
21060,sherrie-wills,Sherrie Wills
21061,sherrod-brown,Sherrod Brown
21062,sherry-lynn,Sherry Lynn
21063,shershah-mizan,Shershah Mizan
21064,sherwan-haji,Sherwan Haji
21065,sherwood-ball,Sherwood Ball
21066,sherwood-boehlert,Sherwood Boehlert
21067,sheryl-deauville,Sheryl Deauville
21068,sheryl-lee,Sheryl Lee
21069,sheyla-kenia,Sheyla Kenia
21070,shi-heng-jiang,Shi Heng Jiang
21071,shi-hui-chin,Shi-hui Chin
21072,shi-lichen,Shi Lichen
21073,shi-zi-yun,Shi Zi Yun
21074,shibani-bathija,Shibani Bathija
21075,shichinosuke-nakamura,Shichinosuke Nakamura
21076,shichisaburo-amatsu,Shichisaburô Amatsu
21077,shido-nakamura,Shidô Nakamura
21078,shigeru-chiba,Shigeru Chiba
21079,shigeru-kayama,Shigeru Kayama
21080,shigeru-koyama,Shigeru Kôyama
21081,shigeru-muroi,Shigeru Muroi
21082,shigeru-tsuyuguchi,Shigeru Tsuyuguchi
21083,shigeru-wakita,Shigeru Wakita
21084,shigesato-itoi,Shigesato Itoi
21085,shih-ching-tsou,Shih-Ching Tsou
21086,shiho-niiyama,Shiho Niiyama
21087,shihua-wang,Shihua Wang
21088,shiloh-fernandez,Shiloh Fernandez
21089,shima-iwashita,Shima Iwashita
21090,shimin-zhang,Shimin Zhang
21091,shin-ha-kyun,Shin Ha-kyun
21092,shin-hee-chul,Shin Hee-Chul
21093,shin-hyun-jong,Shin Hyun-jong
21094,shin-ito-2,Shin Ito
21095,shin-koyamada,Shin Koyamada
21096,shin-nakahara,Shin Nakahara
21097,shin-rock-kim,Shin-rock Kim
21098,shin-young-kim,Shin-Young Kim
21099,shinho-lee,Shinho Lee
21100,shinichi-chiba,Shin'ichi Chiba
21101,shinichi-hashizawa,Shinichi Hashizawa
21102,shinichi-hatori,Shin'ichi Hatori
21103,shinichi-himori,Shin'ichi Himori
21104,shinichiro-inoue,Shinichirô Inoue
21105,shinichiro-mikami,Shin'ichirô Mikami
21106,shinichiro-miki,Shin'ichirô Miki
21107,shinichiro-osawa,Shin'ichirô Ôsawa
21108,shinichiro-ota,Shinichiro Ota
21109,shinichiro-ueda,Shin'ichirô Ueda
21110,shinichiro-watanabe,Shin'ichirô Watanabe
21111,shinji-hiwatashi,Shinji Hiwatashi
21112,shinji-ogawa,Shinji Ogawa
21113,shinji-tokumaru,Shinji Tokumaru
21114,shinnosuke-furumoto,Shinnosuke Furumoto
21115,shinobu-araki,Shinobu Araki
21116,shinobu-asaji,Shinobu Asaji
21117,shinobu-hashimoto,Shinobu Hashimoto
21118,shinobu-otake,Shinobu Ôtake
21119,shinosuke-tatekawa,Shinosuke Tatekawa
21120,shinpachi-tsuji,Shinpachi Tsuji
21121,shintaro-wada,Shintaro Wada
21122,shinya-fukumatsu,Shin'ya Fukumatsu
21123,shinya-otaki,Shinya Ôtaki
21124,shiori-nukumi,Shiori Nukumi
21125,shira-haas,Shira Haas
21126,shira-roth,Shira Roth
21127,shira-shaish,Shira Shaish
21128,shirin-aghakashi,Shirin Aghakashi
21129,shirin-azimiyannezhad,Shirin Azimiyannezhad
21130,shirin-yazdanbakhsh,Shirin Yazdanbakhsh
21131,shirlee-allard,Shirlee Allard
21132,shirley-blackwell,Shirley Blackwell
21133,shirley-chisholm,Shirley Chisholm
21134,shirley-douglas,Shirley Douglas
21135,shirley-eaton,Shirley Eaton
21136,shirley-henderson,Shirley Henderson
21137,shirley-knight,Shirley Knight
21138,shirley-kwan,Shirley Kwan
21139,shirley-maclaine,Shirley MacLaine
21140,shirley-mills,Shirley Mills
21141,shirley-stoler,Shirley Stoler
21142,shiro-osaka,Shirô Ôsaka
21143,shiro-saito,Shirô Saitô
21144,shiro-tamaki-2,Shirô Tamaki
21145,shirow-masamune,Shirow Masamune
21146,shiva-gordon,Shiva Gordon
21147,shixue-yu,Shixue Yu
21148,shlomi-elkabetz,Shlomi Elkabetz
21149,shmil-ben-ari,Shmil Ben Ari
21150,shmuel-frenkel,Shmuel Frenkel
21151,shmuel-levy,Shmuel Levy
21152,sho-saito,Sho Saito
21153,shoaib-ahmed,Shoaib Ahmed
21154,shogo-furuya,Shôgo Furuya
21155,shogo-suzuki,Shôgo Suzuki
21156,shohei-ayukawa,Shohei Ayukawa
21157,shohei-hino,Shôhei Hino
21158,shohei-imamura,Shôhei Imamura
21159,shohei-tanaka,Shohei Tanaka
21160,shohreh-aghdashloo,Shohreh Aghdashloo
21161,shoichiro-tanigawa,Shôichirô Tanigawa
21162,shoko-tsuda,Shôko Tsuda
21163,shola-adewusi,Shola Adewusi
21164,shonte-jackson,Shonte Jackson
21165,shooter-jennings,Shooter Jennings
21166,shoshi-hiramatsu,Shoshi Hiramatsu
21167,shota-sometani,Shôta Sometani
21168,shou-xin-wang,Shou Xin Wang
21169,shouma-kai,Shouma Kai
21170,shozo-izuka,Shôzô Îzuka
21171,shri-vallabh-vyas,Shri Vallabh Vyas
21172,shu-qi,Shu Qi
21173,shu-shen-hsiao,Shu-shen Hsiao
21174,shu-yuan-hsu,Shu-Yuan Hsu
21175,shu-zhang,Shu Zhang
21176,shuai-zeng,Shuai Zeng
21177,shuangjie-zeng,Shuangjie Zeng
21178,shugoro-yamamoto,Shûgorô Yamamoto
21179,shuhuan-wang,ShuHuan Wang
21180,shui-ting-ng,Shui-Ting Ng
21181,shuichi-harada,Shuichi Harada
21182,shuichiro-moriyama,Shûichirô Moriyama
21183,shuji-kishida,Shuji Kishida
21184,shula-zeder,Shula Zeder
21185,shun-nakayama,Shun Nakayama
21186,shun-sugata,Shun Sugata
21187,shunsaku-ikehata,Shunsaku Ikehata
21188,shuntaro-yamazaki,Shuntarô Yamazaki
21189,shunzi,Shunzi
21190,shuqin-jiang,Shuqin Jiang
21191,shuzhen-zhao,Shuzhen Zhao
21192,shweta-prajapati,Shweta Prajapati
21193,si-ah-jin,Si Ah Jin
21194,si-mohamed-baghdadi,Si Mohamed Baghdadi
21195,sia-berkeley,Sia Berkeley
21196,sian-breckin,Sian Breckin
21197,sian-phillips,Siân Phillips
21198,sibll-fox-richardson,Sibll Fox Richardson
21199,sid-ahmed-agoumi,Sid Ahmed Agoumi
21200,sid-caesar,Sid Caesar
21201,sid-haig,Sid Haig
21202,sid-mccoy,Sid McCoy
21203,sid-silvers,Sid Silvers
21204,sid-watkins,Sid Watkins
21205,sidney-antunes,Sidney Antunes
21206,sidney-barnes,Sidney Barnes
21207,sidney-blackmer,Sidney Blackmer
21208,sidney-bracey,Sidney Bracey
21209,sidney-buchman,Sidney Buchman
21210,sidney-carroll,Sidney Carroll
21211,sidney-cole-2,Sidney Cole
21212,sidney-flanigan,Sidney Flanigan
21213,sidney-gilliat,Sidney Gilliat
21214,sidney-howard,Sidney Howard
21215,sidney-james,Sidney James
21216,sidney-lumet,Sidney Lumet
21217,sidney-poitier,Sidney Poitier
21218,sidse-babett-knudsen,Sidse Babett Knudsen
21219,siegbert-prawer,Siegbert Prawer
21220,siegfried-breuer,Siegfried Breuer
21221,siegfried-rauch,Siegfried Rauch
21222,sieghardt-rupp,Sieghardt Rupp
21223,sierra-bandit,Sierra Bandit
21224,sierra-mccormick,Sierra McCormick
21225,sierra-stewart,Sierra Stewart
21226,sif-ruud,Sif Ruud
21227,sig-ruman,Sig Ruman
21228,sigourney-weaver,Sigourney Weaver
21229,sigrid-lorentzen-abelsnes,Sigrid Lorentzen Abelsnes
21230,sigrid-sollund,Sigrid Sollund
21231,sigrid-von-richthofen,Sigrid von Richthofen
21232,sigridur-benediktsdottir,Sigridur Benediktsdottir
21233,sigurd-rachman,Sigurd Rachman
21234,sihan-cheng,Sihan Cheng
21235,sihung-lung,Sihung Lung
21236,silas-monyatse,Silas Monyatse
21237,silvana-zorich,Silvana Zorich
21238,silver-tip-baker,Silver Tip Baker
21239,silverio-palacios,Silverio Palacios
21240,silvestri,Silvestri
21241,silvia-ferretti,Silvia Ferretti
21242,silvio-bagolini,Silvio Bagolini
21243,sima,Sima
21244,sima-mobarak-shahi,Sima Mobarak-Shahi
21245,simen-pariyar,Simen Pariyar
21246,simina-soumare,Simina Soumaré
21247,simmy-bow,Simmy Bow
21248,simn-bernshtein,Simn Bernshtein
21249,simon-abkarian,Simon Abkarian
21250,simon-al-bazoon,Simon Al-Bazoon
21251,simon-baker-3,Simon Baker
21252,simon-bakhouche,Simon Bakhouche
21253,simon-bamford,Simon Bamford
21254,simon-beaufoy,Simon Beaufoy
21255,simon-billig,Simon Billig
21256,simon-blackwell,Simon Blackwell
21257,simon-burke,Simon Burke
21258,simon-callow,Simon Callow
21259,simon-caudry,Simon Caudry
21260,simon-chandler,Simon Chandler
21261,simon-craig,Simon Craig
21262,simon-farnaby,Simon Farnaby
21263,simon-gross,Simon Groß
21264,simon-hutchins,Simon Hutchins
21265,simon-iteanu,Simon Iteanu
21266,simon-j-smith,Simon J. Smith
21267,simon-j-williamson,Simon J. Williamson
21268,simon-jones,Simon Jones
21269,simon-kaplan,Simon Kaplan
21270,simon-kinberg,Simon Kinberg
21271,simon-kunz,Simon Kunz
21272,simon-maagaard-holm,Simon Maagaard Holm
21273,simon-mann,Simon Mann
21274,simon-mcburney,Simon McBurney
21275,simon-mesa-soto,Simón Mesa Soto
21276,simon-michael,Simon Michaël
21277,simon-moore,Simon Moore
21278,simon-nash,Simon Nash
21279,simon-oakland,Simon Oakland
21280,simon-oconnor,Simon O'Connor
21281,simon-pegg,Simon Pegg
21282,simon-prebble,Simon Prebble
21283,simon-rhee,Simon Rhee
21284,simon-rich,Simon Rich
21285,simon-russell-beale,Simon Russell Beale
21286,simon-stephenson,Simon Stephenson
21287,simon-wells,Simon Wells
21288,simon-yam,Simon Yam
21289,simona-nobili,Simona Nobili
21290,simone-gad,Simone Gad
21291,simone-renant,Simone Renant
21292,simone-sacchettino,Simone Sacchettino
21293,simone-signoret,Simone Signoret
21294,simone-simon,Simone Simon
21295,sinan-yusufoglu,Sinan Yusufoglu
21296,sinead-cusack,Sinéad Cusack
21297,siobhan-fallon-hogan,Siobhan Fallon Hogan
21298,sion-tudor-owen,Sion Tudor Owen
21299,siow-phing-tan,Siow Phing Tan
21300,siphiwe-nzima-ntskhe,Siphiwe Nzima-Ntskhe
21301,siri-forberg,Siri Forberg
21302,sisira-anil-ck,Sisira Anil CK
21303,sissi-petropoulou,Sissi Petropoulou
21304,sissy-spacek,Sissy Spacek
21305,siu-hung-leung,Siu-Hung Leung
21306,siu-ping-lam,Siu Ping-Lam
21307,siu-wong-fan,Siu-Wong Fan
21308,siv-aleros,Siv Aleros
21309,siv-ericks,Siv Ericks
21310,sixtine-murat,Sixtine Murat
21311,sj-warmington,S.J. Warmington
21312,sjon,Sjón
21313,skandar-keynes,Skandar Keynes
21314,skeet-ulrich,Skeet Ulrich
21315,skip-bayless,Skip Bayless
21316,skip-homeier,Skip Homeier
21317,skip-schwink,Skip Schwink
21318,skipp-lynch,Skipp Lynch
21319,sky-du-mont,Sky du Mont
21320,sky-ferreira,Sky Ferreira
21321,sky-hofmann,Sky Hofmann
21322,skyler-fortgang,Skyler Fortgang
21323,slava-the-dog,Slava the Dog
21324,slavitza-jovan,Slavitza Jovan
21325,slavko-sobin,Slavko Sobin
21326,slawomir-idziak,Slawomir Idziak
21327,slim-3,Slim
21328,slim-degrey,Slim DeGrey
21329,slim-pickens,Slim Pickens
21330,slim-summerville,Slim Summerville
21331,slimane-dazi,Slimane Dazi
21332,sly-and-the-family-stone,Sly and the Family Stone
21333,sm-zaheer,S.M. Zaheer
21334,sn-behrman,S.N. Behrman
21335,snehalata-siddarth-tagde-2,Snehalata Siddarth Tagde
21336,snoop-dogg,Snoop Dogg
21337,so-yamamura,Sô Yamamura
21338,so-yamanaka,So Yamanaka
21339,so-yul-choi,So Yul Choi
21340,soaduon-siregar,Soaduon Siregar
21341,socorro-nobre,Socorro Nobre
21342,socorro-valdez,Socorro Valdez
21343,sofia-bertolotto,Sofia Bertolotto
21344,sofia-coppola,Sofia Coppola
21345,sofia-ledarp,Sofia Ledarp
21346,sofia-nicolaescu,Sofia Nicolaescu
21347,sofia-schandy-bloch,Sofia Schandy Bloch
21348,sofia-shinas,Sofia Shinas
21349,sofiath-sanni,Sofiath Sanni
21350,sofie-grabol,Sofie Gråbøl
21351,sofya-bagdasarova,Sofya Bagdasarova
21352,sofya-sinitsyna,Sofya Sinitsyna
21353,soia-lira,Soia Lira
21354,soichi-konparu,Soichi Konparu
21355,sol-abrams,Sol Abrams
21356,sol-echeverria,Sol Echeverría
21357,sol-vinken,Sol Vinken
21358,sol-yurick,Sol Yurick
21359,solal-forte,Solal Forte
21360,soledad-jimenez,Soledad Jiménez
21361,soledad-villamil,Soledad Villamil
21362,solmaz-panahi,Solmaz Panahi
21363,solomon-northup,Solomon Northup
21364,solveig-dommartin,Solveig Dommartin
21365,soma-santoki,Soma Santoki
21366,son-seung-beom,Son Seung-Beom
21367,son-ye-jin,Son Ye-jin
21368,sondra-currie,Sondra Currie
21369,sondra-locke,Sondra Locke
21370,song-i-kim,Song-i Kim
21371,song-in-hyuk,Song In Hyuk
21372,song-kang-ho,Song Kang-ho
21373,song-seon-mi,Song Seon-mi
21374,song-young-chang,Song Young-chang
21375,songshen-zuo,Songshen Zuo
21376,sonia-bergamasco,Sonia Bergamasco
21377,sonia-braga,Sonia Braga
21378,sonia-chernus,Sonia Chernus
21379,sonia-dresdel,Sonia Dresdel
21380,sonia-evans,Sonia Evans
21381,sonia-gessner,Sonia Gessner
21382,sonia-rolland,Sonia Rolland
21383,sonia-todd,Sonia Todd
21384,sonia-yuan,Sonia Yuan
21385,sonja-sohn,Sonja Sohn
21386,sonje-fortag,Sonje Fortag
21387,sonnell-dadral,Sonnell Dadral
21388,sonny-barger,Sonny Barger
21389,sonny-bupp,Sonny Bupp
21390,sonny-caldinez,Sonny Caldinez
21391,sonny-carl-davis,Sonny Carl Davis
21392,sonny-chatwiriyachai,Sonny Chatwiriyachai
21393,sonny-grosso,Sonny Grosso
21394,sonny-jim-gaines,Sonny Jim Gaines
21395,sonny-landham,Sonny Landham
21396,sonny-saito,Sonny Saito
21397,sonny-surowiec,Sonny Surowiec
21398,sonoya-mizuno,Sonoya Mizuno
21399,sonya-groysman,Sonya Groysman
21400,sonya-hedenbratt,Sonya Hedenbratt
21401,sonya-jehan,Sonya Jehan
21402,soogi-kang,Soogi Kang
21403,sook-fen-wong,Sook Fen Wong
21404,sook-yin-lee,Sook-Yin Lee
21405,soon-tek-oh,Soon-Tek Oh
21406,sope-dirisu,Sope Dirisu
21407,sophia-ali-2,Sophia Ali
21408,sophia-brown-2,Sophia Brown
21409,sophia-carnabuci,Sophia Carnabuci
21410,sophia-kopera,Sophia Kopera
21411,sophia-lamanova,Sophia Lamanova
21412,sophia-leboutte,Sophia Leboutte
21413,sophia-siddique-harvey,Sophia Siddique Harvey
21414,sophie-arthuys,Sophie Arthuys
21415,sophie-cabaille,Sophie Cabaille
21416,sophie-crumb,Sophie Crumb
21417,sophie-ellerby,Sophie Ellerby
21418,sophie-fillieres,Sophie Fillières
21419,sophie-kauer,Sophie Kauer
21420,sophie-okonedo,Sophie Okonedo
21421,sophie-radermacher,Sophie Radermacher
21422,sophie-riggs,Sophie Riggs
21423,sophie-riou,Sophie Riou
21424,sophie-trott,Sophie Trott
21425,sophie-wennek,Sophie Wennek
21426,sophie-wu,Sophie Wu
21427,sophy-romvari,Sophy Romvari
21428,soran-ebrahim,Soran Ebrahim
21429,sorcha-cusack,Sorcha Cusack
21430,soren-kallstigen,Sören Källstigen
21431,sory-ibrahima-koita,Sory Ibrahima Koïta
21432,sos-sargsyan,Sos Sargsyan
21433,sosuke-ikematsu,Sôsuke Ikematsu
21434,sotiris-tzelios,Sotiris Tzelios
21435,soufiane-jilal,Soufiane Jilal
21436,souleymane-sy-savane,Souleymane Sy Savane
21437,southern-california-community-choir,Southern California Community Choir
21438,space-invader,Space Invader
21439,spain-rodriguez,Spain Rodriguez
21440,spalding-gray,Spalding Gray
21441,spencer-aste,Spencer Aste
21442,spencer-chan,Spencer Chan
21443,spencer-charters,Spencer Charters
21444,spencer-cox-2,Spencer Cox
21445,spencer-diamond,Spencer Diamond
21446,spencer-dryden,Spencer Dryden
21447,spencer-fox,Spencer Fox
21448,spencer-s-hanley,Spencer S. Hanley
21449,spencer-tracy,Spencer Tracy
21450,spencer-treat-clark,Spencer Treat Clark
21451,spencer-trevor,Spencer Trevor
21452,spero-anast,Spero Anast
21453,spike-fearn,Spike Fearn
21454,spike-jonze,Spike Jonze
21455,spike-lee,Spike Lee
21456,spike-milligan,Spike Milligan
21457,spooner-oldham,Spooner Oldham
21458,spring-byington,Spring Byington
21459,spyros-maragoudakis,Spyros Maragoudakis
21460,stacey-alden,Stacey Alden
21461,stacey-dash,Stacey Dash
21462,stacey-kent,Stacey Kent
21463,stacey-laberge,Stacey LaBerge
21464,stacey-mowery,Stacey Mowery
21465,stacey-travis,Stacey Travis
21466,stacy-abalogun,Stacy Abalogun
21467,stacy-edwards,Stacy Edwards
21468,stacy-george,Stacy George
21469,stacy-keach,Stacy Keach
21470,stacy-martin-2,Stacy Martin
21471,stan-alexander,Stan Alexander
21472,stan-carp,Stan Carp
21473,stan-chervin,Stan Chervin
21474,stan-ellis,Stan Ellis
21475,stan-goff,Stan Goff
21476,stan-jones,Stan Jones
21477,stan-lee,Stan Lee
21478,stan-redding,Stan Redding
21479,stanislas-andre-steeman,Stanislas-André Steeman
21480,stanislas-carre-de-malberg,Stanislas Carré de Malberg
21481,stanislas-stanic,Stanislas Stanic
21482,stanislav-zymko,Stanislav Zymko
21483,stanislaw-gawlik,Stanislaw Gawlik
21484,stanislaw-lem,Stanislaw Lem
21485,stanley-adams,Stanley Adams
21486,stanley-anderson,Stanley Anderson
21487,stanley-andrews,Stanley Andrews
21488,stanley-b-miller,Stanley B. Miller
21489,stanley-blystone,Stanley Blystone
21490,stanley-brock,Stanley Brock
21491,stanley-davis-jr,Stanley Davis Jr.
21492,stanley-desantis,Stanley DeSantis
21493,stanley-donen,Stanley Donen
21494,stanley-g-sawicki,Stanley G. Sawicki
21495,stanley-holloway,Stanley Holloway
21496,stanley-kubrick,Stanley Kubrick
21497,stanley-lawrence,Stanley Lawrence
21498,stanley-michelson,Stanley Michelson
21499,stanley-nelson,Stanley Nelson
21500,stanley-prager,Stanley Prager
21501,stanley-ridges,Stanley Ridges
21502,stanley-shapiro,Stanley Shapiro
21503,stanley-tucci,Stanley Tucci
21504,stanley-w-collins,Stanley W. Collins
21505,stanley-weiser,Stanley Weiser
21506,stanley-white,Stanley White
21507,stanton-johnston,Stanton Johnston
21508,stany-de-silva,Stany De Silva
21509,stark-sands,Stark Sands
21510,starla-benford,Starla Benford
21511,starletta-dupois,Starletta DuPois
21512,stas-orlov,Stas Orlov
21513,stefan-andrei,Stefan Andrei
21514,stefan-bednarczyk,Stefan Bednarczyk
21515,stefan-dermendjiev,Stefan Dermendjiev
21516,stefan-gierasch,Stefan Gierasch
21517,stefan-gota,Stefan Gota
21518,stefan-kalipha,Stefan Kalipha
21519,stefan-sauk,Stefan Sauk
21520,stefan-zweig,Stefan Zweig
21521,stefania-rocca,Stefania Rocca
21522,stefania-sandrelli,Stefania Sandrelli
21523,stefano-abbati,Stefano Abbati
21524,stefano-benigno,Stefano Benigno
21525,stefano-rulli,Stefano Rulli
21526,steffi-sidney,Steffi Sidney
21527,steinar-klouman-hallert,Steinar Klouman Hallert
21528,stela-freitas,Stela Freitas
21529,stella-adler,Stella Adler
21530,stella-feeley,Stella Feeley
21531,stella-kitoga,Stella Kitoga
21532,stella-schnabel,Stella Schnabel
21533,stella-tanner,Stella Tanner
21534,stellan-skarsgard,Stellan Skarsgård
21535,sten-ardenstam,Sten Ardenstam
21536,stephan-barbason,Stephan Barbason
21537,stephan-de-abreu,Stephan De Abreu
21538,stephan-james,Stephan James
21539,stephan-jones,Stephan Jones
21540,stephane-aubier,Stéphane Aubier
21541,stephane-audran,Stéphane Audran
21542,stephane-bak,Stéphane Bak
21543,stephane-bissot,Stéphane Bissot
21544,stephane-marsin,Stéphane Marsin
21545,stephane-pocrain,Stéphane Pocrain
21546,stephane-roux,Stéphane Roux
21547,stephane-san-juan,Stephane San Juan
21548,stephane-touitou,Stéphane Touitou
21549,stephane-varupenne,Stéphane Varupenne
21550,stephane-vilar,Stéphane Vilar
21551,stephanie-andujar,Stephanie Andujar
21552,stephanie-bast,Stephanie Bast
21553,stephanie-belding,Stephanie Belding
21554,stephanie-cleau,Stéphanie Cléau
21555,stephanie-faracy,Stephanie Faracy
21556,stephanie-farrow,Stephanie Farrow
21557,stephanie-hsu,Stephanie Hsu
21558,stephanie-kiong,Stephanie Kiong
21559,stephanie-kurtzuba,Stephanie Kurtzuba
21560,stephanie-morgenstern,Stephanie Morgenstern
21561,stephanie-nikiema,Stéphanie Nikiema
21562,stephanie-pearson,Stephanie Pearson
21563,stephanie-petrowitz,Stephanie Petrowitz
21564,stephanie-sawyer,Stephanie Sawyer
21565,stephanie-searson,Stephanie Searson
21566,stephanie-sechrist,Stephanie Sechrist
21567,stephanie-simon-5,Stephanie Simon
21568,stephanie-spray,Stephanie Spray
21569,stephen-baldwin,Stephen Baldwin
21570,stephen-ballantyne,Stephen Ballantyne
21571,stephen-bishop,Stephen Bishop
21572,stephen-bishop-2,Stephen Bishop
21573,stephen-bogaert,Stephen Bogaert
21574,stephen-boyd,Stephen Boyd
21575,stephen-calcutt,Stephen Calcutt
21576,stephen-chase,Stephen Chase
21577,stephen-chiodo,Stephen Chiodo
21578,stephen-chow,Stephen Chow
21579,stephen-coit,Stephen Coit
21580,stephen-d-newman,Stephen D. Newman
21581,stephen-daldry,Stephen Daldry
21582,stephen-dignan,Stephen Dignan
21583,stephen-dimopoulos,Stephen Dimopoulos
21584,stephen-dunham,Stephen Dunham
21585,stephen-e-miller,Stephen E. Miller
21586,stephen-elliott,Stephen Elliott
21587,stephen-frears,Stephen Frears
21588,stephen-fry,Stephen Fry
21589,stephen-gaghan,Stephen Gaghan
21590,stephen-graham,Stephen Graham
21591,stephen-gregor,Stephen Gregor
21592,stephen-hillenburg,Stephen Hillenburg
21593,stephen-j-anderson,Stephen J. Anderson
21594,stephen-jack,Stephen Jack
21595,stephen-james-carver,Stephen James Carver
21596,stephen-kearin,Stephen Kearin
21597,stephen-kendrick-3,Stephen Kendrick
21598,stephen-king,Stephen King
21599,stephen-koch,Stephen Koch
21600,stephen-lack,Stephen Lack
21601,stephen-lamb-2,Stephen Lamb
21602,stephen-lang,Stephen Lang
21603,stephen-mailer,Stephen Mailer
21604,stephen-mangan,Stephen Mangan
21605,stephen-marcus,Stephen Marcus
21606,stephen-mazur,Stephen Mazur
21607,stephen-mccole,Stephen McCole
21608,stephen-mcfeely,Stephen McFeely
21609,stephen-mcgivern,Stephen McGivern
21610,stephen-mchattie,Stephen McHattie
21611,stephen-mckinley-henderson,Stephen McKinley Henderson
21612,stephen-mendillo,Stephen Mendillo
21613,stephen-pearlman,Stephen Pearlman
21614,stephen-persaud,Stephen Persaud
21615,stephen-polk,Stephen Polk
21616,stephen-qrunnut,Stephen Qrunnut
21617,stephen-rea,Stephen Rea
21618,stephen-riddle,Stephen Riddle
21619,stephen-root,Stephen Root
21620,stephen-sinclair,Stephen Sinclair
21621,stephen-sommers,Stephen Sommers
21622,stephen-spinella,Stephen Spinella
21623,stephen-stanton,Stephen Stanton
21624,stephen-stucker,Stephen Stucker
21625,stephen-t-maing,Stephen T. Maing
21626,stephen-taiwo-joseph,Stephen Taiwo Joseph
21627,stephen-tobolowsky,Stephen Tobolowsky
21628,stephen-trask,Stephen Trask
21629,stephen-tyler-2,Stephen Tyler
21630,stephen-w-alvarez,Stephen W. Alvarez
21631,stephen-winter,Stephen Winter
21632,stephen-young,Stephen Young
21633,sterling-hayden,Sterling Hayden
21634,sterling-holloway,Sterling Holloway
21635,sterling-jerins,Sterling Jerins
21636,sterling-k-brown,Sterling K. Brown
21637,sterling-morrison,Sterling Morrison
21638,stevan-riley,Stevan Riley
21639,steve-17,Steve
21640,steve-allen,Steve Allen
21641,steve-alterman,Steve Alterman
21642,steve-barancik,Steve Barancik
21643,steve-barr-3,Steve Barr
21644,steve-barron,Steve Barron
21645,steve-bastoni,Steve Bastoni
21646,steve-bean,Steve Bean
21647,steve-berta,Steve Berta
21648,steve-blackman-3,Steve Blackman
21649,steve-blum,Steve Blum
21650,steve-box,Steve Box
21651,steve-boyum,Steve Boyum
21652,steve-brodie,Steve Brodie
21653,steve-buscemi,Steve Buscemi
21654,steve-caouette,Steve Caouette
21655,steve-carell,Steve Carell
21656,steve-carruthers,Steve Carruthers
21657,steve-clemente,Steve Clemente
21658,steve-cochran,Steve Cochran
21659,steve-conte,Steve Conte
21660,steve-coogan,Steve Coogan
21661,steve-davis-10,Steve Davis
21662,steve-dibben,Steve Dibben
21663,steve-ditko,Steve Ditko
21664,steve-eastin,Steve Eastin
21665,steve-eckelman,Steve Eckelman
21666,steve-edelman,Steve Edelman
21667,steve-gagliastro,Steve Gagliastro
21668,steve-giannelli,Steve Giannelli
21669,steve-gonzales,Steve Gonzales
21670,steve-harris,Steve Harris
21671,steve-hasty,Steve Hasty
21672,steve-hickner,Steve Hickner
21673,steve-hofmann,Steve Hofmann
21674,steve-huison,Steve Huison
21675,steve-hulett,Steve Hulett
21676,steve-hytner,Steve Hytner
21677,steve-j-spears,Steve J. Spears
21678,steve-james-2,Steve James
21679,steve-kahan,Steve Kahan
21680,steve-kloves,Steve Kloves
21681,steve-krikris,Steve Krikris
21682,steve-landesberg,Steve Landesberg
21683,steve-lazarides,Steve Lazarides
21684,steve-marshall-4,Steve Marshall
21685,steve-martin,Steve Martin
21686,steve-mcqueen,Steve McQueen
21687,steve-mcqueen-3,Steve McQueen
21688,steve-mitchell,Steve Mitchell
21689,steve-murphy,Steve Murphy
21690,steve-oedekerk,Steve Oedekerk
21691,steve-park,Steve Park
21692,steve-penny,Steve Penny
21693,steve-pink,Steve Pink
21694,steve-rankin,Steve Rankin
21695,steve-ray-4,Steve Ray
21696,steve-reese,Steve Reese
21697,steve-reevis,Steve Reevis
21698,steve-santa-sekiyoshi,Steve Santa Sekiyoshi
21699,steve-shagan,Steve Shagan
21700,steve-shill,Steve Shill
21701,steve-susskind,Steve Susskind
21702,steve-sweeney,Steve Sweeney
21703,steve-tesich,Steve Tesich
21704,steve-waddington,Steve Waddington
21705,steve-white-2,Steve White
21706,steve-whitmire,Steve Whitmire
21707,steve-witting,Steve Witting
21708,steve-zahn,Steve Zahn
21709,steve-zapata,Steve Zapata
21710,steven-bauer,Steven Bauer
21711,steven-beard,Steven Beard
21712,steven-berkoff,Steven Berkoff
21713,steven-bognar,Steven Bognar
21714,steven-brill,Steven Brill
21715,steven-chester-prince,Steven Chester Prince
21716,steven-cree-molison,Steven Cree Molison
21717,steven-crossley,Steven Crossley
21718,steven-davis-16,Steven Davis
21719,steven-e-de-souza,Steven E. de Souza
21720,steven-f-thompson,Steven F Thompson
21721,steven-goldstein,Steven Goldstein
21722,steven-houska,Steven Houska
21723,steven-knight,Steven Knight
21724,steven-kozlowski,Steven Kozlowski
21725,steven-lee-5,Steven Lee
21726,steven-mackintosh,Steven Mackintosh
21727,steven-mcgregor,Steven McGregor
21728,steven-moffat,Steven Moffat
21729,steven-odonnell,Steven O'Donnell
21730,steven-randazzo,Steven Randazzo
21731,steven-scales,Steven Scales
21732,steven-soderbergh,Steven Soderbergh
21733,steven-spielberg,Steven Spielberg
21734,steven-tash,Steven Tash
21735,steven-waddington,Steven Waddington
21736,steven-weber,Steven Weber
21737,steven-williams,Steven Williams
21738,steven-wright,Steven Wright
21739,steven-yeun,Steven Yeun
21740,steven-zaillian,Steven Zaillian
21741,stevie-wermers,Stevie Wermers
21742,stevo-polyi,Stevo Polyi
21743,stewart-allen,Stewart Allen
21744,stewart-arnott,Stewart Arnott
21745,stewart-clegg,Stewart Clegg
21746,stewart-copeland,Stewart Copeland
21747,stewart-dan,Stewart Dan
21748,stewart-gilchrist,Stewart Gilchrist
21749,stewart-morgan,Stewart Morgan
21750,stewart-stern,Stewart Stern
21751,stewart-thorndike,Stewart Thorndike
21752,stieg-larsson,Stieg Larsson
21753,sting,Sting
21754,stirling-silliphant,Stirling Silliphant
21755,stockard-channing,Stockard Channing
21756,stockton-taylor,Stockton Taylor
21757,stoney-burke,Stoney Burke
21758,stratton-leopold,Stratton Leopold
21759,streb-extreme-action-heroes,Streb Extreme Action Heroes
21760,stromboli,Stromboli
21761,strother-martin,Strother Martin
21762,stu-krieger,Stu Krieger
21763,stu-large-riley,Stu 'Large' Riley
21764,stu-nahan,Stu Nahan
21765,stu-s-becker,Stu S. Becker
21766,stu-smith,Stu Smith
21767,stuart-austen,Stuart Austen
21768,stuart-beattie,Stuart Beattie
21769,stuart-blumberg,Stuart Blumberg
21770,stuart-buchanan,Stuart Buchanan
21771,stuart-cooper,Stuart Cooper
21772,stuart-goodwin,Stuart Goodwin
21773,stuart-gordon,Stuart Gordon
21774,stuart-graham,Stuart Graham
21775,stuart-herrington,Stuart Herrington
21776,stuart-k-robinson,Stuart K. Robinson
21777,stuart-luis,Stuart Luis
21778,stuart-margolin,Stuart Margolin
21779,stuart-mcquarrie,Stuart McQuarrie
21780,stuart-nisbet,Stuart Nisbet
21781,stuart-regen,Stuart Regen
21782,stuart-rosenberg,Stuart Rosenberg
21783,stuart-stone,Stuart Stone
21784,stuart-wells,Stuart Wells
21785,stuart-wilson,Stuart Wilson
21786,stuart-wolfenden,Stuart Wolfenden
21787,stubby-kaye,Stubby Kaye
21788,sturgill-simpson,Sturgill Simpson
21789,su-hee-go,Su-hee Go
21790,su-yun-ko,Su-Yun Ko
21791,suanne-spoke,Suanne Spoke
21792,suchao-pongwilai,Suchao Pongwilai
21793,sue-africa,Sue Africa
21794,sue-allen,Sue Allen
21795,sue-ane-langdon,Sue Ane Langdon
21796,sue-c-nichols,Sue C. Nichols
21797,sue-casey,Sue Casey
21798,sue-clark-4,Sue Clark
21799,sue-jean-kim,Sue Jean Kim
21800,sue-jones-davies,Sue Jones-Davies
21801,sue-lyon,Sue Lyon
21802,sue-ray,Sue Ray
21803,sue-wells-2,Sue Wells
21804,suet-lam,Suet Lam
21805,sugandha-garg,Sugandha Garg
21806,sugar-lyn-beard,Sugar Lyn Beard
21807,suguru-horimizu,Suguru Horimizu
21808,suhail-dabbach,Suhail Dabbach
21809,suhasini-mulay,Suhasini Mulay
21810,sujittraporn-wongsrikeaw,Sujittraporn Wongsrikeaw
21811,sukanya-kongkawong,Sukanya Kongkawong
21812,sukekiyo-kameyama,Sukekiyo Kameyama
21813,sukie-smith,Sukie Smith
21814,sullivan-stapleton,Sullivan Stapleton
21815,sully-boyar,Sully Boyar
21816,sumaya-bouhbal,Sumaya Bouhbal
21817,sumeet-raghavan,Sumeet Raghavan
21818,sumela-kay,Sumela Kay
21819,sumi-mutoh,Sumi Mutoh
21820,sumi-shimamoto,Sumi Shimamoto
21821,sumit-suebsee,Sumit Suebsee
21822,summer-glau,Summer Glau
21823,summer-knox,Summer Knox
21824,summer-phoenix,Summer Phoenix
21825,sun-zhi-hua-hilton,Sun Zhi Hua-Hilton
21826,sung-bo-shim,Sung-bo Shim
21827,sung-kang,Sung Kang
21828,sunita-mani,Sunita Mani
21829,sunnie-merrill,Sunnie Merrill
21830,sunnie-odea,Sunnie O'Dea
21831,sunny-wu-jin-zahao,Sunny Wu Jin Zahao
21832,suphachai-sittiaumponpan,Suphachai Sittiaumponpan
21833,suqin-chen,Suqin Chen
21834,suryono,Suryono
21835,susan-anspach,Susan Anspach
21836,susan-backlinie,Susan Backlinie
21837,susan-bain,Susan Bain
21838,susan-barnes,Susan Barnes
21839,susan-beaubian,Susan Beaubian
21840,susan-blanchard,Susan Blanchard
21841,susan-blommaert,Susan Blommaert
21842,susan-breslau,Susan Breslau
21843,susan-buckner,Susan Buckner
21844,susan-chardy,Susan Chardy
21845,susan-davis,Susan Davis
21846,susan-egan,Susan Egan
21847,susan-falcon,Susan Falcon
21848,susan-flanagan,Susan Flanagan
21849,susan-fleetwood,Susan Fleetwood
21850,susan-griffiths,Susan Griffiths
21851,susan-haldane,Susan Haldane
21852,susan-harrison-2,Susan Harrison
21853,susan-hegarty,Susan Hegarty
21854,susan-holloway,Susan Holloway
21855,susan-isaacs,Susan Isaacs
21856,susan-kase,Susan Kase
21857,susan-kellermann,Susan Kellermann
21858,susan-kohner,Susan Kohner
21859,susan-korda,Susan Korda
21860,susan-lacy,Susan Lacy
21861,susan-loughran,Susan Loughran
21862,susan-markle,Susan Markle
21863,susan-may-pratt,Susan May Pratt
21864,susan-mcbride,Susan McBride
21865,susan-merson,Susan Merson
21866,susan-mohun,Susan Mohun
21867,susan-oakes,Susan Oakes
21868,susan-orlean,Susan Orlean
21869,susan-pourfar,Susan Pourfar
21870,susan-prior,Susan Prior
21871,susan-sarandon,Susan Sarandon
21872,susan-sullivan-2,Susan Sullivan
21873,susan-taylor-2,Susan Taylor
21874,susan-traylor,Susan Traylor
21875,susan-vidler,Susan Vidler
21876,susan-willis,Susan Willis
21877,susan-wooldridge,Susan Wooldridge
21878,susana-lanteri,Susana Lanteri
21879,susanna-kaysen,Susanna Kaysen
21880,susannah-owen,Susannah Owen
21881,susannah-rogers,Susannah Rogers
21882,susannah-york,Susannah York
21883,susanne-bier,Susanne Bier
21884,susanne-blakeslee,Susanne Blakeslee
21885,susanne-bormann,Susanne Bormann
21886,susanne-lothar,Susanne Lothar
21887,susanne-pollatschek,Susanne Pollatschek
21888,susanne-vierkotter,Susanne Vierkötter
21889,susanne-wuest,Susanne Wuest
21890,susi-sanchez,Susi Sánchez
21891,susie-bick,Susie Bick
21892,susie-lindeman,Susie Lindeman
21893,suso-cecchi-damico,Suso Cecchi D'Amico
21894,susumu-fujita,Susumu Fujita
21895,susumu-terajima,Susumu Terajima
21896,susy-buchan,Susy Buchan
21897,sutin-rodnuch,Sutin Rodnuch
21898,suying-huang,Suying Huang
21899,suyun-li,Suyun Li
21900,suzanne-celeste,Suzanne Celeste
21901,suzanne-clement,Suzanne Clément
21902,suzanne-cryer,Suzanne Cryer
21903,suzanne-dewey,Suzanne Dewey
21904,suzanne-dodd-2,Suzanne Dodd
21905,suzanne-pleshette,Suzanne Pleshette
21906,suzanne-schiffman,Suzanne Schiffman
21907,suzanne-schmidt,Suzanne Schmidt
21908,suzanne-shepherd,Suzanne Shepherd
21909,suzanne-snyder,Suzanne Snyder
21910,suzanne-von-borsody,Suzanne von Borsody
21911,suzen-murakoshi,Suzen Murakoshi
21912,suzie-plakson,Suzie Plakson
21913,suzy-amis,Suzy Amis
21914,suzy-delair,Suzy Delair
21915,suzy-falk,Suzy Falk
21916,suzy-lopes,Suzy Lopes
21917,suzy-willy,Suzy Willy
21918,svea-holst,Svea Holst
21919,sven-bertil-taube,Sven-Bertil Taube
21920,sven-haakanson-jr,Sven Haakanson Jr.
21921,sven-hugo-borg,Sven Hugo Borg
21922,sven-ole-thorsen,Sven-Ole Thorsen
21923,sven-wollter,Sven Wollter
21924,svetlana-karmalita,Svetlana Karmalita
21925,svetlana-proskurina,Svetlana Proskurina
21926,sw-fisher,SW Fisher
21927,swann-arlaud,Swann Arlaud
21928,swann-bey,Swann Bey
21929,swee-lim,Swee Lim
21930,swoosie-kurtz,Swoosie Kurtz
21931,sy-richardson,Sy Richardson
21932,syamsul-arifin,Syamsul Arifin
21933,syd-heylen,Syd Heylen
21934,syd-lim,Syd Lim
21935,sydney-big-dawg-colston,Sydney 'Big Dawg' Colston
21936,sydney-bromley,Sydney Bromley
21937,sydney-greenstreet,Sydney Greenstreet
21938,sydney-james-harcourt,Sydney James Harcourt
21939,sydney-lassick,Sydney Lassick
21940,sydney-lemmon,Sydney Lemmon
21941,sydney-mccallister,Sydney McCallister
21942,sydney-orta,Sydney Orta
21943,sydney-pollack,Sydney Pollack
21944,sydney-tafler,Sydney Tafler
21945,sydney-wade,Sydney Wade
21946,sydney-walker,Sydney Walker
21947,sydney-walsh,Sydney Walsh
21948,syeda-suriya-ahmed,Syeda Suriya Ahmed
21949,sylvain-audi,Sylvain Audi
21950,sylvain-chomet,Sylvain Chomet
21951,sylvain-corthay,Sylvain Corthay
21952,sylvester-groth,Sylvester Groth
21953,sylvester-stallone,Sylvester Stallone
21954,sylvia-chang,Sylvia Chang
21955,sylvia-flote,Sylvia Flote
21956,sylvia-ivalu,Sylvia Ivalu
21957,sylvia-kauders,Sylvia Kauders
21958,sylvia-kay,Sylvia Kay
21959,sylvia-marriott,Sylvia Marriott
21960,sylvia-meals,Sylvia Meals
21961,sylvia-miles,Sylvia Miles
21962,sylvia-nasar,Sylvia Nasar
21963,sylvia-sidney,Sylvia Sidney
21964,sylvia-syms-2,Sylvia Syms
21965,sylviane-aisenstein,Sylviane Aisenstein
21966,sylviane-fraval,Sylviane Fraval
21967,sylvie-benoiton,Sylvie Benoiton
21968,sylvie-blum,Sylvie Blum
21969,sylvie-testud,Sylvie Testud
21970,symba,Symba
21971,symon-basterfield,Symon Basterfield
21972,symona-boniface,Symona Boniface
21973,syndrul-drahe,Syndrul Drahe
21974,syreeta-kumar,Syreeta Kumar
21975,sz-sakall,S.Z. Sakall
21976,szu-ying-chien,Szu-Ying Chien
21977,t-hee,T. Hee
21978,t-max-graham,T. Max Graham
21979,t-michael-hall,T. Michael Hall
21980,t-robert-pigott,T. Robert Pigott
21981,t-tom-marlow,T. Tom Marlow
21982,ta-nehisi-coates,Ta-Nehisi Coates
21983,tab-murphy,Tab Murphy
21984,tabitha-byron,Tabitha Byron
21985,tad-horino,Tad Horino
21986,tadaichi-aoki,Tadaichi Aoki
21987,tadamasa-murano,Tadamasa Murano
21988,tadamichi-kuribayashi,Tadamichi Kuribayashi
21989,tadanobu-asano,Tadanobu Asano
21990,tadashi-nakamura,Tadashi Nakamura
21991,tadashi-okabe,Tadashi Okabe
21992,tae-goo-eom,Tae-goo Eom
21993,tae-hee-kim-2,Tae-hee Kim
21994,tae-ho-ryu,Tae-ho Ryu
21995,tae-kimura,Tae Kimura
21996,tae-kyung-oh,Tae-kyung Oh
21997,tae-poong-im,Tae-Poong Im
21998,taha-lemaizi,Taha Lemaizi
21999,tahar-rahim,Tahar Rahim
22000,tai-lee-chan,Tai-lee Chan
22001,tai-li-lee,Tai-Li Lee
22002,taichi-yamada,Taichi Yamada
22003,taiji-tonoyama,Taiji Tonoyama
22004,taijiro-tamura,Taijirô Tamura
22005,taim-ajjan,Taim Ajjan
22006,taima-al-khateab,Taima Al-Khateab
22007,tairiku-horita,Tairiku Horita
22008,taishen-cheng,Taishen Cheng
22009,takahiro-hirai,Takahiro Hirai
22010,takako-sasuga,Takako Sasuga
22011,takako-sendo,Takako Sendo
22012,takako-tate,Takako Tate
22013,takako-yamamura,Takako Yamamura
22014,takamaru-sasaki,Takamaru Sasaki
22015,takamasa-oe,Takamasa Ôe
22016,takao-osawa,Takao Osawa
22017,takao-zushi,Takao Zushi
22018,takashi-inoue,Takashi Inoue
22019,takashi-matsuyama-2,Takashi Matsuyama
22020,takashi-nagasako,Takashi Nagasako
22021,takashi-naito,Takashi Naitô
22022,takashi-sasano,Takashi Sasano
22023,takashi-shimura,Takashi Shimura
22024,takashi-tachibana,Takashi Tachibana
22025,takashi-watanabe-3,Takashi Watanabe
22026,takashi-yamaguchi,Takashi Yamaguchi
22027,takataro-kataoka,Takatarô Kataoka
22028,takaya-hashi,Takaya Hashi
22029,takaya-kamikawa,Takaya Kamikawa
22030,takayuki-hamatsu,Takayuki Hamatsu
22031,take,Take
22032,takehiko-ono,Takehiko Ono
22033,takehito-koyasu,Takehito Koyasu
22034,takeo-chii,Takeo Chii
22035,takeo-murata,Takeo Murata
22036,takeo-oikawa,Takeo Oikawa
22037,takeshi-kaneshiro,Takeshi Kaneshiro
22038,takeshi-kato,Takeshi Katô
22039,takeshi-mikami,Takeshi Mikami
22040,takeshi-shudo,Takeshi Shudô
22041,taketoshi-naito,Taketoshi Naitô
22042,takko-ishimori,Takkô Ishimori
22043,takumi-bando,Takumi Bando
22044,takuya-fujimura,Takuya Fujimura
22045,takuya-kimura,Takuya Kimura
22046,takuya-shiraishi,Takuya Shiraishi
22047,takuya-yagyu,Takuya Yagyu
22048,takuzo-kamiyama,Takuzô Kamiyama
22049,tala-birell,Tala Birell
22050,talal-jurdi,Talal Jurdi
22051,talbot-jennings,Talbot Jennings
22052,talee-redcorn,Talee Redcorn
22053,talia-ajjan,Talia Ajjan
22054,talia-balsam,Talia Balsam
22055,talia-ryder,Talia Ryder
22056,talia-shire,Talia Shire
22057,talina-boyaci,Talina Boyaci
22058,talking-heads,Talking Heads
22059,tamara-brown,Tamara Brown
22060,tamara-jenkins,Tamara Jenkins
22061,tamara-kotevska,Tamara Kotevska
22062,tamara-kurenkova,Tamara Kurenkova
22063,tamara-lawrance,Tamara Lawrance
22064,tamara-ogorodnikova,Tamara Ogorodnikova
22065,tamara-taylor,Tamara Taylor
22066,tamara-tungate,Tamara Tungate
22067,tamara-tunie,Tamara Tunie
22068,tamas-polgar,Tamás Polgár
22069,tamas-wichmann,Tamás Wichmann
22070,tameka-empson,Tameka Empson
22071,tamer-levent,Tamer Levent
22072,tamera-westlake,Tamera Westlake
22073,tami-adrian-george,Tami-Adrian George
22074,tami-brch,Tami Brch
22075,tami-mauriello,Tami Mauriello
22076,tamio-oki,Tamio Ôki
22077,tammy-blanchard,Tammy Blanchard
22078,tammy-shaw,Tammy Shaw
22079,tanapol-chuksrida,Tanapol Chuksrida
22080,tanay-chheda,Tanay Chheda
22081,tang-wei,Tang Wei
22082,tangie-ambrose,Tangie Ambrose
22083,tania-burney,Tania Burney
22084,tania-burt,Tania Burt
22085,tania-granada-valencia,Tania Granada Valencia
22086,tania-mallet,Tania Mallet
22087,tania-popa,Tania Popa
22088,tanie-kitabayashi,Tanie Kitabayashi
22089,tanis-chandler,Tanis Chandler
22090,tanja-reichert,Tanja Reichert
22091,tanner-kalina,Tanner Kalina
22092,tanner-langdeau,Tanner Langdeau
22093,tano-cimarosa,Tano Cimarosa
22094,tantoo-cardinal,Tantoo Cardinal
22095,tanya-clarke,Tanya Clarke
22096,tanya-finch,Tanya Finch
22097,tanya-haden,Tanya Haden
22098,tanya-myers,Tanya Myers
22099,tao-guo,Tao Guo
22100,tao-zhao,Tao Zhao
22101,tara-faughnan,Tara Faughnan
22102,tara-frederick,Tara Frederick
22103,tara-hugo,Tara Hugo
22104,tara-mae,Tara Mae
22105,tara-reid,Tara Reid
22106,tara-sands,Tara Sands
22107,tara-strong,Tara Strong
22108,tara-yeakey,Tara Yeakey
22109,taraja-ramsess,Taraja Ramsess
22110,taraji-p-henson,Taraji P. Henson
22111,tarako,Tarako
22112,taral-hicks,Taral Hicks
22113,taran-killam,Taran Killam
22114,taraneh-alidoosti,Taraneh Alidoosti
22115,tarell-alvin-mccraney,Tarell Alvin McCraney
22116,tarik-lowe,Tarik Lowe
22117,taro-ishida,Tarô Ishida
22118,taro-suwa,Tarô Suwa
22119,tarsem-singh,Tarsem Singh
22120,tasha-simms,Tasha Simms
22121,tatanka-means,Tatanka Means
22122,tate-donovan,Tate Donovan
22123,tate-taylor,Tate Taylor
22124,tatiana-delaunay,Tatiana Delaunay
22125,tatiana-marie-barber,Tatiana Marie Barber
22126,tatiana-maslany,Tatiana Maslany
22127,tatjana-binde,Tatjana Binde
22128,tatsuhito-okuda,Tatsuhito Okuda
22129,tatsuo-matsumura,Tatsuo Matsumura
22130,tatsuo-yamada,Tatsuo Yamada
22131,tatsuya-gashuin,Tatsuya Gashûin
22132,tatsuya-mihashi,Tatsuya Mihashi
22133,tatsuya-nakadai,Tatsuya Nakadai
22134,tatsuyoshi-ehara,Tatsuyoshi Ehara
22135,tatsuyuki-jinnai,Tatsuyuki Jinnai
22136,tatyana-khramova,Tatyana Khramova
22137,tatyana-malykh,Tatyana Malykh
22138,tavinho-teixeira,Tavinho Teixeira
22139,tawatchai-buawat,Tawatchai Buawat
22140,tawheda-begum,Tawheda Begum
22141,taye-diggs,Taye Diggs
22142,tayler-green,Tayler Green
22143,taylor-abrahamse,Taylor Abrahamse
22144,taylor-anderson-2,Taylor Anderson
22145,taylor-fry,Taylor Fry
22146,taylor-geare,Taylor Geare
22147,taylor-groothuis,Taylor Groothuis
22148,taylor-hackford,Taylor Hackford
22149,taylor-holmes,Taylor Holmes
22150,taylor-hutcherson,Taylor Hutcherson
22151,taylor-mckinley,Taylor McKinley
22152,taylor-mead,Taylor Mead
22153,taylor-murphy-2,Taylor Murphy
22154,taylor-sheridan,Taylor Sheridan
22155,taylor-vigee,Taylor Vigee
22156,taylor-wily,Taylor Wily
22157,taylour-paige,Taylour Paige
22158,tayna-v-lavoie,Tayna V. Lavoie
22159,tayo-jarrett,Tayo Jarrett
22160,tazhyban-khalykulova,Tazhyban Khalykulova
22161,tc-stallings,T.C. Stallings
22162,tcheky-karyo,Tchéky Karyo
22163,te-whatanui-skipwith,Te Whatanui Skipwith
22164,tea-oh,Tea Oh
22165,teb-clarke,T.E.B. Clarke
22166,teca-pereira,Teca Pereira
22167,teco-celio,Teco Celio
22168,ted-beniades,Ted Beniades
22169,ted-billings,Ted Billings
22170,ted-cassidy,Ted Cassidy
22171,ted-chapman,Ted Chapman
22172,ted-collins-2,Ted Collins
22173,ted-danson,Ted Danson
22174,ted-de-corsia,Ted de Corsia
22175,ted-elliott,Ted Elliott
22176,ted-friend,Ted Friend
22177,ted-grossman,Ted Grossman
22178,ted-hughes,Ted Hughes
22179,ted-jan-roberts,Ted Jan Roberts
22180,ted-kairys,Ted Kairys
22181,ted-king,Ted King
22182,ted-kotcheff,Ted Kotcheff
22183,ted-levine,Ted Levine
22184,ted-lewis-2,Ted Lewis
22185,ted-markland,Ted Markland
22186,ted-oliver,Ted Oliver
22187,ted-raimi,Ted Raimi
22188,ted-raymond,Ted Raymond
22189,ted-rooney,Ted Rooney
22190,ted-ross,Ted Ross
22191,ted-sears,Ted Sears
22192,ted-tally,Ted Tally
22193,ted-turner,Ted Turner
22194,ted-welch,Ted Welch
22195,ted-yates,Ted Yates
22196,tedde-moore,Tedde Moore
22197,teddy-newton,Teddy Newton
22198,teddy-sears,Teddy Sears
22199,tedy-ursuleanu,Tedy Ursuleanu
22200,teeka-duplessis,Teeka Duplessis
22201,teena-collins,Teena Collins
22202,tego-calderon,Tego Calderon
22203,telly-savalas,Telly Savalas
22204,temeka,Temeka
22205,temirlan-blaev,Temirlan Blaev
22206,temo-khutsishvili,Temo Khutsishvili
22207,tempe-pigott,Tempe Pigott
22208,temple-baker,Temple Baker
22209,temple-nash,Temple Nash
22210,ten-years-after,Ten Years After
22211,tendayi-kuumba,Tendayi Kuumba
22212,tenma-shibuya,Tenma Shibuya
22213,tennessee-williams,Tennessee Williams
22214,tenoch-huerta,Tenoch Huerta
22215,tenzing-norgay,Tenzing Norgay
22216,teo-yoo,Teo Yoo
22217,teodor-corban,Teodor Corban
22218,tera-smith,Tera Smith
22219,terence-bayler,Terence Bayler
22220,terence-blanchard,Terence Blanchard
22221,terence-crawford,Terence Crawford
22222,terence-davies,Terence Davies
22223,terence-greenidge,Terence Greenidge
22224,terence-harvey,Terence Harvey
22225,terence-heuston,Terence Heuston
22226,terence-hill,Terence Hill
22227,terence-longdon,Terence Longdon
22228,terence-mcgovern,Terence McGovern
22229,terence-plummer,Terence Plummer
22230,terence-rigby,Terence Rigby
22231,terence-stamp,Terence Stamp
22232,terence-young,Terence Young
22233,teresa-buchanan,Teresa Buchanan
22234,teresa-budzisz-krzyzanowska,Teresa Budzisz-Krzyzanowska
22235,teresa-celli,Teresa Celli
22236,teresa-delgado,Teresa Delgado
22237,teresa-manresa,Teresa Manresa
22238,teresa-mo,Teresa Mo
22239,teresa-sanchez-2,Teresa Sánchez
22240,teresa-wright,Teresa Wright
22241,teri-garr,Teri Garr
22242,teri-gibson,Teri Gibson
22243,teri-mcminn,Teri McMinn
22244,terje-auli,Terje Auli
22245,terrance-2,Terrance
22246,terrence-howard,Terrence Howard
22247,terrence-malick,Terrence Malick
22248,terri-dawn-pourier,Terri Dawn Pourier
22249,terri-douglas,Terri Douglas
22250,terri-treas,Terri Treas
22251,terrick-trobough,Terrick Trobough
22252,terrie-snell,Terrie Snell
22253,terry,Terry
22254,terry-a-burgess,Terry A. Burgess
22255,terry-allen-jones,Terry Allen Jones
22256,terry-burnham,Terry Burnham
22257,terry-cook,Terry Cook
22258,terry-forke,Terry Forke
22259,terry-george,Terry George
22260,terry-gilliam,Terry Gilliam
22261,terry-hayes,Terry Hayes
22262,terry-hempleman,Terry Hempleman
22263,terry-jones,Terry Jones
22264,terry-kilburn,Terry Kilburn
22265,terry-kinney,Terry Kinney
22266,terry-loughlin,Terry Loughlin
22267,terry-mcnamara,Terry McNamara
22268,terry-michos,Terry Michos
22269,terry-notary,Terry Notary
22270,terry-oquinn,Terry O'Quinn
22271,terry-phillips-3,Terry Phillips
22272,terry-rossio,Terry Rossio
22273,terry-s-mercer,Terry S. Mercer
22274,terry-southern,Terry Southern
22275,terry-thomas,Terry-Thomas
22276,terry-turner,Terry Turner
22277,terry-walters,Terry Walters
22278,terry-zwigoff,Terry Zwigoff
22279,teru-miyamoto,Teru Miyamoto
22280,teruhisa-harita,Teruhisa Harita
22281,teruko-nagaoka,Teruko Nagaoka
22282,teruko-omi,Teruko Ômi
22283,terumi-niki,Terumi Niki
22284,teruo-yoshida,Teruo Yoshida
22285,tess-allen,Tess Allen
22286,tess-harper,Tess Harper
22287,tessa-mitchell,Tessa Mitchell
22288,tessa-thompson,Tessa Thompson
22289,tessho-genda,Tesshô Genda
22290,tetsu-watanabe,Tetsu Watanabe
22291,tetsuko-kobayashi,Tetsuko Kobayashi
22292,tetsuo-mizutori,Tetsuo Mizutori
22293,tetsuro-naka,Tetsuro Naka
22294,tetsuro-shimaguchi,Tetsurô Shimaguchi
22295,tetsuro-tanba,Tetsurô Tanba
22296,tetsuya-endo-2,Tetsuya Endo
22297,tetsuya-iwanaga,Tetsuya Iwanaga
22298,tetta-sugimoto,Tetta Sugimoto
22299,tety-kalafati,Tety Kalafati
22300,teun-luijkx-2,Teun Luijkx
22301,tex-brodus,Tex Brodus
22302,tex-foote,Tex Foote
22303,tex-rubinowitz,Tex Rubinowitz
22304,teyana-taylor,Teyana Taylor
22305,teyonah-parris,Teyonah Parris
22306,thabiso-makoto,Thabiso Makoto
22307,thabo-letsie,Thabo Letsie
22308,thaer-ahmad,Thaer Ahmad
22309,thaia-perez,Thaia Perez
22310,thalita-carauta,Thalita Carauta
22311,thames-williamson,Thames Williamson
22312,than-wyenn,Than Wyenn
22313,thanapat-saisaymar,Thanapat Saisaymar
22314,thandiwe-newton,Thandiwe Newton
22315,thao-maerten,Thao Maerten
22316,thardelly-lima,Thardelly Lima
22317,thati-pele,Thati Pele
22318,thayne-jasperson,Thayne Jasperson
22319,the-5678s,The 5.6.7.8's
22320,the-band,The Band
22321,the-black-mcgee-family,The Black & McGee Family
22322,the-blue-dancers-of-goulamine,The Blue Dancers of Goulamine
22323,the-dungeon-master,The Dungeon Master
22324,the-esparza-family,The Esparza Family
22325,the-fisk-university-jubilee-singers,The Fisk University Jubilee Singers
22326,the-garcia-regalado-family,The Garcia Regalado Family
22327,the-gawain-poet,The Gawain Poet
22328,the-germs,The Germs
22329,the-guy-family,The Guy Family
22330,the-hill-family,The Hill Family
22331,the-marx-brothers,The Marx Brothers
22332,the-mellowmen-quartet,The Mellowmen Quartet
22333,the-mydolls,The Mydolls
22334,the-nashville-string-machine,The Nashville String Machine
22335,the-philadelphia-orchestra,The Philadelphia Orchestra
22336,the-rolling-stones,The Rolling Stones
22337,the-singer-midgets,The Singer Midgets
22338,the-velvet-underground,The Velvet Underground
22339,the-who,The Who
22340,the-wuchinski-family,The Wuchinski Family
22341,thea-stabell,Thea Stabell
22342,thea-von-harbou,Thea von Harbou
22343,thekla-reuten,Thekla Reuten
22344,thelma-boardman,Thelma Boardman
22345,thelma-lee,Thelma Lee
22346,thelma-ritter,Thelma Ritter
22347,theo-greenly,Theo Greenly
22348,theo-nicholas-pagones,Theo Nicholas Pagones
22349,theo-sampaio,Théo Sampaio
22350,theo-sanders,Theo Sanders
22351,theo-schwartz,Theo Schwartz
22352,theo-stevenson,Theo Stevenson
22353,theo-taplitz,Theo Taplitz
22354,theodor-loos,Theodor Loos
22355,theodore-bikel,Theodore Bikel
22356,theodore-liscinski,Theodore Liscinski
22357,theodore-pellerin,Théodore Pellerin
22358,theophile-sowie,Théophile Sowié
22359,theresa-harris,Theresa Harris
22360,theresa-ikoko,Theresa Ikoko
22361,theresa-randle,Theresa Randle
22362,theresa-sackler,Theresa Sackler
22363,theresa-saldana,Theresa Saldana
22364,theresa-tilly,Theresa Tilly
22365,therese-deprez,Thérèse DePrez
22366,therese-vaddem,Thérèse Vaddem
22367,thiago-martins,Thiago Martins
22368,thien-an-pham,Thien An Pham
22369,thierry-bosc,Thierry Bosc
22370,thierry-de-carbonnieres,Thierry de Carbonnières
22371,thierry-hancisse,Thierry Hancisse
22372,thierry-jonquet,Thierry Jonquet
22373,thierry-robin-2,Thierry Robin
22374,thom-andersen,Thom Andersen
22375,thom-baker,Thom Baker
22376,thom-curley,Thom Curley
22377,thom-enriquez,Thom Enriquez
22378,thom-hoffman,Thom Hoffman
22379,thom-pinto,Thom Pinto
22380,thom-sharp,Thom Sharp
22381,thom-shelton,Thom Shelton
22382,thomas-a-curran,Thomas A. Curran
22383,thomas-a-edison,Thomas A. Edison
22384,thomas-adlam,Thomas Adlam
22385,thomas-arnold,Thomas Arnold
22386,thomas-b-duffy,Thomas B. Duffy
22387,thomas-b-mason,Thomas B. Mason
22388,thomas-bading,Thomas Bading
22389,thomas-baker-2,Thomas Baker
22390,thomas-bermingham,Thomas Bermingham
22391,thomas-bezucha,Thomas Bezucha
22392,thomas-bidegain,Thomas Bidegain
22393,thomas-braden,Thomas Braden
22394,thomas-brunelle,Thomas Brunelle
22395,thomas-carlyle,Thomas Carlyle
22396,thomas-chelimsky,Thomas Chelimsky
22397,thomas-coombes,Thomas Coombes
22398,thomas-copeland,Thomas Copeland
22399,thomas-coulson,Thomas Coulson
22400,thomas-de-pourquery,Thomas de Pourquery
22401,thomas-doret,Thomas Doret
22402,thomas-doyle-2,Thomas Doyle
22403,thomas-dudkiewicz,Thomas Dudkiewicz
22404,thomas-f-walsh,Thomas F. Walsh
22405,thomas-frey,Thomas Frey
22406,thomas-g-waites,Thomas G. Waites
22407,thomas-gibson,Thomas Gibson
22408,thomas-gomez,Thomas Gomez
22409,thomas-greaney,Thomas Greaney
22410,thomas-haden-church,Thomas Haden Church
22411,thomas-harris,Thomas Harris
22412,thomas-hauff,Thomas Hauff
22413,thomas-hill,Thomas Hill
22414,thomas-j-hageboeck,Thomas J. Hageboeck
22415,thomas-j-meehan,Thomas J. Meehan
22416,thomas-jane,Thomas Jane
22417,thomas-jay-ryan,Thomas Jay Ryan
22418,thomas-jefferson,Thomas Jefferson
22419,thomas-jefferson-byrd,Thomas Jefferson Byrd
22420,thomas-john-oreilly,Thomas John O'Reilly
22421,thomas-kail,Thomas Kail
22422,thomas-keneally,Thomas Keneally
22423,thomas-kidd,Thomas Kidd
22424,thomas-kopache,Thomas Kopache
22425,thomas-kretschmann,Thomas Kretschmann
22426,thomas-lawinky,Thomas Lawinky
22427,thomas-lennon-3,Thomas Lennon
22428,thomas-limpinsel,Thomas Limpinsel
22429,thomas-loibl,Thomas Loibl
22430,thomas-m-wright,Thomas M. Wright
22431,thomas-malory,Thomas Malory
22432,thomas-matthews-3,Thomas Matthews
22433,thomas-meehan,Thomas Meehan
22434,thomas-merdis,Thomas Merdis
22435,thomas-mitchell,Thomas Mitchell
22436,thomas-moore-4,Thomas Moore
22437,thomas-narcejac,Thomas Narcejac
22438,thomas-neumann,Thomas Neumann
22439,thomas-prenn,Thomas Prenn
22440,thomas-pynchon,Thomas Pynchon
22441,thomas-reider,Thomas Reider
22442,thomas-savage,Thomas Savage
22443,thomas-stecher,Thomas Stecher
22444,thomas-thieme,Thomas Thieme
22445,thomas-tufte,Thomas Tufte
22446,thomas-turgoose,Thomas Turgoose
22447,thomas-wehling,Thomas Wehling
22448,thomas-weinhappel,Thomas Weinhappel
22449,thomas-wydler,Thomas Wydler
22450,thomasin-mckenzie,Thomasin McKenzie
22451,thong-duy-nguyen,Thong Duy Nguyen
22452,thora-birch,Thora Birch
22453,thordis-brandt,Thordis Brandt
22454,thornton-wilder,Thornton Wilder
22455,thurl-ravenscroft,Thurl Ravenscroft
22456,thursday-williams,Thursday Williams
22457,tia-alkerdi,Tia Alkerdi
22458,tia-carrere,Tia Carrere
22459,tian-wen-chen,Tian Wen Chen
22460,tianyong-zheng,Tianyong Zheng
22461,tiara-parker,Tiara Parker
22462,tiare-r-finney,Tiare R. Finney
22463,tibor-korom,Tibor Korom
22464,tibor-mertz,Tibor Mertz
22465,tichina-arnold,Tichina Arnold
22466,ticky-holgado,Ticky Holgado
22467,tiffany-coty,Tiffany Coty
22468,tiffany-grossfeld,Tiffany Grossfeld
22469,tiffany-lyndall-knight,Tiffany Lyndall-Knight
22470,tiffany-monique-ryan,Tiffany Moníque Ryan
22471,tigmanshu-dhulia,Tigmanshu Dhulia
22472,tihomir-buterin,Tihomir Buterin
22473,tilda-swinton,Tilda Swinton
22474,tim-aguirre,Tim Aguirre
22475,tim-allen,Tim Allen
22476,tim-baggaley,Tim Baggaley
22477,tim-bagley,Tim Bagley
22478,tim-beekman,Tim Beekman
22479,tim-blake-nelson,Tim Blake Nelson
22480,tim-burton,Tim Burton
22481,tim-clarke,Tim Clarke
22482,tim-colceri,Tim Colceri
22483,tim-curry,Tim Curry
22484,tim-davis,Tim Davis
22485,tim-dekay,Tim DeKay
22486,tim-dezarn,Tim DeZarn
22487,tim-driscoll,Tim Driscoll
22488,tim-dutton,Tim Dutton
22489,tim-ebuka,Tim Ebuka
22490,tim-evans-3,Tim Evans
22491,tim-faraday,Tim Faraday
22492,tim-gamble,Tim Gamble
22493,tim-green,Tim Green
22494,tim-griffin,Tim Griffin
22495,tim-hill-2,Tim Hill
22496,tim-holt,Tim Holt
22497,tim-hopper,Tim Hopper
22498,tim-jandreau,Tim Jandreau
22499,tim-kash,Tim Kash
22500,tim-keiper,Tim Keiper
22501,tim-kelleher,Tim Kelleher
22502,tim-leffman,Tim Leffman
22503,tim-matheson,Tim Matheson
22504,tim-mccanlies,Tim McCanlies
22505,tim-mcinnerny,Tim McInnerny
22506,tim-mcmullan,Tim McMullan
22507,tim-meadows,Tim Meadows
22508,tim-medvetz,Tim Medvetz
22509,tim-mertens,Tim Mertens
22510,tim-pigott-smith,Tim Pigott-Smith
22511,tim-preece,Tim Preece
22512,tim-rice,Tim Rice
22513,tim-robbins,Tim Robbins
22514,tim-rose,Tim Rose
22515,tim-roth,Tim Roth
22516,tim-ryan,Tim Ryan
22517,tim-shadbolt,Tim Shadbolt
22518,tim-simek,Tim Simek
22519,tim-soronen,Tim Soronen
22520,tim-storms,Tim Storms
22521,tim-thomerson,Tim Thomerson
22522,tim-trella,Tim Trella
22523,tim-ware,Tim Ware
22524,time-winters,Time Winters
22525,timer-the-dog,Timer the Dog
22526,timi-jernigan,Timi Jernigan
22527,timon-michel,Timon Michel
22528,timothee-chalamet,Timothée Chalamet
22529,timothy-bateson,Timothy Bateson
22530,timothy-bottoms,Timothy Bottoms
22531,timothy-brown,Timothy Brown
22532,timothy-busfield,Timothy Busfield
22533,timothy-carey,Timothy Carey
22534,timothy-carhart,Timothy Carhart
22535,timothy-dalton,Timothy Dalton
22536,timothy-ferris,Timothy Ferris
22537,timothy-griffin-allan,Timothy Griffin Allan
22538,timothy-harris,Timothy Harris
22539,timothy-hutton,Timothy Hutton
22540,timothy-j-sexton,Timothy J. Sexton
22541,timothy-jones,Timothy Jones
22542,timothy-lucas,Timothy Lucas
22543,timothy-olyphant,Timothy Olyphant
22544,timothy-patrick-quill,Timothy Patrick Quill
22545,timothy-scott,Timothy Scott
22546,timothy-spall,Timothy Spall
22547,timothy-treadwell,Timothy Treadwell
22548,timothy-trumpet-jr,Timothy Trumpet Jr.
22549,timur-ibragimov-2,Timur Ibragimov
22550,timur-magomedgadzhiev,Timur Magomedgadzhiev
22551,tin-shu-mak,Tin Shu Mak
22552,tina-benko,Tina Benko
22553,tina-bruna,Tina Bruna
22554,tina-fey,Tina Fey
22555,tina-holmes,Tina Holmes
22556,tina-huang,Tina Huang
22557,tina-kaiser,Tina Kaiser
22558,tina-lattanzi,Tina Lattanzi
22559,tina-parker,Tina Parker
22560,tina-rodriguez,Tina Rodriguez
22561,tina-sloan,Tina Sloan
22562,tina-weymouth,Tina Weymouth
22563,ting-yip-ng,Ting Yip Ng
22564,tingsui-tang,Tingsui Tang
22565,tingting-gan,Tingting Gan
22566,tintin-anderzon,Tintin Anderzon
22567,tintumol-joseph,Tintumol Joseph
22568,tiny-ron,Tiny Ron
22569,tiny-sandford,Tiny Sandford
22570,tio-hardiman,Tio Hardiman
22571,tip-tipping,Tip Tipping
22572,tippi-hedren,Tippi Hedren
22573,tisa-farrow,Tisa Farrow
22574,tisha-campbell,Tisha Campbell
22575,tita-colorado,Tita Colorado
22576,tita-munoz,Tita Muñoz
22577,tito-blasco,Tito Blasco
22578,tito-vuolo,Tito Vuolo
22579,titos-vandis,Titos Vandis
22580,titus-welliver,Titus Welliver
22581,tiwa-lade,Tiwa Lade
22582,tj-miller-2,T.J. Miller
22583,tj-thyne,T.J. Thyne
22584,tk-carter,T.K. Carter
22585,tkeyah-crystal-keymah,T'Keyah Crystal Keymáh
22586,to-hoi-kong,To-Hoi Kong
22587,tobar-mayo,Tobar Mayo
22588,tobe-hooper,Tobe Hooper
22589,tobey-maguire,Tobey Maguire
22590,tobi-monday-solomon,Tobi Monday Solomon
22591,tobias-menzies,Tobias Menzies
22592,tobin-bell,Tobin Bell
22593,toby-adler,Toby Adler
22594,toby-froud,Toby Froud
22595,toby-haggith,Toby Haggith
22596,toby-hemingway,Toby Hemingway
22597,toby-jones,Toby Jones
22598,toby-kebbell,Toby Kebbell
22599,toby-keeler,Toby Keeler
22600,toby-meuli,Toby Meuli
22601,toby-philpott,Toby Philpott
22602,tod-browning,Tod Browning
22603,tod-davies,Tod Davies
22604,todd-a-robinson,Todd A. Robinson
22605,todd-butler,Todd Butler
22606,todd-charmont,Todd Charmont
22607,todd-dickson,Todd Dickson
22608,todd-douglas-miller,Todd Douglas Miller
22609,todd-duffey,Todd Duffey
22610,todd-feder,Todd Feder
22611,todd-field,Todd Field
22612,todd-graff,Todd Graff
22613,todd-haynes,Todd Haynes
22614,todd-jeffries,Todd Jeffries
22615,todd-karns,Todd Karns
22616,todd-louiso,Todd Louiso
22617,todd-o-phonic-todd,Todd-o-Phonic Todd
22618,todd-phillips,Todd Phillips
22619,todd-solondz,Todd Solondz
22620,todd-w-langen,Todd W. Langen
22621,toddy-walters,Toddy Walters
22622,togo-igawa,Togo Igawa
22623,tohoru-masamune,Tohoru Masamune
22624,toivo-pawlo,Toivo Pawlo
22625,toji-kawahigashi,Tôji Kawahigashi
22626,toke-lars-bjarke,Toke Lars Bjarke
22627,tokie-hidari,Tokie Hidari
22628,tokiko-kato,Tokiko Katô
22629,tokio-emoto,Tokio Emoto
22630,toko-miura,Tôko Miura
22631,tolepbergen-baisakalov,Tolepbergen Baisakalov
22632,tom-ahearne,Tom Ahearne
22633,tom-ammiano,Tom Ammiano
22634,tom-arnold,Tom Arnold
22635,tom-atkins,Tom Atkins
22636,tom-batten-2,Tom Batten
22637,tom-bennett,Tom Bennett
22638,tom-berenger,Tom Berenger
22639,tom-bernard,Tom Bernard
22640,tom-braidwood,Tom Braidwood
22641,tom-brandon,Tom Brandon
22642,tom-brokaw,Tom Brokaw
22643,tom-brooke,Tom Brooke
22644,tom-burke-2,Tom Burke
22645,tom-butler,Tom Butler
22646,tom-carey,Tom Carey
22647,tom-carey-2,Tom Carey
22648,tom-clancy,Tom Clancy
22649,tom-coleman,Tom Coleman
22650,tom-conti,Tom Conti
22651,tom-conway,Tom Conway
22652,tom-costello,Tom Costello
22653,tom-courtenay,Tom Courtenay
22654,tom-cramer,Tom Cramer
22655,tom-crean-2,Tom Crean
22656,tom-cruise,Tom Cruise
22657,tom-cullen-2,Tom Cullen
22658,tom-degidon,Tom Degidon
22659,tom-dempsey,Tom Dempsey
22660,tom-dicillo,Tom DiCillo
22661,tom-drake,Tom Drake
22662,tom-dugan,Tom Dugan
22663,tom-edden,Tom Edden
22664,tom-ellery,Tom Ellery
22665,tom-epperson,Tom Epperson
22666,tom-erhart,Tom Erhart
22667,tom-everett,Tom Everett
22668,tom-ewell,Tom Ewell
22669,tom-eyen,Tom Eyen
22670,tom-fadden,Tom Fadden
22671,tom-farrell,Tom Farrell
22672,tom-felton,Tom Felton
22673,tom-fisher-3,Tom Fisher
22674,tom-ford-4,Tom Ford
22675,tom-forrester,Tom Forrester
22676,tom-fridley,Tom Fridley
22677,tom-gallop,Tom Gallop
22678,tom-galouzis,Tom Galouzis
22679,tom-georgeson,Tom Georgeson
22680,tom-glynn-carney,Tom Glynn-Carney
22681,tom-gorman,Tom Gorman
22682,tom-green,Tom Green
22683,tom-guiry,Tom Guiry
22684,tom-hanks,Tom Hanks
22685,tom-hardy,Tom Hardy
22686,tom-harvey,Tom Harvey
22687,tom-hayden,Tom Hayden
22688,tom-helmore,Tom Helmore
22689,tom-hickey,Tom Hickey
22690,tom-hiddleston,Tom Hiddleston
22691,tom-holland-4,Tom Holland
22692,tom-hollander,Tom Hollander
22693,tom-hooper-2,Tom Hooper
22694,tom-hudson-6,Tom Hudson
22695,tom-hulce,Tom Hulce
22696,tom-hurier,Tom Hurier
22697,tom-j-kirk,Tom J. Kirk
22698,tom-kagy,Tom Kagy
22699,tom-kemp,Tom Kemp
22700,tom-kenny,Tom Kenny
22701,tom-lister-jr,Tom Lister Jr.
22702,tom-london,Tom London
22703,tom-mankiewicz,Tom Mankiewicz
22704,tom-mason-2,Tom Mason
22705,tom-mccamus,Tom McCamus
22706,tom-mccarthy,Tom McCarthy
22707,tom-mccleister,Tom McCleister
22708,tom-mcdermott,Tom McDermott
22709,tom-mcginley-2,Tom McGinley
22710,tom-mcgowan,Tom McGowan
22711,tom-mcgrath,Tom McGrath
22712,tom-mckitterick,Tom McKitterick
22713,tom-mcneish,Tom McNeish
22714,tom-mctigue,Tom McTigue
22715,tom-milanovich,Tom Milanovich
22716,tom-mishler,Tom Mishler
22717,tom-murray-12,Tom Murray
22718,tom-nolan-3,Tom Nolan
22719,tom-noonan,Tom Noonan
22720,tom-oberhaus,Tom Oberhaus
22721,tom-oreb,Tom Oreb
22722,tom-perrotta,Tom Perrotta
22723,tom-pickett,Tom Pickett
22724,tom-powers,Tom Powers
22725,tom-rauffenbart,Tom Rauffenbart
22726,tom-reed,Tom Reed
22727,tom-reese,Tom Reese
22728,tom-riis-farrell,Tom Riis Farrell
22729,tom-rosqui,Tom Rosqui
22730,tom-shachtman,Tom Shachtman
22731,tom-shadyac,Tom Shadyac
22732,tom-signorelli,Tom Signorelli
22733,tom-sizemore,Tom Sizemore
22734,tom-skerritt,Tom Skerritt
22735,tom-snyder,Tom Snyder
22736,tom-sternberg,Tom Sternberg
22737,tom-stoppard,Tom Stoppard
22738,tom-t-tran,Tom. T. Tran
22739,tom-tammi,Tom Tammi
22740,tom-tangen,Tom Tangen
22741,tom-toner,Tom Toner
22742,tom-troupe,Tom Troupe
22743,tom-tykwer,Tom Tykwer
22744,tom-tyler,Tom Tyler
22745,tom-urie,Tom Urie
22746,tom-viviano,Tom Viviano
22747,tom-waits,Tom Waits
22748,tom-watt,Tom Watt
22749,tom-waugh-2,Tom Waugh
22750,tom-wees,Tom Wees
22751,tom-white-5,Tom White
22752,tom-wilkinson,Tom Wilkinson
22753,tom-willoughby,Tom Willoughby
22754,tom-wilson,Tom Wilson
22755,tom-wilson-2,Tom Wilson
22756,tom-wolfe,Tom Wolfe
22757,tom-wood,Tom Wood
22758,tom-wright,Tom Wright
22759,toma-cuzin,Toma Cuzin
22760,tomas-alfredson,Tomas Alfredson
22761,tomas-alves,Tomás Alves
22762,tomas-arana,Tomas Arana
22763,tomas-blanco,Tomás Blanco
22764,tomas-fonzi,Tomás Fonzi
22765,tomas-kohler,Tomas Köhler
22766,tomas-milian,Tomas Milian
22767,tomaso-africa,Tomaso Africa
22768,tomasz-kot,Tomasz Kot
22769,tomasz-markiewicz,Tomasz Markiewicz
22770,tomasz-wlosok,Tomasz Wlosok
22771,tomek-glowacki,Tomek Glowacki
22772,tomeko-elliott,Tomeko Elliott
22773,tomie-kataoka,Tomie Kataoka
22774,tomika-agee,Tomika Agee
22775,tomm-moore,Tomm Moore
22776,tommaso-neri,Tommaso Neri
22777,tommaso-ragno,Tommaso Ragno
22778,tommy-abbott,Tommy Abbott
22779,tommy-chong,Tommy Chong
22780,tommy-duggan,Tommy Duggan
22781,tommy-flanagan,Tommy Flanagan
22782,tommy-hollis,Tommy Hollis
22783,tommy-kjellqvist,Tommy Kjellqvist
22784,tommy-kominik,Tommy Kominik
22785,tommy-lee-jones,Tommy Lee Jones
22786,tommy-mckee,Tommy McKee
22787,tommy-noonan,Tommy Noonan
22788,tommy-nordahl,Tommy Nordahl
22789,tommy-schultz,Tommy Schultz
22790,tommy-tiernan,Tommy Tiernan
22791,tomohiro-nishimura,Tomohiro Nishimura
22792,tomokazu-seki,Tomokazu Seki
22793,tomokazu-yamaguchi,Tomokazu Yamaguchi
22794,tomoko-hito,Tomoko Hito
22795,tomoko-naraoka,Tomoko Naraoka
22796,tomoko-tabata,Tomoko Tabata
22797,tomoko-yamaguchi,Tomoko Yamaguchi
22798,tomomi-hiraiwa,Tomomi Hiraiwa
22799,tomomichi-nishimura,Tomomichi Nishimura
22800,tomoyuki-tanaka,Tomoyuki Tanaka
22801,tomy-shacham,Tomy Shacham
22802,tongfu-long,Tongfu Long
22803,toni-basil,Toni Basil
22804,toni-bertorelli,Toni Bertorelli
22805,toni-buckman,Toni Buckman
22806,toni-canto,Toni Cantó
22807,toni-collette,Toni Collette
22808,toni-gable,Toni Gable
22809,toni-howard,Toni Howard
22810,toni-servillo,Toni Servillo
22811,tonino-valerii,Tonino Valerii
22812,tonka-mrsic,Tonka Mrsic
22813,tony-allen,Tony Allen
22814,tony-amen,Tony Amen
22815,tony-anselmo,Tony Anselmo
22816,tony-bancroft,Tony Bancroft
22817,tony-beckley,Tony Beckley
22818,tony-benn,Tony Benn
22819,tony-bentley,Tony Bentley
22820,tony-brafa,Tony Brafa
22821,tony-burton,Tony Burton
22822,tony-canzoneri,Tony Canzoneri
22823,tony-carreiro,Tony Carreiro
22824,tony-cosmo,Tony Cosmo
22825,tony-cowan,Tony Cowan
22826,tony-cox,Tony Cox
22827,tony-curran,Tony Curran
22828,tony-curtis,Tony Curtis
22829,tony-darrow,Tony Darrow
22830,tony-deary,Tony Deary
22831,tony-denman,Tony Denman
22832,tony-elias,Tony Elias
22833,tony-elwood,Tony Elwood
22834,tony-fosco,Tony Fosco
22835,tony-fucile,Tony Fucile
22836,tony-galento,Tony Galento
22837,tony-geiss,Tony Geiss
22838,tony-gilroy,Tony Gilroy
22839,tony-goldwyn,Tony Goldwyn
22840,tony-gonzalez,Tony Gonzalez
22841,tony-grisoni,Tony Grisoni
22842,tony-guyton,Tony Guyton
22843,tony-halme,Tony Halme
22844,tony-hansford,Tony Hansford
22845,tony-harrisson,Tony Harrisson
22846,tony-haygarth,Tony Haygarth
22847,tony-hendra,Tony Hendra
22848,tony-ho,Tony Ho
22849,tony-jaa,Tony Jaa
22850,tony-jay,Tony Jay
22851,tony-kaye,Tony Kaye
22852,tony-kgoroge,Tony Kgoroge
22853,tony-kilbert,Tony Kilbert
22854,tony-kushner,Tony Kushner
22855,tony-leung-chiu-wai,Tony Leung Chiu-wai
22856,tony-lo-bianco,Tony Lo Bianco
22857,tony-lopez-10,Tony López
22858,tony-mack,Tony Mack
22859,tony-massil,Tony Massil
22860,tony-maudsley,Tony Maudsley
22861,tony-mcmahon,Tony McMahon
22862,tony-mcnamara-2,Tony McNamara
22863,tony-mendez-2,Tony Mendez
22864,tony-moran,Tony Moran
22865,tony-mordente,Tony Mordente
22866,tony-neil,Tony Neil
22867,tony-odell,Tony O'Dell
22868,tony-pierce,Tony Pierce
22869,tony-plana,Tony Plana
22870,tony-randall,Tony Randall
22871,tony-revolori,Tony Revolori
22872,tony-roberts,Tony Roberts
22873,tony-roche,Tony Roche
22874,tony-scott,Tony Scott
22875,tony-shalhoub,Tony Shalhoub
22876,tony-silva,Tony Silva
22877,tony-slattery,Tony Slattery
22878,tony-tambi,Tony Tambi
22879,tony-todd,Tony Todd
22880,tony-torn,Tony Torn
22881,tony-v,Tony V.
22882,tony-wager,Tony Wager
22883,tony-walker,Tony Walker
22884,tony-wilson-5,Tony Wilson
22885,tonya-lewis-lee,Tonya Lewis Lee
22886,tonye-patano,Tonye Patano
22887,tor-borong,Tor Borong
22888,torahiko-hamada,Torahiko Hamada
22889,toraichi-kono,Toraichi Kono
22890,toranosuke-ogawa,Toranosuke Ogawa
22891,torben-meyer,Torben Meyer
22892,tord-paag,Tord Pååg
22893,tore-dale,Tore Dale
22894,torgny-amdam,Torgny Amdam
22895,tori-tran,Tori Tran
22896,torin-thatcher,Torin Thatcher
22897,torri-higginson,Torri Higginson
22898,torsten-michaelis,Torsten Michaelis
22899,toru-abe,Tôru Abe
22900,toru-emori,Tôru Emori
22901,toru-furusawa,Tôru Furusawa
22902,toru-furuya,Tôru Furuya
22903,toru-minegishi,Tôru Minegishi
22904,toru-saito,Toru Saito
22905,toru-takeuchi,Tôru Takeuchi
22906,toru-yuri,Tôru Yuri
22907,toshi-toda,Toshi Toda
22908,toshiaki-inomata,Toshiaki Inomata
22909,toshie-negishi,Toshie Negishi
22910,toshihiko-nakajima,Toshihiko Nakajima
22911,toshiko-higuchi,Toshiko Higuchi
22912,toshimune-kato,Toshimune Kato
22913,toshio-egi,Toshio Egi
22914,toshiro-mifune,Toshirô Mifune
22915,toshiro-yanagiba,Toshirô Yanagiba
22916,toshishiro-obata,Toshishiro Obata
22917,toshiya-agata,Toshiya Agata
22918,toshiya-ito,Toshiya Ito
22919,toshiyuki-amagasa,Toshiyuki Amagasa
22920,toshiyuki-kuba,Toshiyuki Kuba
22921,tosia-doloiani,Tosia Doloiani
22922,tosin-adeyemi-2,Tosin Adeyemi
22923,tosin-cole,Tosin Cole
22924,touche-cornel,Touché Cornel
22925,tough-bone,Tough Bone
22926,toulou-kiki,Toulou Kiki
22927,tounet-cargol,Tounet Cargol
22928,tova-stewart,Tova Stewart
22929,toya-batey,Toya Batey
22930,toyo-takahashi,Toyo Takahashi
22931,toyoaki-suzuki,Toyoaki Suzuki
22932,trace-adkins,Trace Adkins
22933,tracee-talavera,Tracee Talavera
22934,tracey-ellis,Tracey Ellis
22935,tracey-maloney,Tracey Maloney
22936,tracey-ullman,Tracey Ullman
22937,tracey-walter,Tracey Walter
22938,traci-curry,Traci Curry
22939,traci-wolfe,Traci Wolfe
22940,tracy-arne,Tracy Arne
22941,tracy-letts,Tracy Letts
22942,tracy-mcbride,Tracy McBride
22943,tracy-reed-2,Tracy Reed
22944,tracy-reiner,Tracy Reiner
22945,traore,Traore
22946,traudl-junge,Traudl Junge
22947,travis-fine,Travis Fine
22948,travis-mckenna,Travis McKenna
22949,travis-nelson-3,Travis Nelson
22950,travis-oates,Travis Oates
22951,travis-scott-2,Travis Scott
22952,tre-cool,Tré Cool
22953,treat-williams,Treat Williams
22954,tremayne-doolan,Tremayne Doolan
22955,tremayne-watson,Tremayne Watson
22956,trent-dee,Trent Dee
22957,trent-ford,Trent Ford
22958,trent-rowland,Trent Rowland
22959,tres-hanley,Tres Hanley
22960,tress-macneille,Tress MacNeille
22961,trev-parham,Trev Parham
22962,treva-etienne,Treva Etienne
22963,trevante-rhodes,Trevante Rhodes
22964,trevon-doolan,Trevon Doolan
22965,trevor-bardette,Trevor Bardette
22966,trevor-fox,Trevor Fox
22967,trevor-howard,Trevor Howard
22968,trevor-jack-brooks,Trevor Jack Brooks
22969,trevor-laird,Trevor Laird
22970,trevor-lissauer,Trevor Lissauer
22971,trevor-martin,Trevor Martin
22972,trevor-mendelow,Trevor Mendelow
22973,trevor-metscher,Trevor Metscher
22974,trevor-morgan,Trevor Morgan
22975,trevor-st-john,Trevor St. John
22976,trevor-steedman,Trevor Steedman
22977,trevor-wright-2,Trevor Wright
22978,trey-edward-shults,Trey Edward Shults
22979,trey-parker,Trey Parker
22980,tricia-vessey,Tricia Vessey
22981,tricky,Tricky
22982,trieste-kelly-dunn,Trieste Kelly Dunn
22983,trifari-williams,Trifari Williams
22984,trina-robbins,Trina Robbins
22985,trine-dyrholm,Trine Dyrholm
22986,trini-alvarado,Trini Alvarado
22987,trinidad-iglesias,Trinidad Iglesias
22988,trinidad-silva,Trinidad Silva
22989,trinity-goscinsky-lynch,Trinity Goscinsky-Lynch
22990,trish-gates,Trish Gates
22991,trisha-goddard,Trisha Goddard
22992,trisha-lafache,Trisha LaFache
22993,tristan-mack-wilds,Tristan Mack Wilds
22994,tristan-matthiae,Tristan Matthiae
22995,troy-bishop,Troy Bishop
22996,troy-donahue,Troy Donahue
22997,troy-garity,Troy Garity
22998,troy-gentile,Troy Gentile
22999,troy-t-parham,Troy T. Parham
23000,trudi-goodman,Trudi Goodman
23001,trudy-matthys,Trudy Matthys
23002,truman-capote,Truman Capote
23003,trystan-putter,Trystan Pütter
23004,ts-alexander,T.S. Alexander
23005,tsai-chin,Tsai Chin
23006,tse-mach-washington,Tse-Mach Washington
23007,tseko-monaheng-2,Tseko Monaheng
23008,tsewang-dolkar,Tsewang Dolkar
23009,tsisia-kumsishvili,Tsisia Kumsishvili
23010,tsring-chodron,Tsring Chodron
23011,tsunehiko-kamijo,Tsunehiko Kamijô
23012,tsung-hua-tou,Tsung-Hua Tou
23013,tsuruko-mano,Tsuruko Mano
23014,tsutomu-tareki,Tsutomu Tareki
23015,tsutomu-tatsumi,Tsutomu Tatsumi
23016,tsutomu-yamazaki,Tsutomu Yamazaki
23017,tsuyoko-yoshido,Tsuyoko Yoshido
23018,tsuyoshi-ihara,Tsuyoshi Ihara
23019,tsuyoshi-ujiki,Tsuyoshi Ujiki
23020,tt,T.T.
23021,tuc-watkins,Tuc Watkins
23022,tucker-albrizzi,Tucker Albrizzi
23023,tucker-smith,Tucker Smith
23024,tudor-hristescu,Tudor Hristescu
23025,tudor-owen,Tudor Owen
23026,tuesday-weld,Tuesday Weld
23027,tullio-carminati,Tullio Carminati
23028,tullio-pinelli,Tullio Pinelli
23029,tully-marshall,Tully Marshall
23030,tuncel-kurtiz,Tuncel Kurtiz
23031,tunde-wang,Tunde Wang
23032,tung-cho-joe-cheung,Tung Cho 'Joe' Cheung
23033,tungia-baker,Tungia Baker
23034,turan-selcuk-yerlikaya,Turan Selçuk Yerlikaya
23035,turgay-tanulku,Turgay Tanülkü
23036,turi-giuffrida,Turi Giuffrida
23037,turner-ross,Turner Ross
23038,tuwaine-barrett,Tuwaine Barrett
23039,twila-miles,Twila Miles
23040,twink-caplan,Twink Caplan
23041,ty-crowley,Ty Crowley
23042,ty-olsson,Ty Olsson
23043,ty-simpkins,Ty Simpkins
23044,tyde-kierney,Tyde Kierney
23045,tye-evans,Tye Evans
23046,tye-sheridan,Tye Sheridan
23047,tyger-williams,Tyger Williams
23048,tyler-bourke,Tyler Bourke
23049,tyler-coppin,Tyler Coppin
23050,tyler-dean-flores,Tyler Dean Flores
23051,tyler-h-walk,Tyler H. Walk
23052,tyler-hilton,Tyler Hilton
23053,tyler-hoechlin,Tyler Hoechlin
23054,tyler-james,Tyler James
23055,tyler-kimball,Tyler Kimball
23056,tyler-labine,Tyler Labine
23057,tyler-mager,Tyler Mager
23058,tyler-mutlu,Tyler Mutlu
23059,tyler-roberge,Tyler Roberge
23060,tyler-the-creator,Tyler the Creator
23061,tyne-daly,Tyne Daly
23062,typhoon,Typhoon
23063,tyra-ferrell,Tyra Ferrell
23064,tyra-kwao-vovo,Tyra Kwao-Vovo
23065,tyrese-gibson,Tyrese Gibson
23066,tyrin-turner,Tyrin Turner
23067,tyrone-huggins,Tyrone Huggins
23068,tyrone-larkins,Tyrone Larkins
23069,tyrone-moore-3,Tyrone Moore
23070,tze-chung-lam,Tze-Chung Lam
23071,tzi-ma,Tzi Ma
23072,ubeimar-rios,Ubeimar Rios
23073,udo-kier,Udo Kier
23074,udo-samel,Udo Samel
23075,udom-chouncheun,Udom Chouncheun
23076,ugo-adinolfi,Ugo Adinolfi
23077,ugo-attanasio,Ugo Attanasio
23078,ugo-ballerini,Ugo Ballerini
23079,ugo-chiti,Ugo Chiti
23080,ugo-paletti,Ugo Paletti
23081,ugo-pirro,Ugo Pirro
23082,uldis-valteris,Uldis Valteris
23083,ulla-sjoblom,Ulla Sjöblom
23084,ulrich-beiger,Ulrich Beiger
23085,ulrich-fassnacht,Ulrich Faßnacht
23086,ulrich-matthes,Ulrich Matthes
23087,ulrich-muhe,Ulrich Mühe
23088,ulrich-noethen,Ulrich Noethen
23089,ulrich-thomsen,Ulrich Thomsen
23090,ulrich-tukur,Ulrich Tukur
23091,uma-thurman,Uma Thurman
23092,umberto-alivernini,Umberto Alivernini
23093,umberto-contarello,Umberto Contarello
23094,una-brandon-jones,Una Brandon-Jones
23095,una-damon,Una Damon
23096,una-oconnor,Una O'Connor
23097,uno-kanda,Uno Kanda
23098,unsho-ishizuka,Unshô Ishizuka
23099,upton-sinclair,Upton Sinclair
23100,urbain-cancelier,Urbain Cancelier
23101,urbain-dia-mokouri,Urbain Dia Mokouri
23102,urs-rechn,Urs Rechn
23103,ursula-andress,Ursula Andress
23104,ursula-parker,Ursula Parker
23105,ursula-reit,Ursula Reit
23106,ursula-rucker,Ursula Rucker
23107,usher,Usher
23108,uta-hagen,Uta Hagen
23109,ute-lubosch,Ute Lubosch
23110,utz-krause,Utz Krause
23111,uvin-wang,Uvin Wang
23112,uwe-lauer,Uwe Lauer
23113,uwe-ochsenknecht,Uwe Ochsenknecht
23114,uwe-preuss,Uwe Preuss
23115,uzi-gal,Uzi Gal
23116,uzoamaka-aniunoh,Uzoamaka Aniunoh
23117,v-phipps-wilson,V. Phipps-Wilson
23118,vache-tovmasyan,Vache Tovmasyan
23119,vadim-nedaskovskij,Vadim Nedaskovskij
23120,vadim-perelman,Vadim Perelman
23121,vahid-mobasseri,Vahid Mobasseri
23122,vahit-yildirim,Vahit Yildirim
23123,vakhtang-amanatidze,Vakhtang Amanatidze
23124,val-avery,Val Avery
23125,val-bettin,Val Bettin
23126,val-dexter,Val Dexter
23127,val-kilmer,Val Kilmer
23128,valdemar-santos,Valdemar Santos
23129,valente-rodriguez,Valente Rodriguez
23130,valentin-de-vargas,Valentin de Vargas
23131,valentin-fruitier,Valentin Fruitier
23132,valentin-golubenko,Valentin Golubenko
23133,valentin-kalaj,Valentin Kalaj
23134,valentin-lelong,Valentin Lelong
23135,valentina-ananina,Valentina Ananina
23136,valentina-carnelutti,Valentina Carnelutti
23137,valentina-cortese,Valentina Cortese
23138,valentina-rodriguez-2,Valentina Rodríguez
23139,valentine-black,Valentine Black
23140,valentine-camax,Valentine Camax
23141,valentine-davies,Valentine Davies
23142,valentine-dyall,Valentine Dyall
23143,valentino-santagati,Valentino Santagati
23144,valentyn-vasyanovych,Valentyn Vasyanovych
23145,valeri-petrov,Valeri Petrov
23146,valeria-bruni-tedeschi,Valeria Bruni Tedeschi
23147,valeria-cavalli,Valeria Cavalli
23148,valeria-ciangottini,Valeria Ciangottini
23149,valeria-cotto,Valeria Cotto
23150,valeria-golino,Valeria Golino
23151,valerie-azlynn,Valerie Azlynn
23152,valerie-beaugrand-champagne,Valérie Beaugrand-Champagne
23153,valerie-berry,Valerie Berry
23154,valerie-boisgel,Valérie Boisgel
23155,valerie-bonneton,Valérie Bonneton
23156,valerie-camille,Valérie Camille
23157,valerie-chow,Valerie Chow
23158,valerie-colgan,Valerie Colgan
23159,valerie-dreville,Valérie Dréville
23160,valerie-feruglio,Valerie Feruglio
23161,valerie-gale,Valerie Gale
23162,valerie-hobson,Valerie Hobson
23163,valerie-koch,Valerie Koch
23164,valerie-lemercier,Valérie Lemercier
23165,valerie-mairesse,Valérie Mairesse
23166,valerie-milenka-repnau,Valerie Milenka Repnau
23167,valerie-moreau,Valérie Moreau
23168,valerie-perrine,Valerie Perrine
23169,valerie-planche,Valerie Planche
23170,valerie-quennessen,Valérie Quennessen
23171,valerie-richards-2,Valerie Richards
23172,valerie-taylor,Valerie Taylor
23173,valerijus-jevsejevas,Valerijus Jevsejevas
23174,valeriy-boltyshev,Valeriy Boltyshev
23175,valeriy-grishko,Valeriy Grishko
23176,valeriy-guryanov,Valeriy Guryanov
23177,valmiki,Valmiki
23178,van-alder,Van Alder
23179,van-brooks,Van Brooks
23180,van-doude,Van Doude
23181,van-hansis,Van Hansis
23182,van-heflin,Van Heflin
23183,vana-obrien,Vana O'Brien
23184,vance-gerry,Vance Gerry
23185,vanda-capriolo,Vanda Capriolo
23186,vanda-stovall,Vanda Stovall
23187,vanessa-bauche,Vanessa Bauche
23188,vanessa-bell-calloway,Vanessa Bell Calloway
23189,vanessa-brown,Vanessa Brown
23190,vanessa-chester,Vanessa Chester
23191,vanessa-ferlito,Vanessa Ferlito
23192,vanessa-ganter,Vanessa Ganter
23193,vanessa-garcia-figueroa,Vanessa García Figueroa
23194,vanessa-kirby,Vanessa Kirby
23195,vanessa-marcil,Vanessa Marcil
23196,vanessa-martinez,Vanessa Martinez
23197,vanessa-pitts,Vanessa Pitts
23198,vanessa-redgrave,Vanessa Redgrave
23199,vanessa-scalera,Vanessa Scalera
23200,vanessa-taylor,Vanessa Taylor
23201,vanessa-trobough,Vanessa Trobough
23202,vanessa-williams-2,Vanessa Williams
23203,vanetta-smith,Vanetta Smith
23204,vania,Vania
23205,vanna-paoli,Vanna Paoli
23206,vanna-urbino,Vanna Urbino
23207,varley-thomas,Varley Thomas
23208,varvara-shmykova,Varvara Shmykova
23209,vas-blackwood,Vas Blackwood
23210,vasek-simek,Vasek Simek
23211,vasiliki-maliaros,Vasiliki Maliaros
23212,vasiliy-domrachyov,Vasiliy Domrachyov
23213,vasiliy-michkov,Vasiliy Michkov
23214,vasily-prokopyev,Vasily Prokopyev
23215,vass-anderson,Vass Anderson
23216,vassilis-vassilikos,Vassilis Vassilikos
23217,vasthy-mompoint,Vasthy Mompoint
23218,vasyl-antoniak,Vasyl Antoniak
23219,vaughan-wenzel,Vaughan Wenzel
23220,vaughn-taylor,Vaughn Taylor
23221,veda-ann-borg,Veda Ann Borg
23222,veda-buckland,Veda Buckland
23223,veda-tunstall,Veda Tunstall
23224,veli-sam,Veli Sam
23225,vella-lovell,Vella Lovell
23226,velma-saric,Velma Saric
23227,velvet-debois,Velvet Debois
23228,vene-l-arcoraci,Vene L. Arcoraci
23229,venecia-franco,Venecia Franco
23230,venesa-weis,Venesa Weis
23231,venessia-valentino,Venessia Valentino
23232,ventura,Ventura
23233,venus-demilo-thomas,Venus DeMilo Thomas
23234,vera-clouzot,Véra Clouzot
23235,vera-farmiga,Vera Farmiga
23236,vera-kolupaeva,Vera Kolupaeva
23237,vera-kriegel,Vera Kriegel
23238,vera-lewis,Vera Lewis
23239,vera-lockwood,Vera Lockwood
23240,vera-lucia-caixeta,Vera Lucia Caixeta
23241,vera-miles,Vera Miles
23242,vera-sumenova,Vera Sumenova
23243,verena-paravel,Verena Paravel
23244,verna-bloom,Verna Bloom
23245,verna-felton,Verna Felton
23246,verne-troyer,Verne Troyer
23247,vernee-watson,Vernee Watson
23248,vernetta-henson,Vernetta Henson
23249,vernon-campbell,Vernon Campbell
23250,vernon-dobtcheff,Vernon Dobtcheff
23251,vernon-nurse,Vernon Nurse
23252,vernon-stallings,Vernon Stallings
23253,vernon-wells,Vernon Wells
23254,veronica-afflerbach,Veronica Afflerbach
23255,veronica-cartwright,Veronica Cartwright
23256,veronica-ferrari-risler,Veronica Ferrari Risler
23257,veronica-garcia-5,Verónica García
23258,veronica-lake,Veronica Lake
23259,veronica-langer,Verónica Langer
23260,veronica-llinas,Verónica Llinás
23261,veronica-taylor,Veronica Taylor
23262,veronique-montel,Véronique Montel
23263,vi-kaley,Vi Kaley
23264,vic-chesnutt,Vic Chesnutt
23265,vic-tablian,Vic Tablian
23266,vic-wilson,Vic Wilson
23267,vicente-soler,Vicente Soler
23268,vicenzo-navarro-rindel,Vicenzo Navarro Rindel
23269,vicki-bakken,Vicki Bakken
23270,vicki-hackett,Vicki Hackett
23271,vicki-lewis,Vicki Lewis
23272,vicki-pepperdine,Vicki Pepperdine
23273,vickie-curtis,Vickie Curtis
23274,vickie-eng,Vickie Eng
23275,vickilyn-reynolds,Vickilyn Reynolds
23276,vicky-illk,Vicky Illk
23277,vicky-jenson,Vicky Jenson
23278,vicky-krieps,Vicky Krieps
23279,vicky-mcclure,Vicky McClure
23280,vicky-saaveda,Vicky Saaveda
23281,victoire-du-bois,Victoire Du Bois
23282,victor-adamson,Victor Adamson
23283,victor-alexander,Victor Alexander
23284,victor-andres-catena,Víctor Andrés Catena
23285,victor-argo,Victor Argo
23286,victor-beaumont,Victor Beaumont
23287,victor-bumbalo,Victor Bumbalo
23288,victor-claudio-zichil,Victor Claudio Zichil
23289,victor-coventry,Victor Coventry
23290,victor-cox,Victor Cox
23291,victor-creatore,Victor Creatore
23292,victor-elias,Víctor Elías
23293,victor-erice,Víctor Erice
23294,victor-fleming,Victor Fleming
23295,victor-garber,Victor Garber
23296,victor-gonzalez-11,Victor González
23297,victor-heerman,Victor Heerman
23298,victor-hugo,Victor Hugo
23299,victor-isaac-perez,Victor Isaac Perez
23300,victor-jory,Victor Jory
23301,victor-kilian,Victor Kilian
23302,victor-kossakovsky,Victor Kossakovsky
23303,victor-macias,Victor Macias
23304,victor-magnotta,Victor Magnotta
23305,victor-mclaglen,Victor McLaglen
23306,victor-millan,Victor Millan
23307,victor-montero,Víctor Montero
23308,victor-moore,Victor Moore
23309,victor-norlin-ericsson,Victor Norlin Ericsson
23310,victor-potel,Victor Potel
23311,victor-reyes-3,Victor Reyes
23312,victor-sjostrom,Victor Sjöström
23313,victor-slezak,Victor Slezak
23314,victor-spinetti,Victor Spinetti
23315,victor-steinbach,Victor Steinbach
23316,victor-truro,Victor Truro
23317,victoria-cocias,Victoria Cocias
23318,victoria-dillard,Victoria Dillard
23319,victoria-fairchild,Victoria Fairchild
23320,victoria-george,Victoria George
23321,victoria-hill,Victoria Hill
23322,victoria-jackson,Victoria Jackson
23323,victoria-karnafel,Victoria Karnafel
23324,victoria-malektorovych,Victoria Malektorovych
23325,victoria-mitchell-2,Victoria Mitchell
23326,victoria-rowell,Victoria Rowell
23327,victoria-sus,Victoria Sus
23328,victoria-vargas,Victoria Vargas
23329,victoria-vetri,Victoria Vetri
23330,victoria-zussin,Victoria Zussin
23331,vidar-sandem,Vidar Sandem
23332,vidhu-vinod-chopra,Vidhu Vinod Chopra
23333,vien-pimdee,Vien Pimdee
23334,viggo-mortensen,Viggo Mortensen
23335,vik-sahay,Vik Sahay
23336,viktor-alenin,Viktor Alenin
23337,viktor-gakhov,Viktor Gakhov
23338,viktor-hernandez,Viktor Hernandez
23339,viktor-melnikov,Viktor Melnikov
23340,vilaiwan-seeboonreaung,Vilaiwan Seeboonreaung
23341,vilde-soyland,Vilde Søyland
23342,ville-elfving,Ville Elfving
23343,vimala-pons,Vimala Pons
23344,vin-diesel,Vin Diesel
23345,vina-delmar,Viña Delmar
23346,vinay-pathak,Vinay Pathak
23347,vince-barnett,Vince Barnett
23348,vince-deadrick-sr,Vince Deadrick Sr.
23349,vince-drews,Vince Drews
23350,vince-edwards,Vince Edwards
23351,vince-locke,Vince Locke
23352,vince-viverito,Vince Viverito
23353,vincent-barbi,Vincent Barbi
23354,vincent-berry,Vincent Berry
23355,vincent-cassel,Vincent Cassel
23356,vincent-courcelle-labrousse,Vincent Courcelle-Labrousse
23357,vincent-donofrio,Vincent D'Onofrio
23358,vincent-ebrahim,Vincent Ebrahim
23359,vincent-foster,Vincent Foster
23360,vincent-fournier,Vincent Fournier
23361,vincent-gardenia,Vincent Gardenia
23362,vincent-gils,Vincent Gils
23363,vincent-grass,Vincent Grass
23364,vincent-holman,Vincent Holman
23365,vincent-klyn,Vincent Klyn
23366,vincent-kok,Vincent Kok
23367,vincent-lawrence,Vincent Lawrence
23368,vincent-maguire,Vincent Maguire
23369,vincent-montrobert,Vincent Montrobert
23370,vincent-nielson,Vincent Nielson
23371,vincent-palmieri,Vincent Palmieri
23372,vincent-paronnaud,Vincent Paronnaud
23373,vincent-patar,Vincent Patar
23374,vincent-paterson,Vincent Paterson
23375,vincent-price,Vincent Price
23376,vincent-radwinsky,Vincent Radwinsky
23377,vincent-schiavelli,Vincent Schiavelli
23378,vincent-ward,Vincent Ward
23379,vincent-wettergren,Vincent Wettergren
23380,vincent-wong,Vincent Wong
23381,vincente-minnelli,Vincente Minnelli
23382,vincenzo-altamura,Vincenzo Altamura
23383,vincenzo-caso,Vincenzo Caso
23384,vincenzo-fabricino,Vincenzo Fabricino
23385,vincenzo-falanga,Vincenzo Falanga
23386,vincenzo-nemolato,Vincenzo Nemolato
23387,vincenzo-norvese,Vincenzo Norvese
23388,vineet-kumar-singh,Vineet Kumar Singh
23389,vinessa-shaw,Vinessa Shaw
23390,ving-rhames,Ving Rhames
23391,vinicius-de-oliveira,Vinícius de Oliveira
23392,vinnie-gonzales,Vinnie Gonzales
23393,vinnie-jones,Vinnie Jones
23394,vinny-dhillon,Vinny Dhillon
23395,vinny-vella,Vinny Vella
23396,viola-davis,Viola Davis
23397,violet-kemble-cooper,Violet Kemble Cooper
23398,violet-nelson,Violet Nelson
23399,violeta-berrios,Violeta Berrios
23400,violeta-macarena-rosu,Violeta 'Macarena' Rosu
23401,violett-beane,Violett Beane
23402,violette-garcia,Violette Garcia
23403,vipin-sharma,Vipin Sharma
23404,vira-silenti,Vira Silenti
23405,virag-barany,Virág Bárány
23406,virgil-williams,Virgil Williams
23407,virgile-elana,Virgile Elana
23408,virginia-ann-ford,Virginia Ann Ford
23409,virginia-brissac,Virginia Brissac
23410,virginia-cherrill,Virginia Cherrill
23411,virginia-christine,Virginia Christine
23412,virginia-cristina-ariza,Virginia Cristina Ariza
23413,virginia-hey,Virginia Hey
23414,virginia-huston,Virginia Huston
23415,virginia-kellogg,Virginia Kellogg
23416,virginia-kiser,Virginia Kiser
23417,virginia-loring-cooke,Virginia Loring Cooke
23418,virginia-madsen,Virginia Madsen
23419,virginia-mayo,Virginia Mayo
23420,virginia-mccollam,Virginia McCollam
23421,virginia-patton,Virginia Patton
23422,virginia-walker,Virginia Walker
23423,virginia-weidler,Virginia Weidler
23424,virginie-antico,Virginie Antico
23425,virginie-efira,Virginie Efira
23426,vitalik-kerdimun,Vitalik Kerdimun
23427,vitalina-varela,Vitalina Varela
23428,vitaliy-statsinskiy,Vitaliy Statsinskiy
23429,vitaliy-sudarkov,Vitaliy Sudarkov
23430,vito-dambrosio,Vito D'Ambrosio
23431,vito-russo,Vito Russo
23432,vito-schnabel,Vito Schnabel
23433,vittorio-de-sica,Vittorio De Sica
23434,vittorio-duse,Vittorio Duse
23435,vittorio-fanfoni,Vittorio Fanfoni
23436,vittorio-sanipoli,Vittorio Sanipoli
23437,vittorio-storaro,Vittorio Storaro
23438,viva,Viva
23439,viva-sex,Viva Sex
23440,viveca-lindfors,Viveca Lindfors
23441,viveka-davis,Viveka Davis
23442,vivian-davis-figures,Vivian Davis Figures
23443,vivian-kalinov,Vivian Kalinov
23444,viviana-alvarez-losada,Viviana Alvarez Losada
23445,viviana-chavez,Viviana Chavez
23446,viviane-senna,Viviane Senna
23447,vivica-a-fox,Vivica A. Fox
23448,vivien-cardone,Vivien Cardone
23449,vivien-leigh,Vivien Leigh
23450,vivien-merchant,Vivien Merchant
23451,vivienne-benesch,Vivienne Benesch
23452,vivienne-soan,Vivienne Soan
23453,vlad-ivanov,Vlad Ivanov
23454,vlad-mamai,Vlad Mamai
23455,vladica-kostic,Vladica Kostic
23456,vladimir-baranov,Vladimir Baranov
23457,vladimir-barskiy,Vladimir Barskiy
23458,vladimir-garin,Vladimir Garin
23459,vladimir-kolosov-2,Vladimir Kolosov
23460,vladimir-kulich,Vladimir Kulich
23461,vladimir-mashkov,Vladimir Mashkov
23462,vladimir-moiseenko,Vladimir Moiseenko
23463,vladimir-nabokov,Vladimir Nabokov
23464,vladimir-putin,Vladimir Putin
23465,vladimir-vdovichenkov,Vladimir Vdovichenkov
23466,vladislav-dvorzhetskiy,Vladislav Dvorzhetskiy
23467,volker-hanisch,Volker Hanisch
23468,volker-schlondorff,Volker Schlöndorff
23469,volker-waldegg,Volker Waldegg
23470,volker-zack,Volker Zack
23471,volkhart-buff,Volkhart Buff
23472,volkmar-kleinert,Volkmar Kleinert
23473,vondell-darr,Vondell Darr
23474,vu-ngoc-manh,Vu Ngoc Manh
23475,vu-trong-tuyen,Vu Trong Tuyen
23476,vygandas-vadeisa,Vygandas Vadeisa
23477,vytautas-kaniusonis,Vytautas Kaniusonis
23478,vyto-ruginis,Vyto Ruginis
23479,w-clapham-murray,W. Clapham Murray
23480,w-earl-brown,W. Earl Brown
23481,w-peter-iliff,W. Peter Iliff
23482,w-somerset-maugham,W. Somerset Maugham
23483,waad-al-kateab,Waad Al-Kateab
23484,wacharee-nagvichien,Wacharee Nagvichien
23485,wade-barnes,Wade Barnes
23486,wade-boteler,Wade Boteler
23487,wade-evans,Wade Evans
23488,wade-hayward,Wade Hayward
23489,wahab-sheikh,Wahab Sheikh
23490,wai-sun-lam,Wai-Sun Lam
23491,wajdi-mouawad,Wajdi Mouawad
23492,wako-ando,Wako Andô
23493,waldemar-kalinowski,Waldemar Kalinowski
23494,waldemar-young,Waldemar Young
23495,walden-boyle,Walden Boyle
23496,waldo-salt,Waldo Salt
23497,wale-davies,Wale Davies
23498,walid-afkir,Walid Afkir
23499,walker-edmiston,Walker Edmiston
23500,wallace-bosco,Wallace Bosco
23501,wallace-chung,Wallace Chung
23502,wallace-ford,Wallace Ford
23503,wallace-rooney,Wallace Rooney
23504,wallace-shawn,Wallace Shawn
23505,wallace-wolodarsky,Wallace Wolodarsky
23506,wallapa-mongkolprasert,Wallapa Mongkolprasert
23507,wally-brown,Wally Brown
23508,wally-cassell,Wally Cassell
23509,wally-taylor,Wally Taylor
23510,walon-green,Walon Green
23511,walt-disney,Walt Disney
23512,walt-dohrn,Walt Dohrn
23513,walt-geisler,Walt Geisler
23514,walt-whitman,Walt Whitman
23515,walter-ackerman,Walter Ackerman
23516,walter-addison,Walter Addison
23517,walter-anthony,Walter Anthony
23518,walter-aust,Walter Aust
23519,walter-bacon,Walter Bacon
23520,walter-baldwin,Walter Baldwin
23521,walter-barnes,Walter Barnes
23522,walter-becklake,Walter Becklake
23523,walter-bonn,Walter Bonn
23524,walter-brennan,Walter Brennan
23525,walter-brooke,Walter Brooke
23526,walter-burke-2,Walter Burke
23527,walter-carr,Walter Carr
23528,walter-catlett,Walter Catlett
23529,walter-chiari,Walter Chiari
23530,walter-connolly,Walter Connolly
23531,walter-coy,Walter Coy
23532,walter-cronkite,Walter Cronkite
23533,walter-donohue,Walter Donohue
23534,walter-f-parkes,Walter F. Parkes
23535,walter-fasano,Walter Fasano
23536,walter-fitzgerald,Walter Fitzgerald
23537,walter-gotell,Walter Gotell
23538,walter-green,Walter Green
23539,walter-hampden,Walter Hampden
23540,walter-hill,Walter Hill
23541,walter-how,Walter How
23542,walter-hudd,Walter Hudd
23543,walter-huston,Walter Huston
23544,walter-jakob,Walter Jakob
23545,walter-kirn,Walter Kirn
23546,walter-koenig,Walter Koenig
23547,walter-kuehle,Walter Kuehle
23548,walter-ladengast,Walter Ladengast
23549,walter-lassally,Walter Lassally
23550,walter-levine,Walter Levine
23551,walter-long,Walter Long
23552,walter-matthau,Walter Matthau
23553,walter-pidgeon,Walter Pidgeon
23554,walter-rogers,Walter Rogers
23555,walter-salles,Walter Salles
23556,walter-sande,Walter Sande
23557,walter-santesso,Walter Santesso
23558,walter-scott,Walter Scott
23559,walter-stocker,Walter Stocker
23560,walter-stroud,Walter Stroud
23561,walter-szurovy,Walter Szurovy
23562,walter-tevis,Walter Tevis
23563,walton-goggins,Walton Goggins
23564,wamo-reed-robertson,Wamo Reed Robertson
23565,wanda-tuchock,Wanda Tuchock
23566,wang-ning-2,Wang Ning
23567,wang-zhao-2,Wang Zhao
23568,wanja-mues,Wanja Mues
23569,wannakit-sirioput,Wannakit Sirioput
23570,ward-bond,Ward Bond
23571,waris-ahluwalia,Waris Ahluwalia
23572,warren-beatty,Warren Beatty
23573,warren-berlinger,Warren Berlinger
23574,warren-casey,Warren Casey
23575,warren-davis,Warren Davis
23576,warren-ellis,Warren Ellis
23577,warren-finkelstein,Warren Finkelstein
23578,warren-finnerty,Warren Finnerty
23579,warren-j-kemmerling,Warren J. Kemmerling
23580,warren-keith,Warren Keith
23581,warren-lewis,Warren Lewis
23582,warren-murphy,Warren Murphy
23583,warren-oates,Warren Oates
23584,warren-olney,Warren Olney
23585,warren-queeney,Warren Queeney
23586,warren-skaaren,Warren Skaaren
23587,warwick-davis,Warwick Davis
23588,warwick-thornton,Warwick Thornton
23589,washington-irving,Washington Irving
23590,wataru-takagi,Wataru Takagi
23591,waylon-payne,Waylon Payne
23592,wayne-a-evenson,Wayne A. Evenson
23593,wayne-allwine,Wayne Allwine
23594,wayne-canney,Wayne Canney
23595,wayne-duvall,Wayne Duvall
23596,wayne-e-beech-jr,Wayne E. Beech Jr.
23597,wayne-fugate,Wayne Fugate
23598,wayne-grace,Wayne Grace
23599,wayne-jackson,Wayne Jackson
23600,wayne-kneeland,Wayne Kneeland
23601,wayne-knight,Wayne Knight
23602,wayne-mayotte,Wayne Mayotte
23603,wayne-morris,Wayne Morris
23604,wayne-pere,Wayne Pére
23605,wayne-rogers,Wayne Rogers
23606,wayne-shorter,Wayne Shorter
23607,wayne-sleep,Wayne Sleep
23608,wc-fields,W.C. Fields
23609,webb-smith,Webb Smith
23610,wei-fan,Wei Fan
23611,wei-jun-lian,Wei Jun Lian
23612,wei-kong,Wei Kong
23613,wei-lu-4,Wei Lu
23614,wei-ren-lian,Wei Ren Lian
23615,wei-tung,Wei Tung
23616,wei-zhao,Wei Zhao
23617,weina-huang,Weina Huang
23618,weiping-cui,Weiping Cui
23619,weird-al-yankovic,'Weird Al' Yankovic
23620,wel-mayom-jok,Wel Mayom Jok
23621,weli-kleib,Weli Kleïb
23622,welker-white,Welker White
23623,welsh-singers,Welsh Singers
23624,wenbing-tao,Wenbing Tao
23625,wendall-thomas,Wendall Thomas
23626,wende-wagner,Wende Wagner
23627,wendel-meldrum,Wendel Meldrum
23628,wendelin-van-draanen,Wendelin Van Draanen
23629,wendell-corey,Wendell Corey
23630,wendell-mayes,Wendell Mayes
23631,wendell-pierce,Wendell Pierce
23632,wendell-rafferty,Wendell Rafferty
23633,wendie-jo-sperber,Wendie Jo Sperber
23634,wendy-asher-2,Wendy Asher
23635,wendy-bilanski,Wendy Bilanski
23636,wendy-bowers,Wendy Bowers
23637,wendy-brainard,Wendy Brainard
23638,wendy-craig,Wendy Craig
23639,wendy-crewson,Wendy Crewson
23640,wendy-cutler,Wendy Cutler
23641,wendy-hiller,Wendy Hiller
23642,wendy-lardin,Wendy Lardin
23643,wendy-lyon,Wendy Lyon
23644,wendy-mogel,Wendy Mogel
23645,wendy-nottingham,Wendy Nottingham
23646,wendy-olsoff,Wendy Olsoff
23647,wendy-phillips,Wendy Phillips
23648,wendy-whelan,Wendy Whelan
23649,wendy-worthington,Wendy Worthington
23650,wenqian-yuan,Wenqian Yuan
23651,wensheng-wang,Wensheng Wang
23652,werner-daehn,Werner Daehn
23653,werner-herzog,Werner Herzog
23654,werner-heyking,Werner Heyking
23655,wes-anderson,Wes Anderson
23656,wes-bentley,Wes Bentley
23657,wes-chatham,Wes Chatham
23658,wes-craven,Wes Craven
23659,wes-studi,Wes Studi
23660,wesley-bly,Wesley Bly
23661,wesley-dowdell,Wesley Dowdell
23662,wesley-jackson-2,Wesley Jackson
23663,wg-fay,W.G. Fay
23664,wh-harrison,W.H. Harrison
23665,whit-hertford,Whit Hertford
23666,whit-masterson,Whit Masterson
23667,whit-stillman,Whit Stillman
23668,whitey-ryan,Whitey Ryan
23669,whitfield-cook,Whitfield Cook
23670,whitman-chambers,Whitman Chambers
23671,whitney-de-rahm,Whitney De Rahm
23672,whitney-lu,Whitney Lu
23673,whitney-spearing,Whitney Spearing
23674,whitney-vance,Whitney Vance
23675,whoopi-goldberg,Whoopi Goldberg
23676,wiggie-blowne,Wiggie Blowne
23677,wil-johnson,Wil Johnson
23678,wiley-m-pickett,Wiley M. Pickett
23679,wiley-wiggins,Wiley Wiggins
23680,wilford-brimley,Wilford Brimley
23681,wilfred-babbage,Wilfred Babbage
23682,wilfred-jackson,Wilfred Jackson
23683,wilfred-lucas,Wilfred Lucas
23684,wilfred-williams,Wilfred Williams
23685,wilfrid-brambell,Wilfrid Brambell
23686,wilfrid-hyde-white,Wilfrid Hyde-White
23687,wilfried-kiatagan,Wilfried Kiatagan
23688,wilhelm-diegelmann,Wilhelm Diegelmann
23689,wilhelm-grimm,Wilhelm Grimm
23690,wilhelmina-blanchard,Wilhelmina Blanchard
23691,will-angarola,Will Angarola
23692,will-arnett,Will Arnett
23693,will-attenborough,Will Attenborough
23694,will-aubrey,Will Aubrey
23695,will-bowes,Will Bowes
23696,will-brittain,Will Brittain
23697,will-chittenden,Will Chittenden
23698,will-collins-3,Will Collins
23699,will-corry,Will Corry
23700,will-ferrell,Will Ferrell
23701,will-fetters,Will Fetters
23702,will-finn,Will Finn
23703,will-forte,Will Forte
23704,will-hare,Will Hare
23705,will-lyman,Will Lyman
23706,will-morales,Will Morales
23707,will-nye,Will Nye
23708,will-patton,Will Patton
23709,will-pullen,Will Pullen
23710,will-reiser,Will Reiser
23711,will-ryan,Will Ryan
23712,will-sampson,Will Sampson
23713,will-sandin,Will Sandin
23714,will-sharpe-2,Will Sharpe
23715,will-smith,Will Smith
23716,will-smith-2,Will Smith
23717,will-wallace,Will Wallace
23718,will-wright,Will Wright
23719,willam-belli,Willam Belli
23720,willard-brooks,Willard Brooks
23721,willard-e-pugh,Willard E. Pugh
23722,willard-huyck,Willard Huyck
23723,willard-waterman,Willard Waterman
23724,willem-dafoe,Willem Dafoe
23725,willem-dalby,Willem Dalby
23726,willi-one-blood,Willi One Blood
23727,william-a-boardway,William A. Boardway
23728,william-a-wellman,William A. Wellman
23729,william-adams,William Adams
23730,william-alexander-robinson,William Alexander Robinson
23731,william-alland,William Alland
23732,william-alston,William Alston
23733,william-archibald,William Archibald
23734,william-argent,William Argent
23735,william-atherton,William Atherton
23736,william-augustin,William Augustin
23737,william-b-davis,William B. Davis
23738,william-b-lytton,William B. Lytton
23739,william-bailey,William Bailey
23740,william-bakewell,William Bakewell
23741,william-baldwin,William Baldwin
23742,william-bassett,William Bassett
23743,william-beck-2,William Beck
23744,william-begg,William Begg
23745,william-bell-12,William Bell
23746,william-belleau,William Belleau
23747,william-bendix,William Bendix
23748,william-benham,William Benham
23749,william-billy-benedict,William 'Billy' Benedict
23750,william-binney,William Binney
23751,william-blake-herron,William Blake Herron
23752,william-blees,William Blees
23753,william-bogert,William Bogert
23754,william-bowers,William Bowers
23755,william-bramley,William Bramley
23756,william-brown-iii,William Brown III
23757,william-broyles-jr,William Broyles Jr.
23758,william-burress,William Burress
23759,william-bus-riley,William 'Bus' Riley
23760,william-cain,William Cain
23761,william-calley,William Calley
23762,william-carlos-williams,William Carlos Williams
23763,william-challee,William Challee
23764,william-coke,William Coke
23765,william-colby,William Colby
23766,william-cottrell,William Cottrell
23767,william-creamer,William Creamer
23768,william-daniels,William Daniels
23769,william-dannemeyer,William Dannemeyer
23770,william-davies,William Davies
23771,william-demarest,William Demarest
23772,william-devane,William Devane
23773,william-devlin,William Devlin
23774,william-dewhurst,William Dewhurst
23775,william-diehl,William Diehl
23776,william-duell,William Duell
23777,william-dyer,William Dyer
23778,william-edmunds,William Edmunds
23779,william-english,William English
23780,william-faulkner,William Faulkner
23781,william-fichtner,William Fichtner
23782,william-forsythe,William Forsythe
23783,william-foster-davis,William Foster-Davis
23784,william-fox-2,William Fox
23785,william-frawley,William Frawley
23786,william-friedkin,William Friedkin
23787,william-gates,William Gates
23788,william-goldman,William Goldman
23789,william-h-burton-jr,William H. Burton Jr.
23790,william-h-macy,William H. Macy
23791,william-harrigan,William Harrigan
23792,william-hartnell,William Hartnell
23793,william-henry,William Henry
23794,william-hickey,William Hickey
23795,william-holden,William Holden
23796,william-hootkins,William Hootkins
23797,william-hope,William Hope
23798,william-hopper,William Hopper
23799,william-houston,William Houston
23800,william-hurlbut,William Hurlbut
23801,william-hurt,William Hurt
23802,william-jackson-harper,William Jackson Harper
23803,william-johnk-nielsen,William Jøhnk Nielsen
23804,william-johnson,William Johnson
23805,william-katt,William Katt
23806,william-keighley,William Keighley
23807,william-kelley-2,William Kelley
23808,william-lavalley,William LaValley
23809,william-lee-8,William Lee
23810,william-lee-scott,William Lee Scott
23811,william-ludwig,William Ludwig
23812,william-magerman,William Magerman
23813,william-maher-3,William Maher
23814,william-makepeace-thackeray,William Makepeace Thackeray
23815,william-mang,William Mang
23816,william-mapother,William Mapother
23817,william-melling,William Melling
23818,william-monahan-2,William Monahan
23819,william-moseley,William Moseley
23820,william-nack,William Nack
23821,william-nicholson,William Nicholson
23822,william-norris,William Norris
23823,william-oconnell,William O'Connell
23824,william-omalley,William O'Malley
23825,william-paterson,William Paterson
23826,william-peter-blatty,William Peter Blatty
23827,william-petersen,William Petersen
23828,william-phipps,William Phipps
23829,william-powell,William Powell
23830,william-preston-robertson,William Preston Robertson
23831,william-pullen,William Pullen
23832,william-rankin,William Rankin
23833,william-richert,William Richert
23834,william-rihel-iii,William Rihel III
23835,william-roberts-2,William Roberts
23836,william-rose,William Rose
23837,william-ruane,William Ruane
23838,william-russ,William Russ
23839,william-russell,William Russell
23840,william-s-armstrong,William S. Armstrong
23841,william-sackheim,William Sackheim
23842,william-sadler,William Sadler
23843,william-schallert,William Schallert
23844,william-sellers,William Sellers
23845,william-shakespeare,William Shakespeare
23846,william-shatner,William Shatner
23847,william-shimell,William Shimell
23848,william-sickingen,William Sickingen
23849,william-smith-2,William Smith
23850,william-steig,William Steig
23851,william-sterchi,William Sterchi
23852,william-styron,William Styron
23853,william-sylvester,William Sylvester
23854,william-templeton,William Templeton
23855,william-todd-jones,William Todd-Jones
23856,william-tracy,William Tracy
23857,william-tubbs,William Tubbs
23858,william-vail,William Vail
23859,william-vanderpuye,William Vanderpuye
23860,william-vaughan,William Vaughan
23861,william-watson,William Watson
23862,william-wee-willie-davis,William 'Wee Willie' Davis
23863,william-white-4,William White
23864,william-willet,William Willet
23865,william-windom,William Windom
23866,william-wise,William Wise
23867,william-wisher,William Wisher
23868,william-withers,William Withers
23869,william-wyler,William Wyler
23870,william-youmans,William Youmans
23871,william-zabka,William Zabka
23872,william-zappa,William Zappa
23873,william-zeman,William Zeman
23874,willian-montoya,Willian Montoya
23875,willie-6,Willie
23876,willie-bloom,Willie Bloom
23877,willie-garson,Willie Garson
23878,willie-head-jr,Willie Head Jr.
23879,willie-nelson,Willie Nelson
23880,willis-bouchey,Willis Bouchey
23881,willis-conover,Willis Conover
23882,willis-goldbeck,Willis Goldbeck
23883,willoughby-gray,Willoughby Gray
23884,willy-fulton,Willy Fulton
23885,willyam-klikan,Willyam Klikan
23886,wilson-goode,Wilson Goode
23887,wilson-guerrero,Wilson Guerrero
23888,wilson-rabelo,Wilson Rabelo
23889,wilson-yip,Wilson Yip
23890,wiltold-owski,Wiltold Owski
23891,wim-snape,Wim Snape
23892,wim-wenders,Wim Wenders
23893,winai-ruenrerng,Winai Ruenrerng
23894,winai-wiangyangkung,Winai Wiangyangkung
23895,winifred-freedman,Winifred Freedman
23896,winnie-li,Winnie Li
23897,winona-ryder,Winona Ryder
23898,winston-dennis,Winston Dennis
23899,winston-duke,Winston Duke
23900,winston-groom,Winston Groom
23901,winston-hibler,Winston Hibler
23902,winston-rose,Winston Rose
23903,wisam,Wisam
23904,wisdom-ayanou,Wisdom Ayanou
23905,wladyslaw-kowalski,Wladyslaw Kowalski
23906,wladyslaw-szpilman,Wladyslaw Szpilman
23907,wole-soyinka,Wole Soyinka
23908,wolf-blitzer,Wolf Blitzer
23909,wolf-kahler,Wolf Kahler
23910,wolf-mankowitz,Wolf Mankowitz
23911,wolfgang-lukschy,Wolfgang Lukschy
23912,wolfgang-petersen,Wolfgang Petersen
23913,wolfgang-reitherman,Wolfgang Reitherman
23914,wolfgang-staudte,Wolfgang Staudte
23915,wolfgang-widerhofer,Wolfgang Widerhofer
23916,wolfman-jack,Wolfman Jack
23917,won-chan-hong,Won-Chan Hong
23918,wong-he,Wong He
23919,wong-yin-keung,Wong Yin Keung
23920,wong-you-nam,Wong You-nam
23921,wonhyeong-jang,Wonhyeong Jang
23922,woo-go-na,Woo Go-na
23923,woo-jeong-oh,Woo-jeong Oh
23924,woo-jung-won-2,Woo Jung-won
23925,woo-seung-kim,Woo Seung Kim
23926,woo-shin-kang,Woo-Shin Kang
23927,wood-harris,Wood Harris
23928,woodie-king-jr,Woodie King Jr.
23929,woodrow-parfrey,Woodrow Parfrey
23930,woodrow-wilson,Woodrow Wilson
23931,woody-allen,Woody Allen
23932,woody-harrelson,Woody Harrelson
23933,woody-paige,Woody Paige
23934,woody-richman,Woody Richman
23935,woody-strode,Woody Strode
23936,woranard-tantipidok,Woranard Tantipidok
23937,woravit-tanochitsirikul,Woravit Tanochitsirikul
23938,wp-lipscomb,W.P. Lipscomb
23939,wr-brown,W.R. Brown
23940,wr-burnett,W.R. Burnett
23941,wright-king,Wright King
23942,ws-van-dyke,W.S. Van Dyke
23943,wulf-hein,Wulf Hein
23944,wyatt-dean-hall,Wyatt Dean Hall
23945,wyatt-russell,Wyatt Russell
23946,wyatt-shears,Wyatt Shears
23947,wyatt-tee-walker,Wyatt Tee Walker
23948,wylie-watson,Wylie Watson
23949,wyn-cahoon,Wyn Cahoon
23950,wyn-ritchie-evans,Wyn Ritchie Evans
23951,wynn-reichert,Wynn Reichert
23952,x,X
23953,x-mayo,X Mayo
23954,xander-berkeley,Xander Berkeley
23955,xavier-beauvois,Xavier Beauvois
23956,xavier-combe,Xavier Combe
23957,xavier-dolan,Xavier Dolan
23958,xavier-estevez,Xavier Estévez
23959,xavier-legrand,Xavier Legrand
23960,xavier-maly,Xavier Maly
23961,xavier-samuel,Xavier Samuel
23962,xelo-cagiao,Xelo Cagiao
23963,xenia-kalogeropoulou,Xenia Kalogeropoulou
23964,xenia-roset,Xènia Roset
23965,xeth-feinberg,Xeth Feinberg
23966,xi-jinping,Xi Jinping
23967,xi-lin,Xi Lin
23968,xi-qi,Xi Qi
23969,xi-yu-2,Xi Yu
23970,xia-bin,Xia Bin
23971,xiadong-yang,Xiadong Yang
23972,xian-gao,Xian Gao
23973,xiang-li-3,Xiang Li
23974,xiangrong-dong,Xiangrong Dong
23975,xianwen-liu,Xianwen Liu
23976,xiaogang-feng,Xiaogang Feng
23977,xiaoming-huang,Xiaoming Huang
23978,xicotencatl-ulloa,Xicoténcatl Ulloa
23979,ximan-huang,Ximan Huang
23980,xing-yu,Xing Yu
23981,xizhen-liu,Xizhen Liu
23982,xmas-lutu,Xmas Lutu
23983,xolani-mali,Xolani Mali
23984,xosha-roquemore,Xosha Roquemore
23985,xu-changchu,Xu Changchu
23986,xu-dan,Xu Dan
23987,xu-kuang-hua,Xu Kuang Hua
23988,xuan-li,Xuan Li
23989,xuedong-qu,Xuedong Qu
23990,xuxa,Xuxa
23991,ya-arame-mousse-sene,Ya Arame Mousse Sene
23992,yaakov-peri,Yaakov Peri
23993,yacef-saadi,Yacef Saadi
23994,yael-barnatan,Yael Barnatán
23995,yael-eisenberg,Yael Eisenberg
23996,yael-hersonski,Yael Hersonski
23997,yakima-canutt,Yakima Canutt
23998,yakun-zhang,Yakun Zhang
23999,yalitza-aparicio,Yalitza Aparicio
24000,yan-feldman,Yan Feldman
24001,yan-hai,Yan Hai
24002,yan-kay-crystal-lowe,Yan-Kay Crystal Lowe
24003,yan-ming-shi,Yan Ming Shi
24004,yan-qin,Yan Qin
24005,yan-su,Yan Su
24006,yance-ford,Yance Ford
24007,yancey-red-corn,Yancey Red Corn
24008,yang,Yang
24009,yang-lin,Yang Lin
24010,yang-xuejian,Yang Xuejian
24011,yang-zhang-11,Yang Zhang
24012,yang-zhang-2,Yang Zhang
24013,yanina-hope,Yanina Hope
24014,yanis-belhadj,Yanis Belhadj
24015,yanker-diaz,Yanker Díaz
24016,yanmin-bi,Yanmin Bi
24017,yann-le-madic,Yann Le Madic
24018,yann-tregouet,Yann Trégouët
24019,yann-yann-yeo,Yann Yann Yeo
24020,yannick-evely,Yannick Evely
24021,yannik-landrein,Yannik Landrein
24022,yano-anaya,Yano Anaya
24023,yaphet-kotto,Yaphet Kotto
24024,yapto-soerjosoemarno,Yapto Soerjosoemarno
24025,yara-ibrahim,Yara Ibrahim
24026,yareli-arizmendi,Yareli Arizmendi
24027,yaroslav-zhalnin,Yaroslav Zhalnin
24028,yasaman-moheb-ahari,Yasaman Moheb-Ahari
24029,yaseen-abdullah,Yaseen Abdullah
24030,yashpal-sharma,Yashpal Sharma
24031,yasiin-bey,Yasiin Bey
24032,yasmin-paige,Yasmin Paige
24033,yasuhiko-oyama,Yasuhiko Oyama
24034,yasuhiko-takiguchi,Yasuhiko Takiguchi
24035,yasuhiro-kasamatsu,Yasuhiro Kasamatsu
24036,yasuhisa-sonoda,Yasuhisa Sonoda
24037,yasujiro-ozu,Yasujirô Ozu
24038,yasuko-sawaguchi,Yasuko Sawaguchi
24039,yasutaka-tsutsui,Yasutaka Tsutsui
24040,yat-fei-wong,Yat-Fei Wong
24041,yatsuko-tanami,Yatsuko Tan'ami
24042,yawen-wang-2,Yawen Wang
24043,yaya-dacosta,Yaya DaCosta
24044,yayan-ruhian,Yayan Ruhian
24045,yayoi-kazuki,Yayoi Kazuki
24046,ye-liu,Ye Liu
24047,yeardley-smith,Yeardley Smith
24048,yee-jee-tso,Yee Jee Tso
24049,yehezkel-lazarov,Yehezkel Lazarov
24050,yehuda-almagor,Yehuda Almagor
24051,yek-keak-tay,Yek Keak Tay
24052,yekaterina-golubeva,Yekaterina Golubeva
24053,yelena-popovic,Yelena Popovic
24054,yelena-spiridonova,Yelena Spiridonova
24055,yenny-paola-vega,Yenny Paola Vega
24056,yeo-jin-ha,Yeo-jin Ha
24057,yeom-hye-ran,Yeom Hye-ran
24058,yeon-ok-lim,Yeon-ok Lim
24059,yeon-su-yu,Yeon-su Yu
24060,yeong-ae-kim,Yeong-ae Kim
24061,yeong-hie-seo,Yeong-hie Seo
24062,yeong-sil-lee,Yeong-sil Lee
24063,yeri-han,Yeri Han
24064,yetta-gottesman,Yetta Gottesman
24065,yetunde-coker,Yetunde Coker
24066,yevgeni-sitokhin,Yevgeni Sitokhin
24067,yevgeniy-yevtushenko,Yevgeniy Yevtushenko
24068,yi-huang,Yi Huang
24069,yi-zhang-4,Yi Zhang
24070,yiannis-papadopoulos-2,Yiannis Papadopoulos
24071,yibai-zhang,Yibai Zhang
24072,yildirim-gucuk,Yildirim Gücük
24073,yile-yara-vianello,Yile Yara Vianello
24074,yimou-zhang,Yimou Zhang
24075,yin-qing,Yin Qing
24076,yin-tse,Yin Tse
24077,yinan-diao,Yi'nan Diao
24078,ying-hsuan-kao,Ying-Hsuan Kao
24079,ying-liu-2,Ying Liu
24080,yinjung-ding,Yinjung Ding
24081,yisha-shang,Yisha Shang
24082,yisui-zhao,Yisui Zhao
24083,yixin-kong,Yixin Kong
24084,yiyan-jiang,Yiyan Jiang
24085,ylva-pollak,Ylva Pollak
24086,yngve-nordwall,Yngve Nordwall
24087,yo-oizumi,Yô Ôizumi
24088,yo-sep-song,Yo-sep Song
24089,yoanie-belanger,Yoanie Bélanger
24090,yoann-zimmer,Yoann Zimmer
24091,yoav-donat,Yoav Donat
24092,yohan-zimmer,Yohan Zimmer
24093,yohana-cobo,Yohana Cobo
24094,yoji-matsuda,Yôji Matsuda
24095,yoji-tanaka,Yôji Tanaka
24096,yojiro-takita,Yôjirô Takita
24097,yoko-benisawa,Yôko Benisawa
24098,yoko-honna,Yoko Honna
24099,yoko-katsuragi,Yôko Katsuragi
24100,yoko-kosono,Yôko Kosono
24101,yoko-tsukasa,Yôko Tsukasa
24102,yoku-shioya,Yoku Shioya
24103,yolanda-brown,Yolanda Brown
24104,yolanda-ramos-2,Yolanda Ramos
24105,yolanda-vazquez,Yolanda Vazquez
24106,yolande-moreau,Yolande Moreau
24107,yolonda-ross,Yolonda Ross
24108,yonatan-shiray,Yonatan Shiray
24109,yong-joon-jo,Yong-joon Jo
24110,yong-nyeo-lee,Yong-nyeo Lee
24111,yong-wan-goo,Yong-wan Goo
24112,yong-woo-park,Yong-woo Park
24113,yongbo-jiang,Yongbo Jiang
24114,yongxin-wang,Yongxin Wang
24115,yongzhong-chen,Yongzhong Chen
24116,yoo-ah-in,Yoo Ah-in
24117,yoo-ji-tae,Yoo Ji-tae
24118,yoo-jung-kim,Yoo-jung Kim
24119,yoo-yeon-seok,Yoo Yeon-Seok
24120,yoon-byung-hee,Yoon Byung-hee
24121,yoon-ga-yi,Yoon Ga-yi
24122,yoon-mi-lee,Yoon-mi Lee
24123,yoon-seo-choi,Yoon Seo Choi
24124,yoon-young-woo,Yoon Young-woo
24125,yorgo-constantine,Yorgo Constantine
24126,yorgos-lanthimos,Yorgos Lanthimos
24127,yori-bertin,Yori Bertin
24128,yorie-yamashita,Yorie Yamashita
24129,yoriko-doguchi,Yoriko Dôguchi
24130,yoro-diakite,Yoro Diakité
24131,yoshi-ishii,Yoshi Ishii
24132,yoshi-kato,Yoshi Katô
24133,yoshiaki-hanayagi,Yoshiaki Hanayagi
24134,yoshiaki-umegaki,Yoshiaki Umegaki
24135,yoshie-yamamoto,Yoshie Yamamoto
24136,yoshifumi-kondo,Yoshifumi Kondô
24137,yoshifumi-tajima,Yoshifumi Tajima
24138,yoshihei-saga,Yoshihei Saga
24139,yoshihiro-furubayashi,Yoshihiro Furubayashi
24140,yoshihisa-ogita,Yoshihisa Ogita
24141,yoshikata-yoda,Yoshikata Yoda
24142,yoshikazu-takeuchi,Yoshikazu Takeuchi
24143,yoshiko-asai,Yoshiko Asai
24144,yoshiko-kamei,Yoshiko Kamei
24145,yoshiko-kuga,Yoshiko Kuga
24146,yoshiko-miyazaki,Yoshiko Miyazaki
24147,yoshiko-sakakibara,Yoshiko Sakakibara
24148,yoshiko-shinohara,Yoshiko Shinohara
24149,yoshiko-takehara,Yoshiko Takehara
24150,yoshiko-tsubouchi,Yoshiko Tsubouchi
24151,yoshimasa-kondo,Yoshimasa Kondô
24152,yoshimi-nakajima-2,Yoshimi Nakajima
24153,yoshino-kimura,Yoshino Kimura
24154,yoshio-harada,Yoshio Harada
24155,yoshio-inaba,Yoshio Inaba
24156,yoshio-kosugi,Yoshio Kosugi
24157,yoshio-matsuoka,Yoshio Matsuoka
24158,yoshio-tsuchiya,Yoshio Tsuchiya
24159,yoshiro-aoki,Yoshirô Aoki
24160,yoshitaka-zushi,Yoshitaka Zushi
24161,yoshito-yasuhara,Yoshito Yasuhara
24162,yoshiyuki-morishita,Yoshiyuki Morishita
24163,yoshiyuki-takei,Yoshiyuki Takei
24164,yosuke-akimoto,Yôsuke Akimoto
24165,yosuke-natsuki,Yôsuke Natsuki
24166,yota-argyropoulou,Yota Argyropoulou
24167,you,You
24168,you-seop-lee,You-seop Lee
24169,you-zhou,You Zhou
24170,youn-yuh-jung,Youn Yuh-jung
24171,young-hee-lee,Young-hee Lee
24172,young-hwa-seo,Young-hwa Seo
24173,young-mok-yun,Young-mok Yun
24174,young-sik-ko,Young-sik Ko
24175,yousef-soleymani,Yousef Soleymani
24176,youssef-anvari-varjavi,Youssef Anvari Varjavi
24177,youssef-hamid,Youssef Hamid
24178,yu-fujiki,Yû Fujiki
24179,yu-hang-to,Yu-Hang To
24180,yu-shimaka,Yû Shimaka
24181,yu-zhang-12,Yu Zhang
24182,yuanyuan-gao,Yuanyuan Gao
24183,yuchang-peng,Yuchang Peng
24184,yue-guo,Yue Guo
24185,yueneng-duan,Yueneng Duan
24186,yuhao-wu,Yuhao Wu
24187,yui-natsukawa,Yui Natsukawa
24188,yuichi-kimura,Yûichi Kimura
24189,yuji-okumoto,Yuji Okumoto
24190,yuji-ueda,Yûji Ueda
24191,yukari-tachibana,Yukari Tachibana
24192,yuki-amami,Yûki Amami
24193,yuki-kazamatsuri,Yuki Kazamatsuri
24194,yuki-matsuzaki,Yuki Matsuzaki
24195,yuki-minowa,Yuki Minowa
24196,yuki-yamada,Yûki Yamada
24197,yukijiro-hotaru,Yukijirô Hotaru
24198,yukiko-okamoto,Yukiko Okamoto
24199,yukiko-shimazaki,Yukiko Shimazaki
24200,yuko-kobayashi,Yûko Kobayashi
24201,yuko-maruyama,Yûko Maruyama
24202,yuko-miyamoto,Yûko Miyamoto
24203,yuko-miyamura,Yûko Miyamura
24204,yuko-mizutani,Yûko Mizutani
24205,yuko-tanaka,Yûko Tanaka
24206,yuko-tsuga,Yûko Tsuga
24207,yuksel-aksu,Yüksel Aksu
24208,yul-vazquez,Yul Vazquez
24209,yulian-semyonov,Yulian Semyonov
24210,yum-jung-ah,Yum Jung-ah
24211,yumeji-tsukioka,Yumeji Tsukioka
24212,yumi-tamai,Yumi Tamai
24213,yumi-toma,Yumi Tôma
24214,yumiko-shaku,Yumiko Shaku
24215,yun-hee-cho,Yun-hee Cho
24216,yun-huang-2,Yun Huang
24217,yun-jeong-hie,Yun Jeong-hie
24218,yung-feng-lee,Yung-Feng Lee
24219,yunhee-cho,Yunhee Cho
24220,yunosuke-ito,Yûnosuke Itô
24221,yunxiang-gao,Yunxiang Gao
24222,yuri-tabata,Yuri Tabata
24223,yuria-nara,Yuria Nara
24224,yuriko-fuchizaki,Yuriko Fuchizaki
24225,yuriko-ishida,Yuriko Ishida
24226,yuriko-yamaguchi,Yuriko Yamaguchi
24227,yuriy-ashikhmin,Yuriy Ashikhmin
24228,yuriy-borisov,Yuriy Borisov
24229,yuriy-tsurilo,Yuriy Tsurilo
24230,yusaku-yara,Yûsaku Yara
24231,yusef-bulos,Yusef Bulos
24232,yusef-komunyakaa,Yusef Komunyakaa
24233,yusuke-iseya,Yûsuke Iseya
24234,yutaka-nakano,Yutaka Nakano
24235,yutaka-sada,Yutaka Sada
24236,yuuko-tone,Yuuko Tone
24237,yuval-abraham,Yuval Abraham
24238,yuval-diskin,Yuval Diskin
24239,yuya-yagira,Yûya Yagira
24240,yuzo-kayama,Yûzô Kayama
24241,yuzuki-akiyama,Yuzuki Akiyama
24242,yuzuru-fujimoto,Yuzuru Fujimoto
24243,yvain-juillard,Yvain Juillard
24244,yvan-attal,Yvan Attal
24245,yvan-chiffre,Yvan Chiffre
24246,yvanne-evangelista,Yvanne Evangelista
24247,yves-afonso,Yves Afonso
24248,yves-arcanel,Yves Arcanel
24249,yves-bical,Yves Bical
24250,yves-brainville,Yves Brainville
24251,yves-guerin,Yves Guérin
24252,yves-heck,Yves Heck
24253,yves-jouant,Yves Jouant
24254,yves-montand,Yves Montand
24255,yves-robert,Yves Robert
24256,yvette-boakye,Yvette Boakye
24257,yvette-cason,Yvette Cason
24258,yvette-ducreux,Yvette Ducreux
24259,yvette-etievant,Yvette Etiévant
24260,yvette-mercedes,Yvette Mercedes
24261,yvette-nicole-brown,Yvette Nicole Brown
24262,yvette-parsons,Yvette Parsons
24263,yvonne-casadei,Yvonne Casadei
24264,yvonne-furneaux,Yvonne Furneaux
24265,yvonne-ocampo,Yvonne Ocampo
24266,yvonne-sanson,Yvonne Sanson
24267,yvonne-shima,Yvonne Shima
24268,yvonne-tomlinson,Yvonne Tomlinson
24269,zach-braff,Zach Braff
24270,zach-cherry,Zach Cherry
24271,zach-galifianakis,Zach Galifianakis
24272,zach-grenier,Zach Grenier
24273,zach-hopkins,Zach Hopkins
24274,zach-primo,Zach Primo
24275,zach-woods-2,Zach Woods
24276,zacharias-kunuk,Zacharias Kunuk
24277,zachary-arthur-2,Zachary Arthur
24278,zachary-charles,Zachary Charles
24279,zachary-la-voy,Zachary La Voy
24280,zachary-levi,Zachary Levi
24281,zachary-quinto,Zachary Quinto
24282,zachary-sayle,Zachary Sayle
24283,zachary-scott,Zachary Scott
24284,zachary-timmis,Zachary Timmis
24285,zachary-van-zandt,Zachary Van Zandt
24286,zack-eginton,Zack Eginton
24287,zack-mulligan,Zack Mulligan
24288,zack-phifer,Zack Phifer
24289,zack-stentz,Zack Stentz
24290,zack-ward,Zack Ward
24291,zackery-rago,Zackery Rago
24292,zahalea-anderson,Zahalea Anderson
24293,zahava-solomon,Zahava Solomon
24294,zahn-mcclarnon,Zahn McClarnon
24295,zahra-mehrwarz,Zahra Mehrwarz
24296,zain,Zain
24297,zak-penn,Zak Penn
24298,zale-kessler,Zale Kessler
24299,zalman-king,Zalman King
24300,zamir-mesiti,Zamir Mesiti
24301,zane-cassidy,Zane Cassidy
24302,zaodi-wang,Zaodi Wang
24303,zarela-lizbeth-chinolla-arellano,Zarela Lizbeth Chinolla Arellano
24304,zarina-wahab,Zarina Wahab
24305,zarna-garg,Zarna Garg
24306,zarrin-darnell-martin,Zarrin Darnell-Martin
24307,zasu-pitts,Zasu Pitts
24308,zayne-emory,Zayne Emory
24309,zbigniew-zamachowski,Zbigniew Zamachowski
24310,zdenek-mahler,Zdenek Mahler
24311,zdzislaw-sowinski,Zdzislaw Sowinski
24312,zeev-revach,Ze'ev Revach
24313,zeffie-tilbury,Zeffie Tilbury
24314,zeid-hamdan,Zeid Hamdan
24315,zeishan-quadri,Zeishan Quadri
24316,zelda-rubinstein,Zelda Rubinstein
24317,zeljko-ivanek,Zeljko Ivanek
24318,zen-gesner,Zen Gesner
24319,zen-joshua-poisson,Zen Joshua Poisson
24320,zen-murase,Zen Murase
24321,zena-marshall,Zena Marshall
24322,zenichi-inagawa,Zenichi Inagawa
24323,zenobia-shroff,Zenobia Shroff
24324,zephan-hanson-amissah,Zephan Hanson Amissah
24325,zeppo-marx,Zeppo Marx
24326,zero-mostel,Zero Mostel
24327,zethphan-d-smith-gneist,Zethphan D. Smith-Gneist
24328,zeus-2,Zeus
24329,zezhi-long,Zezhi Long
24330,zhai-xiaohui,Zhai Xiaohui
24331,zhangke-jia,Zhangke Jia
24332,zhao-yong,Zhao Yong
24333,zhappas-zhailaubaev,Zhappas Zhailaubaev
24334,zhaxidawa,Zhaxidawa
24335,zheng-xu,Zheng Xu
24336,zhenghui-ling,Zhenghui Ling
24337,zhengyong-zhang,Zhengyong Zhang
24338,zhengzhong-zhou,Zhengzhong Zhou
24339,zhenhua-zhao,Zhenhua Zhao
24340,zhenxi-du,Zhenxi Du
24341,zhi-fang-xu,Zhi Fang Xu
24342,zhi-ying-zhu,Zhi-Ying Zhu
24343,zhihao-wang,Zhihao Wang
24344,zhihui-chen,Zhihui Chen
24345,zhijian-zhang,Zhijian Zhang
24346,zhilong-lei,Zhilong Lei
24347,zhimei-wang,Zhimei Wang
24348,zhiming-huang,Zhiming Huang
24349,zhong-zhou,Zhong Zhou
24350,zhonglan-luo,Zhonglan Luo
24351,zhongyuan-liu,Zhongyuan Liu
24352,zhou,Zhou
24353,zhou-lan,Zhou Lan
24354,zhubin-li,Zhubin Li
24355,zhuohua-yang,Zhuohua Yang
24356,zi-xi,Zi Xi
24357,zia-mohyeddin,Zia Mohyeddin
24358,ziggy-marley,Ziggy Marley
24359,zijian-dong,Zijian Dong
24360,zikra-oualet-moussa,Zikra Oualet Moussa
24361,zilia-rodriguez,Zilia Rodriguez
24362,zita-kraszko,Zita Kraszkó
24363,zita-moldovan,Zita Moldovan
24364,ziyi-wang,Ziyi Wang
24365,ziyi-zhang,Ziyi Zhang
24366,zlata,Zlata
24367,zoe-akins,Zoe Akins
24368,zoe-baier,Zoë Baier
24369,zoe-burton,Zoe Burton
24370,zoe-caldwell,Zoe Caldwell
24371,zoe-dotson,Zoë Dotson
24372,zoe-engerer,Zoe Engerer
24373,zoe-galeron,Zoé Galeron
24374,zoe-graham,Zoe Graham
24375,zoe-heller,Zoë Heller
24376,zoe-himmel,Zoe Himmel
24377,zoe-kazan,Zoe Kazan
24378,zoe-kravitz,Zoë Kravitz
24379,zoe-leader,Zoe Leader
24380,zoe-nathenson,Zoë Nathenson
24381,zoe-rose-short,Zoe Rose Short
24382,zoe-saldana,Zoe Saldana
24383,zoe-vnak,Zoë Vnak
24384,zoey-deutch,Zoey Deutch
24385,zohar-strauss,Zohar Strauss
24386,zoltan-bukovszki,Zoltán Bukovszki
24387,zoltan-mucsi,Zoltán Mucsi
24388,zoltan-toth-4,Zoltán Tóth
24389,zooey-deschanel,Zooey Deschanel
24390,zora-casebere,Zora Casebere
24391,zoraide-coleto,Zoraide Coleto
24392,zosia-mamet,Zosia Mamet
24393,zsa-zsa-gabor,Zsa Zsa Gabor
24394,zsolt-der,Zsolt Dér
24395,zuadd-atala,Zuadd Atala
24396,zura-kipshidze,Zura Kipshidze
24397,zuzanna-kobiela,Zuzanna Kobiela
